  0
SECTION
  2
HEADER
  9
$ACADVER
  1
AC1032
  9
$ACADMAINTVER
 90
4
  9
$DWGCODEPAGE
  3
ANSI_1252
  9
$LASTSAVEDBY
  1
ezdxf
  9
$REQUIREDVERSIONS
160
0
  9
$INSBASE
 10
0.0
 20
0.0
 30
0.0
  9
$EXTMIN
 10
1e+20
 20
1e+20
 30
1e+20
  9
$EXTMAX
 10
-1e+20
 20
-1e+20
 30
-1e+20
  9
$LIMMIN
 10
0.0
 20
0.0
  9
$LIMMAX
 10
420.0
 20
297.0
  9
$ORTHOMODE
 70
0
  9
$REGENMODE
 70
1
  9
$FILLMODE
 70
1
  9
$QTEXTMODE
 70
0
  9
$MIRRTEXT
 70
1
  9
$LTSCALE
 40
1.0
  9
$ATTMODE
 70
1
  9
$TEXTSIZE
 40
2.5
  9
$TRACEWID
 40
1.0
  9
$TEXTSTYLE
  7
Standard
  9
$CLAYER
  8
0
  9
$CELTYPE
  6
ByLayer
  9
$CECOLOR
 62
256
  9
$CELTSCALE
 40
1.0
  9
$DISPSILH
 70
0
  9
$DIMSCALE
 40
1.0
  9
$DIMASZ
 40
2.5
  9
$DIMEXO
 40
0.625
  9
$DIMDLI
 40
3.75
  9
$DIMRND
 40
0.0
  9
$DIMDLE
 40
0.0
  9
$DIMEXE
 40
1.25
  9
$DIMTP
 40
0.0
  9
$DIMTM
 40
0.0
  9
$DIMTXT
 40
2.5
  9
$DIMCEN
 40
2.5
  9
$DIMTSZ
 40
0.0
  9
$DIMTOL
 70
0
  9
$DIMLIM
 70
0
  9
$DIMTIH
 70
0
  9
$DIMTOH
 70
0
  9
$DIMSE1
 70
0
  9
$DIMSE2
 70
0
  9
$DIMTAD
 70
1
  9
$DIMZIN
 70
8
  9
$DIMBLK
  1

  9
$DIMASO
 70
1
  9
$DIMSHO
 70
1
  9
$DIMPOST
  1

  9
$DIMAPOST
  1

  9
$DIMALT
 70
0
  9
$DIMALTD
 70
3
  9
$DIMALTF
 40
0.03937007874
  9
$DIMLFAC
 40
1.0
  9
$DIMTOFL
 70
1
  9
$DIMTVP
 40
0.0
  9
$DIMTIX
 70
0
  9
$DIMSOXD
 70
0
  9
$DIMSAH
 70
0
  9
$DIMBLK1
  1

  9
$DIMBLK2
  1

  9
$DIMSTYLE
  2
ISO-25
  9
$DIMCLRD
 70
0
  9
$DIMCLRE
 70
0
  9
$DIMCLRT
 70
0
  9
$DIMTFAC
 40
1.0
  9
$DIMGAP
 40
0.625
  9
$DIMJUST
 70
0
  9
$DIMSD1
 70
0
  9
$DIMSD2
 70
0
  9
$DIMTOLJ
 70
0
  9
$DIMTZIN
 70
8
  9
$DIMALTZ
 70
0
  9
$DIMALTTZ
 70
0
  9
$DIMUPT
 70
0
  9
$DIMDEC
 70
2
  9
$DIMTDEC
 70
2
  9
$DIMALTU
 70
2
  9
$DIMALTTD
 70
3
  9
$DIMTXSTY
  7
Standard
  9
$DIMAUNIT
 70
0
  9
$DIMADEC
 70
0
  9
$DIMALTRND
 40
0.0
  9
$DIMAZIN
 70
0
  9
$DIMDSEP
 70
44
  9
$DIMATFIT
 70
3
  9
$DIMFRAC
 70
0
  9
$DIMLDRBLK
  1

  9
$DIMLUNIT
 70
2
  9
$DIMLWD
 70
-2
  9
$DIMLWE
 70
-2
  9
$DIMTMOVE
 70
0
  9
$DIMFXL
 40
1.0
  9
$DIMFXLON
 70
0
  9
$DIMJOGANG
 40
0.785398163397
  9
$DIMTFILL
 70
0
  9
$DIMTFILLCLR
 70
0
  9
$DIMARCSYM
 70
0
  9
$DIMLTYPE
  6

  9
$DIMLTEX1
  6

  9
$DIMLTEX2
  6

  9
$DIMTXTDIRECTION
 70
0
  9
$LUNITS
 70
2
  9
$LUPREC
 70
4
  9
$SKETCHINC
 40
1.0
  9
$FILLETRAD
 40
10.0
  9
$AUNITS
 70
0
  9
$AUPREC
 70
2
  9
$MENU
  1
.
  9
$ELEVATION
 40
0.0
  9
$PELEVATION
 40
0.0
  9
$THICKNESS
 40
0.0
  9
$LIMCHECK
 70
0
  9
$CHAMFERA
 40
0.0
  9
$CHAMFERB
 40
0.0
  9
$CHAMFERC
 40
0.0
  9
$CHAMFERD
 40
0.0
  9
$SKPOLY
 70
0
  9
$TDCREATE
 40
2461311.6186458333
  9
$TDUCREATE
 40
2458532.153996898
  9
$TDUPDATE
 40
2461311.6186458333
  9
$TDUUPDATE
 40
2458532.1544311
  9
$TDINDWG
 40
0.0
  9
$TDUSRTIMER
 40
0.0
  9
$USRTIMER
 70
1
  9
$ANGBASE
 50
0.0
  9
$ANGDIR
 70
0
  9
$PDMODE
 70
0
  9
$PDSIZE
 40
0.0
  9
$PLINEWID
 40
0.0
  9
$SPLFRAME
 70
0
  9
$SPLINETYPE
 70
6
  9
$SPLINESEGS
 70
8
  9
$HANDSEED
  5
2C9
  9
$SURFTAB1
 70
6
  9
$SURFTAB2
 70
6
  9
$SURFTYPE
 70
6
  9
$SURFU
 70
6
  9
$SURFV
 70
6
  9
$UCSBASE
  2

  9
$UCSNAME
  2

  9
$UCSORG
 10
0.0
 20
0.0
 30
0.0
  9
$UCSXDIR
 10
1.0
 20
0.0
 30
0.0
  9
$UCSYDIR
 10
0.0
 20
1.0
 30
0.0
  9
$UCSORTHOREF
  2

  9
$UCSORTHOVIEW
 70
0
  9
$UCSORGTOP
 10
0.0
 20
0.0
 30
0.0
  9
$UCSORGBOTTOM
 10
0.0
 20
0.0
 30
0.0
  9
$UCSORGLEFT
 10
0.0
 20
0.0
 30
0.0
  9
$UCSORGRIGHT
 10
0.0
 20
0.0
 30
0.0
  9
$UCSORGFRONT
 10
0.0
 20
0.0
 30
0.0
  9
$UCSORGBACK
 10
0.0
 20
0.0
 30
0.0
  9
$PUCSBASE
  2

  9
$PUCSNAME
  2

  9
$PUCSORG
 10
0.0
 20
0.0
 30
0.0
  9
$PUCSXDIR
 10
1.0
 20
0.0
 30
0.0
  9
$PUCSYDIR
 10
0.0
 20
1.0
 30
0.0
  9
$PUCSORTHOREF
  2

  9
$PUCSORTHOVIEW
 70
0
  9
$PUCSORGTOP
 10
0.0
 20
0.0
 30
0.0
  9
$PUCSORGBOTTOM
 10
0.0
 20
0.0
 30
0.0
  9
$PUCSORGLEFT
 10
0.0
 20
0.0
 30
0.0
  9
$PUCSORGRIGHT
 10
0.0
 20
0.0
 30
0.0
  9
$PUCSORGFRONT
 10
0.0
 20
0.0
 30
0.0
  9
$PUCSORGBACK
 10
0.0
 20
0.0
 30
0.0
  9
$USERI1
 70
0
  9
$USERI2
 70
0
  9
$USERI3
 70
0
  9
$USERI4
 70
0
  9
$USERI5
 70
0
  9
$USERR1
 40
0.0
  9
$USERR2
 40
0.0
  9
$USERR3
 40
0.0
  9
$USERR4
 40
0.0
  9
$USERR5
 40
0.0
  9
$WORLDVIEW
 70
1
  9
$SHADEDGE
 70
3
  9
$SHADEDIF
 70
70
  9
$TILEMODE
 70
1
  9
$MAXACTVP
 70
64
  9
$PINSBASE
 10
0.0
 20
0.0
 30
0.0
  9
$PLIMCHECK
 70
0
  9
$PEXTMIN
 10
1e+20
 20
1e+20
 30
1e+20
  9
$PEXTMAX
 10
-1e+20
 20
-1e+20
 30
-1e+20
  9
$PLIMMIN
 10
0.0
 20
0.0
  9
$PLIMMAX
 10
420.0
 20
297.0
  9
$UNITMODE
 70
0
  9
$VISRETAIN
 70
1
  9
$PLINEGEN
 70
0
  9
$PSLTSCALE
 70
1
  9
$TREEDEPTH
 70
3020
  9
$CMLSTYLE
  2
Standard
  9
$CMLJUST
 70
0
  9
$CMLSCALE
 40
20.0
  9
$PROXYGRAPHICS
 70
1
  9
$MEASUREMENT
 70
1
  9
$CELWEIGHT
370
-1
  9
$ENDCAPS
280
0
  9
$JOINSTYLE
280
0
  9
$LWDISPLAY
290
0
  9
$INSUNITS
 70
4
  9
$HYPERLINKBASE
  1

  9
$STYLESHEET
  1

  9
$XEDIT
290
1
  9
$CEPSNTYPE
380
0
  9
$PSTYLEMODE
290
1
  9
$FINGERPRINTGUID
  2
{0479650F-47B7-455F-B59C-06C9AB612371}
  9
$VERSIONGUID
  2
{25E9EDB2-45F7-4F67-ACCC-14573F3DF232}
  9
$EXTNAMES
290
1
  9
$PSVPSCALE
 40
0.0
  9
$OLESTARTUP
290
0
  9
$SORTENTS
280
127
  9
$INDEXCTL
280
0
  9
$HIDETEXT
280
1
  9
$XCLIPFRAME
280
1
  9
$HALOGAP
280
0
  9
$OBSCOLOR
 70
257
  9
$OBSLTYPE
280
0
  9
$INTERSECTIONDISPLAY
280
0
  9
$INTERSECTIONCOLOR
 70
257
  9
$DIMASSOC
280
2
  9
$PROJECTNAME
  1

  9
$CAMERADISPLAY
290
0
  9
$LENSLENGTH
 40
50.0
  9
$CAMERAHEIGHT
 40
0.0
  9
$STEPSPERSEC
 40
24.0
  9
$STEPSIZE
 40
100.0
  9
$3DDWFPREC
 40
2.0
  9
$PSOLWIDTH
 40
0.005
  9
$PSOLHEIGHT
 40
0.08
  9
$LOFTANG1
 40
1.570796326795
  9
$LOFTANG2
 40
1.570796326795
  9
$LOFTMAG1
 40
0.0
  9
$LOFTMAG2
 40
0.0
  9
$LOFTPARAM
 70
7
  9
$LOFTNORMALS
280
1
  9
$LATITUDE
 40
37.795
  9
$LONGITUDE
 40
-122.394
  9
$NORTHDIRECTION
 40
0.0
  9
$TIMEZONE
 70
-8000
  9
$LIGHTGLYPHDISPLAY
280
1
  9
$TILEMODELIGHTSYNCH
280
1
  9
$CMATERIAL
347
20
  9
$SOLIDHIST
280
0
  9
$SHOWHIST
280
1
  9
$DWFFRAME
280
2
  9
$DGNFRAME
280
2
  9
$REALWORLDSCALE
290
1
  9
$INTERFERECOLOR
 62
256
  9
$CSHADOW
280
0
  9
$SHADOWPLANELOCATION
 40
0.0
  0
ENDSEC
  0
SECTION
  2
CLASSES
  0
CLASS
  1
ACDBDICTIONARYWDFLT
  2
AcDbDictionaryWithDefault
  3
ObjectDBX Classes
 90
0
 91
0
280
0
281
0
  0
CLASS
  1
SUN
  2
AcDbSun
  3
SCENEOE
 90
1153
 91
0
280
0
281
0
  0
CLASS
  1
VISUALSTYLE
  2
AcDbVisualStyle
  3
ObjectDBX Classes
 90
4095
 91
0
280
0
281
0
  0
CLASS
  1
MATERIAL
  2
AcDbMaterial
  3
ObjectDBX Classes
 90
1153
 91
0
280
0
281
0
  0
CLASS
  1
SCALE
  2
AcDbScale
  3
ObjectDBX Classes
 90
1153
 91
0
280
0
281
0
  0
CLASS
  1
TABLESTYLE
  2
AcDbTableStyle
  3
ObjectDBX Classes
 90
4095
 91
0
280
0
281
0
  0
CLASS
  1
MLEADERSTYLE
  2
AcDbMLeaderStyle
  3
ACDB_MLEADERSTYLE_CLASS
 90
4095
 91
0
280
0
281
0
  0
CLASS
  1
DICTIONARYVAR
  2
AcDbDictionaryVar
  3
ObjectDBX Classes
 90
0
 91
0
280
0
281
0
  0
CLASS
  1
CELLSTYLEMAP
  2
AcDbCellStyleMap
  3
ObjectDBX Classes
 90
1152
 91
0
280
0
281
0
  0
CLASS
  1
MENTALRAYRENDERSETTINGS
  2
AcDbMentalRayRenderSettings
  3
SCENEOE
 90
1024
 91
0
280
0
281
0
  0
CLASS
  1
ACDBDETAILVIEWSTYLE
  2
AcDbDetailViewStyle
  3
ObjectDBX Classes
 90
1025
 91
0
280
0
281
0
  0
CLASS
  1
ACDBSECTIONVIEWSTYLE
  2
AcDbSectionViewStyle
  3
ObjectDBX Classes
 90
1025
 91
0
280
0
281
0
  0
CLASS
  1
RASTERVARIABLES
  2
AcDbRasterVariables
  3
ISM
 90
0
 91
0
280
0
281
0
  0
CLASS
  1
ACDBPLACEHOLDER
  2
AcDbPlaceHolder
  3
ObjectDBX Classes
 90
0
 91
0
280
0
281
0
  0
CLASS
  1
LAYOUT
  2
AcDbLayout
  3
ObjectDBX Classes
 90
0
 91
0
280
0
281
0
  0
ENDSEC
  0
SECTION
  2
TABLES
  0
TABLE
  2
VPORT
  5
8
330
0
100
AcDbSymbolTable
 70
1
  0
VPORT
  5
23
330
8
100
AcDbSymbolTableRecord
100
AcDbViewportTableRecord
  2
*Active
 70
0
 10
0.0
 20
0.0
 11
1.0
 21
1.0
 12
0.0
 22
0.0
 13
0.0
 23
0.0
 14
0.5
 24
0.5
 15
0.5
 25
0.5
 16
0.0
 26
0.0
 36
1.0
 17
0.0
 27
0.0
 37
0.0
 40
1000.0
 41
1.34
 42
50.0
 43
0.0
 44
0.0
 50
0.0
 51
0.0
 71
0
 72
1000
 73
1
 74
3
 75
0
 76
0
 77
0
 78
0
281
0
 65
0
146
0.0
  0
ENDTAB
  0
TABLE
  2
LTYPE
  5
2
330
0
100
AcDbSymbolTable
 70
3
  0
LTYPE
  5
24
330
2
100
AcDbSymbolTableRecord
100
AcDbLinetypeTableRecord
  2
ByBlock
 70
0
  3

 72
65
 73
0
 40
0.0
  0
LTYPE
  5
25
330
2
100
AcDbSymbolTableRecord
100
AcDbLinetypeTableRecord
  2
ByLayer
 70
0
  3

 72
65
 73
0
 40
0.0
  0
LTYPE
  5
26
330
2
100
AcDbSymbolTableRecord
100
AcDbLinetypeTableRecord
  2
Continuous
 70
0
  3

 72
65
 73
0
 40
0.0
  0
ENDTAB
  0
TABLE
  2
LAYER
  5
1
330
0
100
AcDbSymbolTable
 70
7
  0
LAYER
  5
27
330
1
100
AcDbSymbolTableRecord
100
AcDbLayerTableRecord
  2
0
 70
0
 62
7
  6
Continuous
370
-3
390
13
347
21
  0
LAYER
  5
28
330
1
100
AcDbSymbolTableRecord
100
AcDbLayerTableRecord
  2
Defpoints
 70
0
 62
7
  6
Continuous
290
0
370
-3
390
13
347
21
  0
LAYER
  5
2F
330
1
100
AcDbSymbolTableRecord
100
AcDbLayerTableRecord
  2
XY
 70
0
 62
7
  6
Continuous
370
-3
390
13
347
21
  0
LAYER
  5
30
330
1
100
AcDbSymbolTableRecord
100
AcDbLayerTableRecord
  2
XZ
 70
0
 62
7
  6
Continuous
370
-3
390
13
347
21
  0
LAYER
  5
31
330
1
100
AcDbSymbolTableRecord
100
AcDbLayerTableRecord
  2
YZ
 70
0
 62
7
  6
Continuous
370
-3
390
13
347
21
  0
LAYER
  5
32
330
1
100
AcDbSymbolTableRecord
100
AcDbLayerTableRecord
  2
DIMENSIONS
 70
0
 62
7
  6
Continuous
370
-3
390
13
347
21
  0
LAYER
  5
33
330
1
100
AcDbSymbolTableRecord
100
AcDbLayerTableRecord
  2
NOTES
 70
0
 62
7
  6
Continuous
370
-3
390
13
347
21
  0
ENDTAB
  0
TABLE
  2
STYLE
  5
5
330
0
100
AcDbSymbolTable
 70
1
  0
STYLE
  5
29
330
5
100
AcDbSymbolTableRecord
100
AcDbTextStyleTableRecord
  2
Standard
 70
0
 40
0.0
 41
1.0
 50
0.0
 71
0
 42
2.5
  3
txt
  4

  0
ENDTAB
  0
TABLE
  2
VIEW
  5
7
330
0
100
AcDbSymbolTable
 70
0
  0
ENDTAB
  0
TABLE
  2
UCS
  5
6
330
0
100
AcDbSymbolTable
 70
0
  0
ENDTAB
  0
TABLE
  2
APPID
  5
3
330
0
100
AcDbSymbolTable
 70
3
  0
APPID
  5
2A
330
3
100
AcDbSymbolTableRecord
100
AcDbRegAppTableRecord
  2
ACAD
 70
0
  0
APPID
  5
2C6
330
3
100
AcDbSymbolTableRecord
100
AcDbRegAppTableRecord
  2
HATCHBACKGROUNDCOLOR
 70
0
  0
APPID
  5
2C7
330
3
100
AcDbSymbolTableRecord
100
AcDbRegAppTableRecord
  2
EZDXF
 70
0
  0
ENDTAB
  0
TABLE
  2
DIMSTYLE
  5
4
330
0
100
AcDbSymbolTable
 70
1
100
AcDbDimStyleTable
  0
DIMSTYLE
105
2B
330
4
100
AcDbSymbolTableRecord
100
AcDbDimStyleTableRecord
  2
Standard
 70
0
 40
1.0
 41
2.5
 42
0.625
 43
3.75
 44
1.25
 45
0.0
 46
0.0
 47
0.0
 48
0.0
 49
2.5
140
2.5
141
2.5
142
0.0
143
0.03937007874
144
1.0
145
0.0
146
1.0
147
0.625
148
0.0
 69
0
 70
0
 71
0
 72
0
 73
0
 74
0
 75
0
 76
0
 77
1
 78
8
 79
3
170
0
171
3
172
1
173
0
174
0
175
0
176
0
177
0
178
0
179
2
271
2
272
2
273
2
274
3
275
0
276
0
277
2
278
44
279
0
280
0
281
0
282
0
283
0
284
8
285
0
286
0
288
0
289
3
290
0
371
-2
372
-2
  0
ENDTAB
  0
TABLE
  2
BLOCK_RECORD
  5
9
330
0
100
AcDbSymbolTable
 70
9
  0
BLOCK_RECORD
  5
17
330
9
100
AcDbSymbolTableRecord
100
AcDbBlockTableRecord
  2
*Model_Space
340
1A
 70
0
280
1
281
0
  0
BLOCK_RECORD
  5
1B
330
9
100
AcDbSymbolTableRecord
100
AcDbBlockTableRecord
  2
*Paper_Space
340
1E
 70
0
280
1
281
0
  0
BLOCK_RECORD
  5
E9
330
9
100
AcDbSymbolTableRecord
100
AcDbBlockTableRecord
  2
*D1
340
0
 70
0
280
1
281
0
  0
BLOCK_RECORD
  5
EE
330
9
100
AcDbSymbolTableRecord
100
AcDbBlockTableRecord
  2
_CLOSEDFILLED
340
0
 70
0
280
1
281
0
  0
BLOCK_RECORD
  5
FD
330
9
100
AcDbSymbolTableRecord
100
AcDbBlockTableRecord
  2
*D2
340
0
 70
0
280
1
281
0
  0
BLOCK_RECORD
  5
1C3
330
9
100
AcDbSymbolTableRecord
100
AcDbBlockTableRecord
  2
*D3
340
0
 70
0
280
1
281
0
  0
BLOCK_RECORD
  5
1D3
330
9
100
AcDbSymbolTableRecord
100
AcDbBlockTableRecord
  2
*D4
340
0
 70
0
280
1
281
0
  0
BLOCK_RECORD
  5
2A5
330
9
100
AcDbSymbolTableRecord
100
AcDbBlockTableRecord
  2
*D5
340
0
 70
0
280
1
281
0
  0
BLOCK_RECORD
  5
2B5
330
9
100
AcDbSymbolTableRecord
100
AcDbBlockTableRecord
  2
*D6
340
0
 70
0
280
1
281
0
  0
ENDTAB
  0
ENDSEC
  0
SECTION
  2
BLOCKS
  0
BLOCK
  5
18
330
17
100
AcDbEntity
  8
0
100
AcDbBlockBegin
  2
*Model_Space
 70
0
 10
0.0
 20
0.0
 30
0.0
  3
*Model_Space
  1

  0
ENDBLK
  5
19
330
17
100
AcDbEntity
  8
0
100
AcDbBlockEnd
  0
BLOCK
  5
1C
330
1B
100
AcDbEntity
  8
0
100
AcDbBlockBegin
  2
*Paper_Space
 70
0
 10
0.0
 20
0.0
 30
0.0
  3
*Paper_Space
  1

  0
ENDBLK
  5
1D
330
1B
100
AcDbEntity
  8
0
100
AcDbBlockEnd
  0
BLOCK
  5
EA
330
E9
100
AcDbEntity
  8
0
100
AcDbBlockBegin
  2
*D1
 70
1
 10
0.0
 20
0.0
 30
0.0
  3
*D1
  1

  0
LINE
  5
EC
330
E9
100
AcDbEntity
  8
0
100
AcDbLine
 10
0.0
 20
0.0
 30
0.0
 11
0.0
 21
-24.0
 31
0.0
  0
LINE
  5
ED
330
E9
100
AcDbEntity
  8
0
100
AcDbLine
 10
1060.0
 20
0.0
 30
0.0
 11
1060.0
 21
-24.0
 31
0.0
  0
INSERT
  5
F2
330
E9
100
AcDbEntity
  8
DIMENSIONS
100
AcDbBlockReference
  2
_CLOSEDFILLED
 10
0.0
 20
-24.0
 30
0.0
 41
3.0
 42
3.0
 50
180.0
  0
INSERT
  5
F4
330
E9
100
AcDbEntity
  8
DIMENSIONS
100
AcDbBlockReference
  2
_CLOSEDFILLED
 10
1060.0
 20
-24.0
 30
0.0
 41
3.0
 42
3.0
  0
LINE
  5
F6
330
E9
100
AcDbEntity
  8
0
100
AcDbLine
 10
3.0
 20
-24.0
 30
0.0
 11
524.0
 21
-24.0
 31
0.0
  0
LINE
  5
F7
330
E9
100
AcDbEntity
  8
0
100
AcDbLine
 10
536.0
 20
-24.0
 30
0.0
 11
1057.0
 21
-24.0
 31
0.0
  0
MTEXT
  5
F8
330
E9
100
AcDbEntity
  8
DIMENSIONS
100
AcDbMText
 10
530.0
 20
-24.0
 30
0.0
 40
3.0
 71
5
  1
1060
  0
POINT
  5
F9
330
E9
100
AcDbEntity
  8
Defpoints
100
AcDbPoint
 10
0.0
 20
-24.0
 30
0.0
  0
POINT
  5
FA
330
E9
100
AcDbEntity
  8
Defpoints
100
AcDbPoint
 10
0.0
 20
0.0
 30
0.0
  0
POINT
  5
FB
330
E9
100
AcDbEntity
  8
Defpoints
100
AcDbPoint
 10
1060.0
 20
0.0
 30
0.0
  0
ENDBLK
  5
EB
330
E9
100
AcDbEntity
  8
0
100
AcDbBlockEnd
  0
BLOCK
  5
EF
330
EE
100
AcDbEntity
  8
0
100
AcDbBlockBegin
  2
_CLOSEDFILLED
 70
0
 10
0.0
 20
0.0
 30
0.0
  3
_CLOSEDFILLED
  1

  0
SOLID
  5
F1
330
EE
100
AcDbEntity
  8
0
  6
BYBLOCK
 62
0
100
AcDbTrace
 10
-1.0
 20
0.16439898372402537
 30
0.0
 11
0.0
 21
0.0
 31
0.0
 12
-1.0
 22
-0.16439898372402537
 32
0.0
 13
-1.0
 23
-0.16439898372402537
 33
0.0
  0
ENDBLK
  5
F0
330
EE
100
AcDbEntity
  8
0
100
AcDbBlockEnd
  0
BLOCK
  5
FE
330
FD
100
AcDbEntity
  8
0
100
AcDbBlockBegin
  2
*D2
 70
1
 10
0.0
 20
0.0
 30
0.0
  3
*D2
  1

  0
LINE
  5
100
330
FD
100
AcDbEntity
  8
0
100
AcDbLine
 10
0.0
 20
0.0
 30
0.0
 11
-24.0
 21
0.0
 31
0.0
  0
LINE
  5
101
330
FD
100
AcDbEntity
  8
0
100
AcDbLine
 10
0.0
 20
1280.0
 30
0.0
 11
-24.0
 21
1280.0
 31
0.0
  0
INSERT
  5
102
330
FD
100
AcDbEntity
  8
DIMENSIONS
100
AcDbBlockReference
  2
_CLOSEDFILLED
 10
-24.0
 20
0.0
 30
0.0
 41
3.0
 42
3.0
 50
270.0
  0
INSERT
  5
104
330
FD
100
AcDbEntity
  8
DIMENSIONS
100
AcDbBlockReference
  2
_CLOSEDFILLED
 10
-24.0
 20
1280.0
 30
0.0
 41
3.0
 42
3.0
 50
90.0
  0
LINE
  5
106
330
FD
100
AcDbEntity
  8
0
100
AcDbLine
 10
-24.0
 20
3.0
 30
0.0
 11
-24.0
 21
634.0
 31
0.0
  0
LINE
  5
107
330
FD
100
AcDbEntity
  8
0
100
AcDbLine
 10
-24.0
 20
646.0
 30
0.0
 11
-24.0
 21
1277.0
 31
0.0
  0
MTEXT
  5
108
330
FD
100
AcDbEntity
  8
DIMENSIONS
100
AcDbMText
 10
-24.0
 20
640.0
 30
0.0
 40
3.0
 71
5
  1
1280
 50
90.0
  0
POINT
  5
109
330
FD
100
AcDbEntity
  8
Defpoints
100
AcDbPoint
 10
-24.0
 20
0.0
 30
0.0
  0
POINT
  5
10A
330
FD
100
AcDbEntity
  8
Defpoints
100
AcDbPoint
 10
0.0
 20
0.0
 30
0.0
  0
POINT
  5
10B
330
FD
100
AcDbEntity
  8
Defpoints
100
AcDbPoint
 10
0.0
 20
1280.0
 30
0.0
  0
ENDBLK
  5
FF
330
FD
100
AcDbEntity
  8
0
100
AcDbBlockEnd
  0
BLOCK
  5
1C4
330
1C3
100
AcDbEntity
  8
0
100
AcDbBlockBegin
  2
*D3
 70
1
 10
0.0
 20
0.0
 30
0.0
  3
*D3
  1

  0
LINE
  5
1C6
330
1C3
100
AcDbEntity
  8
0
100
AcDbLine
 10
0.0
 20
-483.5364257175713
 30
0.0
 11
0.0
 21
-507.5364257175713
 31
0.0
  0
LINE
  5
1C7
330
1C3
100
AcDbEntity
  8
0
100
AcDbLine
 10
1060.0
 20
-483.5364257175713
 30
0.0
 11
1060.0
 21
-507.5364257175713
 31
0.0
  0
INSERT
  5
1C8
330
1C3
100
AcDbEntity
  8
DIMENSIONS
100
AcDbBlockReference
  2
_CLOSEDFILLED
 10
0.0
 20
-507.5364257175713
 30
0.0
 41
3.0
 42
3.0
 50
180.0
  0
INSERT
  5
1CA
330
1C3
100
AcDbEntity
  8
DIMENSIONS
100
AcDbBlockReference
  2
_CLOSEDFILLED
 10
1060.0
 20
-507.5364257175713
 30
0.0
 41
3.0
 42
3.0
  0
LINE
  5
1CC
330
1C3
100
AcDbEntity
  8
0
100
AcDbLine
 10
3.0
 20
-507.5364257175713
 30
0.0
 11
524.0
 21
-507.5364257175713
 31
0.0
  0
LINE
  5
1CD
330
1C3
100
AcDbEntity
  8
0
100
AcDbLine
 10
536.0
 20
-507.5364257175713
 30
0.0
 11
1057.0
 21
-507.5364257175713
 31
0.0
  0
MTEXT
  5
1CE
330
1C3
100
AcDbEntity
  8
DIMENSIONS
100
AcDbMText
 10
530.0
 20
-507.5364257175713
 30
0.0
 40
3.0
 71
5
  1
1060
  0
POINT
  5
1CF
330
1C3
100
AcDbEntity
  8
Defpoints
100
AcDbPoint
 10
0.0
 20
-507.5364257175713
 30
0.0
  0
POINT
  5
1D0
330
1C3
100
AcDbEntity
  8
Defpoints
100
AcDbPoint
 10
0.0
 20
-483.5364257175713
 30
0.0
  0
POINT
  5
1D1
330
1C3
100
AcDbEntity
  8
Defpoints
100
AcDbPoint
 10
1060.0
 20
-483.5364257175713
 30
0.0
  0
ENDBLK
  5
1C5
330
1C3
100
AcDbEntity
  8
0
100
AcDbBlockEnd
  0
BLOCK
  5
1D4
330
1D3
100
AcDbEntity
  8
0
100
AcDbBlockBegin
  2
*D4
 70
1
 10
0.0
 20
0.0
 30
0.0
  3
*D4
  1

  0
LINE
  5
1D6
330
1D3
100
AcDbEntity
  8
0
100
AcDbLine
 10
0.0
 20
-483.5364257175713
 30
0.0
 11
-24.0
 21
-483.5364257175713
 31
0.0
  0
LINE
  5
1D7
330
1D3
100
AcDbEntity
  8
0
100
AcDbLine
 10
0.0
 20
-100.0
 30
0.0
 11
-24.0
 21
-100.0
 31
0.0
  0
INSERT
  5
1D8
330
1D3
100
AcDbEntity
  8
DIMENSIONS
100
AcDbBlockReference
  2
_CLOSEDFILLED
 10
-24.0
 20
-483.5364257175713
 30
0.0
 41
3.0
 42
3.0
 50
270.0
  0
INSERT
  5
1DA
330
1D3
100
AcDbEntity
  8
DIMENSIONS
100
AcDbBlockReference
  2
_CLOSEDFILLED
 10
-24.0
 20
-100.0
 30
0.0
 41
3.0
 42
3.0
 50
90.0
  0
LINE
  5
1DC
330
1D3
100
AcDbEntity
  8
0
100
AcDbLine
 10
-24.0
 20
-480.5364257175713
 30
0.0
 11
-24.0
 21
-302.26821285878566
 31
0.0
  0
LINE
  5
1DD
330
1D3
100
AcDbEntity
  8
0
100
AcDbLine
 10
-24.0
 20
-281.26821285878566
 30
0.0
 11
-24.0
 21
-103.0
 31
0.0
  0
MTEXT
  5
1DE
330
1D3
100
AcDbEntity
  8
DIMENSIONS
100
AcDbMText
 10
-24.0
 20
-291.76821285878566
 30
0.0
 40
3.0
 71
5
  1
383,536
 50
90.0
  0
POINT
  5
1DF
330
1D3
100
AcDbEntity
  8
Defpoints
100
AcDbPoint
 10
-24.0
 20
-483.5364257175713
 30
0.0
  0
POINT
  5
1E0
330
1D3
100
AcDbEntity
  8
Defpoints
100
AcDbPoint
 10
0.0
 20
-483.5364257175713
 30
0.0
  0
POINT
  5
1E1
330
1D3
100
AcDbEntity
  8
Defpoints
100
AcDbPoint
 10
0.0
 20
-100.0
 30
0.0
  0
ENDBLK
  5
1D5
330
1D3
100
AcDbEntity
  8
0
100
AcDbBlockEnd
  0
BLOCK
  5
2A6
330
2A5
100
AcDbEntity
  8
0
100
AcDbBlockBegin
  2
*D5
 70
1
 10
0.0
 20
0.0
 30
0.0
  3
*D5
  1

  0
LINE
  5
2A8
330
2A5
100
AcDbEntity
  8
0
100
AcDbLine
 10
1160.0
 20
0.0
 30
0.0
 11
1160.0
 21
-24.0
 31
0.0
  0
LINE
  5
2A9
330
2A5
100
AcDbEntity
  8
0
100
AcDbLine
 10
2440.0
 20
0.0
 30
0.0
 11
2440.0
 21
-24.0
 31
0.0
  0
INSERT
  5
2AA
330
2A5
100
AcDbEntity
  8
DIMENSIONS
100
AcDbBlockReference
  2
_CLOSEDFILLED
 10
1160.0
 20
-24.0
 30
0.0
 41
3.0
 42
3.0
 50
180.0
  0
INSERT
  5
2AC
330
2A5
100
AcDbEntity
  8
DIMENSIONS
100
AcDbBlockReference
  2
_CLOSEDFILLED
 10
2440.0
 20
-24.0
 30
0.0
 41
3.0
 42
3.0
  0
LINE
  5
2AE
330
2A5
100
AcDbEntity
  8
0
100
AcDbLine
 10
1163.0
 20
-24.0
 30
0.0
 11
1794.0
 21
-24.0
 31
0.0
  0
LINE
  5
2AF
330
2A5
100
AcDbEntity
  8
0
100
AcDbLine
 10
1806.0
 20
-24.0
 30
0.0
 11
2437.0
 21
-24.0
 31
0.0
  0
MTEXT
  5
2B0
330
2A5
100
AcDbEntity
  8
DIMENSIONS
100
AcDbMText
 10
1800.0
 20
-24.0
 30
0.0
 40
3.0
 71
5
  1
1280
  0
POINT
  5
2B1
330
2A5
100
AcDbEntity
  8
Defpoints
100
AcDbPoint
 10
1160.0
 20
-24.0
 30
0.0
  0
POINT
  5
2B2
330
2A5
100
AcDbEntity
  8
Defpoints
100
AcDbPoint
 10
1160.0
 20
0.0
 30
0.0
  0
POINT
  5
2B3
330
2A5
100
AcDbEntity
  8
Defpoints
100
AcDbPoint
 10
2440.0
 20
0.0
 30
0.0
  0
ENDBLK
  5
2A7
330
2A5
100
AcDbEntity
  8
0
100
AcDbBlockEnd
  0
BLOCK
  5
2B6
330
2B5
100
AcDbEntity
  8
0
100
AcDbBlockBegin
  2
*D6
 70
1
 10
0.0
 20
0.0
 30
0.0
  3
*D6
  1

  0
LINE
  5
2B8
330
2B5
100
AcDbEntity
  8
0
100
AcDbLine
 10
1160.0
 20
0.0
 30
0.0
 11
1136.0
 21
0.0
 31
0.0
  0
LINE
  5
2B9
330
2B5
100
AcDbEntity
  8
0
100
AcDbLine
 10
1160.0
 20
383.5364257175713
 30
0.0
 11
1136.0
 21
383.5364257175713
 31
0.0
  0
INSERT
  5
2BA
330
2B5
100
AcDbEntity
  8
DIMENSIONS
100
AcDbBlockReference
  2
_CLOSEDFILLED
 10
1136.0
 20
0.0
 30
0.0
 41
3.0
 42
3.0
 50
270.0
  0
INSERT
  5
2BC
330
2B5
100
AcDbEntity
  8
DIMENSIONS
100
AcDbBlockReference
  2
_CLOSEDFILLED
 10
1136.0
 20
383.5364257175713
 30
0.0
 41
3.0
 42
3.0
 50
90.0
  0
LINE
  5
2BE
330
2B5
100
AcDbEntity
  8
0
100
AcDbLine
 10
1136.0
 20
3.0
 30
0.0
 11
1136.0
 21
181.26821285878566
 31
0.0
  0
LINE
  5
2BF
330
2B5
100
AcDbEntity
  8
0
100
AcDbLine
 10
1136.0
 20
202.26821285878566
 30
0.0
 11
1136.0
 21
380.5364257175713
 31
0.0
  0
MTEXT
  5
2C0
330
2B5
100
AcDbEntity
  8
DIMENSIONS
100
AcDbMText
 10
1136.0
 20
191.76821285878566
 30
0.0
 40
3.0
 71
5
  1
383,536
 50
90.0
  0
POINT
  5
2C1
330
2B5
100
AcDbEntity
  8
Defpoints
100
AcDbPoint
 10
1136.0
 20
0.0
 30
0.0
  0
POINT
  5
2C2
330
2B5
100
AcDbEntity
  8
Defpoints
100
AcDbPoint
 10
1160.0
 20
0.0
 30
0.0
  0
POINT
  5
2C3
330
2B5
100
AcDbEntity
  8
Defpoints
100
AcDbPoint
 10
1160.0
 20
383.5364257175713
 30
0.0
  0
ENDBLK
  5
2B7
330
2B5
100
AcDbEntity
  8
0
100
AcDbBlockEnd
  0
ENDSEC
  0
SECTION
  2
ENTITIES
  0
LWPOLYLINE
  5
34
330
17
100
AcDbEntity
  8
XY
100
AcDbPolyline
 90
2
 70
0
 10
170.0
 20
170.0
 10
170.0
 20
1110.0
  0
LWPOLYLINE
  5
35
330
17
100
AcDbEntity
  8
XY
100
AcDbPolyline
 90
2
 70
0
 10
170.0
 20
170.0
 10
170.0
 20
1110.0
  0
LWPOLYLINE
  5
36
330
17
100
AcDbEntity
  8
XY
100
AcDbPolyline
 90
2
 70
0
 10
170.0
 20
170.0
 10
890.0
 20
170.0
  0
LWPOLYLINE
  5
37
330
17
100
AcDbEntity
  8
XY
100
AcDbPolyline
 90
2
 70
0
 10
170.0
 20
170.0
 10
890.0
 20
170.0
  0
LWPOLYLINE
  5
38
330
17
100
AcDbEntity
  8
XY
100
AcDbPolyline
 90
2
 70
0
 10
170.0
 20
1110.0
 10
890.0
 20
1110.0
  0
LWPOLYLINE
  5
39
330
17
100
AcDbEntity
  8
XY
100
AcDbPolyline
 90
2
 70
0
 10
890.0
 20
170.0
 10
890.0
 20
1110.0
  0
LWPOLYLINE
  5
3A
330
17
100
AcDbEntity
  8
XY
100
AcDbPolyline
 90
16
 70
0
 10
765.0
 20
402.5
 10
764.5677272882131
 20
404.533683215379
 10
763.3456530317943
 20
406.215724127387
 10
761.5450849718748
 20
407.25528258147574
 10
759.4773576836617
 20
407.4726094768414
 10
757.5
 20
406.8301270189222
 10
755.9549150281252
 20
405.43892626146237
 10
755.109261996331
 20
403.5395584540888
 10
755.109261996331
 20
401.4604415459112
 10
755.9549150281252
 20
399.56107373853763
 10
757.5
 20
398.1698729810778
 10
759.4773576836617
 20
397.5273905231586
 10
761.5450849718748
 20
397.74471741852426
 10
763.3456530317943
 20
398.784275872613
 10
764.5677272882131
 20
400.466316784621
 10
765.0
 20
402.5
  0
LWPOLYLINE
  5
3B
330
17
100
AcDbEntity
  8
XY
100
AcDbPolyline
 90
50
 70
0
 10
561.0
 20
640.0
 10
560.7454904285206
 20
643.9641920122197
 10
559.9861407542099
 20
647.8632921011947
 10
558.7344194777266
 20
651.6332771512606
 10
557.0108798278251
 20
655.2122441121221
 10
554.8438222779066
 20
658.5414264452277
 10
552.2688298530295
 20
661.5661590687081
 10
549.3281838576207
 20
664.236775956509
 10
546.0701696176263
 20
666.5094256531657
 10
542.5482836367942
 20
668.3467913134901
 10
538.820355185562
 20
669.7187034441365
 10
534.9475967460347
 20
670.602635285848
 10
530.9935989047214
 20
670.9840727022213
 10
527.0232861968618
 20
670.8567525014251
 10
523.1018510473542
 20
670.2227652776365
 10
519.2936833129395
 20
669.0925210835426
 10
515.6613130025341
 20
667.484578497563
 10
512.2643835362128
 20
665.4253398925057
 10
509.1586724018992
 20
662.9486179093348
 10
506.39517529055684
 20
660.0950802545415
 10
504.01926874835294
 20
656.911581937527
 10
502.069965095025
 20
653.4503959126444
 10
500.5792718426693
 20
649.7683547587322
 10
499.57166613327695
 20
645.9259174897426
 10
499.0636928247396
 20
641.9861768194021
 10
499.0636928247396
 20
638.0138231805979
 10
499.57166613327695
 20
634.0740825102574
 10
500.57927184266924
 20
630.2316452412678
 10
502.069965095025
 20
626.5496040873558
 10
504.01926874835294
 20
623.088418062473
 10
506.39517529055684
 20
619.9049197454585
 10
509.1586724018992
 20
617.0513820906652
 10
512.2643835362127
 20
614.5746601074944
 10
515.661313002534
 20
612.515421502437
 10
519.2936833129395
 20
610.9074789164574
 10
523.1018510473542
 20
609.7772347223635
 10
527.0232861968618
 20
609.1432474985749
 10
530.9935989047214
 20
609.0159272977787
 10
534.9475967460347
 20
609.397364714152
 10
538.820355185562
 20
610.2812965558635
 10
542.5482836367942
 20
611.6532086865099
 10
546.0701696176263
 20
613.4905743468343
 10
549.3281838576207
 20
615.763224043491
 10
552.2688298530295
 20
618.4338409312919
 10
554.8438222779066
 20
621.4585735547723
 10
557.0108798278251
 20
624.7877558878779
 10
558.7344194777266
 20
628.3667228487394
 10
559.9861407542099
 20
632.1367078988053
 10
560.7454904285206
 20
636.0358079877803
 10
561.0
 20
640.0
  0
LWPOLYLINE
  5
3C
330
17
100
AcDbEntity
  8
XY
100
AcDbPolyline
 90
16
 70
0
 10
765.0
 20
877.5
 10
764.5677272882131
 20
879.533683215379
 10
763.3456530317943
 20
881.2157241273869
 10
761.5450849718748
 20
882.2552825814757
 10
759.4773576836617
 20
882.4726094768414
 10
757.5
 20
881.8301270189222
 10
755.9549150281252
 20
880.4389262614624
 10
755.109261996331
 20
878.5395584540888
 10
755.109261996331
 20
876.4604415459112
 10
755.9549150281252
 20
874.5610737385376
 10
757.5
 20
873.1698729810778
 10
759.4773576836617
 20
872.5273905231586
 10
761.5450849718748
 20
872.7447174185243
 10
763.3456530317943
 20
873.7842758726131
 10
764.5677272882131
 20
875.466316784621
 10
765.0
 20
877.5
  0
LWPOLYLINE
  5
3D
330
17
100
AcDbEntity
  8
XY
100
AcDbPolyline
 90
2
 70
0
 10
170.0
 20
1110.0
 10
890.0
 20
1110.0
  0
LWPOLYLINE
  5
3E
330
17
100
AcDbEntity
  8
XY
100
AcDbPolyline
 90
2
 70
0
 10
890.0
 20
170.0
 10
890.0
 20
1110.0
  0
LWPOLYLINE
  5
3F
330
17
100
AcDbEntity
  8
XY
100
AcDbPolyline
 90
16
 70
0
 10
765.0
 20
402.5
 10
764.5677272882131
 20
404.533683215379
 10
763.3456530317943
 20
406.215724127387
 10
761.5450849718748
 20
407.25528258147574
 10
759.4773576836617
 20
407.4726094768414
 10
757.5
 20
406.8301270189222
 10
755.9549150281252
 20
405.43892626146237
 10
755.109261996331
 20
403.5395584540888
 10
755.109261996331
 20
401.4604415459112
 10
755.9549150281252
 20
399.56107373853763
 10
757.5
 20
398.1698729810778
 10
759.4773576836617
 20
397.5273905231586
 10
761.5450849718748
 20
397.74471741852426
 10
763.3456530317943
 20
398.784275872613
 10
764.5677272882131
 20
400.466316784621
 10
765.0
 20
402.5
  0
LWPOLYLINE
  5
40
330
17
100
AcDbEntity
  8
XY
100
AcDbPolyline
 90
50
 70
0
 10
561.0
 20
640.0
 10
560.7454904285206
 20
643.9641920122197
 10
559.9861407542099
 20
647.8632921011947
 10
558.7344194777266
 20
651.6332771512606
 10
557.0108798278251
 20
655.2122441121221
 10
554.8438222779066
 20
658.5414264452277
 10
552.2688298530295
 20
661.5661590687081
 10
549.3281838576207
 20
664.236775956509
 10
546.0701696176263
 20
666.5094256531657
 10
542.5482836367942
 20
668.3467913134901
 10
538.820355185562
 20
669.7187034441365
 10
534.9475967460347
 20
670.602635285848
 10
530.9935989047214
 20
670.9840727022213
 10
527.0232861968618
 20
670.8567525014251
 10
523.1018510473542
 20
670.2227652776365
 10
519.2936833129395
 20
669.0925210835426
 10
515.6613130025341
 20
667.484578497563
 10
512.2643835362128
 20
665.4253398925057
 10
509.1586724018992
 20
662.9486179093348
 10
506.39517529055684
 20
660.0950802545415
 10
504.01926874835294
 20
656.911581937527
 10
502.069965095025
 20
653.4503959126444
 10
500.5792718426693
 20
649.7683547587322
 10
499.57166613327695
 20
645.9259174897426
 10
499.0636928247396
 20
641.9861768194021
 10
499.0636928247396
 20
638.0138231805979
 10
499.57166613327695
 20
634.0740825102574
 10
500.57927184266924
 20
630.2316452412678
 10
502.069965095025
 20
626.5496040873558
 10
504.01926874835294
 20
623.088418062473
 10
506.39517529055684
 20
619.9049197454585
 10
509.1586724018992
 20
617.0513820906652
 10
512.2643835362127
 20
614.5746601074944
 10
515.661313002534
 20
612.515421502437
 10
519.2936833129395
 20
610.9074789164574
 10
523.1018510473542
 20
609.7772347223635
 10
527.0232861968618
 20
609.1432474985749
 10
530.9935989047214
 20
609.0159272977787
 10
534.9475967460347
 20
609.397364714152
 10
538.820355185562
 20
610.2812965558635
 10
542.5482836367942
 20
611.6532086865099
 10
546.0701696176263
 20
613.4905743468343
 10
549.3281838576207
 20
615.763224043491
 10
552.2688298530295
 20
618.4338409312919
 10
554.8438222779066
 20
621.4585735547723
 10
557.0108798278251
 20
624.7877558878779
 10
558.7344194777266
 20
628.3667228487394
 10
559.9861407542099
 20
632.1367078988053
 10
560.7454904285206
 20
636.0358079877803
 10
561.0
 20
640.0
  0
LWPOLYLINE
  5
41
330
17
100
AcDbEntity
  8
XY
100
AcDbPolyline
 90
16
 70
0
 10
765.0
 20
877.5
 10
764.5677272882131
 20
879.533683215379
 10
763.3456530317943
 20
881.2157241273869
 10
761.5450849718748
 20
882.2552825814757
 10
759.4773576836617
 20
882.4726094768414
 10
757.5
 20
881.8301270189222
 10
755.9549150281252
 20
880.4389262614624
 10
755.109261996331
 20
878.5395584540888
 10
755.109261996331
 20
876.4604415459112
 10
755.9549150281252
 20
874.5610737385376
 10
757.5
 20
873.1698729810778
 10
759.4773576836617
 20
872.5273905231586
 10
761.5450849718748
 20
872.7447174185243
 10
763.3456530317943
 20
873.7842758726131
 10
764.5677272882131
 20
875.466316784621
 10
765.0
 20
877.5
  0
LWPOLYLINE
  5
42
330
17
100
AcDbEntity
  8
XY
100
AcDbPolyline
 90
2
 70
0
 10
180.0
 20
180.0
 10
180.0
 20
1100.0
  0
LWPOLYLINE
  5
43
330
17
100
AcDbEntity
  8
XY
100
AcDbPolyline
 90
2
 70
0
 10
180.0
 20
180.0
 10
180.0
 20
1100.0
  0
LWPOLYLINE
  5
44
330
17
100
AcDbEntity
  8
XY
100
AcDbPolyline
 90
2
 70
0
 10
180.0
 20
180.0
 10
880.0
 20
180.0
  0
LWPOLYLINE
  5
45
330
17
100
AcDbEntity
  8
XY
100
AcDbPolyline
 90
2
 70
0
 10
180.0
 20
180.0
 10
880.0
 20
180.0
  0
LWPOLYLINE
  5
46
330
17
100
AcDbEntity
  8
XY
100
AcDbPolyline
 90
2
 70
0
 10
180.0
 20
1100.0
 10
880.0
 20
1100.0
  0
LWPOLYLINE
  5
47
330
17
100
AcDbEntity
  8
XY
100
AcDbPolyline
 90
2
 70
0
 10
880.0
 20
180.0
 10
880.0
 20
1100.0
  0
LWPOLYLINE
  5
48
330
17
100
AcDbEntity
  8
XY
100
AcDbPolyline
 90
2
 70
0
 10
182.0
 20
182.0
 10
182.0
 20
1098.0
  0
LWPOLYLINE
  5
49
330
17
100
AcDbEntity
  8
XY
100
AcDbPolyline
 90
2
 70
0
 10
182.0
 20
182.0
 10
878.0
 20
182.0
  0
LWPOLYLINE
  5
4A
330
17
100
AcDbEntity
  8
XY
100
AcDbPolyline
 90
2
 70
0
 10
878.0
 20
182.0
 10
878.0
 20
1098.0
  0
LWPOLYLINE
  5
4B
330
17
100
AcDbEntity
  8
XY
100
AcDbPolyline
 90
2
 70
0
 10
182.0
 20
1098.0
 10
878.0
 20
1098.0
  0
LWPOLYLINE
  5
4C
330
17
100
AcDbEntity
  8
XY
100
AcDbPolyline
 90
2
 70
0
 10
180.0
 20
1100.0
 10
880.0
 20
1100.0
  0
LWPOLYLINE
  5
4D
330
17
100
AcDbEntity
  8
XY
100
AcDbPolyline
 90
2
 70
0
 10
880.0
 20
180.0
 10
880.0
 20
1100.0
  0
LWPOLYLINE
  5
4E
330
17
100
AcDbEntity
  8
XY
100
AcDbPolyline
 90
2
 70
0
 10
182.0
 20
182.0
 10
182.0
 20
1098.0
  0
LWPOLYLINE
  5
4F
330
17
100
AcDbEntity
  8
XY
100
AcDbPolyline
 90
2
 70
0
 10
182.0
 20
182.0
 10
878.0
 20
182.0
  0
LWPOLYLINE
  5
50
330
17
100
AcDbEntity
  8
XY
100
AcDbPolyline
 90
2
 70
0
 10
878.0
 20
182.0
 10
878.0
 20
1098.0
  0
LWPOLYLINE
  5
51
330
17
100
AcDbEntity
  8
XY
100
AcDbPolyline
 90
2
 70
0
 10
182.0
 20
1098.0
 10
878.0
 20
1098.0
  0
LWPOLYLINE
  5
52
330
17
100
AcDbEntity
  8
XY
100
AcDbPolyline
 90
2
 70
0
 10
196.81360721321875
 20
190.0
 10
195.0696953696156
 20
190.0
  0
LWPOLYLINE
  5
53
330
17
100
AcDbEntity
  8
XY
100
AcDbPolyline
 90
2
 70
0
 10
195.0696953696156
 20
190.0
 10
195.0696953696156
 20
615.0
  0
LWPOLYLINE
  5
54
330
17
100
AcDbEntity
  8
XY
100
AcDbPolyline
 90
2
 70
0
 10
196.81360721321875
 20
615.0
 10
195.0696953696156
 20
615.0
  0
LWPOLYLINE
  5
55
330
17
100
AcDbEntity
  8
XY
100
AcDbPolyline
 90
2
 70
0
 10
196.81360721321875
 20
190.0
 10
196.81360721321875
 20
615.0
  0
LWPOLYLINE
  5
56
330
17
100
AcDbEntity
  8
XY
100
AcDbPolyline
 90
2
 70
0
 10
863.1863927867812
 20
190.0
 10
861.4424809431781
 20
190.0
  0
LWPOLYLINE
  5
57
330
17
100
AcDbEntity
  8
XY
100
AcDbPolyline
 90
2
 70
0
 10
861.4424809431781
 20
190.0
 10
861.4424809431781
 20
615.0
  0
LWPOLYLINE
  5
58
330
17
100
AcDbEntity
  8
XY
100
AcDbPolyline
 90
2
 70
0
 10
863.1863927867812
 20
615.0
 10
861.4424809431781
 20
615.0
  0
LWPOLYLINE
  5
59
330
17
100
AcDbEntity
  8
XY
100
AcDbPolyline
 90
2
 70
0
 10
863.1863927867812
 20
190.0
 10
863.1863927867812
 20
615.0
  0
LWPOLYLINE
  5
5A
330
17
100
AcDbEntity
  8
XY
100
AcDbPolyline
 90
2
 70
0
 10
196.81360721321875
 20
190.0
 10
863.1863927867814
 20
190.0
  0
LWPOLYLINE
  5
5B
330
17
100
AcDbEntity
  8
XY
100
AcDbPolyline
 90
2
 70
0
 10
195.0696953696156
 20
190.0
 10
861.4424809431782
 20
190.0
  0
LWPOLYLINE
  5
5C
330
17
100
AcDbEntity
  8
XY
100
AcDbPolyline
 90
2
 70
0
 10
196.81360721321875
 20
615.0
 10
863.1863927867814
 20
615.0
  0
LWPOLYLINE
  5
5D
330
17
100
AcDbEntity
  8
XY
100
AcDbPolyline
 90
2
 70
0
 10
195.0696953696156
 20
615.0
 10
861.4424809431782
 20
615.0
  0
LWPOLYLINE
  5
5E
330
17
100
AcDbEntity
  8
XY
100
AcDbPolyline
 90
2
 70
0
 10
210.0
 20
231.0
 10
210.0
 20
209.0
  0
LWPOLYLINE
  5
5F
330
17
100
AcDbEntity
  8
XY
100
AcDbPolyline
 90
2
 70
0
 10
850.0
 20
231.0
 10
850.0
 20
209.0
  0
LWPOLYLINE
  5
60
330
17
100
AcDbEntity
  8
XY
100
AcDbPolyline
 90
2
 70
0
 10
210.0
 20
231.0
 10
850.0
 20
231.0
  0
LWPOLYLINE
  5
61
330
17
100
AcDbEntity
  8
XY
100
AcDbPolyline
 90
2
 70
0
 10
210.0
 20
209.0
 10
850.0
 20
209.0
  0
LWPOLYLINE
  5
62
330
17
100
AcDbEntity
  8
XY
100
AcDbPolyline
 90
2
 70
0
 10
850.0
 20
231.0
 10
850.0
 20
209.0
  0
LWPOLYLINE
  5
63
330
17
100
AcDbEntity
  8
XY
100
AcDbPolyline
 90
2
 70
0
 10
210.0
 20
231.0
 10
210.0
 20
209.0
  0
LWPOLYLINE
  5
64
330
17
100
AcDbEntity
  8
XY
100
AcDbPolyline
 90
2
 70
0
 10
850.0
 20
231.0
 10
209.9999999999999
 20
231.0
  0
LWPOLYLINE
  5
65
330
17
100
AcDbEntity
  8
XY
100
AcDbPolyline
 90
2
 70
0
 10
850.0
 20
209.0
 10
209.9999999999999
 20
209.0
  0
LWPOLYLINE
  5
66
330
17
100
AcDbEntity
  8
XY
100
AcDbPolyline
 90
2
 70
0
 10
210.0
 20
596.0
 10
210.0
 20
574.0
  0
LWPOLYLINE
  5
67
330
17
100
AcDbEntity
  8
XY
100
AcDbPolyline
 90
2
 70
0
 10
850.0
 20
596.0
 10
850.0
 20
574.0
  0
LWPOLYLINE
  5
68
330
17
100
AcDbEntity
  8
XY
100
AcDbPolyline
 90
2
 70
0
 10
210.0
 20
596.0
 10
850.0
 20
596.0
  0
LWPOLYLINE
  5
69
330
17
100
AcDbEntity
  8
XY
100
AcDbPolyline
 90
2
 70
0
 10
210.0
 20
574.0
 10
850.0
 20
574.0
  0
LWPOLYLINE
  5
6A
330
17
100
AcDbEntity
  8
XY
100
AcDbPolyline
 90
2
 70
0
 10
850.0
 20
596.0
 10
850.0
 20
574.0
  0
LWPOLYLINE
  5
6B
330
17
100
AcDbEntity
  8
XY
100
AcDbPolyline
 90
2
 70
0
 10
210.0
 20
596.0
 10
210.0
 20
574.0
  0
LWPOLYLINE
  5
6C
330
17
100
AcDbEntity
  8
XY
100
AcDbPolyline
 90
2
 70
0
 10
850.0
 20
596.0
 10
209.9999999999999
 20
596.0
  0
LWPOLYLINE
  5
6D
330
17
100
AcDbEntity
  8
XY
100
AcDbPolyline
 90
2
 70
0
 10
850.0
 20
574.0
 10
209.9999999999999
 20
574.0
  0
LWPOLYLINE
  5
6E
330
17
100
AcDbEntity
  8
XY
100
AcDbPolyline
 90
2
 70
0
 10
196.81360721321875
 20
665.0
 10
195.0696953696156
 20
665.0
  0
LWPOLYLINE
  5
6F
330
17
100
AcDbEntity
  8
XY
100
AcDbPolyline
 90
2
 70
0
 10
195.0696953696156
 20
665.0
 10
195.0696953696156
 20
1090.0
  0
LWPOLYLINE
  5
70
330
17
100
AcDbEntity
  8
XY
100
AcDbPolyline
 90
2
 70
0
 10
196.81360721321875
 20
1090.0
 10
195.0696953696156
 20
1090.0
  0
LWPOLYLINE
  5
71
330
17
100
AcDbEntity
  8
XY
100
AcDbPolyline
 90
2
 70
0
 10
196.81360721321875
 20
665.0
 10
196.81360721321875
 20
1090.0
  0
LWPOLYLINE
  5
72
330
17
100
AcDbEntity
  8
XY
100
AcDbPolyline
 90
2
 70
0
 10
863.1863927867812
 20
665.0
 10
861.4424809431781
 20
665.0
  0
LWPOLYLINE
  5
73
330
17
100
AcDbEntity
  8
XY
100
AcDbPolyline
 90
2
 70
0
 10
861.4424809431781
 20
665.0
 10
861.4424809431781
 20
1090.0
  0
LWPOLYLINE
  5
74
330
17
100
AcDbEntity
  8
XY
100
AcDbPolyline
 90
2
 70
0
 10
863.1863927867812
 20
1090.0
 10
861.4424809431781
 20
1090.0
  0
LWPOLYLINE
  5
75
330
17
100
AcDbEntity
  8
XY
100
AcDbPolyline
 90
2
 70
0
 10
863.1863927867812
 20
665.0
 10
863.1863927867812
 20
1090.0
  0
LWPOLYLINE
  5
76
330
17
100
AcDbEntity
  8
XY
100
AcDbPolyline
 90
2
 70
0
 10
196.81360721321875
 20
665.0
 10
863.1863927867814
 20
665.0
  0
LWPOLYLINE
  5
77
330
17
100
AcDbEntity
  8
XY
100
AcDbPolyline
 90
2
 70
0
 10
195.0696953696156
 20
665.0
 10
861.4424809431782
 20
665.0
  0
LWPOLYLINE
  5
78
330
17
100
AcDbEntity
  8
XY
100
AcDbPolyline
 90
2
 70
0
 10
196.81360721321875
 20
1090.0
 10
863.1863927867814
 20
1090.0
  0
LWPOLYLINE
  5
79
330
17
100
AcDbEntity
  8
XY
100
AcDbPolyline
 90
2
 70
0
 10
195.0696953696156
 20
1090.0
 10
861.4424809431782
 20
1090.0
  0
LWPOLYLINE
  5
7A
330
17
100
AcDbEntity
  8
XY
100
AcDbPolyline
 90
2
 70
0
 10
210.0
 20
706.0
 10
210.0
 20
684.0
  0
LWPOLYLINE
  5
7B
330
17
100
AcDbEntity
  8
XY
100
AcDbPolyline
 90
2
 70
0
 10
850.0
 20
706.0
 10
850.0
 20
684.0
  0
LWPOLYLINE
  5
7C
330
17
100
AcDbEntity
  8
XY
100
AcDbPolyline
 90
2
 70
0
 10
210.0
 20
706.0
 10
850.0
 20
706.0
  0
LWPOLYLINE
  5
7D
330
17
100
AcDbEntity
  8
XY
100
AcDbPolyline
 90
2
 70
0
 10
210.0
 20
684.0
 10
850.0
 20
684.0
  0
LWPOLYLINE
  5
7E
330
17
100
AcDbEntity
  8
XY
100
AcDbPolyline
 90
2
 70
0
 10
850.0
 20
706.0
 10
850.0
 20
684.0
  0
LWPOLYLINE
  5
7F
330
17
100
AcDbEntity
  8
XY
100
AcDbPolyline
 90
2
 70
0
 10
210.0
 20
706.0
 10
210.0
 20
684.0
  0
LWPOLYLINE
  5
80
330
17
100
AcDbEntity
  8
XY
100
AcDbPolyline
 90
2
 70
0
 10
850.0
 20
706.0
 10
209.9999999999999
 20
706.0
  0
LWPOLYLINE
  5
81
330
17
100
AcDbEntity
  8
XY
100
AcDbPolyline
 90
2
 70
0
 10
850.0
 20
684.0
 10
209.9999999999999
 20
684.0
  0
LWPOLYLINE
  5
82
330
17
100
AcDbEntity
  8
XY
100
AcDbPolyline
 90
2
 70
0
 10
210.0
 20
1071.0
 10
210.0
 20
1049.0
  0
LWPOLYLINE
  5
83
330
17
100
AcDbEntity
  8
XY
100
AcDbPolyline
 90
2
 70
0
 10
850.0
 20
1071.0
 10
850.0
 20
1049.0
  0
LWPOLYLINE
  5
84
330
17
100
AcDbEntity
  8
XY
100
AcDbPolyline
 90
2
 70
0
 10
210.0
 20
1071.0
 10
850.0
 20
1071.0
  0
LWPOLYLINE
  5
85
330
17
100
AcDbEntity
  8
XY
100
AcDbPolyline
 90
2
 70
0
 10
210.0
 20
1049.0
 10
850.0
 20
1049.0
  0
LWPOLYLINE
  5
86
330
17
100
AcDbEntity
  8
XY
100
AcDbPolyline
 90
2
 70
0
 10
850.0
 20
1071.0
 10
850.0
 20
1049.0
  0
LWPOLYLINE
  5
87
330
17
100
AcDbEntity
  8
XY
100
AcDbPolyline
 90
2
 70
0
 10
210.0
 20
1071.0
 10
210.0
 20
1049.0
  0
LWPOLYLINE
  5
88
330
17
100
AcDbEntity
  8
XY
100
AcDbPolyline
 90
2
 70
0
 10
850.0
 20
1071.0
 10
209.9999999999999
 20
1071.0
  0
LWPOLYLINE
  5
89
330
17
100
AcDbEntity
  8
XY
100
AcDbPolyline
 90
2
 70
0
 10
850.0
 20
1049.0
 10
209.9999999999999
 20
1049.0
  0
LWPOLYLINE
  5
8A
330
17
100
AcDbEntity
  8
XY
100
AcDbPolyline
 90
2
 70
0
 10
392.5
 20
332.5
 10
392.5
 20
507.5
  0
LWPOLYLINE
  5
8B
330
17
100
AcDbEntity
  8
XY
100
AcDbPolyline
 90
2
 70
0
 10
392.5
 20
332.5
 10
392.5
 20
507.5
  0
LWPOLYLINE
  5
8C
330
17
100
AcDbEntity
  8
XY
100
AcDbPolyline
 90
2
 70
0
 10
667.5
 20
332.5
 10
667.5
 20
507.5
  0
LWPOLYLINE
  5
8D
330
17
100
AcDbEntity
  8
XY
100
AcDbPolyline
 90
2
 70
0
 10
667.5
 20
332.5
 10
667.5
 20
507.5
  0
LWPOLYLINE
  5
8E
330
17
100
AcDbEntity
  8
XY
100
AcDbPolyline
 90
2
 70
0
 10
392.5
 20
332.5
 10
667.5
 20
332.5
  0
LWPOLYLINE
  5
8F
330
17
100
AcDbEntity
  8
XY
100
AcDbPolyline
 90
2
 70
0
 10
392.5
 20
332.5
 10
667.5
 20
332.5
  0
LWPOLYLINE
  5
90
330
17
100
AcDbEntity
  8
XY
100
AcDbPolyline
 90
2
 70
0
 10
392.5
 20
507.5
 10
667.5
 20
507.5
  0
LWPOLYLINE
  5
91
330
17
100
AcDbEntity
  8
XY
100
AcDbPolyline
 90
2
 70
0
 10
392.5
 20
507.5
 10
667.5
 20
507.5
  0
LWPOLYLINE
  5
92
330
17
100
AcDbEntity
  8
XY
100
AcDbPolyline
 90
2
 70
0
 10
330.0
 20
332.5
 10
330.0
 20
507.5
  0
LWPOLYLINE
  5
93
330
17
100
AcDbEntity
  8
XY
100
AcDbPolyline
 90
2
 70
0
 10
330.0
 20
430.0
 10
330.0
 20
507.5
  0
LWPOLYLINE
  5
94
330
17
100
AcDbEntity
  8
XY
100
AcDbPolyline
 90
2
 70
0
 10
330.0
 20
410.0
 10
330.0
 20
430.0
  0
LWPOLYLINE
  5
95
330
17
100
AcDbEntity
  8
XY
100
AcDbPolyline
 90
2
 70
0
 10
330.0
 20
332.5
 10
330.0
 20
410.0
  0
LWPOLYLINE
  5
96
330
17
100
AcDbEntity
  8
XY
100
AcDbPolyline
 90
2
 70
0
 10
330.0
 20
332.5
 10
730.0
 20
332.5
  0
LWPOLYLINE
  5
97
330
17
100
AcDbEntity
  8
XY
100
AcDbPolyline
 90
2
 70
0
 10
330.0
 20
332.5
 10
730.0
 20
332.5
  0
LWPOLYLINE
  5
98
330
17
100
AcDbEntity
  8
XY
100
AcDbPolyline
 90
2
 70
0
 10
330.0
 20
410.0
 10
334.0
 20
410.0
  0
LWPOLYLINE
  5
99
330
17
100
AcDbEntity
  8
XY
100
AcDbPolyline
 90
2
 70
0
 10
334.0
 20
410.0
 10
334.0
 20
430.0
  0
LWPOLYLINE
  5
9A
330
17
100
AcDbEntity
  8
XY
100
AcDbPolyline
 90
2
 70
0
 10
330.0
 20
430.0
 10
334.0
 20
430.0
  0
LWPOLYLINE
  5
9B
330
17
100
AcDbEntity
  8
XY
100
AcDbPolyline
 90
2
 70
0
 10
330.0
 20
507.5
 10
730.0
 20
507.5
  0
LWPOLYLINE
  5
9C
330
17
100
AcDbEntity
  8
XY
100
AcDbPolyline
 90
2
 70
0
 10
730.0
 20
430.0
 10
730.0
 20
507.5
  0
LWPOLYLINE
  5
9D
330
17
100
AcDbEntity
  8
XY
100
AcDbPolyline
 90
2
 70
0
 10
726.0
 20
430.0
 10
730.0
 20
430.0
  0
LWPOLYLINE
  5
9E
330
17
100
AcDbEntity
  8
XY
100
AcDbPolyline
 90
2
 70
0
 10
726.0
 20
410.0
 10
726.0
 20
430.0
  0
LWPOLYLINE
  5
9F
330
17
100
AcDbEntity
  8
XY
100
AcDbPolyline
 90
2
 70
0
 10
726.0
 20
410.0
 10
730.0
 20
410.0
  0
LWPOLYLINE
  5
A0
330
17
100
AcDbEntity
  8
XY
100
AcDbPolyline
 90
2
 70
0
 10
730.0
 20
332.5
 10
730.0
 20
410.0
  0
LWPOLYLINE
  5
A1
330
17
100
AcDbEntity
  8
XY
100
AcDbPolyline
 90
2
 70
0
 10
330.0
 20
507.5
 10
730.0
 20
507.5
  0
LWPOLYLINE
  5
A2
330
17
100
AcDbEntity
  8
XY
100
AcDbPolyline
 90
2
 70
0
 10
730.0
 20
332.5
 10
730.0
 20
507.5
  0
LWPOLYLINE
  5
A3
330
17
100
AcDbEntity
  8
XY
100
AcDbPolyline
 90
2
 70
0
 10
730.0
 20
410.0
 10
730.0
 20
430.0
  0
LWPOLYLINE
  5
A4
330
17
100
AcDbEntity
  8
XY
100
AcDbPolyline
 90
2
 70
0
 10
330.0
 20
410.0
 10
334.0
 20
410.0
  0
LWPOLYLINE
  5
A5
330
17
100
AcDbEntity
  8
XY
100
AcDbPolyline
 90
2
 70
0
 10
334.0
 20
410.0
 10
334.0
 20
430.0
  0
LWPOLYLINE
  5
A6
330
17
100
AcDbEntity
  8
XY
100
AcDbPolyline
 90
2
 70
0
 10
330.0
 20
430.0
 10
334.0
 20
430.0
  0
LWPOLYLINE
  5
A7
330
17
100
AcDbEntity
  8
XY
100
AcDbPolyline
 90
2
 70
0
 10
726.0
 20
430.0
 10
730.0
 20
430.0
  0
LWPOLYLINE
  5
A8
330
17
100
AcDbEntity
  8
XY
100
AcDbPolyline
 90
2
 70
0
 10
726.0
 20
410.0
 10
726.0
 20
430.0
  0
LWPOLYLINE
  5
A9
330
17
100
AcDbEntity
  8
XY
100
AcDbPolyline
 90
2
 70
0
 10
726.0
 20
410.0
 10
730.0
 20
410.0
  0
LWPOLYLINE
  5
AA
330
17
100
AcDbEntity
  8
XY
100
AcDbPolyline
 90
2
 70
0
 10
342.5
 20
234.5575
 10
342.5
 20
509.5575
  0
LWPOLYLINE
  5
AB
330
17
100
AcDbEntity
  8
XY
100
AcDbPolyline
 90
2
 70
0
 10
342.5
 20
234.5575
 10
342.5
 20
509.5575
  0
LWPOLYLINE
  5
AC
330
17
100
AcDbEntity
  8
XY
100
AcDbPolyline
 90
2
 70
0
 10
717.5
 20
234.5575
 10
717.5
 20
509.5575
  0
LWPOLYLINE
  5
AD
330
17
100
AcDbEntity
  8
XY
100
AcDbPolyline
 90
2
 70
0
 10
717.5
 20
234.5575
 10
717.5
 20
509.5575
  0
LWPOLYLINE
  5
AE
330
17
100
AcDbEntity
  8
XY
100
AcDbPolyline
 90
2
 70
0
 10
342.5
 20
234.5575
 10
717.5
 20
234.5575
  0
LWPOLYLINE
  5
AF
330
17
100
AcDbEntity
  8
XY
100
AcDbPolyline
 90
2
 70
0
 10
342.5
 20
234.5575
 10
717.5
 20
234.5575
  0
LWPOLYLINE
  5
B0
330
17
100
AcDbEntity
  8
XY
100
AcDbPolyline
 90
2
 70
0
 10
342.5
 20
509.5575
 10
717.5
 20
509.5575
  0
LWPOLYLINE
  5
B1
330
17
100
AcDbEntity
  8
XY
100
AcDbPolyline
 90
2
 70
0
 10
342.5
 20
509.5575
 10
717.5
 20
509.5575
  0
LWPOLYLINE
  5
B2
330
17
100
AcDbEntity
  8
XY
100
AcDbPolyline
 90
2
 70
0
 10
353.0
 20
367.0575
 10
353.0
 20
377.0575
  0
LWPOLYLINE
  5
B3
330
17
100
AcDbEntity
  8
XY
100
AcDbPolyline
 90
2
 70
0
 10
353.0
 20
367.0575
 10
353.0
 20
377.0575
  0
LWPOLYLINE
  5
B4
330
17
100
AcDbEntity
  8
XY
100
AcDbPolyline
 90
2
 70
0
 10
357.0
 20
367.0575
 10
357.0
 20
377.0575
  0
LWPOLYLINE
  5
B5
330
17
100
AcDbEntity
  8
XY
100
AcDbPolyline
 90
2
 70
0
 10
357.0
 20
367.0575
 10
357.0
 20
377.0575
  0
LWPOLYLINE
  5
B6
330
17
100
AcDbEntity
  8
XY
100
AcDbPolyline
 90
2
 70
0
 10
353.0
 20
367.0575
 10
357.0
 20
367.0575
  0
LWPOLYLINE
  5
B7
330
17
100
AcDbEntity
  8
XY
100
AcDbPolyline
 90
2
 70
0
 10
353.0
 20
367.0575
 10
357.0
 20
367.0575
  0
LWPOLYLINE
  5
B8
330
17
100
AcDbEntity
  8
XY
100
AcDbPolyline
 90
2
 70
0
 10
353.0
 20
377.0575
 10
357.0
 20
377.0575
  0
LWPOLYLINE
  5
B9
330
17
100
AcDbEntity
  8
XY
100
AcDbPolyline
 90
2
 70
0
 10
353.0
 20
377.0575
 10
357.0
 20
377.0575
  0
LWPOLYLINE
  5
BA
330
17
100
AcDbEntity
  8
XY
100
AcDbPolyline
 90
2
 70
0
 10
703.0
 20
367.0575
 10
703.0
 20
377.0575
  0
LWPOLYLINE
  5
BB
330
17
100
AcDbEntity
  8
XY
100
AcDbPolyline
 90
2
 70
0
 10
703.0
 20
367.0575
 10
703.0
 20
377.0575
  0
LWPOLYLINE
  5
BC
330
17
100
AcDbEntity
  8
XY
100
AcDbPolyline
 90
2
 70
0
 10
707.0
 20
367.0575
 10
707.0
 20
377.0575
  0
LWPOLYLINE
  5
BD
330
17
100
AcDbEntity
  8
XY
100
AcDbPolyline
 90
2
 70
0
 10
707.0
 20
367.0575
 10
707.0
 20
377.0575
  0
LWPOLYLINE
  5
BE
330
17
100
AcDbEntity
  8
XY
100
AcDbPolyline
 90
2
 70
0
 10
703.0
 20
367.0575
 10
707.0
 20
367.0575
  0
LWPOLYLINE
  5
BF
330
17
100
AcDbEntity
  8
XY
100
AcDbPolyline
 90
2
 70
0
 10
703.0
 20
367.0575
 10
707.0
 20
367.0575
  0
LWPOLYLINE
  5
C0
330
17
100
AcDbEntity
  8
XY
100
AcDbPolyline
 90
2
 70
0
 10
703.0
 20
377.0575
 10
707.0
 20
377.0575
  0
LWPOLYLINE
  5
C1
330
17
100
AcDbEntity
  8
XY
100
AcDbPolyline
 90
2
 70
0
 10
703.0
 20
377.0575
 10
707.0
 20
377.0575
  0
LWPOLYLINE
  5
C2
330
17
100
AcDbEntity
  8
XY
100
AcDbPolyline
 90
16
 70
0
 10
572.0
 20
640.0
 10
571.9844007157477
 20
638.8554054313958
 10
571.9403092708826
 20
637.7615947290262
 10
571.8753417750561
 20
636.7664647152451
 10
571.8006650619947
 20
635.9128982935453
 10
571.729109287357
 20
635.2374966658791
 10
571.6730508902042
 20
634.7696243468682
 10
571.6423007098924
 20
634.5301927299263
 10
571.6423007101936
 20
634.530192731467
 10
571.6730508903163
 20
634.7696243474273
 10
571.7291092873572
 20
635.2374966658807
 10
571.8006650619949
 20
635.9128982935474
 10
571.8753417750529
 20
636.7664647153213
 10
571.9403092708832
 20
637.7615947290366
 10
571.984400715785
 20
638.855405431436
 10
572.0
 20
640.0
  0
LWPOLYLINE
  5
C3
330
17
100
AcDbEntity
  8
XY
100
AcDbPolyline
 90
16
 70
0
 10
572.0
 20
640.0
 10
571.984400715748
 20
638.8554054314086
 10
571.940309270884
 20
637.7615947290502
 10
571.8753417750586
 20
636.7664647152769
 10
571.8006650620005
 20
635.912898293639
 10
571.7291092873301
 20
635.237496665536
 10
571.6730508902034
 20
634.7696243468621
 10
571.6423007098924
 20
634.5301927299256
 10
571.6423007101935
 20
634.5301927314663
 10
571.6730508903155
 20
634.7696243474212
 10
571.7291092873303
 20
635.2374966655376
 10
571.8006650620007
 20
635.9128982936411
 10
571.8753417750554
 20
636.7664647153532
 10
571.9403092708844
 20
637.7615947290607
 10
571.9844007157853
 20
638.8554054314488
 10
572.0
 20
640.0
  0
LWPOLYLINE
  5
C4
330
17
100
AcDbEntity
  8
XY
100
AcDbPolyline
 90
67
 70
0
 10
572.0
 20
640.0
 10
571.8098207480696
 20
643.9923538187757
 10
571.2410052850337
 20
647.9485522631372
 10
570.2987048918089
 20
651.83276738734
 10
568.991453186675
 20
655.6098231377338
 10
567.3310888435068
 20
659.2455139125512
 10
565.3326483789097
 20
662.706914333135
 10
563.0142299791971
 20
665.9626774212654
 10
560.396829600413
 20
668.9833184822487
 10
557.504150825702
 20
671.7414821228789
 10
554.3623902019904
 20
674.2121899861141
 10
551.0
 20
676.3730669589464
 10
547.4474305460792
 20
678.2045438048898
 10
543.7368544593317
 20
679.6900343860161
 10
539.901875291396
 20
680.8160858695887
 10
535.977223207478
 20
681.5725005589992
 10
531.9984404645971
 20
681.9524282456863
 10
528.0015595354029
 20
681.9524282456863
 10
524.022776792522
 20
681.5725005589992
 10
520.098124708604
 20
680.8160858695887
 10
516.2631455406682
 20
679.6900343860161
 10
512.5525694539208
 20
678.2045438048898
 10
509.0
 20
676.3730669589464
 10
505.63760979800963
 20
674.2121899861141
 10
502.49584917429803
 20
671.7414821228789
 10
499.60317039958704
 20
668.9833184822487
 10
496.98577002080293
 20
665.9626774212654
 10
494.6673516210904
 20
662.706914333135
 10
492.6689111564932
 20
659.2455139125512
 10
491.008546813325
 20
655.6098231377338
 10
489.7012951081911
 20
651.83276738734
 10
488.7589947149663
 20
647.9485522631372
 10
488.19017925193043
 20
643.9923538187757
 10
488.0
 20
640.0
 10
488.19017925193043
 20
636.0076461812243
 10
488.7589947149663
 20
632.0514477368628
 10
489.7012951081911
 20
628.16723261266
 10
491.0085468133249
 20
624.3901768622662
 10
492.6689111564932
 20
620.7544860874488
 10
494.6673516210904
 20
617.2930856668648
 10
496.98577002080293
 20
614.0373225787346
 10
499.60317039958704
 20
611.0166815177513
 10
502.49584917429803
 20
608.2585178771211
 10
505.6376097980097
 20
605.7878100138859
 10
509.0
 20
603.6269330410536
 10
512.5525694539208
 20
601.7954561951102
 10
516.2631455406683
 20
600.3099656139839
 10
520.098124708604
 20
599.1839141304113
 10
524.022776792522
 20
598.4274994410008
 10
528.0015595354027
 20
598.0475717543137
 10
531.9984404645971
 20
598.0475717543137
 10
535.977223207478
 20
598.4274994410008
 10
539.901875291396
 20
599.1839141304113
 10
543.7368544593317
 20
600.3099656139839
 10
547.4474305460792
 20
601.7954561951102
 10
551.0
 20
603.6269330410536
 10
554.3623902019904
 20
605.7878100138859
 10
557.504150825702
 20
608.2585178771211
 10
560.396829600413
 20
611.0166815177513
 10
563.014229979197
 20
614.0373225787346
 10
565.3326483789095
 20
617.2930856668648
 10
567.3310888435068
 20
620.7544860874488
 10
568.991453186675
 20
624.3901768622662
 10
570.2987048918089
 20
628.16723261266
 10
571.2410052850337
 20
632.0514477368628
 10
571.8098207480696
 20
636.0076461812243
 10
572.0
 20
640.0
  0
LWPOLYLINE
  5
C5
330
17
100
AcDbEntity
  8
XY
100
AcDbPolyline
 90
16
 70
0
 10
572.0
 20
640.0
 10
571.9844007157475
 20
641.1445945686137
 10
571.9403092708817
 20
642.2384052709914
 10
571.8753417750504
 20
643.2335352847111
 10
571.8006650619916
 20
644.0871017064859
 10
571.7291092873538
 20
644.762503334149
 10
571.6730508902016
 20
645.2303756531521
 10
571.6423007098914
 20
645.4698072700816
 10
571.6423007101947
 20
645.4698072685242
 10
571.6730508903199
 20
645.2303756525434
 10
571.7291092873631
 20
644.7625033340671
 10
571.8006650620023
 20
644.0871017063765
 10
571.8753417750606
 20
643.2335352845789
 10
571.9403092708897
 20
642.2384052708419
 10
571.9844007161571
 20
641.144594568325
 10
572.0
 20
640.0
  0
LWPOLYLINE
  5
C6
330
17
100
AcDbEntity
  8
XY
100
AcDbPolyline
 90
16
 70
0
 10
572.0
 20
640.0
 10
571.9844007157476
 20
641.1445945686078
 10
571.9403092708823
 20
642.2384052709804
 10
571.8753417750554
 20
643.2335352847637
 10
571.8006650619938
 20
644.0871017064643
 10
571.729109287356
 20
644.7625033341297
 10
571.6730508902033
 20
645.2303756531384
 10
571.6423007098921
 20
645.4698072700763
 10
571.6423007101939
 20
645.4698072685301
 10
571.6730508903175
 20
645.2303756525628
 10
571.7291092873342
 20
644.7625033344282
 10
571.8006650620063
 20
644.0871017063018
 10
571.8753417750618
 20
643.2335352845643
 10
571.9403092708902
 20
642.2384052708309
 10
571.9844007161573
 20
641.1445945683191
 10
572.0
 20
640.0
  0
LWPOLYLINE
  5
C7
330
17
100
AcDbEntity
  8
XY
100
AcDbPolyline
 90
67
 70
0
 10
572.0
 20
640.0
 10
571.8098207480696
 20
643.9923538187757
 10
571.2410052850337
 20
647.9485522631372
 10
570.2987048918089
 20
651.83276738734
 10
568.991453186675
 20
655.6098231377338
 10
567.3310888435068
 20
659.2455139125512
 10
565.3326483789097
 20
662.706914333135
 10
563.0142299791971
 20
665.9626774212654
 10
560.396829600413
 20
668.9833184822487
 10
557.504150825702
 20
671.7414821228789
 10
554.3623902019904
 20
674.2121899861141
 10
551.0
 20
676.3730669589464
 10
547.4474305460792
 20
678.2045438048898
 10
543.7368544593317
 20
679.6900343860161
 10
539.901875291396
 20
680.8160858695887
 10
535.977223207478
 20
681.5725005589992
 10
531.9984404645971
 20
681.9524282456863
 10
528.0015595354029
 20
681.9524282456863
 10
524.022776792522
 20
681.5725005589992
 10
520.098124708604
 20
680.8160858695887
 10
516.2631455406682
 20
679.6900343860161
 10
512.5525694539208
 20
678.2045438048898
 10
509.0
 20
676.3730669589464
 10
505.63760979800963
 20
674.2121899861141
 10
502.49584917429803
 20
671.7414821228789
 10
499.60317039958704
 20
668.9833184822487
 10
496.98577002080293
 20
665.9626774212654
 10
494.6673516210904
 20
662.706914333135
 10
492.6689111564932
 20
659.2455139125512
 10
491.008546813325
 20
655.6098231377338
 10
489.7012951081911
 20
651.83276738734
 10
488.7589947149663
 20
647.9485522631372
 10
488.19017925193043
 20
643.9923538187757
 10
488.0
 20
640.0
 10
488.19017925193043
 20
636.0076461812243
 10
488.7589947149663
 20
632.0514477368628
 10
489.7012951081911
 20
628.16723261266
 10
491.0085468133249
 20
624.3901768622662
 10
492.6689111564932
 20
620.7544860874488
 10
494.6673516210904
 20
617.2930856668648
 10
496.98577002080293
 20
614.0373225787346
 10
499.60317039958704
 20
611.0166815177513
 10
502.49584917429803
 20
608.2585178771211
 10
505.6376097980097
 20
605.7878100138859
 10
509.0
 20
603.6269330410536
 10
512.5525694539208
 20
601.7954561951102
 10
516.2631455406683
 20
600.3099656139839
 10
520.098124708604
 20
599.1839141304113
 10
524.022776792522
 20
598.4274994410008
 10
528.0015595354027
 20
598.0475717543137
 10
531.9984404645971
 20
598.0475717543137
 10
535.977223207478
 20
598.4274994410008
 10
539.901875291396
 20
599.1839141304113
 10
543.7368544593317
 20
600.3099656139839
 10
547.4474305460792
 20
601.7954561951102
 10
551.0
 20
603.6269330410536
 10
554.3623902019904
 20
605.7878100138859
 10
557.504150825702
 20
608.2585178771211
 10
560.396829600413
 20
611.0166815177513
 10
563.014229979197
 20
614.0373225787346
 10
565.3326483789095
 20
617.2930856668648
 10
567.3310888435068
 20
620.7544860874488
 10
568.991453186675
 20
624.3901768622662
 10
570.2987048918089
 20
628.16723261266
 10
571.2410052850337
 20
632.0514477368628
 10
571.8098207480696
 20
636.0076461812243
 10
572.0
 20
640.0
  0
LWPOLYLINE
  5
C8
330
17
100
AcDbEntity
  8
XY
100
AcDbPolyline
 90
16
 70
0
 10
488.0
 20
640.0
 10
488.05969072911677
 20
637.7615947290375
 10
488.19933493800426
 20
635.9128982935563
 10
488.3269491097947
 20
634.7696243468772
 10
488.357699289807
 20
634.5301927314626
 10
488.2708907126459
 20
635.2374966658539
 10
488.1246582249478
 20
636.7664647151943
 10
488.015599276753
 20
638.8554054307499
 10
488.01559928917897
 20
641.1445945706218
 10
488.1246582249518
 20
643.2335352848581
 10
488.2708907126802
 20
644.7625033345546
 10
488.3576992901103
 20
645.4698072700949
 10
488.32694910967643
 20
645.2303756525141
 10
488.19933493799357
 20
644.0871017063344
 10
488.05969072910875
 20
642.238405270813
 10
488.0
 20
640.0
  0
LWPOLYLINE
  5
C9
330
17
100
AcDbEntity
  8
XY
100
AcDbPolyline
 90
16
 70
0
 10
488.0
 20
640.0
 10
488.05969072911677
 20
637.7615947290376
 10
488.1993349380042
 20
635.9128982935565
 10
488.3269491097947
 20
634.7696243468773
 10
488.357699289807
 20
634.5301927314625
 10
488.27089071267096
 20
635.2374966655269
 10
488.1246582249451
 20
636.7664647153471
 10
488.01559926772927
 20
638.8554054307048
 10
488.01559928425604
 20
641.1445945687423
 10
488.12465822495585
 20
643.2335352847917
 10
488.2708907126501
 20
644.762503334183
 10
488.35769929010905
 20
645.4698072700853
 10
488.3269491096799
 20
645.2303756525421
 10
488.1993349379906
 20
644.0871017062701
 10
488.05969072910875
 20
642.2384052708129
 10
488.0
 20
640.0
  0
LWPOLYLINE
  5
CA
330
17
100
AcDbEntity
  8
XY
100
AcDbPolyline
 90
2
 70
0
 10
561.0
 20
640.0
 10
572.0
 20
640.0
  0
LWPOLYLINE
  5
CB
330
17
100
AcDbEntity
  8
XY
100
AcDbPolyline
 90
16
 70
0
 10
561.0
 20
640.0
 10
560.9788283171852
 20
641.1455113444966
 10
560.9189969560614
 20
642.2395596067392
 10
560.8308322819022
 20
643.234158355137
 10
560.7294126021321
 20
644.0869549758021
 10
560.6320681532774
 20
644.7619744420992
 10
560.5556379065571
 20
645.230008804795
 10
560.5136329251683
 20
645.4697537141774
 10
560.5136329257207
 20
645.4697537119667
 10
560.5556379067399
 20
645.2300088040964
 10
560.6320681532862
 20
644.7619744420422
 10
560.7294126021422
 20
644.0869549757259
 10
560.8308322819119
 20
643.2341583550449
 10
560.9189969560689
 20
642.239559606635
 10
560.9788283175128
 20
641.145511344305
 10
561.0
 20
640.0
  0
LWPOLYLINE
  5
CC
330
17
100
AcDbEntity
  8
XY
100
AcDbPolyline
 90
16
 70
0
 10
561.0
 20
640.0
 10
560.9788283171854
 20
638.8544886555097
 10
560.9189969560622
 20
637.7604403932726
 10
560.8308322819038
 20
636.7658416448786
 10
560.7294126021344
 20
635.9130450242151
 10
560.6320681532799
 20
635.2380255579169
 10
560.5556379065591
 20
634.7699911952169
 10
560.5136329251691
 20
634.5302462858274
 10
560.5136329257198
 20
634.5302462880278
 10
560.5556379067368
 20
634.7699911958856
 10
560.6320681532812
 20
635.2380255579257
 10
560.729412602136
 20
635.9130450242268
 10
560.8308322819084
 20
636.7658416448422
 10
560.9189969560629
 20
637.7604403932811
 10
560.9788283172219
 20
638.8544886555413
 10
561.0
 20
640.0
  0
LWPOLYLINE
  5
CD
330
17
100
AcDbEntity
  8
XY
100
AcDbPolyline
 90
2
 70
0
 10
561.0
 20
640.0
 10
572.0
 20
640.0
  0
LWPOLYLINE
  5
CE
330
17
100
AcDbEntity
  8
XY
100
AcDbPolyline
 90
16
 70
0
 10
561.0
 20
640.0
 10
560.9788283171852
 20
641.1455113444972
 10
560.9189969560613
 20
642.2395596067402
 10
560.8308322819058
 20
643.2341583551822
 10
560.7294126021327
 20
644.0869549757981
 10
560.6320681532778
 20
644.7619744420964
 10
560.5556379065574
 20
645.2300088047936
 10
560.5136329251683
 20
645.4697537141769
 10
560.5136329257207
 20
645.4697537119672
 10
560.5556379067397
 20
645.2300088040975
 10
560.632068153286
 20
644.7619744420435
 10
560.7294126021421
 20
644.0869549757274
 10
560.8308322819116
 20
643.2341583550461
 10
560.9189969560689
 20
642.239559606636
 10
560.9788283175128
 20
641.1455113443054
 10
561.0
 20
640.0
  0
LWPOLYLINE
  5
CF
330
17
100
AcDbEntity
  8
XY
100
AcDbPolyline
 90
16
 70
0
 10
561.0
 20
640.0
 10
560.9788283171854
 20
638.8544886555097
 10
560.9189969560622
 20
637.7604403932726
 10
560.8308322819038
 20
636.7658416448786
 10
560.7294126021344
 20
635.9130450242151
 10
560.6320681532799
 20
635.2380255579169
 10
560.5556379065591
 20
634.7699911952169
 10
560.5136329251691
 20
634.5302462858274
 10
560.5136329257198
 20
634.5302462880278
 10
560.5556379067368
 20
634.7699911958856
 10
560.6320681532812
 20
635.2380255579257
 10
560.729412602136
 20
635.9130450242268
 10
560.8308322819084
 20
636.7658416448421
 10
560.9189969560629
 20
637.7604403932811
 10
560.9788283172219
 20
638.8544886555413
 10
561.0
 20
640.0
  0
LWPOLYLINE
  5
D0
330
17
100
AcDbEntity
  8
XY
100
AcDbPolyline
 90
50
 70
0
 10
561.0
 20
640.0
 10
560.7454904285206
 20
643.9641920122197
 10
559.9861407542099
 20
647.8632921011947
 10
558.7344194777266
 20
651.6332771512606
 10
557.0108798278251
 20
655.2122441121221
 10
554.8438222779066
 20
658.5414264452277
 10
552.2688298530295
 20
661.5661590687081
 10
549.3281838576207
 20
664.236775956509
 10
546.0701696176263
 20
666.5094256531657
 10
542.5482836367942
 20
668.3467913134901
 10
538.820355185562
 20
669.7187034441365
 10
534.9475967460347
 20
670.602635285848
 10
530.9935989047214
 20
670.9840727022213
 10
527.0232861968618
 20
670.8567525014251
 10
523.1018510473542
 20
670.2227652776365
 10
519.2936833129395
 20
669.0925210835426
 10
515.6613130025341
 20
667.484578497563
 10
512.2643835362128
 20
665.4253398925057
 10
509.1586724018992
 20
662.9486179093348
 10
506.39517529055684
 20
660.0950802545415
 10
504.01926874835294
 20
656.911581937527
 10
502.069965095025
 20
653.4503959126444
 10
500.5792718426693
 20
649.7683547587322
 10
499.57166613327695
 20
645.9259174897426
 10
499.0636928247396
 20
641.9861768194021
 10
499.0636928247396
 20
638.0138231805979
 10
499.57166613327695
 20
634.0740825102574
 10
500.57927184266924
 20
630.2316452412678
 10
502.069965095025
 20
626.5496040873558
 10
504.01926874835294
 20
623.088418062473
 10
506.39517529055684
 20
619.9049197454585
 10
509.1586724018992
 20
617.0513820906652
 10
512.2643835362127
 20
614.5746601074944
 10
515.661313002534
 20
612.515421502437
 10
519.2936833129395
 20
610.9074789164574
 10
523.1018510473542
 20
609.7772347223635
 10
527.0232861968618
 20
609.1432474985749
 10
530.9935989047214
 20
609.0159272977787
 10
534.9475967460347
 20
609.397364714152
 10
538.820355185562
 20
610.2812965558635
 10
542.5482836367942
 20
611.6532086865099
 10
546.0701696176263
 20
613.4905743468343
 10
549.3281838576207
 20
615.763224043491
 10
552.2688298530295
 20
618.4338409312919
 10
554.8438222779066
 20
621.4585735547723
 10
557.0108798278251
 20
624.7877558878779
 10
558.7344194777266
 20
628.3667228487394
 10
559.9861407542099
 20
632.1367078988053
 10
560.7454904285206
 20
636.0358079877803
 10
561.0
 20
640.0
  0
LWPOLYLINE
  5
D1
330
17
100
AcDbEntity
  8
XY
100
AcDbPolyline
 90
111
 70
0
 10
600.0
 20
640.0
 10
599.8858372748296
 20
643.9962167603937
 10
599.5437214743985
 20
647.9793986923379
 10
598.9747685093384
 20
651.9365534842836
 10
598.1808341859634
 20
655.8547737198035
 10
597.1645081530148
 20
659.7212789789
 10
595.9291054547667
 20
663.5234575250801
 10
594.4786557180395
 20
667.2489074422174
 10
592.8178900083951
 20
670.8854770870255
 10
590.9522253983844
 20
674.4213047251923
 10
588.8877472981827
 20
677.8448572218919
 10
586.6311896062464
 20
681.1449676604731
 10
584.1899127447358
 20
684.310871766621
 10
581.5718796513484
 20
687.3322430191813
 10
578.7856298058706
 20
690.1992263331274
 10
575.8402513761699
 20
692.9024702047981
 10
572.7453515744807
 20
695.4331572145593
 10
569.5110253206739
 20
697.7830327873942
 10
566.1478223147274
 20
699.9444321176112
 10
562.6667126257971
 20
701.910305169847
 10
559.0790509101321
 20
703.6742396748162
 10
555.3965393745449
 20
705.2304820448016
 10
551.6311896062464
 20
706.5739561406607
 10
547.7952833935441
 20
707.700279829137
 10
543.9013326652022
 20
708.6057792764675
 10
539.9620386791299
 20
709.2875009316652
 10
535.9902505935188
 20
709.7432211603884
 10
531.9989235555587
 20
709.9714534979732
 10
528.0010764444413
 20
709.9714534979732
 10
524.0097494064812
 20
709.7432211603884
 10
520.0379613208701
 20
709.2875009316652
 10
516.0986673347978
 20
708.6057792764675
 10
512.2047166064559
 20
707.700279829137
 10
508.3688103937537
 20
706.5739561406608
 10
504.6034606254551
 20
705.2304820448016
 10
500.920949089868
 20
703.6742396748162
 10
497.3332873742029
 20
701.910305169847
 10
493.8521776852727
 20
699.9444321176112
 10
490.48897467932613
 20
697.7830327873942
 10
487.25464842551935
 20
695.4331572145593
 10
484.15974862383007
 20
692.9024702047981
 10
481.21437019412946
 20
690.1992263331274
 10
478.42812034865165
 20
687.3322430191813
 10
475.81008725526425
 20
684.310871766621
 10
473.3688103937537
 20
681.1449676604732
 10
471.11225270181734
 20
677.8448572218919
 10
469.04777460161563
 20
674.4213047251923
 10
467.18210999160493
 20
670.8854770870255
 10
465.5213442819605
 20
667.2489074422174
 10
464.0708945452333
 20
663.5234575250802
 10
462.8354918469852
 20
659.7212789789002
 10
461.81916581403664
 20
655.8547737198035
 10
461.0252314906615
 20
651.9365534842836
 10
460.4562785256015
 20
647.9793986923378
 10
460.1141627251705
 20
643.9962167603937
 10
460.0
 20
640.0
 10
460.1141627251705
 20
636.0037832396063
 10
460.4562785256015
 20
632.0206013076622
 10
461.0252314906615
 20
628.0634465157164
 10
461.81916581403664
 20
624.1452262801965
 10
462.8354918469852
 20
620.2787210211
 10
464.0708945452333
 20
616.4765424749199
 10
465.52134428196047
 20
612.7510925577826
 10
467.18210999160493
 20
609.1145229129745
 10
469.0477746016156
 20
605.5786952748078
 10
471.1122527018173
 20
602.1551427781081
 10
473.3688103937537
 20
598.8550323395269
 10
475.8100872552642
 20
595.689128233379
 10
478.42812034865165
 20
592.6677569808187
 10
481.21437019412946
 20
589.8007736668725
 10
484.15974862383
 20
587.0975297952019
 10
487.2546484255193
 20
584.5668427854407
 10
490.48897467932613
 20
582.2169672126058
 10
493.85217768527264
 20
580.0555678823888
 10
497.3332873742028
 20
578.089694830153
 10
500.920949089868
 20
576.3257603251838
 10
504.60346062545517
 20
574.7695179551984
 10
508.3688103937537
 20
573.4260438593393
 10
512.2047166064559
 20
572.299720170863
 10
516.0986673347978
 20
571.3942207235325
 10
520.0379613208701
 20
570.7124990683348
 10
524.0097494064812
 20
570.2567788396116
 10
528.0010764444412
 20
570.0285465020268
 10
531.9989235555587
 20
570.0285465020268
 10
535.9902505935188
 20
570.2567788396116
 10
539.9620386791299
 20
570.7124990683348
 10
543.9013326652022
 20
571.3942207235325
 10
547.7952833935441
 20
572.299720170863
 10
551.6311896062463
 20
573.4260438593392
 10
555.3965393745448
 20
574.7695179551984
 10
559.079050910132
 20
576.3257603251838
 10
562.6667126257971
 20
578.089694830153
 10
566.1478223147273
 20
580.0555678823887
 10
569.5110253206739
 20
582.2169672126058
 10
572.7453515744807
 20
584.5668427854407
 10
575.8402513761699
 20
587.0975297952019
 10
578.7856298058705
 20
589.8007736668725
 10
581.5718796513484
 20
592.6677569808186
 10
584.1899127447357
 20
595.689128233379
 10
586.6311896062463
 20
598.8550323395268
 10
588.8877472981826
 20
602.1551427781081
 10
590.9522253983844
 20
605.5786952748077
 10
592.8178900083951
 20
609.1145229129745
 10
594.4786557180395
 20
612.7510925577826
 10
595.9291054547667
 20
616.4765424749198
 10
597.1645081530148
 20
620.2787210211
 10
598.1808341859634
 20
624.1452262801965
 10
598.9747685093386
 20
628.0634465157164
 10
599.5437214743985
 20
632.0206013076621
 10
599.8858372748296
 20
636.0037832396063
 10
600.0
 20
640.0
  0
LWPOLYLINE
  5
D2
330
17
100
AcDbEntity
  8
XY
100
AcDbPolyline
 90
16
 70
0
 10
499.0
 20
640.0
 10
499.0810030439369
 20
637.7604403932844
 10
499.27058739786327
 20
635.9130450242324
 10
499.44436209343877
 20
634.769991195229
 10
499.4863670742812
 20
634.5302462880225
 10
499.36793184672376
 20
635.2380255578934
 10
499.1691677181013
 20
636.7658416448302
 10
499.0211716444115
 20
638.8544886549261
 10
499.0211716862541
 20
641.1455113455588
 10
499.16916771810315
 20
643.2341583551874
 10
499.36793184672547
 20
644.7619744421175
 10
499.48636707483195
 20
645.4697537141785
 10
499.44436209326096
 20
645.2300088041011
 10
499.2705873978376
 20
644.0869549754023
 10
499.0810030439294
 20
642.2395596066115
 10
499.0
 20
640.0
  0
LWPOLYLINE
  5
D3
330
17
100
AcDbEntity
  8
XY
100
AcDbPolyline
 90
2
 70
0
 10
488.0
 20
640.0
 10
499.0
 20
640.0
  0
LWPOLYLINE
  5
D4
330
17
100
AcDbEntity
  8
XY
100
AcDbPolyline
 90
16
 70
0
 10
499.0
 20
640.0
 10
499.0810030439364
 20
637.7604403932919
 10
499.27058739784627
 20
635.9130450245326
 10
499.44436209344235
 20
634.769991195208
 10
499.4863670742801
 20
634.5302462880286
 10
499.36793184672473
 20
635.2380255579171
 10
499.16916771808917
 20
636.7658416449457
 10
499.0211716443302
 20
638.8544886548933
 10
499.0211716862563
 20
641.1455113456184
 10
499.16916771810736
 20
643.2341583552276
 10
499.36793184674144
 20
644.7619744421901
 10
499.4863670748345
 20
645.4697537141925
 10
499.4443620932543
 20
645.2300088040622
 10
499.27058739785093
 20
644.0869549756749
 10
499.08100304392883
 20
642.2395596066038
 10
499.0
 20
640.0
  0
LWPOLYLINE
  5
D5
330
17
100
AcDbEntity
  8
XY
100
AcDbPolyline
 90
2
 70
0
 10
488.0
 20
640.0
 10
499.0
 20
640.0
  0
LWPOLYLINE
  5
D6
330
17
100
AcDbEntity
  8
XY
100
AcDbPolyline
 90
50
 70
0
 10
561.0
 20
640.0
 10
560.7454904285206
 20
643.9641920122197
 10
559.9861407542099
 20
647.8632921011947
 10
558.7344194777266
 20
651.6332771512606
 10
557.0108798278251
 20
655.2122441121221
 10
554.8438222779066
 20
658.5414264452277
 10
552.2688298530295
 20
661.5661590687081
 10
549.3281838576207
 20
664.236775956509
 10
546.0701696176263
 20
666.5094256531657
 10
542.5482836367942
 20
668.3467913134901
 10
538.820355185562
 20
669.7187034441365
 10
534.9475967460347
 20
670.602635285848
 10
530.9935989047214
 20
670.9840727022213
 10
527.0232861968618
 20
670.8567525014251
 10
523.1018510473542
 20
670.2227652776365
 10
519.2936833129395
 20
669.0925210835426
 10
515.6613130025341
 20
667.484578497563
 10
512.2643835362128
 20
665.4253398925057
 10
509.1586724018992
 20
662.9486179093348
 10
506.39517529055684
 20
660.0950802545415
 10
504.01926874835294
 20
656.911581937527
 10
502.069965095025
 20
653.4503959126444
 10
500.5792718426693
 20
649.7683547587322
 10
499.57166613327695
 20
645.9259174897426
 10
499.0636928247396
 20
641.9861768194021
 10
499.0636928247396
 20
638.0138231805979
 10
499.57166613327695
 20
634.0740825102574
 10
500.57927184266924
 20
630.2316452412678
 10
502.069965095025
 20
626.5496040873558
 10
504.01926874835294
 20
623.088418062473
 10
506.39517529055684
 20
619.9049197454585
 10
509.1586724018992
 20
617.0513820906652
 10
512.2643835362127
 20
614.5746601074944
 10
515.661313002534
 20
612.515421502437
 10
519.2936833129395
 20
610.9074789164574
 10
523.1018510473542
 20
609.7772347223635
 10
527.0232861968618
 20
609.1432474985749
 10
530.9935989047214
 20
609.0159272977787
 10
534.9475967460347
 20
609.397364714152
 10
538.820355185562
 20
610.2812965558635
 10
542.5482836367942
 20
611.6532086865099
 10
546.0701696176263
 20
613.4905743468343
 10
549.3281838576207
 20
615.763224043491
 10
552.2688298530295
 20
618.4338409312919
 10
554.8438222779066
 20
621.4585735547723
 10
557.0108798278251
 20
624.7877558878779
 10
558.7344194777266
 20
628.3667228487394
 10
559.9861407542099
 20
632.1367078988053
 10
560.7454904285206
 20
636.0358079877803
 10
561.0
 20
640.0
  0
LWPOLYLINE
  5
D7
330
17
100
AcDbEntity
  8
XY
100
AcDbPolyline
 90
111
 70
0
 10
600.0
 20
640.0
 10
599.8858372748296
 20
643.9962167603937
 10
599.5437214743985
 20
647.9793986923379
 10
598.9747685093384
 20
651.9365534842836
 10
598.1808341859634
 20
655.8547737198035
 10
597.1645081530148
 20
659.7212789789
 10
595.9291054547667
 20
663.5234575250801
 10
594.4786557180395
 20
667.2489074422174
 10
592.8178900083951
 20
670.8854770870255
 10
590.9522253983844
 20
674.4213047251923
 10
588.8877472981827
 20
677.8448572218919
 10
586.6311896062464
 20
681.1449676604731
 10
584.1899127447358
 20
684.310871766621
 10
581.5718796513484
 20
687.3322430191813
 10
578.7856298058706
 20
690.1992263331274
 10
575.8402513761699
 20
692.9024702047981
 10
572.7453515744807
 20
695.4331572145593
 10
569.5110253206739
 20
697.7830327873942
 10
566.1478223147274
 20
699.9444321176112
 10
562.6667126257971
 20
701.910305169847
 10
559.0790509101321
 20
703.6742396748162
 10
555.3965393745449
 20
705.2304820448016
 10
551.6311896062464
 20
706.5739561406607
 10
547.7952833935441
 20
707.700279829137
 10
543.9013326652022
 20
708.6057792764675
 10
539.9620386791299
 20
709.2875009316652
 10
535.9902505935188
 20
709.7432211603884
 10
531.9989235555587
 20
709.9714534979732
 10
528.0010764444413
 20
709.9714534979732
 10
524.0097494064812
 20
709.7432211603884
 10
520.0379613208701
 20
709.2875009316652
 10
516.0986673347978
 20
708.6057792764675
 10
512.2047166064559
 20
707.700279829137
 10
508.3688103937537
 20
706.5739561406608
 10
504.6034606254551
 20
705.2304820448016
 10
500.920949089868
 20
703.6742396748162
 10
497.3332873742029
 20
701.910305169847
 10
493.8521776852727
 20
699.9444321176112
 10
490.48897467932613
 20
697.7830327873942
 10
487.25464842551935
 20
695.4331572145593
 10
484.15974862383007
 20
692.9024702047981
 10
481.21437019412946
 20
690.1992263331274
 10
478.42812034865165
 20
687.3322430191813
 10
475.81008725526425
 20
684.310871766621
 10
473.3688103937537
 20
681.1449676604732
 10
471.11225270181734
 20
677.8448572218919
 10
469.04777460161563
 20
674.4213047251923
 10
467.18210999160493
 20
670.8854770870255
 10
465.5213442819605
 20
667.2489074422174
 10
464.0708945452333
 20
663.5234575250802
 10
462.8354918469852
 20
659.7212789789002
 10
461.81916581403664
 20
655.8547737198035
 10
461.0252314906615
 20
651.9365534842836
 10
460.4562785256015
 20
647.9793986923378
 10
460.1141627251705
 20
643.9962167603937
 10
460.0
 20
640.0
 10
460.1141627251705
 20
636.0037832396063
 10
460.4562785256015
 20
632.0206013076622
 10
461.0252314906615
 20
628.0634465157164
 10
461.81916581403664
 20
624.1452262801965
 10
462.8354918469852
 20
620.2787210211
 10
464.0708945452333
 20
616.4765424749199
 10
465.52134428196047
 20
612.7510925577826
 10
467.18210999160493
 20
609.1145229129745
 10
469.0477746016156
 20
605.5786952748078
 10
471.1122527018173
 20
602.1551427781081
 10
473.3688103937537
 20
598.8550323395269
 10
475.8100872552642
 20
595.689128233379
 10
478.42812034865165
 20
592.6677569808187
 10
481.21437019412946
 20
589.8007736668725
 10
484.15974862383
 20
587.0975297952019
 10
487.2546484255193
 20
584.5668427854407
 10
490.48897467932613
 20
582.2169672126058
 10
493.85217768527264
 20
580.0555678823888
 10
497.3332873742028
 20
578.089694830153
 10
500.920949089868
 20
576.3257603251838
 10
504.60346062545517
 20
574.7695179551984
 10
508.3688103937537
 20
573.4260438593393
 10
512.2047166064559
 20
572.299720170863
 10
516.0986673347978
 20
571.3942207235325
 10
520.0379613208701
 20
570.7124990683348
 10
524.0097494064812
 20
570.2567788396116
 10
528.0010764444412
 20
570.0285465020268
 10
531.9989235555587
 20
570.0285465020268
 10
535.9902505935188
 20
570.2567788396116
 10
539.9620386791299
 20
570.7124990683348
 10
543.9013326652022
 20
571.3942207235325
 10
547.7952833935441
 20
572.299720170863
 10
551.6311896062463
 20
573.4260438593392
 10
555.3965393745448
 20
574.7695179551984
 10
559.079050910132
 20
576.3257603251838
 10
562.6667126257971
 20
578.089694830153
 10
566.1478223147273
 20
580.0555678823887
 10
569.5110253206739
 20
582.2169672126058
 10
572.7453515744807
 20
584.5668427854407
 10
575.8402513761699
 20
587.0975297952019
 10
578.7856298058705
 20
589.8007736668725
 10
581.5718796513484
 20
592.6677569808186
 10
584.1899127447357
 20
595.689128233379
 10
586.6311896062463
 20
598.8550323395268
 10
588.8877472981826
 20
602.1551427781081
 10
590.9522253983844
 20
605.5786952748077
 10
592.8178900083951
 20
609.1145229129745
 10
594.4786557180395
 20
612.7510925577826
 10
595.9291054547667
 20
616.4765424749198
 10
597.1645081530148
 20
620.2787210211
 10
598.1808341859634
 20
624.1452262801965
 10
598.9747685093386
 20
628.0634465157164
 10
599.5437214743985
 20
632.0206013076621
 10
599.8858372748296
 20
636.0037832396063
 10
600.0
 20
640.0
  0
LWPOLYLINE
  5
D8
330
17
100
AcDbEntity
  8
XY
100
AcDbPolyline
 90
2
 70
0
 10
0.0
 20
0.0
 10
0.0
 20
1280.0
  0
LWPOLYLINE
  5
D9
330
17
100
AcDbEntity
  8
XY
100
AcDbPolyline
 90
2
 70
0
 10
0.0
 20
0.0
 10
0.0
 20
1280.0
  0
LWPOLYLINE
  5
DA
330
17
100
AcDbEntity
  8
XY
100
AcDbPolyline
 90
2
 70
0
 10
0.0
 20
0.0
 10
1060.0
 20
0.0
  0
LWPOLYLINE
  5
DB
330
17
100
AcDbEntity
  8
XY
100
AcDbPolyline
 90
2
 70
0
 10
0.0
 20
0.0
 10
1060.0
 20
0.0
  0
LWPOLYLINE
  5
DC
330
17
100
AcDbEntity
  8
XY
100
AcDbPolyline
 90
2
 70
0
 10
0.0
 20
1280.0
 10
1060.0
 20
1280.0
  0
LWPOLYLINE
  5
DD
330
17
100
AcDbEntity
  8
XY
100
AcDbPolyline
 90
2
 70
0
 10
1060.0
 20
0.0
 10
1060.0
 20
1280.0
  0
LWPOLYLINE
  5
DE
330
17
100
AcDbEntity
  8
XY
100
AcDbPolyline
 90
2
 70
0
 10
180.0
 20
180.0
 10
180.0
 20
1100.0
  0
LWPOLYLINE
  5
DF
330
17
100
AcDbEntity
  8
XY
100
AcDbPolyline
 90
2
 70
0
 10
180.0
 20
180.0
 10
880.0
 20
180.0
  0
LWPOLYLINE
  5
E0
330
17
100
AcDbEntity
  8
XY
100
AcDbPolyline
 90
2
 70
0
 10
880.0
 20
180.0
 10
880.0
 20
1100.0
  0
LWPOLYLINE
  5
E1
330
17
100
AcDbEntity
  8
XY
100
AcDbPolyline
 90
2
 70
0
 10
180.0
 20
1100.0
 10
880.0
 20
1100.0
  0
LWPOLYLINE
  5
E2
330
17
100
AcDbEntity
  8
XY
100
AcDbPolyline
 90
2
 70
0
 10
0.0
 20
1280.0
 10
1060.0
 20
1280.0
  0
LWPOLYLINE
  5
E3
330
17
100
AcDbEntity
  8
XY
100
AcDbPolyline
 90
2
 70
0
 10
1060.0
 20
0.0
 10
1060.0
 20
1280.0
  0
LWPOLYLINE
  5
E4
330
17
100
AcDbEntity
  8
XY
100
AcDbPolyline
 90
2
 70
0
 10
180.0
 20
180.0
 10
180.0
 20
1100.0
  0
LWPOLYLINE
  5
E5
330
17
100
AcDbEntity
  8
XY
100
AcDbPolyline
 90
2
 70
0
 10
180.0
 20
180.0
 10
880.0
 20
180.0
  0
LWPOLYLINE
  5
E6
330
17
100
AcDbEntity
  8
XY
100
AcDbPolyline
 90
2
 70
0
 10
880.0
 20
180.0
 10
880.0
 20
1100.0
  0
LWPOLYLINE
  5
E7
330
17
100
AcDbEntity
  8
XY
100
AcDbPolyline
 90
2
 70
0
 10
180.0
 20
1100.0
 10
880.0
 20
1100.0
  0
DIMENSION
  5
E8
330
17
100
AcDbEntity
  8
DIMENSIONS
100
AcDbDimension
280
0
  2
*D1
  3
Standard
 10
0.0
 20
-24.0
 30
0.0
 11
530.0
 21
-24.0
 31
0.0
 70
32
 71
5
  1
<>
100
AcDbAlignedDimension
 13
0.0
 23
0.0
 33
0.0
 14
1060.0
 24
0.0
 34
0.0
 50
0.0
100
AcDbRotatedDimension
1001
ACAD
1000
DSTYLE
1002
{
1070
140
1040
3.0
1070
41
1040
3.0
1070
271
1070
3
1002
}
  0
DIMENSION
  5
FC
330
17
100
AcDbEntity
  8
DIMENSIONS
100
AcDbDimension
280
0
  2
*D2
  3
Standard
 10
-24.0
 20
0.0
 30
0.0
 11
-24.0
 21
640.0
 31
0.0
 70
32
 71
5
  1
<>
100
AcDbAlignedDimension
 13
0.0
 23
0.0
 33
0.0
 14
0.0
 24
1280.0
 34
0.0
 50
90.0
100
AcDbRotatedDimension
1001
ACAD
1000
DSTYLE
1002
{
1070
140
1040
3.0
1070
41
1040
3.0
1070
271
1070
3
1002
}
  0
LWPOLYLINE
  5
10C
330
17
100
AcDbEntity
  8
XZ
100
AcDbPolyline
 90
2
 70
0
 10
170.0
 20
-183.53642571757132
 10
170.0
 20
-179.53642571757132
  0
LWPOLYLINE
  5
10D
330
17
100
AcDbEntity
  8
XZ
100
AcDbPolyline
 90
2
 70
0
 10
170.0
 20
-183.53642571757132
 10
170.0
 20
-179.53642571757132
  0
LWPOLYLINE
  5
10E
330
17
100
AcDbEntity
  8
XZ
100
AcDbPolyline
 90
2
 70
0
 10
170.0
 20
-183.53642571757132
 10
890.0
 20
-183.53642571757132
  0
LWPOLYLINE
  5
10F
330
17
100
AcDbEntity
  8
XZ
100
AcDbPolyline
 90
2
 70
0
 10
890.0
 20
-183.53642571757132
 10
890.0
 20
-179.53642571757132
  0
LWPOLYLINE
  5
110
330
17
100
AcDbEntity
  8
XZ
100
AcDbPolyline
 90
2
 70
0
 10
170.0
 20
-179.53642571757132
 10
890.0
 20
-179.53642571757132
  0
LWPOLYLINE
  5
111
330
17
100
AcDbEntity
  8
XZ
100
AcDbPolyline
 90
2
 70
0
 10
170.0
 20
-179.53642571757132
 10
890.0
 20
-179.53642571757132
  0
LWPOLYLINE
  5
112
330
17
100
AcDbEntity
  8
XZ
100
AcDbPolyline
 90
16
 70
0
 10
765.0
 20
-179.53642571757132
 10
764.5677272882131
 20
-179.53642571757132
 10
763.3456530317943
 20
-179.53642571757132
 10
761.5450849718748
 20
-179.53642571757132
 10
759.4773576836617
 20
-179.53642571757132
 10
757.5
 20
-179.53642571757132
 10
755.9549150281252
 20
-179.53642571757132
 10
755.109261996331
 20
-179.53642571757132
 10
755.109261996331
 20
-179.53642571757132
 10
755.9549150281252
 20
-179.53642571757132
 10
757.5
 20
-179.53642571757132
 10
759.4773576836617
 20
-179.53642571757132
 10
761.5450849718748
 20
-179.53642571757132
 10
763.3456530317943
 20
-179.53642571757132
 10
764.5677272882131
 20
-179.53642571757132
 10
765.0
 20
-179.53642571757132
  0
LWPOLYLINE
  5
113
330
17
100
AcDbEntity
  8
XZ
100
AcDbPolyline
 90
50
 70
0
 10
561.0
 20
-179.53642571757132
 10
560.7454904285206
 20
-179.53642571757132
 10
559.9861407542099
 20
-179.53642571757132
 10
558.7344194777266
 20
-179.53642571757132
 10
557.0108798278251
 20
-179.53642571757132
 10
554.8438222779066
 20
-179.53642571757132
 10
552.2688298530295
 20
-179.53642571757132
 10
549.3281838576207
 20
-179.53642571757132
 10
546.0701696176263
 20
-179.53642571757132
 10
542.5482836367942
 20
-179.53642571757132
 10
538.820355185562
 20
-179.53642571757132
 10
534.9475967460347
 20
-179.53642571757132
 10
530.9935989047214
 20
-179.53642571757132
 10
527.0232861968618
 20
-179.53642571757132
 10
523.1018510473542
 20
-179.53642571757132
 10
519.2936833129395
 20
-179.53642571757132
 10
515.6613130025341
 20
-179.53642571757132
 10
512.2643835362128
 20
-179.53642571757132
 10
509.1586724018992
 20
-179.53642571757132
 10
506.39517529055684
 20
-179.53642571757132
 10
504.01926874835294
 20
-179.53642571757132
 10
502.069965095025
 20
-179.53642571757132
 10
500.5792718426693
 20
-179.53642571757132
 10
499.57166613327695
 20
-179.53642571757132
 10
499.0636928247396
 20
-179.53642571757132
 10
499.0636928247396
 20
-179.53642571757132
 10
499.57166613327695
 20
-179.53642571757132
 10
500.57927184266924
 20
-179.53642571757132
 10
502.069965095025
 20
-179.53642571757132
 10
504.01926874835294
 20
-179.53642571757132
 10
506.39517529055684
 20
-179.53642571757132
 10
509.1586724018992
 20
-179.53642571757132
 10
512.2643835362127
 20
-179.53642571757132
 10
515.661313002534
 20
-179.53642571757132
 10
519.2936833129395
 20
-179.53642571757132
 10
523.1018510473542
 20
-179.53642571757132
 10
527.0232861968618
 20
-179.53642571757132
 10
530.9935989047214
 20
-179.53642571757132
 10
534.9475967460347
 20
-179.53642571757132
 10
538.820355185562
 20
-179.53642571757132
 10
542.5482836367942
 20
-179.53642571757132
 10
546.0701696176263
 20
-179.53642571757132
 10
549.3281838576207
 20
-179.53642571757132
 10
552.2688298530295
 20
-179.53642571757132
 10
554.8438222779066
 20
-179.53642571757132
 10
557.0108798278251
 20
-179.53642571757132
 10
558.7344194777266
 20
-179.53642571757132
 10
559.9861407542099
 20
-179.53642571757132
 10
560.7454904285206
 20
-179.53642571757132
 10
561.0
 20
-179.53642571757132
  0
LWPOLYLINE
  5
114
330
17
100
AcDbEntity
  8
XZ
100
AcDbPolyline
 90
16
 70
0
 10
765.0
 20
-179.53642571757132
 10
764.5677272882131
 20
-179.53642571757132
 10
763.3456530317943
 20
-179.53642571757132
 10
761.5450849718748
 20
-179.53642571757132
 10
759.4773576836617
 20
-179.53642571757132
 10
757.5
 20
-179.53642571757132
 10
755.9549150281252
 20
-179.53642571757132
 10
755.109261996331
 20
-179.53642571757132
 10
755.109261996331
 20
-179.53642571757132
 10
755.9549150281252
 20
-179.53642571757132
 10
757.5
 20
-179.53642571757132
 10
759.4773576836617
 20
-179.53642571757132
 10
761.5450849718748
 20
-179.53642571757132
 10
763.3456530317943
 20
-179.53642571757132
 10
764.5677272882131
 20
-179.53642571757132
 10
765.0
 20
-179.53642571757132
  0
LWPOLYLINE
  5
115
330
17
100
AcDbEntity
  8
XZ
100
AcDbPolyline
 90
2
 70
0
 10
170.0
 20
-183.53642571757132
 10
890.0
 20
-183.53642571757132
  0
LWPOLYLINE
  5
116
330
17
100
AcDbEntity
  8
XZ
100
AcDbPolyline
 90
2
 70
0
 10
890.0
 20
-183.53642571757132
 10
890.0
 20
-179.53642571757132
  0
LWPOLYLINE
  5
117
330
17
100
AcDbEntity
  8
XZ
100
AcDbPolyline
 90
16
 70
0
 10
765.0
 20
-183.53642571757132
 10
764.5677272882131
 20
-183.53642571757132
 10
763.3456530317943
 20
-183.53642571757132
 10
761.5450849718748
 20
-183.53642571757132
 10
759.4773576836617
 20
-183.53642571757132
 10
757.5
 20
-183.53642571757132
 10
755.9549150281252
 20
-183.53642571757132
 10
755.109261996331
 20
-183.53642571757132
 10
755.109261996331
 20
-183.53642571757132
 10
755.9549150281252
 20
-183.53642571757132
 10
757.5
 20
-183.53642571757132
 10
759.4773576836617
 20
-183.53642571757132
 10
761.5450849718748
 20
-183.53642571757132
 10
763.3456530317943
 20
-183.53642571757132
 10
764.5677272882131
 20
-183.53642571757132
 10
765.0
 20
-183.53642571757132
  0
LWPOLYLINE
  5
118
330
17
100
AcDbEntity
  8
XZ
100
AcDbPolyline
 90
50
 70
0
 10
561.0
 20
-183.53642571757132
 10
560.7454904285206
 20
-183.53642571757132
 10
559.9861407542099
 20
-183.53642571757132
 10
558.7344194777266
 20
-183.53642571757132
 10
557.0108798278251
 20
-183.53642571757132
 10
554.8438222779066
 20
-183.53642571757132
 10
552.2688298530295
 20
-183.53642571757132
 10
549.3281838576207
 20
-183.53642571757132
 10
546.0701696176263
 20
-183.53642571757132
 10
542.5482836367942
 20
-183.53642571757132
 10
538.820355185562
 20
-183.53642571757132
 10
534.9475967460347
 20
-183.53642571757132
 10
530.9935989047214
 20
-183.53642571757132
 10
527.0232861968618
 20
-183.53642571757132
 10
523.1018510473542
 20
-183.53642571757132
 10
519.2936833129395
 20
-183.53642571757132
 10
515.6613130025341
 20
-183.53642571757132
 10
512.2643835362128
 20
-183.53642571757132
 10
509.1586724018992
 20
-183.53642571757132
 10
506.39517529055684
 20
-183.53642571757132
 10
504.01926874835294
 20
-183.53642571757132
 10
502.069965095025
 20
-183.53642571757132
 10
500.5792718426693
 20
-183.53642571757132
 10
499.57166613327695
 20
-183.53642571757132
 10
499.0636928247396
 20
-183.53642571757132
 10
499.0636928247396
 20
-183.53642571757132
 10
499.57166613327695
 20
-183.53642571757132
 10
500.57927184266924
 20
-183.53642571757132
 10
502.069965095025
 20
-183.53642571757132
 10
504.01926874835294
 20
-183.53642571757132
 10
506.39517529055684
 20
-183.53642571757132
 10
509.1586724018992
 20
-183.53642571757132
 10
512.2643835362127
 20
-183.53642571757132
 10
515.661313002534
 20
-183.53642571757132
 10
519.2936833129395
 20
-183.53642571757132
 10
523.1018510473542
 20
-183.53642571757132
 10
527.0232861968618
 20
-183.53642571757132
 10
530.9935989047214
 20
-183.53642571757132
 10
534.9475967460347
 20
-183.53642571757132
 10
538.820355185562
 20
-183.53642571757132
 10
542.5482836367942
 20
-183.53642571757132
 10
546.0701696176263
 20
-183.53642571757132
 10
549.3281838576207
 20
-183.53642571757132
 10
552.2688298530295
 20
-183.53642571757132
 10
554.8438222779066
 20
-183.53642571757132
 10
557.0108798278251
 20
-183.53642571757132
 10
558.7344194777266
 20
-183.53642571757132
 10
559.9861407542099
 20
-183.53642571757132
 10
560.7454904285206
 20
-183.53642571757132
 10
561.0
 20
-183.53642571757132
  0
LWPOLYLINE
  5
119
330
17
100
AcDbEntity
  8
XZ
100
AcDbPolyline
 90
16
 70
0
 10
765.0
 20
-183.53642571757132
 10
764.5677272882131
 20
-183.53642571757132
 10
763.3456530317943
 20
-183.53642571757132
 10
761.5450849718748
 20
-183.53642571757132
 10
759.4773576836617
 20
-183.53642571757132
 10
757.5
 20
-183.53642571757132
 10
755.9549150281252
 20
-183.53642571757132
 10
755.109261996331
 20
-183.53642571757132
 10
755.109261996331
 20
-183.53642571757132
 10
755.9549150281252
 20
-183.53642571757132
 10
757.5
 20
-183.53642571757132
 10
759.4773576836617
 20
-183.53642571757132
 10
761.5450849718748
 20
-183.53642571757132
 10
763.3456530317943
 20
-183.53642571757132
 10
764.5677272882131
 20
-183.53642571757132
 10
765.0
 20
-183.53642571757132
  0
LWPOLYLINE
  5
11A
330
17
100
AcDbEntity
  8
XZ
100
AcDbPolyline
 90
2
 70
0
 10
765.0
 20
-183.53642571757132
 10
765.0
 20
-179.53642571757132
  0
LWPOLYLINE
  5
11B
330
17
100
AcDbEntity
  8
XZ
100
AcDbPolyline
 90
2
 70
0
 10
561.0
 20
-183.53642571757132
 10
561.0
 20
-179.53642571757132
  0
LWPOLYLINE
  5
11C
330
17
100
AcDbEntity
  8
XZ
100
AcDbPolyline
 90
2
 70
0
 10
765.0
 20
-183.53642571757132
 10
765.0
 20
-179.53642571757132
  0
LWPOLYLINE
  5
11D
330
17
100
AcDbEntity
  8
XZ
100
AcDbPolyline
 90
2
 70
0
 10
180.0
 20
-363.5364257175713
 10
180.0
 20
-183.53642571757132
  0
LWPOLYLINE
  5
11E
330
17
100
AcDbEntity
  8
XZ
100
AcDbPolyline
 90
2
 70
0
 10
180.0
 20
-363.5364257175713
 10
180.0
 20
-183.53642571757132
  0
LWPOLYLINE
  5
11F
330
17
100
AcDbEntity
  8
XZ
100
AcDbPolyline
 90
2
 70
0
 10
180.0
 20
-363.5364257175713
 10
880.0
 20
-363.5364257175713
  0
LWPOLYLINE
  5
120
330
17
100
AcDbEntity
  8
XZ
100
AcDbPolyline
 90
2
 70
0
 10
880.0
 20
-363.5364257175713
 10
880.0
 20
-183.53642571757132
  0
LWPOLYLINE
  5
121
330
17
100
AcDbEntity
  8
XZ
100
AcDbPolyline
 90
2
 70
0
 10
180.0
 20
-183.53642571757132
 10
880.0
 20
-183.53642571757132
  0
LWPOLYLINE
  5
122
330
17
100
AcDbEntity
  8
XZ
100
AcDbPolyline
 90
2
 70
0
 10
180.0
 20
-183.53642571757132
 10
880.0
 20
-183.53642571757132
  0
LWPOLYLINE
  5
123
330
17
100
AcDbEntity
  8
XZ
100
AcDbPolyline
 90
2
 70
0
 10
182.0
 20
-183.53642571757132
 10
878.0
 20
-183.53642571757132
  0
LWPOLYLINE
  5
124
330
17
100
AcDbEntity
  8
XZ
100
AcDbPolyline
 90
2
 70
0
 10
182.0
 20
-183.53642571757132
 10
878.0
 20
-183.53642571757132
  0
LWPOLYLINE
  5
125
330
17
100
AcDbEntity
  8
XZ
100
AcDbPolyline
 90
2
 70
0
 10
180.0
 20
-363.5364257175713
 10
880.0
 20
-363.5364257175713
  0
LWPOLYLINE
  5
126
330
17
100
AcDbEntity
  8
XZ
100
AcDbPolyline
 90
2
 70
0
 10
880.0
 20
-363.5364257175713
 10
880.0
 20
-183.53642571757132
  0
LWPOLYLINE
  5
127
330
17
100
AcDbEntity
  8
XZ
100
AcDbPolyline
 90
2
 70
0
 10
182.0
 20
-363.5364257175713
 10
878.0
 20
-363.5364257175713
  0
LWPOLYLINE
  5
128
330
17
100
AcDbEntity
  8
XZ
100
AcDbPolyline
 90
2
 70
0
 10
182.0
 20
-363.5364257175713
 10
878.0
 20
-363.5364257175713
  0
LWPOLYLINE
  5
129
330
17
100
AcDbEntity
  8
XZ
100
AcDbPolyline
 90
2
 70
0
 10
182.0
 20
-363.5364257175713
 10
182.0
 20
-183.53642571757132
  0
LWPOLYLINE
  5
12A
330
17
100
AcDbEntity
  8
XZ
100
AcDbPolyline
 90
2
 70
0
 10
182.0
 20
-363.5364257175713
 10
182.0
 20
-183.53642571757132
  0
LWPOLYLINE
  5
12B
330
17
100
AcDbEntity
  8
XZ
100
AcDbPolyline
 90
2
 70
0
 10
878.0
 20
-363.5364257175713
 10
878.0
 20
-183.53642571757132
  0
LWPOLYLINE
  5
12C
330
17
100
AcDbEntity
  8
XZ
100
AcDbPolyline
 90
2
 70
0
 10
878.0
 20
-363.5364257175713
 10
878.0
 20
-183.53642571757132
  0
LWPOLYLINE
  5
12D
330
17
100
AcDbEntity
  8
XZ
100
AcDbPolyline
 90
2
 70
0
 10
196.81360721321875
 20
-171.53642571757132
 10
195.0696953696156
 20
-146.5973244610757
  0
LWPOLYLINE
  5
12E
330
17
100
AcDbEntity
  8
XZ
100
AcDbPolyline
 90
2
 70
0
 10
196.81360721321875
 20
-171.53642571757132
 10
195.0696953696156
 20
-146.5973244610757
  0
LWPOLYLINE
  5
12F
330
17
100
AcDbEntity
  8
XZ
100
AcDbPolyline
 90
2
 70
0
 10
863.1863927867812
 20
-124.93910125649563
 10
861.4424809431781
 20
-100.0
  0
LWPOLYLINE
  5
130
330
17
100
AcDbEntity
  8
XZ
100
AcDbPolyline
 90
2
 70
0
 10
863.1863927867812
 20
-124.93910125649563
 10
861.4424809431781
 20
-100.0
  0
LWPOLYLINE
  5
131
330
17
100
AcDbEntity
  8
XZ
100
AcDbPolyline
 90
2
 70
0
 10
196.81360721321875
 20
-171.53642571757132
 10
863.1863927867814
 20
-124.93910125649563
  0
LWPOLYLINE
  5
132
330
17
100
AcDbEntity
  8
XZ
100
AcDbPolyline
 90
2
 70
0
 10
195.0696953696156
 20
-146.5973244610757
 10
861.4424809431782
 20
-100.0
  0
LWPOLYLINE
  5
133
330
17
100
AcDbEntity
  8
XZ
100
AcDbPolyline
 90
2
 70
0
 10
196.81360721321875
 20
-171.53642571757132
 10
863.1863927867814
 20
-124.93910125649563
  0
LWPOLYLINE
  5
134
330
17
100
AcDbEntity
  8
XZ
100
AcDbPolyline
 90
2
 70
0
 10
195.0696953696156
 20
-146.5973244610757
 10
861.4424809431782
 20
-100.0
  0
LWPOLYLINE
  5
135
330
17
100
AcDbEntity
  8
XZ
100
AcDbPolyline
 90
2
 70
0
 10
210.0
 20
-179.53642571757132
 10
850.0
 20
-179.53642571757132
  0
LWPOLYLINE
  5
136
330
17
100
AcDbEntity
  8
XZ
100
AcDbPolyline
 90
2
 70
0
 10
210.0
 20
-179.53642571757132
 10
850.0
 20
-179.53642571757132
  0
LWPOLYLINE
  5
137
330
17
100
AcDbEntity
  8
XZ
100
AcDbPolyline
 90
2
 70
0
 10
850.0
 20
-179.53642571757132
 10
850.0
 20
-125.86118366511016
  0
LWPOLYLINE
  5
138
330
17
100
AcDbEntity
  8
XZ
100
AcDbPolyline
 90
2
 70
0
 10
850.0
 20
-179.53642571757132
 10
850.0
 20
-125.86118366511016
  0
LWPOLYLINE
  5
139
330
17
100
AcDbEntity
  8
XZ
100
AcDbPolyline
 90
2
 70
0
 10
850.0
 20
-125.86118366511016
 10
209.9999999999999
 20
-170.6143433089569
  0
LWPOLYLINE
  5
13A
330
17
100
AcDbEntity
  8
XZ
100
AcDbPolyline
 90
2
 70
0
 10
850.0
 20
-125.86118366511016
 10
209.9999999999999
 20
-170.6143433089569
  0
LWPOLYLINE
  5
13B
330
17
100
AcDbEntity
  8
XZ
100
AcDbPolyline
 90
2
 70
0
 10
210.00000000000006
 20
-170.6143433089568
 10
210.0
 20
-179.53642571757132
  0
LWPOLYLINE
  5
13C
330
17
100
AcDbEntity
  8
XZ
100
AcDbPolyline
 90
2
 70
0
 10
210.00000000000006
 20
-170.6143433089568
 10
210.0
 20
-179.53642571757132
  0
LWPOLYLINE
  5
13D
330
17
100
AcDbEntity
  8
XZ
100
AcDbPolyline
 90
2
 70
0
 10
210.0
 20
-179.53642571757132
 10
850.0
 20
-179.53642571757132
  0
LWPOLYLINE
  5
13E
330
17
100
AcDbEntity
  8
XZ
100
AcDbPolyline
 90
2
 70
0
 10
210.0
 20
-179.53642571757132
 10
850.0
 20
-179.53642571757132
  0
LWPOLYLINE
  5
13F
330
17
100
AcDbEntity
  8
XZ
100
AcDbPolyline
 90
2
 70
0
 10
850.0
 20
-179.53642571757132
 10
850.0
 20
-125.86118366511016
  0
LWPOLYLINE
  5
140
330
17
100
AcDbEntity
  8
XZ
100
AcDbPolyline
 90
2
 70
0
 10
850.0
 20
-179.53642571757132
 10
850.0
 20
-125.86118366511016
  0
LWPOLYLINE
  5
141
330
17
100
AcDbEntity
  8
XZ
100
AcDbPolyline
 90
2
 70
0
 10
850.0
 20
-125.86118366511016
 10
209.9999999999999
 20
-170.6143433089569
  0
LWPOLYLINE
  5
142
330
17
100
AcDbEntity
  8
XZ
100
AcDbPolyline
 90
2
 70
0
 10
850.0
 20
-125.86118366511016
 10
209.9999999999999
 20
-170.6143433089569
  0
LWPOLYLINE
  5
143
330
17
100
AcDbEntity
  8
XZ
100
AcDbPolyline
 90
2
 70
0
 10
210.00000000000006
 20
-170.6143433089568
 10
210.0
 20
-179.53642571757132
  0
LWPOLYLINE
  5
144
330
17
100
AcDbEntity
  8
XZ
100
AcDbPolyline
 90
2
 70
0
 10
210.00000000000006
 20
-170.6143433089568
 10
210.0
 20
-179.53642571757132
  0
LWPOLYLINE
  5
145
330
17
100
AcDbEntity
  8
XZ
100
AcDbPolyline
 90
2
 70
0
 10
196.81360721321875
 20
-171.53642571757132
 10
195.0696953696156
 20
-146.5973244610757
  0
LWPOLYLINE
  5
146
330
17
100
AcDbEntity
  8
XZ
100
AcDbPolyline
 90
2
 70
0
 10
196.81360721321875
 20
-171.53642571757132
 10
195.0696953696156
 20
-146.5973244610757
  0
LWPOLYLINE
  5
147
330
17
100
AcDbEntity
  8
XZ
100
AcDbPolyline
 90
2
 70
0
 10
863.1863927867812
 20
-124.93910125649563
 10
861.4424809431781
 20
-100.0
  0
LWPOLYLINE
  5
148
330
17
100
AcDbEntity
  8
XZ
100
AcDbPolyline
 90
2
 70
0
 10
863.1863927867812
 20
-124.93910125649563
 10
861.4424809431781
 20
-100.0
  0
LWPOLYLINE
  5
149
330
17
100
AcDbEntity
  8
XZ
100
AcDbPolyline
 90
2
 70
0
 10
196.81360721321875
 20
-171.53642571757132
 10
863.1863927867814
 20
-124.93910125649563
  0
LWPOLYLINE
  5
14A
330
17
100
AcDbEntity
  8
XZ
100
AcDbPolyline
 90
2
 70
0
 10
195.0696953696156
 20
-146.5973244610757
 10
861.4424809431782
 20
-100.0
  0
LWPOLYLINE
  5
14B
330
17
100
AcDbEntity
  8
XZ
100
AcDbPolyline
 90
2
 70
0
 10
196.81360721321875
 20
-171.53642571757132
 10
863.1863927867814
 20
-124.93910125649563
  0
LWPOLYLINE
  5
14C
330
17
100
AcDbEntity
  8
XZ
100
AcDbPolyline
 90
2
 70
0
 10
195.0696953696156
 20
-146.5973244610757
 10
861.4424809431782
 20
-100.0
  0
LWPOLYLINE
  5
14D
330
17
100
AcDbEntity
  8
XZ
100
AcDbPolyline
 90
2
 70
0
 10
210.0
 20
-179.53642571757132
 10
850.0
 20
-179.53642571757132
  0
LWPOLYLINE
  5
14E
330
17
100
AcDbEntity
  8
XZ
100
AcDbPolyline
 90
2
 70
0
 10
210.0
 20
-179.53642571757132
 10
850.0
 20
-179.53642571757132
  0
LWPOLYLINE
  5
14F
330
17
100
AcDbEntity
  8
XZ
100
AcDbPolyline
 90
2
 70
0
 10
850.0
 20
-179.53642571757132
 10
850.0
 20
-125.86118366511016
  0
LWPOLYLINE
  5
150
330
17
100
AcDbEntity
  8
XZ
100
AcDbPolyline
 90
2
 70
0
 10
850.0
 20
-179.53642571757132
 10
850.0
 20
-125.86118366511016
  0
LWPOLYLINE
  5
151
330
17
100
AcDbEntity
  8
XZ
100
AcDbPolyline
 90
2
 70
0
 10
850.0
 20
-125.86118366511016
 10
209.9999999999999
 20
-170.6143433089569
  0
LWPOLYLINE
  5
152
330
17
100
AcDbEntity
  8
XZ
100
AcDbPolyline
 90
2
 70
0
 10
850.0
 20
-125.86118366511016
 10
209.9999999999999
 20
-170.6143433089569
  0
LWPOLYLINE
  5
153
330
17
100
AcDbEntity
  8
XZ
100
AcDbPolyline
 90
2
 70
0
 10
210.00000000000006
 20
-170.6143433089568
 10
210.0
 20
-179.53642571757132
  0
LWPOLYLINE
  5
154
330
17
100
AcDbEntity
  8
XZ
100
AcDbPolyline
 90
2
 70
0
 10
210.00000000000006
 20
-170.6143433089568
 10
210.0
 20
-179.53642571757132
  0
LWPOLYLINE
  5
155
330
17
100
AcDbEntity
  8
XZ
100
AcDbPolyline
 90
2
 70
0
 10
210.0
 20
-179.53642571757132
 10
850.0
 20
-179.53642571757132
  0
LWPOLYLINE
  5
156
330
17
100
AcDbEntity
  8
XZ
100
AcDbPolyline
 90
2
 70
0
 10
210.0
 20
-179.53642571757132
 10
850.0
 20
-179.53642571757132
  0
LWPOLYLINE
  5
157
330
17
100
AcDbEntity
  8
XZ
100
AcDbPolyline
 90
2
 70
0
 10
850.0
 20
-179.53642571757132
 10
850.0
 20
-125.86118366511016
  0
LWPOLYLINE
  5
158
330
17
100
AcDbEntity
  8
XZ
100
AcDbPolyline
 90
2
 70
0
 10
850.0
 20
-179.53642571757132
 10
850.0
 20
-125.86118366511016
  0
LWPOLYLINE
  5
159
330
17
100
AcDbEntity
  8
XZ
100
AcDbPolyline
 90
2
 70
0
 10
850.0
 20
-125.86118366511016
 10
209.9999999999999
 20
-170.6143433089569
  0
LWPOLYLINE
  5
15A
330
17
100
AcDbEntity
  8
XZ
100
AcDbPolyline
 90
2
 70
0
 10
850.0
 20
-125.86118366511016
 10
209.9999999999999
 20
-170.6143433089569
  0
LWPOLYLINE
  5
15B
330
17
100
AcDbEntity
  8
XZ
100
AcDbPolyline
 90
2
 70
0
 10
210.00000000000006
 20
-170.6143433089568
 10
210.0
 20
-179.53642571757132
  0
LWPOLYLINE
  5
15C
330
17
100
AcDbEntity
  8
XZ
100
AcDbPolyline
 90
2
 70
0
 10
210.00000000000006
 20
-170.6143433089568
 10
210.0
 20
-179.53642571757132
  0
LWPOLYLINE
  5
15D
330
17
100
AcDbEntity
  8
XZ
100
AcDbPolyline
 90
2
 70
0
 10
392.5
 20
-334.63642571757134
 10
392.5
 20
-268.0364257175714
  0
LWPOLYLINE
  5
15E
330
17
100
AcDbEntity
  8
XZ
100
AcDbPolyline
 90
2
 70
0
 10
392.5
 20
-334.63642571757134
 10
392.5
 20
-268.0364257175714
  0
LWPOLYLINE
  5
15F
330
17
100
AcDbEntity
  8
XZ
100
AcDbPolyline
 90
2
 70
0
 10
667.5
 20
-334.63642571757134
 10
667.5
 20
-268.0364257175714
  0
LWPOLYLINE
  5
160
330
17
100
AcDbEntity
  8
XZ
100
AcDbPolyline
 90
2
 70
0
 10
667.5
 20
-334.63642571757134
 10
667.5
 20
-268.0364257175714
  0
LWPOLYLINE
  5
161
330
17
100
AcDbEntity
  8
XZ
100
AcDbPolyline
 90
2
 70
0
 10
392.5
 20
-334.63642571757134
 10
667.5
 20
-334.63642571757134
  0
LWPOLYLINE
  5
162
330
17
100
AcDbEntity
  8
XZ
100
AcDbPolyline
 90
2
 70
0
 10
392.5
 20
-268.0364257175713
 10
667.5
 20
-268.0364257175713
  0
LWPOLYLINE
  5
163
330
17
100
AcDbEntity
  8
XZ
100
AcDbPolyline
 90
2
 70
0
 10
392.5
 20
-334.63642571757134
 10
667.5
 20
-334.63642571757134
  0
LWPOLYLINE
  5
164
330
17
100
AcDbEntity
  8
XZ
100
AcDbPolyline
 90
2
 70
0
 10
392.5
 20
-268.0364257175713
 10
667.5
 20
-268.0364257175713
  0
LWPOLYLINE
  5
165
330
17
100
AcDbEntity
  8
XZ
100
AcDbPolyline
 90
2
 70
0
 10
330.0
 20
-337.63642571757134
 10
330.0
 20
-334.63642571757134
  0
LWPOLYLINE
  5
166
330
17
100
AcDbEntity
  8
XZ
100
AcDbPolyline
 90
2
 70
0
 10
330.0
 20
-337.63642571757134
 10
330.0
 20
-334.63642571757134
  0
LWPOLYLINE
  5
167
330
17
100
AcDbEntity
  8
XZ
100
AcDbPolyline
 90
2
 70
0
 10
330.0
 20
-334.63642571757134
 10
330.0
 20
-183.53642571757138
  0
LWPOLYLINE
  5
168
330
17
100
AcDbEntity
  8
XZ
100
AcDbPolyline
 90
2
 70
0
 10
330.0
 20
-334.63642571757134
 10
330.0
 20
-183.53642571757138
  0
LWPOLYLINE
  5
169
330
17
100
AcDbEntity
  8
XZ
100
AcDbPolyline
 90
2
 70
0
 10
330.0
 20
-337.63642571757134
 10
730.0
 20
-337.63642571757134
  0
LWPOLYLINE
  5
16A
330
17
100
AcDbEntity
  8
XZ
100
AcDbPolyline
 90
2
 70
0
 10
730.0
 20
-337.63642571757134
 10
730.0
 20
-334.63642571757134
  0
LWPOLYLINE
  5
16B
330
17
100
AcDbEntity
  8
XZ
100
AcDbPolyline
 90
2
 70
0
 10
330.0
 20
-334.63642571757134
 10
730.0
 20
-334.63642571757134
  0
LWPOLYLINE
  5
16C
330
17
100
AcDbEntity
  8
XZ
100
AcDbPolyline
 90
2
 70
0
 10
330.0
 20
-334.63642571757134
 10
334.0
 20
-334.63642571757134
  0
LWPOLYLINE
  5
16D
330
17
100
AcDbEntity
  8
XZ
100
AcDbPolyline
 90
2
 70
0
 10
330.0
 20
-334.63642571757134
 10
334.0
 20
-334.63642571757134
  0
LWPOLYLINE
  5
16E
330
17
100
AcDbEntity
  8
XZ
100
AcDbPolyline
 90
2
 70
0
 10
330.0
 20
-334.63642571757134
 10
730.0
 20
-334.63642571757134
  0
LWPOLYLINE
  5
16F
330
17
100
AcDbEntity
  8
XZ
100
AcDbPolyline
 90
2
 70
0
 10
726.0
 20
-334.63642571757134
 10
730.0
 20
-334.63642571757134
  0
LWPOLYLINE
  5
170
330
17
100
AcDbEntity
  8
XZ
100
AcDbPolyline
 90
2
 70
0
 10
726.0
 20
-334.63642571757134
 10
730.0
 20
-334.63642571757134
  0
LWPOLYLINE
  5
171
330
17
100
AcDbEntity
  8
XZ
100
AcDbPolyline
 90
2
 70
0
 10
330.0
 20
-337.63642571757134
 10
730.0
 20
-337.63642571757134
  0
LWPOLYLINE
  5
172
330
17
100
AcDbEntity
  8
XZ
100
AcDbPolyline
 90
2
 70
0
 10
730.0
 20
-337.63642571757134
 10
730.0
 20
-334.63642571757134
  0
LWPOLYLINE
  5
173
330
17
100
AcDbEntity
  8
XZ
100
AcDbPolyline
 90
2
 70
0
 10
730.0
 20
-334.63642571757134
 10
730.0
 20
-183.53642571757138
  0
LWPOLYLINE
  5
174
330
17
100
AcDbEntity
  8
XZ
100
AcDbPolyline
 90
2
 70
0
 10
730.0
 20
-334.63642571757134
 10
730.0
 20
-183.53642571757138
  0
LWPOLYLINE
  5
175
330
17
100
AcDbEntity
  8
XZ
100
AcDbPolyline
 90
2
 70
0
 10
334.0
 20
-334.63642571757134
 10
334.0
 20
-183.53642571757138
  0
LWPOLYLINE
  5
176
330
17
100
AcDbEntity
  8
XZ
100
AcDbPolyline
 90
2
 70
0
 10
330.0
 20
-183.53642571757132
 10
334.0
 20
-183.53642571757132
  0
LWPOLYLINE
  5
177
330
17
100
AcDbEntity
  8
XZ
100
AcDbPolyline
 90
2
 70
0
 10
334.0
 20
-334.63642571757134
 10
334.0
 20
-183.53642571757138
  0
LWPOLYLINE
  5
178
330
17
100
AcDbEntity
  8
XZ
100
AcDbPolyline
 90
2
 70
0
 10
330.0
 20
-183.53642571757132
 10
334.0
 20
-183.53642571757132
  0
LWPOLYLINE
  5
179
330
17
100
AcDbEntity
  8
XZ
100
AcDbPolyline
 90
2
 70
0
 10
726.0
 20
-183.53642571757132
 10
730.0
 20
-183.53642571757132
  0
LWPOLYLINE
  5
17A
330
17
100
AcDbEntity
  8
XZ
100
AcDbPolyline
 90
2
 70
0
 10
726.0
 20
-334.63642571757134
 10
726.0
 20
-183.53642571757138
  0
LWPOLYLINE
  5
17B
330
17
100
AcDbEntity
  8
XZ
100
AcDbPolyline
 90
2
 70
0
 10
726.0
 20
-334.63642571757134
 10
726.0
 20
-183.53642571757138
  0
LWPOLYLINE
  5
17C
330
17
100
AcDbEntity
  8
XZ
100
AcDbPolyline
 90
2
 70
0
 10
726.0
 20
-183.53642571757132
 10
730.0
 20
-183.53642571757132
  0
LWPOLYLINE
  5
17D
330
17
100
AcDbEntity
  8
XZ
100
AcDbPolyline
 90
2
 70
0
 10
342.5
 20
-193.03642571757132
 10
342.5
 20
-191.53642571757132
  0
LWPOLYLINE
  5
17E
330
17
100
AcDbEntity
  8
XZ
100
AcDbPolyline
 90
2
 70
0
 10
342.5
 20
-193.03642571757132
 10
342.5
 20
-191.53642571757132
  0
LWPOLYLINE
  5
17F
330
17
100
AcDbEntity
  8
XZ
100
AcDbPolyline
 90
2
 70
0
 10
717.5
 20
-193.03642571757132
 10
717.5
 20
-191.53642571757132
  0
LWPOLYLINE
  5
180
330
17
100
AcDbEntity
  8
XZ
100
AcDbPolyline
 90
2
 70
0
 10
717.5
 20
-193.03642571757132
 10
717.5
 20
-191.53642571757132
  0
LWPOLYLINE
  5
181
330
17
100
AcDbEntity
  8
XZ
100
AcDbPolyline
 90
2
 70
0
 10
342.5
 20
-193.03642571757132
 10
717.5
 20
-193.03642571757132
  0
LWPOLYLINE
  5
182
330
17
100
AcDbEntity
  8
XZ
100
AcDbPolyline
 90
2
 70
0
 10
342.5
 20
-191.53642571757132
 10
717.5
 20
-191.53642571757132
  0
LWPOLYLINE
  5
183
330
17
100
AcDbEntity
  8
XZ
100
AcDbPolyline
 90
2
 70
0
 10
342.5
 20
-193.03642571757132
 10
717.5
 20
-193.03642571757132
  0
LWPOLYLINE
  5
184
330
17
100
AcDbEntity
  8
XZ
100
AcDbPolyline
 90
2
 70
0
 10
342.5
 20
-191.53642571757132
 10
717.5
 20
-191.53642571757132
  0
LWPOLYLINE
  5
185
330
17
100
AcDbEntity
  8
XZ
100
AcDbPolyline
 90
2
 70
0
 10
353.0
 20
-191.53642571757132
 10
353.0
 20
-183.53642571757132
  0
LWPOLYLINE
  5
186
330
17
100
AcDbEntity
  8
XZ
100
AcDbPolyline
 90
2
 70
0
 10
353.0
 20
-191.53642571757132
 10
353.0
 20
-183.53642571757132
  0
LWPOLYLINE
  5
187
330
17
100
AcDbEntity
  8
XZ
100
AcDbPolyline
 90
2
 70
0
 10
357.0
 20
-191.53642571757132
 10
357.0
 20
-183.53642571757132
  0
LWPOLYLINE
  5
188
330
17
100
AcDbEntity
  8
XZ
100
AcDbPolyline
 90
2
 70
0
 10
357.0
 20
-191.53642571757132
 10
357.0
 20
-183.53642571757132
  0
LWPOLYLINE
  5
189
330
17
100
AcDbEntity
  8
XZ
100
AcDbPolyline
 90
2
 70
0
 10
353.0
 20
-191.53642571757132
 10
357.0
 20
-191.53642571757132
  0
LWPOLYLINE
  5
18A
330
17
100
AcDbEntity
  8
XZ
100
AcDbPolyline
 90
2
 70
0
 10
353.0
 20
-183.53642571757132
 10
357.0
 20
-183.53642571757132
  0
LWPOLYLINE
  5
18B
330
17
100
AcDbEntity
  8
XZ
100
AcDbPolyline
 90
2
 70
0
 10
353.0
 20
-191.53642571757132
 10
357.0
 20
-191.53642571757132
  0
LWPOLYLINE
  5
18C
330
17
100
AcDbEntity
  8
XZ
100
AcDbPolyline
 90
2
 70
0
 10
353.0
 20
-183.53642571757132
 10
357.0
 20
-183.53642571757132
  0
LWPOLYLINE
  5
18D
330
17
100
AcDbEntity
  8
XZ
100
AcDbPolyline
 90
2
 70
0
 10
703.0
 20
-191.53642571757132
 10
703.0
 20
-183.53642571757132
  0
LWPOLYLINE
  5
18E
330
17
100
AcDbEntity
  8
XZ
100
AcDbPolyline
 90
2
 70
0
 10
703.0
 20
-191.53642571757132
 10
703.0
 20
-183.53642571757132
  0
LWPOLYLINE
  5
18F
330
17
100
AcDbEntity
  8
XZ
100
AcDbPolyline
 90
2
 70
0
 10
707.0
 20
-191.53642571757132
 10
707.0
 20
-183.53642571757132
  0
LWPOLYLINE
  5
190
330
17
100
AcDbEntity
  8
XZ
100
AcDbPolyline
 90
2
 70
0
 10
707.0
 20
-191.53642571757132
 10
707.0
 20
-183.53642571757132
  0
LWPOLYLINE
  5
191
330
17
100
AcDbEntity
  8
XZ
100
AcDbPolyline
 90
2
 70
0
 10
703.0
 20
-191.53642571757132
 10
707.0
 20
-191.53642571757132
  0
LWPOLYLINE
  5
192
330
17
100
AcDbEntity
  8
XZ
100
AcDbPolyline
 90
2
 70
0
 10
703.0
 20
-183.53642571757132
 10
707.0
 20
-183.53642571757132
  0
LWPOLYLINE
  5
193
330
17
100
AcDbEntity
  8
XZ
100
AcDbPolyline
 90
2
 70
0
 10
703.0
 20
-191.53642571757132
 10
707.0
 20
-191.53642571757132
  0
LWPOLYLINE
  5
194
330
17
100
AcDbEntity
  8
XZ
100
AcDbPolyline
 90
2
 70
0
 10
703.0
 20
-183.53642571757132
 10
707.0
 20
-183.53642571757132
  0
LWPOLYLINE
  5
195
330
17
100
AcDbEntity
  8
XZ
100
AcDbPolyline
 90
16
 70
0
 10
572.0
 20
-208.03642571757132
 10
571.9844007157477
 20
-208.1568436496985
 10
571.9403092708826
 20
-208.5125286395081
 10
571.8753417750561
 20
-209.08735282907645
 10
571.8006650619947
 20
-209.85599100733964
 10
571.729109287357
 20
-210.78532374150177
 10
571.6730508902042
 20
-211.83549344604393
 10
571.6423007098924
 20
-212.9609185925085
 10
571.6423007101936
 20
-214.1119328424254
 10
571.6730508903163
 20
-215.23735798888902
 10
571.7291092873572
 20
-216.2875276936437
 10
571.8006650619949
 20
-217.2168604278054
 10
571.8753417750529
 20
-217.9854986059736
 10
571.9403092708832
 20
-218.5603227956392
 10
571.984400715785
 20
-218.91600778527038
 10
572.0
 20
-219.03642571757132
  0
LWPOLYLINE
  5
196
330
17
100
AcDbEntity
  8
XZ
100
AcDbPolyline
 90
2
 70
0
 10
572.0
 20
-263.0364257175713
 10
572.0
 20
-219.03642571757132
  0
LWPOLYLINE
  5
197
330
17
100
AcDbEntity
  8
XZ
100
AcDbPolyline
 90
16
 70
0
 10
572.0
 20
-263.0364257175713
 10
571.984400715748
 20
-263.15684364969576
 10
571.940309270884
 20
-263.5125286394974
 10
571.8753417750586
 20
-264.0873528290532
 10
571.8006650620005
 20
-264.85599100735385
 10
571.7291092873301
 20
-265.78532374124984
 10
571.6730508902034
 20
-266.83549344606274
 10
571.6423007098924
 20
-267.9609185925151
 10
571.6423007101935
 20
-269.1119328424188
 10
571.6730508903155
 20
-270.2373579888702
 10
571.7291092873303
 20
-271.28752769389564
 10
571.8006650620007
 20
-272.2168604277913
 10
571.8753417750554
 20
-272.98549860599684
 10
571.9403092708844
 20
-273.5603227956499
 10
571.9844007157853
 20
-273.91600778527317
 10
572.0
 20
-274.0364257175713
  0
LWPOLYLINE
  5
198
330
17
100
AcDbEntity
  8
XZ
100
AcDbPolyline
 90
2
 70
0
 10
572.0
 20
-303.5364257175713
 10
572.0
 20
-274.0364257175713
  0
LWPOLYLINE
  5
199
330
17
100
AcDbEntity
  8
XZ
100
AcDbPolyline
 90
67
 70
0
 10
572.0
 20
-303.5364257175713
 10
571.8098207480696
 20
-303.5364257175713
 10
571.2410052850337
 20
-303.5364257175713
 10
570.2987048918089
 20
-303.5364257175713
 10
568.991453186675
 20
-303.5364257175713
 10
567.3310888435068
 20
-303.5364257175713
 10
565.3326483789097
 20
-303.5364257175713
 10
563.0142299791971
 20
-303.5364257175713
 10
560.396829600413
 20
-303.5364257175713
 10
557.504150825702
 20
-303.5364257175713
 10
554.3623902019904
 20
-303.5364257175713
 10
551.0
 20
-303.5364257175713
 10
547.4474305460792
 20
-303.5364257175713
 10
543.7368544593317
 20
-303.5364257175713
 10
539.901875291396
 20
-303.5364257175713
 10
535.977223207478
 20
-303.5364257175713
 10
531.9984404645971
 20
-303.5364257175713
 10
528.0015595354029
 20
-303.5364257175713
 10
524.022776792522
 20
-303.5364257175713
 10
520.098124708604
 20
-303.5364257175713
 10
516.2631455406682
 20
-303.5364257175713
 10
512.5525694539208
 20
-303.5364257175713
 10
509.0
 20
-303.5364257175713
 10
505.63760979800963
 20
-303.5364257175713
 10
502.49584917429803
 20
-303.5364257175713
 10
499.60317039958704
 20
-303.5364257175713
 10
496.98577002080293
 20
-303.5364257175713
 10
494.6673516210904
 20
-303.5364257175713
 10
492.6689111564932
 20
-303.5364257175713
 10
491.008546813325
 20
-303.5364257175713
 10
489.7012951081911
 20
-303.5364257175713
 10
488.7589947149663
 20
-303.5364257175713
 10
488.19017925193043
 20
-303.5364257175713
 10
488.0
 20
-303.5364257175713
 10
488.19017925193043
 20
-303.5364257175713
 10
488.7589947149663
 20
-303.5364257175713
 10
489.7012951081911
 20
-303.5364257175713
 10
491.0085468133249
 20
-303.5364257175713
 10
492.6689111564932
 20
-303.5364257175713
 10
494.6673516210904
 20
-303.5364257175713
 10
496.98577002080293
 20
-303.5364257175713
 10
499.60317039958704
 20
-303.5364257175713
 10
502.49584917429803
 20
-303.5364257175713
 10
505.6376097980097
 20
-303.5364257175713
 10
509.0
 20
-303.5364257175713
 10
512.5525694539208
 20
-303.5364257175713
 10
516.2631455406683
 20
-303.5364257175713
 10
520.098124708604
 20
-303.5364257175713
 10
524.022776792522
 20
-303.5364257175713
 10
528.0015595354027
 20
-303.5364257175713
 10
531.9984404645971
 20
-303.5364257175713
 10
535.977223207478
 20
-303.5364257175713
 10
539.901875291396
 20
-303.5364257175713
 10
543.7368544593317
 20
-303.5364257175713
 10
547.4474305460792
 20
-303.5364257175713
 10
551.0
 20
-303.5364257175713
 10
554.3623902019904
 20
-303.5364257175713
 10
557.504150825702
 20
-303.5364257175713
 10
560.396829600413
 20
-303.5364257175713
 10
563.014229979197
 20
-303.5364257175713
 10
565.3326483789095
 20
-303.5364257175713
 10
567.3310888435068
 20
-303.5364257175713
 10
568.991453186675
 20
-303.5364257175713
 10
570.2987048918089
 20
-303.5364257175713
 10
571.2410052850337
 20
-303.5364257175713
 10
571.8098207480696
 20
-303.5364257175713
 10
572.0
 20
-303.5364257175713
  0
LWPOLYLINE
  5
19A
330
17
100
AcDbEntity
  8
XZ
100
AcDbPolyline
 90
16
 70
0
 10
572.0
 20
-274.0364257175713
 10
571.9844007157475
 20
-273.91600778544216
 10
571.9403092708817
 20
-273.5603227956267
 10
571.8753417750504
 20
-272.98549860595
 10
571.8006650619916
 20
-272.21686042776844
 10
571.7291092873538
 20
-271.2875276935923
 10
571.6730508902016
 20
-270.2373579890361
 10
571.6423007098914
 20
-269.1119328425591
 10
571.6423007101947
 20
-267.96091859263265
 10
571.6730508903199
 20
-266.8354934461637
 10
571.7291092873631
 20
-265.7853237414088
 10
571.8006650620023
 20
-264.8559910072528
 10
571.8753417750606
 20
-264.0873528290966
 10
571.9403092708897
 20
-263.51252863944933
 10
571.9844007161571
 20
-263.1568436504616
 10
572.0
 20
-263.0364257175713
  0
LWPOLYLINE
  5
19B
330
17
100
AcDbEntity
  8
XZ
100
AcDbPolyline
 90
16
 70
0
 10
572.0
 20
-219.03642571757132
 10
571.9844007157476
 20
-218.91600778544347
 10
571.9403092708823
 20
-218.5603227956317
 10
571.8753417750554
 20
-217.98549860606
 10
571.8006650619938
 20
-217.21686042779243
 10
571.729109287356
 20
-216.28752769362552
 10
571.6730508902033
 20
-215.23735798907842
 10
571.6423007098921
 20
-214.11193284260935
 10
571.6423007101939
 20
-212.96091859268893
 10
571.6730508903175
 20
-211.83549344622315
 10
571.7291092873342
 20
-210.7853237411877
 10
571.8006650620063
 20
-209.85599100728808
 10
571.8753417750618
 20
-209.08735282908594
 10
571.9403092708902
 20
-208.51252863944444
 10
571.9844007161573
 20
-208.15684365046036
 10
572.0
 20
-208.03642571757132
  0
LWPOLYLINE
  5
19C
330
17
100
AcDbEntity
  8
XZ
100
AcDbPolyline
 90
2
 70
0
 10
572.0
 20
-208.03642571757132
 10
572.0
 20
-189.53642571757132
  0
LWPOLYLINE
  5
19D
330
17
100
AcDbEntity
  8
XZ
100
AcDbPolyline
 90
67
 70
0
 10
572.0
 20
-189.53642571757132
 10
571.8098207480696
 20
-189.53642571757132
 10
571.2410052850337
 20
-189.53642571757132
 10
570.2987048918089
 20
-189.53642571757132
 10
568.991453186675
 20
-189.53642571757132
 10
567.3310888435068
 20
-189.53642571757132
 10
565.3326483789097
 20
-189.53642571757132
 10
563.0142299791971
 20
-189.53642571757132
 10
560.396829600413
 20
-189.53642571757132
 10
557.504150825702
 20
-189.53642571757132
 10
554.3623902019904
 20
-189.53642571757132
 10
551.0
 20
-189.53642571757132
 10
547.4474305460792
 20
-189.53642571757132
 10
543.7368544593317
 20
-189.53642571757132
 10
539.901875291396
 20
-189.53642571757132
 10
535.977223207478
 20
-189.53642571757132
 10
531.9984404645971
 20
-189.53642571757132
 10
528.0015595354029
 20
-189.53642571757132
 10
524.022776792522
 20
-189.53642571757132
 10
520.098124708604
 20
-189.53642571757132
 10
516.2631455406682
 20
-189.53642571757132
 10
512.5525694539208
 20
-189.53642571757132
 10
509.0
 20
-189.53642571757132
 10
505.63760979800963
 20
-189.53642571757132
 10
502.49584917429803
 20
-189.53642571757132
 10
499.60317039958704
 20
-189.53642571757132
 10
496.98577002080293
 20
-189.53642571757132
 10
494.6673516210904
 20
-189.53642571757132
 10
492.6689111564932
 20
-189.53642571757132
 10
491.008546813325
 20
-189.53642571757132
 10
489.7012951081911
 20
-189.53642571757132
 10
488.7589947149663
 20
-189.53642571757132
 10
488.19017925193043
 20
-189.53642571757132
 10
488.0
 20
-189.53642571757132
 10
488.19017925193043
 20
-189.53642571757132
 10
488.7589947149663
 20
-189.53642571757132
 10
489.7012951081911
 20
-189.53642571757132
 10
491.0085468133249
 20
-189.53642571757132
 10
492.6689111564932
 20
-189.53642571757132
 10
494.6673516210904
 20
-189.53642571757132
 10
496.98577002080293
 20
-189.53642571757132
 10
499.60317039958704
 20
-189.53642571757132
 10
502.49584917429803
 20
-189.53642571757132
 10
505.6376097980097
 20
-189.53642571757132
 10
509.0
 20
-189.53642571757132
 10
512.5525694539208
 20
-189.53642571757132
 10
516.2631455406683
 20
-189.53642571757132
 10
520.098124708604
 20
-189.53642571757132
 10
524.022776792522
 20
-189.53642571757132
 10
528.0015595354027
 20
-189.53642571757132
 10
531.9984404645971
 20
-189.53642571757132
 10
535.977223207478
 20
-189.53642571757132
 10
539.901875291396
 20
-189.53642571757132
 10
543.7368544593317
 20
-189.53642571757132
 10
547.4474305460792
 20
-189.53642571757132
 10
551.0
 20
-189.53642571757132
 10
554.3623902019904
 20
-189.53642571757132
 10
557.504150825702
 20
-189.53642571757132
 10
560.396829600413
 20
-189.53642571757132
 10
563.014229979197
 20
-189.53642571757132
 10
565.3326483789095
 20
-189.53642571757132
 10
567.3310888435068
 20
-189.53642571757132
 10
568.991453186675
 20
-189.53642571757132
 10
570.2987048918089
 20
-189.53642571757132
 10
571.2410052850337
 20
-189.53642571757132
 10
571.8098207480696
 20
-189.53642571757132
 10
572.0
 20
-189.53642571757132
  0
LWPOLYLINE
  5
19E
330
17
100
AcDbEntity
  8
XZ
100
AcDbPolyline
 90
16
 70
0
 10
488.0
 20
-263.0364257175713
 10
488.05969072911677
 20
-263.5125286395031
 10
488.19933493800426
 20
-264.85599100732736
 10
488.3269491097947
 20
-266.83549344601647
 10
488.357699289807
 20
-269.1119328423843
 10
488.2708907126459
 20
-271.28752769359727
 10
488.1246582249478
 20
-272.98549860602935
 10
488.015599276753
 20
-273.9160077883832
 10
488.01559928917897
 20
-273.91600779566716
 10
488.1246582249518
 20
-272.9854986059913
 10
488.2708907126802
 20
-271.28752769373614
 10
488.3576992901103
 20
-269.11193284243336
 10
488.32694910967643
 20
-266.83549344607354
 10
488.19933493799357
 20
-264.85599100720594
 10
488.05969072910875
 20
-263.5125286394365
 10
488.0
 20
-263.0364257175713
  0
LWPOLYLINE
  5
19F
330
17
100
AcDbEntity
  8
XZ
100
AcDbPolyline
 90
16
 70
0
 10
488.0
 20
-208.03642571757132
 10
488.05969072911677
 20
-208.51252863950305
 10
488.1993349380042
 20
-209.85599100732713
 10
488.3269491097947
 20
-211.83549344601602
 10
488.357699289807
 20
-214.11193284238368
 10
488.27089071267096
 20
-216.28752769387705
 10
488.1246582249451
 20
-217.98549860599235
 10
488.01559926772927
 20
-218.91600778786903
 10
488.01559928425604
 20
-218.91600778541482
 10
488.12465822495585
 20
-217.98549860589145
 10
488.2708907126501
 20
-216.28752769353343
 10
488.35769929010905
 20
-214.11193284252306
 10
488.3269491096799
 20
-211.83549344615938
 10
488.1993349379906
 20
-209.8559910072529
 10
488.05969072910875
 20
-208.51252863943648
 10
488.0
 20
-208.03642571757132
  0
LWPOLYLINE
  5
1A0
330
17
100
AcDbEntity
  8
XZ
100
AcDbPolyline
 90
2
 70
0
 10
561.0
 20
-208.03642571757132
 10
572.0
 20
-208.03642571757132
  0
LWPOLYLINE
  5
1A1
330
17
100
AcDbEntity
  8
XZ
100
AcDbPolyline
 90
16
 70
0
 10
561.0
 20
-219.03642571757132
 10
560.9788283171852
 20
-218.91581264510933
 10
560.9189969560614
 20
-218.55980831963598
 10
560.8308322819022
 20
-217.98504569809882
 10
560.7294126021321
 20
-217.2170233711987
 10
560.6320681532774
 20
-216.28844306801983
 10
560.5556379065571
 20
-215.23848563494164
 10
560.5136329251683
 20
-214.11244162802473
 10
560.5136329257207
 20
-212.96040980731755
 10
560.5556379067399
 20
-211.83436580036442
 10
560.6320681532862
 20
-210.78440836702418
 10
560.7294126021422
 20
-209.85582806385935
 10
560.8308322819119
 20
-209.08780573697692
 10
560.9189969560689
 20
-208.51304311546028
 10
560.9788283175128
 20
-208.15703879056082
 10
561.0
 20
-208.03642571757132
  0
LWPOLYLINE
  5
1A2
330
17
100
AcDbEntity
  8
XZ
100
AcDbPolyline
 90
16
 70
0
 10
561.0
 20
-208.03642571757132
 10
560.9788283171854
 20
-208.15703879003206
 10
560.9189969560622
 20
-208.5130431155015
 10
560.8308322819038
 20
-209.08780573703257
 10
560.7294126021344
 20
-209.85582806392483
 10
560.6320681532799
 20
-210.784408367095
 10
560.5556379065591
 20
-211.83436580016428
 10
560.5136329251691
 20
-212.960409807073
 10
560.5136329257198
 20
-214.11244162777382
 10
560.5556379067368
 20
-215.23848563472313
 10
560.6320681532812
 20
-216.28844306806286
 10
560.729412602136
 20
-217.21702337123082
 10
560.8308322819084
 20
-217.98504569818562
 10
560.9189969560629
 20
-218.55980831964496
 10
560.9788283172219
 20
-218.91581264496892
 10
561.0
 20
-219.03642571757132
  0
LWPOLYLINE
  5
1A3
330
17
100
AcDbEntity
  8
XZ
100
AcDbPolyline
 90
2
 70
0
 10
561.0
 20
-263.0364257175713
 10
572.0
 20
-263.0364257175713
  0
LWPOLYLINE
  5
1A4
330
17
100
AcDbEntity
  8
XZ
100
AcDbPolyline
 90
16
 70
0
 10
561.0
 20
-274.0364257175713
 10
560.9788283171852
 20
-273.9158126451092
 10
560.9189969560613
 20
-273.5598083196355
 10
560.8308322819058
 20
-272.9850456981678
 10
560.7294126021327
 20
-272.2170233712032
 10
560.6320681532778
 20
-271.28844306802455
 10
560.5556379065574
 20
-270.2384856349463
 10
560.5136329251683
 20
-269.11244162802905
 10
560.5136329257207
 20
-267.96040980732135
 10
560.5556379067397
 20
-266.83436580036755
 10
560.632068153286
 20
-265.7844083670266
 10
560.7294126021421
 20
-264.85582806386094
 10
560.8308322819116
 20
-264.0878057369779
 10
560.9189969560689
 20
-263.51304311546073
 10
560.9788283175128
 20
-263.15703879056093
 10
561.0
 20
-263.0364257175713
  0
LWPOLYLINE
  5
1A5
330
17
100
AcDbEntity
  8
XZ
100
AcDbPolyline
 90
16
 70
0
 10
561.0
 20
-263.0364257175713
 10
560.9788283171854
 20
-263.15703879003206
 10
560.9189969560622
 20
-263.5130431155015
 10
560.8308322819038
 20
-264.08780573703257
 10
560.7294126021344
 20
-264.85582806392483
 10
560.6320681532799
 20
-265.784408367095
 10
560.5556379065591
 20
-266.8343658001643
 10
560.5136329251691
 20
-267.960409807073
 10
560.5136329257198
 20
-269.1124416277738
 10
560.5556379067368
 20
-270.23848563472313
 10
560.6320681532812
 20
-271.2884430680628
 10
560.729412602136
 20
-272.2170233712308
 10
560.8308322819084
 20
-272.9850456981856
 10
560.9189969560629
 20
-273.559808319645
 10
560.9788283172219
 20
-273.9158126449689
 10
561.0
 20
-274.0364257175713
  0
LWPOLYLINE
  5
1A6
330
17
100
AcDbEntity
  8
XZ
100
AcDbPolyline
 90
50
 70
0
 10
561.0
 20
-303.5364257175713
 10
560.7454904285206
 20
-303.5364257175713
 10
559.9861407542099
 20
-303.5364257175713
 10
558.7344194777266
 20
-303.5364257175713
 10
557.0108798278251
 20
-303.5364257175713
 10
554.8438222779066
 20
-303.5364257175713
 10
552.2688298530295
 20
-303.5364257175713
 10
549.3281838576207
 20
-303.5364257175713
 10
546.0701696176263
 20
-303.5364257175713
 10
542.5482836367942
 20
-303.5364257175713
 10
538.820355185562
 20
-303.5364257175713
 10
534.9475967460347
 20
-303.5364257175713
 10
530.9935989047214
 20
-303.5364257175713
 10
527.0232861968618
 20
-303.5364257175713
 10
523.1018510473542
 20
-303.5364257175713
 10
519.2936833129395
 20
-303.5364257175713
 10
515.6613130025341
 20
-303.5364257175713
 10
512.2643835362128
 20
-303.5364257175713
 10
509.1586724018992
 20
-303.5364257175713
 10
506.39517529055684
 20
-303.5364257175713
 10
504.01926874835294
 20
-303.5364257175713
 10
502.069965095025
 20
-303.5364257175713
 10
500.5792718426693
 20
-303.5364257175713
 10
499.57166613327695
 20
-303.5364257175713
 10
499.0636928247396
 20
-303.5364257175713
 10
499.0636928247396
 20
-303.5364257175713
 10
499.57166613327695
 20
-303.5364257175713
 10
500.57927184266924
 20
-303.5364257175713
 10
502.069965095025
 20
-303.5364257175713
 10
504.01926874835294
 20
-303.5364257175713
 10
506.39517529055684
 20
-303.5364257175713
 10
509.1586724018992
 20
-303.5364257175713
 10
512.2643835362127
 20
-303.5364257175713
 10
515.661313002534
 20
-303.5364257175713
 10
519.2936833129395
 20
-303.5364257175713
 10
523.1018510473542
 20
-303.5364257175713
 10
527.0232861968618
 20
-303.5364257175713
 10
530.9935989047214
 20
-303.5364257175713
 10
534.9475967460347
 20
-303.5364257175713
 10
538.820355185562
 20
-303.5364257175713
 10
542.5482836367942
 20
-303.5364257175713
 10
546.0701696176263
 20
-303.5364257175713
 10
549.3281838576207
 20
-303.5364257175713
 10
552.2688298530295
 20
-303.5364257175713
 10
554.8438222779066
 20
-303.5364257175713
 10
557.0108798278251
 20
-303.5364257175713
 10
558.7344194777266
 20
-303.5364257175713
 10
559.9861407542099
 20
-303.5364257175713
 10
560.7454904285206
 20
-303.5364257175713
 10
561.0
 20
-303.5364257175713
  0
LWPOLYLINE
  5
1A7
330
17
100
AcDbEntity
  8
XZ
100
AcDbPolyline
 90
111
 70
0
 10
600.0
 20
-189.53642571757132
 10
599.8858372748296
 20
-189.53642571757132
 10
599.5437214743985
 20
-189.53642571757132
 10
598.9747685093384
 20
-189.53642571757132
 10
598.1808341859634
 20
-189.53642571757132
 10
597.1645081530148
 20
-189.53642571757132
 10
595.9291054547667
 20
-189.53642571757132
 10
594.4786557180395
 20
-189.53642571757132
 10
592.8178900083951
 20
-189.53642571757132
 10
590.9522253983844
 20
-189.53642571757132
 10
588.8877472981827
 20
-189.53642571757132
 10
586.6311896062464
 20
-189.53642571757132
 10
584.1899127447358
 20
-189.53642571757132
 10
581.5718796513484
 20
-189.53642571757132
 10
578.7856298058706
 20
-189.53642571757132
 10
575.8402513761699
 20
-189.53642571757132
 10
572.7453515744807
 20
-189.53642571757132
 10
569.5110253206739
 20
-189.53642571757132
 10
566.1478223147274
 20
-189.53642571757132
 10
562.6667126257971
 20
-189.53642571757132
 10
559.0790509101321
 20
-189.53642571757132
 10
555.3965393745449
 20
-189.53642571757132
 10
551.6311896062464
 20
-189.53642571757132
 10
547.7952833935441
 20
-189.53642571757132
 10
543.9013326652022
 20
-189.53642571757132
 10
539.9620386791299
 20
-189.53642571757132
 10
535.9902505935188
 20
-189.53642571757132
 10
531.9989235555587
 20
-189.53642571757132
 10
528.0010764444413
 20
-189.53642571757132
 10
524.0097494064812
 20
-189.53642571757132
 10
520.0379613208701
 20
-189.53642571757132
 10
516.0986673347978
 20
-189.53642571757132
 10
512.2047166064559
 20
-189.53642571757132
 10
508.3688103937537
 20
-189.53642571757132
 10
504.6034606254551
 20
-189.53642571757132
 10
500.920949089868
 20
-189.53642571757132
 10
497.3332873742029
 20
-189.53642571757132
 10
493.8521776852727
 20
-189.53642571757132
 10
490.48897467932613
 20
-189.53642571757132
 10
487.25464842551935
 20
-189.53642571757132
 10
484.15974862383007
 20
-189.53642571757132
 10
481.21437019412946
 20
-189.53642571757132
 10
478.42812034865165
 20
-189.53642571757132
 10
475.81008725526425
 20
-189.53642571757132
 10
473.3688103937537
 20
-189.53642571757132
 10
471.11225270181734
 20
-189.53642571757132
 10
469.04777460161563
 20
-189.53642571757132
 10
467.18210999160493
 20
-189.53642571757132
 10
465.5213442819605
 20
-189.53642571757132
 10
464.0708945452333
 20
-189.53642571757132
 10
462.8354918469852
 20
-189.53642571757132
 10
461.81916581403664
 20
-189.53642571757132
 10
461.0252314906615
 20
-189.53642571757132
 10
460.4562785256015
 20
-189.53642571757132
 10
460.1141627251705
 20
-189.53642571757132
 10
460.0
 20
-189.53642571757132
 10
460.1141627251705
 20
-189.53642571757132
 10
460.4562785256015
 20
-189.53642571757132
 10
461.0252314906615
 20
-189.53642571757132
 10
461.81916581403664
 20
-189.53642571757132
 10
462.8354918469852
 20
-189.53642571757132
 10
464.0708945452333
 20
-189.53642571757132
 10
465.52134428196047
 20
-189.53642571757132
 10
467.18210999160493
 20
-189.53642571757132
 10
469.0477746016156
 20
-189.53642571757132
 10
471.1122527018173
 20
-189.53642571757132
 10
473.3688103937537
 20
-189.53642571757132
 10
475.8100872552642
 20
-189.53642571757132
 10
478.42812034865165
 20
-189.53642571757132
 10
481.21437019412946
 20
-189.53642571757132
 10
484.15974862383
 20
-189.53642571757132
 10
487.2546484255193
 20
-189.53642571757132
 10
490.48897467932613
 20
-189.53642571757132
 10
493.85217768527264
 20
-189.53642571757132
 10
497.3332873742028
 20
-189.53642571757132
 10
500.920949089868
 20
-189.53642571757132
 10
504.60346062545517
 20
-189.53642571757132
 10
508.3688103937537
 20
-189.53642571757132
 10
512.2047166064559
 20
-189.53642571757132
 10
516.0986673347978
 20
-189.53642571757132
 10
520.0379613208701
 20
-189.53642571757132
 10
524.0097494064812
 20
-189.53642571757132
 10
528.0010764444412
 20
-189.53642571757132
 10
531.9989235555587
 20
-189.53642571757132
 10
535.9902505935188
 20
-189.53642571757132
 10
539.9620386791299
 20
-189.53642571757132
 10
543.9013326652022
 20
-189.53642571757132
 10
547.7952833935441
 20
-189.53642571757132
 10
551.6311896062463
 20
-189.53642571757132
 10
555.3965393745448
 20
-189.53642571757132
 10
559.079050910132
 20
-189.53642571757132
 10
562.6667126257971
 20
-189.53642571757132
 10
566.1478223147273
 20
-189.53642571757132
 10
569.5110253206739
 20
-189.53642571757132
 10
572.7453515744807
 20
-189.53642571757132
 10
575.8402513761699
 20
-189.53642571757132
 10
578.7856298058705
 20
-189.53642571757132
 10
581.5718796513484
 20
-189.53642571757132
 10
584.1899127447357
 20
-189.53642571757132
 10
586.6311896062463
 20
-189.53642571757132
 10
588.8877472981826
 20
-189.53642571757132
 10
590.9522253983844
 20
-189.53642571757132
 10
592.8178900083951
 20
-189.53642571757132
 10
594.4786557180395
 20
-189.53642571757132
 10
595.9291054547667
 20
-189.53642571757132
 10
597.1645081530148
 20
-189.53642571757132
 10
598.1808341859634
 20
-189.53642571757132
 10
598.9747685093386
 20
-189.53642571757132
 10
599.5437214743985
 20
-189.53642571757132
 10
599.8858372748296
 20
-189.53642571757132
 10
600.0
 20
-189.53642571757132
  0
LWPOLYLINE
  5
1A8
330
17
100
AcDbEntity
  8
XZ
100
AcDbPolyline
 90
16
 70
0
 10
499.0
 20
-263.0364257175713
 10
499.0810030439369
 20
-263.5130431154962
 10
499.27058739786327
 20
-264.85582806390573
 10
499.44436209343877
 20
-266.83436580012744
 10
499.4863670742812
 20
-269.1124416277224
 10
499.36793184672376
 20
-271.288443068007
 10
499.1691677181013
 20
-272.98504569807494
 10
499.0211716444115
 20
-273.9158126420226
 10
499.0211716862541
 20
-273.9158126510408
 10
499.16916771810315
 20
-272.9850456980622
 10
499.36793184672547
 20
-271.28844306798817
 10
499.48636707483195
 20
-269.1124416280139
 10
499.44436209326096
 20
-266.8343658003786
 10
499.2705873978376
 20
-264.85582806407683
 10
499.0810030439294
 20
-263.5130431154498
 10
499.0
 20
-263.0364257175713
  0
LWPOLYLINE
  5
1A9
330
17
100
AcDbEntity
  8
XZ
100
AcDbPolyline
 90
2
 70
0
 10
488.0
 20
-263.0364257175713
 10
499.0
 20
-263.0364257175713
  0
LWPOLYLINE
  5
1AA
330
17
100
AcDbEntity
  8
XZ
100
AcDbPolyline
 90
16
 70
0
 10
499.0
 20
-208.03642571757132
 10
499.0810030439364
 20
-208.51304311549285
 10
499.27058739784627
 20
-209.85582806414914
 10
499.44436209344235
 20
-211.83436580019156
 10
499.4863670742801
 20
-214.11244162778127
 10
499.36793184672473
 20
-216.28844306814835
 10
499.16916771808917
 20
-217.9850456981589
 10
499.0211716443302
 20
-218.9158126425557
 10
499.0211716862563
 20
-218.9158126510281
 10
499.16916771810736
 20
-217.98504569803293
 10
499.36793184674144
 20
-216.28844306796276
 10
499.4863670748345
 20
-214.11244162788074
 10
499.4443620932543
 20
-211.83436580025932
 10
499.27058739785093
 20
-209.85582806380273
 10
499.08100304392883
 20
-208.5130431154464
 10
499.0
 20
-208.03642571757132
  0
LWPOLYLINE
  5
1AB
330
17
100
AcDbEntity
  8
XZ
100
AcDbPolyline
 90
2
 70
0
 10
488.0
 20
-208.03642571757132
 10
499.0
 20
-208.03642571757132
  0
LWPOLYLINE
  5
1AC
330
17
100
AcDbEntity
  8
XZ
100
AcDbPolyline
 90
2
 70
0
 10
561.0
 20
-183.53642571757132
 10
561.0
 20
-208.03642571757132
  0
LWPOLYLINE
  5
1AD
330
17
100
AcDbEntity
  8
XZ
100
AcDbPolyline
 90
50
 70
0
 10
561.0
 20
-183.53642571757132
 10
560.7454904285206
 20
-183.53642571757132
 10
559.9861407542099
 20
-183.53642571757132
 10
558.7344194777266
 20
-183.53642571757132
 10
557.0108798278251
 20
-183.53642571757132
 10
554.8438222779066
 20
-183.53642571757132
 10
552.2688298530295
 20
-183.53642571757132
 10
549.3281838576207
 20
-183.53642571757132
 10
546.0701696176263
 20
-183.53642571757132
 10
542.5482836367942
 20
-183.53642571757132
 10
538.820355185562
 20
-183.53642571757132
 10
534.9475967460347
 20
-183.53642571757132
 10
530.9935989047214
 20
-183.53642571757132
 10
527.0232861968618
 20
-183.53642571757132
 10
523.1018510473542
 20
-183.53642571757132
 10
519.2936833129395
 20
-183.53642571757132
 10
515.6613130025341
 20
-183.53642571757132
 10
512.2643835362128
 20
-183.53642571757132
 10
509.1586724018992
 20
-183.53642571757132
 10
506.39517529055684
 20
-183.53642571757132
 10
504.01926874835294
 20
-183.53642571757132
 10
502.069965095025
 20
-183.53642571757132
 10
500.5792718426693
 20
-183.53642571757132
 10
499.57166613327695
 20
-183.53642571757132
 10
499.0636928247396
 20
-183.53642571757132
 10
499.0636928247396
 20
-183.53642571757132
 10
499.57166613327695
 20
-183.53642571757132
 10
500.57927184266924
 20
-183.53642571757132
 10
502.069965095025
 20
-183.53642571757132
 10
504.01926874835294
 20
-183.53642571757132
 10
506.39517529055684
 20
-183.53642571757132
 10
509.1586724018992
 20
-183.53642571757132
 10
512.2643835362127
 20
-183.53642571757132
 10
515.661313002534
 20
-183.53642571757132
 10
519.2936833129395
 20
-183.53642571757132
 10
523.1018510473542
 20
-183.53642571757132
 10
527.0232861968618
 20
-183.53642571757132
 10
530.9935989047214
 20
-183.53642571757132
 10
534.9475967460347
 20
-183.53642571757132
 10
538.820355185562
 20
-183.53642571757132
 10
542.5482836367942
 20
-183.53642571757132
 10
546.0701696176263
 20
-183.53642571757132
 10
549.3281838576207
 20
-183.53642571757132
 10
552.2688298530295
 20
-183.53642571757132
 10
554.8438222779066
 20
-183.53642571757132
 10
557.0108798278251
 20
-183.53642571757132
 10
558.7344194777266
 20
-183.53642571757132
 10
559.9861407542099
 20
-183.53642571757132
 10
560.7454904285206
 20
-183.53642571757132
 10
561.0
 20
-183.53642571757132
  0
LWPOLYLINE
  5
1AE
330
17
100
AcDbEntity
  8
XZ
100
AcDbPolyline
 90
2
 70
0
 10
561.0
 20
-263.0364257175713
 10
561.0
 20
-219.03642571757132
  0
LWPOLYLINE
  5
1AF
330
17
100
AcDbEntity
  8
XZ
100
AcDbPolyline
 90
2
 70
0
 10
561.0
 20
-303.5364257175713
 10
561.0
 20
-274.0364257175713
  0
LWPOLYLINE
  5
1B0
330
17
100
AcDbEntity
  8
XZ
100
AcDbPolyline
 90
111
 70
0
 10
600.0
 20
-183.53642571757132
 10
599.8858372748296
 20
-183.53642571757132
 10
599.5437214743985
 20
-183.53642571757132
 10
598.9747685093384
 20
-183.53642571757132
 10
598.1808341859634
 20
-183.53642571757132
 10
597.1645081530148
 20
-183.53642571757132
 10
595.9291054547667
 20
-183.53642571757132
 10
594.4786557180395
 20
-183.53642571757132
 10
592.8178900083951
 20
-183.53642571757132
 10
590.9522253983844
 20
-183.53642571757132
 10
588.8877472981827
 20
-183.53642571757132
 10
586.6311896062464
 20
-183.53642571757132
 10
584.1899127447358
 20
-183.53642571757132
 10
581.5718796513484
 20
-183.53642571757132
 10
578.7856298058706
 20
-183.53642571757132
 10
575.8402513761699
 20
-183.53642571757132
 10
572.7453515744807
 20
-183.53642571757132
 10
569.5110253206739
 20
-183.53642571757132
 10
566.1478223147274
 20
-183.53642571757132
 10
562.6667126257971
 20
-183.53642571757132
 10
559.0790509101321
 20
-183.53642571757132
 10
555.3965393745449
 20
-183.53642571757132
 10
551.6311896062464
 20
-183.53642571757132
 10
547.7952833935441
 20
-183.53642571757132
 10
543.9013326652022
 20
-183.53642571757132
 10
539.9620386791299
 20
-183.53642571757132
 10
535.9902505935188
 20
-183.53642571757132
 10
531.9989235555587
 20
-183.53642571757132
 10
528.0010764444413
 20
-183.53642571757132
 10
524.0097494064812
 20
-183.53642571757132
 10
520.0379613208701
 20
-183.53642571757132
 10
516.0986673347978
 20
-183.53642571757132
 10
512.2047166064559
 20
-183.53642571757132
 10
508.3688103937537
 20
-183.53642571757132
 10
504.6034606254551
 20
-183.53642571757132
 10
500.920949089868
 20
-183.53642571757132
 10
497.3332873742029
 20
-183.53642571757132
 10
493.8521776852727
 20
-183.53642571757132
 10
490.48897467932613
 20
-183.53642571757132
 10
487.25464842551935
 20
-183.53642571757132
 10
484.15974862383007
 20
-183.53642571757132
 10
481.21437019412946
 20
-183.53642571757132
 10
478.42812034865165
 20
-183.53642571757132
 10
475.81008725526425
 20
-183.53642571757132
 10
473.3688103937537
 20
-183.53642571757132
 10
471.11225270181734
 20
-183.53642571757132
 10
469.04777460161563
 20
-183.53642571757132
 10
467.18210999160493
 20
-183.53642571757132
 10
465.5213442819605
 20
-183.53642571757132
 10
464.0708945452333
 20
-183.53642571757132
 10
462.8354918469852
 20
-183.53642571757132
 10
461.81916581403664
 20
-183.53642571757132
 10
461.0252314906615
 20
-183.53642571757132
 10
460.4562785256015
 20
-183.53642571757132
 10
460.1141627251705
 20
-183.53642571757132
 10
460.0
 20
-183.53642571757132
 10
460.1141627251705
 20
-183.53642571757132
 10
460.4562785256015
 20
-183.53642571757132
 10
461.0252314906615
 20
-183.53642571757132
 10
461.81916581403664
 20
-183.53642571757132
 10
462.8354918469852
 20
-183.53642571757132
 10
464.0708945452333
 20
-183.53642571757132
 10
465.52134428196047
 20
-183.53642571757132
 10
467.18210999160493
 20
-183.53642571757132
 10
469.0477746016156
 20
-183.53642571757132
 10
471.1122527018173
 20
-183.53642571757132
 10
473.3688103937537
 20
-183.53642571757132
 10
475.8100872552642
 20
-183.53642571757132
 10
478.42812034865165
 20
-183.53642571757132
 10
481.21437019412946
 20
-183.53642571757132
 10
484.15974862383
 20
-183.53642571757132
 10
487.2546484255193
 20
-183.53642571757132
 10
490.48897467932613
 20
-183.53642571757132
 10
493.85217768527264
 20
-183.53642571757132
 10
497.3332873742028
 20
-183.53642571757132
 10
500.920949089868
 20
-183.53642571757132
 10
504.60346062545517
 20
-183.53642571757132
 10
508.3688103937537
 20
-183.53642571757132
 10
512.2047166064559
 20
-183.53642571757132
 10
516.0986673347978
 20
-183.53642571757132
 10
520.0379613208701
 20
-183.53642571757132
 10
524.0097494064812
 20
-183.53642571757132
 10
528.0010764444412
 20
-183.53642571757132
 10
531.9989235555587
 20
-183.53642571757132
 10
535.9902505935188
 20
-183.53642571757132
 10
539.9620386791299
 20
-183.53642571757132
 10
543.9013326652022
 20
-183.53642571757132
 10
547.7952833935441
 20
-183.53642571757132
 10
551.6311896062463
 20
-183.53642571757132
 10
555.3965393745448
 20
-183.53642571757132
 10
559.079050910132
 20
-183.53642571757132
 10
562.6667126257971
 20
-183.53642571757132
 10
566.1478223147273
 20
-183.53642571757132
 10
569.5110253206739
 20
-183.53642571757132
 10
572.7453515744807
 20
-183.53642571757132
 10
575.8402513761699
 20
-183.53642571757132
 10
578.7856298058705
 20
-183.53642571757132
 10
581.5718796513484
 20
-183.53642571757132
 10
584.1899127447357
 20
-183.53642571757132
 10
586.6311896062463
 20
-183.53642571757132
 10
588.8877472981826
 20
-183.53642571757132
 10
590.9522253983844
 20
-183.53642571757132
 10
592.8178900083951
 20
-183.53642571757132
 10
594.4786557180395
 20
-183.53642571757132
 10
595.9291054547667
 20
-183.53642571757132
 10
597.1645081530148
 20
-183.53642571757132
 10
598.1808341859634
 20
-183.53642571757132
 10
598.9747685093386
 20
-183.53642571757132
 10
599.5437214743985
 20
-183.53642571757132
 10
599.8858372748296
 20
-183.53642571757132
 10
600.0
 20
-183.53642571757132
  0
LWPOLYLINE
  5
1B1
330
17
100
AcDbEntity
  8
XZ
100
AcDbPolyline
 90
2
 70
0
 10
600.0
 20
-189.53642571757132
 10
600.0
 20
-183.53642571757132
  0
LWPOLYLINE
  5
1B2
330
17
100
AcDbEntity
  8
XZ
100
AcDbPolyline
 90
2
 70
0
 10
0.0
 20
-483.5364257175713
 10
0.0
 20
-183.53642571757132
  0
LWPOLYLINE
  5
1B3
330
17
100
AcDbEntity
  8
XZ
100
AcDbPolyline
 90
2
 70
0
 10
0.0
 20
-483.5364257175713
 10
0.0
 20
-183.53642571757132
  0
LWPOLYLINE
  5
1B4
330
17
100
AcDbEntity
  8
XZ
100
AcDbPolyline
 90
2
 70
0
 10
0.0
 20
-483.5364257175713
 10
1060.0
 20
-483.5364257175713
  0
LWPOLYLINE
  5
1B5
330
17
100
AcDbEntity
  8
XZ
100
AcDbPolyline
 90
2
 70
0
 10
1060.0
 20
-483.5364257175713
 10
1060.0
 20
-183.53642571757132
  0
LWPOLYLINE
  5
1B6
330
17
100
AcDbEntity
  8
XZ
100
AcDbPolyline
 90
2
 70
0
 10
0.0
 20
-183.53642571757132
 10
1060.0
 20
-183.53642571757132
  0
LWPOLYLINE
  5
1B7
330
17
100
AcDbEntity
  8
XZ
100
AcDbPolyline
 90
2
 70
0
 10
0.0
 20
-183.53642571757132
 10
1060.0
 20
-183.53642571757132
  0
LWPOLYLINE
  5
1B8
330
17
100
AcDbEntity
  8
XZ
100
AcDbPolyline
 90
2
 70
0
 10
180.0
 20
-183.53642571757132
 10
880.0
 20
-183.53642571757132
  0
LWPOLYLINE
  5
1B9
330
17
100
AcDbEntity
  8
XZ
100
AcDbPolyline
 90
2
 70
0
 10
180.0
 20
-183.53642571757132
 10
880.0
 20
-183.53642571757132
  0
LWPOLYLINE
  5
1BA
330
17
100
AcDbEntity
  8
XZ
100
AcDbPolyline
 90
2
 70
0
 10
0.0
 20
-483.5364257175713
 10
1060.0
 20
-483.5364257175713
  0
LWPOLYLINE
  5
1BB
330
17
100
AcDbEntity
  8
XZ
100
AcDbPolyline
 90
2
 70
0
 10
1060.0
 20
-483.5364257175713
 10
1060.0
 20
-183.53642571757132
  0
LWPOLYLINE
  5
1BC
330
17
100
AcDbEntity
  8
XZ
100
AcDbPolyline
 90
2
 70
0
 10
180.0
 20
-483.5364257175713
 10
880.0
 20
-483.5364257175713
  0
LWPOLYLINE
  5
1BD
330
17
100
AcDbEntity
  8
XZ
100
AcDbPolyline
 90
2
 70
0
 10
180.0
 20
-483.5364257175713
 10
880.0
 20
-483.5364257175713
  0
LWPOLYLINE
  5
1BE
330
17
100
AcDbEntity
  8
XZ
100
AcDbPolyline
 90
2
 70
0
 10
180.0
 20
-483.5364257175713
 10
180.0
 20
-183.53642571757132
  0
LWPOLYLINE
  5
1BF
330
17
100
AcDbEntity
  8
XZ
100
AcDbPolyline
 90
2
 70
0
 10
180.0
 20
-483.5364257175713
 10
180.0
 20
-183.53642571757132
  0
LWPOLYLINE
  5
1C0
330
17
100
AcDbEntity
  8
XZ
100
AcDbPolyline
 90
2
 70
0
 10
880.0
 20
-483.5364257175713
 10
880.0
 20
-183.53642571757132
  0
LWPOLYLINE
  5
1C1
330
17
100
AcDbEntity
  8
XZ
100
AcDbPolyline
 90
2
 70
0
 10
880.0
 20
-483.5364257175713
 10
880.0
 20
-183.53642571757132
  0
DIMENSION
  5
1C2
330
17
100
AcDbEntity
  8
DIMENSIONS
100
AcDbDimension
280
0
  2
*D3
  3
Standard
 10
0.0
 20
-507.5364257175713
 30
0.0
 11
530.0
 21
-507.5364257175713
 31
0.0
 70
32
 71
5
  1
<>
100
AcDbAlignedDimension
 13
0.0
 23
-483.5364257175713
 33
0.0
 14
1060.0
 24
-483.5364257175713
 34
0.0
 50
0.0
100
AcDbRotatedDimension
1001
ACAD
1000
DSTYLE
1002
{
1070
140
1040
3.0
1070
41
1040
3.0
1070
271
1070
3
1002
}
  0
DIMENSION
  5
1D2
330
17
100
AcDbEntity
  8
DIMENSIONS
100
AcDbDimension
280
0
  2
*D4
  3
Standard
 10
-24.0
 20
-483.5364257175713
 30
0.0
 11
-24.0
 21
-291.76821285878566
 31
0.0
 70
32
 71
5
  1
<>
100
AcDbAlignedDimension
 13
0.0
 23
-483.5364257175713
 33
0.0
 14
0.0
 24
-100.0
 34
0.0
 50
90.0
100
AcDbRotatedDimension
1001
ACAD
1000
DSTYLE
1002
{
1070
140
1040
3.0
1070
41
1040
3.0
1070
271
1070
3
1002
}
  0
LWPOLYLINE
  5
1E2
330
17
100
AcDbEntity
  8
YZ
100
AcDbPolyline
 90
2
 70
0
 10
1330.0
 20
300.0
 10
1330.0
 20
304.0
  0
LWPOLYLINE
  5
1E3
330
17
100
AcDbEntity
  8
YZ
100
AcDbPolyline
 90
2
 70
0
 10
1330.0
 20
304.0
 10
2270.0
 20
304.0
  0
LWPOLYLINE
  5
1E4
330
17
100
AcDbEntity
  8
YZ
100
AcDbPolyline
 90
2
 70
0
 10
2270.0
 20
300.0
 10
2270.0
 20
304.0
  0
LWPOLYLINE
  5
1E5
330
17
100
AcDbEntity
  8
YZ
100
AcDbPolyline
 90
2
 70
0
 10
1330.0
 20
300.0
 10
2270.0
 20
300.0
  0
LWPOLYLINE
  5
1E6
330
17
100
AcDbEntity
  8
YZ
100
AcDbPolyline
 90
2
 70
0
 10
1330.0
 20
300.0
 10
1330.0
 20
304.0
  0
LWPOLYLINE
  5
1E7
330
17
100
AcDbEntity
  8
YZ
100
AcDbPolyline
 90
2
 70
0
 10
1330.0
 20
304.0
 10
2270.0
 20
304.0
  0
LWPOLYLINE
  5
1E8
330
17
100
AcDbEntity
  8
YZ
100
AcDbPolyline
 90
16
 70
0
 10
1562.5
 20
304.0
 10
1564.533683215379
 20
304.0
 10
1566.215724127387
 20
304.0
 10
1567.2552825814757
 20
304.0
 10
1567.4726094768414
 20
304.0
 10
1566.8301270189222
 20
304.0
 10
1565.4389262614623
 20
304.0
 10
1563.5395584540888
 20
304.0
 10
1561.4604415459112
 20
304.0
 10
1559.5610737385377
 20
304.0
 10
1558.1698729810778
 20
304.0
 10
1557.5273905231586
 20
304.0
 10
1557.7447174185243
 20
304.0
 10
1558.784275872613
 20
304.0
 10
1560.466316784621
 20
304.0
 10
1562.5
 20
304.0
  0
LWPOLYLINE
  5
1E9
330
17
100
AcDbEntity
  8
YZ
100
AcDbPolyline
 90
50
 70
0
 10
1800.0
 20
304.0
 10
1803.9641920122197
 20
304.0
 10
1807.8632921011947
 20
304.0
 10
1811.6332771512607
 20
304.0
 10
1815.212244112122
 20
304.0
 10
1818.5414264452277
 20
304.0
 10
1821.5661590687082
 20
304.0
 10
1824.236775956509
 20
304.0
 10
1826.5094256531656
 20
304.0
 10
1828.34679131349
 20
304.0
 10
1829.7187034441365
 20
304.0
 10
1830.602635285848
 20
304.0
 10
1830.9840727022213
 20
304.0
 10
1830.856752501425
 20
304.0
 10
1830.2227652776364
 20
304.0
 10
1829.0925210835426
 20
304.0
 10
1827.484578497563
 20
304.0
 10
1825.4253398925057
 20
304.0
 10
1822.9486179093346
 20
304.0
 10
1820.0950802545415
 20
304.0
 10
1816.911581937527
 20
304.0
 10
1813.4503959126444
 20
304.0
 10
1809.7683547587321
 20
304.0
 10
1805.9259174897425
 20
304.0
 10
1801.986176819402
 20
304.0
 10
1798.013823180598
 20
304.0
 10
1794.0740825102575
 20
304.0
 10
1790.2316452412679
 20
304.0
 10
1786.5496040873559
 20
304.0
 10
1783.088418062473
 20
304.0
 10
1779.9049197454585
 20
304.0
 10
1777.0513820906654
 20
304.0
 10
1774.5746601074943
 20
304.0
 10
1772.515421502437
 20
304.0
 10
1770.9074789164574
 20
304.0
 10
1769.7772347223636
 20
304.0
 10
1769.143247498575
 20
304.0
 10
1769.0159272977787
 20
304.0
 10
1769.397364714152
 20
304.0
 10
1770.2812965558635
 20
304.0
 10
1771.65320868651
 20
304.0
 10
1773.4905743468344
 20
304.0
 10
1775.763224043491
 20
304.0
 10
1778.4338409312918
 20
304.0
 10
1781.4585735547723
 20
304.0
 10
1784.787755887878
 20
304.0
 10
1788.3667228487393
 20
304.0
 10
1792.1367078988053
 20
304.0
 10
1796.0358079877803
 20
304.0
 10
1800.0
 20
304.0
  0
LWPOLYLINE
  5
1EA
330
17
100
AcDbEntity
  8
YZ
100
AcDbPolyline
 90
16
 70
0
 10
2037.5
 20
304.0
 10
2039.533683215379
 20
304.0
 10
2041.215724127387
 20
304.0
 10
2042.2552825814757
 20
304.0
 10
2042.4726094768414
 20
304.0
 10
2041.8301270189222
 20
304.0
 10
2040.4389262614623
 20
304.0
 10
2038.5395584540888
 20
304.0
 10
2036.4604415459112
 20
304.0
 10
2034.5610737385377
 20
304.0
 10
2033.1698729810778
 20
304.0
 10
2032.5273905231586
 20
304.0
 10
2032.7447174185243
 20
304.0
 10
2033.784275872613
 20
304.0
 10
2035.466316784621
 20
304.0
 10
2037.5
 20
304.0
  0
LWPOLYLINE
  5
1EB
330
17
100
AcDbEntity
  8
YZ
100
AcDbPolyline
 90
2
 70
0
 10
2270.0
 20
300.0
 10
2270.0
 20
304.0
  0
LWPOLYLINE
  5
1EC
330
17
100
AcDbEntity
  8
YZ
100
AcDbPolyline
 90
2
 70
0
 10
1330.0
 20
300.0
 10
2270.0
 20
300.0
  0
LWPOLYLINE
  5
1ED
330
17
100
AcDbEntity
  8
YZ
100
AcDbPolyline
 90
16
 70
0
 10
1562.5
 20
300.0
 10
1564.533683215379
 20
300.0
 10
1566.215724127387
 20
300.0
 10
1567.2552825814757
 20
300.0
 10
1567.4726094768414
 20
300.0
 10
1566.8301270189222
 20
300.0
 10
1565.4389262614623
 20
300.0
 10
1563.5395584540888
 20
300.0
 10
1561.4604415459112
 20
300.0
 10
1559.5610737385377
 20
300.0
 10
1558.1698729810778
 20
300.0
 10
1557.5273905231586
 20
300.0
 10
1557.7447174185243
 20
300.0
 10
1558.784275872613
 20
300.0
 10
1560.466316784621
 20
300.0
 10
1562.5
 20
300.0
  0
LWPOLYLINE
  5
1EE
330
17
100
AcDbEntity
  8
YZ
100
AcDbPolyline
 90
50
 70
0
 10
1800.0
 20
300.0
 10
1803.9641920122197
 20
300.0
 10
1807.8632921011947
 20
300.0
 10
1811.6332771512607
 20
300.0
 10
1815.212244112122
 20
300.0
 10
1818.5414264452277
 20
300.0
 10
1821.5661590687082
 20
300.0
 10
1824.236775956509
 20
300.0
 10
1826.5094256531656
 20
300.0
 10
1828.34679131349
 20
300.0
 10
1829.7187034441365
 20
300.0
 10
1830.602635285848
 20
300.0
 10
1830.9840727022213
 20
300.0
 10
1830.856752501425
 20
300.0
 10
1830.2227652776364
 20
300.0
 10
1829.0925210835426
 20
300.0
 10
1827.484578497563
 20
300.0
 10
1825.4253398925057
 20
300.0
 10
1822.9486179093346
 20
300.0
 10
1820.0950802545415
 20
300.0
 10
1816.911581937527
 20
300.0
 10
1813.4503959126444
 20
300.0
 10
1809.7683547587321
 20
300.0
 10
1805.9259174897425
 20
300.0
 10
1801.986176819402
 20
300.0
 10
1798.013823180598
 20
300.0
 10
1794.0740825102575
 20
300.0
 10
1790.2316452412679
 20
300.0
 10
1786.5496040873559
 20
300.0
 10
1783.088418062473
 20
300.0
 10
1779.9049197454585
 20
300.0
 10
1777.0513820906654
 20
300.0
 10
1774.5746601074943
 20
300.0
 10
1772.515421502437
 20
300.0
 10
1770.9074789164574
 20
300.0
 10
1769.7772347223636
 20
300.0
 10
1769.143247498575
 20
300.0
 10
1769.0159272977787
 20
300.0
 10
1769.397364714152
 20
300.0
 10
1770.2812965558635
 20
300.0
 10
1771.65320868651
 20
300.0
 10
1773.4905743468344
 20
300.0
 10
1775.763224043491
 20
300.0
 10
1778.4338409312918
 20
300.0
 10
1781.4585735547723
 20
300.0
 10
1784.787755887878
 20
300.0
 10
1788.3667228487393
 20
300.0
 10
1792.1367078988053
 20
300.0
 10
1796.0358079877803
 20
300.0
 10
1800.0
 20
300.0
  0
LWPOLYLINE
  5
1EF
330
17
100
AcDbEntity
  8
YZ
100
AcDbPolyline
 90
16
 70
0
 10
2037.5
 20
300.0
 10
2039.533683215379
 20
300.0
 10
2041.215724127387
 20
300.0
 10
2042.2552825814757
 20
300.0
 10
2042.4726094768414
 20
300.0
 10
2041.8301270189222
 20
300.0
 10
2040.4389262614623
 20
300.0
 10
2038.5395584540888
 20
300.0
 10
2036.4604415459112
 20
300.0
 10
2034.5610737385377
 20
300.0
 10
2033.1698729810778
 20
300.0
 10
2032.5273905231586
 20
300.0
 10
2032.7447174185243
 20
300.0
 10
2033.784275872613
 20
300.0
 10
2035.466316784621
 20
300.0
 10
2037.5
 20
300.0
  0
LWPOLYLINE
  5
1F0
330
17
100
AcDbEntity
  8
YZ
100
AcDbPolyline
 90
2
 70
0
 10
1562.5
 20
300.0
 10
1562.5
 20
304.0
  0
LWPOLYLINE
  5
1F1
330
17
100
AcDbEntity
  8
YZ
100
AcDbPolyline
 90
2
 70
0
 10
1800.0
 20
300.0
 10
1800.0
 20
304.0
  0
LWPOLYLINE
  5
1F2
330
17
100
AcDbEntity
  8
YZ
100
AcDbPolyline
 90
2
 70
0
 10
2037.5
 20
300.0
 10
2037.5
 20
304.0
  0
LWPOLYLINE
  5
1F3
330
17
100
AcDbEntity
  8
YZ
100
AcDbPolyline
 90
2
 70
0
 10
1340.0
 20
119.99999999999997
 10
1340.0
 20
300.0
  0
LWPOLYLINE
  5
1F4
330
17
100
AcDbEntity
  8
YZ
100
AcDbPolyline
 90
2
 70
0
 10
1340.0
 20
300.0
 10
2260.0
 20
300.0
  0
LWPOLYLINE
  5
1F5
330
17
100
AcDbEntity
  8
YZ
100
AcDbPolyline
 90
2
 70
0
 10
2260.0
 20
119.99999999999997
 10
2260.0
 20
300.0
  0
LWPOLYLINE
  5
1F6
330
17
100
AcDbEntity
  8
YZ
100
AcDbPolyline
 90
2
 70
0
 10
1340.0
 20
119.99999999999997
 10
2260.0
 20
119.99999999999997
  0
LWPOLYLINE
  5
1F7
330
17
100
AcDbEntity
  8
YZ
100
AcDbPolyline
 90
2
 70
0
 10
1340.0
 20
119.99999999999997
 10
1340.0
 20
300.0
  0
LWPOLYLINE
  5
1F8
330
17
100
AcDbEntity
  8
YZ
100
AcDbPolyline
 90
2
 70
0
 10
1340.0
 20
300.0
 10
2260.0
 20
300.0
  0
LWPOLYLINE
  5
1F9
330
17
100
AcDbEntity
  8
YZ
100
AcDbPolyline
 90
2
 70
0
 10
1342.0
 20
300.0
 10
2258.0
 20
300.0
  0
LWPOLYLINE
  5
1FA
330
17
100
AcDbEntity
  8
YZ
100
AcDbPolyline
 90
2
 70
0
 10
1342.0
 20
300.0
 10
2258.0
 20
300.0
  0
LWPOLYLINE
  5
1FB
330
17
100
AcDbEntity
  8
YZ
100
AcDbPolyline
 90
2
 70
0
 10
2260.0
 20
119.99999999999997
 10
2260.0
 20
300.0
  0
LWPOLYLINE
  5
1FC
330
17
100
AcDbEntity
  8
YZ
100
AcDbPolyline
 90
2
 70
0
 10
1340.0
 20
119.99999999999997
 10
2260.0
 20
119.99999999999997
  0
LWPOLYLINE
  5
1FD
330
17
100
AcDbEntity
  8
YZ
100
AcDbPolyline
 90
2
 70
0
 10
1342.0
 20
119.99999999999997
 10
2258.0
 20
119.99999999999997
  0
LWPOLYLINE
  5
1FE
330
17
100
AcDbEntity
  8
YZ
100
AcDbPolyline
 90
2
 70
0
 10
1342.0
 20
119.99999999999997
 10
2258.0
 20
119.99999999999997
  0
LWPOLYLINE
  5
1FF
330
17
100
AcDbEntity
  8
YZ
100
AcDbPolyline
 90
2
 70
0
 10
1342.0
 20
119.99999999999997
 10
1342.0
 20
300.0
  0
LWPOLYLINE
  5
200
330
17
100
AcDbEntity
  8
YZ
100
AcDbPolyline
 90
2
 70
0
 10
2258.0
 20
119.99999999999997
 10
2258.0
 20
300.0
  0
LWPOLYLINE
  5
201
330
17
100
AcDbEntity
  8
YZ
100
AcDbPolyline
 90
2
 70
0
 10
1342.0
 20
119.99999999999997
 10
1342.0
 20
300.0
  0
LWPOLYLINE
  5
202
330
17
100
AcDbEntity
  8
YZ
100
AcDbPolyline
 90
2
 70
0
 10
2258.0
 20
119.99999999999997
 10
2258.0
 20
300.0
  0
LWPOLYLINE
  5
203
330
17
100
AcDbEntity
  8
YZ
100
AcDbPolyline
 90
2
 70
0
 10
1350.0
 20
312.0
 10
1350.0
 20
336.93910125649563
  0
LWPOLYLINE
  5
204
330
17
100
AcDbEntity
  8
YZ
100
AcDbPolyline
 90
2
 70
0
 10
1350.0
 20
336.93910125649563
 10
1775.0
 20
336.93910125649563
  0
LWPOLYLINE
  5
205
330
17
100
AcDbEntity
  8
YZ
100
AcDbPolyline
 90
2
 70
0
 10
1775.0
 20
312.0
 10
1775.0
 20
336.93910125649563
  0
LWPOLYLINE
  5
206
330
17
100
AcDbEntity
  8
YZ
100
AcDbPolyline
 90
2
 70
0
 10
1350.0
 20
312.0
 10
1775.0
 20
312.0
  0
LWPOLYLINE
  5
207
330
17
100
AcDbEntity
  8
YZ
100
AcDbPolyline
 90
2
 70
0
 10
1350.0
 20
358.5973244610757
 10
1350.0
 20
383.5364257175713
  0
LWPOLYLINE
  5
208
330
17
100
AcDbEntity
  8
YZ
100
AcDbPolyline
 90
2
 70
0
 10
1350.0
 20
383.5364257175713
 10
1775.0
 20
383.5364257175713
  0
LWPOLYLINE
  5
209
330
17
100
AcDbEntity
  8
YZ
100
AcDbPolyline
 90
2
 70
0
 10
1775.0
 20
358.5973244610757
 10
1775.0
 20
383.5364257175713
  0
LWPOLYLINE
  5
20A
330
17
100
AcDbEntity
  8
YZ
100
AcDbPolyline
 90
2
 70
0
 10
1350.0
 20
358.5973244610757
 10
1775.0
 20
358.5973244610757
  0
LWPOLYLINE
  5
20B
330
17
100
AcDbEntity
  8
YZ
100
AcDbPolyline
 90
2
 70
0
 10
1350.0
 20
312.0
 10
1350.0
 20
358.5973244610757
  0
LWPOLYLINE
  5
20C
330
17
100
AcDbEntity
  8
YZ
100
AcDbPolyline
 90
2
 70
0
 10
1350.0
 20
336.93910125649563
 10
1350.0
 20
383.5364257175713
  0
LWPOLYLINE
  5
20D
330
17
100
AcDbEntity
  8
YZ
100
AcDbPolyline
 90
2
 70
0
 10
1775.0
 20
312.0
 10
1775.0
 20
358.5973244610757
  0
LWPOLYLINE
  5
20E
330
17
100
AcDbEntity
  8
YZ
100
AcDbPolyline
 90
2
 70
0
 10
1775.0
 20
336.93910125649563
 10
1775.0
 20
383.5364257175713
  0
LWPOLYLINE
  5
20F
330
17
100
AcDbEntity
  8
YZ
100
AcDbPolyline
 90
2
 70
0
 10
1391.0
 20
304.0
 10
1369.0
 20
304.0
  0
LWPOLYLINE
  5
210
330
17
100
AcDbEntity
  8
YZ
100
AcDbPolyline
 90
2
 70
0
 10
1391.0
 20
304.0
 10
1369.0
 20
304.0
  0
LWPOLYLINE
  5
211
330
17
100
AcDbEntity
  8
YZ
100
AcDbPolyline
 90
2
 70
0
 10
1391.0
 20
357.67524205246116
 10
1369.0
 20
357.67524205246116
  0
LWPOLYLINE
  5
212
330
17
100
AcDbEntity
  8
YZ
100
AcDbPolyline
 90
2
 70
0
 10
1391.0
 20
304.0
 10
1391.0
 20
357.67524205246116
  0
LWPOLYLINE
  5
213
330
17
100
AcDbEntity
  8
YZ
100
AcDbPolyline
 90
2
 70
0
 10
1369.0
 20
304.0
 10
1369.0
 20
357.67524205246116
  0
LWPOLYLINE
  5
214
330
17
100
AcDbEntity
  8
YZ
100
AcDbPolyline
 90
2
 70
0
 10
1391.0
 20
312.92208240861453
 10
1369.0
 20
312.92208240861453
  0
LWPOLYLINE
  5
215
330
17
100
AcDbEntity
  8
YZ
100
AcDbPolyline
 90
2
 70
0
 10
1391.0
 20
357.67524205246116
 10
1391.0
 20
312.9220824086144
  0
LWPOLYLINE
  5
216
330
17
100
AcDbEntity
  8
YZ
100
AcDbPolyline
 90
2
 70
0
 10
1369.0
 20
357.67524205246116
 10
1369.0
 20
312.9220824086144
  0
LWPOLYLINE
  5
217
330
17
100
AcDbEntity
  8
YZ
100
AcDbPolyline
 90
2
 70
0
 10
1391.0
 20
312.92208240861453
 10
1391.0
 20
304.0
  0
LWPOLYLINE
  5
218
330
17
100
AcDbEntity
  8
YZ
100
AcDbPolyline
 90
2
 70
0
 10
1369.0
 20
312.92208240861453
 10
1369.0
 20
304.0
  0
LWPOLYLINE
  5
219
330
17
100
AcDbEntity
  8
YZ
100
AcDbPolyline
 90
2
 70
0
 10
1756.0
 20
304.0
 10
1734.0
 20
304.0
  0
LWPOLYLINE
  5
21A
330
17
100
AcDbEntity
  8
YZ
100
AcDbPolyline
 90
2
 70
0
 10
1756.0
 20
304.0
 10
1734.0
 20
304.0
  0
LWPOLYLINE
  5
21B
330
17
100
AcDbEntity
  8
YZ
100
AcDbPolyline
 90
2
 70
0
 10
1756.0
 20
357.67524205246116
 10
1734.0
 20
357.67524205246116
  0
LWPOLYLINE
  5
21C
330
17
100
AcDbEntity
  8
YZ
100
AcDbPolyline
 90
2
 70
0
 10
1756.0
 20
304.0
 10
1756.0
 20
357.67524205246116
  0
LWPOLYLINE
  5
21D
330
17
100
AcDbEntity
  8
YZ
100
AcDbPolyline
 90
2
 70
0
 10
1734.0
 20
304.0
 10
1734.0
 20
357.67524205246116
  0
LWPOLYLINE
  5
21E
330
17
100
AcDbEntity
  8
YZ
100
AcDbPolyline
 90
2
 70
0
 10
1756.0
 20
312.92208240861453
 10
1734.0
 20
312.92208240861453
  0
LWPOLYLINE
  5
21F
330
17
100
AcDbEntity
  8
YZ
100
AcDbPolyline
 90
2
 70
0
 10
1756.0
 20
357.67524205246116
 10
1756.0
 20
312.9220824086144
  0
LWPOLYLINE
  5
220
330
17
100
AcDbEntity
  8
YZ
100
AcDbPolyline
 90
2
 70
0
 10
1734.0
 20
357.67524205246116
 10
1734.0
 20
312.9220824086144
  0
LWPOLYLINE
  5
221
330
17
100
AcDbEntity
  8
YZ
100
AcDbPolyline
 90
2
 70
0
 10
1756.0
 20
312.92208240861453
 10
1756.0
 20
304.0
  0
LWPOLYLINE
  5
222
330
17
100
AcDbEntity
  8
YZ
100
AcDbPolyline
 90
2
 70
0
 10
1734.0
 20
312.92208240861453
 10
1734.0
 20
304.0
  0
LWPOLYLINE
  5
223
330
17
100
AcDbEntity
  8
YZ
100
AcDbPolyline
 90
2
 70
0
 10
1825.0
 20
312.0
 10
1825.0
 20
336.93910125649563
  0
LWPOLYLINE
  5
224
330
17
100
AcDbEntity
  8
YZ
100
AcDbPolyline
 90
2
 70
0
 10
1825.0
 20
336.93910125649563
 10
2250.0
 20
336.93910125649563
  0
LWPOLYLINE
  5
225
330
17
100
AcDbEntity
  8
YZ
100
AcDbPolyline
 90
2
 70
0
 10
2250.0
 20
312.0
 10
2250.0
 20
336.93910125649563
  0
LWPOLYLINE
  5
226
330
17
100
AcDbEntity
  8
YZ
100
AcDbPolyline
 90
2
 70
0
 10
1825.0
 20
312.0
 10
2250.0
 20
312.0
  0
LWPOLYLINE
  5
227
330
17
100
AcDbEntity
  8
YZ
100
AcDbPolyline
 90
2
 70
0
 10
1825.0
 20
358.5973244610757
 10
1825.0
 20
383.5364257175713
  0
LWPOLYLINE
  5
228
330
17
100
AcDbEntity
  8
YZ
100
AcDbPolyline
 90
2
 70
0
 10
1825.0
 20
383.5364257175713
 10
2250.0
 20
383.5364257175713
  0
LWPOLYLINE
  5
229
330
17
100
AcDbEntity
  8
YZ
100
AcDbPolyline
 90
2
 70
0
 10
2250.0
 20
358.5973244610757
 10
2250.0
 20
383.5364257175713
  0
LWPOLYLINE
  5
22A
330
17
100
AcDbEntity
  8
YZ
100
AcDbPolyline
 90
2
 70
0
 10
1825.0
 20
358.5973244610757
 10
2250.0
 20
358.5973244610757
  0
LWPOLYLINE
  5
22B
330
17
100
AcDbEntity
  8
YZ
100
AcDbPolyline
 90
2
 70
0
 10
1825.0
 20
312.0
 10
1825.0
 20
358.5973244610757
  0
LWPOLYLINE
  5
22C
330
17
100
AcDbEntity
  8
YZ
100
AcDbPolyline
 90
2
 70
0
 10
1825.0
 20
336.93910125649563
 10
1825.0
 20
383.5364257175713
  0
LWPOLYLINE
  5
22D
330
17
100
AcDbEntity
  8
YZ
100
AcDbPolyline
 90
2
 70
0
 10
2250.0
 20
312.0
 10
2250.0
 20
358.5973244610757
  0
LWPOLYLINE
  5
22E
330
17
100
AcDbEntity
  8
YZ
100
AcDbPolyline
 90
2
 70
0
 10
2250.0
 20
336.93910125649563
 10
2250.0
 20
383.5364257175713
  0
LWPOLYLINE
  5
22F
330
17
100
AcDbEntity
  8
YZ
100
AcDbPolyline
 90
2
 70
0
 10
1866.0
 20
304.0
 10
1844.0
 20
304.0
  0
LWPOLYLINE
  5
230
330
17
100
AcDbEntity
  8
YZ
100
AcDbPolyline
 90
2
 70
0
 10
1866.0
 20
304.0
 10
1844.0
 20
304.0
  0
LWPOLYLINE
  5
231
330
17
100
AcDbEntity
  8
YZ
100
AcDbPolyline
 90
2
 70
0
 10
1866.0
 20
357.67524205246116
 10
1844.0
 20
357.67524205246116
  0
LWPOLYLINE
  5
232
330
17
100
AcDbEntity
  8
YZ
100
AcDbPolyline
 90
2
 70
0
 10
1866.0
 20
304.0
 10
1866.0
 20
357.67524205246116
  0
LWPOLYLINE
  5
233
330
17
100
AcDbEntity
  8
YZ
100
AcDbPolyline
 90
2
 70
0
 10
1844.0
 20
304.0
 10
1844.0
 20
357.67524205246116
  0
LWPOLYLINE
  5
234
330
17
100
AcDbEntity
  8
YZ
100
AcDbPolyline
 90
2
 70
0
 10
1866.0
 20
312.92208240861453
 10
1844.0
 20
312.92208240861453
  0
LWPOLYLINE
  5
235
330
17
100
AcDbEntity
  8
YZ
100
AcDbPolyline
 90
2
 70
0
 10
1866.0
 20
357.67524205246116
 10
1866.0
 20
312.9220824086144
  0
LWPOLYLINE
  5
236
330
17
100
AcDbEntity
  8
YZ
100
AcDbPolyline
 90
2
 70
0
 10
1844.0
 20
357.67524205246116
 10
1844.0
 20
312.9220824086144
  0
LWPOLYLINE
  5
237
330
17
100
AcDbEntity
  8
YZ
100
AcDbPolyline
 90
2
 70
0
 10
1866.0
 20
312.92208240861453
 10
1866.0
 20
304.0
  0
LWPOLYLINE
  5
238
330
17
100
AcDbEntity
  8
YZ
100
AcDbPolyline
 90
2
 70
0
 10
1844.0
 20
312.92208240861453
 10
1844.0
 20
304.0
  0
LWPOLYLINE
  5
239
330
17
100
AcDbEntity
  8
YZ
100
AcDbPolyline
 90
2
 70
0
 10
2231.0
 20
304.0
 10
2209.0
 20
304.0
  0
LWPOLYLINE
  5
23A
330
17
100
AcDbEntity
  8
YZ
100
AcDbPolyline
 90
2
 70
0
 10
2231.0
 20
304.0
 10
2209.0
 20
304.0
  0
LWPOLYLINE
  5
23B
330
17
100
AcDbEntity
  8
YZ
100
AcDbPolyline
 90
2
 70
0
 10
2231.0
 20
357.67524205246116
 10
2209.0
 20
357.67524205246116
  0
LWPOLYLINE
  5
23C
330
17
100
AcDbEntity
  8
YZ
100
AcDbPolyline
 90
2
 70
0
 10
2231.0
 20
304.0
 10
2231.0
 20
357.67524205246116
  0
LWPOLYLINE
  5
23D
330
17
100
AcDbEntity
  8
YZ
100
AcDbPolyline
 90
2
 70
0
 10
2209.0
 20
304.0
 10
2209.0
 20
357.67524205246116
  0
LWPOLYLINE
  5
23E
330
17
100
AcDbEntity
  8
YZ
100
AcDbPolyline
 90
2
 70
0
 10
2231.0
 20
312.92208240861453
 10
2209.0
 20
312.92208240861453
  0
LWPOLYLINE
  5
23F
330
17
100
AcDbEntity
  8
YZ
100
AcDbPolyline
 90
2
 70
0
 10
2231.0
 20
357.67524205246116
 10
2231.0
 20
312.9220824086144
  0
LWPOLYLINE
  5
240
330
17
100
AcDbEntity
  8
YZ
100
AcDbPolyline
 90
2
 70
0
 10
2209.0
 20
357.67524205246116
 10
2209.0
 20
312.9220824086144
  0
LWPOLYLINE
  5
241
330
17
100
AcDbEntity
  8
YZ
100
AcDbPolyline
 90
2
 70
0
 10
2231.0
 20
312.92208240861453
 10
2231.0
 20
304.0
  0
LWPOLYLINE
  5
242
330
17
100
AcDbEntity
  8
YZ
100
AcDbPolyline
 90
2
 70
0
 10
2209.0
 20
312.92208240861453
 10
2209.0
 20
304.0
  0
LWPOLYLINE
  5
243
330
17
100
AcDbEntity
  8
YZ
100
AcDbPolyline
 90
2
 70
0
 10
1492.5
 20
148.89999999999995
 10
1492.5
 20
215.49999999999994
  0
LWPOLYLINE
  5
244
330
17
100
AcDbEntity
  8
YZ
100
AcDbPolyline
 90
2
 70
0
 10
1492.5
 20
215.49999999999997
 10
1667.5
 20
215.49999999999997
  0
LWPOLYLINE
  5
245
330
17
100
AcDbEntity
  8
YZ
100
AcDbPolyline
 90
2
 70
0
 10
1667.5
 20
148.89999999999995
 10
1667.5
 20
215.49999999999994
  0
LWPOLYLINE
  5
246
330
17
100
AcDbEntity
  8
YZ
100
AcDbPolyline
 90
2
 70
0
 10
1492.5
 20
148.89999999999995
 10
1667.5
 20
148.89999999999995
  0
LWPOLYLINE
  5
247
330
17
100
AcDbEntity
  8
YZ
100
AcDbPolyline
 90
2
 70
0
 10
1492.5
 20
148.89999999999995
 10
1492.5
 20
215.49999999999994
  0
LWPOLYLINE
  5
248
330
17
100
AcDbEntity
  8
YZ
100
AcDbPolyline
 90
2
 70
0
 10
1492.5
 20
215.49999999999997
 10
1667.5
 20
215.49999999999997
  0
LWPOLYLINE
  5
249
330
17
100
AcDbEntity
  8
YZ
100
AcDbPolyline
 90
2
 70
0
 10
1667.5
 20
148.89999999999995
 10
1667.5
 20
215.49999999999994
  0
LWPOLYLINE
  5
24A
330
17
100
AcDbEntity
  8
YZ
100
AcDbPolyline
 90
2
 70
0
 10
1492.5
 20
148.89999999999995
 10
1667.5
 20
148.89999999999995
  0
LWPOLYLINE
  5
24B
330
17
100
AcDbEntity
  8
YZ
100
AcDbPolyline
 90
2
 70
0
 10
1492.5
 20
145.89999999999995
 10
1492.5
 20
148.89999999999995
  0
LWPOLYLINE
  5
24C
330
17
100
AcDbEntity
  8
YZ
100
AcDbPolyline
 90
2
 70
0
 10
1492.5
 20
145.89999999999995
 10
1667.5
 20
145.89999999999995
  0
LWPOLYLINE
  5
24D
330
17
100
AcDbEntity
  8
YZ
100
AcDbPolyline
 90
2
 70
0
 10
1667.5
 20
145.89999999999995
 10
1667.5
 20
148.89999999999995
  0
LWPOLYLINE
  5
24E
330
17
100
AcDbEntity
  8
YZ
100
AcDbPolyline
 90
2
 70
0
 10
1590.0
 20
148.89999999999995
 10
1667.5
 20
148.89999999999995
  0
LWPOLYLINE
  5
24F
330
17
100
AcDbEntity
  8
YZ
100
AcDbPolyline
 90
2
 70
0
 10
1590.0
 20
148.89999999999995
 10
1590.0
 20
299.99999999999994
  0
LWPOLYLINE
  5
250
330
17
100
AcDbEntity
  8
YZ
100
AcDbPolyline
 90
2
 70
0
 10
1570.0
 20
300.0
 10
1590.0
 20
300.0
  0
LWPOLYLINE
  5
251
330
17
100
AcDbEntity
  8
YZ
100
AcDbPolyline
 90
2
 70
0
 10
1570.0
 20
148.89999999999995
 10
1570.0
 20
299.99999999999994
  0
LWPOLYLINE
  5
252
330
17
100
AcDbEntity
  8
YZ
100
AcDbPolyline
 90
2
 70
0
 10
1492.5
 20
148.89999999999995
 10
1570.0
 20
148.89999999999995
  0
LWPOLYLINE
  5
253
330
17
100
AcDbEntity
  8
YZ
100
AcDbPolyline
 90
2
 70
0
 10
1492.5
 20
145.89999999999995
 10
1492.5
 20
148.89999999999995
  0
LWPOLYLINE
  5
254
330
17
100
AcDbEntity
  8
YZ
100
AcDbPolyline
 90
2
 70
0
 10
1570.0
 20
148.89999999999995
 10
1590.0
 20
148.89999999999995
  0
LWPOLYLINE
  5
255
330
17
100
AcDbEntity
  8
YZ
100
AcDbPolyline
 90
2
 70
0
 10
1590.0
 20
148.89999999999995
 10
1667.5
 20
148.89999999999995
  0
LWPOLYLINE
  5
256
330
17
100
AcDbEntity
  8
YZ
100
AcDbPolyline
 90
2
 70
0
 10
1570.0
 20
148.89999999999995
 10
1590.0
 20
148.89999999999995
  0
LWPOLYLINE
  5
257
330
17
100
AcDbEntity
  8
YZ
100
AcDbPolyline
 90
2
 70
0
 10
1492.5
 20
148.89999999999995
 10
1570.0
 20
148.89999999999995
  0
LWPOLYLINE
  5
258
330
17
100
AcDbEntity
  8
YZ
100
AcDbPolyline
 90
2
 70
0
 10
1667.5
 20
145.89999999999995
 10
1667.5
 20
148.89999999999995
  0
LWPOLYLINE
  5
259
330
17
100
AcDbEntity
  8
YZ
100
AcDbPolyline
 90
2
 70
0
 10
1492.5
 20
145.89999999999995
 10
1667.5
 20
145.89999999999995
  0
LWPOLYLINE
  5
25A
330
17
100
AcDbEntity
  8
YZ
100
AcDbPolyline
 90
2
 70
0
 10
1590.0
 20
148.89999999999995
 10
1590.0
 20
299.99999999999994
  0
LWPOLYLINE
  5
25B
330
17
100
AcDbEntity
  8
YZ
100
AcDbPolyline
 90
2
 70
0
 10
1570.0
 20
300.0
 10
1590.0
 20
300.0
  0
LWPOLYLINE
  5
25C
330
17
100
AcDbEntity
  8
YZ
100
AcDbPolyline
 90
2
 70
0
 10
1570.0
 20
148.89999999999995
 10
1570.0
 20
299.99999999999994
  0
LWPOLYLINE
  5
25D
330
17
100
AcDbEntity
  8
YZ
100
AcDbPolyline
 90
2
 70
0
 10
1570.0
 20
148.89999999999995
 10
1570.0
 20
299.99999999999994
  0
LWPOLYLINE
  5
25E
330
17
100
AcDbEntity
  8
YZ
100
AcDbPolyline
 90
2
 70
0
 10
1570.0
 20
300.0
 10
1590.0
 20
300.0
  0
LWPOLYLINE
  5
25F
330
17
100
AcDbEntity
  8
YZ
100
AcDbPolyline
 90
2
 70
0
 10
1590.0
 20
148.89999999999995
 10
1590.0
 20
299.99999999999994
  0
LWPOLYLINE
  5
260
330
17
100
AcDbEntity
  8
YZ
100
AcDbPolyline
 90
2
 70
0
 10
1590.0
 20
148.89999999999995
 10
1590.0
 20
299.99999999999994
  0
LWPOLYLINE
  5
261
330
17
100
AcDbEntity
  8
YZ
100
AcDbPolyline
 90
2
 70
0
 10
1570.0
 20
148.89999999999995
 10
1570.0
 20
299.99999999999994
  0
LWPOLYLINE
  5
262
330
17
100
AcDbEntity
  8
YZ
100
AcDbPolyline
 90
2
 70
0
 10
1570.0
 20
300.0
 10
1590.0
 20
300.0
  0
LWPOLYLINE
  5
263
330
17
100
AcDbEntity
  8
YZ
100
AcDbPolyline
 90
2
 70
0
 10
1394.5575
 20
290.5
 10
1394.5575
 20
292.0
  0
LWPOLYLINE
  5
264
330
17
100
AcDbEntity
  8
YZ
100
AcDbPolyline
 90
2
 70
0
 10
1394.5575
 20
292.0
 10
1669.5575
 20
292.0
  0
LWPOLYLINE
  5
265
330
17
100
AcDbEntity
  8
YZ
100
AcDbPolyline
 90
2
 70
0
 10
1669.5575
 20
290.5
 10
1669.5575
 20
292.0
  0
LWPOLYLINE
  5
266
330
17
100
AcDbEntity
  8
YZ
100
AcDbPolyline
 90
2
 70
0
 10
1394.5575
 20
290.5
 10
1669.5575
 20
290.5
  0
LWPOLYLINE
  5
267
330
17
100
AcDbEntity
  8
YZ
100
AcDbPolyline
 90
2
 70
0
 10
1394.5575
 20
290.5
 10
1394.5575
 20
292.0
  0
LWPOLYLINE
  5
268
330
17
100
AcDbEntity
  8
YZ
100
AcDbPolyline
 90
2
 70
0
 10
1394.5575
 20
292.0
 10
1669.5575
 20
292.0
  0
LWPOLYLINE
  5
269
330
17
100
AcDbEntity
  8
YZ
100
AcDbPolyline
 90
2
 70
0
 10
1669.5575
 20
290.5
 10
1669.5575
 20
292.0
  0
LWPOLYLINE
  5
26A
330
17
100
AcDbEntity
  8
YZ
100
AcDbPolyline
 90
2
 70
0
 10
1394.5575
 20
290.5
 10
1669.5575
 20
290.5
  0
LWPOLYLINE
  5
26B
330
17
100
AcDbEntity
  8
YZ
100
AcDbPolyline
 90
2
 70
0
 10
1527.0575
 20
292.0
 10
1527.0575
 20
300.0
  0
LWPOLYLINE
  5
26C
330
17
100
AcDbEntity
  8
YZ
100
AcDbPolyline
 90
2
 70
0
 10
1527.0575
 20
300.0
 10
1537.0575
 20
300.0
  0
LWPOLYLINE
  5
26D
330
17
100
AcDbEntity
  8
YZ
100
AcDbPolyline
 90
2
 70
0
 10
1537.0575
 20
292.0
 10
1537.0575
 20
300.0
  0
LWPOLYLINE
  5
26E
330
17
100
AcDbEntity
  8
YZ
100
AcDbPolyline
 90
2
 70
0
 10
1527.0575
 20
292.0
 10
1537.0575
 20
292.0
  0
LWPOLYLINE
  5
26F
330
17
100
AcDbEntity
  8
YZ
100
AcDbPolyline
 90
2
 70
0
 10
1527.0575
 20
292.0
 10
1527.0575
 20
300.0
  0
LWPOLYLINE
  5
270
330
17
100
AcDbEntity
  8
YZ
100
AcDbPolyline
 90
2
 70
0
 10
1527.0575
 20
300.0
 10
1537.0575
 20
300.0
  0
LWPOLYLINE
  5
271
330
17
100
AcDbEntity
  8
YZ
100
AcDbPolyline
 90
2
 70
0
 10
1537.0575
 20
292.0
 10
1537.0575
 20
300.0
  0
LWPOLYLINE
  5
272
330
17
100
AcDbEntity
  8
YZ
100
AcDbPolyline
 90
2
 70
0
 10
1527.0575
 20
292.0
 10
1537.0575
 20
292.0
  0
LWPOLYLINE
  5
273
330
17
100
AcDbEntity
  8
YZ
100
AcDbPolyline
 90
2
 70
0
 10
1527.0575
 20
292.0
 10
1527.0575
 20
300.0
  0
LWPOLYLINE
  5
274
330
17
100
AcDbEntity
  8
YZ
100
AcDbPolyline
 90
2
 70
0
 10
1527.0575
 20
300.0
 10
1537.0575
 20
300.0
  0
LWPOLYLINE
  5
275
330
17
100
AcDbEntity
  8
YZ
100
AcDbPolyline
 90
2
 70
0
 10
1537.0575
 20
292.0
 10
1537.0575
 20
300.0
  0
LWPOLYLINE
  5
276
330
17
100
AcDbEntity
  8
YZ
100
AcDbPolyline
 90
2
 70
0
 10
1527.0575
 20
292.0
 10
1537.0575
 20
292.0
  0
LWPOLYLINE
  5
277
330
17
100
AcDbEntity
  8
YZ
100
AcDbPolyline
 90
2
 70
0
 10
1527.0575
 20
292.0
 10
1527.0575
 20
300.0
  0
LWPOLYLINE
  5
278
330
17
100
AcDbEntity
  8
YZ
100
AcDbPolyline
 90
2
 70
0
 10
1527.0575
 20
300.0
 10
1537.0575
 20
300.0
  0
LWPOLYLINE
  5
279
330
17
100
AcDbEntity
  8
YZ
100
AcDbPolyline
 90
2
 70
0
 10
1537.0575
 20
292.0
 10
1537.0575
 20
300.0
  0
LWPOLYLINE
  5
27A
330
17
100
AcDbEntity
  8
YZ
100
AcDbPolyline
 90
2
 70
0
 10
1527.0575
 20
292.0
 10
1537.0575
 20
292.0
  0
LWPOLYLINE
  5
27B
330
17
100
AcDbEntity
  8
YZ
100
AcDbPolyline
 90
16
 70
0
 10
1800.0
 20
275.5
 10
1798.8554054313959
 20
275.37958206787283
 10
1797.7615947290262
 20
275.0238970780632
 10
1796.766464715245
 20
274.44907288849487
 10
1795.9128982935454
 20
273.6804347102317
 10
1795.237496665879
 20
272.75110197606955
 10
1794.769624346868
 20
271.7009322715274
 10
1794.5301927299263
 20
270.5755071250628
 10
1794.530192731467
 20
269.4244928751459
 10
1794.7696243474275
 20
268.2990677286823
 10
1795.2374966658808
 20
267.2488980239276
 10
1795.9128982935474
 20
266.31956528976593
 10
1796.7664647153213
 20
265.55092711159773
 10
1797.7615947290365
 20
264.9761029219321
 10
1798.8554054314359
 20
264.62041793230094
 10
1800.0
 20
264.5
  0
LWPOLYLINE
  5
27C
330
17
100
AcDbEntity
  8
YZ
100
AcDbPolyline
 90
2
 70
0
 10
1800.0
 20
220.49999999999997
 10
1800.0
 20
264.5
  0
LWPOLYLINE
  5
27D
330
17
100
AcDbEntity
  8
YZ
100
AcDbPolyline
 90
16
 70
0
 10
1800.0
 20
220.49999999999997
 10
1798.8554054314086
 20
220.37958206787556
 10
1797.76159472905
 20
220.0238970780739
 10
1796.766464715277
 20
219.4490728885181
 10
1795.912898293639
 20
218.6804347102175
 10
1795.2374966655361
 20
217.75110197632148
 10
1794.7696243468622
 20
216.70093227150858
 10
1794.5301927299256
 20
215.57550712505622
 10
1794.5301927314663
 20
214.42449287515248
 10
1794.769624347421
 20
213.29906772870112
 10
1795.2374966655375
 20
212.24889802367568
 10
1795.912898293641
 20
211.31956528978003
 10
1796.7664647153533
 20
210.55092711157448
 10
1797.7615947290606
 20
209.9761029219214
 10
1798.8554054314488
 20
209.62041793229815
 10
1800.0
 20
209.49999999999997
  0
LWPOLYLINE
  5
27E
330
17
100
AcDbEntity
  8
YZ
100
AcDbPolyline
 90
2
 70
0
 10
1800.0
 20
179.99999999999997
 10
1800.0
 20
209.49999999999997
  0
LWPOLYLINE
  5
27F
330
17
100
AcDbEntity
  8
YZ
100
AcDbPolyline
 90
67
 70
0
 10
1800.0
 20
179.99999999999997
 10
1803.9923538187757
 20
179.99999999999997
 10
1807.9485522631371
 20
179.99999999999997
 10
1811.83276738734
 20
179.99999999999997
 10
1815.6098231377337
 20
179.99999999999997
 10
1819.2455139125514
 20
179.99999999999997
 10
1822.706914333135
 20
179.99999999999997
 10
1825.9626774212654
 20
179.99999999999997
 10
1828.9833184822487
 20
179.99999999999997
 10
1831.741482122879
 20
179.99999999999997
 10
1834.212189986114
 20
179.99999999999997
 10
1836.3730669589463
 20
179.99999999999997
 10
1838.20454380489
 20
179.99999999999997
 10
1839.6900343860161
 20
179.99999999999997
 10
1840.8160858695887
 20
179.99999999999997
 10
1841.5725005589993
 20
179.99999999999997
 10
1841.9524282456864
 20
179.99999999999997
 10
1841.9524282456864
 20
179.99999999999997
 10
1841.5725005589993
 20
179.99999999999997
 10
1840.8160858695887
 20
179.99999999999997
 10
1839.6900343860161
 20
179.99999999999997
 10
1838.20454380489
 20
179.99999999999997
 10
1836.3730669589463
 20
179.99999999999997
 10
1834.212189986114
 20
179.99999999999997
 10
1831.741482122879
 20
179.99999999999997
 10
1828.9833184822487
 20
179.99999999999997
 10
1825.9626774212654
 20
179.99999999999997
 10
1822.706914333135
 20
179.99999999999997
 10
1819.2455139125514
 20
179.99999999999997
 10
1815.6098231377337
 20
179.99999999999997
 10
1811.83276738734
 20
179.99999999999997
 10
1807.9485522631371
 20
179.99999999999997
 10
1803.9923538187757
 20
179.99999999999997
 10
1800.0
 20
179.99999999999997
 10
1796.0076461812243
 20
179.99999999999997
 10
1792.0514477368629
 20
179.99999999999997
 10
1788.16723261266
 20
179.99999999999997
 10
1784.3901768622663
 20
179.99999999999997
 10
1780.7544860874486
 20
179.99999999999997
 10
1777.293085666865
 20
179.99999999999997
 10
1774.0373225787346
 20
179.99999999999997
 10
1771.0166815177513
 20
179.99999999999997
 10
1768.258517877121
 20
179.99999999999997
 10
1765.787810013886
 20
179.99999999999997
 10
1763.6269330410537
 20
179.99999999999997
 10
1761.79545619511
 20
179.99999999999997
 10
1760.3099656139839
 20
179.99999999999997
 10
1759.1839141304113
 20
179.99999999999997
 10
1758.4274994410007
 20
179.99999999999997
 10
1758.0475717543136
 20
179.99999999999997
 10
1758.0475717543136
 20
179.99999999999997
 10
1758.4274994410007
 20
179.99999999999997
 10
1759.1839141304113
 20
179.99999999999997
 10
1760.3099656139839
 20
179.99999999999997
 10
1761.79545619511
 20
179.99999999999997
 10
1763.6269330410537
 20
179.99999999999997
 10
1765.787810013886
 20
179.99999999999997
 10
1768.258517877121
 20
179.99999999999997
 10
1771.0166815177513
 20
179.99999999999997
 10
1774.0373225787346
 20
179.99999999999997
 10
1777.293085666865
 20
179.99999999999997
 10
1780.7544860874486
 20
179.99999999999997
 10
1784.3901768622663
 20
179.99999999999997
 10
1788.16723261266
 20
179.99999999999997
 10
1792.0514477368629
 20
179.99999999999997
 10
1796.0076461812243
 20
179.99999999999997
 10
1800.0
 20
179.99999999999997
  0
LWPOLYLINE
  5
280
330
17
100
AcDbEntity
  8
YZ
100
AcDbPolyline
 90
16
 70
0
 10
1800.0
 20
209.49999999999997
 10
1801.1445945686137
 20
209.62041793212913
 10
1802.2384052709913
 20
209.9761029219446
 10
1803.2335352847113
 20
210.55092711162132
 10
1804.087101706486
 20
211.31956528980285
 10
1804.762503334149
 20
212.24889802397902
 10
1805.2303756531521
 20
213.29906772853516
 10
1805.4698072700817
 20
214.42449287501222
 10
1805.4698072685242
 20
215.57550712493864
 10
1805.2303756525434
 20
216.70093227140765
 10
1804.762503334067
 20
217.75110197616252
 10
1804.0871017063764
 20
218.68043471031854
 10
1803.233535284579
 20
219.44907288847475
 10
1802.238405270842
 20
220.02389707812196
 10
1801.144594568325
 20
220.37958206710968
 10
1800.0
 20
220.49999999999997
  0
LWPOLYLINE
  5
281
330
17
100
AcDbEntity
  8
YZ
100
AcDbPolyline
 90
16
 70
0
 10
1800.0
 20
264.5
 10
1801.1445945686078
 20
264.62041793212785
 10
1802.2384052709804
 20
264.9761029219396
 10
1803.2335352847635
 20
265.5509271115113
 10
1804.0871017064642
 20
266.3195652897789
 10
1804.7625033341296
 20
267.2488980239458
 10
1805.2303756531383
 20
268.2990677284929
 10
1805.4698072700762
 20
269.42449287496197
 10
1805.46980726853
 20
270.5755071248824
 10
1805.2303756525628
 20
271.70093227134817
 10
1804.7625033344282
 20
272.7511019763836
 10
1804.0871017063018
 20
273.68043471028324
 10
1803.2335352845644
 20
274.4490728884854
 10
1802.2384052708308
 20
275.0238970781269
 10
1801.144594568319
 20
275.37958206711096
 10
1800.0
 20
275.5
  0
LWPOLYLINE
  5
282
330
17
100
AcDbEntity
  8
YZ
100
AcDbPolyline
 90
2
 70
0
 10
1800.0
 20
275.5
 10
1800.0
 20
294.0
  0
LWPOLYLINE
  5
283
330
17
100
AcDbEntity
  8
YZ
100
AcDbPolyline
 90
67
 70
0
 10
1800.0
 20
294.0
 10
1803.9923538187757
 20
294.0
 10
1807.9485522631371
 20
294.0
 10
1811.83276738734
 20
294.0
 10
1815.6098231377337
 20
294.0
 10
1819.2455139125514
 20
294.0
 10
1822.706914333135
 20
294.0
 10
1825.9626774212654
 20
294.0
 10
1828.9833184822487
 20
294.0
 10
1831.741482122879
 20
294.0
 10
1834.212189986114
 20
294.0
 10
1836.3730669589463
 20
294.0
 10
1838.20454380489
 20
294.0
 10
1839.6900343860161
 20
294.0
 10
1840.8160858695887
 20
294.0
 10
1841.5725005589993
 20
294.0
 10
1841.9524282456864
 20
294.0
 10
1841.9524282456864
 20
294.0
 10
1841.5725005589993
 20
294.0
 10
1840.8160858695887
 20
294.0
 10
1839.6900343860161
 20
294.0
 10
1838.20454380489
 20
294.0
 10
1836.3730669589463
 20
294.0
 10
1834.212189986114
 20
294.0
 10
1831.741482122879
 20
294.0
 10
1828.9833184822487
 20
294.0
 10
1825.9626774212654
 20
294.0
 10
1822.706914333135
 20
294.0
 10
1819.2455139125514
 20
294.0
 10
1815.6098231377337
 20
294.0
 10
1811.83276738734
 20
294.0
 10
1807.9485522631371
 20
294.0
 10
1803.9923538187757
 20
294.0
 10
1800.0
 20
294.0
 10
1796.0076461812243
 20
294.0
 10
1792.0514477368629
 20
294.0
 10
1788.16723261266
 20
294.0
 10
1784.3901768622663
 20
294.0
 10
1780.7544860874486
 20
294.0
 10
1777.293085666865
 20
294.0
 10
1774.0373225787346
 20
294.0
 10
1771.0166815177513
 20
294.0
 10
1768.258517877121
 20
294.0
 10
1765.787810013886
 20
294.0
 10
1763.6269330410537
 20
294.0
 10
1761.79545619511
 20
294.0
 10
1760.3099656139839
 20
294.0
 10
1759.1839141304113
 20
294.0
 10
1758.4274994410007
 20
294.0
 10
1758.0475717543136
 20
294.0
 10
1758.0475717543136
 20
294.0
 10
1758.4274994410007
 20
294.0
 10
1759.1839141304113
 20
294.0
 10
1760.3099656139839
 20
294.0
 10
1761.79545619511
 20
294.0
 10
1763.6269330410537
 20
294.0
 10
1765.787810013886
 20
294.0
 10
1768.258517877121
 20
294.0
 10
1771.0166815177513
 20
294.0
 10
1774.0373225787346
 20
294.0
 10
1777.293085666865
 20
294.0
 10
1780.7544860874486
 20
294.0
 10
1784.3901768622663
 20
294.0
 10
1788.16723261266
 20
294.0
 10
1792.0514477368629
 20
294.0
 10
1796.0076461812243
 20
294.0
 10
1800.0
 20
294.0
  0
LWPOLYLINE
  5
284
330
17
100
AcDbEntity
  8
YZ
100
AcDbPolyline
 90
16
 70
0
 10
1800.0
 20
220.49999999999997
 10
1797.7615947290374
 20
220.02389707806822
 10
1795.9128982935563
 20
218.68043471024393
 10
1794.7696243468772
 20
216.70093227155488
 10
1794.5301927314626
 20
214.424492875187
 10
1795.237496665854
 20
212.24889802397405
 10
1796.7664647151942
 20
210.55092711154197
 10
1798.85540543075
 20
209.62041792918814
 10
1801.1445945706218
 20
209.62041792190414
 10
1803.2335352848581
 20
210.55092711158002
 10
1804.7625033345546
 20
212.2488980238352
 10
1805.4698072700949
 20
214.42449287513793
 10
1805.230375652514
 20
216.70093227149775
 10
1804.0871017063344
 20
218.6804347103654
 10
1802.238405270813
 20
220.0238970781348
 10
1800.0
 20
220.49999999999997
  0
LWPOLYLINE
  5
285
330
17
100
AcDbEntity
  8
YZ
100
AcDbPolyline
 90
16
 70
0
 10
1800.0
 20
275.5
 10
1797.7615947290376
 20
275.0238970780683
 10
1795.9128982935565
 20
273.6804347102442
 10
1794.7696243468772
 20
271.7009322715553
 10
1794.5301927314626
 20
269.42449287518764
 10
1795.237496665527
 20
267.24889802369427
 10
1796.766464715347
 20
265.55092711157897
 10
1798.8554054307046
 20
264.6204179297023
 10
1801.1445945687424
 20
264.6204179321565
 10
1803.2335352847917
 20
265.55092711167987
 10
1804.7625033341828
 20
267.2488980240379
 10
1805.4698072700853
 20
269.42449287504826
 10
1805.230375652542
 20
271.70093227141194
 10
1804.08710170627
 20
273.6804347103184
 10
1802.238405270813
 20
275.02389707813484
 10
1800.0
 20
275.5
  0
LWPOLYLINE
  5
286
330
17
100
AcDbEntity
  8
YZ
100
AcDbPolyline
 90
16
 70
0
 10
1800.0
 20
264.5
 10
1801.1455113444968
 20
264.620613072462
 10
1802.2395596067392
 20
264.97661739793534
 10
1803.234158355137
 20
265.5513800194725
 10
1804.0869549758022
 20
266.3194023463726
 10
1804.7619744420992
 20
267.2479826495515
 10
1805.230008804795
 20
268.2979400826297
 10
1805.4697537141774
 20
269.4239840895466
 10
1805.4697537119669
 20
270.5760159102538
 10
1805.2300088040965
 20
271.7020599172069
 10
1804.7619744420422
 20
272.75201735054713
 10
1804.0869549757258
 20
273.68059765371197
 10
1803.2341583550449
 20
274.4486199805944
 10
1802.2395596066349
 20
275.02338260211104
 10
1801.1455113443049
 20
275.3793869270105
 10
1800.0
 20
275.5
  0
LWPOLYLINE
  5
287
330
17
100
AcDbEntity
  8
YZ
100
AcDbPolyline
 90
16
 70
0
 10
1800.0
 20
275.5
 10
1798.8544886555096
 20
275.37938692753926
 10
1797.7604403932726
 20
275.02338260206983
 10
1796.7658416448785
 20
274.44861998053875
 10
1795.913045024215
 20
273.6805976536465
 10
1795.238025557917
 20
272.7520173504763
 10
1794.7699911952168
 20
271.70205991740704
 10
1794.5302462858274
 20
270.5760159104983
 10
1794.5302462880277
 20
269.4239840897975
 10
1794.7699911958857
 20
268.2979400828482
 10
1795.2380255579255
 20
267.24798264950846
 10
1795.913045024227
 20
266.3194023463405
 10
1796.765841644842
 20
265.5513800193857
 10
1797.760440393281
 20
264.97661739792636
 10
1798.8544886555414
 20
264.6206130726024
 10
1800.0
 20
264.5
  0
LWPOLYLINE
  5
288
330
17
100
AcDbEntity
  8
YZ
100
AcDbPolyline
 90
16
 70
0
 10
1800.0
 20
209.49999999999997
 10
1801.1455113444972
 20
209.62061307246213
 10
1802.2395596067402
 20
209.9766173979358
 10
1803.2341583551822
 20
210.5513800194035
 10
1804.086954975798
 20
211.31940234636812
 10
1804.7619744420963
 20
212.24798264954677
 10
1805.2300088047937
 20
213.29794008262502
 10
1805.469753714177
 20
214.42398408954224
 10
1805.4697537119673
 20
215.57601591024996
 10
1805.2300088040975
 20
216.70205991720377
 10
1804.7619744420435
 20
217.75201735054478
 10
1804.0869549757274
 20
218.68059765371035
 10
1803.234158355046
 20
219.44861998059346
 10
1802.239559606636
 20
220.02338260211062
 10
1801.1455113443053
 20
220.37938692701042
 10
1800.0
 20
220.49999999999997
  0
LWPOLYLINE
  5
289
330
17
100
AcDbEntity
  8
YZ
100
AcDbPolyline
 90
16
 70
0
 10
1800.0
 20
220.49999999999997
 10
1798.8544886555096
 20
220.37938692753926
 10
1797.7604403932726
 20
220.02338260206983
 10
1796.7658416448785
 20
219.44861998053878
 10
1795.913045024215
 20
218.68059765364646
 10
1795.238025557917
 20
217.7520173504763
 10
1794.7699911952168
 20
216.702059917407
 10
1794.5302462858274
 20
215.57601591049828
 10
1794.5302462880277
 20
214.4239840897975
 10
1794.7699911958857
 20
213.29794008284819
 10
1795.2380255579255
 20
212.24798264950851
 10
1795.913045024227
 20
211.3194023463405
 10
1796.765841644842
 20
210.5513800193857
 10
1797.760440393281
 20
209.9766173979263
 10
1798.8544886555414
 20
209.62061307260237
 10
1800.0
 20
209.49999999999997
  0
LWPOLYLINE
  5
28A
330
17
100
AcDbEntity
  8
YZ
100
AcDbPolyline
 90
50
 70
0
 10
1800.0
 20
179.99999999999997
 10
1803.9641920122197
 20
179.99999999999997
 10
1807.8632921011947
 20
179.99999999999997
 10
1811.6332771512607
 20
179.99999999999997
 10
1815.212244112122
 20
179.99999999999997
 10
1818.5414264452277
 20
179.99999999999997
 10
1821.5661590687082
 20
179.99999999999997
 10
1824.236775956509
 20
179.99999999999997
 10
1826.5094256531656
 20
179.99999999999997
 10
1828.34679131349
 20
179.99999999999997
 10
1829.7187034441365
 20
179.99999999999997
 10
1830.602635285848
 20
179.99999999999997
 10
1830.9840727022213
 20
179.99999999999997
 10
1830.856752501425
 20
179.99999999999997
 10
1830.2227652776364
 20
179.99999999999997
 10
1829.0925210835426
 20
179.99999999999997
 10
1827.484578497563
 20
179.99999999999997
 10
1825.4253398925057
 20
179.99999999999997
 10
1822.9486179093346
 20
179.99999999999997
 10
1820.0950802545415
 20
179.99999999999997
 10
1816.911581937527
 20
179.99999999999997
 10
1813.4503959126444
 20
179.99999999999997
 10
1809.7683547587321
 20
179.99999999999997
 10
1805.9259174897425
 20
179.99999999999997
 10
1801.986176819402
 20
179.99999999999997
 10
1798.013823180598
 20
179.99999999999997
 10
1794.0740825102575
 20
179.99999999999997
 10
1790.2316452412679
 20
179.99999999999997
 10
1786.5496040873559
 20
179.99999999999997
 10
1783.088418062473
 20
179.99999999999997
 10
1779.9049197454585
 20
179.99999999999997
 10
1777.0513820906654
 20
179.99999999999997
 10
1774.5746601074943
 20
179.99999999999997
 10
1772.515421502437
 20
179.99999999999997
 10
1770.9074789164574
 20
179.99999999999997
 10
1769.7772347223636
 20
179.99999999999997
 10
1769.143247498575
 20
179.99999999999997
 10
1769.0159272977787
 20
179.99999999999997
 10
1769.397364714152
 20
179.99999999999997
 10
1770.2812965558635
 20
179.99999999999997
 10
1771.65320868651
 20
179.99999999999997
 10
1773.4905743468344
 20
179.99999999999997
 10
1775.763224043491
 20
179.99999999999997
 10
1778.4338409312918
 20
179.99999999999997
 10
1781.4585735547723
 20
179.99999999999997
 10
1784.787755887878
 20
179.99999999999997
 10
1788.3667228487393
 20
179.99999999999997
 10
1792.1367078988053
 20
179.99999999999997
 10
1796.0358079877803
 20
179.99999999999997
 10
1800.0
 20
179.99999999999997
  0
LWPOLYLINE
  5
28B
330
17
100
AcDbEntity
  8
YZ
100
AcDbPolyline
 90
111
 70
0
 10
1800.0
 20
294.0
 10
1803.9962167603937
 20
294.0
 10
1807.9793986923378
 20
294.0
 10
1811.9365534842836
 20
294.0
 10
1815.8547737198035
 20
294.0
 10
1819.7212789789
 20
294.0
 10
1823.5234575250802
 20
294.0
 10
1827.2489074422174
 20
294.0
 10
1830.8854770870255
 20
294.0
 10
1834.4213047251924
 20
294.0
 10
1837.8448572218917
 20
294.0
 10
1841.144967660473
 20
294.0
 10
1844.310871766621
 20
294.0
 10
1847.3322430191813
 20
294.0
 10
1850.1992263331274
 20
294.0
 10
1852.9024702047982
 20
294.0
 10
1855.4331572145593
 20
294.0
 10
1857.7830327873942
 20
294.0
 10
1859.944432117611
 20
294.0
 10
1861.910305169847
 20
294.0
 10
1863.6742396748164
 20
294.0
 10
1865.2304820448016
 20
294.0
 10
1866.5739561406608
 20
294.0
 10
1867.700279829137
 20
294.0
 10
1868.6057792764675
 20
294.0
 10
1869.2875009316654
 20
294.0
 10
1869.7432211603884
 20
294.0
 10
1869.9714534979732
 20
294.0
 10
1869.9714534979732
 20
294.0
 10
1869.7432211603884
 20
294.0
 10
1869.2875009316654
 20
294.0
 10
1868.6057792764675
 20
294.0
 10
1867.700279829137
 20
294.0
 10
1866.5739561406608
 20
294.0
 10
1865.2304820448016
 20
294.0
 10
1863.6742396748164
 20
294.0
 10
1861.910305169847
 20
294.0
 10
1859.944432117611
 20
294.0
 10
1857.7830327873942
 20
294.0
 10
1855.4331572145593
 20
294.0
 10
1852.9024702047982
 20
294.0
 10
1850.1992263331274
 20
294.0
 10
1847.3322430191813
 20
294.0
 10
1844.310871766621
 20
294.0
 10
1841.1449676604732
 20
294.0
 10
1837.8448572218917
 20
294.0
 10
1834.4213047251924
 20
294.0
 10
1830.8854770870255
 20
294.0
 10
1827.2489074422174
 20
294.0
 10
1823.5234575250802
 20
294.0
 10
1819.7212789789
 20
294.0
 10
1815.8547737198035
 20
294.0
 10
1811.9365534842836
 20
294.0
 10
1807.9793986923378
 20
294.0
 10
1803.9962167603937
 20
294.0
 10
1800.0
 20
294.0
 10
1796.0037832396063
 20
294.0
 10
1792.0206013076622
 20
294.0
 10
1788.0634465157164
 20
294.0
 10
1784.1452262801965
 20
294.0
 10
1780.2787210211
 20
294.0
 10
1776.4765424749198
 20
294.0
 10
1772.7510925577826
 20
294.0
 10
1769.1145229129745
 20
294.0
 10
1765.5786952748078
 20
294.0
 10
1762.1551427781083
 20
294.0
 10
1758.855032339527
 20
294.0
 10
1755.689128233379
 20
294.0
 10
1752.6677569808187
 20
294.0
 10
1749.8007736668724
 20
294.0
 10
1747.0975297952018
 20
294.0
 10
1744.5668427854407
 20
294.0
 10
1742.2169672126058
 20
294.0
 10
1740.055567882389
 20
294.0
 10
1738.089694830153
 20
294.0
 10
1736.3257603251836
 20
294.0
 10
1734.7695179551984
 20
294.0
 10
1733.4260438593392
 20
294.0
 10
1732.299720170863
 20
294.0
 10
1731.3942207235325
 20
294.0
 10
1730.7124990683346
 20
294.0
 10
1730.2567788396116
 20
294.0
 10
1730.0285465020268
 20
294.0
 10
1730.0285465020268
 20
294.0
 10
1730.2567788396116
 20
294.0
 10
1730.7124990683346
 20
294.0
 10
1731.3942207235325
 20
294.0
 10
1732.299720170863
 20
294.0
 10
1733.4260438593392
 20
294.0
 10
1734.7695179551984
 20
294.0
 10
1736.3257603251836
 20
294.0
 10
1738.089694830153
 20
294.0
 10
1740.0555678823887
 20
294.0
 10
1742.2169672126058
 20
294.0
 10
1744.5668427854407
 20
294.0
 10
1747.0975297952018
 20
294.0
 10
1749.8007736668724
 20
294.0
 10
1752.6677569808185
 20
294.0
 10
1755.689128233379
 20
294.0
 10
1758.8550323395268
 20
294.0
 10
1762.1551427781083
 20
294.0
 10
1765.5786952748076
 20
294.0
 10
1769.1145229129745
 20
294.0
 10
1772.7510925577826
 20
294.0
 10
1776.4765424749198
 20
294.0
 10
1780.2787210211
 20
294.0
 10
1784.1452262801965
 20
294.0
 10
1788.0634465157164
 20
294.0
 10
1792.0206013076622
 20
294.0
 10
1796.0037832396063
 20
294.0
 10
1800.0
 20
294.0
  0
LWPOLYLINE
  5
28C
330
17
100
AcDbEntity
  8
YZ
100
AcDbPolyline
 90
16
 70
0
 10
1800.0
 20
220.49999999999997
 10
1797.7604403932844
 20
220.0233826020751
 10
1795.9130450242324
 20
218.68059765366561
 10
1794.769991195229
 20
216.70205991744388
 10
1794.5302462880225
 20
214.42398408984894
 10
1795.2380255578933
 20
212.24798264956434
 10
1796.7658416448303
 20
210.55138001949635
 10
1798.8544886549262
 20
209.6206130755487
 10
1801.1455113455588
 20
209.6206130665305
 10
1803.2341583551874
 20
210.55138001950914
 10
1804.7619744421177
 20
212.24798264958318
 10
1805.4697537141785
 20
214.4239840895574
 10
1805.230008804101
 20
216.7020599171927
 10
1804.0869549754023
 20
218.68059765349446
 10
1802.2395596066115
 20
220.02338260212153
 10
1800.0
 20
220.49999999999997
  0
LWPOLYLINE
  5
28D
330
17
100
AcDbEntity
  8
YZ
100
AcDbPolyline
 90
16
 70
0
 10
1800.0
 20
275.5
 10
1797.760440393292
 20
275.02338260207847
 10
1795.9130450245325
 20
273.6805976534222
 10
1794.7699911952081
 20
271.70205991737976
 10
1794.5302462880286
 20
269.42398408979005
 10
1795.2380255579171
 20
267.24798264942297
 10
1796.7658416449458
 20
265.5513800194124
 10
1798.8544886548934
 20
264.6206130750156
 10
1801.1455113456184
 20
264.6206130665432
 10
1803.2341583552275
 20
265.5513800195384
 10
1804.76197444219
 20
267.24798264960856
 10
1805.4697537141924
 20
269.4239840896906
 10
1805.2300088040622
 20
271.702059917312
 10
1804.0869549756749
 20
273.6805976537686
 10
1802.239559606604
 20
275.0233826021249
 10
1800.0
 20
275.5
  0
LWPOLYLINE
  5
28E
330
17
100
AcDbEntity
  8
YZ
100
AcDbPolyline
 90
2
 70
0
 10
1800.0
 20
300.0
 10
1800.0
 20
275.5
  0
LWPOLYLINE
  5
28F
330
17
100
AcDbEntity
  8
YZ
100
AcDbPolyline
 90
50
 70
0
 10
1800.0
 20
300.0
 10
1803.9641920122197
 20
300.0
 10
1807.8632921011947
 20
300.0
 10
1811.6332771512607
 20
300.0
 10
1815.212244112122
 20
300.0
 10
1818.5414264452277
 20
300.0
 10
1821.5661590687082
 20
300.0
 10
1824.236775956509
 20
300.0
 10
1826.5094256531656
 20
300.0
 10
1828.34679131349
 20
300.0
 10
1829.7187034441365
 20
300.0
 10
1830.602635285848
 20
300.0
 10
1830.9840727022213
 20
300.0
 10
1830.856752501425
 20
300.0
 10
1830.2227652776364
 20
300.0
 10
1829.0925210835426
 20
300.0
 10
1827.484578497563
 20
300.0
 10
1825.4253398925057
 20
300.0
 10
1822.9486179093346
 20
300.0
 10
1820.0950802545415
 20
300.0
 10
1816.911581937527
 20
300.0
 10
1813.4503959126444
 20
300.0
 10
1809.7683547587321
 20
300.0
 10
1805.9259174897425
 20
300.0
 10
1801.986176819402
 20
300.0
 10
1798.013823180598
 20
300.0
 10
1794.0740825102575
 20
300.0
 10
1790.2316452412679
 20
300.0
 10
1786.5496040873559
 20
300.0
 10
1783.088418062473
 20
300.0
 10
1779.9049197454585
 20
300.0
 10
1777.0513820906654
 20
300.0
 10
1774.5746601074943
 20
300.0
 10
1772.515421502437
 20
300.0
 10
1770.9074789164574
 20
300.0
 10
1769.7772347223636
 20
300.0
 10
1769.143247498575
 20
300.0
 10
1769.0159272977787
 20
300.0
 10
1769.397364714152
 20
300.0
 10
1770.2812965558635
 20
300.0
 10
1771.65320868651
 20
300.0
 10
1773.4905743468344
 20
300.0
 10
1775.763224043491
 20
300.0
 10
1778.4338409312918
 20
300.0
 10
1781.4585735547723
 20
300.0
 10
1784.787755887878
 20
300.0
 10
1788.3667228487393
 20
300.0
 10
1792.1367078988053
 20
300.0
 10
1796.0358079877803
 20
300.0
 10
1800.0
 20
300.0
  0
LWPOLYLINE
  5
290
330
17
100
AcDbEntity
  8
YZ
100
AcDbPolyline
 90
2
 70
0
 10
1800.0
 20
220.49999999999997
 10
1800.0
 20
264.5
  0
LWPOLYLINE
  5
291
330
17
100
AcDbEntity
  8
YZ
100
AcDbPolyline
 90
2
 70
0
 10
1800.0
 20
179.99999999999997
 10
1800.0
 20
209.49999999999997
  0
LWPOLYLINE
  5
292
330
17
100
AcDbEntity
  8
YZ
100
AcDbPolyline
 90
111
 70
0
 10
1800.0
 20
300.0
 10
1803.9962167603937
 20
300.0
 10
1807.9793986923378
 20
300.0
 10
1811.9365534842836
 20
300.0
 10
1815.8547737198035
 20
300.0
 10
1819.7212789789
 20
300.0
 10
1823.5234575250802
 20
300.0
 10
1827.2489074422174
 20
300.0
 10
1830.8854770870255
 20
300.0
 10
1834.4213047251924
 20
300.0
 10
1837.8448572218917
 20
300.0
 10
1841.144967660473
 20
300.0
 10
1844.310871766621
 20
300.0
 10
1847.3322430191813
 20
300.0
 10
1850.1992263331274
 20
300.0
 10
1852.9024702047982
 20
300.0
 10
1855.4331572145593
 20
300.0
 10
1857.7830327873942
 20
300.0
 10
1859.944432117611
 20
300.0
 10
1861.910305169847
 20
300.0
 10
1863.6742396748164
 20
300.0
 10
1865.2304820448016
 20
300.0
 10
1866.5739561406608
 20
300.0
 10
1867.700279829137
 20
300.0
 10
1868.6057792764675
 20
300.0
 10
1869.2875009316654
 20
300.0
 10
1869.7432211603884
 20
300.0
 10
1869.9714534979732
 20
300.0
 10
1869.9714534979732
 20
300.0
 10
1869.7432211603884
 20
300.0
 10
1869.2875009316654
 20
300.0
 10
1868.6057792764675
 20
300.0
 10
1867.700279829137
 20
300.0
 10
1866.5739561406608
 20
300.0
 10
1865.2304820448016
 20
300.0
 10
1863.6742396748164
 20
300.0
 10
1861.910305169847
 20
300.0
 10
1859.944432117611
 20
300.0
 10
1857.7830327873942
 20
300.0
 10
1855.4331572145593
 20
300.0
 10
1852.9024702047982
 20
300.0
 10
1850.1992263331274
 20
300.0
 10
1847.3322430191813
 20
300.0
 10
1844.310871766621
 20
300.0
 10
1841.1449676604732
 20
300.0
 10
1837.8448572218917
 20
300.0
 10
1834.4213047251924
 20
300.0
 10
1830.8854770870255
 20
300.0
 10
1827.2489074422174
 20
300.0
 10
1823.5234575250802
 20
300.0
 10
1819.7212789789
 20
300.0
 10
1815.8547737198035
 20
300.0
 10
1811.9365534842836
 20
300.0
 10
1807.9793986923378
 20
300.0
 10
1803.9962167603937
 20
300.0
 10
1800.0
 20
300.0
 10
1796.0037832396063
 20
300.0
 10
1792.0206013076622
 20
300.0
 10
1788.0634465157164
 20
300.0
 10
1784.1452262801965
 20
300.0
 10
1780.2787210211
 20
300.0
 10
1776.4765424749198
 20
300.0
 10
1772.7510925577826
 20
300.0
 10
1769.1145229129745
 20
300.0
 10
1765.5786952748078
 20
300.0
 10
1762.1551427781083
 20
300.0
 10
1758.855032339527
 20
300.0
 10
1755.689128233379
 20
300.0
 10
1752.6677569808187
 20
300.0
 10
1749.8007736668724
 20
300.0
 10
1747.0975297952018
 20
300.0
 10
1744.5668427854407
 20
300.0
 10
1742.2169672126058
 20
300.0
 10
1740.055567882389
 20
300.0
 10
1738.089694830153
 20
300.0
 10
1736.3257603251836
 20
300.0
 10
1734.7695179551984
 20
300.0
 10
1733.4260438593392
 20
300.0
 10
1732.299720170863
 20
300.0
 10
1731.3942207235325
 20
300.0
 10
1730.7124990683346
 20
300.0
 10
1730.2567788396116
 20
300.0
 10
1730.0285465020268
 20
300.0
 10
1730.0285465020268
 20
300.0
 10
1730.2567788396116
 20
300.0
 10
1730.7124990683346
 20
300.0
 10
1731.3942207235325
 20
300.0
 10
1732.299720170863
 20
300.0
 10
1733.4260438593392
 20
300.0
 10
1734.7695179551984
 20
300.0
 10
1736.3257603251836
 20
300.0
 10
1738.089694830153
 20
300.0
 10
1740.0555678823887
 20
300.0
 10
1742.2169672126058
 20
300.0
 10
1744.5668427854407
 20
300.0
 10
1747.0975297952018
 20
300.0
 10
1749.8007736668724
 20
300.0
 10
1752.6677569808185
 20
300.0
 10
1755.689128233379
 20
300.0
 10
1758.8550323395268
 20
300.0
 10
1762.1551427781083
 20
300.0
 10
1765.5786952748076
 20
300.0
 10
1769.1145229129745
 20
300.0
 10
1772.7510925577826
 20
300.0
 10
1776.4765424749198
 20
300.0
 10
1780.2787210211
 20
300.0
 10
1784.1452262801965
 20
300.0
 10
1788.0634465157164
 20
300.0
 10
1792.0206013076622
 20
300.0
 10
1796.0037832396063
 20
300.0
 10
1800.0
 20
300.0
  0
LWPOLYLINE
  5
293
330
17
100
AcDbEntity
  8
YZ
100
AcDbPolyline
 90
2
 70
0
 10
1800.0
 20
294.0
 10
1800.0
 20
300.0
  0
LWPOLYLINE
  5
294
330
17
100
AcDbEntity
  8
YZ
100
AcDbPolyline
 90
2
 70
0
 10
1160.0
 20
0.0
 10
1160.0
 20
300.0
  0
LWPOLYLINE
  5
295
330
17
100
AcDbEntity
  8
YZ
100
AcDbPolyline
 90
2
 70
0
 10
1160.0
 20
300.0
 10
2440.0
 20
300.0
  0
LWPOLYLINE
  5
296
330
17
100
AcDbEntity
  8
YZ
100
AcDbPolyline
 90
2
 70
0
 10
2440.0
 20
0.0
 10
2440.0
 20
300.0
  0
LWPOLYLINE
  5
297
330
17
100
AcDbEntity
  8
YZ
100
AcDbPolyline
 90
2
 70
0
 10
1160.0
 20
0.0
 10
2440.0
 20
0.0
  0
LWPOLYLINE
  5
298
330
17
100
AcDbEntity
  8
YZ
100
AcDbPolyline
 90
2
 70
0
 10
1160.0
 20
0.0
 10
1160.0
 20
300.0
  0
LWPOLYLINE
  5
299
330
17
100
AcDbEntity
  8
YZ
100
AcDbPolyline
 90
2
 70
0
 10
1160.0
 20
300.0
 10
2440.0
 20
300.0
  0
LWPOLYLINE
  5
29A
330
17
100
AcDbEntity
  8
YZ
100
AcDbPolyline
 90
2
 70
0
 10
1340.0
 20
300.0
 10
2260.0
 20
300.0
  0
LWPOLYLINE
  5
29B
330
17
100
AcDbEntity
  8
YZ
100
AcDbPolyline
 90
2
 70
0
 10
1340.0
 20
300.0
 10
2260.0
 20
300.0
  0
LWPOLYLINE
  5
29C
330
17
100
AcDbEntity
  8
YZ
100
AcDbPolyline
 90
2
 70
0
 10
2440.0
 20
0.0
 10
2440.0
 20
300.0
  0
LWPOLYLINE
  5
29D
330
17
100
AcDbEntity
  8
YZ
100
AcDbPolyline
 90
2
 70
0
 10
1160.0
 20
0.0
 10
2440.0
 20
0.0
  0
LWPOLYLINE
  5
29E
330
17
100
AcDbEntity
  8
YZ
100
AcDbPolyline
 90
2
 70
0
 10
1340.0
 20
0.0
 10
2260.0
 20
0.0
  0
LWPOLYLINE
  5
29F
330
17
100
AcDbEntity
  8
YZ
100
AcDbPolyline
 90
2
 70
0
 10
1340.0
 20
0.0
 10
2260.0
 20
0.0
  0
LWPOLYLINE
  5
2A0
330
17
100
AcDbEntity
  8
YZ
100
AcDbPolyline
 90
2
 70
0
 10
1340.0
 20
0.0
 10
1340.0
 20
300.0
  0
LWPOLYLINE
  5
2A1
330
17
100
AcDbEntity
  8
YZ
100
AcDbPolyline
 90
2
 70
0
 10
2260.0
 20
0.0
 10
2260.0
 20
300.0
  0
LWPOLYLINE
  5
2A2
330
17
100
AcDbEntity
  8
YZ
100
AcDbPolyline
 90
2
 70
0
 10
1340.0
 20
0.0
 10
1340.0
 20
300.0
  0
LWPOLYLINE
  5
2A3
330
17
100
AcDbEntity
  8
YZ
100
AcDbPolyline
 90
2
 70
0
 10
2260.0
 20
0.0
 10
2260.0
 20
300.0
  0
DIMENSION
  5
2A4
330
17
100
AcDbEntity
  8
DIMENSIONS
100
AcDbDimension
280
0
  2
*D5
  3
Standard
 10
1160.0
 20
-24.0
 30
0.0
 11
1800.0
 21
-24.0
 31
0.0
 70
32
 71
5
  1
<>
100
AcDbAlignedDimension
 13
1160.0
 23
0.0
 33
0.0
 14
2440.0
 24
0.0
 34
0.0
 50
0.0
100
AcDbRotatedDimension
1001
ACAD
1000
DSTYLE
1002
{
1070
140
1040
3.0
1070
41
1040
3.0
1070
271
1070
3
1002
}
  0
DIMENSION
  5
2B4
330
17
100
AcDbEntity
  8
DIMENSIONS
100
AcDbDimension
280
0
  2
*D6
  3
Standard
 10
1136.0
 20
0.0
 30
0.0
 11
1136.0
 21
191.76821285878566
 31
0.0
 70
32
 71
5
  1
<>
100
AcDbAlignedDimension
 13
1160.0
 23
0.0
 33
0.0
 14
1160.0
 24
383.5364257175713
 34
0.0
 50
90.0
100
AcDbRotatedDimension
1001
ACAD
1000
DSTYLE
1002
{
1070
140
1040
3.0
1070
41
1040
3.0
1070
271
1070
3
1002
}
  0
TEXT
  5
2C4
330
17
100
AcDbEntity
  8
NOTES
100
AcDbText
 10
0.0
 20
0.0
 30
0.0
 40
3.0
  1
SURFACE-V3 / mm / NON-ADOPTED DIGITAL CANDIDATE / NOT FOR FABRICATION
100
AcDbText
  0
TEXT
  5
2C5
330
17
100
AcDbEntity
  8
NOTES
100
AcDbText
 10
0.0
 20
-6.0
 30
0.0
 40
3.0
  1
Orthographic wireframe; curves sampled. Source STEP owns geometry. Allocations are not hardware.
100
AcDbText
  0
ENDSEC
  0
SECTION
  2
OBJECTS
  0
DICTIONARY
  5
A
330
0
100
AcDbDictionary
281
1
  3
ACAD_COLOR
350
B
  3
ACAD_GROUP
350
C
  3
ACAD_LAYOUT
350
D
  3
ACAD_MATERIAL
350
E
  3
ACAD_MLEADERSTYLE
350
F
  3
ACAD_MLINESTYLE
350
10
  3
ACAD_PLOTSETTINGS
350
11
  3
ACAD_PLOTSTYLENAME
350
12
  3
ACAD_SCALELIST
350
14
  3
ACAD_TABLESTYLE
350
15
  3
ACAD_VISUALSTYLE
350
16
  3
EZDXF_META
350
2D
  0
DICTIONARY
  5
B
330
A
100
AcDbDictionary
281
1
  0
DICTIONARY
  5
C
330
A
100
AcDbDictionary
281
1
  0
DICTIONARY
  5
D
330
A
100
AcDbDictionary
281
1
  3
Model
350
1A
  3
Layout1
350
1E
  0
DICTIONARY
  5
E
330
A
100
AcDbDictionary
281
1
  3
ByBlock
350
1F
  3
ByLayer
350
20
  3
Global
350
21
  0
DICTIONARY
  5
F
330
A
100
AcDbDictionary
281
1
  3
Standard
350
2C
  0
DICTIONARY
  5
10
330
A
100
AcDbDictionary
281
1
  3
Standard
350
22
  0
DICTIONARY
  5
11
330
A
100
AcDbDictionary
281
1
  0
ACDBDICTIONARYWDFLT
  5
12
330
A
100
AcDbDictionary
281
1
  3
Normal
350
13
100
AcDbDictionaryWithDefault
340
13
  0
ACDBPLACEHOLDER
  5
13
330
12
  0
DICTIONARY
  5
14
330
A
100
AcDbDictionary
281
1
  0
DICTIONARY
  5
15
330
A
100
AcDbDictionary
281
1
  0
DICTIONARY
  5
16
330
A
100
AcDbDictionary
281
1
  0
LAYOUT
  5
1A
330
D
100
AcDbPlotSettings
  1

  4
A3
  6

 40
7.5
 41
20.0
 42
7.5
 43
20.0
 44
420.0
 45
297.0
 46
0.0
 47
0.0
 48
0.0
 49
0.0
140
0.0
141
0.0
142
1.0
143
1.0
 70
1024
 72
1
 73
0
 74
5
  7

 75
16
 76
0
 77
2
 78
300
147
1.0
148
0.0
149
0.0
100
AcDbLayout
  1
Model
 70
1
 71
0
 10
0.0
 20
0.0
 11
420.0
 21
297.0
 12
0.0
 22
0.0
 32
0.0
 14
1e+20
 24
1e+20
 34
1e+20
 15
-1e+20
 25
-1e+20
 35
-1e+20
146
0.0
 13
0.0
 23
0.0
 33
0.0
 16
1.0
 26
0.0
 36
0.0
 17
0.0
 27
1.0
 37
0.0
 76
1
330
17
  0
LAYOUT
  5
1E
330
D
100
AcDbPlotSettings
  1

  4
A3
  6

 40
7.5
 41
20.0
 42
7.5
 43
20.0
 44
420.0
 45
297.0
 46
0.0
 47
0.0
 48
0.0
 49
0.0
140
0.0
141
0.0
142
1.0
143
1.0
 70
0
 72
1
 73
0
 74
5
  7

 75
16
 76
0
 77
2
 78
300
147
1.0
148
0.0
149
0.0
100
AcDbLayout
  1
Layout1
 70
1
 71
1
 10
0.0
 20
0.0
 11
420.0
 21
297.0
 12
0.0
 22
0.0
 32
0.0
 14
1e+20
 24
1e+20
 34
1e+20
 15
-1e+20
 25
-1e+20
 35
-1e+20
146
0.0
 13
0.0
 23
0.0
 33
0.0
 16
1.0
 26
0.0
 36
0.0
 17
0.0
 27
1.0
 37
0.0
 76
1
330
1B
  0
MATERIAL
  5
1F
102
{ACAD_REACTORS
330
E
102
}
330
E
100
AcDbMaterial
  1
ByBlock
  2

 70
0
 40
1.0
 71
1
 41
1.0
 91
-1023410177
 42
1.0
 72
1
  3

 73
1
 74
1
 75
1
 44
0.5
 73
0
 45
1.0
 46
1.0
 77
1
  4

 78
1
 79
1
170
1
 48
1.0
171
1
  6

172
1
173
1
174
1
140
1.0
141
1.0
175
1
  7

176
1
177
1
178
1
143
1.0
179
1
  8

270
1
271
1
272
1
145
1.0
146
1.0
273
1
  9

274
1
275
1
276
1
 42
1.0
 72
1
  3

 73
1
 74
1
 75
1
 94
63
  0
MATERIAL
  5
20
102
{ACAD_REACTORS
330
E
102
}
330
E
100
AcDbMaterial
  1
ByLayer
  2

 70
0
 40
1.0
 71
1
 41
1.0
 91
-1023410177
 42
1.0
 72
1
  3

 73
1
 74
1
 75
1
 44
0.5
 73
0
 45
1.0
 46
1.0
 77
1
  4

 78
1
 79
1
170
1
 48
1.0
171
1
  6

172
1
173
1
174
1
140
1.0
141
1.0
175
1
  7

176
1
177
1
178
1
143
1.0
179
1
  8

270
1
271
1
272
1
145
1.0
146
1.0
273
1
  9

274
1
275
1
276
1
 42
1.0
 72
1
  3

 73
1
 74
1
 75
1
 94
63
  0
MATERIAL
  5
21
102
{ACAD_REACTORS
330
E
102
}
330
E
100
AcDbMaterial
  1
Global
  2

 70
0
 40
1.0
 71
1
 41
1.0
 91
-1023410177
 42
1.0
 72
1
  3

 73
1
 74
1
 75
1
 44
0.5
 73
0
 45
1.0
 46
1.0
 77
1
  4

 78
1
 79
1
170
1
 48
1.0
171
1
  6

172
1
173
1
174
1
140
1.0
141
1.0
175
1
  7

176
1
177
1
178
1
143
1.0
179
1
  8

270
1
271
1
272
1
145
1.0
146
1.0
273
1
  9

274
1
275
1
276
1
 42
1.0
 72
1
  3

 73
1
 74
1
 75
1
 94
63
  0
MLINESTYLE
  5
22
102
{ACAD_REACTORS
330
10
102
}
330
10
100
AcDbMlineStyle
  2
Standard
 70
0
  3

 62
256
 51
90.0
 52
90.0
 71
2
 49
0.5
 62
256
  6
BYLAYER
 49
-0.5
 62
256
  6
BYLAYER
  0
MLEADERSTYLE
  5
2C
102
{ACAD_REACTORS
330
F
102
}
330
F
100
AcDbMLeaderStyle
179
2
170
2
171
1
172
0
 90
2
 40
0.0
 41
0.0
173
1
 91
-1056964608
 92
-2
290
1
 42
2.0
291
1
 43
8.0
  3
Standard
 44
4.0
300

342
29
174
1
175
1
176
0
178
1
 93
-1056964608
 45
4.0
292
0
297
0
 46
4.0
 94
-1056964608
 47
1.0
 49
1.0
140
1.0
294
1
141
0.0
177
0
142
1.0
295
0
296
0
143
3.75
271
0
272
9
273
9
  0
DICTIONARY
  5
2D
330
A
100
AcDbDictionary
280
1
281
1
  3
CREATED_BY_EZDXF
350
2E
  3
WRITTEN_BY_EZDXF
350
2C8
  0
DICTIONARYVAR
  5
2E
330
2D
100
DictionaryVariables
280
0
  1
1.4.3 @ 2026-09-27T12:50:51.605546+00:00
  0
DICTIONARYVAR
  5
2C8
330
2D
100
DictionaryVariables
280
0
  1
1.4.3 @ 2026-09-27T12:50:51.650499+00:00
  0
ENDSEC
  0
EOF
