  0
SECTION
  2
HEADER
  9
$ACADVER
  1
AC1032
  9
$ACADMAINTVER
 90
4
  9
$DWGCODEPAGE
  3
ANSI_1252
  9
$LASTSAVEDBY
  1
ezdxf
  9
$REQUIREDVERSIONS
160
0
  9
$INSBASE
 10
0.0
 20
0.0
 30
0.0
  9
$EXTMIN
 10
1e+20
 20
1e+20
 30
1e+20
  9
$EXTMAX
 10
-1e+20
 20
-1e+20
 30
-1e+20
  9
$LIMMIN
 10
0.0
 20
0.0
  9
$LIMMAX
 10
420.0
 20
297.0
  9
$ORTHOMODE
 70
0
  9
$REGENMODE
 70
1
  9
$FILLMODE
 70
1
  9
$QTEXTMODE
 70
0
  9
$MIRRTEXT
 70
1
  9
$LTSCALE
 40
1.0
  9
$ATTMODE
 70
1
  9
$TEXTSIZE
 40
2.5
  9
$TRACEWID
 40
1.0
  9
$TEXTSTYLE
  7
Standard
  9
$CLAYER
  8
0
  9
$CELTYPE
  6
ByLayer
  9
$CECOLOR
 62
256
  9
$CELTSCALE
 40
1.0
  9
$DISPSILH
 70
0
  9
$DIMSCALE
 40
1.0
  9
$DIMASZ
 40
2.5
  9
$DIMEXO
 40
0.625
  9
$DIMDLI
 40
3.75
  9
$DIMRND
 40
0.0
  9
$DIMDLE
 40
0.0
  9
$DIMEXE
 40
1.25
  9
$DIMTP
 40
0.0
  9
$DIMTM
 40
0.0
  9
$DIMTXT
 40
2.5
  9
$DIMCEN
 40
2.5
  9
$DIMTSZ
 40
0.0
  9
$DIMTOL
 70
0
  9
$DIMLIM
 70
0
  9
$DIMTIH
 70
0
  9
$DIMTOH
 70
0
  9
$DIMSE1
 70
0
  9
$DIMSE2
 70
0
  9
$DIMTAD
 70
1
  9
$DIMZIN
 70
8
  9
$DIMBLK
  1

  9
$DIMASO
 70
1
  9
$DIMSHO
 70
1
  9
$DIMPOST
  1

  9
$DIMAPOST
  1

  9
$DIMALT
 70
0
  9
$DIMALTD
 70
3
  9
$DIMALTF
 40
0.03937007874
  9
$DIMLFAC
 40
1.0
  9
$DIMTOFL
 70
1
  9
$DIMTVP
 40
0.0
  9
$DIMTIX
 70
0
  9
$DIMSOXD
 70
0
  9
$DIMSAH
 70
0
  9
$DIMBLK1
  1

  9
$DIMBLK2
  1

  9
$DIMSTYLE
  2
ISO-25
  9
$DIMCLRD
 70
0
  9
$DIMCLRE
 70
0
  9
$DIMCLRT
 70
0
  9
$DIMTFAC
 40
1.0
  9
$DIMGAP
 40
0.625
  9
$DIMJUST
 70
0
  9
$DIMSD1
 70
0
  9
$DIMSD2
 70
0
  9
$DIMTOLJ
 70
0
  9
$DIMTZIN
 70
8
  9
$DIMALTZ
 70
0
  9
$DIMALTTZ
 70
0
  9
$DIMUPT
 70
0
  9
$DIMDEC
 70
2
  9
$DIMTDEC
 70
2
  9
$DIMALTU
 70
2
  9
$DIMALTTD
 70
3
  9
$DIMTXSTY
  7
Standard
  9
$DIMAUNIT
 70
0
  9
$DIMADEC
 70
0
  9
$DIMALTRND
 40
0.0
  9
$DIMAZIN
 70
0
  9
$DIMDSEP
 70
44
  9
$DIMATFIT
 70
3
  9
$DIMFRAC
 70
0
  9
$DIMLDRBLK
  1

  9
$DIMLUNIT
 70
2
  9
$DIMLWD
 70
-2
  9
$DIMLWE
 70
-2
  9
$DIMTMOVE
 70
0
  9
$DIMFXL
 40
1.0
  9
$DIMFXLON
 70
0
  9
$DIMJOGANG
 40
0.785398163397
  9
$DIMTFILL
 70
0
  9
$DIMTFILLCLR
 70
0
  9
$DIMARCSYM
 70
0
  9
$DIMLTYPE
  6

  9
$DIMLTEX1
  6

  9
$DIMLTEX2
  6

  9
$DIMTXTDIRECTION
 70
0
  9
$LUNITS
 70
2
  9
$LUPREC
 70
4
  9
$SKETCHINC
 40
1.0
  9
$FILLETRAD
 40
10.0
  9
$AUNITS
 70
0
  9
$AUPREC
 70
2
  9
$MENU
  1
.
  9
$ELEVATION
 40
0.0
  9
$PELEVATION
 40
0.0
  9
$THICKNESS
 40
0.0
  9
$LIMCHECK
 70
0
  9
$CHAMFERA
 40
0.0
  9
$CHAMFERB
 40
0.0
  9
$CHAMFERC
 40
0.0
  9
$CHAMFERD
 40
0.0
  9
$SKPOLY
 70
0
  9
$TDCREATE
 40
2461311.592349537
  9
$TDUCREATE
 40
2458532.153996898
  9
$TDUPDATE
 40
2461311.592349537
  9
$TDUUPDATE
 40
2458532.1544311
  9
$TDINDWG
 40
0.0
  9
$TDUSRTIMER
 40
0.0
  9
$USRTIMER
 70
1
  9
$ANGBASE
 50
0.0
  9
$ANGDIR
 70
0
  9
$PDMODE
 70
0
  9
$PDSIZE
 40
0.0
  9
$PLINEWID
 40
0.0
  9
$SPLFRAME
 70
0
  9
$SPLINETYPE
 70
6
  9
$SPLINESEGS
 70
8
  9
$HANDSEED
  5
8C4
  9
$SURFTAB1
 70
6
  9
$SURFTAB2
 70
6
  9
$SURFTYPE
 70
6
  9
$SURFU
 70
6
  9
$SURFV
 70
6
  9
$UCSBASE
  2

  9
$UCSNAME
  2

  9
$UCSORG
 10
0.0
 20
0.0
 30
0.0
  9
$UCSXDIR
 10
1.0
 20
0.0
 30
0.0
  9
$UCSYDIR
 10
0.0
 20
1.0
 30
0.0
  9
$UCSORTHOREF
  2

  9
$UCSORTHOVIEW
 70
0
  9
$UCSORGTOP
 10
0.0
 20
0.0
 30
0.0
  9
$UCSORGBOTTOM
 10
0.0
 20
0.0
 30
0.0
  9
$UCSORGLEFT
 10
0.0
 20
0.0
 30
0.0
  9
$UCSORGRIGHT
 10
0.0
 20
0.0
 30
0.0
  9
$UCSORGFRONT
 10
0.0
 20
0.0
 30
0.0
  9
$UCSORGBACK
 10
0.0
 20
0.0
 30
0.0
  9
$PUCSBASE
  2

  9
$PUCSNAME
  2

  9
$PUCSORG
 10
0.0
 20
0.0
 30
0.0
  9
$PUCSXDIR
 10
1.0
 20
0.0
 30
0.0
  9
$PUCSYDIR
 10
0.0
 20
1.0
 30
0.0
  9
$PUCSORTHOREF
  2

  9
$PUCSORTHOVIEW
 70
0
  9
$PUCSORGTOP
 10
0.0
 20
0.0
 30
0.0
  9
$PUCSORGBOTTOM
 10
0.0
 20
0.0
 30
0.0
  9
$PUCSORGLEFT
 10
0.0
 20
0.0
 30
0.0
  9
$PUCSORGRIGHT
 10
0.0
 20
0.0
 30
0.0
  9
$PUCSORGFRONT
 10
0.0
 20
0.0
 30
0.0
  9
$PUCSORGBACK
 10
0.0
 20
0.0
 30
0.0
  9
$USERI1
 70
0
  9
$USERI2
 70
0
  9
$USERI3
 70
0
  9
$USERI4
 70
0
  9
$USERI5
 70
0
  9
$USERR1
 40
0.0
  9
$USERR2
 40
0.0
  9
$USERR3
 40
0.0
  9
$USERR4
 40
0.0
  9
$USERR5
 40
0.0
  9
$WORLDVIEW
 70
1
  9
$SHADEDGE
 70
3
  9
$SHADEDIF
 70
70
  9
$TILEMODE
 70
1
  9
$MAXACTVP
 70
64
  9
$PINSBASE
 10
0.0
 20
0.0
 30
0.0
  9
$PLIMCHECK
 70
0
  9
$PEXTMIN
 10
1e+20
 20
1e+20
 30
1e+20
  9
$PEXTMAX
 10
-1e+20
 20
-1e+20
 30
-1e+20
  9
$PLIMMIN
 10
0.0
 20
0.0
  9
$PLIMMAX
 10
420.0
 20
297.0
  9
$UNITMODE
 70
0
  9
$VISRETAIN
 70
1
  9
$PLINEGEN
 70
0
  9
$PSLTSCALE
 70
1
  9
$TREEDEPTH
 70
3020
  9
$CMLSTYLE
  2
Standard
  9
$CMLJUST
 70
0
  9
$CMLSCALE
 40
20.0
  9
$PROXYGRAPHICS
 70
1
  9
$MEASUREMENT
 70
1
  9
$CELWEIGHT
370
-1
  9
$ENDCAPS
280
0
  9
$JOINSTYLE
280
0
  9
$LWDISPLAY
290
0
  9
$INSUNITS
 70
4
  9
$HYPERLINKBASE
  1

  9
$STYLESHEET
  1

  9
$XEDIT
290
1
  9
$CEPSNTYPE
380
0
  9
$PSTYLEMODE
290
1
  9
$FINGERPRINTGUID
  2
{05D48D89-C801-49A6-979E-71470B5464B6}
  9
$VERSIONGUID
  2
{7F5D7011-AAC3-4365-BD54-C575F3013F0D}
  9
$EXTNAMES
290
1
  9
$PSVPSCALE
 40
0.0
  9
$OLESTARTUP
290
0
  9
$SORTENTS
280
127
  9
$INDEXCTL
280
0
  9
$HIDETEXT
280
1
  9
$XCLIPFRAME
280
1
  9
$HALOGAP
280
0
  9
$OBSCOLOR
 70
257
  9
$OBSLTYPE
280
0
  9
$INTERSECTIONDISPLAY
280
0
  9
$INTERSECTIONCOLOR
 70
257
  9
$DIMASSOC
280
2
  9
$PROJECTNAME
  1

  9
$CAMERADISPLAY
290
0
  9
$LENSLENGTH
 40
50.0
  9
$CAMERAHEIGHT
 40
0.0
  9
$STEPSPERSEC
 40
24.0
  9
$STEPSIZE
 40
100.0
  9
$3DDWFPREC
 40
2.0
  9
$PSOLWIDTH
 40
0.005
  9
$PSOLHEIGHT
 40
0.08
  9
$LOFTANG1
 40
1.570796326795
  9
$LOFTANG2
 40
1.570796326795
  9
$LOFTMAG1
 40
0.0
  9
$LOFTMAG2
 40
0.0
  9
$LOFTPARAM
 70
7
  9
$LOFTNORMALS
280
1
  9
$LATITUDE
 40
37.795
  9
$LONGITUDE
 40
-122.394
  9
$NORTHDIRECTION
 40
0.0
  9
$TIMEZONE
 70
-8000
  9
$LIGHTGLYPHDISPLAY
280
1
  9
$TILEMODELIGHTSYNCH
280
1
  9
$CMATERIAL
347
20
  9
$SOLIDHIST
280
0
  9
$SHOWHIST
280
1
  9
$DWFFRAME
280
2
  9
$DGNFRAME
280
2
  9
$REALWORLDSCALE
290
1
  9
$INTERFERECOLOR
 62
256
  9
$CSHADOW
280
0
  9
$SHADOWPLANELOCATION
 40
0.0
  0
ENDSEC
  0
SECTION
  2
CLASSES
  0
CLASS
  1
ACDBDICTIONARYWDFLT
  2
AcDbDictionaryWithDefault
  3
ObjectDBX Classes
 90
0
 91
0
280
0
281
0
  0
CLASS
  1
SUN
  2
AcDbSun
  3
SCENEOE
 90
1153
 91
0
280
0
281
0
  0
CLASS
  1
VISUALSTYLE
  2
AcDbVisualStyle
  3
ObjectDBX Classes
 90
4095
 91
0
280
0
281
0
  0
CLASS
  1
MATERIAL
  2
AcDbMaterial
  3
ObjectDBX Classes
 90
1153
 91
0
280
0
281
0
  0
CLASS
  1
SCALE
  2
AcDbScale
  3
ObjectDBX Classes
 90
1153
 91
0
280
0
281
0
  0
CLASS
  1
TABLESTYLE
  2
AcDbTableStyle
  3
ObjectDBX Classes
 90
4095
 91
0
280
0
281
0
  0
CLASS
  1
MLEADERSTYLE
  2
AcDbMLeaderStyle
  3
ACDB_MLEADERSTYLE_CLASS
 90
4095
 91
0
280
0
281
0
  0
CLASS
  1
DICTIONARYVAR
  2
AcDbDictionaryVar
  3
ObjectDBX Classes
 90
0
 91
0
280
0
281
0
  0
CLASS
  1
CELLSTYLEMAP
  2
AcDbCellStyleMap
  3
ObjectDBX Classes
 90
1152
 91
0
280
0
281
0
  0
CLASS
  1
MENTALRAYRENDERSETTINGS
  2
AcDbMentalRayRenderSettings
  3
SCENEOE
 90
1024
 91
0
280
0
281
0
  0
CLASS
  1
ACDBDETAILVIEWSTYLE
  2
AcDbDetailViewStyle
  3
ObjectDBX Classes
 90
1025
 91
0
280
0
281
0
  0
CLASS
  1
ACDBSECTIONVIEWSTYLE
  2
AcDbSectionViewStyle
  3
ObjectDBX Classes
 90
1025
 91
0
280
0
281
0
  0
CLASS
  1
RASTERVARIABLES
  2
AcDbRasterVariables
  3
ISM
 90
0
 91
0
280
0
281
0
  0
CLASS
  1
ACDBPLACEHOLDER
  2
AcDbPlaceHolder
  3
ObjectDBX Classes
 90
0
 91
0
280
0
281
0
  0
CLASS
  1
LAYOUT
  2
AcDbLayout
  3
ObjectDBX Classes
 90
0
 91
0
280
0
281
0
  0
ENDSEC
  0
SECTION
  2
TABLES
  0
TABLE
  2
VPORT
  5
8
330
0
100
AcDbSymbolTable
 70
1
  0
VPORT
  5
23
330
8
100
AcDbSymbolTableRecord
100
AcDbViewportTableRecord
  2
*Active
 70
0
 10
0.0
 20
0.0
 11
1.0
 21
1.0
 12
0.0
 22
0.0
 13
0.0
 23
0.0
 14
0.5
 24
0.5
 15
0.5
 25
0.5
 16
0.0
 26
0.0
 36
1.0
 17
0.0
 27
0.0
 37
0.0
 40
1000.0
 41
1.34
 42
50.0
 43
0.0
 44
0.0
 50
0.0
 51
0.0
 71
0
 72
1000
 73
1
 74
3
 75
0
 76
0
 77
0
 78
0
281
0
 65
0
146
0.0
  0
ENDTAB
  0
TABLE
  2
LTYPE
  5
2
330
0
100
AcDbSymbolTable
 70
3
  0
LTYPE
  5
24
330
2
100
AcDbSymbolTableRecord
100
AcDbLinetypeTableRecord
  2
ByBlock
 70
0
  3

 72
65
 73
0
 40
0.0
  0
LTYPE
  5
25
330
2
100
AcDbSymbolTableRecord
100
AcDbLinetypeTableRecord
  2
ByLayer
 70
0
  3

 72
65
 73
0
 40
0.0
  0
LTYPE
  5
26
330
2
100
AcDbSymbolTableRecord
100
AcDbLinetypeTableRecord
  2
Continuous
 70
0
  3

 72
65
 73
0
 40
0.0
  0
ENDTAB
  0
TABLE
  2
LAYER
  5
1
330
0
100
AcDbSymbolTable
 70
7
  0
LAYER
  5
27
330
1
100
AcDbSymbolTableRecord
100
AcDbLayerTableRecord
  2
0
 70
0
 62
7
  6
Continuous
370
-3
390
13
347
21
  0
LAYER
  5
28
330
1
100
AcDbSymbolTableRecord
100
AcDbLayerTableRecord
  2
Defpoints
 70
0
 62
7
  6
Continuous
290
0
370
-3
390
13
347
21
  0
LAYER
  5
2F
330
1
100
AcDbSymbolTableRecord
100
AcDbLayerTableRecord
  2
TOP
 70
0
 62
7
  6
Continuous
370
-3
390
13
347
21
  0
LAYER
  5
30
330
1
100
AcDbSymbolTableRecord
100
AcDbLayerTableRecord
  2
FRONT
 70
0
 62
7
  6
Continuous
370
-3
390
13
347
21
  0
LAYER
  5
31
330
1
100
AcDbSymbolTableRecord
100
AcDbLayerTableRecord
  2
RIGHT
 70
0
 62
7
  6
Continuous
370
-3
390
13
347
21
  0
LAYER
  5
32
330
1
100
AcDbSymbolTableRecord
100
AcDbLayerTableRecord
  2
NOTES
 70
0
 62
7
  6
Continuous
370
-3
390
13
347
21
  0
LAYER
  5
33
330
1
100
AcDbSymbolTableRecord
100
AcDbLayerTableRecord
  2
DIMENSIONS
 70
0
 62
7
  6
Continuous
370
-3
390
13
347
21
  0
ENDTAB
  0
TABLE
  2
STYLE
  5
5
330
0
100
AcDbSymbolTable
 70
1
  0
STYLE
  5
29
330
5
100
AcDbSymbolTableRecord
100
AcDbTextStyleTableRecord
  2
Standard
 70
0
 40
0.0
 41
1.0
 50
0.0
 71
0
 42
2.5
  3
txt
  4

  0
ENDTAB
  0
TABLE
  2
VIEW
  5
7
330
0
100
AcDbSymbolTable
 70
0
  0
ENDTAB
  0
TABLE
  2
UCS
  5
6
330
0
100
AcDbSymbolTable
 70
0
  0
ENDTAB
  0
TABLE
  2
APPID
  5
3
330
0
100
AcDbSymbolTable
 70
3
  0
APPID
  5
2A
330
3
100
AcDbSymbolTableRecord
100
AcDbRegAppTableRecord
  2
ACAD
 70
0
  0
APPID
  5
8C1
330
3
100
AcDbSymbolTableRecord
100
AcDbRegAppTableRecord
  2
HATCHBACKGROUNDCOLOR
 70
0
  0
APPID
  5
8C2
330
3
100
AcDbSymbolTableRecord
100
AcDbRegAppTableRecord
  2
EZDXF
 70
0
  0
ENDTAB
  0
TABLE
  2
DIMSTYLE
  5
4
330
0
100
AcDbSymbolTable
 70
1
100
AcDbDimStyleTable
  0
DIMSTYLE
105
2B
330
4
100
AcDbSymbolTableRecord
100
AcDbDimStyleTableRecord
  2
Standard
 70
0
 40
1.0
 41
2.5
 42
0.625
 43
3.75
 44
1.25
 45
0.0
 46
0.0
 47
0.0
 48
0.0
 49
2.5
140
2.5
141
2.5
142
0.0
143
0.03937007874
144
1.0
145
0.0
146
1.0
147
0.625
148
0.0
 69
0
 70
0
 71
0
 72
0
 73
0
 74
0
 75
0
 76
0
 77
1
 78
8
 79
3
170
0
171
3
172
1
173
0
174
0
175
0
176
0
177
0
178
0
179
2
271
2
272
2
273
2
274
3
275
0
276
0
277
2
278
44
279
0
280
0
281
0
282
0
283
0
284
8
285
0
286
0
288
0
289
3
290
0
371
-2
372
-2
  0
ENDTAB
  0
TABLE
  2
BLOCK_RECORD
  5
9
330
0
100
AcDbSymbolTable
 70
9
  0
BLOCK_RECORD
  5
17
330
9
100
AcDbSymbolTableRecord
100
AcDbBlockTableRecord
  2
*Model_Space
340
1A
 70
0
280
1
281
0
  0
BLOCK_RECORD
  5
1B
330
9
100
AcDbSymbolTableRecord
100
AcDbBlockTableRecord
  2
*Paper_Space
340
1E
 70
0
280
1
281
0
  0
BLOCK_RECORD
  5
2E4
330
9
100
AcDbSymbolTableRecord
100
AcDbBlockTableRecord
  2
*D1
340
0
 70
0
280
1
281
0
  0
BLOCK_RECORD
  5
2E9
330
9
100
AcDbSymbolTableRecord
100
AcDbBlockTableRecord
  2
_CLOSEDFILLED
340
0
 70
0
280
1
281
0
  0
BLOCK_RECORD
  5
2F8
330
9
100
AcDbSymbolTableRecord
100
AcDbBlockTableRecord
  2
*D2
340
0
 70
0
280
1
281
0
  0
BLOCK_RECORD
  5
5B8
330
9
100
AcDbSymbolTableRecord
100
AcDbBlockTableRecord
  2
*D3
340
0
 70
0
280
1
281
0
  0
BLOCK_RECORD
  5
5C8
330
9
100
AcDbSymbolTableRecord
100
AcDbBlockTableRecord
  2
*D4
340
0
 70
0
280
1
281
0
  0
BLOCK_RECORD
  5
89B
330
9
100
AcDbSymbolTableRecord
100
AcDbBlockTableRecord
  2
*D5
340
0
 70
0
280
1
281
0
  0
BLOCK_RECORD
  5
8AB
330
9
100
AcDbSymbolTableRecord
100
AcDbBlockTableRecord
  2
*D6
340
0
 70
0
280
1
281
0
  0
ENDTAB
  0
ENDSEC
  0
SECTION
  2
BLOCKS
  0
BLOCK
  5
18
330
17
100
AcDbEntity
  8
0
100
AcDbBlockBegin
  2
*Model_Space
 70
0
 10
0.0
 20
0.0
 30
0.0
  3
*Model_Space
  1

  0
ENDBLK
  5
19
330
17
100
AcDbEntity
  8
0
100
AcDbBlockEnd
  0
BLOCK
  5
1C
330
1B
100
AcDbEntity
  8
0
100
AcDbBlockBegin
  2
*Paper_Space
 70
0
 10
0.0
 20
0.0
 30
0.0
  3
*Paper_Space
  1

  0
ENDBLK
  5
1D
330
1B
100
AcDbEntity
  8
0
100
AcDbBlockEnd
  0
BLOCK
  5
2E5
330
2E4
100
AcDbEntity
  8
0
100
AcDbBlockBegin
  2
*D1
 70
1
 10
0.0
 20
0.0
 30
0.0
  3
*D1
  1

  0
LINE
  5
2E7
330
2E4
100
AcDbEntity
  8
0
100
AcDbLine
 10
0.0
 20
0.0
 30
0.0
 11
0.0
 21
-35.0
 31
0.0
  0
LINE
  5
2E8
330
2E4
100
AcDbEntity
  8
0
100
AcDbLine
 10
1682.5
 20
0.0
 30
0.0
 11
1682.5
 21
-35.0
 31
0.0
  0
INSERT
  5
2ED
330
2E4
100
AcDbEntity
  8
DIMENSIONS
100
AcDbBlockReference
  2
_CLOSEDFILLED
 10
0.0
 20
-35.0
 30
0.0
 41
8.4125
 42
8.4125
 50
180.0
  0
INSERT
  5
2EF
330
2E4
100
AcDbEntity
  8
DIMENSIONS
100
AcDbBlockReference
  2
_CLOSEDFILLED
 10
1682.5
 20
-35.0
 30
0.0
 41
8.4125
 42
8.4125
  0
LINE
  5
2F1
330
2E4
100
AcDbEntity
  8
0
100
AcDbLine
 10
8.4125
 20
-35.0
 30
0.0
 11
807.6
 21
-35.0
 31
0.0
  0
LINE
  5
2F2
330
2E4
100
AcDbEntity
  8
0
100
AcDbLine
 10
874.9
 20
-35.0
 30
0.0
 11
1674.0875
 21
-35.0
 31
0.0
  0
MTEXT
  5
2F3
330
2E4
100
AcDbEntity
  8
DIMENSIONS
100
AcDbMText
 10
841.25
 20
-35.0
 30
0.0
 40
11.216666666666667
 71
5
  1
1682,5
  0
POINT
  5
2F4
330
2E4
100
AcDbEntity
  8
Defpoints
100
AcDbPoint
 10
0.0
 20
-35.0
 30
0.0
  0
POINT
  5
2F5
330
2E4
100
AcDbEntity
  8
Defpoints
100
AcDbPoint
 10
0.0
 20
0.0
 30
0.0
  0
POINT
  5
2F6
330
2E4
100
AcDbEntity
  8
Defpoints
100
AcDbPoint
 10
1682.5
 20
0.0
 30
0.0
  0
ENDBLK
  5
2E6
330
2E4
100
AcDbEntity
  8
0
100
AcDbBlockEnd
  0
BLOCK
  5
2EA
330
2E9
100
AcDbEntity
  8
0
100
AcDbBlockBegin
  2
_CLOSEDFILLED
 70
0
 10
0.0
 20
0.0
 30
0.0
  3
_CLOSEDFILLED
  1

  0
SOLID
  5
2EC
330
2E9
100
AcDbEntity
  8
0
  6
BYBLOCK
 62
0
100
AcDbTrace
 10
-1.0
 20
0.16439898372402537
 30
0.0
 11
0.0
 21
0.0
 31
0.0
 12
-1.0
 22
-0.16439898372402537
 32
0.0
 13
-1.0
 23
-0.16439898372402537
 33
0.0
  0
ENDBLK
  5
2EB
330
2E9
100
AcDbEntity
  8
0
100
AcDbBlockEnd
  0
BLOCK
  5
2F9
330
2F8
100
AcDbEntity
  8
0
100
AcDbBlockBegin
  2
*D2
 70
1
 10
0.0
 20
0.0
 30
0.0
  3
*D2
  1

  0
LINE
  5
2FB
330
2F8
100
AcDbEntity
  8
0
100
AcDbLine
 10
0.0
 20
0.0
 30
0.0
 11
-35.0
 21
0.0
 31
0.0
  0
LINE
  5
2FC
330
2F8
100
AcDbEntity
  8
0
100
AcDbLine
 10
0.0
 20
980.0
 30
0.0
 11
-35.0
 21
980.0
 31
0.0
  0
INSERT
  5
2FD
330
2F8
100
AcDbEntity
  8
DIMENSIONS
100
AcDbBlockReference
  2
_CLOSEDFILLED
 10
-35.0
 20
0.0
 30
0.0
 41
8.4125
 42
8.4125
 50
270.0
  0
INSERT
  5
2FF
330
2F8
100
AcDbEntity
  8
DIMENSIONS
100
AcDbBlockReference
  2
_CLOSEDFILLED
 10
-35.0
 20
980.0
 30
0.0
 41
8.4125
 42
8.4125
 50
90.0
  0
LINE
  5
301
330
2F8
100
AcDbEntity
  8
0
100
AcDbLine
 10
-35.0
 20
8.4125
 30
0.0
 11
-35.0
 21
473.17499999999995
 31
0.0
  0
LINE
  5
302
330
2F8
100
AcDbEntity
  8
0
100
AcDbLine
 10
-35.0
 20
506.82499999999993
 30
0.0
 11
-35.0
 21
971.5875
 31
0.0
  0
MTEXT
  5
303
330
2F8
100
AcDbEntity
  8
DIMENSIONS
100
AcDbMText
 10
-35.0
 20
490.0
 30
0.0
 40
11.216666666666667
 71
5
  1
980
 50
90.0
  0
POINT
  5
304
330
2F8
100
AcDbEntity
  8
Defpoints
100
AcDbPoint
 10
-35.0
 20
0.0
 30
0.0
  0
POINT
  5
305
330
2F8
100
AcDbEntity
  8
Defpoints
100
AcDbPoint
 10
0.0
 20
0.0
 30
0.0
  0
POINT
  5
306
330
2F8
100
AcDbEntity
  8
Defpoints
100
AcDbPoint
 10
0.0
 20
980.0
 30
0.0
  0
ENDBLK
  5
2FA
330
2F8
100
AcDbEntity
  8
0
100
AcDbBlockEnd
  0
BLOCK
  5
5B9
330
5B8
100
AcDbEntity
  8
0
100
AcDbBlockBegin
  2
*D3
 70
1
 10
0.0
 20
0.0
 30
0.0
  3
*D3
  1

  0
LINE
  5
5BB
330
5B8
100
AcDbEntity
  8
0
100
AcDbLine
 10
0.0
 20
-1340.0
 30
0.0
 11
0.0
 21
-1375.0
 31
0.0
  0
LINE
  5
5BC
330
5B8
100
AcDbEntity
  8
0
100
AcDbLine
 10
1682.5
 20
-1340.0
 30
0.0
 11
1682.5
 21
-1375.0
 31
0.0
  0
INSERT
  5
5BD
330
5B8
100
AcDbEntity
  8
DIMENSIONS
100
AcDbBlockReference
  2
_CLOSEDFILLED
 10
0.0
 20
-1375.0
 30
0.0
 41
8.4125
 42
8.4125
 50
180.0
  0
INSERT
  5
5BF
330
5B8
100
AcDbEntity
  8
DIMENSIONS
100
AcDbBlockReference
  2
_CLOSEDFILLED
 10
1682.5
 20
-1375.0
 30
0.0
 41
8.4125
 42
8.4125
  0
LINE
  5
5C1
330
5B8
100
AcDbEntity
  8
0
100
AcDbLine
 10
8.4125
 20
-1375.0
 30
0.0
 11
807.5999999999999
 21
-1375.0
 31
0.0
  0
LINE
  5
5C2
330
5B8
100
AcDbEntity
  8
0
100
AcDbLine
 10
874.9000000000001
 20
-1375.0
 30
0.0
 11
1674.0875
 21
-1375.0
 31
0.0
  0
MTEXT
  5
5C3
330
5B8
100
AcDbEntity
  8
DIMENSIONS
100
AcDbMText
 10
841.25
 20
-1375.0
 30
0.0
 40
11.216666666666667
 71
5
  1
1682,5
  0
POINT
  5
5C4
330
5B8
100
AcDbEntity
  8
Defpoints
100
AcDbPoint
 10
0.0
 20
-1375.0
 30
0.0
  0
POINT
  5
5C5
330
5B8
100
AcDbEntity
  8
Defpoints
100
AcDbPoint
 10
0.0
 20
-1340.0
 30
0.0
  0
POINT
  5
5C6
330
5B8
100
AcDbEntity
  8
Defpoints
100
AcDbPoint
 10
1682.5
 20
-1340.0
 30
0.0
  0
ENDBLK
  5
5BA
330
5B8
100
AcDbEntity
  8
0
100
AcDbBlockEnd
  0
BLOCK
  5
5C9
330
5C8
100
AcDbEntity
  8
0
100
AcDbBlockBegin
  2
*D4
 70
1
 10
0.0
 20
0.0
 30
0.0
  3
*D4
  1

  0
LINE
  5
5CB
330
5C8
100
AcDbEntity
  8
0
100
AcDbLine
 10
0.0
 20
-1340.0
 30
0.0
 11
-35.0
 21
-1340.0
 31
0.0
  0
LINE
  5
5CC
330
5C8
100
AcDbEntity
  8
0
100
AcDbLine
 10
0.0
 20
-150.0
 30
0.0
 11
-35.0
 21
-150.0
 31
0.0
  0
INSERT
  5
5CD
330
5C8
100
AcDbEntity
  8
DIMENSIONS
100
AcDbBlockReference
  2
_CLOSEDFILLED
 10
-35.0
 20
-1340.0
 30
0.0
 41
8.4125
 42
8.4125
 50
270.0
  0
INSERT
  5
5CF
330
5C8
100
AcDbEntity
  8
DIMENSIONS
100
AcDbBlockReference
  2
_CLOSEDFILLED
 10
-35.0
 20
-150.0
 30
0.0
 41
8.4125
 42
8.4125
 50
90.0
  0
LINE
  5
5D1
330
5C8
100
AcDbEntity
  8
0
100
AcDbLine
 10
-35.0
 20
-1331.5875
 30
0.0
 11
-35.0
 21
-767.4333333333333
 31
0.0
  0
LINE
  5
5D2
330
5C8
100
AcDbEntity
  8
0
100
AcDbLine
 10
-35.0
 20
-722.5666666666667
 30
0.0
 11
-35.0
 21
-158.4125
 31
0.0
  0
MTEXT
  5
5D3
330
5C8
100
AcDbEntity
  8
DIMENSIONS
100
AcDbMText
 10
-35.0
 20
-745.0
 30
0.0
 40
11.216666666666667
 71
5
  1
1190
 50
90.0
  0
POINT
  5
5D4
330
5C8
100
AcDbEntity
  8
Defpoints
100
AcDbPoint
 10
-35.0
 20
-1340.0
 30
0.0
  0
POINT
  5
5D5
330
5C8
100
AcDbEntity
  8
Defpoints
100
AcDbPoint
 10
0.0
 20
-1340.0
 30
0.0
  0
POINT
  5
5D6
330
5C8
100
AcDbEntity
  8
Defpoints
100
AcDbPoint
 10
0.0
 20
-150.0
 30
0.0
  0
ENDBLK
  5
5CA
330
5C8
100
AcDbEntity
  8
0
100
AcDbBlockEnd
  0
BLOCK
  5
89C
330
89B
100
AcDbEntity
  8
0
100
AcDbBlockBegin
  2
*D5
 70
1
 10
0.0
 20
0.0
 30
0.0
  3
*D5
  1

  0
LINE
  5
89E
330
89B
100
AcDbEntity
  8
0
100
AcDbLine
 10
1832.5
 20
0.0
 30
0.0
 11
1832.5
 21
-35.0
 31
0.0
  0
LINE
  5
89F
330
89B
100
AcDbEntity
  8
0
100
AcDbLine
 10
2812.5
 20
0.0
 30
0.0
 11
2812.5
 21
-35.0
 31
0.0
  0
INSERT
  5
8A0
330
89B
100
AcDbEntity
  8
DIMENSIONS
100
AcDbBlockReference
  2
_CLOSEDFILLED
 10
1832.5
 20
-35.0
 30
0.0
 41
8.4125
 42
8.4125
 50
180.0
  0
INSERT
  5
8A2
330
89B
100
AcDbEntity
  8
DIMENSIONS
100
AcDbBlockReference
  2
_CLOSEDFILLED
 10
2812.5
 20
-35.0
 30
0.0
 41
8.4125
 42
8.4125
  0
LINE
  5
8A4
330
89B
100
AcDbEntity
  8
0
100
AcDbLine
 10
1840.9125
 20
-35.0
 30
0.0
 11
2305.675
 21
-35.0
 31
0.0
  0
LINE
  5
8A5
330
89B
100
AcDbEntity
  8
0
100
AcDbLine
 10
2339.325
 20
-35.0
 30
0.0
 11
2804.0875
 21
-35.0
 31
0.0
  0
MTEXT
  5
8A6
330
89B
100
AcDbEntity
  8
DIMENSIONS
100
AcDbMText
 10
2322.5
 20
-35.0
 30
0.0
 40
11.216666666666667
 71
5
  1
980
  0
POINT
  5
8A7
330
89B
100
AcDbEntity
  8
Defpoints
100
AcDbPoint
 10
1832.5
 20
-35.0
 30
0.0
  0
POINT
  5
8A8
330
89B
100
AcDbEntity
  8
Defpoints
100
AcDbPoint
 10
1832.5
 20
0.0
 30
0.0
  0
POINT
  5
8A9
330
89B
100
AcDbEntity
  8
Defpoints
100
AcDbPoint
 10
2812.5
 20
0.0
 30
0.0
  0
ENDBLK
  5
89D
330
89B
100
AcDbEntity
  8
0
100
AcDbBlockEnd
  0
BLOCK
  5
8AC
330
8AB
100
AcDbEntity
  8
0
100
AcDbBlockBegin
  2
*D6
 70
1
 10
0.0
 20
0.0
 30
0.0
  3
*D6
  1

  0
LINE
  5
8AE
330
8AB
100
AcDbEntity
  8
0
100
AcDbLine
 10
1832.5
 20
0.0
 30
0.0
 11
1797.5
 21
0.0
 31
0.0
  0
LINE
  5
8AF
330
8AB
100
AcDbEntity
  8
0
100
AcDbLine
 10
1832.5
 20
1190.0
 30
0.0
 11
1797.5
 21
1190.0
 31
0.0
  0
INSERT
  5
8B0
330
8AB
100
AcDbEntity
  8
DIMENSIONS
100
AcDbBlockReference
  2
_CLOSEDFILLED
 10
1797.5
 20
0.0
 30
0.0
 41
8.4125
 42
8.4125
 50
270.0
  0
INSERT
  5
8B2
330
8AB
100
AcDbEntity
  8
DIMENSIONS
100
AcDbBlockReference
  2
_CLOSEDFILLED
 10
1797.5
 20
1190.0
 30
0.0
 41
8.4125
 42
8.4125
 50
90.0
  0
LINE
  5
8B4
330
8AB
100
AcDbEntity
  8
0
100
AcDbLine
 10
1797.5
 20
8.4125
 30
0.0
 11
1797.5
 21
572.5666666666666
 31
0.0
  0
LINE
  5
8B5
330
8AB
100
AcDbEntity
  8
0
100
AcDbLine
 10
1797.5
 20
617.4333333333333
 30
0.0
 11
1797.5
 21
1181.5875
 31
0.0
  0
MTEXT
  5
8B6
330
8AB
100
AcDbEntity
  8
DIMENSIONS
100
AcDbMText
 10
1797.5
 20
595.0
 30
0.0
 40
11.216666666666667
 71
5
  1
1190
 50
90.0
  0
POINT
  5
8B7
330
8AB
100
AcDbEntity
  8
Defpoints
100
AcDbPoint
 10
1797.5
 20
0.0
 30
0.0
  0
POINT
  5
8B8
330
8AB
100
AcDbEntity
  8
Defpoints
100
AcDbPoint
 10
1832.5
 20
0.0
 30
0.0
  0
POINT
  5
8B9
330
8AB
100
AcDbEntity
  8
Defpoints
100
AcDbPoint
 10
1832.5
 20
1190.0
 30
0.0
  0
ENDBLK
  5
8AD
330
8AB
100
AcDbEntity
  8
0
100
AcDbBlockEnd
  0
ENDSEC
  0
SECTION
  2
ENTITIES
  0
LWPOLYLINE
  5
34
330
17
100
AcDbEntity
  8
TOP
100
AcDbPolyline
 90
2
 70
0
 10
50.0
 20
490.0
 10
50.0
 20
555.1
  0
LWPOLYLINE
  5
35
330
17
100
AcDbEntity
  8
TOP
100
AcDbPolyline
 90
2
 70
0
 10
50.0
 20
490.0
 10
50.0
 20
555.1
  0
LWPOLYLINE
  5
36
330
17
100
AcDbEntity
  8
TOP
100
AcDbPolyline
 90
2
 70
0
 10
50.0
 20
490.0
 10
325.0
 20
490.0
  0
LWPOLYLINE
  5
37
330
17
100
AcDbEntity
  8
TOP
100
AcDbPolyline
 90
2
 70
0
 10
50.0
 20
490.0
 10
325.0
 20
490.0
  0
LWPOLYLINE
  5
38
330
17
100
AcDbEntity
  8
TOP
100
AcDbPolyline
 90
2
 70
0
 10
50.0
 20
555.1
 10
325.0
 20
555.1
  0
LWPOLYLINE
  5
39
330
17
100
AcDbEntity
  8
TOP
100
AcDbPolyline
 90
2
 70
0
 10
325.0
 20
490.0
 10
325.0
 20
555.1
  0
LWPOLYLINE
  5
3A
330
17
100
AcDbEntity
  8
TOP
100
AcDbPolyline
 90
2
 70
0
 10
50.0
 20
555.1
 10
325.0
 20
555.1
  0
LWPOLYLINE
  5
3B
330
17
100
AcDbEntity
  8
TOP
100
AcDbPolyline
 90
2
 70
0
 10
54.04500000000007
 20
555.1
 10
320.95500000000004
 20
555.1
  0
LWPOLYLINE
  5
3C
330
17
100
AcDbEntity
  8
TOP
100
AcDbPolyline
 90
2
 70
0
 10
54.04500000000007
 20
555.1
 10
320.95500000000004
 20
555.1
  0
LWPOLYLINE
  5
3D
330
17
100
AcDbEntity
  8
TOP
100
AcDbPolyline
 90
2
 70
0
 10
325.0
 20
490.0
 10
325.0
 20
555.1
  0
LWPOLYLINE
  5
3E
330
17
100
AcDbEntity
  8
TOP
100
AcDbPolyline
 90
2
 70
0
 10
54.04499999999996
 20
492.5
 10
54.04499999999996
 20
555.1
  0
LWPOLYLINE
  5
3F
330
17
100
AcDbEntity
  8
TOP
100
AcDbPolyline
 90
2
 70
0
 10
320.95500000000004
 20
492.5
 10
320.95500000000004
 20
555.1
  0
LWPOLYLINE
  5
40
330
17
100
AcDbEntity
  8
TOP
100
AcDbPolyline
 90
2
 70
0
 10
54.04499999999996
 20
492.5
 10
320.9549999999999
 20
492.5
  0
LWPOLYLINE
  5
41
330
17
100
AcDbEntity
  8
TOP
100
AcDbPolyline
 90
2
 70
0
 10
320.95500000000004
 20
492.5
 10
320.95500000000004
 20
555.1
  0
LWPOLYLINE
  5
42
330
17
100
AcDbEntity
  8
TOP
100
AcDbPolyline
 90
2
 70
0
 10
54.04499999999996
 20
492.5
 10
54.04499999999996
 20
555.1
  0
LWPOLYLINE
  5
43
330
17
100
AcDbEntity
  8
TOP
100
AcDbPolyline
 90
2
 70
0
 10
54.04499999999996
 20
492.5
 10
320.9549999999999
 20
492.5
  0
LWPOLYLINE
  5
44
330
17
100
AcDbEntity
  8
TOP
100
AcDbPolyline
 90
2
 70
0
 10
50.0
 20
555.1
 10
50.0
 20
556.6
  0
LWPOLYLINE
  5
45
330
17
100
AcDbEntity
  8
TOP
100
AcDbPolyline
 90
2
 70
0
 10
50.0
 20
555.1
 10
50.0
 20
556.6
  0
LWPOLYLINE
  5
46
330
17
100
AcDbEntity
  8
TOP
100
AcDbPolyline
 90
2
 70
0
 10
325.0
 20
555.1
 10
325.0
 20
556.6
  0
LWPOLYLINE
  5
47
330
17
100
AcDbEntity
  8
TOP
100
AcDbPolyline
 90
2
 70
0
 10
325.0
 20
555.1
 10
325.0
 20
556.6
  0
LWPOLYLINE
  5
48
330
17
100
AcDbEntity
  8
TOP
100
AcDbPolyline
 90
2
 70
0
 10
50.0
 20
555.1
 10
325.0
 20
555.1
  0
LWPOLYLINE
  5
49
330
17
100
AcDbEntity
  8
TOP
100
AcDbPolyline
 90
2
 70
0
 10
50.0
 20
555.1
 10
325.0
 20
555.1
  0
LWPOLYLINE
  5
4A
330
17
100
AcDbEntity
  8
TOP
100
AcDbPolyline
 90
2
 70
0
 10
50.0
 20
556.6
 10
325.0
 20
556.6
  0
LWPOLYLINE
  5
4B
330
17
100
AcDbEntity
  8
TOP
100
AcDbPolyline
 90
2
 70
0
 10
50.0
 20
556.6
 10
325.0
 20
556.6
  0
LWPOLYLINE
  5
4C
330
17
100
AcDbEntity
  8
TOP
100
AcDbPolyline
 90
2
 70
0
 10
87.5
 20
492.5
 10
87.5
 20
492.627
  0
LWPOLYLINE
  5
4D
330
17
100
AcDbEntity
  8
TOP
100
AcDbPolyline
 90
2
 70
0
 10
87.5
 20
492.5
 10
87.5
 20
492.627
  0
LWPOLYLINE
  5
4E
330
17
100
AcDbEntity
  8
TOP
100
AcDbPolyline
 90
2
 70
0
 10
287.5
 20
492.5
 10
287.5
 20
492.627
  0
LWPOLYLINE
  5
4F
330
17
100
AcDbEntity
  8
TOP
100
AcDbPolyline
 90
2
 70
0
 10
287.5
 20
492.5
 10
287.5
 20
492.627
  0
LWPOLYLINE
  5
50
330
17
100
AcDbEntity
  8
TOP
100
AcDbPolyline
 90
2
 70
0
 10
87.5
 20
492.5
 10
287.5
 20
492.5
  0
LWPOLYLINE
  5
51
330
17
100
AcDbEntity
  8
TOP
100
AcDbPolyline
 90
2
 70
0
 10
87.5
 20
492.5
 10
287.5
 20
492.5
  0
LWPOLYLINE
  5
52
330
17
100
AcDbEntity
  8
TOP
100
AcDbPolyline
 90
2
 70
0
 10
87.5
 20
492.627
 10
287.5
 20
492.627
  0
LWPOLYLINE
  5
53
330
17
100
AcDbEntity
  8
TOP
100
AcDbPolyline
 90
2
 70
0
 10
87.5
 20
492.627
 10
287.5
 20
492.627
  0
LWPOLYLINE
  5
54
330
17
100
AcDbEntity
  8
TOP
100
AcDbPolyline
 90
2
 70
0
 10
87.5
 20
489.873
 10
87.5
 20
490.0
  0
LWPOLYLINE
  5
55
330
17
100
AcDbEntity
  8
TOP
100
AcDbPolyline
 90
2
 70
0
 10
87.5
 20
489.873
 10
87.5
 20
490.0
  0
LWPOLYLINE
  5
56
330
17
100
AcDbEntity
  8
TOP
100
AcDbPolyline
 90
2
 70
0
 10
287.5
 20
489.873
 10
287.5
 20
490.0
  0
LWPOLYLINE
  5
57
330
17
100
AcDbEntity
  8
TOP
100
AcDbPolyline
 90
2
 70
0
 10
287.5
 20
489.873
 10
287.5
 20
490.0
  0
LWPOLYLINE
  5
58
330
17
100
AcDbEntity
  8
TOP
100
AcDbPolyline
 90
2
 70
0
 10
87.5
 20
489.873
 10
287.5
 20
489.873
  0
LWPOLYLINE
  5
59
330
17
100
AcDbEntity
  8
TOP
100
AcDbPolyline
 90
2
 70
0
 10
87.5
 20
489.873
 10
287.5
 20
489.873
  0
LWPOLYLINE
  5
5A
330
17
100
AcDbEntity
  8
TOP
100
AcDbPolyline
 90
2
 70
0
 10
87.5
 20
490.0
 10
287.5
 20
490.0
  0
LWPOLYLINE
  5
5B
330
17
100
AcDbEntity
  8
TOP
100
AcDbPolyline
 90
2
 70
0
 10
87.5
 20
490.0
 10
287.5
 20
490.0
  0
LWPOLYLINE
  5
5C
330
17
100
AcDbEntity
  8
TOP
100
AcDbPolyline
 90
2
 70
0
 10
87.5
 20
492.627
 10
87.5
 20
498.627
  0
LWPOLYLINE
  5
5D
330
17
100
AcDbEntity
  8
TOP
100
AcDbPolyline
 90
2
 70
0
 10
87.5
 20
492.627
 10
87.5
 20
498.627
  0
LWPOLYLINE
  5
5E
330
17
100
AcDbEntity
  8
TOP
100
AcDbPolyline
 90
2
 70
0
 10
287.5
 20
492.627
 10
287.5
 20
498.627
  0
LWPOLYLINE
  5
5F
330
17
100
AcDbEntity
  8
TOP
100
AcDbPolyline
 90
2
 70
0
 10
287.5
 20
492.627
 10
287.5
 20
498.627
  0
LWPOLYLINE
  5
60
330
17
100
AcDbEntity
  8
TOP
100
AcDbPolyline
 90
2
 70
0
 10
87.5
 20
492.627
 10
287.5
 20
492.627
  0
LWPOLYLINE
  5
61
330
17
100
AcDbEntity
  8
TOP
100
AcDbPolyline
 90
2
 70
0
 10
87.5
 20
492.627
 10
287.5
 20
492.627
  0
LWPOLYLINE
  5
62
330
17
100
AcDbEntity
  8
TOP
100
AcDbPolyline
 90
2
 70
0
 10
87.5
 20
498.627
 10
287.5
 20
498.627
  0
LWPOLYLINE
  5
63
330
17
100
AcDbEntity
  8
TOP
100
AcDbPolyline
 90
2
 70
0
 10
87.5
 20
498.627
 10
287.5
 20
498.627
  0
LWPOLYLINE
  5
64
330
17
100
AcDbEntity
  8
TOP
100
AcDbPolyline
 90
2
 70
0
 10
50.59400000000005
 20
474.125
 10
50.59400000000005
 20
489.873
  0
LWPOLYLINE
  5
65
330
17
100
AcDbEntity
  8
TOP
100
AcDbPolyline
 90
2
 70
0
 10
50.59400000000005
 20
474.125
 10
50.59400000000005
 20
489.873
  0
LWPOLYLINE
  5
66
330
17
100
AcDbEntity
  8
TOP
100
AcDbPolyline
 90
2
 70
0
 10
324.40599999999995
 20
474.125
 10
324.40599999999995
 20
489.873
  0
LWPOLYLINE
  5
67
330
17
100
AcDbEntity
  8
TOP
100
AcDbPolyline
 90
2
 70
0
 10
324.40599999999995
 20
474.125
 10
324.40599999999995
 20
489.873
  0
LWPOLYLINE
  5
68
330
17
100
AcDbEntity
  8
TOP
100
AcDbPolyline
 90
2
 70
0
 10
50.59400000000005
 20
474.125
 10
324.40600000000006
 20
474.125
  0
LWPOLYLINE
  5
69
330
17
100
AcDbEntity
  8
TOP
100
AcDbPolyline
 90
2
 70
0
 10
50.59400000000005
 20
474.125
 10
324.40600000000006
 20
474.125
  0
LWPOLYLINE
  5
6A
330
17
100
AcDbEntity
  8
TOP
100
AcDbPolyline
 90
2
 70
0
 10
50.59400000000005
 20
489.873
 10
324.40600000000006
 20
489.873
  0
LWPOLYLINE
  5
6B
330
17
100
AcDbEntity
  8
TOP
100
AcDbPolyline
 90
2
 70
0
 10
50.59400000000005
 20
489.873
 10
324.40600000000006
 20
489.873
  0
LWPOLYLINE
  5
6C
330
17
100
AcDbEntity
  8
TOP
100
AcDbPolyline
 90
2
 70
0
 10
50.59400000000005
 20
394.115
 10
50.59400000000005
 20
474.125
  0
LWPOLYLINE
  5
6D
330
17
100
AcDbEntity
  8
TOP
100
AcDbPolyline
 90
2
 70
0
 10
50.59400000000005
 20
394.115
 10
50.59400000000005
 20
474.125
  0
LWPOLYLINE
  5
6E
330
17
100
AcDbEntity
  8
TOP
100
AcDbPolyline
 90
2
 70
0
 10
324.40599999999995
 20
394.115
 10
324.40599999999995
 20
474.125
  0
LWPOLYLINE
  5
6F
330
17
100
AcDbEntity
  8
TOP
100
AcDbPolyline
 90
2
 70
0
 10
324.40599999999995
 20
394.115
 10
324.40599999999995
 20
474.125
  0
LWPOLYLINE
  5
70
330
17
100
AcDbEntity
  8
TOP
100
AcDbPolyline
 90
2
 70
0
 10
50.59400000000005
 20
394.115
 10
324.40600000000006
 20
394.115
  0
LWPOLYLINE
  5
71
330
17
100
AcDbEntity
  8
TOP
100
AcDbPolyline
 90
2
 70
0
 10
50.59400000000005
 20
394.115
 10
324.40600000000006
 20
394.115
  0
LWPOLYLINE
  5
72
330
17
100
AcDbEntity
  8
TOP
100
AcDbPolyline
 90
2
 70
0
 10
50.59400000000005
 20
474.125
 10
324.40600000000006
 20
474.125
  0
LWPOLYLINE
  5
73
330
17
100
AcDbEntity
  8
TOP
100
AcDbPolyline
 90
2
 70
0
 10
50.59400000000005
 20
474.125
 10
324.40600000000006
 20
474.125
  0
LWPOLYLINE
  5
74
330
17
100
AcDbEntity
  8
TOP
100
AcDbPolyline
 90
16
 70
0
 10
98.5
 20
508.627
 10
99.7202099292274
 20
508.627
 10
100.72943447643217
 20
508.627
 10
101.35316954888549
 20
508.627
 10
101.48356568610484
 20
508.627
 10
101.09807621135337
 20
508.627
 10
100.26335575687744
 20
508.627
 10
99.12373507245331
 20
508.627
 10
97.87626492754669
 20
508.627
 10
96.73664424312256
 20
508.627
 10
95.90192378864674
 20
508.627
 10
95.51643431389516
 20
508.627
 10
95.64683045111451
 20
508.627
 10
96.27056552356783
 20
508.627
 10
97.2797900707726
 20
508.627
 10
98.5
 20
508.627
  0
LWPOLYLINE
  5
75
330
17
100
AcDbEntity
  8
TOP
100
AcDbPolyline
 90
2
 70
0
 10
98.5
 20
498.627
 10
98.5
 20
508.627
  0
LWPOLYLINE
  5
76
330
17
100
AcDbEntity
  8
TOP
100
AcDbPolyline
 90
16
 70
0
 10
98.5
 20
498.627
 10
99.7202099292274
 20
498.627
 10
100.72943447643217
 20
498.627
 10
101.35316954888549
 20
498.627
 10
101.48356568610484
 20
498.627
 10
101.09807621135337
 20
498.627
 10
100.26335575687744
 20
498.627
 10
99.12373507245331
 20
498.627
 10
97.87626492754669
 20
498.627
 10
96.73664424312256
 20
498.627
 10
95.90192378864674
 20
498.627
 10
95.51643431389516
 20
498.627
 10
95.64683045111451
 20
498.627
 10
96.27056552356783
 20
498.627
 10
97.2797900707726
 20
498.627
 10
98.5
 20
498.627
  0
LWPOLYLINE
  5
77
330
17
100
AcDbEntity
  8
TOP
100
AcDbPolyline
 90
16
 70
0
 10
98.5
 20
508.627
 10
99.04909446815236
 20
508.627
 10
99.50324551439451
 20
508.627
 10
99.7839262969984
 20
508.627
 10
99.84260455874721
 20
508.627
 10
99.66913429510896
 20
508.627
 10
99.29351009059485
 20
508.627
 10
98.78068078260401
 20
508.627
 10
98.21931921739599
 20
508.627
 10
97.70648990940515
 20
508.627
 10
97.33086570489104
 20
508.627
 10
97.15739544125279
 20
508.627
 10
97.2160737030016
 20
508.627
 10
97.49675448560549
 20
508.627
 10
97.95090553184764
 20
508.627
 10
98.5
 20
508.627
  0
LWPOLYLINE
  5
78
330
17
100
AcDbEntity
  8
TOP
100
AcDbPolyline
 90
16
 70
0
 10
98.5
 20
498.627
 10
99.04909446815236
 20
498.627
 10
99.50324551439451
 20
498.627
 10
99.7839262969984
 20
498.627
 10
99.84260455874721
 20
498.627
 10
99.66913429510896
 20
498.627
 10
99.29351009059485
 20
498.627
 10
98.78068078260401
 20
498.627
 10
98.21931921739599
 20
498.627
 10
97.70648990940515
 20
498.627
 10
97.33086570489104
 20
498.627
 10
97.15739544125279
 20
498.627
 10
97.2160737030016
 20
498.627
 10
97.49675448560549
 20
498.627
 10
97.95090553184764
 20
498.627
 10
98.5
 20
498.627
  0
LWPOLYLINE
  5
79
330
17
100
AcDbEntity
  8
TOP
100
AcDbPolyline
 90
2
 70
0
 10
98.5
 20
498.627
 10
98.5
 20
508.627
  0
LWPOLYLINE
  5
7A
330
17
100
AcDbEntity
  8
TOP
100
AcDbPolyline
 90
16
 70
0
 10
156.5
 20
508.627
 10
157.7202099292274
 20
508.627
 10
158.72943447643217
 20
508.627
 10
159.3531695488855
 20
508.627
 10
159.48356568610484
 20
508.627
 10
159.09807621135337
 20
508.627
 10
158.26335575687744
 20
508.627
 10
157.12373507245331
 20
508.627
 10
155.87626492754669
 20
508.627
 10
154.73664424312256
 20
508.627
 10
153.90192378864674
 20
508.627
 10
153.51643431389516
 20
508.627
 10
153.6468304511145
 20
508.627
 10
154.27056552356783
 20
508.627
 10
155.2797900707726
 20
508.627
 10
156.5
 20
508.627
  0
LWPOLYLINE
  5
7B
330
17
100
AcDbEntity
  8
TOP
100
AcDbPolyline
 90
2
 70
0
 10
156.5
 20
498.627
 10
156.5
 20
508.627
  0
LWPOLYLINE
  5
7C
330
17
100
AcDbEntity
  8
TOP
100
AcDbPolyline
 90
16
 70
0
 10
156.5
 20
498.627
 10
157.7202099292274
 20
498.627
 10
158.72943447643217
 20
498.627
 10
159.3531695488855
 20
498.627
 10
159.48356568610484
 20
498.627
 10
159.09807621135337
 20
498.627
 10
158.26335575687744
 20
498.627
 10
157.12373507245331
 20
498.627
 10
155.87626492754669
 20
498.627
 10
154.73664424312256
 20
498.627
 10
153.90192378864674
 20
498.627
 10
153.51643431389516
 20
498.627
 10
153.6468304511145
 20
498.627
 10
154.27056552356783
 20
498.627
 10
155.2797900707726
 20
498.627
 10
156.5
 20
498.627
  0
LWPOLYLINE
  5
7D
330
17
100
AcDbEntity
  8
TOP
100
AcDbPolyline
 90
16
 70
0
 10
156.5
 20
508.627
 10
157.04909446815236
 20
508.627
 10
157.5032455143945
 20
508.627
 10
157.7839262969984
 20
508.627
 10
157.8426045587472
 20
508.627
 10
157.66913429510896
 20
508.627
 10
157.29351009059485
 20
508.627
 10
156.780680782604
 20
508.627
 10
156.219319217396
 20
508.627
 10
155.70648990940515
 20
508.627
 10
155.33086570489104
 20
508.627
 10
155.1573954412528
 20
508.627
 10
155.2160737030016
 20
508.627
 10
155.4967544856055
 20
508.627
 10
155.95090553184764
 20
508.627
 10
156.5
 20
508.627
  0
LWPOLYLINE
  5
7E
330
17
100
AcDbEntity
  8
TOP
100
AcDbPolyline
 90
16
 70
0
 10
156.5
 20
498.627
 10
157.04909446815236
 20
498.627
 10
157.5032455143945
 20
498.627
 10
157.7839262969984
 20
498.627
 10
157.8426045587472
 20
498.627
 10
157.66913429510896
 20
498.627
 10
157.29351009059485
 20
498.627
 10
156.780680782604
 20
498.627
 10
156.219319217396
 20
498.627
 10
155.70648990940515
 20
498.627
 10
155.33086570489104
 20
498.627
 10
155.1573954412528
 20
498.627
 10
155.2160737030016
 20
498.627
 10
155.4967544856055
 20
498.627
 10
155.95090553184764
 20
498.627
 10
156.5
 20
498.627
  0
LWPOLYLINE
  5
7F
330
17
100
AcDbEntity
  8
TOP
100
AcDbPolyline
 90
2
 70
0
 10
156.5
 20
498.627
 10
156.5
 20
508.627
  0
LWPOLYLINE
  5
80
330
17
100
AcDbEntity
  8
TOP
100
AcDbPolyline
 90
16
 70
0
 10
98.5
 20
508.627
 10
99.7202099292274
 20
508.627
 10
100.72943447643217
 20
508.627
 10
101.35316954888549
 20
508.627
 10
101.48356568610484
 20
508.627
 10
101.09807621135337
 20
508.627
 10
100.26335575687744
 20
508.627
 10
99.12373507245331
 20
508.627
 10
97.87626492754669
 20
508.627
 10
96.73664424312256
 20
508.627
 10
95.90192378864674
 20
508.627
 10
95.51643431389516
 20
508.627
 10
95.64683045111451
 20
508.627
 10
96.27056552356783
 20
508.627
 10
97.2797900707726
 20
508.627
 10
98.5
 20
508.627
  0
LWPOLYLINE
  5
81
330
17
100
AcDbEntity
  8
TOP
100
AcDbPolyline
 90
2
 70
0
 10
98.5
 20
498.627
 10
98.5
 20
508.627
  0
LWPOLYLINE
  5
82
330
17
100
AcDbEntity
  8
TOP
100
AcDbPolyline
 90
16
 70
0
 10
98.5
 20
498.627
 10
99.7202099292274
 20
498.627
 10
100.72943447643217
 20
498.627
 10
101.35316954888549
 20
498.627
 10
101.48356568610484
 20
498.627
 10
101.09807621135337
 20
498.627
 10
100.26335575687744
 20
498.627
 10
99.12373507245331
 20
498.627
 10
97.87626492754669
 20
498.627
 10
96.73664424312256
 20
498.627
 10
95.90192378864674
 20
498.627
 10
95.51643431389516
 20
498.627
 10
95.64683045111451
 20
498.627
 10
96.27056552356783
 20
498.627
 10
97.2797900707726
 20
498.627
 10
98.5
 20
498.627
  0
LWPOLYLINE
  5
83
330
17
100
AcDbEntity
  8
TOP
100
AcDbPolyline
 90
16
 70
0
 10
98.5
 20
508.627
 10
99.04909446815236
 20
508.627
 10
99.50324551439451
 20
508.627
 10
99.7839262969984
 20
508.627
 10
99.84260455874721
 20
508.627
 10
99.66913429510896
 20
508.627
 10
99.29351009059485
 20
508.627
 10
98.78068078260401
 20
508.627
 10
98.21931921739599
 20
508.627
 10
97.70648990940515
 20
508.627
 10
97.33086570489104
 20
508.627
 10
97.15739544125279
 20
508.627
 10
97.2160737030016
 20
508.627
 10
97.49675448560549
 20
508.627
 10
97.95090553184764
 20
508.627
 10
98.5
 20
508.627
  0
LWPOLYLINE
  5
84
330
17
100
AcDbEntity
  8
TOP
100
AcDbPolyline
 90
16
 70
0
 10
98.5
 20
498.627
 10
99.04909446815236
 20
498.627
 10
99.50324551439451
 20
498.627
 10
99.7839262969984
 20
498.627
 10
99.84260455874721
 20
498.627
 10
99.66913429510896
 20
498.627
 10
99.29351009059485
 20
498.627
 10
98.78068078260401
 20
498.627
 10
98.21931921739599
 20
498.627
 10
97.70648990940515
 20
498.627
 10
97.33086570489104
 20
498.627
 10
97.15739544125279
 20
498.627
 10
97.2160737030016
 20
498.627
 10
97.49675448560549
 20
498.627
 10
97.95090553184764
 20
498.627
 10
98.5
 20
498.627
  0
LWPOLYLINE
  5
85
330
17
100
AcDbEntity
  8
TOP
100
AcDbPolyline
 90
2
 70
0
 10
98.5
 20
498.627
 10
98.5
 20
508.627
  0
LWPOLYLINE
  5
86
330
17
100
AcDbEntity
  8
TOP
100
AcDbPolyline
 90
16
 70
0
 10
156.5
 20
508.627
 10
157.7202099292274
 20
508.627
 10
158.72943447643217
 20
508.627
 10
159.3531695488855
 20
508.627
 10
159.48356568610484
 20
508.627
 10
159.09807621135337
 20
508.627
 10
158.26335575687744
 20
508.627
 10
157.12373507245331
 20
508.627
 10
155.87626492754669
 20
508.627
 10
154.73664424312256
 20
508.627
 10
153.90192378864674
 20
508.627
 10
153.51643431389516
 20
508.627
 10
153.6468304511145
 20
508.627
 10
154.27056552356783
 20
508.627
 10
155.2797900707726
 20
508.627
 10
156.5
 20
508.627
  0
LWPOLYLINE
  5
87
330
17
100
AcDbEntity
  8
TOP
100
AcDbPolyline
 90
2
 70
0
 10
156.5
 20
498.627
 10
156.5
 20
508.627
  0
LWPOLYLINE
  5
88
330
17
100
AcDbEntity
  8
TOP
100
AcDbPolyline
 90
16
 70
0
 10
156.5
 20
498.627
 10
157.7202099292274
 20
498.627
 10
158.72943447643217
 20
498.627
 10
159.3531695488855
 20
498.627
 10
159.48356568610484
 20
498.627
 10
159.09807621135337
 20
498.627
 10
158.26335575687744
 20
498.627
 10
157.12373507245331
 20
498.627
 10
155.87626492754669
 20
498.627
 10
154.73664424312256
 20
498.627
 10
153.90192378864674
 20
498.627
 10
153.51643431389516
 20
498.627
 10
153.6468304511145
 20
498.627
 10
154.27056552356783
 20
498.627
 10
155.2797900707726
 20
498.627
 10
156.5
 20
498.627
  0
LWPOLYLINE
  5
89
330
17
100
AcDbEntity
  8
TOP
100
AcDbPolyline
 90
16
 70
0
 10
156.5
 20
508.627
 10
157.04909446815236
 20
508.627
 10
157.5032455143945
 20
508.627
 10
157.7839262969984
 20
508.627
 10
157.8426045587472
 20
508.627
 10
157.66913429510896
 20
508.627
 10
157.29351009059485
 20
508.627
 10
156.780680782604
 20
508.627
 10
156.219319217396
 20
508.627
 10
155.70648990940515
 20
508.627
 10
155.33086570489104
 20
508.627
 10
155.1573954412528
 20
508.627
 10
155.2160737030016
 20
508.627
 10
155.4967544856055
 20
508.627
 10
155.95090553184764
 20
508.627
 10
156.5
 20
508.627
  0
LWPOLYLINE
  5
8A
330
17
100
AcDbEntity
  8
TOP
100
AcDbPolyline
 90
16
 70
0
 10
156.5
 20
498.627
 10
157.04909446815236
 20
498.627
 10
157.5032455143945
 20
498.627
 10
157.7839262969984
 20
498.627
 10
157.8426045587472
 20
498.627
 10
157.66913429510896
 20
498.627
 10
157.29351009059485
 20
498.627
 10
156.780680782604
 20
498.627
 10
156.219319217396
 20
498.627
 10
155.70648990940515
 20
498.627
 10
155.33086570489104
 20
498.627
 10
155.1573954412528
 20
498.627
 10
155.2160737030016
 20
498.627
 10
155.4967544856055
 20
498.627
 10
155.95090553184764
 20
498.627
 10
156.5
 20
498.627
  0
LWPOLYLINE
  5
8B
330
17
100
AcDbEntity
  8
TOP
100
AcDbPolyline
 90
2
 70
0
 10
156.5
 20
498.627
 10
156.5
 20
508.627
  0
LWPOLYLINE
  5
8C
330
17
100
AcDbEntity
  8
TOP
100
AcDbPolyline
 90
2
 70
0
 10
95.0
 20
508.627
 10
95.0
 20
510.227
  0
LWPOLYLINE
  5
8D
330
17
100
AcDbEntity
  8
TOP
100
AcDbPolyline
 90
2
 70
0
 10
95.0
 20
508.627
 10
95.0
 20
510.227
  0
LWPOLYLINE
  5
8E
330
17
100
AcDbEntity
  8
TOP
100
AcDbPolyline
 90
2
 70
0
 10
98.0
 20
508.627
 10
177.0
 20
508.627
  0
LWPOLYLINE
  5
8F
330
17
100
AcDbEntity
  8
TOP
100
AcDbPolyline
 90
16
 70
0
 10
95.0
 20
508.627
 10
95.01643431389516
 20
508.627
 10
95.06555719779863
 20
508.627
 10
95.14683045111451
 20
508.627
 10
95.25936362707216
 20
508.627
 10
95.40192378864663
 20
508.627
 10
95.57294901687521
 20
508.627
 10
95.77056552356783
 20
508.627
 10
95.99260818092341
 20
508.627
 10
96.23664424312256
 20
508.627
 10
96.5
 20
508.627
 10
96.7797900707726
 20
508.627
 10
97.07294901687521
 20
508.627
 10
97.37626492754669
 20
508.627
 10
97.68641461019706
 20
508.627
 10
98.0
 20
508.627
  0
LWPOLYLINE
  5
90
330
17
100
AcDbEntity
  8
TOP
100
AcDbPolyline
 90
16
 70
0
 10
180.0
 20
508.627
 10
179.98356568610484
 20
508.627
 10
179.93444280220137
 20
508.627
 10
179.8531695488855
 20
508.627
 10
179.74063637292784
 20
508.627
 10
179.59807621135337
 20
508.627
 10
179.4270509831248
 20
508.627
 10
179.22943447643217
 20
508.627
 10
179.0073918190766
 20
508.627
 10
178.76335575687744
 20
508.627
 10
178.5
 20
508.627
 10
178.2202099292274
 20
508.627
 10
177.9270509831248
 20
508.627
 10
177.62373507245331
 20
508.627
 10
177.31358538980294
 20
508.627
 10
177.0
 20
508.627
  0
LWPOLYLINE
  5
91
330
17
100
AcDbEntity
  8
TOP
100
AcDbPolyline
 90
16
 70
0
 10
95.0
 20
508.627
 10
95.01643431389516
 20
508.627
 10
95.06555719779863
 20
508.627
 10
95.14683045111451
 20
508.627
 10
95.25936362707216
 20
508.627
 10
95.40192378864663
 20
508.627
 10
95.57294901687521
 20
508.627
 10
95.77056552356783
 20
508.627
 10
95.99260818092341
 20
508.627
 10
96.23664424312256
 20
508.627
 10
96.5
 20
508.627
 10
96.7797900707726
 20
508.627
 10
97.07294901687521
 20
508.627
 10
97.37626492754669
 20
508.627
 10
97.68641461019706
 20
508.627
 10
98.0
 20
508.627
  0
LWPOLYLINE
  5
92
330
17
100
AcDbEntity
  8
TOP
100
AcDbPolyline
 90
16
 70
0
 10
180.0
 20
508.627
 10
179.98356568610484
 20
508.627
 10
179.93444280220137
 20
508.627
 10
179.8531695488855
 20
508.627
 10
179.74063637292784
 20
508.627
 10
179.59807621135337
 20
508.627
 10
179.4270509831248
 20
508.627
 10
179.22943447643217
 20
508.627
 10
179.0073918190766
 20
508.627
 10
178.76335575687744
 20
508.627
 10
178.5
 20
508.627
 10
178.2202099292274
 20
508.627
 10
177.9270509831248
 20
508.627
 10
177.62373507245331
 20
508.627
 10
177.31358538980294
 20
508.627
 10
177.0
 20
508.627
  0
LWPOLYLINE
  5
93
330
17
100
AcDbEntity
  8
TOP
100
AcDbPolyline
 90
2
 70
0
 10
98.0
 20
508.627
 10
177.0
 20
508.627
  0
LWPOLYLINE
  5
94
330
17
100
AcDbEntity
  8
TOP
100
AcDbPolyline
 90
16
 70
0
 10
98.5
 20
508.627
 10
99.04909446815236
 20
508.627
 10
99.50324551439451
 20
508.627
 10
99.7839262969984
 20
508.627
 10
99.84260455874721
 20
508.627
 10
99.66913429510896
 20
508.627
 10
99.29351009059485
 20
508.627
 10
98.78068078260401
 20
508.627
 10
98.21931921739599
 20
508.627
 10
97.70648990940515
 20
508.627
 10
97.33086570489104
 20
508.627
 10
97.15739544125279
 20
508.627
 10
97.2160737030016
 20
508.627
 10
97.49675448560549
 20
508.627
 10
97.95090553184764
 20
508.627
 10
98.5
 20
508.627
  0
LWPOLYLINE
  5
95
330
17
100
AcDbEntity
  8
TOP
100
AcDbPolyline
 90
16
 70
0
 10
98.5
 20
508.627
 10
99.04909446815236
 20
508.627
 10
99.50324551439451
 20
508.627
 10
99.7839262969984
 20
508.627
 10
99.84260455874721
 20
508.627
 10
99.66913429510896
 20
508.627
 10
99.29351009059485
 20
508.627
 10
98.78068078260401
 20
508.627
 10
98.21931921739599
 20
508.627
 10
97.70648990940515
 20
508.627
 10
97.33086570489104
 20
508.627
 10
97.15739544125279
 20
508.627
 10
97.2160737030016
 20
508.627
 10
97.49675448560549
 20
508.627
 10
97.95090553184764
 20
508.627
 10
98.5
 20
508.627
  0
LWPOLYLINE
  5
96
330
17
100
AcDbEntity
  8
TOP
100
AcDbPolyline
 90
16
 70
0
 10
156.5
 20
508.627
 10
157.04909446815236
 20
508.627
 10
157.5032455143945
 20
508.627
 10
157.7839262969984
 20
508.627
 10
157.8426045587472
 20
508.627
 10
157.66913429510896
 20
508.627
 10
157.29351009059485
 20
508.627
 10
156.780680782604
 20
508.627
 10
156.219319217396
 20
508.627
 10
155.70648990940515
 20
508.627
 10
155.33086570489104
 20
508.627
 10
155.1573954412528
 20
508.627
 10
155.2160737030016
 20
508.627
 10
155.4967544856055
 20
508.627
 10
155.95090553184764
 20
508.627
 10
156.5
 20
508.627
  0
LWPOLYLINE
  5
97
330
17
100
AcDbEntity
  8
TOP
100
AcDbPolyline
 90
16
 70
0
 10
156.5
 20
508.627
 10
157.04909446815236
 20
508.627
 10
157.5032455143945
 20
508.627
 10
157.7839262969984
 20
508.627
 10
157.8426045587472
 20
508.627
 10
157.66913429510896
 20
508.627
 10
157.29351009059485
 20
508.627
 10
156.780680782604
 20
508.627
 10
156.219319217396
 20
508.627
 10
155.70648990940515
 20
508.627
 10
155.33086570489104
 20
508.627
 10
155.1573954412528
 20
508.627
 10
155.2160737030016
 20
508.627
 10
155.4967544856055
 20
508.627
 10
155.95090553184764
 20
508.627
 10
156.5
 20
508.627
  0
LWPOLYLINE
  5
98
330
17
100
AcDbEntity
  8
TOP
100
AcDbPolyline
 90
2
 70
0
 10
98.0
 20
508.627
 10
98.0
 20
510.227
  0
LWPOLYLINE
  5
99
330
17
100
AcDbEntity
  8
TOP
100
AcDbPolyline
 90
16
 70
0
 10
95.0
 20
510.227
 10
95.01643431389516
 20
510.227
 10
95.06555719779863
 20
510.227
 10
95.14683045111451
 20
510.227
 10
95.25936362707216
 20
510.227
 10
95.40192378864663
 20
510.227
 10
95.57294901687521
 20
510.227
 10
95.77056552356783
 20
510.227
 10
95.99260818092341
 20
510.227
 10
96.23664424312256
 20
510.227
 10
96.5
 20
510.227
 10
96.7797900707726
 20
510.227
 10
97.07294901687521
 20
510.227
 10
97.37626492754669
 20
510.227
 10
97.68641461019706
 20
510.227
 10
98.0
 20
510.227
  0
LWPOLYLINE
  5
9A
330
17
100
AcDbEntity
  8
TOP
100
AcDbPolyline
 90
2
 70
0
 10
98.0
 20
508.627
 10
98.0
 20
510.227
  0
LWPOLYLINE
  5
9B
330
17
100
AcDbEntity
  8
TOP
100
AcDbPolyline
 90
16
 70
0
 10
95.0
 20
510.227
 10
95.01643431389516
 20
510.227
 10
95.06555719779863
 20
510.227
 10
95.14683045111451
 20
510.227
 10
95.25936362707216
 20
510.227
 10
95.40192378864663
 20
510.227
 10
95.57294901687521
 20
510.227
 10
95.77056552356783
 20
510.227
 10
95.99260818092341
 20
510.227
 10
96.23664424312256
 20
510.227
 10
96.5
 20
510.227
 10
96.7797900707726
 20
510.227
 10
97.07294901687521
 20
510.227
 10
97.37626492754669
 20
510.227
 10
97.68641461019706
 20
510.227
 10
98.0
 20
510.227
  0
LWPOLYLINE
  5
9C
330
17
100
AcDbEntity
  8
TOP
100
AcDbPolyline
 90
2
 70
0
 10
98.0
 20
510.227
 10
177.0
 20
510.227
  0
LWPOLYLINE
  5
9D
330
17
100
AcDbEntity
  8
TOP
100
AcDbPolyline
 90
16
 70
0
 10
180.0
 20
510.227
 10
179.98356568610484
 20
510.227
 10
179.93444280220137
 20
510.227
 10
179.8531695488855
 20
510.227
 10
179.74063637292784
 20
510.227
 10
179.59807621135337
 20
510.227
 10
179.4270509831248
 20
510.227
 10
179.22943447643217
 20
510.227
 10
179.0073918190766
 20
510.227
 10
178.76335575687744
 20
510.227
 10
178.5
 20
510.227
 10
178.2202099292274
 20
510.227
 10
177.9270509831248
 20
510.227
 10
177.62373507245331
 20
510.227
 10
177.31358538980294
 20
510.227
 10
177.0
 20
510.227
  0
LWPOLYLINE
  5
9E
330
17
100
AcDbEntity
  8
TOP
100
AcDbPolyline
 90
16
 70
0
 10
180.0
 20
510.227
 10
179.98356568610484
 20
510.227
 10
179.93444280220137
 20
510.227
 10
179.8531695488855
 20
510.227
 10
179.74063637292784
 20
510.227
 10
179.59807621135337
 20
510.227
 10
179.4270509831248
 20
510.227
 10
179.22943447643217
 20
510.227
 10
179.0073918190766
 20
510.227
 10
178.76335575687744
 20
510.227
 10
178.5
 20
510.227
 10
178.2202099292274
 20
510.227
 10
177.9270509831248
 20
510.227
 10
177.62373507245331
 20
510.227
 10
177.31358538980294
 20
510.227
 10
177.0
 20
510.227
  0
LWPOLYLINE
  5
9F
330
17
100
AcDbEntity
  8
TOP
100
AcDbPolyline
 90
2
 70
0
 10
98.0
 20
510.227
 10
177.0
 20
510.227
  0
LWPOLYLINE
  5
A0
330
17
100
AcDbEntity
  8
TOP
100
AcDbPolyline
 90
16
 70
0
 10
98.5
 20
510.227
 10
99.04909446815236
 20
510.227
 10
99.50324551439451
 20
510.227
 10
99.7839262969984
 20
510.227
 10
99.84260455874721
 20
510.227
 10
99.66913429510896
 20
510.227
 10
99.29351009059485
 20
510.227
 10
98.78068078260401
 20
510.227
 10
98.21931921739599
 20
510.227
 10
97.70648990940515
 20
510.227
 10
97.33086570489104
 20
510.227
 10
97.15739544125279
 20
510.227
 10
97.2160737030016
 20
510.227
 10
97.49675448560549
 20
510.227
 10
97.95090553184764
 20
510.227
 10
98.5
 20
510.227
  0
LWPOLYLINE
  5
A1
330
17
100
AcDbEntity
  8
TOP
100
AcDbPolyline
 90
16
 70
0
 10
98.5
 20
510.227
 10
99.04909446815236
 20
510.227
 10
99.50324551439451
 20
510.227
 10
99.7839262969984
 20
510.227
 10
99.84260455874721
 20
510.227
 10
99.66913429510896
 20
510.227
 10
99.29351009059485
 20
510.227
 10
98.78068078260401
 20
510.227
 10
98.21931921739599
 20
510.227
 10
97.70648990940515
 20
510.227
 10
97.33086570489104
 20
510.227
 10
97.15739544125279
 20
510.227
 10
97.2160737030016
 20
510.227
 10
97.49675448560549
 20
510.227
 10
97.95090553184764
 20
510.227
 10
98.5
 20
510.227
  0
LWPOLYLINE
  5
A2
330
17
100
AcDbEntity
  8
TOP
100
AcDbPolyline
 90
16
 70
0
 10
156.5
 20
510.227
 10
157.04909446815236
 20
510.227
 10
157.5032455143945
 20
510.227
 10
157.7839262969984
 20
510.227
 10
157.8426045587472
 20
510.227
 10
157.66913429510896
 20
510.227
 10
157.29351009059485
 20
510.227
 10
156.780680782604
 20
510.227
 10
156.219319217396
 20
510.227
 10
155.70648990940515
 20
510.227
 10
155.33086570489104
 20
510.227
 10
155.1573954412528
 20
510.227
 10
155.2160737030016
 20
510.227
 10
155.4967544856055
 20
510.227
 10
155.95090553184764
 20
510.227
 10
156.5
 20
510.227
  0
LWPOLYLINE
  5
A3
330
17
100
AcDbEntity
  8
TOP
100
AcDbPolyline
 90
16
 70
0
 10
156.5
 20
510.227
 10
157.04909446815236
 20
510.227
 10
157.5032455143945
 20
510.227
 10
157.7839262969984
 20
510.227
 10
157.8426045587472
 20
510.227
 10
157.66913429510896
 20
510.227
 10
157.29351009059485
 20
510.227
 10
156.780680782604
 20
510.227
 10
156.219319217396
 20
510.227
 10
155.70648990940515
 20
510.227
 10
155.33086570489104
 20
510.227
 10
155.1573954412528
 20
510.227
 10
155.2160737030016
 20
510.227
 10
155.4967544856055
 20
510.227
 10
155.95090553184764
 20
510.227
 10
156.5
 20
510.227
  0
LWPOLYLINE
  5
A4
330
17
100
AcDbEntity
  8
TOP
100
AcDbPolyline
 90
2
 70
0
 10
177.0
 20
508.627
 10
177.0
 20
510.227
  0
LWPOLYLINE
  5
A5
330
17
100
AcDbEntity
  8
TOP
100
AcDbPolyline
 90
2
 70
0
 10
180.0
 20
508.627
 10
180.0
 20
510.227
  0
LWPOLYLINE
  5
A6
330
17
100
AcDbEntity
  8
TOP
100
AcDbPolyline
 90
2
 70
0
 10
180.0
 20
508.627
 10
180.0
 20
510.227
  0
LWPOLYLINE
  5
A7
330
17
100
AcDbEntity
  8
TOP
100
AcDbPolyline
 90
2
 70
0
 10
177.0
 20
508.627
 10
177.0
 20
510.227
  0
LWPOLYLINE
  5
A8
330
17
100
AcDbEntity
  8
TOP
100
AcDbPolyline
 90
2
 70
0
 10
98.5
 20
508.627
 10
98.5
 20
510.227
  0
LWPOLYLINE
  5
A9
330
17
100
AcDbEntity
  8
TOP
100
AcDbPolyline
 90
2
 70
0
 10
98.5
 20
508.627
 10
98.5
 20
510.227
  0
LWPOLYLINE
  5
AA
330
17
100
AcDbEntity
  8
TOP
100
AcDbPolyline
 90
2
 70
0
 10
156.5
 20
508.627
 10
156.5
 20
510.227
  0
LWPOLYLINE
  5
AB
330
17
100
AcDbEntity
  8
TOP
100
AcDbPolyline
 90
2
 70
0
 10
156.5
 20
508.627
 10
156.5
 20
510.227
  0
LWPOLYLINE
  5
AC
330
17
100
AcDbEntity
  8
TOP
100
AcDbPolyline
 90
2
 70
0
 10
95.0
 20
511.227
 10
95.0
 20
531.227
  0
LWPOLYLINE
  5
AD
330
17
100
AcDbEntity
  8
TOP
100
AcDbPolyline
 90
2
 70
0
 10
95.0
 20
511.227
 10
95.0
 20
531.227
  0
LWPOLYLINE
  5
AE
330
17
100
AcDbEntity
  8
TOP
100
AcDbPolyline
 90
2
 70
0
 10
180.0
 20
511.227
 10
180.0
 20
531.227
  0
LWPOLYLINE
  5
AF
330
17
100
AcDbEntity
  8
TOP
100
AcDbPolyline
 90
2
 70
0
 10
180.0
 20
511.227
 10
180.0
 20
531.227
  0
LWPOLYLINE
  5
B0
330
17
100
AcDbEntity
  8
TOP
100
AcDbPolyline
 90
2
 70
0
 10
95.0
 20
511.227
 10
180.0
 20
511.227
  0
LWPOLYLINE
  5
B1
330
17
100
AcDbEntity
  8
TOP
100
AcDbPolyline
 90
2
 70
0
 10
95.0
 20
511.227
 10
180.0
 20
511.227
  0
LWPOLYLINE
  5
B2
330
17
100
AcDbEntity
  8
TOP
100
AcDbPolyline
 90
2
 70
0
 10
95.0
 20
531.227
 10
180.0
 20
531.227
  0
LWPOLYLINE
  5
B3
330
17
100
AcDbEntity
  8
TOP
100
AcDbPolyline
 90
2
 70
0
 10
95.0
 20
531.227
 10
180.0
 20
531.227
  0
LWPOLYLINE
  5
B4
330
17
100
AcDbEntity
  8
TOP
100
AcDbPolyline
 90
2
 70
0
 10
207.5
 20
510.0
 10
207.5
 20
540.0
  0
LWPOLYLINE
  5
B5
330
17
100
AcDbEntity
  8
TOP
100
AcDbPolyline
 90
2
 70
0
 10
207.5
 20
510.0
 10
207.5
 20
540.0
  0
LWPOLYLINE
  5
B6
330
17
100
AcDbEntity
  8
TOP
100
AcDbPolyline
 90
2
 70
0
 10
302.5
 20
510.0
 10
302.5
 20
540.0
  0
LWPOLYLINE
  5
B7
330
17
100
AcDbEntity
  8
TOP
100
AcDbPolyline
 90
2
 70
0
 10
302.5
 20
510.0
 10
302.5
 20
540.0
  0
LWPOLYLINE
  5
B8
330
17
100
AcDbEntity
  8
TOP
100
AcDbPolyline
 90
2
 70
0
 10
207.5
 20
510.0
 10
302.5
 20
510.0
  0
LWPOLYLINE
  5
B9
330
17
100
AcDbEntity
  8
TOP
100
AcDbPolyline
 90
2
 70
0
 10
207.5
 20
510.0
 10
302.5
 20
510.0
  0
LWPOLYLINE
  5
BA
330
17
100
AcDbEntity
  8
TOP
100
AcDbPolyline
 90
2
 70
0
 10
207.5
 20
540.0
 10
302.5
 20
540.0
  0
LWPOLYLINE
  5
BB
330
17
100
AcDbEntity
  8
TOP
100
AcDbPolyline
 90
2
 70
0
 10
207.5
 20
540.0
 10
302.5
 20
540.0
  0
LWPOLYLINE
  5
BC
330
17
100
AcDbEntity
  8
TOP
100
AcDbPolyline
 90
2
 70
0
 10
0.0
 20
337.8575
 10
0.0
 20
612.8575000000001
  0
LWPOLYLINE
  5
BD
330
17
100
AcDbEntity
  8
TOP
100
AcDbPolyline
 90
2
 70
0
 10
0.0
 20
337.8575
 10
0.0
 20
612.8575000000001
  0
LWPOLYLINE
  5
BE
330
17
100
AcDbEntity
  8
TOP
100
AcDbPolyline
 90
2
 70
0
 10
375.0
 20
337.8575
 10
375.0
 20
612.8575000000001
  0
LWPOLYLINE
  5
BF
330
17
100
AcDbEntity
  8
TOP
100
AcDbPolyline
 90
2
 70
0
 10
375.0
 20
337.8575
 10
375.0
 20
612.8575000000001
  0
LWPOLYLINE
  5
C0
330
17
100
AcDbEntity
  8
TOP
100
AcDbPolyline
 90
2
 70
0
 10
0.0
 20
337.8575
 10
375.0
 20
337.8575
  0
LWPOLYLINE
  5
C1
330
17
100
AcDbEntity
  8
TOP
100
AcDbPolyline
 90
2
 70
0
 10
0.0
 20
337.8575
 10
375.0
 20
337.8575
  0
LWPOLYLINE
  5
C2
330
17
100
AcDbEntity
  8
TOP
100
AcDbPolyline
 90
2
 70
0
 10
0.0
 20
612.8575
 10
375.0
 20
612.8575
  0
LWPOLYLINE
  5
C3
330
17
100
AcDbEntity
  8
TOP
100
AcDbPolyline
 90
2
 70
0
 10
0.0
 20
612.8575
 10
375.0
 20
612.8575
  0
LWPOLYLINE
  5
C4
330
17
100
AcDbEntity
  8
TOP
100
AcDbPolyline
 90
2
 70
0
 10
6.5
 20
464.0
 10
6.5
 20
476.0
  0
LWPOLYLINE
  5
C5
330
17
100
AcDbEntity
  8
TOP
100
AcDbPolyline
 90
2
 70
0
 10
6.5
 20
464.0
 10
6.5
 20
476.0
  0
LWPOLYLINE
  5
C6
330
17
100
AcDbEntity
  8
TOP
100
AcDbPolyline
 90
2
 70
0
 10
18.5
 20
464.0
 10
18.5
 20
476.0
  0
LWPOLYLINE
  5
C7
330
17
100
AcDbEntity
  8
TOP
100
AcDbPolyline
 90
2
 70
0
 10
18.5
 20
464.0
 10
18.5
 20
476.0
  0
LWPOLYLINE
  5
C8
330
17
100
AcDbEntity
  8
TOP
100
AcDbPolyline
 90
2
 70
0
 10
6.5
 20
464.0
 10
18.5
 20
464.0
  0
LWPOLYLINE
  5
C9
330
17
100
AcDbEntity
  8
TOP
100
AcDbPolyline
 90
2
 70
0
 10
6.5
 20
464.0
 10
18.5
 20
464.0
  0
LWPOLYLINE
  5
CA
330
17
100
AcDbEntity
  8
TOP
100
AcDbPolyline
 90
2
 70
0
 10
6.5
 20
476.0
 10
18.5
 20
476.0
  0
LWPOLYLINE
  5
CB
330
17
100
AcDbEntity
  8
TOP
100
AcDbPolyline
 90
2
 70
0
 10
6.5
 20
476.0
 10
18.5
 20
476.0
  0
LWPOLYLINE
  5
CC
330
17
100
AcDbEntity
  8
TOP
100
AcDbPolyline
 90
2
 70
0
 10
356.5
 20
464.0
 10
356.5
 20
476.0
  0
LWPOLYLINE
  5
CD
330
17
100
AcDbEntity
  8
TOP
100
AcDbPolyline
 90
2
 70
0
 10
356.5
 20
464.0
 10
356.5
 20
476.0
  0
LWPOLYLINE
  5
CE
330
17
100
AcDbEntity
  8
TOP
100
AcDbPolyline
 90
2
 70
0
 10
368.5
 20
464.0
 10
368.5
 20
476.0
  0
LWPOLYLINE
  5
CF
330
17
100
AcDbEntity
  8
TOP
100
AcDbPolyline
 90
2
 70
0
 10
368.5
 20
464.0
 10
368.5
 20
476.0
  0
LWPOLYLINE
  5
D0
330
17
100
AcDbEntity
  8
TOP
100
AcDbPolyline
 90
2
 70
0
 10
356.5
 20
464.0
 10
368.5
 20
464.0
  0
LWPOLYLINE
  5
D1
330
17
100
AcDbEntity
  8
TOP
100
AcDbPolyline
 90
2
 70
0
 10
356.5
 20
464.0
 10
368.5
 20
464.0
  0
LWPOLYLINE
  5
D2
330
17
100
AcDbEntity
  8
TOP
100
AcDbPolyline
 90
2
 70
0
 10
356.5
 20
476.0
 10
368.5
 20
476.0
  0
LWPOLYLINE
  5
D3
330
17
100
AcDbEntity
  8
TOP
100
AcDbPolyline
 90
2
 70
0
 10
356.5
 20
476.0
 10
368.5
 20
476.0
  0
LWPOLYLINE
  5
D4
330
17
100
AcDbEntity
  8
TOP
100
AcDbPolyline
 90
2
 70
0
 10
2.5
 20
460.0
 10
2.5
 20
480.0
  0
LWPOLYLINE
  5
D5
330
17
100
AcDbEntity
  8
TOP
100
AcDbPolyline
 90
2
 70
0
 10
2.5
 20
460.0
 10
2.5
 20
480.0
  0
LWPOLYLINE
  5
D6
330
17
100
AcDbEntity
  8
TOP
100
AcDbPolyline
 90
2
 70
0
 10
372.5
 20
460.0
 10
372.5
 20
480.0
  0
LWPOLYLINE
  5
D7
330
17
100
AcDbEntity
  8
TOP
100
AcDbPolyline
 90
2
 70
0
 10
372.5
 20
460.0
 10
372.5
 20
480.0
  0
LWPOLYLINE
  5
D8
330
17
100
AcDbEntity
  8
TOP
100
AcDbPolyline
 90
2
 70
0
 10
2.5
 20
460.0
 10
372.5
 20
460.0
  0
LWPOLYLINE
  5
D9
330
17
100
AcDbEntity
  8
TOP
100
AcDbPolyline
 90
2
 70
0
 10
2.5
 20
460.0
 10
372.5
 20
460.0
  0
LWPOLYLINE
  5
DA
330
17
100
AcDbEntity
  8
TOP
100
AcDbPolyline
 90
2
 70
0
 10
2.5
 20
480.0
 10
372.5
 20
480.0
  0
LWPOLYLINE
  5
DB
330
17
100
AcDbEntity
  8
TOP
100
AcDbPolyline
 90
2
 70
0
 10
2.5
 20
480.0
 10
372.5
 20
480.0
  0
LWPOLYLINE
  5
DC
330
17
100
AcDbEntity
  8
TOP
100
AcDbPolyline
 90
2
 70
0
 10
55.0
 20
460.0
 10
55.0
 20
530.0
  0
LWPOLYLINE
  5
DD
330
17
100
AcDbEntity
  8
TOP
100
AcDbPolyline
 90
2
 70
0
 10
55.0
 20
460.0
 10
55.0
 20
530.0
  0
LWPOLYLINE
  5
DE
330
17
100
AcDbEntity
  8
TOP
100
AcDbPolyline
 90
2
 70
0
 10
80.0
 20
460.0
 10
80.0
 20
530.0
  0
LWPOLYLINE
  5
DF
330
17
100
AcDbEntity
  8
TOP
100
AcDbPolyline
 90
2
 70
0
 10
80.0
 20
460.0
 10
80.0
 20
530.0
  0
LWPOLYLINE
  5
E0
330
17
100
AcDbEntity
  8
TOP
100
AcDbPolyline
 90
2
 70
0
 10
55.0
 20
460.0
 10
80.0
 20
460.0
  0
LWPOLYLINE
  5
E1
330
17
100
AcDbEntity
  8
TOP
100
AcDbPolyline
 90
2
 70
0
 10
55.0
 20
460.0
 10
80.0
 20
460.0
  0
LWPOLYLINE
  5
E2
330
17
100
AcDbEntity
  8
TOP
100
AcDbPolyline
 90
2
 70
0
 10
55.0
 20
530.0
 10
80.0
 20
530.0
  0
LWPOLYLINE
  5
E3
330
17
100
AcDbEntity
  8
TOP
100
AcDbPolyline
 90
2
 70
0
 10
55.0
 20
530.0
 10
80.0
 20
530.0
  0
LWPOLYLINE
  5
E4
330
17
100
AcDbEntity
  8
TOP
100
AcDbPolyline
 90
2
 70
0
 10
295.0
 20
460.0
 10
295.0
 20
530.0
  0
LWPOLYLINE
  5
E5
330
17
100
AcDbEntity
  8
TOP
100
AcDbPolyline
 90
2
 70
0
 10
295.0
 20
460.0
 10
295.0
 20
530.0
  0
LWPOLYLINE
  5
E6
330
17
100
AcDbEntity
  8
TOP
100
AcDbPolyline
 90
2
 70
0
 10
320.0
 20
460.0
 10
320.0
 20
530.0
  0
LWPOLYLINE
  5
E7
330
17
100
AcDbEntity
  8
TOP
100
AcDbPolyline
 90
2
 70
0
 10
320.0
 20
460.0
 10
320.0
 20
530.0
  0
LWPOLYLINE
  5
E8
330
17
100
AcDbEntity
  8
TOP
100
AcDbPolyline
 90
2
 70
0
 10
295.0
 20
460.0
 10
320.0
 20
460.0
  0
LWPOLYLINE
  5
E9
330
17
100
AcDbEntity
  8
TOP
100
AcDbPolyline
 90
2
 70
0
 10
295.0
 20
460.0
 10
320.0
 20
460.0
  0
LWPOLYLINE
  5
EA
330
17
100
AcDbEntity
  8
TOP
100
AcDbPolyline
 90
2
 70
0
 10
295.0
 20
530.0
 10
320.0
 20
530.0
  0
LWPOLYLINE
  5
EB
330
17
100
AcDbEntity
  8
TOP
100
AcDbPolyline
 90
2
 70
0
 10
295.0
 20
530.0
 10
320.0
 20
530.0
  0
LWPOLYLINE
  5
EC
330
17
100
AcDbEntity
  8
TOP
100
AcDbPolyline
 90
2
 70
0
 10
1047.5
 20
40.0
 10
1047.5
 20
940.0
  0
LWPOLYLINE
  5
ED
330
17
100
AcDbEntity
  8
TOP
100
AcDbPolyline
 90
2
 70
0
 10
1047.5
 20
40.0
 10
1047.5
 20
940.0
  0
LWPOLYLINE
  5
EE
330
17
100
AcDbEntity
  8
TOP
100
AcDbPolyline
 90
2
 70
0
 10
1047.5
 20
40.0
 10
1087.5
 20
40.0
  0
LWPOLYLINE
  5
EF
330
17
100
AcDbEntity
  8
TOP
100
AcDbPolyline
 90
2
 70
0
 10
1047.5
 20
40.0
 10
1087.5
 20
40.0
  0
LWPOLYLINE
  5
F0
330
17
100
AcDbEntity
  8
TOP
100
AcDbPolyline
 90
2
 70
0
 10
1047.5
 20
940.0
 10
1087.5
 20
940.0
  0
LWPOLYLINE
  5
F1
330
17
100
AcDbEntity
  8
TOP
100
AcDbPolyline
 90
2
 70
0
 10
1087.5
 20
40.0
 10
1087.5
 20
940.0
  0
LWPOLYLINE
  5
F2
330
17
100
AcDbEntity
  8
TOP
100
AcDbPolyline
 90
16
 70
0
 10
1071.75
 20
60.0
 10
1071.382568194981
 20
61.72863073307212
 10
1070.343805077025
 20
63.158365508278905
 10
1068.8133222260935
 20
64.04199019425442
 10
1067.0557540311124
 20
64.22671805531519
 10
1065.375
 20
63.68060796608387
 10
1064.0616777739065
 20
62.49808732224301
 10
1063.3428726968814
 20
60.88362468597546
 10
1063.3428726968814
 20
59.11637531402454
 10
1064.0616777739065
 20
57.50191267775699
 10
1065.375
 20
56.31939203391613
 10
1067.0557540311124
 20
55.77328194468481
 10
1068.8133222260935
 20
55.958009805745576
 10
1070.343805077025
 20
56.841634491721095
 10
1071.382568194981
 20
58.27136926692788
 10
1071.75
 20
60.0
  0
LWPOLYLINE
  5
F3
330
17
100
AcDbEntity
  8
TOP
100
AcDbPolyline
 90
16
 70
0
 10
1071.75
 20
920.0
 10
1071.382568194981
 20
921.7286307330721
 10
1070.343805077025
 20
923.1583655082788
 10
1068.8133222260935
 20
924.0419901942544
 10
1067.0557540311124
 20
924.2267180553151
 10
1065.375
 20
923.6806079660839
 10
1064.0616777739065
 20
922.498087322243
 10
1063.3428726968814
 20
920.8836246859755
 10
1063.3428726968814
 20
919.1163753140245
 10
1064.0616777739065
 20
917.501912677757
 10
1065.375
 20
916.3193920339161
 10
1067.0557540311124
 20
915.7732819446849
 10
1068.8133222260935
 20
915.9580098057456
 10
1070.343805077025
 20
916.8416344917212
 10
1071.382568194981
 20
918.2713692669279
 10
1071.75
 20
920.0
  0
LWPOLYLINE
  5
F4
330
17
100
AcDbEntity
  8
TOP
100
AcDbPolyline
 90
2
 70
0
 10
1047.5
 20
940.0
 10
1087.5
 20
940.0
  0
LWPOLYLINE
  5
F5
330
17
100
AcDbEntity
  8
TOP
100
AcDbPolyline
 90
2
 70
0
 10
1087.5
 20
40.0
 10
1087.5
 20
940.0
  0
LWPOLYLINE
  5
F6
330
17
100
AcDbEntity
  8
TOP
100
AcDbPolyline
 90
16
 70
0
 10
1071.75
 20
60.0
 10
1071.382568194981
 20
61.72863073307212
 10
1070.343805077025
 20
63.158365508278905
 10
1068.8133222260935
 20
64.04199019425442
 10
1067.0557540311124
 20
64.22671805531519
 10
1065.375
 20
63.68060796608387
 10
1064.0616777739065
 20
62.49808732224301
 10
1063.3428726968814
 20
60.88362468597546
 10
1063.3428726968814
 20
59.11637531402454
 10
1064.0616777739065
 20
57.50191267775699
 10
1065.375
 20
56.31939203391613
 10
1067.0557540311124
 20
55.77328194468481
 10
1068.8133222260935
 20
55.958009805745576
 10
1070.343805077025
 20
56.841634491721095
 10
1071.382568194981
 20
58.27136926692788
 10
1071.75
 20
60.0
  0
LWPOLYLINE
  5
F7
330
17
100
AcDbEntity
  8
TOP
100
AcDbPolyline
 90
16
 70
0
 10
1071.75
 20
920.0
 10
1071.382568194981
 20
921.7286307330721
 10
1070.343805077025
 20
923.1583655082788
 10
1068.8133222260935
 20
924.0419901942544
 10
1067.0557540311124
 20
924.2267180553151
 10
1065.375
 20
923.6806079660839
 10
1064.0616777739065
 20
922.498087322243
 10
1063.3428726968814
 20
920.8836246859755
 10
1063.3428726968814
 20
919.1163753140245
 10
1064.0616777739065
 20
917.501912677757
 10
1065.375
 20
916.3193920339161
 10
1067.0557540311124
 20
915.7732819446849
 10
1068.8133222260935
 20
915.9580098057456
 10
1070.343805077025
 20
916.8416344917212
 10
1071.382568194981
 20
918.2713692669279
 10
1071.75
 20
920.0
  0
LWPOLYLINE
  5
F8
330
17
100
AcDbEntity
  8
TOP
100
AcDbPolyline
 90
16
 70
0
 10
1075.0
 20
60.0
 10
1074.3515909323196
 20
63.050524823068486
 10
1072.5184795476914
 20
65.57358619108044
 10
1069.817627457812
 20
67.13292387221367
 10
1066.7160365254927
 20
67.45891421526204
 10
1063.75
 20
66.49519052838332
 10
1061.432372542188
 20
64.40838939219356
 10
1060.1638929944966
 20
61.55933768113317
 10
1060.1638929944966
 20
58.44066231886683
 10
1061.432372542188
 20
55.591610607806444
 10
1063.75
 20
53.50480947161674
 10
1066.7160365254927
 20
52.54108578473796
 10
1069.817627457812
 20
52.86707612778633
 10
1072.5184795476914
 20
54.42641380891956
 10
1074.3515909323196
 20
56.949475176931514
 10
1075.0
 20
60.0
  0
LWPOLYLINE
  5
F9
330
17
100
AcDbEntity
  8
TOP
100
AcDbPolyline
 90
16
 70
0
 10
1075.0
 20
60.0
 10
1074.3515909323196
 20
63.050524823068486
 10
1072.5184795476914
 20
65.57358619108044
 10
1069.817627457812
 20
67.13292387221367
 10
1066.7160365254927
 20
67.45891421526204
 10
1063.75
 20
66.49519052838332
 10
1061.432372542188
 20
64.40838939219356
 10
1060.1638929944966
 20
61.55933768113317
 10
1060.1638929944966
 20
58.44066231886683
 10
1061.432372542188
 20
55.591610607806444
 10
1063.75
 20
53.50480947161674
 10
1066.7160365254927
 20
52.54108578473796
 10
1069.817627457812
 20
52.86707612778633
 10
1072.5184795476914
 20
54.42641380891956
 10
1074.3515909323196
 20
56.949475176931514
 10
1075.0
 20
60.0
  0
LWPOLYLINE
  5
FA
330
17
100
AcDbEntity
  8
TOP
100
AcDbPolyline
 90
16
 70
0
 10
1071.5
 20
60.0
 10
1071.1541818305705
 20
61.62694657230321
 10
1070.1765224254355
 20
62.972579301909605
 10
1068.7360679774997
 20
63.804226065180615
 10
1067.0818861469293
 20
63.97808758147312
 10
1065.5
 20
63.464101615137736
 10
1064.2639320225003
 20
62.35114100916991
 10
1063.5874095970648
 20
60.83164676327101
 10
1063.5874095970648
 20
59.16835323672899
 10
1064.2639320225003
 20
57.64885899083009
 10
1065.5
 20
56.535898384862264
 10
1067.0818861469293
 20
56.02191241852688
 10
1068.7360679774997
 20
56.195773934819385
 10
1070.1765224254355
 20
57.027420698090395
 10
1071.1541818305705
 20
58.37305342769679
 10
1071.5
 20
60.0
  0
LWPOLYLINE
  5
FB
330
17
100
AcDbEntity
  8
TOP
100
AcDbPolyline
 90
16
 70
0
 10
1071.5
 20
60.0
 10
1071.1541818305705
 20
61.62694657230321
 10
1070.1765224254355
 20
62.972579301909605
 10
1068.7360679774997
 20
63.804226065180615
 10
1067.0818861469293
 20
63.97808758147312
 10
1065.5
 20
63.464101615137736
 10
1064.2639320225003
 20
62.35114100916991
 10
1063.5874095970648
 20
60.83164676327101
 10
1063.5874095970648
 20
59.16835323672899
 10
1064.2639320225003
 20
57.64885899083009
 10
1065.5
 20
56.535898384862264
 10
1067.0818861469293
 20
56.02191241852688
 10
1068.7360679774997
 20
56.195773934819385
 10
1070.1765224254355
 20
57.027420698090395
 10
1071.1541818305705
 20
58.37305342769679
 10
1071.5
 20
60.0
  0
LWPOLYLINE
  5
FC
330
17
100
AcDbEntity
  8
TOP
100
AcDbPolyline
 90
16
 70
0
 10
1076.5
 20
60.0
 10
1075.7219091187835
 20
63.66062978768218
 10
1073.5221754572297
 20
66.68830342929652
 10
1070.2811529493745
 20
68.55950864665635
 10
1066.5592438305912
 20
68.95069705831446
 10
1063.0
 20
67.79422863405995
 10
1060.2188470506255
 20
65.29006727063228
 10
1058.6966715933959
 20
61.87120521735983
 10
1058.6966715933959
 20
58.12879478264017
 10
1060.2188470506255
 20
54.70993272936772
 10
1063.0
 20
52.20577136594005
 10
1066.5592438305912
 20
51.04930294168554
 10
1070.2811529493745
 20
51.440491353343646
 10
1073.5221754572297
 20
53.311696570703475
 10
1075.7219091187835
 20
56.33937021231782
 10
1076.5
 20
60.0
  0
LWPOLYLINE
  5
FD
330
17
100
AcDbEntity
  8
TOP
100
AcDbPolyline
 90
16
 70
0
 10
1076.5
 20
60.0
 10
1075.7219091187835
 20
63.66062978768218
 10
1073.5221754572297
 20
66.68830342929652
 10
1070.2811529493745
 20
68.55950864665635
 10
1066.5592438305912
 20
68.95069705831446
 10
1063.0
 20
67.79422863405995
 10
1060.2188470506255
 20
65.29006727063228
 10
1058.6966715933959
 20
61.87120521735983
 10
1058.6966715933959
 20
58.12879478264017
 10
1060.2188470506255
 20
54.70993272936772
 10
1063.0
 20
52.20577136594005
 10
1066.5592438305912
 20
51.04930294168554
 10
1070.2811529493745
 20
51.440491353343646
 10
1073.5221754572297
 20
53.311696570703475
 10
1075.7219091187835
 20
56.33937021231782
 10
1076.5
 20
60.0
  0
LWPOLYLINE
  5
FE
330
17
100
AcDbEntity
  8
TOP
100
AcDbPolyline
 90
16
 70
0
 10
1072.0
 20
60.0
 10
1071.6109545593918
 20
61.83031489384109
 10
1070.511087728615
 20
63.34415171464826
 10
1068.8905764746874
 20
64.27975432332818
 10
1067.0296219152956
 20
64.47534852915726
 10
1065.25
 20
63.897114317029946
 10
1063.8594235253126
 20
62.64503363531611
 10
1063.098335796698
 20
60.935602608679915
 10
1063.098335796698
 20
59.064397391320085
 10
1063.8594235253126
 20
57.35496636468389
 10
1065.25
 20
56.102885682970054
 10
1067.0296219152956
 20
55.52465147084274
 10
1068.8905764746874
 20
55.72024567667182
 10
1070.511087728615
 20
56.65584828535174
 10
1071.6109545593918
 20
58.16968510615891
 10
1072.0
 20
60.0
  0
LWPOLYLINE
  5
FF
330
17
100
AcDbEntity
  8
TOP
100
AcDbPolyline
 90
16
 70
0
 10
1072.0
 20
60.0
 10
1071.6109545593918
 20
61.83031489384109
 10
1070.511087728615
 20
63.34415171464826
 10
1068.8905764746874
 20
64.27975432332818
 10
1067.0296219152956
 20
64.47534852915726
 10
1065.25
 20
63.897114317029946
 10
1063.8594235253126
 20
62.64503363531611
 10
1063.098335796698
 20
60.935602608679915
 10
1063.098335796698
 20
59.064397391320085
 10
1063.8594235253126
 20
57.35496636468389
 10
1065.25
 20
56.102885682970054
 10
1067.0296219152956
 20
55.52465147084274
 10
1068.8905764746874
 20
55.72024567667182
 10
1070.511087728615
 20
56.65584828535174
 10
1071.6109545593918
 20
58.16968510615891
 10
1072.0
 20
60.0
  0
LWPOLYLINE
  5
100
330
17
100
AcDbEntity
  8
TOP
100
AcDbPolyline
 90
16
 70
0
 10
1075.0
 20
920.0
 10
1074.3515909323196
 20
923.0505248230685
 10
1072.5184795476914
 20
925.5735861910805
 10
1069.817627457812
 20
927.1329238722137
 10
1066.7160365254927
 20
927.458914215262
 10
1063.75
 20
926.4951905283833
 10
1061.432372542188
 20
924.4083893921936
 10
1060.1638929944966
 20
921.5593376811332
 10
1060.1638929944966
 20
918.4406623188668
 10
1061.432372542188
 20
915.5916106078064
 10
1063.75
 20
913.5048094716167
 10
1066.7160365254927
 20
912.541085784738
 10
1069.817627457812
 20
912.8670761277863
 10
1072.5184795476914
 20
914.4264138089195
 10
1074.3515909323196
 20
916.9494751769315
 10
1075.0
 20
920.0
  0
LWPOLYLINE
  5
101
330
17
100
AcDbEntity
  8
TOP
100
AcDbPolyline
 90
16
 70
0
 10
1075.0
 20
920.0
 10
1074.3515909323196
 20
923.0505248230685
 10
1072.5184795476914
 20
925.5735861910805
 10
1069.817627457812
 20
927.1329238722137
 10
1066.7160365254927
 20
927.458914215262
 10
1063.75
 20
926.4951905283833
 10
1061.432372542188
 20
924.4083893921936
 10
1060.1638929944966
 20
921.5593376811332
 10
1060.1638929944966
 20
918.4406623188668
 10
1061.432372542188
 20
915.5916106078064
 10
1063.75
 20
913.5048094716167
 10
1066.7160365254927
 20
912.541085784738
 10
1069.817627457812
 20
912.8670761277863
 10
1072.5184795476914
 20
914.4264138089195
 10
1074.3515909323196
 20
916.9494751769315
 10
1075.0
 20
920.0
  0
LWPOLYLINE
  5
102
330
17
100
AcDbEntity
  8
TOP
100
AcDbPolyline
 90
16
 70
0
 10
1071.5
 20
920.0
 10
1071.1541818305705
 20
921.6269465723033
 10
1070.1765224254355
 20
922.9725793019096
 10
1068.7360679774997
 20
923.8042260651806
 10
1067.0818861469293
 20
923.9780875814731
 10
1065.5
 20
923.4641016151377
 10
1064.2639320225003
 20
922.3511410091699
 10
1063.5874095970648
 20
920.831646763271
 10
1063.5874095970648
 20
919.168353236729
 10
1064.2639320225003
 20
917.6488589908301
 10
1065.5
 20
916.5358983848623
 10
1067.0818861469293
 20
916.0219124185269
 10
1068.7360679774997
 20
916.1957739348194
 10
1070.1765224254355
 20
917.0274206980904
 10
1071.1541818305705
 20
918.3730534276967
 10
1071.5
 20
920.0
  0
LWPOLYLINE
  5
103
330
17
100
AcDbEntity
  8
TOP
100
AcDbPolyline
 90
16
 70
0
 10
1071.5
 20
920.0
 10
1071.1541818305705
 20
921.6269465723033
 10
1070.1765224254355
 20
922.9725793019096
 10
1068.7360679774997
 20
923.8042260651806
 10
1067.0818861469293
 20
923.9780875814731
 10
1065.5
 20
923.4641016151377
 10
1064.2639320225003
 20
922.3511410091699
 10
1063.5874095970648
 20
920.831646763271
 10
1063.5874095970648
 20
919.168353236729
 10
1064.2639320225003
 20
917.6488589908301
 10
1065.5
 20
916.5358983848623
 10
1067.0818861469293
 20
916.0219124185269
 10
1068.7360679774997
 20
916.1957739348194
 10
1070.1765224254355
 20
917.0274206980904
 10
1071.1541818305705
 20
918.3730534276967
 10
1071.5
 20
920.0
  0
LWPOLYLINE
  5
104
330
17
100
AcDbEntity
  8
TOP
100
AcDbPolyline
 90
16
 70
0
 10
1076.5
 20
920.0
 10
1075.7219091187835
 20
923.6606297876822
 10
1073.5221754572297
 20
926.6883034292965
 10
1070.2811529493745
 20
928.5595086466564
 10
1066.5592438305912
 20
928.9506970583145
 10
1063.0
 20
927.7942286340599
 10
1060.2188470506255
 20
925.2900672706323
 10
1058.6966715933959
 20
921.8712052173598
 10
1058.6966715933959
 20
918.1287947826402
 10
1060.2188470506255
 20
914.7099327293677
 10
1063.0
 20
912.2057713659401
 10
1066.5592438305912
 20
911.0493029416855
 10
1070.2811529493745
 20
911.4404913533436
 10
1073.5221754572297
 20
913.3116965707035
 10
1075.7219091187835
 20
916.3393702123178
 10
1076.5
 20
920.0
  0
LWPOLYLINE
  5
105
330
17
100
AcDbEntity
  8
TOP
100
AcDbPolyline
 90
16
 70
0
 10
1076.5
 20
920.0
 10
1075.7219091187835
 20
923.6606297876822
 10
1073.5221754572297
 20
926.6883034292965
 10
1070.2811529493745
 20
928.5595086466564
 10
1066.5592438305912
 20
928.9506970583145
 10
1063.0
 20
927.7942286340599
 10
1060.2188470506255
 20
925.2900672706323
 10
1058.6966715933959
 20
921.8712052173598
 10
1058.6966715933959
 20
918.1287947826402
 10
1060.2188470506255
 20
914.7099327293677
 10
1063.0
 20
912.2057713659401
 10
1066.5592438305912
 20
911.0493029416855
 10
1070.2811529493745
 20
911.4404913533436
 10
1073.5221754572297
 20
913.3116965707035
 10
1075.7219091187835
 20
916.3393702123178
 10
1076.5
 20
920.0
  0
LWPOLYLINE
  5
106
330
17
100
AcDbEntity
  8
TOP
100
AcDbPolyline
 90
16
 70
0
 10
1072.0
 20
920.0
 10
1071.6109545593918
 20
921.8303148938411
 10
1070.511087728615
 20
923.3441517146482
 10
1068.8905764746874
 20
924.2797543233282
 10
1067.0296219152956
 20
924.4753485291573
 10
1065.25
 20
923.89711431703
 10
1063.8594235253126
 20
922.6450336353162
 10
1063.098335796698
 20
920.9356026086799
 10
1063.098335796698
 20
919.0643973913201
 10
1063.8594235253126
 20
917.3549663646838
 10
1065.25
 20
916.10288568297
 10
1067.0296219152956
 20
915.5246514708427
 10
1068.8905764746874
 20
915.7202456766718
 10
1070.511087728615
 20
916.6558482853518
 10
1071.6109545593918
 20
918.1696851061589
 10
1072.0
 20
920.0
  0
LWPOLYLINE
  5
107
330
17
100
AcDbEntity
  8
TOP
100
AcDbPolyline
 90
16
 70
0
 10
1072.0
 20
920.0
 10
1071.6109545593918
 20
921.8303148938411
 10
1070.511087728615
 20
923.3441517146482
 10
1068.8905764746874
 20
924.2797543233282
 10
1067.0296219152956
 20
924.4753485291573
 10
1065.25
 20
923.89711431703
 10
1063.8594235253126
 20
922.6450336353162
 10
1063.098335796698
 20
920.9356026086799
 10
1063.098335796698
 20
919.0643973913201
 10
1063.8594235253126
 20
917.3549663646838
 10
1065.25
 20
916.10288568297
 10
1067.0296219152956
 20
915.5246514708427
 10
1068.8905764746874
 20
915.7202456766718
 10
1070.511087728615
 20
916.6558482853518
 10
1071.6109545593918
 20
918.1696851061589
 10
1072.0
 20
920.0
  0
LWPOLYLINE
  5
108
330
17
100
AcDbEntity
  8
TOP
100
AcDbPolyline
 90
2
 70
0
 10
1587.5
 20
40.0
 10
1587.5
 20
940.0
  0
LWPOLYLINE
  5
109
330
17
100
AcDbEntity
  8
TOP
100
AcDbPolyline
 90
2
 70
0
 10
1587.5
 20
40.0
 10
1587.5
 20
940.0
  0
LWPOLYLINE
  5
10A
330
17
100
AcDbEntity
  8
TOP
100
AcDbPolyline
 90
2
 70
0
 10
1587.5
 20
40.0
 10
1627.5
 20
40.0
  0
LWPOLYLINE
  5
10B
330
17
100
AcDbEntity
  8
TOP
100
AcDbPolyline
 90
2
 70
0
 10
1587.5
 20
40.0
 10
1627.5
 20
40.0
  0
LWPOLYLINE
  5
10C
330
17
100
AcDbEntity
  8
TOP
100
AcDbPolyline
 90
2
 70
0
 10
1587.5
 20
940.0
 10
1627.5
 20
940.0
  0
LWPOLYLINE
  5
10D
330
17
100
AcDbEntity
  8
TOP
100
AcDbPolyline
 90
2
 70
0
 10
1627.5
 20
40.0
 10
1627.5
 20
940.0
  0
LWPOLYLINE
  5
10E
330
17
100
AcDbEntity
  8
TOP
100
AcDbPolyline
 90
16
 70
0
 10
1611.75
 20
60.0
 10
1611.382568194981
 20
61.72863073307212
 10
1610.343805077025
 20
63.158365508278905
 10
1608.8133222260935
 20
64.04199019425442
 10
1607.0557540311124
 20
64.22671805531519
 10
1605.375
 20
63.68060796608387
 10
1604.0616777739065
 20
62.49808732224301
 10
1603.3428726968814
 20
60.88362468597546
 10
1603.3428726968814
 20
59.11637531402454
 10
1604.0616777739065
 20
57.50191267775699
 10
1605.375
 20
56.31939203391613
 10
1607.0557540311124
 20
55.77328194468481
 10
1608.8133222260935
 20
55.958009805745576
 10
1610.343805077025
 20
56.841634491721095
 10
1611.382568194981
 20
58.27136926692788
 10
1611.75
 20
60.0
  0
LWPOLYLINE
  5
10F
330
17
100
AcDbEntity
  8
TOP
100
AcDbPolyline
 90
16
 70
0
 10
1611.75
 20
920.0
 10
1611.382568194981
 20
921.7286307330721
 10
1610.343805077025
 20
923.1583655082788
 10
1608.8133222260935
 20
924.0419901942544
 10
1607.0557540311124
 20
924.2267180553151
 10
1605.375
 20
923.6806079660839
 10
1604.0616777739065
 20
922.498087322243
 10
1603.3428726968814
 20
920.8836246859755
 10
1603.3428726968814
 20
919.1163753140245
 10
1604.0616777739065
 20
917.501912677757
 10
1605.375
 20
916.3193920339161
 10
1607.0557540311124
 20
915.7732819446849
 10
1608.8133222260935
 20
915.9580098057456
 10
1610.343805077025
 20
916.8416344917212
 10
1611.382568194981
 20
918.2713692669279
 10
1611.75
 20
920.0
  0
LWPOLYLINE
  5
110
330
17
100
AcDbEntity
  8
TOP
100
AcDbPolyline
 90
2
 70
0
 10
1587.5
 20
940.0
 10
1627.5
 20
940.0
  0
LWPOLYLINE
  5
111
330
17
100
AcDbEntity
  8
TOP
100
AcDbPolyline
 90
2
 70
0
 10
1627.5
 20
40.0
 10
1627.5
 20
940.0
  0
LWPOLYLINE
  5
112
330
17
100
AcDbEntity
  8
TOP
100
AcDbPolyline
 90
16
 70
0
 10
1611.75
 20
60.0
 10
1611.382568194981
 20
61.72863073307212
 10
1610.343805077025
 20
63.158365508278905
 10
1608.8133222260935
 20
64.04199019425442
 10
1607.0557540311124
 20
64.22671805531519
 10
1605.375
 20
63.68060796608387
 10
1604.0616777739065
 20
62.49808732224301
 10
1603.3428726968814
 20
60.88362468597546
 10
1603.3428726968814
 20
59.11637531402454
 10
1604.0616777739065
 20
57.50191267775699
 10
1605.375
 20
56.31939203391613
 10
1607.0557540311124
 20
55.77328194468481
 10
1608.8133222260935
 20
55.958009805745576
 10
1610.343805077025
 20
56.841634491721095
 10
1611.382568194981
 20
58.27136926692788
 10
1611.75
 20
60.0
  0
LWPOLYLINE
  5
113
330
17
100
AcDbEntity
  8
TOP
100
AcDbPolyline
 90
16
 70
0
 10
1611.75
 20
920.0
 10
1611.382568194981
 20
921.7286307330721
 10
1610.343805077025
 20
923.1583655082788
 10
1608.8133222260935
 20
924.0419901942544
 10
1607.0557540311124
 20
924.2267180553151
 10
1605.375
 20
923.6806079660839
 10
1604.0616777739065
 20
922.498087322243
 10
1603.3428726968814
 20
920.8836246859755
 10
1603.3428726968814
 20
919.1163753140245
 10
1604.0616777739065
 20
917.501912677757
 10
1605.375
 20
916.3193920339161
 10
1607.0557540311124
 20
915.7732819446849
 10
1608.8133222260935
 20
915.9580098057456
 10
1610.343805077025
 20
916.8416344917212
 10
1611.382568194981
 20
918.2713692669279
 10
1611.75
 20
920.0
  0
LWPOLYLINE
  5
114
330
17
100
AcDbEntity
  8
TOP
100
AcDbPolyline
 90
16
 70
0
 10
1615.0
 20
60.0
 10
1614.3515909323196
 20
63.050524823068486
 10
1612.5184795476914
 20
65.57358619108044
 10
1609.8176274578123
 20
67.13292387221367
 10
1606.7160365254927
 20
67.45891421526204
 10
1603.75
 20
66.49519052838332
 10
1601.4323725421877
 20
64.40838939219356
 10
1600.1638929944966
 20
61.55933768113317
 10
1600.1638929944966
 20
58.44066231886683
 10
1601.4323725421877
 20
55.591610607806444
 10
1603.75
 20
53.50480947161674
 10
1606.7160365254927
 20
52.54108578473796
 10
1609.8176274578123
 20
52.86707612778633
 10
1612.5184795476914
 20
54.42641380891956
 10
1614.3515909323196
 20
56.949475176931514
 10
1615.0
 20
60.0
  0
LWPOLYLINE
  5
115
330
17
100
AcDbEntity
  8
TOP
100
AcDbPolyline
 90
16
 70
0
 10
1615.0
 20
60.0
 10
1614.3515909323196
 20
63.050524823068486
 10
1612.5184795476914
 20
65.57358619108044
 10
1609.8176274578123
 20
67.13292387221367
 10
1606.7160365254927
 20
67.45891421526204
 10
1603.75
 20
66.49519052838332
 10
1601.4323725421877
 20
64.40838939219356
 10
1600.1638929944966
 20
61.55933768113317
 10
1600.1638929944966
 20
58.44066231886683
 10
1601.4323725421877
 20
55.591610607806444
 10
1603.75
 20
53.50480947161674
 10
1606.7160365254927
 20
52.54108578473796
 10
1609.8176274578123
 20
52.86707612778633
 10
1612.5184795476914
 20
54.42641380891956
 10
1614.3515909323196
 20
56.949475176931514
 10
1615.0
 20
60.0
  0
LWPOLYLINE
  5
116
330
17
100
AcDbEntity
  8
TOP
100
AcDbPolyline
 90
16
 70
0
 10
1611.5
 20
60.0
 10
1611.1541818305705
 20
61.62694657230321
 10
1610.1765224254355
 20
62.972579301909605
 10
1608.7360679774997
 20
63.804226065180615
 10
1607.0818861469293
 20
63.97808758147312
 10
1605.5
 20
63.464101615137736
 10
1604.2639320225003
 20
62.35114100916991
 10
1603.5874095970648
 20
60.83164676327101
 10
1603.5874095970648
 20
59.16835323672899
 10
1604.2639320225003
 20
57.64885899083009
 10
1605.5
 20
56.535898384862264
 10
1607.0818861469293
 20
56.02191241852688
 10
1608.7360679774997
 20
56.195773934819385
 10
1610.1765224254355
 20
57.027420698090395
 10
1611.1541818305705
 20
58.37305342769679
 10
1611.5
 20
60.0
  0
LWPOLYLINE
  5
117
330
17
100
AcDbEntity
  8
TOP
100
AcDbPolyline
 90
16
 70
0
 10
1611.5
 20
60.0
 10
1611.1541818305705
 20
61.62694657230321
 10
1610.1765224254355
 20
62.972579301909605
 10
1608.7360679774997
 20
63.804226065180615
 10
1607.0818861469293
 20
63.97808758147312
 10
1605.5
 20
63.464101615137736
 10
1604.2639320225003
 20
62.35114100916991
 10
1603.5874095970648
 20
60.83164676327101
 10
1603.5874095970648
 20
59.16835323672899
 10
1604.2639320225003
 20
57.64885899083009
 10
1605.5
 20
56.535898384862264
 10
1607.0818861469293
 20
56.02191241852688
 10
1608.7360679774997
 20
56.195773934819385
 10
1610.1765224254355
 20
57.027420698090395
 10
1611.1541818305705
 20
58.37305342769679
 10
1611.5
 20
60.0
  0
LWPOLYLINE
  5
118
330
17
100
AcDbEntity
  8
TOP
100
AcDbPolyline
 90
16
 70
0
 10
1616.5
 20
60.0
 10
1615.7219091187835
 20
63.66062978768218
 10
1613.5221754572299
 20
66.68830342929652
 10
1610.2811529493745
 20
68.55950864665635
 10
1606.5592438305912
 20
68.95069705831446
 10
1603.0
 20
67.79422863405995
 10
1600.2188470506255
 20
65.29006727063228
 10
1598.6966715933959
 20
61.87120521735983
 10
1598.6966715933959
 20
58.12879478264017
 10
1600.2188470506255
 20
54.70993272936772
 10
1603.0
 20
52.20577136594005
 10
1606.5592438305912
 20
51.04930294168554
 10
1610.2811529493745
 20
51.440491353343646
 10
1613.5221754572299
 20
53.311696570703475
 10
1615.7219091187835
 20
56.33937021231782
 10
1616.5
 20
60.0
  0
LWPOLYLINE
  5
119
330
17
100
AcDbEntity
  8
TOP
100
AcDbPolyline
 90
16
 70
0
 10
1616.5
 20
60.0
 10
1615.7219091187835
 20
63.66062978768218
 10
1613.5221754572299
 20
66.68830342929652
 10
1610.2811529493745
 20
68.55950864665635
 10
1606.5592438305912
 20
68.95069705831446
 10
1603.0
 20
67.79422863405995
 10
1600.2188470506255
 20
65.29006727063228
 10
1598.6966715933959
 20
61.87120521735983
 10
1598.6966715933959
 20
58.12879478264017
 10
1600.2188470506255
 20
54.70993272936772
 10
1603.0
 20
52.20577136594005
 10
1606.5592438305912
 20
51.04930294168554
 10
1610.2811529493745
 20
51.440491353343646
 10
1613.5221754572299
 20
53.311696570703475
 10
1615.7219091187835
 20
56.33937021231782
 10
1616.5
 20
60.0
  0
LWPOLYLINE
  5
11A
330
17
100
AcDbEntity
  8
TOP
100
AcDbPolyline
 90
16
 70
0
 10
1612.0
 20
60.0
 10
1611.6109545593918
 20
61.83031489384109
 10
1610.5110877286147
 20
63.34415171464826
 10
1608.8905764746874
 20
64.27975432332818
 10
1607.0296219152956
 20
64.47534852915726
 10
1605.25
 20
63.897114317029946
 10
1603.8594235253126
 20
62.64503363531611
 10
1603.098335796698
 20
60.935602608679915
 10
1603.098335796698
 20
59.064397391320085
 10
1603.8594235253126
 20
57.35496636468389
 10
1605.25
 20
56.102885682970054
 10
1607.0296219152956
 20
55.52465147084274
 10
1608.8905764746874
 20
55.72024567667182
 10
1610.5110877286147
 20
56.65584828535174
 10
1611.6109545593918
 20
58.16968510615891
 10
1612.0
 20
60.0
  0
LWPOLYLINE
  5
11B
330
17
100
AcDbEntity
  8
TOP
100
AcDbPolyline
 90
16
 70
0
 10
1612.0
 20
60.0
 10
1611.6109545593918
 20
61.83031489384109
 10
1610.5110877286147
 20
63.34415171464826
 10
1608.8905764746874
 20
64.27975432332818
 10
1607.0296219152956
 20
64.47534852915726
 10
1605.25
 20
63.897114317029946
 10
1603.8594235253126
 20
62.64503363531611
 10
1603.098335796698
 20
60.935602608679915
 10
1603.098335796698
 20
59.064397391320085
 10
1603.8594235253126
 20
57.35496636468389
 10
1605.25
 20
56.102885682970054
 10
1607.0296219152956
 20
55.52465147084274
 10
1608.8905764746874
 20
55.72024567667182
 10
1610.5110877286147
 20
56.65584828535174
 10
1611.6109545593918
 20
58.16968510615891
 10
1612.0
 20
60.0
  0
LWPOLYLINE
  5
11C
330
17
100
AcDbEntity
  8
TOP
100
AcDbPolyline
 90
16
 70
0
 10
1615.0
 20
920.0
 10
1614.3515909323196
 20
923.0505248230685
 10
1612.5184795476914
 20
925.5735861910805
 10
1609.8176274578123
 20
927.1329238722137
 10
1606.7160365254927
 20
927.458914215262
 10
1603.75
 20
926.4951905283833
 10
1601.4323725421877
 20
924.4083893921936
 10
1600.1638929944966
 20
921.5593376811332
 10
1600.1638929944966
 20
918.4406623188668
 10
1601.4323725421877
 20
915.5916106078064
 10
1603.75
 20
913.5048094716167
 10
1606.7160365254927
 20
912.541085784738
 10
1609.8176274578123
 20
912.8670761277863
 10
1612.5184795476914
 20
914.4264138089195
 10
1614.3515909323196
 20
916.9494751769315
 10
1615.0
 20
920.0
  0
LWPOLYLINE
  5
11D
330
17
100
AcDbEntity
  8
TOP
100
AcDbPolyline
 90
16
 70
0
 10
1615.0
 20
920.0
 10
1614.3515909323196
 20
923.0505248230685
 10
1612.5184795476914
 20
925.5735861910805
 10
1609.8176274578123
 20
927.1329238722137
 10
1606.7160365254927
 20
927.458914215262
 10
1603.75
 20
926.4951905283833
 10
1601.4323725421877
 20
924.4083893921936
 10
1600.1638929944966
 20
921.5593376811332
 10
1600.1638929944966
 20
918.4406623188668
 10
1601.4323725421877
 20
915.5916106078064
 10
1603.75
 20
913.5048094716167
 10
1606.7160365254927
 20
912.541085784738
 10
1609.8176274578123
 20
912.8670761277863
 10
1612.5184795476914
 20
914.4264138089195
 10
1614.3515909323196
 20
916.9494751769315
 10
1615.0
 20
920.0
  0
LWPOLYLINE
  5
11E
330
17
100
AcDbEntity
  8
TOP
100
AcDbPolyline
 90
16
 70
0
 10
1611.5
 20
920.0
 10
1611.1541818305705
 20
921.6269465723033
 10
1610.1765224254355
 20
922.9725793019096
 10
1608.7360679774997
 20
923.8042260651806
 10
1607.0818861469293
 20
923.9780875814731
 10
1605.5
 20
923.4641016151377
 10
1604.2639320225003
 20
922.3511410091699
 10
1603.5874095970648
 20
920.831646763271
 10
1603.5874095970648
 20
919.168353236729
 10
1604.2639320225003
 20
917.6488589908301
 10
1605.5
 20
916.5358983848623
 10
1607.0818861469293
 20
916.0219124185269
 10
1608.7360679774997
 20
916.1957739348194
 10
1610.1765224254355
 20
917.0274206980904
 10
1611.1541818305705
 20
918.3730534276967
 10
1611.5
 20
920.0
  0
LWPOLYLINE
  5
11F
330
17
100
AcDbEntity
  8
TOP
100
AcDbPolyline
 90
16
 70
0
 10
1611.5
 20
920.0
 10
1611.1541818305705
 20
921.6269465723033
 10
1610.1765224254355
 20
922.9725793019096
 10
1608.7360679774997
 20
923.8042260651806
 10
1607.0818861469293
 20
923.9780875814731
 10
1605.5
 20
923.4641016151377
 10
1604.2639320225003
 20
922.3511410091699
 10
1603.5874095970648
 20
920.831646763271
 10
1603.5874095970648
 20
919.168353236729
 10
1604.2639320225003
 20
917.6488589908301
 10
1605.5
 20
916.5358983848623
 10
1607.0818861469293
 20
916.0219124185269
 10
1608.7360679774997
 20
916.1957739348194
 10
1610.1765224254355
 20
917.0274206980904
 10
1611.1541818305705
 20
918.3730534276967
 10
1611.5
 20
920.0
  0
LWPOLYLINE
  5
120
330
17
100
AcDbEntity
  8
TOP
100
AcDbPolyline
 90
16
 70
0
 10
1616.5
 20
920.0
 10
1615.7219091187835
 20
923.6606297876822
 10
1613.5221754572299
 20
926.6883034292965
 10
1610.2811529493745
 20
928.5595086466564
 10
1606.5592438305912
 20
928.9506970583145
 10
1603.0
 20
927.7942286340599
 10
1600.2188470506255
 20
925.2900672706323
 10
1598.6966715933959
 20
921.8712052173598
 10
1598.6966715933959
 20
918.1287947826402
 10
1600.2188470506255
 20
914.7099327293677
 10
1603.0
 20
912.2057713659401
 10
1606.5592438305912
 20
911.0493029416855
 10
1610.2811529493745
 20
911.4404913533436
 10
1613.5221754572299
 20
913.3116965707035
 10
1615.7219091187835
 20
916.3393702123178
 10
1616.5
 20
920.0
  0
LWPOLYLINE
  5
121
330
17
100
AcDbEntity
  8
TOP
100
AcDbPolyline
 90
16
 70
0
 10
1616.5
 20
920.0
 10
1615.7219091187835
 20
923.6606297876822
 10
1613.5221754572299
 20
926.6883034292965
 10
1610.2811529493745
 20
928.5595086466564
 10
1606.5592438305912
 20
928.9506970583145
 10
1603.0
 20
927.7942286340599
 10
1600.2188470506255
 20
925.2900672706323
 10
1598.6966715933959
 20
921.8712052173598
 10
1598.6966715933959
 20
918.1287947826402
 10
1600.2188470506255
 20
914.7099327293677
 10
1603.0
 20
912.2057713659401
 10
1606.5592438305912
 20
911.0493029416855
 10
1610.2811529493745
 20
911.4404913533436
 10
1613.5221754572299
 20
913.3116965707035
 10
1615.7219091187835
 20
916.3393702123178
 10
1616.5
 20
920.0
  0
LWPOLYLINE
  5
122
330
17
100
AcDbEntity
  8
TOP
100
AcDbPolyline
 90
16
 70
0
 10
1612.0
 20
920.0
 10
1611.6109545593918
 20
921.8303148938411
 10
1610.5110877286147
 20
923.3441517146482
 10
1608.8905764746874
 20
924.2797543233282
 10
1607.0296219152956
 20
924.4753485291573
 10
1605.25
 20
923.89711431703
 10
1603.8594235253126
 20
922.6450336353162
 10
1603.098335796698
 20
920.9356026086799
 10
1603.098335796698
 20
919.0643973913201
 10
1603.8594235253126
 20
917.3549663646838
 10
1605.25
 20
916.10288568297
 10
1607.0296219152956
 20
915.5246514708427
 10
1608.8905764746874
 20
915.7202456766718
 10
1610.5110877286147
 20
916.6558482853518
 10
1611.6109545593918
 20
918.1696851061589
 10
1612.0
 20
920.0
  0
LWPOLYLINE
  5
123
330
17
100
AcDbEntity
  8
TOP
100
AcDbPolyline
 90
16
 70
0
 10
1612.0
 20
920.0
 10
1611.6109545593918
 20
921.8303148938411
 10
1610.5110877286147
 20
923.3441517146482
 10
1608.8905764746874
 20
924.2797543233282
 10
1607.0296219152956
 20
924.4753485291573
 10
1605.25
 20
923.89711431703
 10
1603.8594235253126
 20
922.6450336353162
 10
1603.098335796698
 20
920.9356026086799
 10
1603.098335796698
 20
919.0643973913201
 10
1603.8594235253126
 20
917.3549663646838
 10
1605.25
 20
916.10288568297
 10
1607.0296219152956
 20
915.5246514708427
 10
1608.8905764746874
 20
915.7202456766718
 10
1610.5110877286147
 20
916.6558482853518
 10
1611.6109545593918
 20
918.1696851061589
 10
1612.0
 20
920.0
  0
LWPOLYLINE
  5
124
330
17
100
AcDbEntity
  8
TOP
100
AcDbPolyline
 90
2
 70
0
 10
1047.5
 20
110.0
 10
1047.5
 20
150.0
  0
LWPOLYLINE
  5
125
330
17
100
AcDbEntity
  8
TOP
100
AcDbPolyline
 90
2
 70
0
 10
1047.5
 20
110.0
 10
1047.5
 20
150.0
  0
LWPOLYLINE
  5
126
330
17
100
AcDbEntity
  8
TOP
100
AcDbPolyline
 90
2
 70
0
 10
1047.5
 20
110.0
 10
1087.5
 20
110.0
  0
LWPOLYLINE
  5
127
330
17
100
AcDbEntity
  8
TOP
100
AcDbPolyline
 90
2
 70
0
 10
1047.5
 20
110.0
 10
1087.5
 20
110.0
  0
LWPOLYLINE
  5
128
330
17
100
AcDbEntity
  8
TOP
100
AcDbPolyline
 90
2
 70
0
 10
1047.5
 20
150.0
 10
1087.5
 20
150.0
  0
LWPOLYLINE
  5
129
330
17
100
AcDbEntity
  8
TOP
100
AcDbPolyline
 90
2
 70
0
 10
1087.5
 20
110.0
 10
1087.5
 20
150.0
  0
LWPOLYLINE
  5
12A
330
17
100
AcDbEntity
  8
TOP
100
AcDbPolyline
 90
2
 70
0
 10
1084.5
 20
113.0
 10
1050.5
 20
113.0
  0
LWPOLYLINE
  5
12B
330
17
100
AcDbEntity
  8
TOP
100
AcDbPolyline
 90
2
 70
0
 10
1084.5
 20
113.0
 10
1084.5
 20
147.0
  0
LWPOLYLINE
  5
12C
330
17
100
AcDbEntity
  8
TOP
100
AcDbPolyline
 90
2
 70
0
 10
1084.5
 20
147.0
 10
1050.5
 20
147.0
  0
LWPOLYLINE
  5
12D
330
17
100
AcDbEntity
  8
TOP
100
AcDbPolyline
 90
2
 70
0
 10
1050.5
 20
113.0
 10
1050.5
 20
147.0
  0
LWPOLYLINE
  5
12E
330
17
100
AcDbEntity
  8
TOP
100
AcDbPolyline
 90
2
 70
0
 10
1047.5
 20
150.0
 10
1087.5
 20
150.0
  0
LWPOLYLINE
  5
12F
330
17
100
AcDbEntity
  8
TOP
100
AcDbPolyline
 90
2
 70
0
 10
1087.5
 20
110.0
 10
1087.5
 20
150.0
  0
LWPOLYLINE
  5
130
330
17
100
AcDbEntity
  8
TOP
100
AcDbPolyline
 90
2
 70
0
 10
1084.5
 20
113.0
 10
1050.5
 20
113.0
  0
LWPOLYLINE
  5
131
330
17
100
AcDbEntity
  8
TOP
100
AcDbPolyline
 90
2
 70
0
 10
1084.5
 20
113.0
 10
1084.5
 20
147.0
  0
LWPOLYLINE
  5
132
330
17
100
AcDbEntity
  8
TOP
100
AcDbPolyline
 90
2
 70
0
 10
1084.5
 20
147.0
 10
1050.5
 20
147.0
  0
LWPOLYLINE
  5
133
330
17
100
AcDbEntity
  8
TOP
100
AcDbPolyline
 90
2
 70
0
 10
1050.5
 20
113.0
 10
1050.5
 20
147.0
  0
LWPOLYLINE
  5
134
330
17
100
AcDbEntity
  8
TOP
100
AcDbPolyline
 90
2
 70
0
 10
1587.5
 20
110.0
 10
1587.5
 20
150.0
  0
LWPOLYLINE
  5
135
330
17
100
AcDbEntity
  8
TOP
100
AcDbPolyline
 90
2
 70
0
 10
1587.5
 20
110.0
 10
1587.5
 20
150.0
  0
LWPOLYLINE
  5
136
330
17
100
AcDbEntity
  8
TOP
100
AcDbPolyline
 90
2
 70
0
 10
1587.5
 20
110.0
 10
1627.5
 20
110.0
  0
LWPOLYLINE
  5
137
330
17
100
AcDbEntity
  8
TOP
100
AcDbPolyline
 90
2
 70
0
 10
1587.5
 20
110.0
 10
1627.5
 20
110.0
  0
LWPOLYLINE
  5
138
330
17
100
AcDbEntity
  8
TOP
100
AcDbPolyline
 90
2
 70
0
 10
1587.5
 20
150.0
 10
1627.5
 20
150.0
  0
LWPOLYLINE
  5
139
330
17
100
AcDbEntity
  8
TOP
100
AcDbPolyline
 90
2
 70
0
 10
1627.5
 20
110.0
 10
1627.5
 20
150.0
  0
LWPOLYLINE
  5
13A
330
17
100
AcDbEntity
  8
TOP
100
AcDbPolyline
 90
2
 70
0
 10
1624.5
 20
113.0
 10
1590.5
 20
113.0
  0
LWPOLYLINE
  5
13B
330
17
100
AcDbEntity
  8
TOP
100
AcDbPolyline
 90
2
 70
0
 10
1624.5
 20
113.0
 10
1624.5
 20
147.0
  0
LWPOLYLINE
  5
13C
330
17
100
AcDbEntity
  8
TOP
100
AcDbPolyline
 90
2
 70
0
 10
1624.5
 20
147.0
 10
1590.5
 20
147.0
  0
LWPOLYLINE
  5
13D
330
17
100
AcDbEntity
  8
TOP
100
AcDbPolyline
 90
2
 70
0
 10
1590.5
 20
113.0
 10
1590.5
 20
147.0
  0
LWPOLYLINE
  5
13E
330
17
100
AcDbEntity
  8
TOP
100
AcDbPolyline
 90
2
 70
0
 10
1587.5
 20
150.0
 10
1627.5
 20
150.0
  0
LWPOLYLINE
  5
13F
330
17
100
AcDbEntity
  8
TOP
100
AcDbPolyline
 90
2
 70
0
 10
1627.5
 20
110.0
 10
1627.5
 20
150.0
  0
LWPOLYLINE
  5
140
330
17
100
AcDbEntity
  8
TOP
100
AcDbPolyline
 90
2
 70
0
 10
1624.5
 20
113.0
 10
1590.5
 20
113.0
  0
LWPOLYLINE
  5
141
330
17
100
AcDbEntity
  8
TOP
100
AcDbPolyline
 90
2
 70
0
 10
1624.5
 20
113.0
 10
1624.5
 20
147.0
  0
LWPOLYLINE
  5
142
330
17
100
AcDbEntity
  8
TOP
100
AcDbPolyline
 90
2
 70
0
 10
1624.5
 20
147.0
 10
1590.5
 20
147.0
  0
LWPOLYLINE
  5
143
330
17
100
AcDbEntity
  8
TOP
100
AcDbPolyline
 90
2
 70
0
 10
1590.5
 20
113.0
 10
1590.5
 20
147.0
  0
LWPOLYLINE
  5
144
330
17
100
AcDbEntity
  8
TOP
100
AcDbPolyline
 90
2
 70
0
 10
1047.5
 20
830.0
 10
1047.5
 20
870.0
  0
LWPOLYLINE
  5
145
330
17
100
AcDbEntity
  8
TOP
100
AcDbPolyline
 90
2
 70
0
 10
1047.5
 20
830.0
 10
1047.5
 20
870.0
  0
LWPOLYLINE
  5
146
330
17
100
AcDbEntity
  8
TOP
100
AcDbPolyline
 90
2
 70
0
 10
1047.5
 20
830.0
 10
1087.5
 20
830.0
  0
LWPOLYLINE
  5
147
330
17
100
AcDbEntity
  8
TOP
100
AcDbPolyline
 90
2
 70
0
 10
1047.5
 20
830.0
 10
1087.5
 20
830.0
  0
LWPOLYLINE
  5
148
330
17
100
AcDbEntity
  8
TOP
100
AcDbPolyline
 90
2
 70
0
 10
1047.5
 20
870.0
 10
1087.5
 20
870.0
  0
LWPOLYLINE
  5
149
330
17
100
AcDbEntity
  8
TOP
100
AcDbPolyline
 90
2
 70
0
 10
1087.5
 20
830.0
 10
1087.5
 20
870.0
  0
LWPOLYLINE
  5
14A
330
17
100
AcDbEntity
  8
TOP
100
AcDbPolyline
 90
2
 70
0
 10
1084.5
 20
833.0
 10
1050.5
 20
833.0
  0
LWPOLYLINE
  5
14B
330
17
100
AcDbEntity
  8
TOP
100
AcDbPolyline
 90
2
 70
0
 10
1084.5
 20
833.0
 10
1084.5
 20
867.0
  0
LWPOLYLINE
  5
14C
330
17
100
AcDbEntity
  8
TOP
100
AcDbPolyline
 90
2
 70
0
 10
1084.5
 20
867.0
 10
1050.5
 20
867.0
  0
LWPOLYLINE
  5
14D
330
17
100
AcDbEntity
  8
TOP
100
AcDbPolyline
 90
2
 70
0
 10
1050.5
 20
833.0
 10
1050.5
 20
867.0
  0
LWPOLYLINE
  5
14E
330
17
100
AcDbEntity
  8
TOP
100
AcDbPolyline
 90
2
 70
0
 10
1047.5
 20
870.0
 10
1087.5
 20
870.0
  0
LWPOLYLINE
  5
14F
330
17
100
AcDbEntity
  8
TOP
100
AcDbPolyline
 90
2
 70
0
 10
1087.5
 20
830.0
 10
1087.5
 20
870.0
  0
LWPOLYLINE
  5
150
330
17
100
AcDbEntity
  8
TOP
100
AcDbPolyline
 90
2
 70
0
 10
1084.5
 20
833.0
 10
1050.5
 20
833.0
  0
LWPOLYLINE
  5
151
330
17
100
AcDbEntity
  8
TOP
100
AcDbPolyline
 90
2
 70
0
 10
1084.5
 20
833.0
 10
1084.5
 20
867.0
  0
LWPOLYLINE
  5
152
330
17
100
AcDbEntity
  8
TOP
100
AcDbPolyline
 90
2
 70
0
 10
1084.5
 20
867.0
 10
1050.5
 20
867.0
  0
LWPOLYLINE
  5
153
330
17
100
AcDbEntity
  8
TOP
100
AcDbPolyline
 90
2
 70
0
 10
1050.5
 20
833.0
 10
1050.5
 20
867.0
  0
LWPOLYLINE
  5
154
330
17
100
AcDbEntity
  8
TOP
100
AcDbPolyline
 90
2
 70
0
 10
1587.5
 20
830.0
 10
1587.5
 20
870.0
  0
LWPOLYLINE
  5
155
330
17
100
AcDbEntity
  8
TOP
100
AcDbPolyline
 90
2
 70
0
 10
1587.5
 20
830.0
 10
1587.5
 20
870.0
  0
LWPOLYLINE
  5
156
330
17
100
AcDbEntity
  8
TOP
100
AcDbPolyline
 90
2
 70
0
 10
1587.5
 20
830.0
 10
1627.5
 20
830.0
  0
LWPOLYLINE
  5
157
330
17
100
AcDbEntity
  8
TOP
100
AcDbPolyline
 90
2
 70
0
 10
1587.5
 20
830.0
 10
1627.5
 20
830.0
  0
LWPOLYLINE
  5
158
330
17
100
AcDbEntity
  8
TOP
100
AcDbPolyline
 90
2
 70
0
 10
1587.5
 20
870.0
 10
1627.5
 20
870.0
  0
LWPOLYLINE
  5
159
330
17
100
AcDbEntity
  8
TOP
100
AcDbPolyline
 90
2
 70
0
 10
1627.5
 20
830.0
 10
1627.5
 20
870.0
  0
LWPOLYLINE
  5
15A
330
17
100
AcDbEntity
  8
TOP
100
AcDbPolyline
 90
2
 70
0
 10
1624.5
 20
833.0
 10
1590.5
 20
833.0
  0
LWPOLYLINE
  5
15B
330
17
100
AcDbEntity
  8
TOP
100
AcDbPolyline
 90
2
 70
0
 10
1624.5
 20
833.0
 10
1624.5
 20
867.0
  0
LWPOLYLINE
  5
15C
330
17
100
AcDbEntity
  8
TOP
100
AcDbPolyline
 90
2
 70
0
 10
1624.5
 20
867.0
 10
1590.5
 20
867.0
  0
LWPOLYLINE
  5
15D
330
17
100
AcDbEntity
  8
TOP
100
AcDbPolyline
 90
2
 70
0
 10
1590.5
 20
833.0
 10
1590.5
 20
867.0
  0
LWPOLYLINE
  5
15E
330
17
100
AcDbEntity
  8
TOP
100
AcDbPolyline
 90
2
 70
0
 10
1587.5
 20
870.0
 10
1627.5
 20
870.0
  0
LWPOLYLINE
  5
15F
330
17
100
AcDbEntity
  8
TOP
100
AcDbPolyline
 90
2
 70
0
 10
1627.5
 20
830.0
 10
1627.5
 20
870.0
  0
LWPOLYLINE
  5
160
330
17
100
AcDbEntity
  8
TOP
100
AcDbPolyline
 90
2
 70
0
 10
1624.5
 20
833.0
 10
1590.5
 20
833.0
  0
LWPOLYLINE
  5
161
330
17
100
AcDbEntity
  8
TOP
100
AcDbPolyline
 90
2
 70
0
 10
1624.5
 20
833.0
 10
1624.5
 20
867.0
  0
LWPOLYLINE
  5
162
330
17
100
AcDbEntity
  8
TOP
100
AcDbPolyline
 90
2
 70
0
 10
1624.5
 20
867.0
 10
1590.5
 20
867.0
  0
LWPOLYLINE
  5
163
330
17
100
AcDbEntity
  8
TOP
100
AcDbPolyline
 90
2
 70
0
 10
1590.5
 20
833.0
 10
1590.5
 20
867.0
  0
LWPOLYLINE
  5
164
330
17
100
AcDbEntity
  8
TOP
100
AcDbPolyline
 90
2
 70
0
 10
1047.5
 20
0.0
 10
1047.5
 20
980.0
  0
LWPOLYLINE
  5
165
330
17
100
AcDbEntity
  8
TOP
100
AcDbPolyline
 90
2
 70
0
 10
1047.5
 20
0.0
 10
1047.5
 20
980.0
  0
LWPOLYLINE
  5
166
330
17
100
AcDbEntity
  8
TOP
100
AcDbPolyline
 90
2
 70
0
 10
1087.5
 20
0.0
 10
1087.5
 20
980.0
  0
LWPOLYLINE
  5
167
330
17
100
AcDbEntity
  8
TOP
100
AcDbPolyline
 90
2
 70
0
 10
1087.5
 20
0.0
 10
1087.5
 20
980.0
  0
LWPOLYLINE
  5
168
330
17
100
AcDbEntity
  8
TOP
100
AcDbPolyline
 90
2
 70
0
 10
1047.5
 20
0.0
 10
1087.5
 20
0.0
  0
LWPOLYLINE
  5
169
330
17
100
AcDbEntity
  8
TOP
100
AcDbPolyline
 90
2
 70
0
 10
1047.5
 20
0.0
 10
1087.5
 20
0.0
  0
LWPOLYLINE
  5
16A
330
17
100
AcDbEntity
  8
TOP
100
AcDbPolyline
 90
2
 70
0
 10
1047.5
 20
980.0
 10
1087.5
 20
980.0
  0
LWPOLYLINE
  5
16B
330
17
100
AcDbEntity
  8
TOP
100
AcDbPolyline
 90
2
 70
0
 10
1047.5
 20
980.0
 10
1087.5
 20
980.0
  0
LWPOLYLINE
  5
16C
330
17
100
AcDbEntity
  8
TOP
100
AcDbPolyline
 90
2
 70
0
 10
1587.5
 20
0.0
 10
1587.5
 20
980.0
  0
LWPOLYLINE
  5
16D
330
17
100
AcDbEntity
  8
TOP
100
AcDbPolyline
 90
2
 70
0
 10
1587.5
 20
0.0
 10
1587.5
 20
980.0
  0
LWPOLYLINE
  5
16E
330
17
100
AcDbEntity
  8
TOP
100
AcDbPolyline
 90
2
 70
0
 10
1627.5
 20
0.0
 10
1627.5
 20
980.0
  0
LWPOLYLINE
  5
16F
330
17
100
AcDbEntity
  8
TOP
100
AcDbPolyline
 90
2
 70
0
 10
1627.5
 20
0.0
 10
1627.5
 20
980.0
  0
LWPOLYLINE
  5
170
330
17
100
AcDbEntity
  8
TOP
100
AcDbPolyline
 90
2
 70
0
 10
1587.5
 20
0.0
 10
1627.5
 20
0.0
  0
LWPOLYLINE
  5
171
330
17
100
AcDbEntity
  8
TOP
100
AcDbPolyline
 90
2
 70
0
 10
1587.5
 20
0.0
 10
1627.5
 20
0.0
  0
LWPOLYLINE
  5
172
330
17
100
AcDbEntity
  8
TOP
100
AcDbPolyline
 90
2
 70
0
 10
1587.5
 20
980.0
 10
1627.5
 20
980.0
  0
LWPOLYLINE
  5
173
330
17
100
AcDbEntity
  8
TOP
100
AcDbPolyline
 90
2
 70
0
 10
1587.5
 20
980.0
 10
1627.5
 20
980.0
  0
LWPOLYLINE
  5
174
330
17
100
AcDbEntity
  8
TOP
100
AcDbPolyline
 90
2
 70
0
 10
1087.5
 20
110.0
 10
1087.5
 20
150.0
  0
LWPOLYLINE
  5
175
330
17
100
AcDbEntity
  8
TOP
100
AcDbPolyline
 90
2
 70
0
 10
1087.5
 20
110.0
 10
1087.5
 20
150.0
  0
LWPOLYLINE
  5
176
330
17
100
AcDbEntity
  8
TOP
100
AcDbPolyline
 90
2
 70
0
 10
1587.5
 20
110.0
 10
1587.5
 20
150.0
  0
LWPOLYLINE
  5
177
330
17
100
AcDbEntity
  8
TOP
100
AcDbPolyline
 90
2
 70
0
 10
1587.5
 20
110.0
 10
1587.5
 20
150.0
  0
LWPOLYLINE
  5
178
330
17
100
AcDbEntity
  8
TOP
100
AcDbPolyline
 90
2
 70
0
 10
1087.5
 20
110.0
 10
1587.5
 20
110.0
  0
LWPOLYLINE
  5
179
330
17
100
AcDbEntity
  8
TOP
100
AcDbPolyline
 90
2
 70
0
 10
1087.5
 20
110.0
 10
1587.5
 20
110.0
  0
LWPOLYLINE
  5
17A
330
17
100
AcDbEntity
  8
TOP
100
AcDbPolyline
 90
2
 70
0
 10
1087.5
 20
150.0
 10
1587.5
 20
150.0
  0
LWPOLYLINE
  5
17B
330
17
100
AcDbEntity
  8
TOP
100
AcDbPolyline
 90
2
 70
0
 10
1087.5
 20
150.0
 10
1587.5
 20
150.0
  0
LWPOLYLINE
  5
17C
330
17
100
AcDbEntity
  8
TOP
100
AcDbPolyline
 90
2
 70
0
 10
1087.5
 20
830.0
 10
1087.5
 20
870.0
  0
LWPOLYLINE
  5
17D
330
17
100
AcDbEntity
  8
TOP
100
AcDbPolyline
 90
2
 70
0
 10
1087.5
 20
830.0
 10
1087.5
 20
870.0
  0
LWPOLYLINE
  5
17E
330
17
100
AcDbEntity
  8
TOP
100
AcDbPolyline
 90
2
 70
0
 10
1587.5
 20
830.0
 10
1587.5
 20
870.0
  0
LWPOLYLINE
  5
17F
330
17
100
AcDbEntity
  8
TOP
100
AcDbPolyline
 90
2
 70
0
 10
1587.5
 20
830.0
 10
1587.5
 20
870.0
  0
LWPOLYLINE
  5
180
330
17
100
AcDbEntity
  8
TOP
100
AcDbPolyline
 90
2
 70
0
 10
1087.5
 20
830.0
 10
1587.5
 20
830.0
  0
LWPOLYLINE
  5
181
330
17
100
AcDbEntity
  8
TOP
100
AcDbPolyline
 90
2
 70
0
 10
1087.5
 20
830.0
 10
1587.5
 20
830.0
  0
LWPOLYLINE
  5
182
330
17
100
AcDbEntity
  8
TOP
100
AcDbPolyline
 90
2
 70
0
 10
1087.5
 20
870.0
 10
1587.5
 20
870.0
  0
LWPOLYLINE
  5
183
330
17
100
AcDbEntity
  8
TOP
100
AcDbPolyline
 90
2
 70
0
 10
1087.5
 20
870.0
 10
1587.5
 20
870.0
  0
LWPOLYLINE
  5
184
330
17
100
AcDbEntity
  8
TOP
100
AcDbPolyline
 90
2
 70
0
 10
1003.5
 20
40.0
 10
1003.5
 20
465.0
  0
LWPOLYLINE
  5
185
330
17
100
AcDbEntity
  8
TOP
100
AcDbPolyline
 90
2
 70
0
 10
1003.5
 20
40.0
 10
1003.5
 20
465.0
  0
LWPOLYLINE
  5
186
330
17
100
AcDbEntity
  8
TOP
100
AcDbPolyline
 90
2
 70
0
 10
1671.5
 20
40.0
 10
1671.5
 20
465.0
  0
LWPOLYLINE
  5
187
330
17
100
AcDbEntity
  8
TOP
100
AcDbPolyline
 90
2
 70
0
 10
1671.5
 20
40.0
 10
1671.5
 20
465.0
  0
LWPOLYLINE
  5
188
330
17
100
AcDbEntity
  8
TOP
100
AcDbPolyline
 90
2
 70
0
 10
1003.5
 20
40.0
 10
1671.5
 20
40.0
  0
LWPOLYLINE
  5
189
330
17
100
AcDbEntity
  8
TOP
100
AcDbPolyline
 90
2
 70
0
 10
1003.5
 20
40.0
 10
1671.5
 20
40.0
  0
LWPOLYLINE
  5
18A
330
17
100
AcDbEntity
  8
TOP
100
AcDbPolyline
 90
2
 70
0
 10
1003.5
 20
465.0
 10
1671.5
 20
465.0
  0
LWPOLYLINE
  5
18B
330
17
100
AcDbEntity
  8
TOP
100
AcDbPolyline
 90
2
 70
0
 10
1003.5
 20
465.0
 10
1671.5
 20
465.0
  0
LWPOLYLINE
  5
18C
330
17
100
AcDbEntity
  8
TOP
100
AcDbPolyline
 90
2
 70
0
 10
1292.5
 20
227.5
 10
1292.5
 20
277.5
  0
LWPOLYLINE
  5
18D
330
17
100
AcDbEntity
  8
TOP
100
AcDbPolyline
 90
2
 70
0
 10
1292.5
 20
227.5
 10
1292.5
 20
277.5
  0
LWPOLYLINE
  5
18E
330
17
100
AcDbEntity
  8
TOP
100
AcDbPolyline
 90
2
 70
0
 10
1382.5
 20
227.5
 10
1382.5
 20
277.5
  0
LWPOLYLINE
  5
18F
330
17
100
AcDbEntity
  8
TOP
100
AcDbPolyline
 90
2
 70
0
 10
1382.5
 20
227.5
 10
1382.5
 20
277.5
  0
LWPOLYLINE
  5
190
330
17
100
AcDbEntity
  8
TOP
100
AcDbPolyline
 90
2
 70
0
 10
1292.5
 20
227.5
 10
1382.5
 20
227.5
  0
LWPOLYLINE
  5
191
330
17
100
AcDbEntity
  8
TOP
100
AcDbPolyline
 90
2
 70
0
 10
1292.5
 20
227.5
 10
1382.5
 20
227.5
  0
LWPOLYLINE
  5
192
330
17
100
AcDbEntity
  8
TOP
100
AcDbPolyline
 90
2
 70
0
 10
1292.5
 20
277.5
 10
1382.5
 20
277.5
  0
LWPOLYLINE
  5
193
330
17
100
AcDbEntity
  8
TOP
100
AcDbPolyline
 90
2
 70
0
 10
1292.5
 20
277.5
 10
1382.5
 20
277.5
  0
LWPOLYLINE
  5
194
330
17
100
AcDbEntity
  8
TOP
100
AcDbPolyline
 90
2
 70
0
 10
1047.5
 20
72.5
 10
1047.5
 20
122.5
  0
LWPOLYLINE
  5
195
330
17
100
AcDbEntity
  8
TOP
100
AcDbPolyline
 90
2
 70
0
 10
1047.5
 20
72.5
 10
1047.5
 20
122.5
  0
LWPOLYLINE
  5
196
330
17
100
AcDbEntity
  8
TOP
100
AcDbPolyline
 90
2
 70
0
 10
1087.5
 20
72.5
 10
1087.5
 20
122.5
  0
LWPOLYLINE
  5
197
330
17
100
AcDbEntity
  8
TOP
100
AcDbPolyline
 90
2
 70
0
 10
1087.5
 20
72.5
 10
1087.5
 20
122.5
  0
LWPOLYLINE
  5
198
330
17
100
AcDbEntity
  8
TOP
100
AcDbPolyline
 90
2
 70
0
 10
1047.5
 20
72.5
 10
1087.5
 20
72.5
  0
LWPOLYLINE
  5
199
330
17
100
AcDbEntity
  8
TOP
100
AcDbPolyline
 90
2
 70
0
 10
1047.5
 20
72.5
 10
1087.5
 20
72.5
  0
LWPOLYLINE
  5
19A
330
17
100
AcDbEntity
  8
TOP
100
AcDbPolyline
 90
2
 70
0
 10
1047.5
 20
122.5
 10
1087.5
 20
122.5
  0
LWPOLYLINE
  5
19B
330
17
100
AcDbEntity
  8
TOP
100
AcDbPolyline
 90
2
 70
0
 10
1047.5
 20
122.5
 10
1087.5
 20
122.5
  0
LWPOLYLINE
  5
19C
330
17
100
AcDbEntity
  8
TOP
100
AcDbPolyline
 90
2
 70
0
 10
1047.5
 20
382.5
 10
1047.5
 20
432.5
  0
LWPOLYLINE
  5
19D
330
17
100
AcDbEntity
  8
TOP
100
AcDbPolyline
 90
2
 70
0
 10
1047.5
 20
382.5
 10
1047.5
 20
432.5
  0
LWPOLYLINE
  5
19E
330
17
100
AcDbEntity
  8
TOP
100
AcDbPolyline
 90
2
 70
0
 10
1087.5
 20
382.5
 10
1087.5
 20
432.5
  0
LWPOLYLINE
  5
19F
330
17
100
AcDbEntity
  8
TOP
100
AcDbPolyline
 90
2
 70
0
 10
1087.5
 20
382.5
 10
1087.5
 20
432.5
  0
LWPOLYLINE
  5
1A0
330
17
100
AcDbEntity
  8
TOP
100
AcDbPolyline
 90
2
 70
0
 10
1047.5
 20
382.5
 10
1087.5
 20
382.5
  0
LWPOLYLINE
  5
1A1
330
17
100
AcDbEntity
  8
TOP
100
AcDbPolyline
 90
2
 70
0
 10
1047.5
 20
382.5
 10
1087.5
 20
382.5
  0
LWPOLYLINE
  5
1A2
330
17
100
AcDbEntity
  8
TOP
100
AcDbPolyline
 90
2
 70
0
 10
1047.5
 20
432.5
 10
1087.5
 20
432.5
  0
LWPOLYLINE
  5
1A3
330
17
100
AcDbEntity
  8
TOP
100
AcDbPolyline
 90
2
 70
0
 10
1047.5
 20
432.5
 10
1087.5
 20
432.5
  0
LWPOLYLINE
  5
1A4
330
17
100
AcDbEntity
  8
TOP
100
AcDbPolyline
 90
2
 70
0
 10
1587.5
 20
72.5
 10
1587.5
 20
122.5
  0
LWPOLYLINE
  5
1A5
330
17
100
AcDbEntity
  8
TOP
100
AcDbPolyline
 90
2
 70
0
 10
1587.5
 20
72.5
 10
1587.5
 20
122.5
  0
LWPOLYLINE
  5
1A6
330
17
100
AcDbEntity
  8
TOP
100
AcDbPolyline
 90
2
 70
0
 10
1627.5
 20
72.5
 10
1627.5
 20
122.5
  0
LWPOLYLINE
  5
1A7
330
17
100
AcDbEntity
  8
TOP
100
AcDbPolyline
 90
2
 70
0
 10
1627.5
 20
72.5
 10
1627.5
 20
122.5
  0
LWPOLYLINE
  5
1A8
330
17
100
AcDbEntity
  8
TOP
100
AcDbPolyline
 90
2
 70
0
 10
1587.5
 20
72.5
 10
1627.5
 20
72.5
  0
LWPOLYLINE
  5
1A9
330
17
100
AcDbEntity
  8
TOP
100
AcDbPolyline
 90
2
 70
0
 10
1587.5
 20
72.5
 10
1627.5
 20
72.5
  0
LWPOLYLINE
  5
1AA
330
17
100
AcDbEntity
  8
TOP
100
AcDbPolyline
 90
2
 70
0
 10
1587.5
 20
122.5
 10
1627.5
 20
122.5
  0
LWPOLYLINE
  5
1AB
330
17
100
AcDbEntity
  8
TOP
100
AcDbPolyline
 90
2
 70
0
 10
1587.5
 20
122.5
 10
1627.5
 20
122.5
  0
LWPOLYLINE
  5
1AC
330
17
100
AcDbEntity
  8
TOP
100
AcDbPolyline
 90
2
 70
0
 10
1587.5
 20
382.5
 10
1587.5
 20
432.5
  0
LWPOLYLINE
  5
1AD
330
17
100
AcDbEntity
  8
TOP
100
AcDbPolyline
 90
2
 70
0
 10
1587.5
 20
382.5
 10
1587.5
 20
432.5
  0
LWPOLYLINE
  5
1AE
330
17
100
AcDbEntity
  8
TOP
100
AcDbPolyline
 90
2
 70
0
 10
1627.5
 20
382.5
 10
1627.5
 20
432.5
  0
LWPOLYLINE
  5
1AF
330
17
100
AcDbEntity
  8
TOP
100
AcDbPolyline
 90
2
 70
0
 10
1627.5
 20
382.5
 10
1627.5
 20
432.5
  0
LWPOLYLINE
  5
1B0
330
17
100
AcDbEntity
  8
TOP
100
AcDbPolyline
 90
2
 70
0
 10
1587.5
 20
382.5
 10
1627.5
 20
382.5
  0
LWPOLYLINE
  5
1B1
330
17
100
AcDbEntity
  8
TOP
100
AcDbPolyline
 90
2
 70
0
 10
1587.5
 20
382.5
 10
1627.5
 20
382.5
  0
LWPOLYLINE
  5
1B2
330
17
100
AcDbEntity
  8
TOP
100
AcDbPolyline
 90
2
 70
0
 10
1587.5
 20
432.5
 10
1627.5
 20
432.5
  0
LWPOLYLINE
  5
1B3
330
17
100
AcDbEntity
  8
TOP
100
AcDbPolyline
 90
2
 70
0
 10
1587.5
 20
432.5
 10
1627.5
 20
432.5
  0
LWPOLYLINE
  5
1B4
330
17
100
AcDbEntity
  8
TOP
100
AcDbPolyline
 90
2
 70
0
 10
992.5
 20
235.0
 10
992.5
 20
270.0
  0
LWPOLYLINE
  5
1B5
330
17
100
AcDbEntity
  8
TOP
100
AcDbPolyline
 90
2
 70
0
 10
992.5
 20
235.0
 10
992.5
 20
270.0
  0
LWPOLYLINE
  5
1B6
330
17
100
AcDbEntity
  8
TOP
100
AcDbPolyline
 90
2
 70
0
 10
992.5
 20
235.0
 10
1000.5
 20
235.0
  0
LWPOLYLINE
  5
1B7
330
17
100
AcDbEntity
  8
TOP
100
AcDbPolyline
 90
2
 70
0
 10
992.5
 20
235.0
 10
996.5
 20
235.0
  0
LWPOLYLINE
  5
1B8
330
17
100
AcDbEntity
  8
TOP
100
AcDbPolyline
 90
2
 70
0
 10
996.5
 20
235.0
 10
1016.5
 20
235.0
  0
LWPOLYLINE
  5
1B9
330
17
100
AcDbEntity
  8
TOP
100
AcDbPolyline
 90
2
 70
0
 10
1000.5
 20
235.0
 10
1016.5
 20
235.0
  0
LWPOLYLINE
  5
1BA
330
17
100
AcDbEntity
  8
TOP
100
AcDbPolyline
 90
2
 70
0
 10
992.5
 20
270.0
 10
996.5
 20
270.0
  0
LWPOLYLINE
  5
1BB
330
17
100
AcDbEntity
  8
TOP
100
AcDbPolyline
 90
2
 70
0
 10
996.5
 20
235.0
 10
996.5
 20
270.0
  0
LWPOLYLINE
  5
1BC
330
17
100
AcDbEntity
  8
TOP
100
AcDbPolyline
 90
2
 70
0
 10
992.5
 20
270.0
 10
1000.5
 20
270.0
  0
LWPOLYLINE
  5
1BD
330
17
100
AcDbEntity
  8
TOP
100
AcDbPolyline
 90
2
 70
0
 10
996.5
 20
270.0
 10
1016.5
 20
270.0
  0
LWPOLYLINE
  5
1BE
330
17
100
AcDbEntity
  8
TOP
100
AcDbPolyline
 90
2
 70
0
 10
1000.5
 20
270.0
 10
1016.5
 20
270.0
  0
LWPOLYLINE
  5
1BF
330
17
100
AcDbEntity
  8
TOP
100
AcDbPolyline
 90
2
 70
0
 10
1000.5
 20
235.0
 10
1000.5
 20
270.0
  0
LWPOLYLINE
  5
1C0
330
17
100
AcDbEntity
  8
TOP
100
AcDbPolyline
 90
2
 70
0
 10
1000.5
 20
235.0
 10
1000.5
 20
270.0
  0
LWPOLYLINE
  5
1C1
330
17
100
AcDbEntity
  8
TOP
100
AcDbPolyline
 90
2
 70
0
 10
996.5
 20
235.0
 10
996.5
 20
270.0
  0
LWPOLYLINE
  5
1C2
330
17
100
AcDbEntity
  8
TOP
100
AcDbPolyline
 90
2
 70
0
 10
1016.5
 20
235.0
 10
1016.5
 20
270.0
  0
LWPOLYLINE
  5
1C3
330
17
100
AcDbEntity
  8
TOP
100
AcDbPolyline
 90
2
 70
0
 10
1016.5
 20
235.0
 10
1016.5
 20
270.0
  0
LWPOLYLINE
  5
1C4
330
17
100
AcDbEntity
  8
TOP
100
AcDbPolyline
 90
2
 70
0
 10
1674.5
 20
235.0
 10
1674.5
 20
270.0
  0
LWPOLYLINE
  5
1C5
330
17
100
AcDbEntity
  8
TOP
100
AcDbPolyline
 90
2
 70
0
 10
1674.5
 20
235.0
 10
1674.5
 20
270.0
  0
LWPOLYLINE
  5
1C6
330
17
100
AcDbEntity
  8
TOP
100
AcDbPolyline
 90
2
 70
0
 10
1674.5
 20
235.0
 10
1682.5
 20
235.0
  0
LWPOLYLINE
  5
1C7
330
17
100
AcDbEntity
  8
TOP
100
AcDbPolyline
 90
2
 70
0
 10
1658.5
 20
235.0
 10
1674.5
 20
235.0
  0
LWPOLYLINE
  5
1C8
330
17
100
AcDbEntity
  8
TOP
100
AcDbPolyline
 90
2
 70
0
 10
1658.5
 20
235.0
 10
1678.5
 20
235.0
  0
LWPOLYLINE
  5
1C9
330
17
100
AcDbEntity
  8
TOP
100
AcDbPolyline
 90
2
 70
0
 10
1678.5
 20
235.0
 10
1682.5
 20
235.0
  0
LWPOLYLINE
  5
1CA
330
17
100
AcDbEntity
  8
TOP
100
AcDbPolyline
 90
2
 70
0
 10
1658.5
 20
270.0
 10
1674.5
 20
270.0
  0
LWPOLYLINE
  5
1CB
330
17
100
AcDbEntity
  8
TOP
100
AcDbPolyline
 90
2
 70
0
 10
1658.5
 20
235.0
 10
1658.5
 20
270.0
  0
LWPOLYLINE
  5
1CC
330
17
100
AcDbEntity
  8
TOP
100
AcDbPolyline
 90
2
 70
0
 10
1674.5
 20
270.0
 10
1682.5
 20
270.0
  0
LWPOLYLINE
  5
1CD
330
17
100
AcDbEntity
  8
TOP
100
AcDbPolyline
 90
2
 70
0
 10
1658.5
 20
270.0
 10
1678.5
 20
270.0
  0
LWPOLYLINE
  5
1CE
330
17
100
AcDbEntity
  8
TOP
100
AcDbPolyline
 90
2
 70
0
 10
1678.5
 20
270.0
 10
1682.5
 20
270.0
  0
LWPOLYLINE
  5
1CF
330
17
100
AcDbEntity
  8
TOP
100
AcDbPolyline
 90
2
 70
0
 10
1682.5
 20
235.0
 10
1682.5
 20
270.0
  0
LWPOLYLINE
  5
1D0
330
17
100
AcDbEntity
  8
TOP
100
AcDbPolyline
 90
2
 70
0
 10
1682.5
 20
235.0
 10
1682.5
 20
270.0
  0
LWPOLYLINE
  5
1D1
330
17
100
AcDbEntity
  8
TOP
100
AcDbPolyline
 90
2
 70
0
 10
1678.5
 20
235.0
 10
1678.5
 20
270.0
  0
LWPOLYLINE
  5
1D2
330
17
100
AcDbEntity
  8
TOP
100
AcDbPolyline
 90
2
 70
0
 10
1658.5
 20
235.0
 10
1658.5
 20
270.0
  0
LWPOLYLINE
  5
1D3
330
17
100
AcDbEntity
  8
TOP
100
AcDbPolyline
 90
2
 70
0
 10
1678.5
 20
235.0
 10
1678.5
 20
270.0
  0
LWPOLYLINE
  5
1D4
330
17
100
AcDbEntity
  8
TOP
100
AcDbPolyline
 90
2
 70
0
 10
1003.5
 20
515.0
 10
1003.5
 20
940.0
  0
LWPOLYLINE
  5
1D5
330
17
100
AcDbEntity
  8
TOP
100
AcDbPolyline
 90
2
 70
0
 10
1003.5
 20
515.0
 10
1003.5
 20
940.0
  0
LWPOLYLINE
  5
1D6
330
17
100
AcDbEntity
  8
TOP
100
AcDbPolyline
 90
2
 70
0
 10
1671.5
 20
515.0
 10
1671.5
 20
940.0
  0
LWPOLYLINE
  5
1D7
330
17
100
AcDbEntity
  8
TOP
100
AcDbPolyline
 90
2
 70
0
 10
1671.5
 20
515.0
 10
1671.5
 20
940.0
  0
LWPOLYLINE
  5
1D8
330
17
100
AcDbEntity
  8
TOP
100
AcDbPolyline
 90
2
 70
0
 10
1003.5
 20
515.0
 10
1671.5
 20
515.0
  0
LWPOLYLINE
  5
1D9
330
17
100
AcDbEntity
  8
TOP
100
AcDbPolyline
 90
2
 70
0
 10
1003.5
 20
515.0
 10
1671.5
 20
515.0
  0
LWPOLYLINE
  5
1DA
330
17
100
AcDbEntity
  8
TOP
100
AcDbPolyline
 90
2
 70
0
 10
1003.5
 20
940.0
 10
1671.5
 20
940.0
  0
LWPOLYLINE
  5
1DB
330
17
100
AcDbEntity
  8
TOP
100
AcDbPolyline
 90
2
 70
0
 10
1003.5
 20
940.0
 10
1671.5
 20
940.0
  0
LWPOLYLINE
  5
1DC
330
17
100
AcDbEntity
  8
TOP
100
AcDbPolyline
 90
2
 70
0
 10
1292.5
 20
702.5
 10
1292.5
 20
752.5
  0
LWPOLYLINE
  5
1DD
330
17
100
AcDbEntity
  8
TOP
100
AcDbPolyline
 90
2
 70
0
 10
1292.5
 20
702.5
 10
1292.5
 20
752.5
  0
LWPOLYLINE
  5
1DE
330
17
100
AcDbEntity
  8
TOP
100
AcDbPolyline
 90
2
 70
0
 10
1382.5
 20
702.5
 10
1382.5
 20
752.5
  0
LWPOLYLINE
  5
1DF
330
17
100
AcDbEntity
  8
TOP
100
AcDbPolyline
 90
2
 70
0
 10
1382.5
 20
702.5
 10
1382.5
 20
752.5
  0
LWPOLYLINE
  5
1E0
330
17
100
AcDbEntity
  8
TOP
100
AcDbPolyline
 90
2
 70
0
 10
1292.5
 20
702.5
 10
1382.5
 20
702.5
  0
LWPOLYLINE
  5
1E1
330
17
100
AcDbEntity
  8
TOP
100
AcDbPolyline
 90
2
 70
0
 10
1292.5
 20
702.5
 10
1382.5
 20
702.5
  0
LWPOLYLINE
  5
1E2
330
17
100
AcDbEntity
  8
TOP
100
AcDbPolyline
 90
2
 70
0
 10
1292.5
 20
752.5
 10
1382.5
 20
752.5
  0
LWPOLYLINE
  5
1E3
330
17
100
AcDbEntity
  8
TOP
100
AcDbPolyline
 90
2
 70
0
 10
1292.5
 20
752.5
 10
1382.5
 20
752.5
  0
LWPOLYLINE
  5
1E4
330
17
100
AcDbEntity
  8
TOP
100
AcDbPolyline
 90
2
 70
0
 10
1047.5
 20
547.5
 10
1047.5
 20
597.5
  0
LWPOLYLINE
  5
1E5
330
17
100
AcDbEntity
  8
TOP
100
AcDbPolyline
 90
2
 70
0
 10
1047.5
 20
547.5
 10
1047.5
 20
597.5
  0
LWPOLYLINE
  5
1E6
330
17
100
AcDbEntity
  8
TOP
100
AcDbPolyline
 90
2
 70
0
 10
1087.5
 20
547.5
 10
1087.5
 20
597.5
  0
LWPOLYLINE
  5
1E7
330
17
100
AcDbEntity
  8
TOP
100
AcDbPolyline
 90
2
 70
0
 10
1087.5
 20
547.5
 10
1087.5
 20
597.5
  0
LWPOLYLINE
  5
1E8
330
17
100
AcDbEntity
  8
TOP
100
AcDbPolyline
 90
2
 70
0
 10
1047.5
 20
547.5
 10
1087.5
 20
547.5
  0
LWPOLYLINE
  5
1E9
330
17
100
AcDbEntity
  8
TOP
100
AcDbPolyline
 90
2
 70
0
 10
1047.5
 20
547.5
 10
1087.5
 20
547.5
  0
LWPOLYLINE
  5
1EA
330
17
100
AcDbEntity
  8
TOP
100
AcDbPolyline
 90
2
 70
0
 10
1047.5
 20
597.5
 10
1087.5
 20
597.5
  0
LWPOLYLINE
  5
1EB
330
17
100
AcDbEntity
  8
TOP
100
AcDbPolyline
 90
2
 70
0
 10
1047.5
 20
597.5
 10
1087.5
 20
597.5
  0
LWPOLYLINE
  5
1EC
330
17
100
AcDbEntity
  8
TOP
100
AcDbPolyline
 90
2
 70
0
 10
1047.5
 20
857.5
 10
1047.5
 20
907.5
  0
LWPOLYLINE
  5
1ED
330
17
100
AcDbEntity
  8
TOP
100
AcDbPolyline
 90
2
 70
0
 10
1047.5
 20
857.5
 10
1047.5
 20
907.5
  0
LWPOLYLINE
  5
1EE
330
17
100
AcDbEntity
  8
TOP
100
AcDbPolyline
 90
2
 70
0
 10
1087.5
 20
857.5
 10
1087.5
 20
907.5
  0
LWPOLYLINE
  5
1EF
330
17
100
AcDbEntity
  8
TOP
100
AcDbPolyline
 90
2
 70
0
 10
1087.5
 20
857.5
 10
1087.5
 20
907.5
  0
LWPOLYLINE
  5
1F0
330
17
100
AcDbEntity
  8
TOP
100
AcDbPolyline
 90
2
 70
0
 10
1047.5
 20
857.5
 10
1087.5
 20
857.5
  0
LWPOLYLINE
  5
1F1
330
17
100
AcDbEntity
  8
TOP
100
AcDbPolyline
 90
2
 70
0
 10
1047.5
 20
857.5
 10
1087.5
 20
857.5
  0
LWPOLYLINE
  5
1F2
330
17
100
AcDbEntity
  8
TOP
100
AcDbPolyline
 90
2
 70
0
 10
1047.5
 20
907.5
 10
1087.5
 20
907.5
  0
LWPOLYLINE
  5
1F3
330
17
100
AcDbEntity
  8
TOP
100
AcDbPolyline
 90
2
 70
0
 10
1047.5
 20
907.5
 10
1087.5
 20
907.5
  0
LWPOLYLINE
  5
1F4
330
17
100
AcDbEntity
  8
TOP
100
AcDbPolyline
 90
2
 70
0
 10
1587.5
 20
547.5
 10
1587.5
 20
597.5
  0
LWPOLYLINE
  5
1F5
330
17
100
AcDbEntity
  8
TOP
100
AcDbPolyline
 90
2
 70
0
 10
1587.5
 20
547.5
 10
1587.5
 20
597.5
  0
LWPOLYLINE
  5
1F6
330
17
100
AcDbEntity
  8
TOP
100
AcDbPolyline
 90
2
 70
0
 10
1627.5
 20
547.5
 10
1627.5
 20
597.5
  0
LWPOLYLINE
  5
1F7
330
17
100
AcDbEntity
  8
TOP
100
AcDbPolyline
 90
2
 70
0
 10
1627.5
 20
547.5
 10
1627.5
 20
597.5
  0
LWPOLYLINE
  5
1F8
330
17
100
AcDbEntity
  8
TOP
100
AcDbPolyline
 90
2
 70
0
 10
1587.5
 20
547.5
 10
1627.5
 20
547.5
  0
LWPOLYLINE
  5
1F9
330
17
100
AcDbEntity
  8
TOP
100
AcDbPolyline
 90
2
 70
0
 10
1587.5
 20
547.5
 10
1627.5
 20
547.5
  0
LWPOLYLINE
  5
1FA
330
17
100
AcDbEntity
  8
TOP
100
AcDbPolyline
 90
2
 70
0
 10
1587.5
 20
597.5
 10
1627.5
 20
597.5
  0
LWPOLYLINE
  5
1FB
330
17
100
AcDbEntity
  8
TOP
100
AcDbPolyline
 90
2
 70
0
 10
1587.5
 20
597.5
 10
1627.5
 20
597.5
  0
LWPOLYLINE
  5
1FC
330
17
100
AcDbEntity
  8
TOP
100
AcDbPolyline
 90
2
 70
0
 10
1587.5
 20
857.5
 10
1587.5
 20
907.5
  0
LWPOLYLINE
  5
1FD
330
17
100
AcDbEntity
  8
TOP
100
AcDbPolyline
 90
2
 70
0
 10
1587.5
 20
857.5
 10
1587.5
 20
907.5
  0
LWPOLYLINE
  5
1FE
330
17
100
AcDbEntity
  8
TOP
100
AcDbPolyline
 90
2
 70
0
 10
1627.5
 20
857.5
 10
1627.5
 20
907.5
  0
LWPOLYLINE
  5
1FF
330
17
100
AcDbEntity
  8
TOP
100
AcDbPolyline
 90
2
 70
0
 10
1627.5
 20
857.5
 10
1627.5
 20
907.5
  0
LWPOLYLINE
  5
200
330
17
100
AcDbEntity
  8
TOP
100
AcDbPolyline
 90
2
 70
0
 10
1587.5
 20
857.5
 10
1627.5
 20
857.5
  0
LWPOLYLINE
  5
201
330
17
100
AcDbEntity
  8
TOP
100
AcDbPolyline
 90
2
 70
0
 10
1587.5
 20
857.5
 10
1627.5
 20
857.5
  0
LWPOLYLINE
  5
202
330
17
100
AcDbEntity
  8
TOP
100
AcDbPolyline
 90
2
 70
0
 10
1587.5
 20
907.5
 10
1627.5
 20
907.5
  0
LWPOLYLINE
  5
203
330
17
100
AcDbEntity
  8
TOP
100
AcDbPolyline
 90
2
 70
0
 10
1587.5
 20
907.5
 10
1627.5
 20
907.5
  0
LWPOLYLINE
  5
204
330
17
100
AcDbEntity
  8
TOP
100
AcDbPolyline
 90
2
 70
0
 10
992.5
 20
710.0
 10
992.5
 20
745.0
  0
LWPOLYLINE
  5
205
330
17
100
AcDbEntity
  8
TOP
100
AcDbPolyline
 90
2
 70
0
 10
992.5
 20
710.0
 10
992.5
 20
745.0
  0
LWPOLYLINE
  5
206
330
17
100
AcDbEntity
  8
TOP
100
AcDbPolyline
 90
2
 70
0
 10
992.5
 20
710.0
 10
1000.5
 20
710.0
  0
LWPOLYLINE
  5
207
330
17
100
AcDbEntity
  8
TOP
100
AcDbPolyline
 90
2
 70
0
 10
992.5
 20
710.0
 10
996.5
 20
710.0
  0
LWPOLYLINE
  5
208
330
17
100
AcDbEntity
  8
TOP
100
AcDbPolyline
 90
2
 70
0
 10
996.5
 20
710.0
 10
1016.5
 20
710.0
  0
LWPOLYLINE
  5
209
330
17
100
AcDbEntity
  8
TOP
100
AcDbPolyline
 90
2
 70
0
 10
1000.5
 20
710.0
 10
1016.5
 20
710.0
  0
LWPOLYLINE
  5
20A
330
17
100
AcDbEntity
  8
TOP
100
AcDbPolyline
 90
2
 70
0
 10
992.5
 20
745.0
 10
996.5
 20
745.0
  0
LWPOLYLINE
  5
20B
330
17
100
AcDbEntity
  8
TOP
100
AcDbPolyline
 90
2
 70
0
 10
996.5
 20
710.0
 10
996.5
 20
745.0
  0
LWPOLYLINE
  5
20C
330
17
100
AcDbEntity
  8
TOP
100
AcDbPolyline
 90
2
 70
0
 10
992.5
 20
745.0
 10
1000.5
 20
745.0
  0
LWPOLYLINE
  5
20D
330
17
100
AcDbEntity
  8
TOP
100
AcDbPolyline
 90
2
 70
0
 10
996.5
 20
745.0
 10
1016.5
 20
745.0
  0
LWPOLYLINE
  5
20E
330
17
100
AcDbEntity
  8
TOP
100
AcDbPolyline
 90
2
 70
0
 10
1000.5
 20
745.0
 10
1016.5
 20
745.0
  0
LWPOLYLINE
  5
20F
330
17
100
AcDbEntity
  8
TOP
100
AcDbPolyline
 90
2
 70
0
 10
1000.5
 20
710.0
 10
1000.5
 20
745.0
  0
LWPOLYLINE
  5
210
330
17
100
AcDbEntity
  8
TOP
100
AcDbPolyline
 90
2
 70
0
 10
1000.5
 20
710.0
 10
1000.5
 20
745.0
  0
LWPOLYLINE
  5
211
330
17
100
AcDbEntity
  8
TOP
100
AcDbPolyline
 90
2
 70
0
 10
996.5
 20
710.0
 10
996.5
 20
745.0
  0
LWPOLYLINE
  5
212
330
17
100
AcDbEntity
  8
TOP
100
AcDbPolyline
 90
2
 70
0
 10
1016.5
 20
710.0
 10
1016.5
 20
745.0
  0
LWPOLYLINE
  5
213
330
17
100
AcDbEntity
  8
TOP
100
AcDbPolyline
 90
2
 70
0
 10
1016.5
 20
710.0
 10
1016.5
 20
745.0
  0
LWPOLYLINE
  5
214
330
17
100
AcDbEntity
  8
TOP
100
AcDbPolyline
 90
2
 70
0
 10
1674.5
 20
710.0
 10
1674.5
 20
745.0
  0
LWPOLYLINE
  5
215
330
17
100
AcDbEntity
  8
TOP
100
AcDbPolyline
 90
2
 70
0
 10
1674.5
 20
710.0
 10
1674.5
 20
745.0
  0
LWPOLYLINE
  5
216
330
17
100
AcDbEntity
  8
TOP
100
AcDbPolyline
 90
2
 70
0
 10
1674.5
 20
710.0
 10
1682.5
 20
710.0
  0
LWPOLYLINE
  5
217
330
17
100
AcDbEntity
  8
TOP
100
AcDbPolyline
 90
2
 70
0
 10
1658.5
 20
710.0
 10
1674.5
 20
710.0
  0
LWPOLYLINE
  5
218
330
17
100
AcDbEntity
  8
TOP
100
AcDbPolyline
 90
2
 70
0
 10
1658.5
 20
710.0
 10
1678.5
 20
710.0
  0
LWPOLYLINE
  5
219
330
17
100
AcDbEntity
  8
TOP
100
AcDbPolyline
 90
2
 70
0
 10
1678.5
 20
710.0
 10
1682.5
 20
710.0
  0
LWPOLYLINE
  5
21A
330
17
100
AcDbEntity
  8
TOP
100
AcDbPolyline
 90
2
 70
0
 10
1658.5
 20
745.0
 10
1674.5
 20
745.0
  0
LWPOLYLINE
  5
21B
330
17
100
AcDbEntity
  8
TOP
100
AcDbPolyline
 90
2
 70
0
 10
1658.5
 20
710.0
 10
1658.5
 20
745.0
  0
LWPOLYLINE
  5
21C
330
17
100
AcDbEntity
  8
TOP
100
AcDbPolyline
 90
2
 70
0
 10
1674.5
 20
745.0
 10
1682.5
 20
745.0
  0
LWPOLYLINE
  5
21D
330
17
100
AcDbEntity
  8
TOP
100
AcDbPolyline
 90
2
 70
0
 10
1658.5
 20
745.0
 10
1678.5
 20
745.0
  0
LWPOLYLINE
  5
21E
330
17
100
AcDbEntity
  8
TOP
100
AcDbPolyline
 90
2
 70
0
 10
1678.5
 20
745.0
 10
1682.5
 20
745.0
  0
LWPOLYLINE
  5
21F
330
17
100
AcDbEntity
  8
TOP
100
AcDbPolyline
 90
2
 70
0
 10
1682.5
 20
710.0
 10
1682.5
 20
745.0
  0
LWPOLYLINE
  5
220
330
17
100
AcDbEntity
  8
TOP
100
AcDbPolyline
 90
2
 70
0
 10
1682.5
 20
710.0
 10
1682.5
 20
745.0
  0
LWPOLYLINE
  5
221
330
17
100
AcDbEntity
  8
TOP
100
AcDbPolyline
 90
2
 70
0
 10
1678.5
 20
710.0
 10
1678.5
 20
745.0
  0
LWPOLYLINE
  5
222
330
17
100
AcDbEntity
  8
TOP
100
AcDbPolyline
 90
2
 70
0
 10
1658.5
 20
710.0
 10
1658.5
 20
745.0
  0
LWPOLYLINE
  5
223
330
17
100
AcDbEntity
  8
TOP
100
AcDbPolyline
 90
2
 70
0
 10
1678.5
 20
710.0
 10
1678.5
 20
745.0
  0
LWPOLYLINE
  5
224
330
17
100
AcDbEntity
  8
TOP
100
AcDbPolyline
 90
2
 70
0
 10
1311.5
 20
277.5
 10
1311.5
 20
370.0
  0
LWPOLYLINE
  5
225
330
17
100
AcDbEntity
  8
TOP
100
AcDbPolyline
 90
16
 70
0
 10
1311.5
 20
277.5
 10
1311.1541818305705
 20
277.5
 10
1310.1765224254355
 20
277.5
 10
1308.7360679774997
 20
277.5
 10
1307.0818861469293
 20
277.5
 10
1305.5
 20
277.5
 10
1304.2639320225003
 20
277.5
 10
1303.5874095970648
 20
277.5
 10
1303.5874095970648
 20
277.5
 10
1304.2639320225003
 20
277.5
 10
1305.5
 20
277.5
 10
1307.0818861469293
 20
277.5
 10
1308.7360679774997
 20
277.5
 10
1310.1765224254355
 20
277.5
 10
1311.1541818305705
 20
277.5
 10
1311.5
 20
277.5
  0
LWPOLYLINE
  5
226
330
17
100
AcDbEntity
  8
TOP
100
AcDbPolyline
 90
16
 70
0
 10
1311.5
 20
370.0
 10
1311.1541818305705
 20
370.0
 10
1310.1765224254355
 20
370.0
 10
1308.7360679774997
 20
370.0
 10
1307.0818861469293
 20
370.0
 10
1305.5
 20
370.0
 10
1304.2639320225003
 20
370.0
 10
1303.5874095970648
 20
370.0
 10
1303.5874095970648
 20
370.0
 10
1304.2639320225003
 20
370.0
 10
1305.5
 20
370.0
 10
1307.0818861469293
 20
370.0
 10
1308.7360679774997
 20
370.0
 10
1310.1765224254355
 20
370.0
 10
1311.1541818305705
 20
370.0
 10
1311.5
 20
370.0
  0
LWPOLYLINE
  5
227
330
17
100
AcDbEntity
  8
TOP
100
AcDbPolyline
 90
22
 70
0
 10
1311.5
 20
370.0
 10
1311.6454025465787
 20
373.8859648664941
 10
1312.0807970362935
 20
377.7501978411611
 10
1312.8037485665452
 20
381.57108856572836
 10
1313.8102140991207
 20
385.32726906936705
 10
1315.0945650705014
 20
388.9977332670526
 10
1316.6496188690742
 20
392.56195443411303
 10
1318.4666790032093
 20
396.0
 10
1320.5355837355683
 20
399.29264301930834
 10
1322.8447629116624
 20
402.4214696966542
 10
1325.381302664849
 20
405.3689823640878
 10
1328.1310176359123
 20
408.11869733515096
 10
1331.0785303033458
 20
410.65523708833757
 10
1334.2073569806917
 20
412.96441626443175
 10
1337.5
 20
415.03332099679085
 10
1340.938045565887
 20
416.8503811309258
 10
1344.5022667329474
 20
418.4054349294986
 10
1348.172730930633
 20
419.6897859008793
 10
1351.9289114342716
 20
420.69625143345485
 10
1355.749802158839
 20
421.4192029637067
 10
1359.614035133506
 20
421.8545974534214
 10
1363.5
 20
422.0
  0
LWPOLYLINE
  5
228
330
17
100
AcDbEntity
  8
TOP
100
AcDbPolyline
 90
16
 70
0
 10
1363.5
 20
422.0
 10
1363.5
 20
422.3458181694296
 10
1363.5
 20
423.32347757456455
 10
1363.5
 20
424.7639320225002
 10
1363.5
 20
426.4181138530706
 10
1363.5
 20
428.0
 10
1363.5
 20
429.2360679774998
 10
1363.5
 20
429.9125904029352
 10
1363.5
 20
429.9125904029352
 10
1363.5
 20
429.23606797749983
 10
1363.5
 20
428.0
 10
1363.5
 20
426.4181138530706
 10
1363.5
 20
424.7639320225002
 10
1363.5
 20
423.32347757456455
 10
1363.5
 20
422.3458181694296
 10
1363.5
 20
422.0
  0
LWPOLYLINE
  5
229
330
17
100
AcDbEntity
  8
TOP
100
AcDbPolyline
 90
2
 70
0
 10
1363.5
 20
422.0
 10
1447.5
 20
422.0
  0
LWPOLYLINE
  5
22A
330
17
100
AcDbEntity
  8
TOP
100
AcDbPolyline
 90
16
 70
0
 10
1447.5
 20
422.0
 10
1447.5
 20
422.3458181694296
 10
1447.5
 20
423.32347757456455
 10
1447.5
 20
424.7639320225002
 10
1447.5
 20
426.4181138530706
 10
1447.5
 20
428.0
 10
1447.5
 20
429.2360679774998
 10
1447.5
 20
429.9125904029352
 10
1447.5
 20
429.9125904029352
 10
1447.5
 20
429.23606797749983
 10
1447.5
 20
428.0
 10
1447.5
 20
426.4181138530706
 10
1447.5
 20
424.7639320225002
 10
1447.5
 20
423.32347757456455
 10
1447.5
 20
422.3458181694296
 10
1447.5
 20
422.0
  0
LWPOLYLINE
  5
22B
330
17
100
AcDbEntity
  8
TOP
100
AcDbPolyline
 90
25
 70
0
 10
1447.5
 20
422.0
 10
1451.4241877538086
 20
422.1284646056838
 10
1455.3315715332033
 20
422.5133083175714
 10
1459.2054193209678
 20
423.1528831758062
 10
1463.029142706151
 20
424.0444504226559
 10
1466.7863679181896
 20
425.18419223029366
 10
1470.4610059419053
 20
426.5672280493228
 10
1474.03732141314
 20
428.1876355080387
 10
1477.5
 20
430.0384757729337
 10
1480.8342139811762
 20
432.1118232618473
 10
1484.0256857405234
 20
434.3987995825259
 10
1487.0607489060042
 20
436.88961155126134
 10
1489.9264068711927
 20
439.57359312880715
 10
1492.6103884487386
 20
442.4392510939959
 10
1495.101200417474
 20
445.4743142594768
 10
1497.3881767381527
 20
448.6657860188239
 10
1499.4615242270663
 20
452.0
 10
1501.3123644919613
 20
455.46267858685997
 10
1502.9327719506773
 20
459.0389940580946
 10
1504.3158077697062
 20
462.7136320818103
 10
1505.455549577344
 20
466.4708572938488
 10
1506.3471168241938
 20
470.2945806790323
 10
1506.9866916824285
 20
474.1684284667969
 10
1507.3715353943162
 20
478.0758122461914
 10
1507.5
 20
482.0
  0
LWPOLYLINE
  5
22C
330
17
100
AcDbEntity
  8
TOP
100
AcDbPolyline
 90
16
 70
0
 10
1507.5
 20
482.0
 10
1507.1541818305705
 20
482.0
 10
1506.1765224254355
 20
482.0
 10
1504.7360679774997
 20
482.0
 10
1503.0818861469293
 20
482.0
 10
1501.5
 20
482.0
 10
1500.2639320225003
 20
482.0
 10
1499.5874095970648
 20
482.0
 10
1499.5874095970648
 20
482.0
 10
1500.2639320225003
 20
482.0
 10
1501.5
 20
482.0
 10
1503.0818861469293
 20
482.0
 10
1504.7360679774997
 20
482.0
 10
1506.1765224254355
 20
482.0
 10
1507.1541818305705
 20
482.0
 10
1507.5
 20
482.0
  0
LWPOLYLINE
  5
22D
330
17
100
AcDbEntity
  8
TOP
100
AcDbPolyline
 90
2
 70
0
 10
1507.5
 20
482.0
 10
1507.5
 20
498.0
  0
LWPOLYLINE
  5
22E
330
17
100
AcDbEntity
  8
TOP
100
AcDbPolyline
 90
16
 70
0
 10
1507.5
 20
498.0
 10
1507.1541818305705
 20
498.0
 10
1506.1765224254355
 20
498.0
 10
1504.7360679774997
 20
498.0
 10
1503.0818861469293
 20
498.0
 10
1501.5
 20
498.0
 10
1500.2639320225003
 20
498.0
 10
1499.5874095970648
 20
498.0
 10
1499.5874095970648
 20
498.0
 10
1500.2639320225003
 20
498.0
 10
1501.5
 20
498.0
 10
1503.0818861469293
 20
498.0
 10
1504.7360679774997
 20
498.0
 10
1506.1765224254355
 20
498.0
 10
1507.1541818305705
 20
498.0
 10
1507.5
 20
498.0
  0
LWPOLYLINE
  5
22F
330
17
100
AcDbEntity
  8
TOP
100
AcDbPolyline
 90
25
 70
0
 10
1507.5
 20
498.0
 10
1507.3715353943162
 20
501.9241877538086
 10
1506.9866916824285
 20
505.8315715332031
 10
1506.3471168241938
 20
509.7054193209677
 10
1505.455549577344
 20
513.5291427061512
 10
1504.3158077697062
 20
517.2863679181897
 10
1502.9327719506773
 20
520.9610059419053
 10
1501.3123644919613
 20
524.53732141314
 10
1499.4615242270663
 20
528.0
 10
1497.3881767381527
 20
531.3342139811762
 10
1495.101200417474
 20
534.5256857405233
 10
1492.6103884487386
 20
537.5607489060042
 10
1489.9264068711927
 20
540.4264068711929
 10
1487.0607489060042
 20
543.1103884487386
 10
1484.0256857405234
 20
545.6012004174742
 10
1480.8342139811762
 20
547.8881767381528
 10
1477.5
 20
549.9615242270663
 10
1474.03732141314
 20
551.8123644919613
 10
1470.4610059419056
 20
553.4327719506772
 10
1466.7863679181896
 20
554.8158077697063
 10
1463.029142706151
 20
555.9555495773441
 10
1459.2054193209678
 20
556.8471168241938
 10
1455.3315715332033
 20
557.4866916824286
 10
1451.4241877538086
 20
557.8715353943162
 10
1447.5
 20
558.0
  0
LWPOLYLINE
  5
230
330
17
100
AcDbEntity
  8
TOP
100
AcDbPolyline
 90
16
 70
0
 10
1447.5
 20
558.0
 10
1447.5
 20
557.6541818305705
 10
1447.5
 20
556.6765224254355
 10
1447.5
 20
555.2360679774998
 10
1447.5
 20
553.5818861469294
 10
1447.5
 20
552.0
 10
1447.5
 20
550.7639320225003
 10
1447.5
 20
550.0874095970648
 10
1447.5
 20
550.0874095970648
 10
1447.5
 20
550.7639320225003
 10
1447.5
 20
552.0
 10
1447.5
 20
553.5818861469294
 10
1447.5
 20
555.2360679774998
 10
1447.5
 20
556.6765224254355
 10
1447.5
 20
557.6541818305705
 10
1447.5
 20
558.0
  0
LWPOLYLINE
  5
231
330
17
100
AcDbEntity
  8
TOP
100
AcDbPolyline
 90
2
 70
0
 10
1447.5
 20
558.0
 10
1363.5
 20
558.0
  0
LWPOLYLINE
  5
232
330
17
100
AcDbEntity
  8
TOP
100
AcDbPolyline
 90
16
 70
0
 10
1363.5
 20
558.0
 10
1363.5
 20
557.6541818305705
 10
1363.5
 20
556.6765224254355
 10
1363.5
 20
555.2360679774998
 10
1363.5
 20
553.5818861469294
 10
1363.5
 20
552.0
 10
1363.5
 20
550.7639320225002
 10
1363.5
 20
550.0874095970648
 10
1363.5
 20
550.0874095970648
 10
1363.5
 20
550.7639320225002
 10
1363.5
 20
552.0
 10
1363.5
 20
553.5818861469294
 10
1363.5
 20
555.2360679774998
 10
1363.5
 20
556.6765224254355
 10
1363.5
 20
557.6541818305705
 10
1363.5
 20
558.0
  0
LWPOLYLINE
  5
233
330
17
100
AcDbEntity
  8
TOP
100
AcDbPolyline
 90
22
 70
0
 10
1363.5
 20
558.0
 10
1359.614035133506
 20
558.1454025465787
 10
1355.749802158839
 20
558.5807970362933
 10
1351.9289114342716
 20
559.3037485665452
 10
1348.172730930633
 20
560.3102140991207
 10
1344.5022667329474
 20
561.5945650705014
 10
1340.938045565887
 20
563.1496188690742
 10
1337.5
 20
564.9666790032092
 10
1334.2073569806917
 20
567.0355837355683
 10
1331.0785303033458
 20
569.3447629116624
 10
1328.1310176359123
 20
571.881302664849
 10
1325.381302664849
 20
574.6310176359121
 10
1322.8447629116624
 20
577.5785303033458
 10
1320.5355837355683
 20
580.7073569806917
 10
1318.4666790032093
 20
584.0
 10
1316.6496188690742
 20
587.438045565887
 10
1315.0945650705014
 20
591.0022667329474
 10
1313.8102140991207
 20
594.672730930633
 10
1312.8037485665452
 20
598.4289114342716
 10
1312.0807970362935
 20
602.249802158839
 10
1311.6454025465787
 20
606.1140351335059
 10
1311.5
 20
610.0
  0
LWPOLYLINE
  5
234
330
17
100
AcDbEntity
  8
TOP
100
AcDbPolyline
 90
16
 70
0
 10
1311.5
 20
610.0
 10
1311.1541818305705
 20
610.0
 10
1310.1765224254355
 20
610.0
 10
1308.7360679774997
 20
610.0
 10
1307.0818861469293
 20
610.0
 10
1305.5
 20
610.0
 10
1304.2639320225003
 20
610.0
 10
1303.5874095970648
 20
610.0
 10
1303.5874095970648
 20
610.0
 10
1304.2639320225003
 20
610.0
 10
1305.5
 20
610.0
 10
1307.0818861469293
 20
610.0
 10
1308.7360679774997
 20
610.0
 10
1310.1765224254355
 20
610.0
 10
1311.1541818305705
 20
610.0
 10
1311.5
 20
610.0
  0
LWPOLYLINE
  5
235
330
17
100
AcDbEntity
  8
TOP
100
AcDbPolyline
 90
2
 70
0
 10
1311.5
 20
610.0
 10
1311.5
 20
702.5
  0
LWPOLYLINE
  5
236
330
17
100
AcDbEntity
  8
TOP
100
AcDbPolyline
 90
16
 70
0
 10
1311.5
 20
702.5
 10
1311.1541818305705
 20
702.5
 10
1310.1765224254355
 20
702.5
 10
1308.7360679774997
 20
702.5
 10
1307.0818861469293
 20
702.5
 10
1305.5
 20
702.5
 10
1304.2639320225003
 20
702.5
 10
1303.5874095970648
 20
702.5
 10
1303.5874095970648
 20
702.5
 10
1304.2639320225003
 20
702.5
 10
1305.5
 20
702.5
 10
1307.0818861469293
 20
702.5
 10
1308.7360679774997
 20
702.5
 10
1310.1765224254355
 20
702.5
 10
1311.1541818305705
 20
702.5
 10
1311.5
 20
702.5
  0
LWPOLYLINE
  5
237
330
17
100
AcDbEntity
  8
TOP
100
AcDbPolyline
 90
2
 70
0
 10
1371.5
 20
277.5
 10
1371.5
 20
290.0
  0
LWPOLYLINE
  5
238
330
17
100
AcDbEntity
  8
TOP
100
AcDbPolyline
 90
16
 70
0
 10
1371.5
 20
277.5
 10
1371.1541818305705
 20
277.5
 10
1370.1765224254355
 20
277.5
 10
1368.7360679774997
 20
277.5
 10
1367.0818861469293
 20
277.5
 10
1365.5
 20
277.5
 10
1364.2639320225003
 20
277.5
 10
1363.5874095970648
 20
277.5
 10
1363.5874095970648
 20
277.5
 10
1364.2639320225003
 20
277.5
 10
1365.5
 20
277.5
 10
1367.0818861469293
 20
277.5
 10
1368.7360679774997
 20
277.5
 10
1370.1765224254355
 20
277.5
 10
1371.1541818305705
 20
277.5
 10
1371.5
 20
277.5
  0
LWPOLYLINE
  5
239
330
17
100
AcDbEntity
  8
TOP
100
AcDbPolyline
 90
16
 70
0
 10
1371.5
 20
290.0
 10
1371.1541818305705
 20
290.0
 10
1370.1765224254355
 20
290.0
 10
1368.7360679774997
 20
290.0
 10
1367.0818861469293
 20
290.0
 10
1365.5
 20
290.0
 10
1364.2639320225003
 20
290.0
 10
1363.5874095970648
 20
290.0
 10
1363.5874095970648
 20
290.0
 10
1364.2639320225003
 20
290.0
 10
1365.5
 20
290.0
 10
1367.0818861469293
 20
290.0
 10
1368.7360679774997
 20
290.0
 10
1370.1765224254355
 20
290.0
 10
1371.1541818305705
 20
290.0
 10
1371.5
 20
290.0
  0
LWPOLYLINE
  5
23A
330
17
100
AcDbEntity
  8
TOP
100
AcDbPolyline
 90
23
 70
0
 10
1371.5
 20
290.0
 10
1371.5
 20
293.994994259157
 10
1371.5
 20
297.96963094330397
 10
1371.5
 20
301.9036562149667
 10
1371.5
 20
305.77702318312004
 10
1371.5
 20
309.5699940575495
 10
1371.5
 20
313.26324072810564
 10
1371.5
 20
316.83794325632323
 10
1371.5
 20
320.2758857775135
 10
1371.5
 20
323.55954932463544
 10
1371.5
 20
326.672201100936
 10
1371.5
 20
329.59797974644664
 10
1371.5
 20
332.3219761638385
 10
1371.5
 20
334.8303094917642
 10
1371.5
 20
337.1101978385461
 10
1371.5
 20
339.1500234157663
 10
1371.5
 20
340.939391739853
 10
1371.5
 20
342.46918459998665
 10
1371.5
 20
343.7316065224118
 10
1371.5
 20
344.72022449438487
 10
1371.5
 20
345.43000074533217
 10
1371.5
 20
345.85731841817415
 10
1371.5
 20
345.9999999999999
  0
LWPOLYLINE
  5
23B
330
17
100
AcDbEntity
  8
TOP
100
AcDbPolyline
 90
16
 70
0
 10
1371.5
 20
345.9999999999999
 10
1371.1541818305705
 20
347.62694657230315
 10
1370.1765224254355
 20
348.9725793019095
 10
1368.7360679774997
 20
349.8042260651805
 10
1367.0818861469293
 20
349.978087581473
 10
1365.5
 20
349.4641016151377
 10
1364.2639320225003
 20
348.3511410091698
 10
1363.5874095970648
 20
346.83164676327095
 10
1363.5874095970648
 20
345.1683532367289
 10
1364.2639320225003
 20
343.64885899083004
 10
1365.5
 20
342.53589838486215
 10
1367.0818861469293
 20
342.0219124185268
 10
1368.7360679774997
 20
342.1957739348193
 10
1370.1765224254355
 20
343.02742069809034
 10
1371.1541818305705
 20
344.37305342769673
 10
1371.5
 20
345.9999999999999
  0
LWPOLYLINE
  5
23C
330
17
100
AcDbEntity
  8
TOP
100
AcDbPolyline
 90
16
 70
0
 10
1371.5
 20
345.99999999999994
 10
1371.1541818305705
 20
344.37305342769673
 10
1370.1765224254355
 20
343.0274206980904
 10
1368.7360679774997
 20
342.19577393481933
 10
1367.0818861469293
 20
342.0219124185269
 10
1365.5
 20
342.5358983848622
 10
1364.2639320225003
 20
343.64885899083004
 10
1363.5874095970648
 20
345.1683532367289
 10
1363.5874095970648
 20
346.831646763271
 10
1364.2639320225003
 20
348.35114100916985
 10
1365.5
 20
349.4641016151377
 10
1367.0818861469293
 20
349.978087581473
 10
1368.7360679774997
 20
349.80422606518056
 10
1370.1765224254355
 20
348.9725793019095
 10
1371.1541818305705
 20
347.62694657230315
 10
1371.5
 20
345.99999999999994
  0
LWPOLYLINE
  5
23D
330
17
100
AcDbEntity
  8
TOP
100
AcDbPolyline
 90
2
 70
0
 10
1371.5
 20
702.5
 10
1371.5
 20
690.0
  0
LWPOLYLINE
  5
23E
330
17
100
AcDbEntity
  8
TOP
100
AcDbPolyline
 90
16
 70
0
 10
1371.5
 20
702.5
 10
1371.1541818305705
 20
702.5
 10
1370.1765224254355
 20
702.5
 10
1368.7360679774997
 20
702.5
 10
1367.0818861469293
 20
702.5
 10
1365.5
 20
702.5
 10
1364.2639320225003
 20
702.5
 10
1363.5874095970648
 20
702.5
 10
1363.5874095970648
 20
702.5
 10
1364.2639320225003
 20
702.5
 10
1365.5
 20
702.5
 10
1367.0818861469293
 20
702.5
 10
1368.7360679774997
 20
702.5
 10
1370.1765224254355
 20
702.5
 10
1371.1541818305705
 20
702.5
 10
1371.5
 20
702.5
  0
LWPOLYLINE
  5
23F
330
17
100
AcDbEntity
  8
TOP
100
AcDbPolyline
 90
16
 70
0
 10
1371.5
 20
690.0
 10
1371.1541818305705
 20
690.0
 10
1370.1765224254355
 20
690.0
 10
1368.7360679774997
 20
690.0
 10
1367.0818861469293
 20
690.0
 10
1365.5
 20
690.0
 10
1364.2639320225003
 20
690.0
 10
1363.5874095970648
 20
690.0
 10
1363.5874095970648
 20
690.0
 10
1364.2639320225003
 20
690.0
 10
1365.5
 20
690.0
 10
1367.0818861469293
 20
690.0
 10
1368.7360679774997
 20
690.0
 10
1370.1765224254355
 20
690.0
 10
1371.1541818305705
 20
690.0
 10
1371.5
 20
690.0
  0
LWPOLYLINE
  5
240
330
17
100
AcDbEntity
  8
TOP
100
AcDbPolyline
 90
23
 70
0
 10
1371.5
 20
690.0
 10
1371.5
 20
686.005005740843
 10
1371.5
 20
682.030369056696
 10
1371.5
 20
678.0963437850332
 10
1371.5
 20
674.22297681688
 10
1371.5
 20
670.4300059424505
 10
1371.5
 20
666.7367592718944
 10
1371.5
 20
663.1620567436768
 10
1371.5
 20
659.7241142224865
 10
1371.5
 20
656.4404506753646
 10
1371.5
 20
653.327798899064
 10
1371.5
 20
650.4020202535534
 10
1371.5
 20
647.6780238361615
 10
1371.5
 20
645.1696905082358
 10
1371.5
 20
642.8898021614539
 10
1371.5
 20
640.8499765842337
 10
1371.5
 20
639.060608260147
 10
1371.5
 20
637.5308154000134
 10
1371.5
 20
636.2683934775882
 10
1371.5
 20
635.2797755056151
 10
1371.5
 20
634.5699992546679
 10
1371.5
 20
634.1426815818259
 10
1371.5
 20
634.0000000000001
  0
LWPOLYLINE
  5
241
330
17
100
AcDbEntity
  8
TOP
100
AcDbPolyline
 90
16
 70
0
 10
1371.5
 20
634.0000000000001
 10
1371.1541818305705
 20
635.6269465723033
 10
1370.1765224254355
 20
636.9725793019097
 10
1368.7360679774997
 20
637.8042260651807
 10
1367.0818861469293
 20
637.9780875814731
 10
1365.5
 20
637.4641016151379
 10
1364.2639320225003
 20
636.35114100917
 10
1363.5874095970648
 20
634.8316467632711
 10
1363.5874095970648
 20
633.168353236729
 10
1364.2639320225003
 20
631.6488589908301
 10
1365.5
 20
630.5358983848623
 10
1367.0818861469293
 20
630.021912418527
 10
1368.7360679774997
 20
630.1957739348195
 10
1370.1765224254355
 20
631.0274206980905
 10
1371.1541818305705
 20
632.3730534276968
 10
1371.5
 20
634.0000000000001
  0
LWPOLYLINE
  5
242
330
17
100
AcDbEntity
  8
TOP
100
AcDbPolyline
 90
16
 70
0
 10
1371.5
 20
634.0
 10
1371.1541818305705
 20
632.3730534276968
 10
1370.1765224254355
 20
631.0274206980905
 10
1368.7360679774997
 20
630.1957739348195
 10
1367.0818861469293
 20
630.021912418527
 10
1365.5
 20
630.5358983848623
 10
1364.2639320225003
 20
631.6488589908301
 10
1363.5874095970648
 20
633.168353236729
 10
1363.5874095970648
 20
634.8316467632711
 10
1364.2639320225003
 20
636.35114100917
 10
1365.5
 20
637.4641016151378
 10
1367.0818861469293
 20
637.9780875814731
 10
1368.7360679774997
 20
637.8042260651807
 10
1370.1765224254355
 20
636.9725793019096
 10
1371.1541818305705
 20
635.6269465723033
 10
1371.5
 20
634.0
  0
LWPOLYLINE
  5
243
330
17
100
AcDbEntity
  8
TOP
100
AcDbPolyline
 90
2
 70
0
 10
1067.5
 20
150.0
 10
1067.5
 20
830.0
  0
LWPOLYLINE
  5
244
330
17
100
AcDbEntity
  8
TOP
100
AcDbPolyline
 90
2
 70
0
 10
1067.5
 20
150.0
 10
1067.5
 20
830.0
  0
LWPOLYLINE
  5
245
330
17
100
AcDbEntity
  8
TOP
100
AcDbPolyline
 90
2
 70
0
 10
1087.5
 20
150.0
 10
1087.5
 20
830.0
  0
LWPOLYLINE
  5
246
330
17
100
AcDbEntity
  8
TOP
100
AcDbPolyline
 90
2
 70
0
 10
1087.5
 20
150.0
 10
1087.5
 20
830.0
  0
LWPOLYLINE
  5
247
330
17
100
AcDbEntity
  8
TOP
100
AcDbPolyline
 90
2
 70
0
 10
1067.5
 20
150.0
 10
1087.5
 20
150.0
  0
LWPOLYLINE
  5
248
330
17
100
AcDbEntity
  8
TOP
100
AcDbPolyline
 90
2
 70
0
 10
1067.5
 20
150.0
 10
1087.5
 20
150.0
  0
LWPOLYLINE
  5
249
330
17
100
AcDbEntity
  8
TOP
100
AcDbPolyline
 90
2
 70
0
 10
1067.5
 20
830.0
 10
1087.5
 20
830.0
  0
LWPOLYLINE
  5
24A
330
17
100
AcDbEntity
  8
TOP
100
AcDbPolyline
 90
2
 70
0
 10
1067.5
 20
830.0
 10
1087.5
 20
830.0
  0
LWPOLYLINE
  5
24B
330
17
100
AcDbEntity
  8
TOP
100
AcDbPolyline
 90
2
 70
0
 10
1587.5
 20
150.0
 10
1587.5
 20
830.0
  0
LWPOLYLINE
  5
24C
330
17
100
AcDbEntity
  8
TOP
100
AcDbPolyline
 90
2
 70
0
 10
1587.5
 20
150.0
 10
1587.5
 20
830.0
  0
LWPOLYLINE
  5
24D
330
17
100
AcDbEntity
  8
TOP
100
AcDbPolyline
 90
2
 70
0
 10
1607.5
 20
150.0
 10
1607.5
 20
830.0
  0
LWPOLYLINE
  5
24E
330
17
100
AcDbEntity
  8
TOP
100
AcDbPolyline
 90
2
 70
0
 10
1607.5
 20
150.0
 10
1607.5
 20
830.0
  0
LWPOLYLINE
  5
24F
330
17
100
AcDbEntity
  8
TOP
100
AcDbPolyline
 90
2
 70
0
 10
1587.5
 20
150.0
 10
1607.5
 20
150.0
  0
LWPOLYLINE
  5
250
330
17
100
AcDbEntity
  8
TOP
100
AcDbPolyline
 90
2
 70
0
 10
1587.5
 20
150.0
 10
1607.5
 20
150.0
  0
LWPOLYLINE
  5
251
330
17
100
AcDbEntity
  8
TOP
100
AcDbPolyline
 90
2
 70
0
 10
1587.5
 20
830.0
 10
1607.5
 20
830.0
  0
LWPOLYLINE
  5
252
330
17
100
AcDbEntity
  8
TOP
100
AcDbPolyline
 90
2
 70
0
 10
1587.5
 20
830.0
 10
1607.5
 20
830.0
  0
LWPOLYLINE
  5
253
330
17
100
AcDbEntity
  8
TOP
100
AcDbPolyline
 90
2
 70
0
 10
1067.5
 20
150.0
 10
1067.5
 20
830.0
  0
LWPOLYLINE
  5
254
330
17
100
AcDbEntity
  8
TOP
100
AcDbPolyline
 90
2
 70
0
 10
1067.5
 20
150.0
 10
1067.5
 20
830.0
  0
LWPOLYLINE
  5
255
330
17
100
AcDbEntity
  8
TOP
100
AcDbPolyline
 90
2
 70
0
 10
1087.5
 20
150.0
 10
1087.5
 20
830.0
  0
LWPOLYLINE
  5
256
330
17
100
AcDbEntity
  8
TOP
100
AcDbPolyline
 90
2
 70
0
 10
1087.5
 20
150.0
 10
1087.5
 20
830.0
  0
LWPOLYLINE
  5
257
330
17
100
AcDbEntity
  8
TOP
100
AcDbPolyline
 90
2
 70
0
 10
1067.5
 20
150.0
 10
1087.5
 20
150.0
  0
LWPOLYLINE
  5
258
330
17
100
AcDbEntity
  8
TOP
100
AcDbPolyline
 90
2
 70
0
 10
1067.5
 20
150.0
 10
1087.5
 20
150.0
  0
LWPOLYLINE
  5
259
330
17
100
AcDbEntity
  8
TOP
100
AcDbPolyline
 90
2
 70
0
 10
1067.5
 20
830.0
 10
1087.5
 20
830.0
  0
LWPOLYLINE
  5
25A
330
17
100
AcDbEntity
  8
TOP
100
AcDbPolyline
 90
2
 70
0
 10
1067.5
 20
830.0
 10
1087.5
 20
830.0
  0
LWPOLYLINE
  5
25B
330
17
100
AcDbEntity
  8
TOP
100
AcDbPolyline
 90
2
 70
0
 10
1587.5
 20
150.0
 10
1587.5
 20
830.0
  0
LWPOLYLINE
  5
25C
330
17
100
AcDbEntity
  8
TOP
100
AcDbPolyline
 90
2
 70
0
 10
1587.5
 20
150.0
 10
1587.5
 20
830.0
  0
LWPOLYLINE
  5
25D
330
17
100
AcDbEntity
  8
TOP
100
AcDbPolyline
 90
2
 70
0
 10
1607.5
 20
150.0
 10
1607.5
 20
830.0
  0
LWPOLYLINE
  5
25E
330
17
100
AcDbEntity
  8
TOP
100
AcDbPolyline
 90
2
 70
0
 10
1607.5
 20
150.0
 10
1607.5
 20
830.0
  0
LWPOLYLINE
  5
25F
330
17
100
AcDbEntity
  8
TOP
100
AcDbPolyline
 90
2
 70
0
 10
1587.5
 20
150.0
 10
1607.5
 20
150.0
  0
LWPOLYLINE
  5
260
330
17
100
AcDbEntity
  8
TOP
100
AcDbPolyline
 90
2
 70
0
 10
1587.5
 20
150.0
 10
1607.5
 20
150.0
  0
LWPOLYLINE
  5
261
330
17
100
AcDbEntity
  8
TOP
100
AcDbPolyline
 90
2
 70
0
 10
1587.5
 20
830.0
 10
1607.5
 20
830.0
  0
LWPOLYLINE
  5
262
330
17
100
AcDbEntity
  8
TOP
100
AcDbPolyline
 90
2
 70
0
 10
1587.5
 20
830.0
 10
1607.5
 20
830.0
  0
LWPOLYLINE
  5
263
330
17
100
AcDbEntity
  8
TOP
100
AcDbPolyline
 90
2
 70
0
 10
1077.5
 20
215.0
 10
1077.5
 20
465.0
  0
LWPOLYLINE
  5
264
330
17
100
AcDbEntity
  8
TOP
100
AcDbPolyline
 90
2
 70
0
 10
1077.5
 20
215.0
 10
1077.5
 20
465.0
  0
LWPOLYLINE
  5
265
330
17
100
AcDbEntity
  8
TOP
100
AcDbPolyline
 90
2
 70
0
 10
1597.5
 20
215.0
 10
1597.5
 20
465.0
  0
LWPOLYLINE
  5
266
330
17
100
AcDbEntity
  8
TOP
100
AcDbPolyline
 90
2
 70
0
 10
1597.5
 20
215.0
 10
1597.5
 20
465.0
  0
LWPOLYLINE
  5
267
330
17
100
AcDbEntity
  8
TOP
100
AcDbPolyline
 90
2
 70
0
 10
1077.5
 20
215.0
 10
1597.5
 20
215.0
  0
LWPOLYLINE
  5
268
330
17
100
AcDbEntity
  8
TOP
100
AcDbPolyline
 90
2
 70
0
 10
1077.5
 20
215.0
 10
1597.5
 20
215.0
  0
LWPOLYLINE
  5
269
330
17
100
AcDbEntity
  8
TOP
100
AcDbPolyline
 90
2
 70
0
 10
1077.5
 20
465.0
 10
1597.5
 20
465.0
  0
LWPOLYLINE
  5
26A
330
17
100
AcDbEntity
  8
TOP
100
AcDbPolyline
 90
2
 70
0
 10
1077.5
 20
465.0
 10
1597.5
 20
465.0
  0
LWPOLYLINE
  5
26B
330
17
100
AcDbEntity
  8
TOP
100
AcDbPolyline
 90
2
 70
0
 10
1243.5
 20
266.5
 10
1243.5
 20
413.5
  0
LWPOLYLINE
  5
26C
330
17
100
AcDbEntity
  8
TOP
100
AcDbPolyline
 90
2
 70
0
 10
1243.5
 20
266.5
 10
1243.5
 20
413.5
  0
LWPOLYLINE
  5
26D
330
17
100
AcDbEntity
  8
TOP
100
AcDbPolyline
 90
2
 70
0
 10
1431.5
 20
266.5
 10
1431.5
 20
413.5
  0
LWPOLYLINE
  5
26E
330
17
100
AcDbEntity
  8
TOP
100
AcDbPolyline
 90
2
 70
0
 10
1431.5
 20
266.5
 10
1431.5
 20
413.5
  0
LWPOLYLINE
  5
26F
330
17
100
AcDbEntity
  8
TOP
100
AcDbPolyline
 90
2
 70
0
 10
1243.5
 20
266.5
 10
1431.5
 20
266.5
  0
LWPOLYLINE
  5
270
330
17
100
AcDbEntity
  8
TOP
100
AcDbPolyline
 90
2
 70
0
 10
1243.5
 20
266.5
 10
1431.5
 20
266.5
  0
LWPOLYLINE
  5
271
330
17
100
AcDbEntity
  8
TOP
100
AcDbPolyline
 90
2
 70
0
 10
1243.5
 20
413.5
 10
1431.5
 20
413.5
  0
LWPOLYLINE
  5
272
330
17
100
AcDbEntity
  8
TOP
100
AcDbPolyline
 90
2
 70
0
 10
1243.5
 20
413.5
 10
1431.5
 20
413.5
  0
LWPOLYLINE
  5
273
330
17
100
AcDbEntity
  8
TOP
100
AcDbPolyline
 90
2
 70
0
 10
1219.5
 20
250.0
 10
1219.5
 20
430.0
  0
LWPOLYLINE
  5
274
330
17
100
AcDbEntity
  8
TOP
100
AcDbPolyline
 90
2
 70
0
 10
1219.5
 20
250.0
 10
1219.5
 20
430.0
  0
LWPOLYLINE
  5
275
330
17
100
AcDbEntity
  8
TOP
100
AcDbPolyline
 90
2
 70
0
 10
1225.5
 20
250.0
 10
1225.5
 20
430.0
  0
LWPOLYLINE
  5
276
330
17
100
AcDbEntity
  8
TOP
100
AcDbPolyline
 90
2
 70
0
 10
1225.5
 20
250.0
 10
1225.5
 20
430.0
  0
LWPOLYLINE
  5
277
330
17
100
AcDbEntity
  8
TOP
100
AcDbPolyline
 90
2
 70
0
 10
1219.5
 20
250.0
 10
1225.5
 20
250.0
  0
LWPOLYLINE
  5
278
330
17
100
AcDbEntity
  8
TOP
100
AcDbPolyline
 90
2
 70
0
 10
1219.5
 20
250.0
 10
1225.5
 20
250.0
  0
LWPOLYLINE
  5
279
330
17
100
AcDbEntity
  8
TOP
100
AcDbPolyline
 90
2
 70
0
 10
1219.5
 20
430.0
 10
1225.5
 20
430.0
  0
LWPOLYLINE
  5
27A
330
17
100
AcDbEntity
  8
TOP
100
AcDbPolyline
 90
2
 70
0
 10
1219.5
 20
430.0
 10
1225.5
 20
430.0
  0
LWPOLYLINE
  5
27B
330
17
100
AcDbEntity
  8
TOP
100
AcDbPolyline
 90
2
 70
0
 10
1449.5
 20
250.0
 10
1449.5
 20
430.0
  0
LWPOLYLINE
  5
27C
330
17
100
AcDbEntity
  8
TOP
100
AcDbPolyline
 90
2
 70
0
 10
1449.5
 20
250.0
 10
1449.5
 20
430.0
  0
LWPOLYLINE
  5
27D
330
17
100
AcDbEntity
  8
TOP
100
AcDbPolyline
 90
2
 70
0
 10
1455.5
 20
250.0
 10
1455.5
 20
430.0
  0
LWPOLYLINE
  5
27E
330
17
100
AcDbEntity
  8
TOP
100
AcDbPolyline
 90
2
 70
0
 10
1455.5
 20
250.0
 10
1455.5
 20
430.0
  0
LWPOLYLINE
  5
27F
330
17
100
AcDbEntity
  8
TOP
100
AcDbPolyline
 90
2
 70
0
 10
1449.5
 20
250.0
 10
1455.5
 20
250.0
  0
LWPOLYLINE
  5
280
330
17
100
AcDbEntity
  8
TOP
100
AcDbPolyline
 90
2
 70
0
 10
1449.5
 20
250.0
 10
1455.5
 20
250.0
  0
LWPOLYLINE
  5
281
330
17
100
AcDbEntity
  8
TOP
100
AcDbPolyline
 90
2
 70
0
 10
1449.5
 20
430.0
 10
1455.5
 20
430.0
  0
LWPOLYLINE
  5
282
330
17
100
AcDbEntity
  8
TOP
100
AcDbPolyline
 90
2
 70
0
 10
1449.5
 20
430.0
 10
1455.5
 20
430.0
  0
LWPOLYLINE
  5
283
330
17
100
AcDbEntity
  8
TOP
100
AcDbPolyline
 90
2
 70
0
 10
1077.5
 20
500.0
 10
1077.5
 20
780.0
  0
LWPOLYLINE
  5
284
330
17
100
AcDbEntity
  8
TOP
100
AcDbPolyline
 90
2
 70
0
 10
1077.5
 20
500.0
 10
1077.5
 20
780.0
  0
LWPOLYLINE
  5
285
330
17
100
AcDbEntity
  8
TOP
100
AcDbPolyline
 90
2
 70
0
 10
1597.5
 20
500.0
 10
1597.5
 20
780.0
  0
LWPOLYLINE
  5
286
330
17
100
AcDbEntity
  8
TOP
100
AcDbPolyline
 90
2
 70
0
 10
1597.5
 20
500.0
 10
1597.5
 20
780.0
  0
LWPOLYLINE
  5
287
330
17
100
AcDbEntity
  8
TOP
100
AcDbPolyline
 90
2
 70
0
 10
1077.5
 20
500.0
 10
1597.5
 20
500.0
  0
LWPOLYLINE
  5
288
330
17
100
AcDbEntity
  8
TOP
100
AcDbPolyline
 90
2
 70
0
 10
1077.5
 20
500.0
 10
1597.5
 20
500.0
  0
LWPOLYLINE
  5
289
330
17
100
AcDbEntity
  8
TOP
100
AcDbPolyline
 90
2
 70
0
 10
1077.5
 20
780.0
 10
1597.5
 20
780.0
  0
LWPOLYLINE
  5
28A
330
17
100
AcDbEntity
  8
TOP
100
AcDbPolyline
 90
2
 70
0
 10
1077.5
 20
780.0
 10
1597.5
 20
780.0
  0
LWPOLYLINE
  5
28B
330
17
100
AcDbEntity
  8
TOP
100
AcDbPolyline
 90
2
 70
0
 10
1187.5
 20
530.0
 10
1187.5
 20
750.0
  0
LWPOLYLINE
  5
28C
330
17
100
AcDbEntity
  8
TOP
100
AcDbPolyline
 90
2
 70
0
 10
1187.5
 20
530.0
 10
1187.5
 20
750.0
  0
LWPOLYLINE
  5
28D
330
17
100
AcDbEntity
  8
TOP
100
AcDbPolyline
 90
2
 70
0
 10
1187.5
 20
530.0
 10
1487.5
 20
530.0
  0
LWPOLYLINE
  5
28E
330
17
100
AcDbEntity
  8
TOP
100
AcDbPolyline
 90
2
 70
0
 10
1187.5
 20
530.0
 10
1487.5
 20
530.0
  0
LWPOLYLINE
  5
28F
330
17
100
AcDbEntity
  8
TOP
100
AcDbPolyline
 90
2
 70
0
 10
1187.5
 20
750.0
 10
1487.5
 20
750.0
  0
LWPOLYLINE
  5
290
330
17
100
AcDbEntity
  8
TOP
100
AcDbPolyline
 90
2
 70
0
 10
1487.5
 20
530.0
 10
1487.5
 20
750.0
  0
LWPOLYLINE
  5
291
330
17
100
AcDbEntity
  8
TOP
100
AcDbPolyline
 90
2
 70
0
 10
1472.5
 20
545.0
 10
1202.5
 20
545.0
  0
LWPOLYLINE
  5
292
330
17
100
AcDbEntity
  8
TOP
100
AcDbPolyline
 90
2
 70
0
 10
1472.5
 20
545.0
 10
1472.5
 20
735.0
  0
LWPOLYLINE
  5
293
330
17
100
AcDbEntity
  8
TOP
100
AcDbPolyline
 90
2
 70
0
 10
1472.5
 20
735.0
 10
1202.5
 20
735.0
  0
LWPOLYLINE
  5
294
330
17
100
AcDbEntity
  8
TOP
100
AcDbPolyline
 90
2
 70
0
 10
1202.5
 20
545.0
 10
1202.5
 20
735.0
  0
LWPOLYLINE
  5
295
330
17
100
AcDbEntity
  8
TOP
100
AcDbPolyline
 90
2
 70
0
 10
1187.5
 20
750.0
 10
1487.5
 20
750.0
  0
LWPOLYLINE
  5
296
330
17
100
AcDbEntity
  8
TOP
100
AcDbPolyline
 90
2
 70
0
 10
1487.5
 20
530.0
 10
1487.5
 20
750.0
  0
LWPOLYLINE
  5
297
330
17
100
AcDbEntity
  8
TOP
100
AcDbPolyline
 90
2
 70
0
 10
1202.5
 20
545.0
 10
1472.5
 20
545.0
  0
LWPOLYLINE
  5
298
330
17
100
AcDbEntity
  8
TOP
100
AcDbPolyline
 90
2
 70
0
 10
1472.5
 20
545.0
 10
1472.5
 20
735.0
  0
LWPOLYLINE
  5
299
330
17
100
AcDbEntity
  8
TOP
100
AcDbPolyline
 90
2
 70
0
 10
1202.5
 20
735.0
 10
1472.5
 20
735.0
  0
LWPOLYLINE
  5
29A
330
17
100
AcDbEntity
  8
TOP
100
AcDbPolyline
 90
2
 70
0
 10
1202.5
 20
545.0
 10
1202.5
 20
735.0
  0
LWPOLYLINE
  5
29B
330
17
100
AcDbEntity
  8
TOP
100
AcDbPolyline
 90
2
 70
0
 10
1187.5
 20
530.0
 10
1187.5
 20
750.0
  0
LWPOLYLINE
  5
29C
330
17
100
AcDbEntity
  8
TOP
100
AcDbPolyline
 90
2
 70
0
 10
1187.5
 20
530.0
 10
1187.5
 20
750.0
  0
LWPOLYLINE
  5
29D
330
17
100
AcDbEntity
  8
TOP
100
AcDbPolyline
 90
2
 70
0
 10
1487.5
 20
530.0
 10
1487.5
 20
750.0
  0
LWPOLYLINE
  5
29E
330
17
100
AcDbEntity
  8
TOP
100
AcDbPolyline
 90
2
 70
0
 10
1487.5
 20
530.0
 10
1487.5
 20
750.0
  0
LWPOLYLINE
  5
29F
330
17
100
AcDbEntity
  8
TOP
100
AcDbPolyline
 90
2
 70
0
 10
1187.5
 20
530.0
 10
1487.5
 20
530.0
  0
LWPOLYLINE
  5
2A0
330
17
100
AcDbEntity
  8
TOP
100
AcDbPolyline
 90
2
 70
0
 10
1187.5
 20
530.0
 10
1487.5
 20
530.0
  0
LWPOLYLINE
  5
2A1
330
17
100
AcDbEntity
  8
TOP
100
AcDbPolyline
 90
2
 70
0
 10
1187.5
 20
750.0
 10
1487.5
 20
750.0
  0
LWPOLYLINE
  5
2A2
330
17
100
AcDbEntity
  8
TOP
100
AcDbPolyline
 90
2
 70
0
 10
1187.5
 20
750.0
 10
1487.5
 20
750.0
  0
LWPOLYLINE
  5
2A3
330
17
100
AcDbEntity
  8
TOP
100
AcDbPolyline
 90
2
 70
0
 10
1212.5
 20
555.0
 10
1212.5
 20
725.0
  0
LWPOLYLINE
  5
2A4
330
17
100
AcDbEntity
  8
TOP
100
AcDbPolyline
 90
2
 70
0
 10
1212.5
 20
555.0
 10
1212.5
 20
725.0
  0
LWPOLYLINE
  5
2A5
330
17
100
AcDbEntity
  8
TOP
100
AcDbPolyline
 90
2
 70
0
 10
1462.5
 20
555.0
 10
1462.5
 20
725.0
  0
LWPOLYLINE
  5
2A6
330
17
100
AcDbEntity
  8
TOP
100
AcDbPolyline
 90
2
 70
0
 10
1462.5
 20
555.0
 10
1462.5
 20
725.0
  0
LWPOLYLINE
  5
2A7
330
17
100
AcDbEntity
  8
TOP
100
AcDbPolyline
 90
2
 70
0
 10
1212.5
 20
555.0
 10
1462.5
 20
555.0
  0
LWPOLYLINE
  5
2A8
330
17
100
AcDbEntity
  8
TOP
100
AcDbPolyline
 90
2
 70
0
 10
1212.5
 20
555.0
 10
1462.5
 20
555.0
  0
LWPOLYLINE
  5
2A9
330
17
100
AcDbEntity
  8
TOP
100
AcDbPolyline
 90
2
 70
0
 10
1212.5
 20
725.0
 10
1462.5
 20
725.0
  0
LWPOLYLINE
  5
2AA
330
17
100
AcDbEntity
  8
TOP
100
AcDbPolyline
 90
2
 70
0
 10
1212.5
 20
725.0
 10
1462.5
 20
725.0
  0
LWPOLYLINE
  5
2AB
330
17
100
AcDbEntity
  8
TOP
100
AcDbPolyline
 90
2
 70
0
 10
1346.0
 20
575.0
 10
1346.0
 20
615.0
  0
LWPOLYLINE
  5
2AC
330
17
100
AcDbEntity
  8
TOP
100
AcDbPolyline
 90
2
 70
0
 10
1346.0
 20
575.0
 10
1346.0
 20
615.0
  0
LWPOLYLINE
  5
2AD
330
17
100
AcDbEntity
  8
TOP
100
AcDbPolyline
 90
2
 70
0
 10
1459.0
 20
575.0
 10
1459.0
 20
615.0
  0
LWPOLYLINE
  5
2AE
330
17
100
AcDbEntity
  8
TOP
100
AcDbPolyline
 90
2
 70
0
 10
1459.0
 20
575.0
 10
1459.0
 20
615.0
  0
LWPOLYLINE
  5
2AF
330
17
100
AcDbEntity
  8
TOP
100
AcDbPolyline
 90
2
 70
0
 10
1346.0
 20
575.0
 10
1459.0
 20
575.0
  0
LWPOLYLINE
  5
2B0
330
17
100
AcDbEntity
  8
TOP
100
AcDbPolyline
 90
2
 70
0
 10
1346.0
 20
575.0
 10
1459.0
 20
575.0
  0
LWPOLYLINE
  5
2B1
330
17
100
AcDbEntity
  8
TOP
100
AcDbPolyline
 90
2
 70
0
 10
1346.0
 20
615.0
 10
1459.0
 20
615.0
  0
LWPOLYLINE
  5
2B2
330
17
100
AcDbEntity
  8
TOP
100
AcDbPolyline
 90
2
 70
0
 10
1346.0
 20
615.0
 10
1459.0
 20
615.0
  0
LWPOLYLINE
  5
2B3
330
17
100
AcDbEntity
  8
TOP
100
AcDbPolyline
 90
2
 70
0
 10
1219.0
 20
572.0
 10
1219.0
 20
618.0
  0
LWPOLYLINE
  5
2B4
330
17
100
AcDbEntity
  8
TOP
100
AcDbPolyline
 90
2
 70
0
 10
1219.0
 20
572.0
 10
1219.0
 20
618.0
  0
LWPOLYLINE
  5
2B5
330
17
100
AcDbEntity
  8
TOP
100
AcDbPolyline
 90
2
 70
0
 10
1326.0
 20
572.0
 10
1326.0
 20
618.0
  0
LWPOLYLINE
  5
2B6
330
17
100
AcDbEntity
  8
TOP
100
AcDbPolyline
 90
2
 70
0
 10
1326.0
 20
572.0
 10
1326.0
 20
618.0
  0
LWPOLYLINE
  5
2B7
330
17
100
AcDbEntity
  8
TOP
100
AcDbPolyline
 90
2
 70
0
 10
1219.0
 20
572.0
 10
1326.0
 20
572.0
  0
LWPOLYLINE
  5
2B8
330
17
100
AcDbEntity
  8
TOP
100
AcDbPolyline
 90
2
 70
0
 10
1219.0
 20
572.0
 10
1326.0
 20
572.0
  0
LWPOLYLINE
  5
2B9
330
17
100
AcDbEntity
  8
TOP
100
AcDbPolyline
 90
2
 70
0
 10
1219.0
 20
618.0
 10
1326.0
 20
618.0
  0
LWPOLYLINE
  5
2BA
330
17
100
AcDbEntity
  8
TOP
100
AcDbPolyline
 90
2
 70
0
 10
1219.0
 20
618.0
 10
1326.0
 20
618.0
  0
LWPOLYLINE
  5
2BB
330
17
100
AcDbEntity
  8
TOP
100
AcDbPolyline
 90
2
 70
0
 10
1224.35
 20
662.5
 10
1224.35
 20
717.5
  0
LWPOLYLINE
  5
2BC
330
17
100
AcDbEntity
  8
TOP
100
AcDbPolyline
 90
2
 70
0
 10
1224.35
 20
662.5
 10
1224.35
 20
717.5
  0
LWPOLYLINE
  5
2BD
330
17
100
AcDbEntity
  8
TOP
100
AcDbPolyline
 90
2
 70
0
 10
1330.65
 20
662.5
 10
1330.65
 20
717.5
  0
LWPOLYLINE
  5
2BE
330
17
100
AcDbEntity
  8
TOP
100
AcDbPolyline
 90
2
 70
0
 10
1330.65
 20
662.5
 10
1330.65
 20
717.5
  0
LWPOLYLINE
  5
2BF
330
17
100
AcDbEntity
  8
TOP
100
AcDbPolyline
 90
2
 70
0
 10
1224.35
 20
662.5
 10
1330.65
 20
662.5
  0
LWPOLYLINE
  5
2C0
330
17
100
AcDbEntity
  8
TOP
100
AcDbPolyline
 90
2
 70
0
 10
1224.35
 20
662.5
 10
1330.65
 20
662.5
  0
LWPOLYLINE
  5
2C1
330
17
100
AcDbEntity
  8
TOP
100
AcDbPolyline
 90
2
 70
0
 10
1224.35
 20
717.5
 10
1330.65
 20
717.5
  0
LWPOLYLINE
  5
2C2
330
17
100
AcDbEntity
  8
TOP
100
AcDbPolyline
 90
2
 70
0
 10
1224.35
 20
717.5
 10
1330.65
 20
717.5
  0
LWPOLYLINE
  5
2C3
330
17
100
AcDbEntity
  8
TOP
100
AcDbPolyline
 90
2
 70
0
 10
1377.35
 20
666.1
 10
1377.35
 20
683.9
  0
LWPOLYLINE
  5
2C4
330
17
100
AcDbEntity
  8
TOP
100
AcDbPolyline
 90
2
 70
0
 10
1377.35
 20
666.1
 10
1377.35
 20
683.9
  0
LWPOLYLINE
  5
2C5
330
17
100
AcDbEntity
  8
TOP
100
AcDbPolyline
 90
2
 70
0
 10
1397.65
 20
666.1
 10
1397.65
 20
683.9
  0
LWPOLYLINE
  5
2C6
330
17
100
AcDbEntity
  8
TOP
100
AcDbPolyline
 90
2
 70
0
 10
1397.65
 20
666.1
 10
1397.65
 20
683.9
  0
LWPOLYLINE
  5
2C7
330
17
100
AcDbEntity
  8
TOP
100
AcDbPolyline
 90
2
 70
0
 10
1377.35
 20
666.1
 10
1397.65
 20
666.1
  0
LWPOLYLINE
  5
2C8
330
17
100
AcDbEntity
  8
TOP
100
AcDbPolyline
 90
2
 70
0
 10
1377.35
 20
666.1
 10
1397.65
 20
666.1
  0
LWPOLYLINE
  5
2C9
330
17
100
AcDbEntity
  8
TOP
100
AcDbPolyline
 90
2
 70
0
 10
1377.35
 20
683.9
 10
1397.65
 20
683.9
  0
LWPOLYLINE
  5
2CA
330
17
100
AcDbEntity
  8
TOP
100
AcDbPolyline
 90
2
 70
0
 10
1377.35
 20
683.9
 10
1397.65
 20
683.9
  0
LWPOLYLINE
  5
2CB
330
17
100
AcDbEntity
  8
TOP
100
AcDbPolyline
 90
2
 70
0
 10
1422.35
 20
666.1
 10
1422.35
 20
683.9
  0
LWPOLYLINE
  5
2CC
330
17
100
AcDbEntity
  8
TOP
100
AcDbPolyline
 90
2
 70
0
 10
1422.35
 20
666.1
 10
1422.35
 20
683.9
  0
LWPOLYLINE
  5
2CD
330
17
100
AcDbEntity
  8
TOP
100
AcDbPolyline
 90
2
 70
0
 10
1442.65
 20
666.1
 10
1442.65
 20
683.9
  0
LWPOLYLINE
  5
2CE
330
17
100
AcDbEntity
  8
TOP
100
AcDbPolyline
 90
2
 70
0
 10
1442.65
 20
666.1
 10
1442.65
 20
683.9
  0
LWPOLYLINE
  5
2CF
330
17
100
AcDbEntity
  8
TOP
100
AcDbPolyline
 90
2
 70
0
 10
1422.35
 20
666.1
 10
1442.65
 20
666.1
  0
LWPOLYLINE
  5
2D0
330
17
100
AcDbEntity
  8
TOP
100
AcDbPolyline
 90
2
 70
0
 10
1422.35
 20
666.1
 10
1442.65
 20
666.1
  0
LWPOLYLINE
  5
2D1
330
17
100
AcDbEntity
  8
TOP
100
AcDbPolyline
 90
2
 70
0
 10
1422.35
 20
683.9
 10
1442.65
 20
683.9
  0
LWPOLYLINE
  5
2D2
330
17
100
AcDbEntity
  8
TOP
100
AcDbPolyline
 90
2
 70
0
 10
1422.35
 20
683.9
 10
1442.65
 20
683.9
  0
LWPOLYLINE
  5
2D3
330
17
100
AcDbEntity
  8
TOP
100
AcDbPolyline
 90
2
 70
0
 10
1245.0
 20
626.0
 10
1245.0
 20
654.0
  0
LWPOLYLINE
  5
2D4
330
17
100
AcDbEntity
  8
TOP
100
AcDbPolyline
 90
2
 70
0
 10
1245.0
 20
626.0
 10
1245.0
 20
654.0
  0
LWPOLYLINE
  5
2D5
330
17
100
AcDbEntity
  8
TOP
100
AcDbPolyline
 90
2
 70
0
 10
1300.0
 20
626.0
 10
1300.0
 20
654.0
  0
LWPOLYLINE
  5
2D6
330
17
100
AcDbEntity
  8
TOP
100
AcDbPolyline
 90
2
 70
0
 10
1300.0
 20
626.0
 10
1300.0
 20
654.0
  0
LWPOLYLINE
  5
2D7
330
17
100
AcDbEntity
  8
TOP
100
AcDbPolyline
 90
2
 70
0
 10
1245.0
 20
626.0
 10
1300.0
 20
626.0
  0
LWPOLYLINE
  5
2D8
330
17
100
AcDbEntity
  8
TOP
100
AcDbPolyline
 90
2
 70
0
 10
1245.0
 20
626.0
 10
1300.0
 20
626.0
  0
LWPOLYLINE
  5
2D9
330
17
100
AcDbEntity
  8
TOP
100
AcDbPolyline
 90
2
 70
0
 10
1245.0
 20
654.0
 10
1300.0
 20
654.0
  0
LWPOLYLINE
  5
2DA
330
17
100
AcDbEntity
  8
TOP
100
AcDbPolyline
 90
2
 70
0
 10
1245.0
 20
654.0
 10
1300.0
 20
654.0
  0
LWPOLYLINE
  5
2DB
330
17
100
AcDbEntity
  8
TOP
100
AcDbPolyline
 90
2
 70
0
 10
1382.5
 20
625.0
 10
1382.5
 20
655.0
  0
LWPOLYLINE
  5
2DC
330
17
100
AcDbEntity
  8
TOP
100
AcDbPolyline
 90
2
 70
0
 10
1382.5
 20
625.0
 10
1382.5
 20
655.0
  0
LWPOLYLINE
  5
2DD
330
17
100
AcDbEntity
  8
TOP
100
AcDbPolyline
 90
2
 70
0
 10
1422.5
 20
625.0
 10
1422.5
 20
655.0
  0
LWPOLYLINE
  5
2DE
330
17
100
AcDbEntity
  8
TOP
100
AcDbPolyline
 90
2
 70
0
 10
1422.5
 20
625.0
 10
1422.5
 20
655.0
  0
LWPOLYLINE
  5
2DF
330
17
100
AcDbEntity
  8
TOP
100
AcDbPolyline
 90
2
 70
0
 10
1382.5
 20
625.0
 10
1422.5
 20
625.0
  0
LWPOLYLINE
  5
2E0
330
17
100
AcDbEntity
  8
TOP
100
AcDbPolyline
 90
2
 70
0
 10
1382.5
 20
625.0
 10
1422.5
 20
625.0
  0
LWPOLYLINE
  5
2E1
330
17
100
AcDbEntity
  8
TOP
100
AcDbPolyline
 90
2
 70
0
 10
1382.5
 20
655.0
 10
1422.5
 20
655.0
  0
LWPOLYLINE
  5
2E2
330
17
100
AcDbEntity
  8
TOP
100
AcDbPolyline
 90
2
 70
0
 10
1382.5
 20
655.0
 10
1422.5
 20
655.0
  0
DIMENSION
  5
2E3
330
17
100
AcDbEntity
  8
DIMENSIONS
100
AcDbDimension
280
0
  2
*D1
  3
Standard
 10
0.0
 20
-35.0
 30
0.0
 11
841.25
 21
-35.0
 31
0.0
 70
32
 71
5
  1
<>
100
AcDbAlignedDimension
 13
0.0
 23
0.0
 33
0.0
 14
1682.5
 24
0.0
 34
0.0
 50
0.0
100
AcDbRotatedDimension
1001
ACAD
1000
DSTYLE
1002
{
1070
140
1040
11.216666666666667
1070
41
1040
8.4125
1070
271
1070
2
1002
}
  0
DIMENSION
  5
2F7
330
17
100
AcDbEntity
  8
DIMENSIONS
100
AcDbDimension
280
0
  2
*D2
  3
Standard
 10
-35.0
 20
0.0
 30
0.0
 11
-35.0
 21
490.0
 31
0.0
 70
32
 71
5
  1
<>
100
AcDbAlignedDimension
 13
0.0
 23
0.0
 33
0.0
 14
0.0
 24
980.0
 34
0.0
 50
90.0
100
AcDbRotatedDimension
1001
ACAD
1000
DSTYLE
1002
{
1070
140
1040
11.216666666666667
1070
41
1040
8.4125
1070
271
1070
2
1002
}
  0
LWPOLYLINE
  5
307
330
17
100
AcDbEntity
  8
FRONT
100
AcDbPolyline
 90
2
 70
0
 10
50.0
 20
-790.0
 10
50.0
 20
-615.0
  0
LWPOLYLINE
  5
308
330
17
100
AcDbEntity
  8
FRONT
100
AcDbPolyline
 90
2
 70
0
 10
50.0
 20
-790.0
 10
50.0
 20
-615.0
  0
LWPOLYLINE
  5
309
330
17
100
AcDbEntity
  8
FRONT
100
AcDbPolyline
 90
2
 70
0
 10
50.0
 20
-790.0
 10
325.0
 20
-790.0
  0
LWPOLYLINE
  5
30A
330
17
100
AcDbEntity
  8
FRONT
100
AcDbPolyline
 90
2
 70
0
 10
325.0
 20
-790.0
 10
325.0
 20
-615.0
  0
LWPOLYLINE
  5
30B
330
17
100
AcDbEntity
  8
FRONT
100
AcDbPolyline
 90
2
 70
0
 10
50.0
 20
-615.0
 10
325.0
 20
-615.0
  0
LWPOLYLINE
  5
30C
330
17
100
AcDbEntity
  8
FRONT
100
AcDbPolyline
 90
2
 70
0
 10
50.0
 20
-615.0
 10
325.0
 20
-615.0
  0
LWPOLYLINE
  5
30D
330
17
100
AcDbEntity
  8
FRONT
100
AcDbPolyline
 90
2
 70
0
 10
50.0
 20
-790.0
 10
325.0
 20
-790.0
  0
LWPOLYLINE
  5
30E
330
17
100
AcDbEntity
  8
FRONT
100
AcDbPolyline
 90
2
 70
0
 10
325.0
 20
-790.0
 10
325.0
 20
-615.0
  0
LWPOLYLINE
  5
30F
330
17
100
AcDbEntity
  8
FRONT
100
AcDbPolyline
 90
2
 70
0
 10
54.04500000000007
 20
-619.0450000000001
 10
320.95500000000004
 20
-619.0450000000001
  0
LWPOLYLINE
  5
310
330
17
100
AcDbEntity
  8
FRONT
100
AcDbPolyline
 90
2
 70
0
 10
320.95500000000004
 20
-619.045
 10
320.95500000000004
 20
-785.9549999999999
  0
LWPOLYLINE
  5
311
330
17
100
AcDbEntity
  8
FRONT
100
AcDbPolyline
 90
2
 70
0
 10
54.04500000000007
 20
-785.955
 10
320.95500000000004
 20
-785.955
  0
LWPOLYLINE
  5
312
330
17
100
AcDbEntity
  8
FRONT
100
AcDbPolyline
 90
2
 70
0
 10
54.04499999999996
 20
-619.045
 10
54.04499999999996
 20
-785.9549999999999
  0
LWPOLYLINE
  5
313
330
17
100
AcDbEntity
  8
FRONT
100
AcDbPolyline
 90
2
 70
0
 10
54.04499999999996
 20
-619.0450000000001
 10
320.9549999999999
 20
-619.0450000000001
  0
LWPOLYLINE
  5
314
330
17
100
AcDbEntity
  8
FRONT
100
AcDbPolyline
 90
2
 70
0
 10
320.95500000000004
 20
-785.955
 10
320.95500000000004
 20
-619.0450000000001
  0
LWPOLYLINE
  5
315
330
17
100
AcDbEntity
  8
FRONT
100
AcDbPolyline
 90
2
 70
0
 10
54.04499999999996
 20
-785.955
 10
320.9549999999999
 20
-785.955
  0
LWPOLYLINE
  5
316
330
17
100
AcDbEntity
  8
FRONT
100
AcDbPolyline
 90
2
 70
0
 10
54.04499999999996
 20
-785.955
 10
54.04499999999996
 20
-619.0450000000001
  0
LWPOLYLINE
  5
317
330
17
100
AcDbEntity
  8
FRONT
100
AcDbPolyline
 90
2
 70
0
 10
50.0
 20
-790.0
 10
50.0
 20
-615.0
  0
LWPOLYLINE
  5
318
330
17
100
AcDbEntity
  8
FRONT
100
AcDbPolyline
 90
2
 70
0
 10
50.0
 20
-790.0
 10
50.0
 20
-615.0
  0
LWPOLYLINE
  5
319
330
17
100
AcDbEntity
  8
FRONT
100
AcDbPolyline
 90
2
 70
0
 10
325.0
 20
-790.0
 10
325.0
 20
-615.0
  0
LWPOLYLINE
  5
31A
330
17
100
AcDbEntity
  8
FRONT
100
AcDbPolyline
 90
2
 70
0
 10
325.0
 20
-790.0
 10
325.0
 20
-615.0
  0
LWPOLYLINE
  5
31B
330
17
100
AcDbEntity
  8
FRONT
100
AcDbPolyline
 90
2
 70
0
 10
50.0
 20
-790.0
 10
325.0
 20
-790.0
  0
LWPOLYLINE
  5
31C
330
17
100
AcDbEntity
  8
FRONT
100
AcDbPolyline
 90
2
 70
0
 10
50.0
 20
-615.0
 10
325.0
 20
-615.0
  0
LWPOLYLINE
  5
31D
330
17
100
AcDbEntity
  8
FRONT
100
AcDbPolyline
 90
2
 70
0
 10
50.0
 20
-790.0
 10
325.0
 20
-790.0
  0
LWPOLYLINE
  5
31E
330
17
100
AcDbEntity
  8
FRONT
100
AcDbPolyline
 90
2
 70
0
 10
50.0
 20
-615.0
 10
325.0
 20
-615.0
  0
LWPOLYLINE
  5
31F
330
17
100
AcDbEntity
  8
FRONT
100
AcDbPolyline
 90
2
 70
0
 10
87.5
 20
-737.5
 10
87.5
 20
-667.5
  0
LWPOLYLINE
  5
320
330
17
100
AcDbEntity
  8
FRONT
100
AcDbPolyline
 90
2
 70
0
 10
87.5
 20
-737.5
 10
87.5
 20
-667.5
  0
LWPOLYLINE
  5
321
330
17
100
AcDbEntity
  8
FRONT
100
AcDbPolyline
 90
2
 70
0
 10
287.5
 20
-737.5
 10
287.5
 20
-667.5
  0
LWPOLYLINE
  5
322
330
17
100
AcDbEntity
  8
FRONT
100
AcDbPolyline
 90
2
 70
0
 10
287.5
 20
-737.5
 10
287.5
 20
-667.5
  0
LWPOLYLINE
  5
323
330
17
100
AcDbEntity
  8
FRONT
100
AcDbPolyline
 90
2
 70
0
 10
87.5
 20
-737.5
 10
287.5
 20
-737.5
  0
LWPOLYLINE
  5
324
330
17
100
AcDbEntity
  8
FRONT
100
AcDbPolyline
 90
2
 70
0
 10
87.5
 20
-667.5
 10
287.5
 20
-667.5
  0
LWPOLYLINE
  5
325
330
17
100
AcDbEntity
  8
FRONT
100
AcDbPolyline
 90
2
 70
0
 10
87.5
 20
-737.5
 10
287.5
 20
-737.5
  0
LWPOLYLINE
  5
326
330
17
100
AcDbEntity
  8
FRONT
100
AcDbPolyline
 90
2
 70
0
 10
87.5
 20
-667.5
 10
287.5
 20
-667.5
  0
LWPOLYLINE
  5
327
330
17
100
AcDbEntity
  8
FRONT
100
AcDbPolyline
 90
2
 70
0
 10
87.5
 20
-737.5
 10
87.5
 20
-667.5
  0
LWPOLYLINE
  5
328
330
17
100
AcDbEntity
  8
FRONT
100
AcDbPolyline
 90
2
 70
0
 10
87.5
 20
-737.5
 10
87.5
 20
-667.5
  0
LWPOLYLINE
  5
329
330
17
100
AcDbEntity
  8
FRONT
100
AcDbPolyline
 90
2
 70
0
 10
287.5
 20
-737.5
 10
287.5
 20
-667.5
  0
LWPOLYLINE
  5
32A
330
17
100
AcDbEntity
  8
FRONT
100
AcDbPolyline
 90
2
 70
0
 10
287.5
 20
-737.5
 10
287.5
 20
-667.5
  0
LWPOLYLINE
  5
32B
330
17
100
AcDbEntity
  8
FRONT
100
AcDbPolyline
 90
2
 70
0
 10
87.5
 20
-737.5
 10
287.5
 20
-737.5
  0
LWPOLYLINE
  5
32C
330
17
100
AcDbEntity
  8
FRONT
100
AcDbPolyline
 90
2
 70
0
 10
87.5
 20
-667.5
 10
287.5
 20
-667.5
  0
LWPOLYLINE
  5
32D
330
17
100
AcDbEntity
  8
FRONT
100
AcDbPolyline
 90
2
 70
0
 10
87.5
 20
-737.5
 10
287.5
 20
-737.5
  0
LWPOLYLINE
  5
32E
330
17
100
AcDbEntity
  8
FRONT
100
AcDbPolyline
 90
2
 70
0
 10
87.5
 20
-667.5
 10
287.5
 20
-667.5
  0
LWPOLYLINE
  5
32F
330
17
100
AcDbEntity
  8
FRONT
100
AcDbPolyline
 90
2
 70
0
 10
87.5
 20
-762.5
 10
87.5
 20
-642.5
  0
LWPOLYLINE
  5
330
330
17
100
AcDbEntity
  8
FRONT
100
AcDbPolyline
 90
2
 70
0
 10
87.5
 20
-762.5
 10
87.5
 20
-642.5
  0
LWPOLYLINE
  5
331
330
17
100
AcDbEntity
  8
FRONT
100
AcDbPolyline
 90
2
 70
0
 10
287.5
 20
-762.5
 10
287.5
 20
-642.5
  0
LWPOLYLINE
  5
332
330
17
100
AcDbEntity
  8
FRONT
100
AcDbPolyline
 90
2
 70
0
 10
287.5
 20
-762.5
 10
287.5
 20
-642.5
  0
LWPOLYLINE
  5
333
330
17
100
AcDbEntity
  8
FRONT
100
AcDbPolyline
 90
2
 70
0
 10
87.5
 20
-762.5
 10
287.5
 20
-762.5
  0
LWPOLYLINE
  5
334
330
17
100
AcDbEntity
  8
FRONT
100
AcDbPolyline
 90
2
 70
0
 10
87.5
 20
-642.5
 10
287.5
 20
-642.5
  0
LWPOLYLINE
  5
335
330
17
100
AcDbEntity
  8
FRONT
100
AcDbPolyline
 90
2
 70
0
 10
87.5
 20
-762.5
 10
287.5
 20
-762.5
  0
LWPOLYLINE
  5
336
330
17
100
AcDbEntity
  8
FRONT
100
AcDbPolyline
 90
2
 70
0
 10
87.5
 20
-642.5
 10
287.5
 20
-642.5
  0
LWPOLYLINE
  5
337
330
17
100
AcDbEntity
  8
FRONT
100
AcDbPolyline
 90
2
 70
0
 10
50.59400000000005
 20
-740.6
 10
50.59400000000005
 20
-664.4
  0
LWPOLYLINE
  5
338
330
17
100
AcDbEntity
  8
FRONT
100
AcDbPolyline
 90
2
 70
0
 10
50.59400000000005
 20
-740.6
 10
50.59400000000005
 20
-664.4
  0
LWPOLYLINE
  5
339
330
17
100
AcDbEntity
  8
FRONT
100
AcDbPolyline
 90
2
 70
0
 10
324.40599999999995
 20
-740.6
 10
324.40599999999995
 20
-664.4
  0
LWPOLYLINE
  5
33A
330
17
100
AcDbEntity
  8
FRONT
100
AcDbPolyline
 90
2
 70
0
 10
324.40599999999995
 20
-740.6
 10
324.40599999999995
 20
-664.4
  0
LWPOLYLINE
  5
33B
330
17
100
AcDbEntity
  8
FRONT
100
AcDbPolyline
 90
2
 70
0
 10
50.59400000000005
 20
-740.6
 10
324.40600000000006
 20
-740.6
  0
LWPOLYLINE
  5
33C
330
17
100
AcDbEntity
  8
FRONT
100
AcDbPolyline
 90
2
 70
0
 10
50.59400000000005
 20
-664.4
 10
324.40600000000006
 20
-664.4
  0
LWPOLYLINE
  5
33D
330
17
100
AcDbEntity
  8
FRONT
100
AcDbPolyline
 90
2
 70
0
 10
50.59400000000005
 20
-740.6
 10
324.40600000000006
 20
-740.6
  0
LWPOLYLINE
  5
33E
330
17
100
AcDbEntity
  8
FRONT
100
AcDbPolyline
 90
2
 70
0
 10
50.59400000000005
 20
-664.4
 10
324.40600000000006
 20
-664.4
  0
LWPOLYLINE
  5
33F
330
17
100
AcDbEntity
  8
FRONT
100
AcDbPolyline
 90
2
 70
0
 10
50.59400000000005
 20
-740.6
 10
50.59400000000005
 20
-664.4
  0
LWPOLYLINE
  5
340
330
17
100
AcDbEntity
  8
FRONT
100
AcDbPolyline
 90
2
 70
0
 10
50.59400000000005
 20
-740.6
 10
50.59400000000005
 20
-664.4
  0
LWPOLYLINE
  5
341
330
17
100
AcDbEntity
  8
FRONT
100
AcDbPolyline
 90
2
 70
0
 10
324.40599999999995
 20
-740.6
 10
324.40599999999995
 20
-664.4
  0
LWPOLYLINE
  5
342
330
17
100
AcDbEntity
  8
FRONT
100
AcDbPolyline
 90
2
 70
0
 10
324.40599999999995
 20
-740.6
 10
324.40599999999995
 20
-664.4
  0
LWPOLYLINE
  5
343
330
17
100
AcDbEntity
  8
FRONT
100
AcDbPolyline
 90
2
 70
0
 10
50.59400000000005
 20
-740.6
 10
324.40600000000006
 20
-740.6
  0
LWPOLYLINE
  5
344
330
17
100
AcDbEntity
  8
FRONT
100
AcDbPolyline
 90
2
 70
0
 10
50.59400000000005
 20
-664.4
 10
324.40600000000006
 20
-664.4
  0
LWPOLYLINE
  5
345
330
17
100
AcDbEntity
  8
FRONT
100
AcDbPolyline
 90
2
 70
0
 10
50.59400000000005
 20
-740.6
 10
324.40600000000006
 20
-740.6
  0
LWPOLYLINE
  5
346
330
17
100
AcDbEntity
  8
FRONT
100
AcDbPolyline
 90
2
 70
0
 10
50.59400000000005
 20
-664.4
 10
324.40600000000006
 20
-664.4
  0
LWPOLYLINE
  5
347
330
17
100
AcDbEntity
  8
FRONT
100
AcDbPolyline
 90
16
 70
0
 10
98.5
 20
-726.0
 10
99.7202099292274
 20
-726.2593636270722
 10
100.72943447643217
 20
-726.9926081809234
 10
101.35316954888549
 20
-728.0729490168752
 10
101.48356568610484
 20
-729.3135853898029
 10
101.09807621135337
 20
-730.5
 10
100.26335575687744
 20
-731.4270509831248
 10
99.12373507245331
 20
-731.9344428022014
 10
97.87626492754669
 20
-731.9344428022014
 10
96.73664424312256
 20
-731.4270509831248
 10
95.90192378864674
 20
-730.5
 10
95.51643431389516
 20
-729.3135853898029
 10
95.64683045111451
 20
-728.0729490168752
 10
96.27056552356783
 20
-726.9926081809234
 10
97.2797900707726
 20
-726.2593636270722
 10
98.5
 20
-726.0
  0
LWPOLYLINE
  5
348
330
17
100
AcDbEntity
  8
FRONT
100
AcDbPolyline
 90
16
 70
0
 10
98.5
 20
-726.0
 10
99.7202099292274
 20
-726.2593636270722
 10
100.72943447643217
 20
-726.9926081809234
 10
101.35316954888549
 20
-728.0729490168752
 10
101.48356568610484
 20
-729.3135853898029
 10
101.09807621135337
 20
-730.5
 10
100.26335575687744
 20
-731.4270509831248
 10
99.12373507245331
 20
-731.9344428022014
 10
97.87626492754669
 20
-731.9344428022014
 10
96.73664424312256
 20
-731.4270509831248
 10
95.90192378864674
 20
-730.5
 10
95.51643431389516
 20
-729.3135853898029
 10
95.64683045111451
 20
-728.0729490168752
 10
96.27056552356783
 20
-726.9926081809234
 10
97.2797900707726
 20
-726.2593636270722
 10
98.5
 20
-726.0
  0
LWPOLYLINE
  5
349
330
17
100
AcDbEntity
  8
FRONT
100
AcDbPolyline
 90
16
 70
0
 10
98.5
 20
-727.65
 10
99.04909446815236
 20
-727.7667136321825
 10
99.50324551439451
 20
-728.0966736814155
 10
99.7839262969984
 20
-728.5828270575938
 10
99.84260455874721
 20
-729.1411134254113
 10
99.66913429510896
 20
-729.675
 10
99.29351009059485
 20
-730.0921729424061
 10
98.78068078260401
 20
-730.3204992609907
 10
98.21931921739599
 20
-730.3204992609907
 10
97.70648990940515
 20
-730.0921729424061
 10
97.33086570489104
 20
-729.675
 10
97.15739544125279
 20
-729.1411134254113
 10
97.2160737030016
 20
-728.5828270575938
 10
97.49675448560549
 20
-728.0966736814155
 10
97.95090553184764
 20
-727.7667136321825
 10
98.5
 20
-727.65
  0
LWPOLYLINE
  5
34A
330
17
100
AcDbEntity
  8
FRONT
100
AcDbPolyline
 90
16
 70
0
 10
98.5
 20
-727.65
 10
99.04909446815236
 20
-727.7667136321825
 10
99.50324551439451
 20
-728.0966736814155
 10
99.7839262969984
 20
-728.5828270575938
 10
99.84260455874721
 20
-729.1411134254113
 10
99.66913429510896
 20
-729.675
 10
99.29351009059485
 20
-730.0921729424061
 10
98.78068078260401
 20
-730.3204992609907
 10
98.21931921739599
 20
-730.3204992609907
 10
97.70648990940515
 20
-730.0921729424061
 10
97.33086570489104
 20
-729.675
 10
97.15739544125279
 20
-729.1411134254113
 10
97.2160737030016
 20
-728.5828270575938
 10
97.49675448560549
 20
-728.0966736814155
 10
97.95090553184764
 20
-727.7667136321825
 10
98.5
 20
-727.65
  0
LWPOLYLINE
  5
34B
330
17
100
AcDbEntity
  8
FRONT
100
AcDbPolyline
 90
16
 70
0
 10
156.5
 20
-726.0
 10
157.7202099292274
 20
-726.2593636270722
 10
158.72943447643217
 20
-726.9926081809234
 10
159.3531695488855
 20
-728.0729490168752
 10
159.48356568610484
 20
-729.3135853898029
 10
159.09807621135337
 20
-730.5
 10
158.26335575687744
 20
-731.4270509831248
 10
157.12373507245331
 20
-731.9344428022014
 10
155.87626492754669
 20
-731.9344428022014
 10
154.73664424312256
 20
-731.4270509831248
 10
153.90192378864674
 20
-730.5
 10
153.51643431389516
 20
-729.3135853898029
 10
153.6468304511145
 20
-728.0729490168752
 10
154.27056552356783
 20
-726.9926081809234
 10
155.2797900707726
 20
-726.2593636270722
 10
156.5
 20
-726.0
  0
LWPOLYLINE
  5
34C
330
17
100
AcDbEntity
  8
FRONT
100
AcDbPolyline
 90
16
 70
0
 10
156.5
 20
-726.0
 10
157.7202099292274
 20
-726.2593636270722
 10
158.72943447643217
 20
-726.9926081809234
 10
159.3531695488855
 20
-728.0729490168752
 10
159.48356568610484
 20
-729.3135853898029
 10
159.09807621135337
 20
-730.5
 10
158.26335575687744
 20
-731.4270509831248
 10
157.12373507245331
 20
-731.9344428022014
 10
155.87626492754669
 20
-731.9344428022014
 10
154.73664424312256
 20
-731.4270509831248
 10
153.90192378864674
 20
-730.5
 10
153.51643431389516
 20
-729.3135853898029
 10
153.6468304511145
 20
-728.0729490168752
 10
154.27056552356783
 20
-726.9926081809234
 10
155.2797900707726
 20
-726.2593636270722
 10
156.5
 20
-726.0
  0
LWPOLYLINE
  5
34D
330
17
100
AcDbEntity
  8
FRONT
100
AcDbPolyline
 90
16
 70
0
 10
156.5
 20
-727.65
 10
157.04909446815236
 20
-727.7667136321825
 10
157.5032455143945
 20
-728.0966736814155
 10
157.7839262969984
 20
-728.5828270575938
 10
157.8426045587472
 20
-729.1411134254113
 10
157.66913429510896
 20
-729.675
 10
157.29351009059485
 20
-730.0921729424061
 10
156.780680782604
 20
-730.3204992609907
 10
156.219319217396
 20
-730.3204992609907
 10
155.70648990940515
 20
-730.0921729424061
 10
155.33086570489104
 20
-729.675
 10
155.1573954412528
 20
-729.1411134254113
 10
155.2160737030016
 20
-728.5828270575938
 10
155.4967544856055
 20
-728.0966736814155
 10
155.95090553184764
 20
-727.7667136321825
 10
156.5
 20
-727.65
  0
LWPOLYLINE
  5
34E
330
17
100
AcDbEntity
  8
FRONT
100
AcDbPolyline
 90
16
 70
0
 10
156.5
 20
-727.65
 10
157.04909446815236
 20
-727.7667136321825
 10
157.5032455143945
 20
-728.0966736814155
 10
157.7839262969984
 20
-728.5828270575938
 10
157.8426045587472
 20
-729.1411134254113
 10
157.66913429510896
 20
-729.675
 10
157.29351009059485
 20
-730.0921729424061
 10
156.780680782604
 20
-730.3204992609907
 10
156.219319217396
 20
-730.3204992609907
 10
155.70648990940515
 20
-730.0921729424061
 10
155.33086570489104
 20
-729.675
 10
155.1573954412528
 20
-729.1411134254113
 10
155.2160737030016
 20
-728.5828270575938
 10
155.4967544856055
 20
-728.0966736814155
 10
155.95090553184764
 20
-727.7667136321825
 10
156.5
 20
-727.65
  0
LWPOLYLINE
  5
34F
330
17
100
AcDbEntity
  8
FRONT
100
AcDbPolyline
 90
16
 70
0
 10
98.5
 20
-677.0
 10
99.7202099292274
 20
-677.2593636270722
 10
100.72943447643217
 20
-677.9926081809234
 10
101.35316954888549
 20
-679.0729490168752
 10
101.48356568610484
 20
-680.3135853898029
 10
101.09807621135337
 20
-681.5
 10
100.26335575687744
 20
-682.4270509831248
 10
99.12373507245331
 20
-682.9344428022014
 10
97.87626492754669
 20
-682.9344428022014
 10
96.73664424312256
 20
-682.4270509831248
 10
95.90192378864674
 20
-681.5
 10
95.51643431389516
 20
-680.3135853898029
 10
95.64683045111451
 20
-679.0729490168752
 10
96.27056552356783
 20
-677.9926081809234
 10
97.2797900707726
 20
-677.2593636270722
 10
98.5
 20
-677.0
  0
LWPOLYLINE
  5
350
330
17
100
AcDbEntity
  8
FRONT
100
AcDbPolyline
 90
16
 70
0
 10
98.5
 20
-677.0
 10
99.7202099292274
 20
-677.2593636270722
 10
100.72943447643217
 20
-677.9926081809234
 10
101.35316954888549
 20
-679.0729490168752
 10
101.48356568610484
 20
-680.3135853898029
 10
101.09807621135337
 20
-681.5
 10
100.26335575687744
 20
-682.4270509831248
 10
99.12373507245331
 20
-682.9344428022014
 10
97.87626492754669
 20
-682.9344428022014
 10
96.73664424312256
 20
-682.4270509831248
 10
95.90192378864674
 20
-681.5
 10
95.51643431389516
 20
-680.3135853898029
 10
95.64683045111451
 20
-679.0729490168752
 10
96.27056552356783
 20
-677.9926081809234
 10
97.2797900707726
 20
-677.2593636270722
 10
98.5
 20
-677.0
  0
LWPOLYLINE
  5
351
330
17
100
AcDbEntity
  8
FRONT
100
AcDbPolyline
 90
16
 70
0
 10
98.5
 20
-678.65
 10
99.04909446815236
 20
-678.7667136321825
 10
99.50324551439451
 20
-679.0966736814155
 10
99.7839262969984
 20
-679.5828270575938
 10
99.84260455874721
 20
-680.1411134254113
 10
99.66913429510896
 20
-680.675
 10
99.29351009059485
 20
-681.0921729424061
 10
98.78068078260401
 20
-681.3204992609907
 10
98.21931921739599
 20
-681.3204992609907
 10
97.70648990940515
 20
-681.0921729424061
 10
97.33086570489104
 20
-680.675
 10
97.15739544125279
 20
-680.1411134254113
 10
97.2160737030016
 20
-679.5828270575938
 10
97.49675448560549
 20
-679.0966736814155
 10
97.95090553184764
 20
-678.7667136321825
 10
98.5
 20
-678.65
  0
LWPOLYLINE
  5
352
330
17
100
AcDbEntity
  8
FRONT
100
AcDbPolyline
 90
16
 70
0
 10
98.5
 20
-678.65
 10
99.04909446815236
 20
-678.7667136321825
 10
99.50324551439451
 20
-679.0966736814155
 10
99.7839262969984
 20
-679.5828270575938
 10
99.84260455874721
 20
-680.1411134254113
 10
99.66913429510896
 20
-680.675
 10
99.29351009059485
 20
-681.0921729424061
 10
98.78068078260401
 20
-681.3204992609907
 10
98.21931921739599
 20
-681.3204992609907
 10
97.70648990940515
 20
-681.0921729424061
 10
97.33086570489104
 20
-680.675
 10
97.15739544125279
 20
-680.1411134254113
 10
97.2160737030016
 20
-679.5828270575938
 10
97.49675448560549
 20
-679.0966736814155
 10
97.95090553184764
 20
-678.7667136321825
 10
98.5
 20
-678.65
  0
LWPOLYLINE
  5
353
330
17
100
AcDbEntity
  8
FRONT
100
AcDbPolyline
 90
16
 70
0
 10
156.5
 20
-677.0
 10
157.7202099292274
 20
-677.2593636270722
 10
158.72943447643217
 20
-677.9926081809234
 10
159.3531695488855
 20
-679.0729490168752
 10
159.48356568610484
 20
-680.3135853898029
 10
159.09807621135337
 20
-681.5
 10
158.26335575687744
 20
-682.4270509831248
 10
157.12373507245331
 20
-682.9344428022014
 10
155.87626492754669
 20
-682.9344428022014
 10
154.73664424312256
 20
-682.4270509831248
 10
153.90192378864674
 20
-681.5
 10
153.51643431389516
 20
-680.3135853898029
 10
153.6468304511145
 20
-679.0729490168752
 10
154.27056552356783
 20
-677.9926081809234
 10
155.2797900707726
 20
-677.2593636270722
 10
156.5
 20
-677.0
  0
LWPOLYLINE
  5
354
330
17
100
AcDbEntity
  8
FRONT
100
AcDbPolyline
 90
16
 70
0
 10
156.5
 20
-677.0
 10
157.7202099292274
 20
-677.2593636270722
 10
158.72943447643217
 20
-677.9926081809234
 10
159.3531695488855
 20
-679.0729490168752
 10
159.48356568610484
 20
-680.3135853898029
 10
159.09807621135337
 20
-681.5
 10
158.26335575687744
 20
-682.4270509831248
 10
157.12373507245331
 20
-682.9344428022014
 10
155.87626492754669
 20
-682.9344428022014
 10
154.73664424312256
 20
-682.4270509831248
 10
153.90192378864674
 20
-681.5
 10
153.51643431389516
 20
-680.3135853898029
 10
153.6468304511145
 20
-679.0729490168752
 10
154.27056552356783
 20
-677.9926081809234
 10
155.2797900707726
 20
-677.2593636270722
 10
156.5
 20
-677.0
  0
LWPOLYLINE
  5
355
330
17
100
AcDbEntity
  8
FRONT
100
AcDbPolyline
 90
16
 70
0
 10
156.5
 20
-678.65
 10
157.04909446815236
 20
-678.7667136321825
 10
157.5032455143945
 20
-679.0966736814155
 10
157.7839262969984
 20
-679.5828270575938
 10
157.8426045587472
 20
-680.1411134254113
 10
157.66913429510896
 20
-680.675
 10
157.29351009059485
 20
-681.0921729424061
 10
156.780680782604
 20
-681.3204992609907
 10
156.219319217396
 20
-681.3204992609907
 10
155.70648990940515
 20
-681.0921729424061
 10
155.33086570489104
 20
-680.675
 10
155.1573954412528
 20
-680.1411134254113
 10
155.2160737030016
 20
-679.5828270575938
 10
155.4967544856055
 20
-679.0966736814155
 10
155.95090553184764
 20
-678.7667136321825
 10
156.5
 20
-678.65
  0
LWPOLYLINE
  5
356
330
17
100
AcDbEntity
  8
FRONT
100
AcDbPolyline
 90
16
 70
0
 10
156.5
 20
-678.65
 10
157.04909446815236
 20
-678.7667136321825
 10
157.5032455143945
 20
-679.0966736814155
 10
157.7839262969984
 20
-679.5828270575938
 10
157.8426045587472
 20
-680.1411134254113
 10
157.66913429510896
 20
-680.675
 10
157.29351009059485
 20
-681.0921729424061
 10
156.780680782604
 20
-681.3204992609907
 10
156.219319217396
 20
-681.3204992609907
 10
155.70648990940515
 20
-681.0921729424061
 10
155.33086570489104
 20
-680.675
 10
155.1573954412528
 20
-680.1411134254113
 10
155.2160737030016
 20
-679.5828270575938
 10
155.4967544856055
 20
-679.0966736814155
 10
155.95090553184764
 20
-678.7667136321825
 10
156.5
 20
-678.65
  0
LWPOLYLINE
  5
357
330
17
100
AcDbEntity
  8
FRONT
100
AcDbPolyline
 90
2
 70
0
 10
95.0
 20
-729.5
 10
95.0
 20
-679.5
  0
LWPOLYLINE
  5
358
330
17
100
AcDbEntity
  8
FRONT
100
AcDbPolyline
 90
2
 70
0
 10
95.0
 20
-729.5
 10
95.0
 20
-679.5
  0
LWPOLYLINE
  5
359
330
17
100
AcDbEntity
  8
FRONT
100
AcDbPolyline
 90
2
 70
0
 10
98.0
 20
-732.5
 10
177.0
 20
-732.5
  0
LWPOLYLINE
  5
35A
330
17
100
AcDbEntity
  8
FRONT
100
AcDbPolyline
 90
16
 70
0
 10
95.0
 20
-729.5
 10
95.01643431389516
 20
-729.8135853898029
 10
95.06555719779863
 20
-730.1237350724533
 10
95.14683045111451
 20
-730.4270509831248
 10
95.25936362707216
 20
-730.7202099292274
 10
95.40192378864663
 20
-731.0
 10
95.57294901687521
 20
-731.2633557568774
 10
95.77056552356783
 20
-731.5073918190766
 10
95.99260818092341
 20
-731.7294344764322
 10
96.23664424312256
 20
-731.9270509831248
 10
96.5
 20
-732.0980762113533
 10
96.7797900707726
 20
-732.2406363729278
 10
97.07294901687521
 20
-732.3531695488855
 10
97.37626492754669
 20
-732.4344428022014
 10
97.68641461019706
 20
-732.4835656861048
 10
98.0
 20
-732.5
  0
LWPOLYLINE
  5
35B
330
17
100
AcDbEntity
  8
FRONT
100
AcDbPolyline
 90
16
 70
0
 10
180.0
 20
-729.5
 10
179.98356568610484
 20
-729.8135853898029
 10
179.93444280220137
 20
-730.1237350724533
 10
179.8531695488855
 20
-730.4270509831248
 10
179.74063637292784
 20
-730.7202099292274
 10
179.59807621135337
 20
-731.0
 10
179.4270509831248
 20
-731.2633557568774
 10
179.22943447643217
 20
-731.5073918190766
 10
179.0073918190766
 20
-731.7294344764322
 10
178.76335575687744
 20
-731.9270509831248
 10
178.5
 20
-732.0980762113533
 10
178.2202099292274
 20
-732.2406363729278
 10
177.9270509831248
 20
-732.3531695488855
 10
177.62373507245331
 20
-732.4344428022014
 10
177.31358538980294
 20
-732.4835656861048
 10
177.0
 20
-732.5
  0
LWPOLYLINE
  5
35C
330
17
100
AcDbEntity
  8
FRONT
100
AcDbPolyline
 90
2
 70
0
 10
180.0
 20
-729.5
 10
180.0
 20
-679.5
  0
LWPOLYLINE
  5
35D
330
17
100
AcDbEntity
  8
FRONT
100
AcDbPolyline
 90
16
 70
0
 10
95.0
 20
-679.5
 10
95.01643431389516
 20
-679.1864146101971
 10
95.06555719779863
 20
-678.8762649275467
 10
95.14683045111451
 20
-678.5729490168752
 10
95.25936362707216
 20
-678.2797900707726
 10
95.40192378864663
 20
-678.0
 10
95.57294901687521
 20
-677.7366442431226
 10
95.77056552356783
 20
-677.4926081809234
 10
95.99260818092341
 20
-677.2705655235678
 10
96.23664424312256
 20
-677.0729490168752
 10
96.5
 20
-676.9019237886467
 10
96.7797900707726
 20
-676.7593636270722
 10
97.07294901687521
 20
-676.6468304511145
 10
97.37626492754669
 20
-676.5655571977986
 10
97.68641461019706
 20
-676.5164343138952
 10
98.0
 20
-676.5
  0
LWPOLYLINE
  5
35E
330
17
100
AcDbEntity
  8
FRONT
100
AcDbPolyline
 90
16
 70
0
 10
180.0
 20
-679.5
 10
179.98356568610484
 20
-679.1864146101971
 10
179.93444280220137
 20
-678.8762649275467
 10
179.8531695488855
 20
-678.5729490168752
 10
179.74063637292784
 20
-678.2797900707726
 10
179.59807621135337
 20
-678.0
 10
179.4270509831248
 20
-677.7366442431226
 10
179.22943447643217
 20
-677.4926081809234
 10
179.0073918190766
 20
-677.2705655235678
 10
178.76335575687744
 20
-677.0729490168752
 10
178.5
 20
-676.9019237886467
 10
178.2202099292274
 20
-676.7593636270722
 10
177.9270509831248
 20
-676.6468304511145
 10
177.62373507245331
 20
-676.5655571977986
 10
177.31358538980294
 20
-676.5164343138952
 10
177.0
 20
-676.5
  0
LWPOLYLINE
  5
35F
330
17
100
AcDbEntity
  8
FRONT
100
AcDbPolyline
 90
2
 70
0
 10
98.0
 20
-676.5
 10
177.0
 20
-676.5
  0
LWPOLYLINE
  5
360
330
17
100
AcDbEntity
  8
FRONT
100
AcDbPolyline
 90
16
 70
0
 10
98.5
 20
-727.65
 10
99.04909446815236
 20
-727.7667136321825
 10
99.50324551439451
 20
-728.0966736814155
 10
99.7839262969984
 20
-728.5828270575938
 10
99.84260455874721
 20
-729.1411134254113
 10
99.66913429510896
 20
-729.675
 10
99.29351009059485
 20
-730.0921729424061
 10
98.78068078260401
 20
-730.3204992609907
 10
98.21931921739599
 20
-730.3204992609907
 10
97.70648990940515
 20
-730.0921729424061
 10
97.33086570489104
 20
-729.675
 10
97.15739544125279
 20
-729.1411134254113
 10
97.2160737030016
 20
-728.5828270575938
 10
97.49675448560549
 20
-728.0966736814155
 10
97.95090553184764
 20
-727.7667136321825
 10
98.5
 20
-727.65
  0
LWPOLYLINE
  5
361
330
17
100
AcDbEntity
  8
FRONT
100
AcDbPolyline
 90
16
 70
0
 10
98.5
 20
-678.65
 10
99.04909446815236
 20
-678.7667136321825
 10
99.50324551439451
 20
-679.0966736814155
 10
99.7839262969984
 20
-679.5828270575938
 10
99.84260455874721
 20
-680.1411134254113
 10
99.66913429510896
 20
-680.675
 10
99.29351009059485
 20
-681.0921729424061
 10
98.78068078260401
 20
-681.3204992609907
 10
98.21931921739599
 20
-681.3204992609907
 10
97.70648990940515
 20
-681.0921729424061
 10
97.33086570489104
 20
-680.675
 10
97.15739544125279
 20
-680.1411134254113
 10
97.2160737030016
 20
-679.5828270575938
 10
97.49675448560549
 20
-679.0966736814155
 10
97.95090553184764
 20
-678.7667136321825
 10
98.5
 20
-678.65
  0
LWPOLYLINE
  5
362
330
17
100
AcDbEntity
  8
FRONT
100
AcDbPolyline
 90
16
 70
0
 10
156.5
 20
-727.65
 10
157.04909446815236
 20
-727.7667136321825
 10
157.5032455143945
 20
-728.0966736814155
 10
157.7839262969984
 20
-728.5828270575938
 10
157.8426045587472
 20
-729.1411134254113
 10
157.66913429510896
 20
-729.675
 10
157.29351009059485
 20
-730.0921729424061
 10
156.780680782604
 20
-730.3204992609907
 10
156.219319217396
 20
-730.3204992609907
 10
155.70648990940515
 20
-730.0921729424061
 10
155.33086570489104
 20
-729.675
 10
155.1573954412528
 20
-729.1411134254113
 10
155.2160737030016
 20
-728.5828270575938
 10
155.4967544856055
 20
-728.0966736814155
 10
155.95090553184764
 20
-727.7667136321825
 10
156.5
 20
-727.65
  0
LWPOLYLINE
  5
363
330
17
100
AcDbEntity
  8
FRONT
100
AcDbPolyline
 90
16
 70
0
 10
156.5
 20
-678.65
 10
157.04909446815236
 20
-678.7667136321825
 10
157.5032455143945
 20
-679.0966736814155
 10
157.7839262969984
 20
-679.5828270575938
 10
157.8426045587472
 20
-680.1411134254113
 10
157.66913429510896
 20
-680.675
 10
157.29351009059485
 20
-681.0921729424061
 10
156.780680782604
 20
-681.3204992609907
 10
156.219319217396
 20
-681.3204992609907
 10
155.70648990940515
 20
-681.0921729424061
 10
155.33086570489104
 20
-680.675
 10
155.1573954412528
 20
-680.1411134254113
 10
155.2160737030016
 20
-679.5828270575938
 10
155.4967544856055
 20
-679.0966736814155
 10
155.95090553184764
 20
-678.7667136321825
 10
156.5
 20
-678.65
  0
LWPOLYLINE
  5
364
330
17
100
AcDbEntity
  8
FRONT
100
AcDbPolyline
 90
16
 70
0
 10
95.0
 20
-729.5
 10
95.01643431389516
 20
-729.8135853898029
 10
95.06555719779863
 20
-730.1237350724533
 10
95.14683045111451
 20
-730.4270509831248
 10
95.25936362707216
 20
-730.7202099292274
 10
95.40192378864663
 20
-731.0
 10
95.57294901687521
 20
-731.2633557568774
 10
95.77056552356783
 20
-731.5073918190766
 10
95.99260818092341
 20
-731.7294344764322
 10
96.23664424312256
 20
-731.9270509831248
 10
96.5
 20
-732.0980762113533
 10
96.7797900707726
 20
-732.2406363729278
 10
97.07294901687521
 20
-732.3531695488855
 10
97.37626492754669
 20
-732.4344428022014
 10
97.68641461019706
 20
-732.4835656861048
 10
98.0
 20
-732.5
  0
LWPOLYLINE
  5
365
330
17
100
AcDbEntity
  8
FRONT
100
AcDbPolyline
 90
16
 70
0
 10
95.0
 20
-679.5
 10
95.01643431389516
 20
-679.1864146101971
 10
95.06555719779863
 20
-678.8762649275467
 10
95.14683045111451
 20
-678.5729490168752
 10
95.25936362707216
 20
-678.2797900707726
 10
95.40192378864663
 20
-678.0
 10
95.57294901687521
 20
-677.7366442431226
 10
95.77056552356783
 20
-677.4926081809234
 10
95.99260818092341
 20
-677.2705655235678
 10
96.23664424312256
 20
-677.0729490168752
 10
96.5
 20
-676.9019237886467
 10
96.7797900707726
 20
-676.7593636270722
 10
97.07294901687521
 20
-676.6468304511145
 10
97.37626492754669
 20
-676.5655571977986
 10
97.68641461019706
 20
-676.5164343138952
 10
98.0
 20
-676.5
  0
LWPOLYLINE
  5
366
330
17
100
AcDbEntity
  8
FRONT
100
AcDbPolyline
 90
2
 70
0
 10
98.0
 20
-732.5
 10
177.0
 20
-732.5
  0
LWPOLYLINE
  5
367
330
17
100
AcDbEntity
  8
FRONT
100
AcDbPolyline
 90
16
 70
0
 10
180.0
 20
-729.5
 10
179.98356568610484
 20
-729.8135853898029
 10
179.93444280220137
 20
-730.1237350724533
 10
179.8531695488855
 20
-730.4270509831248
 10
179.74063637292784
 20
-730.7202099292274
 10
179.59807621135337
 20
-731.0
 10
179.4270509831248
 20
-731.2633557568774
 10
179.22943447643217
 20
-731.5073918190766
 10
179.0073918190766
 20
-731.7294344764322
 10
178.76335575687744
 20
-731.9270509831248
 10
178.5
 20
-732.0980762113533
 10
178.2202099292274
 20
-732.2406363729278
 10
177.9270509831248
 20
-732.3531695488855
 10
177.62373507245331
 20
-732.4344428022014
 10
177.31358538980294
 20
-732.4835656861048
 10
177.0
 20
-732.5
  0
LWPOLYLINE
  5
368
330
17
100
AcDbEntity
  8
FRONT
100
AcDbPolyline
 90
2
 70
0
 10
180.0
 20
-729.5
 10
180.0
 20
-679.5
  0
LWPOLYLINE
  5
369
330
17
100
AcDbEntity
  8
FRONT
100
AcDbPolyline
 90
16
 70
0
 10
180.0
 20
-679.5
 10
179.98356568610484
 20
-679.1864146101971
 10
179.93444280220137
 20
-678.8762649275467
 10
179.8531695488855
 20
-678.5729490168752
 10
179.74063637292784
 20
-678.2797900707726
 10
179.59807621135337
 20
-678.0
 10
179.4270509831248
 20
-677.7366442431226
 10
179.22943447643217
 20
-677.4926081809234
 10
179.0073918190766
 20
-677.2705655235678
 10
178.76335575687744
 20
-677.0729490168752
 10
178.5
 20
-676.9019237886467
 10
178.2202099292274
 20
-676.7593636270722
 10
177.9270509831248
 20
-676.6468304511145
 10
177.62373507245331
 20
-676.5655571977986
 10
177.31358538980294
 20
-676.5164343138952
 10
177.0
 20
-676.5
  0
LWPOLYLINE
  5
36A
330
17
100
AcDbEntity
  8
FRONT
100
AcDbPolyline
 90
2
 70
0
 10
98.0
 20
-676.5
 10
177.0
 20
-676.5
  0
LWPOLYLINE
  5
36B
330
17
100
AcDbEntity
  8
FRONT
100
AcDbPolyline
 90
16
 70
0
 10
98.5
 20
-727.65
 10
99.04909446815236
 20
-727.7667136321825
 10
99.50324551439451
 20
-728.0966736814155
 10
99.7839262969984
 20
-728.5828270575938
 10
99.84260455874721
 20
-729.1411134254113
 10
99.66913429510896
 20
-729.675
 10
99.29351009059485
 20
-730.0921729424061
 10
98.78068078260401
 20
-730.3204992609907
 10
98.21931921739599
 20
-730.3204992609907
 10
97.70648990940515
 20
-730.0921729424061
 10
97.33086570489104
 20
-729.675
 10
97.15739544125279
 20
-729.1411134254113
 10
97.2160737030016
 20
-728.5828270575938
 10
97.49675448560549
 20
-728.0966736814155
 10
97.95090553184764
 20
-727.7667136321825
 10
98.5
 20
-727.65
  0
LWPOLYLINE
  5
36C
330
17
100
AcDbEntity
  8
FRONT
100
AcDbPolyline
 90
16
 70
0
 10
98.5
 20
-678.65
 10
99.04909446815236
 20
-678.7667136321825
 10
99.50324551439451
 20
-679.0966736814155
 10
99.7839262969984
 20
-679.5828270575938
 10
99.84260455874721
 20
-680.1411134254113
 10
99.66913429510896
 20
-680.675
 10
99.29351009059485
 20
-681.0921729424061
 10
98.78068078260401
 20
-681.3204992609907
 10
98.21931921739599
 20
-681.3204992609907
 10
97.70648990940515
 20
-681.0921729424061
 10
97.33086570489104
 20
-680.675
 10
97.15739544125279
 20
-680.1411134254113
 10
97.2160737030016
 20
-679.5828270575938
 10
97.49675448560549
 20
-679.0966736814155
 10
97.95090553184764
 20
-678.7667136321825
 10
98.5
 20
-678.65
  0
LWPOLYLINE
  5
36D
330
17
100
AcDbEntity
  8
FRONT
100
AcDbPolyline
 90
16
 70
0
 10
156.5
 20
-727.65
 10
157.04909446815236
 20
-727.7667136321825
 10
157.5032455143945
 20
-728.0966736814155
 10
157.7839262969984
 20
-728.5828270575938
 10
157.8426045587472
 20
-729.1411134254113
 10
157.66913429510896
 20
-729.675
 10
157.29351009059485
 20
-730.0921729424061
 10
156.780680782604
 20
-730.3204992609907
 10
156.219319217396
 20
-730.3204992609907
 10
155.70648990940515
 20
-730.0921729424061
 10
155.33086570489104
 20
-729.675
 10
155.1573954412528
 20
-729.1411134254113
 10
155.2160737030016
 20
-728.5828270575938
 10
155.4967544856055
 20
-728.0966736814155
 10
155.95090553184764
 20
-727.7667136321825
 10
156.5
 20
-727.65
  0
LWPOLYLINE
  5
36E
330
17
100
AcDbEntity
  8
FRONT
100
AcDbPolyline
 90
16
 70
0
 10
156.5
 20
-678.65
 10
157.04909446815236
 20
-678.7667136321825
 10
157.5032455143945
 20
-679.0966736814155
 10
157.7839262969984
 20
-679.5828270575938
 10
157.8426045587472
 20
-680.1411134254113
 10
157.66913429510896
 20
-680.675
 10
157.29351009059485
 20
-681.0921729424061
 10
156.780680782604
 20
-681.3204992609907
 10
156.219319217396
 20
-681.3204992609907
 10
155.70648990940515
 20
-681.0921729424061
 10
155.33086570489104
 20
-680.675
 10
155.1573954412528
 20
-680.1411134254113
 10
155.2160737030016
 20
-679.5828270575938
 10
155.4967544856055
 20
-679.0966736814155
 10
155.95090553184764
 20
-678.7667136321825
 10
156.5
 20
-678.65
  0
LWPOLYLINE
  5
36F
330
17
100
AcDbEntity
  8
FRONT
100
AcDbPolyline
 90
2
 70
0
 10
95.0
 20
-732.5
 10
95.0
 20
-676.5
  0
LWPOLYLINE
  5
370
330
17
100
AcDbEntity
  8
FRONT
100
AcDbPolyline
 90
2
 70
0
 10
95.0
 20
-732.5
 10
95.0
 20
-676.5
  0
LWPOLYLINE
  5
371
330
17
100
AcDbEntity
  8
FRONT
100
AcDbPolyline
 90
2
 70
0
 10
180.0
 20
-732.5
 10
180.0
 20
-676.5
  0
LWPOLYLINE
  5
372
330
17
100
AcDbEntity
  8
FRONT
100
AcDbPolyline
 90
2
 70
0
 10
180.0
 20
-732.5
 10
180.0
 20
-676.5
  0
LWPOLYLINE
  5
373
330
17
100
AcDbEntity
  8
FRONT
100
AcDbPolyline
 90
2
 70
0
 10
95.0
 20
-732.5
 10
180.0
 20
-732.5
  0
LWPOLYLINE
  5
374
330
17
100
AcDbEntity
  8
FRONT
100
AcDbPolyline
 90
2
 70
0
 10
95.0
 20
-676.5
 10
180.0
 20
-676.5
  0
LWPOLYLINE
  5
375
330
17
100
AcDbEntity
  8
FRONT
100
AcDbPolyline
 90
2
 70
0
 10
95.0
 20
-732.5
 10
180.0
 20
-732.5
  0
LWPOLYLINE
  5
376
330
17
100
AcDbEntity
  8
FRONT
100
AcDbPolyline
 90
2
 70
0
 10
95.0
 20
-676.5
 10
180.0
 20
-676.5
  0
LWPOLYLINE
  5
377
330
17
100
AcDbEntity
  8
FRONT
100
AcDbPolyline
 90
2
 70
0
 10
207.5
 20
-735.0
 10
207.5
 20
-675.0
  0
LWPOLYLINE
  5
378
330
17
100
AcDbEntity
  8
FRONT
100
AcDbPolyline
 90
2
 70
0
 10
207.5
 20
-735.0
 10
207.5
 20
-675.0
  0
LWPOLYLINE
  5
379
330
17
100
AcDbEntity
  8
FRONT
100
AcDbPolyline
 90
2
 70
0
 10
302.5
 20
-735.0
 10
302.5
 20
-675.0
  0
LWPOLYLINE
  5
37A
330
17
100
AcDbEntity
  8
FRONT
100
AcDbPolyline
 90
2
 70
0
 10
302.5
 20
-735.0
 10
302.5
 20
-675.0
  0
LWPOLYLINE
  5
37B
330
17
100
AcDbEntity
  8
FRONT
100
AcDbPolyline
 90
2
 70
0
 10
207.5
 20
-735.0
 10
302.5
 20
-735.0
  0
LWPOLYLINE
  5
37C
330
17
100
AcDbEntity
  8
FRONT
100
AcDbPolyline
 90
2
 70
0
 10
207.5
 20
-675.0
 10
302.5
 20
-675.0
  0
LWPOLYLINE
  5
37D
330
17
100
AcDbEntity
  8
FRONT
100
AcDbPolyline
 90
2
 70
0
 10
207.5
 20
-735.0
 10
302.5
 20
-735.0
  0
LWPOLYLINE
  5
37E
330
17
100
AcDbEntity
  8
FRONT
100
AcDbPolyline
 90
2
 70
0
 10
207.5
 20
-675.0
 10
302.5
 20
-675.0
  0
LWPOLYLINE
  5
37F
330
17
100
AcDbEntity
  8
FRONT
100
AcDbPolyline
 90
2
 70
0
 10
0.0
 20
-540.0
 10
0.0
 20
-538.5
  0
LWPOLYLINE
  5
380
330
17
100
AcDbEntity
  8
FRONT
100
AcDbPolyline
 90
2
 70
0
 10
0.0
 20
-540.0
 10
0.0
 20
-538.5
  0
LWPOLYLINE
  5
381
330
17
100
AcDbEntity
  8
FRONT
100
AcDbPolyline
 90
2
 70
0
 10
375.0
 20
-540.0
 10
375.0
 20
-538.5
  0
LWPOLYLINE
  5
382
330
17
100
AcDbEntity
  8
FRONT
100
AcDbPolyline
 90
2
 70
0
 10
375.0
 20
-540.0
 10
375.0
 20
-538.5
  0
LWPOLYLINE
  5
383
330
17
100
AcDbEntity
  8
FRONT
100
AcDbPolyline
 90
2
 70
0
 10
0.0
 20
-540.0
 10
375.0
 20
-540.0
  0
LWPOLYLINE
  5
384
330
17
100
AcDbEntity
  8
FRONT
100
AcDbPolyline
 90
2
 70
0
 10
0.0
 20
-538.5
 10
375.0
 20
-538.5
  0
LWPOLYLINE
  5
385
330
17
100
AcDbEntity
  8
FRONT
100
AcDbPolyline
 90
2
 70
0
 10
0.0
 20
-540.0
 10
375.0
 20
-540.0
  0
LWPOLYLINE
  5
386
330
17
100
AcDbEntity
  8
FRONT
100
AcDbPolyline
 90
2
 70
0
 10
0.0
 20
-538.5
 10
375.0
 20
-538.5
  0
LWPOLYLINE
  5
387
330
17
100
AcDbEntity
  8
FRONT
100
AcDbPolyline
 90
2
 70
0
 10
6.5
 20
-808.0
 10
6.5
 20
-540.0
  0
LWPOLYLINE
  5
388
330
17
100
AcDbEntity
  8
FRONT
100
AcDbPolyline
 90
2
 70
0
 10
6.5
 20
-808.0
 10
6.5
 20
-540.0
  0
LWPOLYLINE
  5
389
330
17
100
AcDbEntity
  8
FRONT
100
AcDbPolyline
 90
2
 70
0
 10
18.5
 20
-808.0
 10
18.5
 20
-540.0
  0
LWPOLYLINE
  5
38A
330
17
100
AcDbEntity
  8
FRONT
100
AcDbPolyline
 90
2
 70
0
 10
18.5
 20
-808.0
 10
18.5
 20
-540.0
  0
LWPOLYLINE
  5
38B
330
17
100
AcDbEntity
  8
FRONT
100
AcDbPolyline
 90
2
 70
0
 10
6.5
 20
-808.0
 10
18.5
 20
-808.0
  0
LWPOLYLINE
  5
38C
330
17
100
AcDbEntity
  8
FRONT
100
AcDbPolyline
 90
2
 70
0
 10
6.5
 20
-540.0
 10
18.5
 20
-540.0
  0
LWPOLYLINE
  5
38D
330
17
100
AcDbEntity
  8
FRONT
100
AcDbPolyline
 90
2
 70
0
 10
6.5
 20
-808.0
 10
18.5
 20
-808.0
  0
LWPOLYLINE
  5
38E
330
17
100
AcDbEntity
  8
FRONT
100
AcDbPolyline
 90
2
 70
0
 10
6.5
 20
-540.0
 10
18.5
 20
-540.0
  0
LWPOLYLINE
  5
38F
330
17
100
AcDbEntity
  8
FRONT
100
AcDbPolyline
 90
2
 70
0
 10
356.5
 20
-808.0
 10
356.5
 20
-540.0
  0
LWPOLYLINE
  5
390
330
17
100
AcDbEntity
  8
FRONT
100
AcDbPolyline
 90
2
 70
0
 10
356.5
 20
-808.0
 10
356.5
 20
-540.0
  0
LWPOLYLINE
  5
391
330
17
100
AcDbEntity
  8
FRONT
100
AcDbPolyline
 90
2
 70
0
 10
368.5
 20
-808.0
 10
368.5
 20
-540.0
  0
LWPOLYLINE
  5
392
330
17
100
AcDbEntity
  8
FRONT
100
AcDbPolyline
 90
2
 70
0
 10
368.5
 20
-808.0
 10
368.5
 20
-540.0
  0
LWPOLYLINE
  5
393
330
17
100
AcDbEntity
  8
FRONT
100
AcDbPolyline
 90
2
 70
0
 10
356.5
 20
-808.0
 10
368.5
 20
-808.0
  0
LWPOLYLINE
  5
394
330
17
100
AcDbEntity
  8
FRONT
100
AcDbPolyline
 90
2
 70
0
 10
356.5
 20
-540.0
 10
368.5
 20
-540.0
  0
LWPOLYLINE
  5
395
330
17
100
AcDbEntity
  8
FRONT
100
AcDbPolyline
 90
2
 70
0
 10
356.5
 20
-808.0
 10
368.5
 20
-808.0
  0
LWPOLYLINE
  5
396
330
17
100
AcDbEntity
  8
FRONT
100
AcDbPolyline
 90
2
 70
0
 10
356.5
 20
-540.0
 10
368.5
 20
-540.0
  0
LWPOLYLINE
  5
397
330
17
100
AcDbEntity
  8
FRONT
100
AcDbPolyline
 90
2
 70
0
 10
2.5
 20
-816.0
 10
2.5
 20
-808.0
  0
LWPOLYLINE
  5
398
330
17
100
AcDbEntity
  8
FRONT
100
AcDbPolyline
 90
2
 70
0
 10
2.5
 20
-816.0
 10
2.5
 20
-808.0
  0
LWPOLYLINE
  5
399
330
17
100
AcDbEntity
  8
FRONT
100
AcDbPolyline
 90
2
 70
0
 10
372.5
 20
-816.0
 10
372.5
 20
-808.0
  0
LWPOLYLINE
  5
39A
330
17
100
AcDbEntity
  8
FRONT
100
AcDbPolyline
 90
2
 70
0
 10
372.5
 20
-816.0
 10
372.5
 20
-808.0
  0
LWPOLYLINE
  5
39B
330
17
100
AcDbEntity
  8
FRONT
100
AcDbPolyline
 90
2
 70
0
 10
2.5
 20
-816.0
 10
372.5
 20
-816.0
  0
LWPOLYLINE
  5
39C
330
17
100
AcDbEntity
  8
FRONT
100
AcDbPolyline
 90
2
 70
0
 10
2.5
 20
-808.0
 10
372.5
 20
-808.0
  0
LWPOLYLINE
  5
39D
330
17
100
AcDbEntity
  8
FRONT
100
AcDbPolyline
 90
2
 70
0
 10
2.5
 20
-816.0
 10
372.5
 20
-816.0
  0
LWPOLYLINE
  5
39E
330
17
100
AcDbEntity
  8
FRONT
100
AcDbPolyline
 90
2
 70
0
 10
2.5
 20
-808.0
 10
372.5
 20
-808.0
  0
LWPOLYLINE
  5
39F
330
17
100
AcDbEntity
  8
FRONT
100
AcDbPolyline
 90
2
 70
0
 10
55.0
 20
-808.0
 10
55.0
 20
-790.0
  0
LWPOLYLINE
  5
3A0
330
17
100
AcDbEntity
  8
FRONT
100
AcDbPolyline
 90
2
 70
0
 10
55.0
 20
-808.0
 10
55.0
 20
-790.0
  0
LWPOLYLINE
  5
3A1
330
17
100
AcDbEntity
  8
FRONT
100
AcDbPolyline
 90
2
 70
0
 10
80.0
 20
-808.0
 10
80.0
 20
-790.0
  0
LWPOLYLINE
  5
3A2
330
17
100
AcDbEntity
  8
FRONT
100
AcDbPolyline
 90
2
 70
0
 10
80.0
 20
-808.0
 10
80.0
 20
-790.0
  0
LWPOLYLINE
  5
3A3
330
17
100
AcDbEntity
  8
FRONT
100
AcDbPolyline
 90
2
 70
0
 10
55.0
 20
-808.0
 10
80.0
 20
-808.0
  0
LWPOLYLINE
  5
3A4
330
17
100
AcDbEntity
  8
FRONT
100
AcDbPolyline
 90
2
 70
0
 10
55.0
 20
-790.0
 10
80.0
 20
-790.0
  0
LWPOLYLINE
  5
3A5
330
17
100
AcDbEntity
  8
FRONT
100
AcDbPolyline
 90
2
 70
0
 10
55.0
 20
-808.0
 10
80.0
 20
-808.0
  0
LWPOLYLINE
  5
3A6
330
17
100
AcDbEntity
  8
FRONT
100
AcDbPolyline
 90
2
 70
0
 10
55.0
 20
-790.0
 10
80.0
 20
-790.0
  0
LWPOLYLINE
  5
3A7
330
17
100
AcDbEntity
  8
FRONT
100
AcDbPolyline
 90
2
 70
0
 10
295.0
 20
-808.0
 10
295.0
 20
-790.0
  0
LWPOLYLINE
  5
3A8
330
17
100
AcDbEntity
  8
FRONT
100
AcDbPolyline
 90
2
 70
0
 10
295.0
 20
-808.0
 10
295.0
 20
-790.0
  0
LWPOLYLINE
  5
3A9
330
17
100
AcDbEntity
  8
FRONT
100
AcDbPolyline
 90
2
 70
0
 10
320.0
 20
-808.0
 10
320.0
 20
-790.0
  0
LWPOLYLINE
  5
3AA
330
17
100
AcDbEntity
  8
FRONT
100
AcDbPolyline
 90
2
 70
0
 10
320.0
 20
-808.0
 10
320.0
 20
-790.0
  0
LWPOLYLINE
  5
3AB
330
17
100
AcDbEntity
  8
FRONT
100
AcDbPolyline
 90
2
 70
0
 10
295.0
 20
-808.0
 10
320.0
 20
-808.0
  0
LWPOLYLINE
  5
3AC
330
17
100
AcDbEntity
  8
FRONT
100
AcDbPolyline
 90
2
 70
0
 10
295.0
 20
-790.0
 10
320.0
 20
-790.0
  0
LWPOLYLINE
  5
3AD
330
17
100
AcDbEntity
  8
FRONT
100
AcDbPolyline
 90
2
 70
0
 10
295.0
 20
-808.0
 10
320.0
 20
-808.0
  0
LWPOLYLINE
  5
3AE
330
17
100
AcDbEntity
  8
FRONT
100
AcDbPolyline
 90
2
 70
0
 10
295.0
 20
-790.0
 10
320.0
 20
-790.0
  0
LWPOLYLINE
  5
3AF
330
17
100
AcDbEntity
  8
FRONT
100
AcDbPolyline
 90
2
 70
0
 10
1047.5
 20
-1340.0
 10
1047.5
 20
-1310.0
  0
LWPOLYLINE
  5
3B0
330
17
100
AcDbEntity
  8
FRONT
100
AcDbPolyline
 90
2
 70
0
 10
1047.5
 20
-1340.0
 10
1047.5
 20
-1310.0
  0
LWPOLYLINE
  5
3B1
330
17
100
AcDbEntity
  8
FRONT
100
AcDbPolyline
 90
2
 70
0
 10
1047.5
 20
-1340.0
 10
1087.5
 20
-1340.0
  0
LWPOLYLINE
  5
3B2
330
17
100
AcDbEntity
  8
FRONT
100
AcDbPolyline
 90
2
 70
0
 10
1087.5
 20
-1340.0
 10
1087.5
 20
-1310.0
  0
LWPOLYLINE
  5
3B3
330
17
100
AcDbEntity
  8
FRONT
100
AcDbPolyline
 90
2
 70
0
 10
1047.5
 20
-1310.0
 10
1087.5
 20
-1310.0
  0
LWPOLYLINE
  5
3B4
330
17
100
AcDbEntity
  8
FRONT
100
AcDbPolyline
 90
2
 70
0
 10
1047.5
 20
-1310.0
 10
1087.5
 20
-1310.0
  0
LWPOLYLINE
  5
3B5
330
17
100
AcDbEntity
  8
FRONT
100
AcDbPolyline
 90
16
 70
0
 10
1071.75
 20
-1310.0
 10
1071.382568194981
 20
-1310.0
 10
1070.343805077025
 20
-1310.0
 10
1068.8133222260935
 20
-1310.0
 10
1067.0557540311124
 20
-1310.0
 10
1065.375
 20
-1310.0
 10
1064.0616777739065
 20
-1310.0
 10
1063.3428726968814
 20
-1310.0
 10
1063.3428726968814
 20
-1310.0
 10
1064.0616777739065
 20
-1310.0
 10
1065.375
 20
-1310.0
 10
1067.0557540311124
 20
-1310.0
 10
1068.8133222260935
 20
-1310.0
 10
1070.343805077025
 20
-1310.0
 10
1071.382568194981
 20
-1310.0
 10
1071.75
 20
-1310.0
  0
LWPOLYLINE
  5
3B6
330
17
100
AcDbEntity
  8
FRONT
100
AcDbPolyline
 90
16
 70
0
 10
1071.75
 20
-1310.0
 10
1071.382568194981
 20
-1310.0
 10
1070.343805077025
 20
-1310.0
 10
1068.8133222260935
 20
-1310.0
 10
1067.0557540311124
 20
-1310.0
 10
1065.375
 20
-1310.0
 10
1064.0616777739065
 20
-1310.0
 10
1063.3428726968814
 20
-1310.0
 10
1063.3428726968814
 20
-1310.0
 10
1064.0616777739065
 20
-1310.0
 10
1065.375
 20
-1310.0
 10
1067.0557540311124
 20
-1310.0
 10
1068.8133222260935
 20
-1310.0
 10
1070.343805077025
 20
-1310.0
 10
1071.382568194981
 20
-1310.0
 10
1071.75
 20
-1310.0
  0
LWPOLYLINE
  5
3B7
330
17
100
AcDbEntity
  8
FRONT
100
AcDbPolyline
 90
2
 70
0
 10
1047.5
 20
-1340.0
 10
1087.5
 20
-1340.0
  0
LWPOLYLINE
  5
3B8
330
17
100
AcDbEntity
  8
FRONT
100
AcDbPolyline
 90
2
 70
0
 10
1087.5
 20
-1340.0
 10
1087.5
 20
-1310.0
  0
LWPOLYLINE
  5
3B9
330
17
100
AcDbEntity
  8
FRONT
100
AcDbPolyline
 90
16
 70
0
 10
1071.75
 20
-1340.0
 10
1071.382568194981
 20
-1340.0
 10
1070.343805077025
 20
-1340.0
 10
1068.8133222260935
 20
-1340.0
 10
1067.0557540311124
 20
-1340.0
 10
1065.375
 20
-1340.0
 10
1064.0616777739065
 20
-1340.0
 10
1063.3428726968814
 20
-1340.0
 10
1063.3428726968814
 20
-1340.0
 10
1064.0616777739065
 20
-1340.0
 10
1065.375
 20
-1340.0
 10
1067.0557540311124
 20
-1340.0
 10
1068.8133222260935
 20
-1340.0
 10
1070.343805077025
 20
-1340.0
 10
1071.382568194981
 20
-1340.0
 10
1071.75
 20
-1340.0
  0
LWPOLYLINE
  5
3BA
330
17
100
AcDbEntity
  8
FRONT
100
AcDbPolyline
 90
16
 70
0
 10
1071.75
 20
-1340.0
 10
1071.382568194981
 20
-1340.0
 10
1070.343805077025
 20
-1340.0
 10
1068.8133222260935
 20
-1340.0
 10
1067.0557540311124
 20
-1340.0
 10
1065.375
 20
-1340.0
 10
1064.0616777739065
 20
-1340.0
 10
1063.3428726968814
 20
-1340.0
 10
1063.3428726968814
 20
-1340.0
 10
1064.0616777739065
 20
-1340.0
 10
1065.375
 20
-1340.0
 10
1067.0557540311124
 20
-1340.0
 10
1068.8133222260935
 20
-1340.0
 10
1070.343805077025
 20
-1340.0
 10
1071.382568194981
 20
-1340.0
 10
1071.75
 20
-1340.0
  0
LWPOLYLINE
  5
3BB
330
17
100
AcDbEntity
  8
FRONT
100
AcDbPolyline
 90
2
 70
0
 10
1071.75
 20
-1340.0
 10
1071.75
 20
-1310.0
  0
LWPOLYLINE
  5
3BC
330
17
100
AcDbEntity
  8
FRONT
100
AcDbPolyline
 90
2
 70
0
 10
1071.75
 20
-1340.0
 10
1071.75
 20
-1310.0
  0
LWPOLYLINE
  5
3BD
330
17
100
AcDbEntity
  8
FRONT
100
AcDbPolyline
 90
16
 70
0
 10
1075.0
 20
-1302.0
 10
1074.3515909323196
 20
-1302.0
 10
1072.5184795476914
 20
-1302.0
 10
1069.817627457812
 20
-1302.0
 10
1066.7160365254927
 20
-1302.0
 10
1063.75
 20
-1302.0
 10
1061.432372542188
 20
-1302.0
 10
1060.1638929944966
 20
-1302.0
 10
1060.1638929944966
 20
-1302.0
 10
1061.432372542188
 20
-1302.0
 10
1063.75
 20
-1302.0
 10
1066.7160365254927
 20
-1302.0
 10
1069.817627457812
 20
-1302.0
 10
1072.5184795476914
 20
-1302.0
 10
1074.3515909323196
 20
-1302.0
 10
1075.0
 20
-1302.0
  0
LWPOLYLINE
  5
3BE
330
17
100
AcDbEntity
  8
FRONT
100
AcDbPolyline
 90
2
 70
0
 10
1075.0
 20
-1308.0
 10
1075.0
 20
-1302.0
  0
LWPOLYLINE
  5
3BF
330
17
100
AcDbEntity
  8
FRONT
100
AcDbPolyline
 90
16
 70
0
 10
1075.0
 20
-1308.0
 10
1074.3515909323196
 20
-1308.0
 10
1072.5184795476914
 20
-1308.0
 10
1069.817627457812
 20
-1308.0
 10
1066.7160365254927
 20
-1308.0
 10
1063.75
 20
-1308.0
 10
1061.432372542188
 20
-1308.0
 10
1060.1638929944966
 20
-1308.0
 10
1060.1638929944966
 20
-1308.0
 10
1061.432372542188
 20
-1308.0
 10
1063.75
 20
-1308.0
 10
1066.7160365254927
 20
-1308.0
 10
1069.817627457812
 20
-1308.0
 10
1072.5184795476914
 20
-1308.0
 10
1074.3515909323196
 20
-1308.0
 10
1075.0
 20
-1308.0
  0
LWPOLYLINE
  5
3C0
330
17
100
AcDbEntity
  8
FRONT
100
AcDbPolyline
 90
16
 70
0
 10
1071.5
 20
-1308.0
 10
1071.1541818305705
 20
-1308.0
 10
1070.1765224254355
 20
-1308.0
 10
1068.7360679774997
 20
-1308.0
 10
1067.0818861469293
 20
-1308.0
 10
1065.5
 20
-1308.0
 10
1064.2639320225003
 20
-1308.0
 10
1063.5874095970648
 20
-1308.0
 10
1063.5874095970648
 20
-1308.0
 10
1064.2639320225003
 20
-1308.0
 10
1065.5
 20
-1308.0
 10
1067.0818861469293
 20
-1308.0
 10
1068.7360679774997
 20
-1308.0
 10
1070.1765224254355
 20
-1308.0
 10
1071.1541818305705
 20
-1308.0
 10
1071.5
 20
-1308.0
  0
LWPOLYLINE
  5
3C1
330
17
100
AcDbEntity
  8
FRONT
100
AcDbPolyline
 90
2
 70
0
 10
1071.5
 20
-1338.0
 10
1071.5
 20
-1308.0
  0
LWPOLYLINE
  5
3C2
330
17
100
AcDbEntity
  8
FRONT
100
AcDbPolyline
 90
16
 70
0
 10
1071.5
 20
-1338.0
 10
1071.1541818305705
 20
-1338.0
 10
1070.1765224254355
 20
-1338.0
 10
1068.7360679774997
 20
-1338.0
 10
1067.0818861469293
 20
-1338.0
 10
1065.5
 20
-1338.0
 10
1064.2639320225003
 20
-1338.0
 10
1063.5874095970648
 20
-1338.0
 10
1063.5874095970648
 20
-1338.0
 10
1064.2639320225003
 20
-1338.0
 10
1065.5
 20
-1338.0
 10
1067.0818861469293
 20
-1338.0
 10
1068.7360679774997
 20
-1338.0
 10
1070.1765224254355
 20
-1338.0
 10
1071.1541818305705
 20
-1338.0
 10
1071.5
 20
-1338.0
  0
LWPOLYLINE
  5
3C3
330
17
100
AcDbEntity
  8
FRONT
100
AcDbPolyline
 90
16
 70
0
 10
1076.5
 20
-1308.0
 10
1075.7219091187835
 20
-1308.0
 10
1073.5221754572297
 20
-1308.0
 10
1070.2811529493745
 20
-1308.0
 10
1066.5592438305912
 20
-1308.0
 10
1063.0
 20
-1308.0
 10
1060.2188470506255
 20
-1308.0
 10
1058.6966715933959
 20
-1308.0
 10
1058.6966715933959
 20
-1308.0
 10
1060.2188470506255
 20
-1308.0
 10
1063.0
 20
-1308.0
 10
1066.5592438305912
 20
-1308.0
 10
1070.2811529493745
 20
-1308.0
 10
1073.5221754572297
 20
-1308.0
 10
1075.7219091187835
 20
-1308.0
 10
1076.5
 20
-1308.0
  0
LWPOLYLINE
  5
3C4
330
17
100
AcDbEntity
  8
FRONT
100
AcDbPolyline
 90
2
 70
0
 10
1076.5
 20
-1310.0
 10
1076.5
 20
-1308.0
  0
LWPOLYLINE
  5
3C5
330
17
100
AcDbEntity
  8
FRONT
100
AcDbPolyline
 90
16
 70
0
 10
1076.5
 20
-1310.0
 10
1075.7219091187835
 20
-1310.0
 10
1073.5221754572297
 20
-1310.0
 10
1070.2811529493745
 20
-1310.0
 10
1066.5592438305912
 20
-1310.0
 10
1063.0
 20
-1310.0
 10
1060.2188470506255
 20
-1310.0
 10
1058.6966715933959
 20
-1310.0
 10
1058.6966715933959
 20
-1310.0
 10
1060.2188470506255
 20
-1310.0
 10
1063.0
 20
-1310.0
 10
1066.5592438305912
 20
-1310.0
 10
1070.2811529493745
 20
-1310.0
 10
1073.5221754572297
 20
-1310.0
 10
1075.7219091187835
 20
-1310.0
 10
1076.5
 20
-1310.0
  0
LWPOLYLINE
  5
3C6
330
17
100
AcDbEntity
  8
FRONT
100
AcDbPolyline
 90
16
 70
0
 10
1072.0
 20
-1308.0
 10
1071.6109545593918
 20
-1308.0
 10
1070.511087728615
 20
-1308.0
 10
1068.8905764746874
 20
-1308.0
 10
1067.0296219152956
 20
-1308.0
 10
1065.25
 20
-1308.0
 10
1063.8594235253126
 20
-1308.0
 10
1063.098335796698
 20
-1308.0
 10
1063.098335796698
 20
-1308.0
 10
1063.8594235253126
 20
-1308.0
 10
1065.25
 20
-1308.0
 10
1067.0296219152956
 20
-1308.0
 10
1068.8905764746874
 20
-1308.0
 10
1070.511087728615
 20
-1308.0
 10
1071.6109545593918
 20
-1308.0
 10
1072.0
 20
-1308.0
  0
LWPOLYLINE
  5
3C7
330
17
100
AcDbEntity
  8
FRONT
100
AcDbPolyline
 90
16
 70
0
 10
1072.0
 20
-1310.0
 10
1071.6109545593918
 20
-1310.0
 10
1070.511087728615
 20
-1310.0
 10
1068.8905764746874
 20
-1310.0
 10
1067.0296219152956
 20
-1310.0
 10
1065.25
 20
-1310.0
 10
1063.8594235253126
 20
-1310.0
 10
1063.098335796698
 20
-1310.0
 10
1063.098335796698
 20
-1310.0
 10
1063.8594235253126
 20
-1310.0
 10
1065.25
 20
-1310.0
 10
1067.0296219152956
 20
-1310.0
 10
1068.8905764746874
 20
-1310.0
 10
1070.511087728615
 20
-1310.0
 10
1071.6109545593918
 20
-1310.0
 10
1072.0
 20
-1310.0
  0
LWPOLYLINE
  5
3C8
330
17
100
AcDbEntity
  8
FRONT
100
AcDbPolyline
 90
2
 70
0
 10
1072.0
 20
-1310.0
 10
1072.0
 20
-1308.0
  0
LWPOLYLINE
  5
3C9
330
17
100
AcDbEntity
  8
FRONT
100
AcDbPolyline
 90
16
 70
0
 10
1075.0
 20
-1302.0
 10
1074.3515909323196
 20
-1302.0
 10
1072.5184795476914
 20
-1302.0
 10
1069.817627457812
 20
-1302.0
 10
1066.7160365254927
 20
-1302.0
 10
1063.75
 20
-1302.0
 10
1061.432372542188
 20
-1302.0
 10
1060.1638929944966
 20
-1302.0
 10
1060.1638929944966
 20
-1302.0
 10
1061.432372542188
 20
-1302.0
 10
1063.75
 20
-1302.0
 10
1066.7160365254927
 20
-1302.0
 10
1069.817627457812
 20
-1302.0
 10
1072.5184795476914
 20
-1302.0
 10
1074.3515909323196
 20
-1302.0
 10
1075.0
 20
-1302.0
  0
LWPOLYLINE
  5
3CA
330
17
100
AcDbEntity
  8
FRONT
100
AcDbPolyline
 90
2
 70
0
 10
1075.0
 20
-1308.0
 10
1075.0
 20
-1302.0
  0
LWPOLYLINE
  5
3CB
330
17
100
AcDbEntity
  8
FRONT
100
AcDbPolyline
 90
16
 70
0
 10
1075.0
 20
-1308.0
 10
1074.3515909323196
 20
-1308.0
 10
1072.5184795476914
 20
-1308.0
 10
1069.817627457812
 20
-1308.0
 10
1066.7160365254927
 20
-1308.0
 10
1063.75
 20
-1308.0
 10
1061.432372542188
 20
-1308.0
 10
1060.1638929944966
 20
-1308.0
 10
1060.1638929944966
 20
-1308.0
 10
1061.432372542188
 20
-1308.0
 10
1063.75
 20
-1308.0
 10
1066.7160365254927
 20
-1308.0
 10
1069.817627457812
 20
-1308.0
 10
1072.5184795476914
 20
-1308.0
 10
1074.3515909323196
 20
-1308.0
 10
1075.0
 20
-1308.0
  0
LWPOLYLINE
  5
3CC
330
17
100
AcDbEntity
  8
FRONT
100
AcDbPolyline
 90
16
 70
0
 10
1071.5
 20
-1308.0
 10
1071.1541818305705
 20
-1308.0
 10
1070.1765224254355
 20
-1308.0
 10
1068.7360679774997
 20
-1308.0
 10
1067.0818861469293
 20
-1308.0
 10
1065.5
 20
-1308.0
 10
1064.2639320225003
 20
-1308.0
 10
1063.5874095970648
 20
-1308.0
 10
1063.5874095970648
 20
-1308.0
 10
1064.2639320225003
 20
-1308.0
 10
1065.5
 20
-1308.0
 10
1067.0818861469293
 20
-1308.0
 10
1068.7360679774997
 20
-1308.0
 10
1070.1765224254355
 20
-1308.0
 10
1071.1541818305705
 20
-1308.0
 10
1071.5
 20
-1308.0
  0
LWPOLYLINE
  5
3CD
330
17
100
AcDbEntity
  8
FRONT
100
AcDbPolyline
 90
2
 70
0
 10
1071.5
 20
-1338.0
 10
1071.5
 20
-1308.0
  0
LWPOLYLINE
  5
3CE
330
17
100
AcDbEntity
  8
FRONT
100
AcDbPolyline
 90
16
 70
0
 10
1071.5
 20
-1338.0
 10
1071.1541818305705
 20
-1338.0
 10
1070.1765224254355
 20
-1338.0
 10
1068.7360679774997
 20
-1338.0
 10
1067.0818861469293
 20
-1338.0
 10
1065.5
 20
-1338.0
 10
1064.2639320225003
 20
-1338.0
 10
1063.5874095970648
 20
-1338.0
 10
1063.5874095970648
 20
-1338.0
 10
1064.2639320225003
 20
-1338.0
 10
1065.5
 20
-1338.0
 10
1067.0818861469293
 20
-1338.0
 10
1068.7360679774997
 20
-1338.0
 10
1070.1765224254355
 20
-1338.0
 10
1071.1541818305705
 20
-1338.0
 10
1071.5
 20
-1338.0
  0
LWPOLYLINE
  5
3CF
330
17
100
AcDbEntity
  8
FRONT
100
AcDbPolyline
 90
16
 70
0
 10
1076.5
 20
-1308.0
 10
1075.7219091187835
 20
-1308.0
 10
1073.5221754572297
 20
-1308.0
 10
1070.2811529493745
 20
-1308.0
 10
1066.5592438305912
 20
-1308.0
 10
1063.0
 20
-1308.0
 10
1060.2188470506255
 20
-1308.0
 10
1058.6966715933959
 20
-1308.0
 10
1058.6966715933959
 20
-1308.0
 10
1060.2188470506255
 20
-1308.0
 10
1063.0
 20
-1308.0
 10
1066.5592438305912
 20
-1308.0
 10
1070.2811529493745
 20
-1308.0
 10
1073.5221754572297
 20
-1308.0
 10
1075.7219091187835
 20
-1308.0
 10
1076.5
 20
-1308.0
  0
LWPOLYLINE
  5
3D0
330
17
100
AcDbEntity
  8
FRONT
100
AcDbPolyline
 90
2
 70
0
 10
1076.5
 20
-1310.0
 10
1076.5
 20
-1308.0
  0
LWPOLYLINE
  5
3D1
330
17
100
AcDbEntity
  8
FRONT
100
AcDbPolyline
 90
16
 70
0
 10
1076.5
 20
-1310.0
 10
1075.7219091187835
 20
-1310.0
 10
1073.5221754572297
 20
-1310.0
 10
1070.2811529493745
 20
-1310.0
 10
1066.5592438305912
 20
-1310.0
 10
1063.0
 20
-1310.0
 10
1060.2188470506255
 20
-1310.0
 10
1058.6966715933959
 20
-1310.0
 10
1058.6966715933959
 20
-1310.0
 10
1060.2188470506255
 20
-1310.0
 10
1063.0
 20
-1310.0
 10
1066.5592438305912
 20
-1310.0
 10
1070.2811529493745
 20
-1310.0
 10
1073.5221754572297
 20
-1310.0
 10
1075.7219091187835
 20
-1310.0
 10
1076.5
 20
-1310.0
  0
LWPOLYLINE
  5
3D2
330
17
100
AcDbEntity
  8
FRONT
100
AcDbPolyline
 90
16
 70
0
 10
1072.0
 20
-1308.0
 10
1071.6109545593918
 20
-1308.0
 10
1070.511087728615
 20
-1308.0
 10
1068.8905764746874
 20
-1308.0
 10
1067.0296219152956
 20
-1308.0
 10
1065.25
 20
-1308.0
 10
1063.8594235253126
 20
-1308.0
 10
1063.098335796698
 20
-1308.0
 10
1063.098335796698
 20
-1308.0
 10
1063.8594235253126
 20
-1308.0
 10
1065.25
 20
-1308.0
 10
1067.0296219152956
 20
-1308.0
 10
1068.8905764746874
 20
-1308.0
 10
1070.511087728615
 20
-1308.0
 10
1071.6109545593918
 20
-1308.0
 10
1072.0
 20
-1308.0
  0
LWPOLYLINE
  5
3D3
330
17
100
AcDbEntity
  8
FRONT
100
AcDbPolyline
 90
16
 70
0
 10
1072.0
 20
-1310.0
 10
1071.6109545593918
 20
-1310.0
 10
1070.511087728615
 20
-1310.0
 10
1068.8905764746874
 20
-1310.0
 10
1067.0296219152956
 20
-1310.0
 10
1065.25
 20
-1310.0
 10
1063.8594235253126
 20
-1310.0
 10
1063.098335796698
 20
-1310.0
 10
1063.098335796698
 20
-1310.0
 10
1063.8594235253126
 20
-1310.0
 10
1065.25
 20
-1310.0
 10
1067.0296219152956
 20
-1310.0
 10
1068.8905764746874
 20
-1310.0
 10
1070.511087728615
 20
-1310.0
 10
1071.6109545593918
 20
-1310.0
 10
1072.0
 20
-1310.0
  0
LWPOLYLINE
  5
3D4
330
17
100
AcDbEntity
  8
FRONT
100
AcDbPolyline
 90
2
 70
0
 10
1072.0
 20
-1310.0
 10
1072.0
 20
-1308.0
  0
LWPOLYLINE
  5
3D5
330
17
100
AcDbEntity
  8
FRONT
100
AcDbPolyline
 90
2
 70
0
 10
1587.5
 20
-1340.0
 10
1587.5
 20
-1310.0
  0
LWPOLYLINE
  5
3D6
330
17
100
AcDbEntity
  8
FRONT
100
AcDbPolyline
 90
2
 70
0
 10
1587.5
 20
-1340.0
 10
1587.5
 20
-1310.0
  0
LWPOLYLINE
  5
3D7
330
17
100
AcDbEntity
  8
FRONT
100
AcDbPolyline
 90
2
 70
0
 10
1587.5
 20
-1340.0
 10
1627.5
 20
-1340.0
  0
LWPOLYLINE
  5
3D8
330
17
100
AcDbEntity
  8
FRONT
100
AcDbPolyline
 90
2
 70
0
 10
1627.5
 20
-1340.0
 10
1627.5
 20
-1310.0
  0
LWPOLYLINE
  5
3D9
330
17
100
AcDbEntity
  8
FRONT
100
AcDbPolyline
 90
2
 70
0
 10
1587.5
 20
-1310.0
 10
1627.5
 20
-1310.0
  0
LWPOLYLINE
  5
3DA
330
17
100
AcDbEntity
  8
FRONT
100
AcDbPolyline
 90
2
 70
0
 10
1587.5
 20
-1310.0
 10
1627.5
 20
-1310.0
  0
LWPOLYLINE
  5
3DB
330
17
100
AcDbEntity
  8
FRONT
100
AcDbPolyline
 90
16
 70
0
 10
1611.75
 20
-1310.0
 10
1611.382568194981
 20
-1310.0
 10
1610.343805077025
 20
-1310.0
 10
1608.8133222260935
 20
-1310.0
 10
1607.0557540311124
 20
-1310.0
 10
1605.375
 20
-1310.0
 10
1604.0616777739065
 20
-1310.0
 10
1603.3428726968814
 20
-1310.0
 10
1603.3428726968814
 20
-1310.0
 10
1604.0616777739065
 20
-1310.0
 10
1605.375
 20
-1310.0
 10
1607.0557540311124
 20
-1310.0
 10
1608.8133222260935
 20
-1310.0
 10
1610.343805077025
 20
-1310.0
 10
1611.382568194981
 20
-1310.0
 10
1611.75
 20
-1310.0
  0
LWPOLYLINE
  5
3DC
330
17
100
AcDbEntity
  8
FRONT
100
AcDbPolyline
 90
16
 70
0
 10
1611.75
 20
-1310.0
 10
1611.382568194981
 20
-1310.0
 10
1610.343805077025
 20
-1310.0
 10
1608.8133222260935
 20
-1310.0
 10
1607.0557540311124
 20
-1310.0
 10
1605.375
 20
-1310.0
 10
1604.0616777739065
 20
-1310.0
 10
1603.3428726968814
 20
-1310.0
 10
1603.3428726968814
 20
-1310.0
 10
1604.0616777739065
 20
-1310.0
 10
1605.375
 20
-1310.0
 10
1607.0557540311124
 20
-1310.0
 10
1608.8133222260935
 20
-1310.0
 10
1610.343805077025
 20
-1310.0
 10
1611.382568194981
 20
-1310.0
 10
1611.75
 20
-1310.0
  0
LWPOLYLINE
  5
3DD
330
17
100
AcDbEntity
  8
FRONT
100
AcDbPolyline
 90
2
 70
0
 10
1587.5
 20
-1340.0
 10
1627.5
 20
-1340.0
  0
LWPOLYLINE
  5
3DE
330
17
100
AcDbEntity
  8
FRONT
100
AcDbPolyline
 90
2
 70
0
 10
1627.5
 20
-1340.0
 10
1627.5
 20
-1310.0
  0
LWPOLYLINE
  5
3DF
330
17
100
AcDbEntity
  8
FRONT
100
AcDbPolyline
 90
16
 70
0
 10
1611.75
 20
-1340.0
 10
1611.382568194981
 20
-1340.0
 10
1610.343805077025
 20
-1340.0
 10
1608.8133222260935
 20
-1340.0
 10
1607.0557540311124
 20
-1340.0
 10
1605.375
 20
-1340.0
 10
1604.0616777739065
 20
-1340.0
 10
1603.3428726968814
 20
-1340.0
 10
1603.3428726968814
 20
-1340.0
 10
1604.0616777739065
 20
-1340.0
 10
1605.375
 20
-1340.0
 10
1607.0557540311124
 20
-1340.0
 10
1608.8133222260935
 20
-1340.0
 10
1610.343805077025
 20
-1340.0
 10
1611.382568194981
 20
-1340.0
 10
1611.75
 20
-1340.0
  0
LWPOLYLINE
  5
3E0
330
17
100
AcDbEntity
  8
FRONT
100
AcDbPolyline
 90
16
 70
0
 10
1611.75
 20
-1340.0
 10
1611.382568194981
 20
-1340.0
 10
1610.343805077025
 20
-1340.0
 10
1608.8133222260935
 20
-1340.0
 10
1607.0557540311124
 20
-1340.0
 10
1605.375
 20
-1340.0
 10
1604.0616777739065
 20
-1340.0
 10
1603.3428726968814
 20
-1340.0
 10
1603.3428726968814
 20
-1340.0
 10
1604.0616777739065
 20
-1340.0
 10
1605.375
 20
-1340.0
 10
1607.0557540311124
 20
-1340.0
 10
1608.8133222260935
 20
-1340.0
 10
1610.343805077025
 20
-1340.0
 10
1611.382568194981
 20
-1340.0
 10
1611.75
 20
-1340.0
  0
LWPOLYLINE
  5
3E1
330
17
100
AcDbEntity
  8
FRONT
100
AcDbPolyline
 90
2
 70
0
 10
1611.75
 20
-1340.0
 10
1611.75
 20
-1310.0
  0
LWPOLYLINE
  5
3E2
330
17
100
AcDbEntity
  8
FRONT
100
AcDbPolyline
 90
2
 70
0
 10
1611.75
 20
-1340.0
 10
1611.75
 20
-1310.0
  0
LWPOLYLINE
  5
3E3
330
17
100
AcDbEntity
  8
FRONT
100
AcDbPolyline
 90
16
 70
0
 10
1615.0
 20
-1302.0
 10
1614.3515909323196
 20
-1302.0
 10
1612.5184795476914
 20
-1302.0
 10
1609.8176274578123
 20
-1302.0
 10
1606.7160365254927
 20
-1302.0
 10
1603.75
 20
-1302.0
 10
1601.4323725421877
 20
-1302.0
 10
1600.1638929944966
 20
-1302.0
 10
1600.1638929944966
 20
-1302.0
 10
1601.4323725421877
 20
-1302.0
 10
1603.75
 20
-1302.0
 10
1606.7160365254927
 20
-1302.0
 10
1609.8176274578123
 20
-1302.0
 10
1612.5184795476914
 20
-1302.0
 10
1614.3515909323196
 20
-1302.0
 10
1615.0
 20
-1302.0
  0
LWPOLYLINE
  5
3E4
330
17
100
AcDbEntity
  8
FRONT
100
AcDbPolyline
 90
2
 70
0
 10
1615.0
 20
-1308.0
 10
1615.0
 20
-1302.0
  0
LWPOLYLINE
  5
3E5
330
17
100
AcDbEntity
  8
FRONT
100
AcDbPolyline
 90
16
 70
0
 10
1615.0
 20
-1308.0
 10
1614.3515909323196
 20
-1308.0
 10
1612.5184795476914
 20
-1308.0
 10
1609.8176274578123
 20
-1308.0
 10
1606.7160365254927
 20
-1308.0
 10
1603.75
 20
-1308.0
 10
1601.4323725421877
 20
-1308.0
 10
1600.1638929944966
 20
-1308.0
 10
1600.1638929944966
 20
-1308.0
 10
1601.4323725421877
 20
-1308.0
 10
1603.75
 20
-1308.0
 10
1606.7160365254927
 20
-1308.0
 10
1609.8176274578123
 20
-1308.0
 10
1612.5184795476914
 20
-1308.0
 10
1614.3515909323196
 20
-1308.0
 10
1615.0
 20
-1308.0
  0
LWPOLYLINE
  5
3E6
330
17
100
AcDbEntity
  8
FRONT
100
AcDbPolyline
 90
16
 70
0
 10
1611.5
 20
-1308.0
 10
1611.1541818305705
 20
-1308.0
 10
1610.1765224254355
 20
-1308.0
 10
1608.7360679774997
 20
-1308.0
 10
1607.0818861469293
 20
-1308.0
 10
1605.5
 20
-1308.0
 10
1604.2639320225003
 20
-1308.0
 10
1603.5874095970648
 20
-1308.0
 10
1603.5874095970648
 20
-1308.0
 10
1604.2639320225003
 20
-1308.0
 10
1605.5
 20
-1308.0
 10
1607.0818861469293
 20
-1308.0
 10
1608.7360679774997
 20
-1308.0
 10
1610.1765224254355
 20
-1308.0
 10
1611.1541818305705
 20
-1308.0
 10
1611.5
 20
-1308.0
  0
LWPOLYLINE
  5
3E7
330
17
100
AcDbEntity
  8
FRONT
100
AcDbPolyline
 90
2
 70
0
 10
1611.5
 20
-1338.0
 10
1611.5
 20
-1308.0
  0
LWPOLYLINE
  5
3E8
330
17
100
AcDbEntity
  8
FRONT
100
AcDbPolyline
 90
16
 70
0
 10
1611.5
 20
-1338.0
 10
1611.1541818305705
 20
-1338.0
 10
1610.1765224254355
 20
-1338.0
 10
1608.7360679774997
 20
-1338.0
 10
1607.0818861469293
 20
-1338.0
 10
1605.5
 20
-1338.0
 10
1604.2639320225003
 20
-1338.0
 10
1603.5874095970648
 20
-1338.0
 10
1603.5874095970648
 20
-1338.0
 10
1604.2639320225003
 20
-1338.0
 10
1605.5
 20
-1338.0
 10
1607.0818861469293
 20
-1338.0
 10
1608.7360679774997
 20
-1338.0
 10
1610.1765224254355
 20
-1338.0
 10
1611.1541818305705
 20
-1338.0
 10
1611.5
 20
-1338.0
  0
LWPOLYLINE
  5
3E9
330
17
100
AcDbEntity
  8
FRONT
100
AcDbPolyline
 90
16
 70
0
 10
1616.5
 20
-1308.0
 10
1615.7219091187835
 20
-1308.0
 10
1613.5221754572299
 20
-1308.0
 10
1610.2811529493745
 20
-1308.0
 10
1606.5592438305912
 20
-1308.0
 10
1603.0
 20
-1308.0
 10
1600.2188470506255
 20
-1308.0
 10
1598.6966715933959
 20
-1308.0
 10
1598.6966715933959
 20
-1308.0
 10
1600.2188470506255
 20
-1308.0
 10
1603.0
 20
-1308.0
 10
1606.5592438305912
 20
-1308.0
 10
1610.2811529493745
 20
-1308.0
 10
1613.5221754572299
 20
-1308.0
 10
1615.7219091187835
 20
-1308.0
 10
1616.5
 20
-1308.0
  0
LWPOLYLINE
  5
3EA
330
17
100
AcDbEntity
  8
FRONT
100
AcDbPolyline
 90
2
 70
0
 10
1616.5
 20
-1310.0
 10
1616.5
 20
-1308.0
  0
LWPOLYLINE
  5
3EB
330
17
100
AcDbEntity
  8
FRONT
100
AcDbPolyline
 90
16
 70
0
 10
1616.5
 20
-1310.0
 10
1615.7219091187835
 20
-1310.0
 10
1613.5221754572299
 20
-1310.0
 10
1610.2811529493745
 20
-1310.0
 10
1606.5592438305912
 20
-1310.0
 10
1603.0
 20
-1310.0
 10
1600.2188470506255
 20
-1310.0
 10
1598.6966715933959
 20
-1310.0
 10
1598.6966715933959
 20
-1310.0
 10
1600.2188470506255
 20
-1310.0
 10
1603.0
 20
-1310.0
 10
1606.5592438305912
 20
-1310.0
 10
1610.2811529493745
 20
-1310.0
 10
1613.5221754572299
 20
-1310.0
 10
1615.7219091187835
 20
-1310.0
 10
1616.5
 20
-1310.0
  0
LWPOLYLINE
  5
3EC
330
17
100
AcDbEntity
  8
FRONT
100
AcDbPolyline
 90
16
 70
0
 10
1612.0
 20
-1308.0
 10
1611.6109545593918
 20
-1308.0
 10
1610.5110877286147
 20
-1308.0
 10
1608.8905764746874
 20
-1308.0
 10
1607.0296219152956
 20
-1308.0
 10
1605.25
 20
-1308.0
 10
1603.8594235253126
 20
-1308.0
 10
1603.098335796698
 20
-1308.0
 10
1603.098335796698
 20
-1308.0
 10
1603.8594235253126
 20
-1308.0
 10
1605.25
 20
-1308.0
 10
1607.0296219152956
 20
-1308.0
 10
1608.8905764746874
 20
-1308.0
 10
1610.5110877286147
 20
-1308.0
 10
1611.6109545593918
 20
-1308.0
 10
1612.0
 20
-1308.0
  0
LWPOLYLINE
  5
3ED
330
17
100
AcDbEntity
  8
FRONT
100
AcDbPolyline
 90
16
 70
0
 10
1612.0
 20
-1310.0
 10
1611.6109545593918
 20
-1310.0
 10
1610.5110877286147
 20
-1310.0
 10
1608.8905764746874
 20
-1310.0
 10
1607.0296219152956
 20
-1310.0
 10
1605.25
 20
-1310.0
 10
1603.8594235253126
 20
-1310.0
 10
1603.098335796698
 20
-1310.0
 10
1603.098335796698
 20
-1310.0
 10
1603.8594235253126
 20
-1310.0
 10
1605.25
 20
-1310.0
 10
1607.0296219152956
 20
-1310.0
 10
1608.8905764746874
 20
-1310.0
 10
1610.5110877286147
 20
-1310.0
 10
1611.6109545593918
 20
-1310.0
 10
1612.0
 20
-1310.0
  0
LWPOLYLINE
  5
3EE
330
17
100
AcDbEntity
  8
FRONT
100
AcDbPolyline
 90
2
 70
0
 10
1612.0
 20
-1310.0
 10
1612.0
 20
-1308.0
  0
LWPOLYLINE
  5
3EF
330
17
100
AcDbEntity
  8
FRONT
100
AcDbPolyline
 90
16
 70
0
 10
1615.0
 20
-1302.0
 10
1614.3515909323196
 20
-1302.0
 10
1612.5184795476914
 20
-1302.0
 10
1609.8176274578123
 20
-1302.0
 10
1606.7160365254927
 20
-1302.0
 10
1603.75
 20
-1302.0
 10
1601.4323725421877
 20
-1302.0
 10
1600.1638929944966
 20
-1302.0
 10
1600.1638929944966
 20
-1302.0
 10
1601.4323725421877
 20
-1302.0
 10
1603.75
 20
-1302.0
 10
1606.7160365254927
 20
-1302.0
 10
1609.8176274578123
 20
-1302.0
 10
1612.5184795476914
 20
-1302.0
 10
1614.3515909323196
 20
-1302.0
 10
1615.0
 20
-1302.0
  0
LWPOLYLINE
  5
3F0
330
17
100
AcDbEntity
  8
FRONT
100
AcDbPolyline
 90
2
 70
0
 10
1615.0
 20
-1308.0
 10
1615.0
 20
-1302.0
  0
LWPOLYLINE
  5
3F1
330
17
100
AcDbEntity
  8
FRONT
100
AcDbPolyline
 90
16
 70
0
 10
1615.0
 20
-1308.0
 10
1614.3515909323196
 20
-1308.0
 10
1612.5184795476914
 20
-1308.0
 10
1609.8176274578123
 20
-1308.0
 10
1606.7160365254927
 20
-1308.0
 10
1603.75
 20
-1308.0
 10
1601.4323725421877
 20
-1308.0
 10
1600.1638929944966
 20
-1308.0
 10
1600.1638929944966
 20
-1308.0
 10
1601.4323725421877
 20
-1308.0
 10
1603.75
 20
-1308.0
 10
1606.7160365254927
 20
-1308.0
 10
1609.8176274578123
 20
-1308.0
 10
1612.5184795476914
 20
-1308.0
 10
1614.3515909323196
 20
-1308.0
 10
1615.0
 20
-1308.0
  0
LWPOLYLINE
  5
3F2
330
17
100
AcDbEntity
  8
FRONT
100
AcDbPolyline
 90
16
 70
0
 10
1611.5
 20
-1308.0
 10
1611.1541818305705
 20
-1308.0
 10
1610.1765224254355
 20
-1308.0
 10
1608.7360679774997
 20
-1308.0
 10
1607.0818861469293
 20
-1308.0
 10
1605.5
 20
-1308.0
 10
1604.2639320225003
 20
-1308.0
 10
1603.5874095970648
 20
-1308.0
 10
1603.5874095970648
 20
-1308.0
 10
1604.2639320225003
 20
-1308.0
 10
1605.5
 20
-1308.0
 10
1607.0818861469293
 20
-1308.0
 10
1608.7360679774997
 20
-1308.0
 10
1610.1765224254355
 20
-1308.0
 10
1611.1541818305705
 20
-1308.0
 10
1611.5
 20
-1308.0
  0
LWPOLYLINE
  5
3F3
330
17
100
AcDbEntity
  8
FRONT
100
AcDbPolyline
 90
2
 70
0
 10
1611.5
 20
-1338.0
 10
1611.5
 20
-1308.0
  0
LWPOLYLINE
  5
3F4
330
17
100
AcDbEntity
  8
FRONT
100
AcDbPolyline
 90
16
 70
0
 10
1611.5
 20
-1338.0
 10
1611.1541818305705
 20
-1338.0
 10
1610.1765224254355
 20
-1338.0
 10
1608.7360679774997
 20
-1338.0
 10
1607.0818861469293
 20
-1338.0
 10
1605.5
 20
-1338.0
 10
1604.2639320225003
 20
-1338.0
 10
1603.5874095970648
 20
-1338.0
 10
1603.5874095970648
 20
-1338.0
 10
1604.2639320225003
 20
-1338.0
 10
1605.5
 20
-1338.0
 10
1607.0818861469293
 20
-1338.0
 10
1608.7360679774997
 20
-1338.0
 10
1610.1765224254355
 20
-1338.0
 10
1611.1541818305705
 20
-1338.0
 10
1611.5
 20
-1338.0
  0
LWPOLYLINE
  5
3F5
330
17
100
AcDbEntity
  8
FRONT
100
AcDbPolyline
 90
16
 70
0
 10
1616.5
 20
-1308.0
 10
1615.7219091187835
 20
-1308.0
 10
1613.5221754572299
 20
-1308.0
 10
1610.2811529493745
 20
-1308.0
 10
1606.5592438305912
 20
-1308.0
 10
1603.0
 20
-1308.0
 10
1600.2188470506255
 20
-1308.0
 10
1598.6966715933959
 20
-1308.0
 10
1598.6966715933959
 20
-1308.0
 10
1600.2188470506255
 20
-1308.0
 10
1603.0
 20
-1308.0
 10
1606.5592438305912
 20
-1308.0
 10
1610.2811529493745
 20
-1308.0
 10
1613.5221754572299
 20
-1308.0
 10
1615.7219091187835
 20
-1308.0
 10
1616.5
 20
-1308.0
  0
LWPOLYLINE
  5
3F6
330
17
100
AcDbEntity
  8
FRONT
100
AcDbPolyline
 90
2
 70
0
 10
1616.5
 20
-1310.0
 10
1616.5
 20
-1308.0
  0
LWPOLYLINE
  5
3F7
330
17
100
AcDbEntity
  8
FRONT
100
AcDbPolyline
 90
16
 70
0
 10
1616.5
 20
-1310.0
 10
1615.7219091187835
 20
-1310.0
 10
1613.5221754572299
 20
-1310.0
 10
1610.2811529493745
 20
-1310.0
 10
1606.5592438305912
 20
-1310.0
 10
1603.0
 20
-1310.0
 10
1600.2188470506255
 20
-1310.0
 10
1598.6966715933959
 20
-1310.0
 10
1598.6966715933959
 20
-1310.0
 10
1600.2188470506255
 20
-1310.0
 10
1603.0
 20
-1310.0
 10
1606.5592438305912
 20
-1310.0
 10
1610.2811529493745
 20
-1310.0
 10
1613.5221754572299
 20
-1310.0
 10
1615.7219091187835
 20
-1310.0
 10
1616.5
 20
-1310.0
  0
LWPOLYLINE
  5
3F8
330
17
100
AcDbEntity
  8
FRONT
100
AcDbPolyline
 90
16
 70
0
 10
1612.0
 20
-1308.0
 10
1611.6109545593918
 20
-1308.0
 10
1610.5110877286147
 20
-1308.0
 10
1608.8905764746874
 20
-1308.0
 10
1607.0296219152956
 20
-1308.0
 10
1605.25
 20
-1308.0
 10
1603.8594235253126
 20
-1308.0
 10
1603.098335796698
 20
-1308.0
 10
1603.098335796698
 20
-1308.0
 10
1603.8594235253126
 20
-1308.0
 10
1605.25
 20
-1308.0
 10
1607.0296219152956
 20
-1308.0
 10
1608.8905764746874
 20
-1308.0
 10
1610.5110877286147
 20
-1308.0
 10
1611.6109545593918
 20
-1308.0
 10
1612.0
 20
-1308.0
  0
LWPOLYLINE
  5
3F9
330
17
100
AcDbEntity
  8
FRONT
100
AcDbPolyline
 90
16
 70
0
 10
1612.0
 20
-1310.0
 10
1611.6109545593918
 20
-1310.0
 10
1610.5110877286147
 20
-1310.0
 10
1608.8905764746874
 20
-1310.0
 10
1607.0296219152956
 20
-1310.0
 10
1605.25
 20
-1310.0
 10
1603.8594235253126
 20
-1310.0
 10
1603.098335796698
 20
-1310.0
 10
1603.098335796698
 20
-1310.0
 10
1603.8594235253126
 20
-1310.0
 10
1605.25
 20
-1310.0
 10
1607.0296219152956
 20
-1310.0
 10
1608.8905764746874
 20
-1310.0
 10
1610.5110877286147
 20
-1310.0
 10
1611.6109545593918
 20
-1310.0
 10
1612.0
 20
-1310.0
  0
LWPOLYLINE
  5
3FA
330
17
100
AcDbEntity
  8
FRONT
100
AcDbPolyline
 90
2
 70
0
 10
1612.0
 20
-1310.0
 10
1612.0
 20
-1308.0
  0
LWPOLYLINE
  5
3FB
330
17
100
AcDbEntity
  8
FRONT
100
AcDbPolyline
 90
2
 70
0
 10
1047.5
 20
-1310.0
 10
1047.5
 20
-260.0
  0
LWPOLYLINE
  5
3FC
330
17
100
AcDbEntity
  8
FRONT
100
AcDbPolyline
 90
2
 70
0
 10
1047.5
 20
-1310.0
 10
1047.5
 20
-260.0
  0
LWPOLYLINE
  5
3FD
330
17
100
AcDbEntity
  8
FRONT
100
AcDbPolyline
 90
2
 70
0
 10
1047.5
 20
-1310.0
 10
1087.5
 20
-1310.0
  0
LWPOLYLINE
  5
3FE
330
17
100
AcDbEntity
  8
FRONT
100
AcDbPolyline
 90
2
 70
0
 10
1087.5
 20
-1310.0
 10
1087.5
 20
-260.0
  0
LWPOLYLINE
  5
3FF
330
17
100
AcDbEntity
  8
FRONT
100
AcDbPolyline
 90
2
 70
0
 10
1047.5
 20
-260.0
 10
1087.5
 20
-260.0
  0
LWPOLYLINE
  5
400
330
17
100
AcDbEntity
  8
FRONT
100
AcDbPolyline
 90
2
 70
0
 10
1047.5
 20
-260.0
 10
1087.5
 20
-260.0
  0
LWPOLYLINE
  5
401
330
17
100
AcDbEntity
  8
FRONT
100
AcDbPolyline
 90
2
 70
0
 10
1084.5
 20
-260.0
 10
1050.5
 20
-260.0
  0
LWPOLYLINE
  5
402
330
17
100
AcDbEntity
  8
FRONT
100
AcDbPolyline
 90
2
 70
0
 10
1084.5
 20
-260.0
 10
1050.5
 20
-260.0
  0
LWPOLYLINE
  5
403
330
17
100
AcDbEntity
  8
FRONT
100
AcDbPolyline
 90
2
 70
0
 10
1047.5
 20
-1310.0
 10
1087.5
 20
-1310.0
  0
LWPOLYLINE
  5
404
330
17
100
AcDbEntity
  8
FRONT
100
AcDbPolyline
 90
2
 70
0
 10
1087.5
 20
-1310.0
 10
1087.5
 20
-260.0
  0
LWPOLYLINE
  5
405
330
17
100
AcDbEntity
  8
FRONT
100
AcDbPolyline
 90
2
 70
0
 10
1084.5
 20
-1310.0
 10
1050.5
 20
-1310.0
  0
LWPOLYLINE
  5
406
330
17
100
AcDbEntity
  8
FRONT
100
AcDbPolyline
 90
2
 70
0
 10
1084.5
 20
-1310.0
 10
1050.5
 20
-1310.0
  0
LWPOLYLINE
  5
407
330
17
100
AcDbEntity
  8
FRONT
100
AcDbPolyline
 90
2
 70
0
 10
1084.5
 20
-1310.0
 10
1084.5
 20
-260.0
  0
LWPOLYLINE
  5
408
330
17
100
AcDbEntity
  8
FRONT
100
AcDbPolyline
 90
2
 70
0
 10
1050.5
 20
-1310.0
 10
1050.5
 20
-260.0
  0
LWPOLYLINE
  5
409
330
17
100
AcDbEntity
  8
FRONT
100
AcDbPolyline
 90
2
 70
0
 10
1084.5
 20
-1310.0
 10
1084.5
 20
-260.0
  0
LWPOLYLINE
  5
40A
330
17
100
AcDbEntity
  8
FRONT
100
AcDbPolyline
 90
2
 70
0
 10
1050.5
 20
-1310.0
 10
1050.5
 20
-260.0
  0
LWPOLYLINE
  5
40B
330
17
100
AcDbEntity
  8
FRONT
100
AcDbPolyline
 90
2
 70
0
 10
1587.5
 20
-1310.0
 10
1587.5
 20
-260.0
  0
LWPOLYLINE
  5
40C
330
17
100
AcDbEntity
  8
FRONT
100
AcDbPolyline
 90
2
 70
0
 10
1587.5
 20
-1310.0
 10
1587.5
 20
-260.0
  0
LWPOLYLINE
  5
40D
330
17
100
AcDbEntity
  8
FRONT
100
AcDbPolyline
 90
2
 70
0
 10
1587.5
 20
-1310.0
 10
1627.5
 20
-1310.0
  0
LWPOLYLINE
  5
40E
330
17
100
AcDbEntity
  8
FRONT
100
AcDbPolyline
 90
2
 70
0
 10
1627.5
 20
-1310.0
 10
1627.5
 20
-260.0
  0
LWPOLYLINE
  5
40F
330
17
100
AcDbEntity
  8
FRONT
100
AcDbPolyline
 90
2
 70
0
 10
1587.5
 20
-260.0
 10
1627.5
 20
-260.0
  0
LWPOLYLINE
  5
410
330
17
100
AcDbEntity
  8
FRONT
100
AcDbPolyline
 90
2
 70
0
 10
1587.5
 20
-260.0
 10
1627.5
 20
-260.0
  0
LWPOLYLINE
  5
411
330
17
100
AcDbEntity
  8
FRONT
100
AcDbPolyline
 90
2
 70
0
 10
1624.5
 20
-260.0
 10
1590.5
 20
-260.0
  0
LWPOLYLINE
  5
412
330
17
100
AcDbEntity
  8
FRONT
100
AcDbPolyline
 90
2
 70
0
 10
1624.5
 20
-260.0
 10
1590.5
 20
-260.0
  0
LWPOLYLINE
  5
413
330
17
100
AcDbEntity
  8
FRONT
100
AcDbPolyline
 90
2
 70
0
 10
1587.5
 20
-1310.0
 10
1627.5
 20
-1310.0
  0
LWPOLYLINE
  5
414
330
17
100
AcDbEntity
  8
FRONT
100
AcDbPolyline
 90
2
 70
0
 10
1627.5
 20
-1310.0
 10
1627.5
 20
-260.0
  0
LWPOLYLINE
  5
415
330
17
100
AcDbEntity
  8
FRONT
100
AcDbPolyline
 90
2
 70
0
 10
1624.5
 20
-1310.0
 10
1590.5
 20
-1310.0
  0
LWPOLYLINE
  5
416
330
17
100
AcDbEntity
  8
FRONT
100
AcDbPolyline
 90
2
 70
0
 10
1624.5
 20
-1310.0
 10
1590.5
 20
-1310.0
  0
LWPOLYLINE
  5
417
330
17
100
AcDbEntity
  8
FRONT
100
AcDbPolyline
 90
2
 70
0
 10
1624.5
 20
-1310.0
 10
1624.5
 20
-260.0
  0
LWPOLYLINE
  5
418
330
17
100
AcDbEntity
  8
FRONT
100
AcDbPolyline
 90
2
 70
0
 10
1590.5
 20
-1310.0
 10
1590.5
 20
-260.0
  0
LWPOLYLINE
  5
419
330
17
100
AcDbEntity
  8
FRONT
100
AcDbPolyline
 90
2
 70
0
 10
1624.5
 20
-1310.0
 10
1624.5
 20
-260.0
  0
LWPOLYLINE
  5
41A
330
17
100
AcDbEntity
  8
FRONT
100
AcDbPolyline
 90
2
 70
0
 10
1590.5
 20
-1310.0
 10
1590.5
 20
-260.0
  0
LWPOLYLINE
  5
41B
330
17
100
AcDbEntity
  8
FRONT
100
AcDbPolyline
 90
2
 70
0
 10
1047.5
 20
-1310.0
 10
1047.5
 20
-260.0
  0
LWPOLYLINE
  5
41C
330
17
100
AcDbEntity
  8
FRONT
100
AcDbPolyline
 90
2
 70
0
 10
1047.5
 20
-1310.0
 10
1047.5
 20
-260.0
  0
LWPOLYLINE
  5
41D
330
17
100
AcDbEntity
  8
FRONT
100
AcDbPolyline
 90
2
 70
0
 10
1047.5
 20
-1310.0
 10
1087.5
 20
-1310.0
  0
LWPOLYLINE
  5
41E
330
17
100
AcDbEntity
  8
FRONT
100
AcDbPolyline
 90
2
 70
0
 10
1087.5
 20
-1310.0
 10
1087.5
 20
-260.0
  0
LWPOLYLINE
  5
41F
330
17
100
AcDbEntity
  8
FRONT
100
AcDbPolyline
 90
2
 70
0
 10
1047.5
 20
-260.0
 10
1087.5
 20
-260.0
  0
LWPOLYLINE
  5
420
330
17
100
AcDbEntity
  8
FRONT
100
AcDbPolyline
 90
2
 70
0
 10
1047.5
 20
-260.0
 10
1087.5
 20
-260.0
  0
LWPOLYLINE
  5
421
330
17
100
AcDbEntity
  8
FRONT
100
AcDbPolyline
 90
2
 70
0
 10
1084.5
 20
-260.0
 10
1050.5
 20
-260.0
  0
LWPOLYLINE
  5
422
330
17
100
AcDbEntity
  8
FRONT
100
AcDbPolyline
 90
2
 70
0
 10
1084.5
 20
-260.0
 10
1050.5
 20
-260.0
  0
LWPOLYLINE
  5
423
330
17
100
AcDbEntity
  8
FRONT
100
AcDbPolyline
 90
2
 70
0
 10
1047.5
 20
-1310.0
 10
1087.5
 20
-1310.0
  0
LWPOLYLINE
  5
424
330
17
100
AcDbEntity
  8
FRONT
100
AcDbPolyline
 90
2
 70
0
 10
1087.5
 20
-1310.0
 10
1087.5
 20
-260.0
  0
LWPOLYLINE
  5
425
330
17
100
AcDbEntity
  8
FRONT
100
AcDbPolyline
 90
2
 70
0
 10
1084.5
 20
-1310.0
 10
1050.5
 20
-1310.0
  0
LWPOLYLINE
  5
426
330
17
100
AcDbEntity
  8
FRONT
100
AcDbPolyline
 90
2
 70
0
 10
1084.5
 20
-1310.0
 10
1050.5
 20
-1310.0
  0
LWPOLYLINE
  5
427
330
17
100
AcDbEntity
  8
FRONT
100
AcDbPolyline
 90
2
 70
0
 10
1084.5
 20
-1310.0
 10
1084.5
 20
-260.0
  0
LWPOLYLINE
  5
428
330
17
100
AcDbEntity
  8
FRONT
100
AcDbPolyline
 90
2
 70
0
 10
1050.5
 20
-1310.0
 10
1050.5
 20
-260.0
  0
LWPOLYLINE
  5
429
330
17
100
AcDbEntity
  8
FRONT
100
AcDbPolyline
 90
2
 70
0
 10
1084.5
 20
-1310.0
 10
1084.5
 20
-260.0
  0
LWPOLYLINE
  5
42A
330
17
100
AcDbEntity
  8
FRONT
100
AcDbPolyline
 90
2
 70
0
 10
1050.5
 20
-1310.0
 10
1050.5
 20
-260.0
  0
LWPOLYLINE
  5
42B
330
17
100
AcDbEntity
  8
FRONT
100
AcDbPolyline
 90
2
 70
0
 10
1587.5
 20
-1310.0
 10
1587.5
 20
-260.0
  0
LWPOLYLINE
  5
42C
330
17
100
AcDbEntity
  8
FRONT
100
AcDbPolyline
 90
2
 70
0
 10
1587.5
 20
-1310.0
 10
1587.5
 20
-260.0
  0
LWPOLYLINE
  5
42D
330
17
100
AcDbEntity
  8
FRONT
100
AcDbPolyline
 90
2
 70
0
 10
1587.5
 20
-1310.0
 10
1627.5
 20
-1310.0
  0
LWPOLYLINE
  5
42E
330
17
100
AcDbEntity
  8
FRONT
100
AcDbPolyline
 90
2
 70
0
 10
1627.5
 20
-1310.0
 10
1627.5
 20
-260.0
  0
LWPOLYLINE
  5
42F
330
17
100
AcDbEntity
  8
FRONT
100
AcDbPolyline
 90
2
 70
0
 10
1587.5
 20
-260.0
 10
1627.5
 20
-260.0
  0
LWPOLYLINE
  5
430
330
17
100
AcDbEntity
  8
FRONT
100
AcDbPolyline
 90
2
 70
0
 10
1587.5
 20
-260.0
 10
1627.5
 20
-260.0
  0
LWPOLYLINE
  5
431
330
17
100
AcDbEntity
  8
FRONT
100
AcDbPolyline
 90
2
 70
0
 10
1624.5
 20
-260.0
 10
1590.5
 20
-260.0
  0
LWPOLYLINE
  5
432
330
17
100
AcDbEntity
  8
FRONT
100
AcDbPolyline
 90
2
 70
0
 10
1624.5
 20
-260.0
 10
1590.5
 20
-260.0
  0
LWPOLYLINE
  5
433
330
17
100
AcDbEntity
  8
FRONT
100
AcDbPolyline
 90
2
 70
0
 10
1587.5
 20
-1310.0
 10
1627.5
 20
-1310.0
  0
LWPOLYLINE
  5
434
330
17
100
AcDbEntity
  8
FRONT
100
AcDbPolyline
 90
2
 70
0
 10
1627.5
 20
-1310.0
 10
1627.5
 20
-260.0
  0
LWPOLYLINE
  5
435
330
17
100
AcDbEntity
  8
FRONT
100
AcDbPolyline
 90
2
 70
0
 10
1624.5
 20
-1310.0
 10
1590.5
 20
-1310.0
  0
LWPOLYLINE
  5
436
330
17
100
AcDbEntity
  8
FRONT
100
AcDbPolyline
 90
2
 70
0
 10
1624.5
 20
-1310.0
 10
1590.5
 20
-1310.0
  0
LWPOLYLINE
  5
437
330
17
100
AcDbEntity
  8
FRONT
100
AcDbPolyline
 90
2
 70
0
 10
1624.5
 20
-1310.0
 10
1624.5
 20
-260.0
  0
LWPOLYLINE
  5
438
330
17
100
AcDbEntity
  8
FRONT
100
AcDbPolyline
 90
2
 70
0
 10
1590.5
 20
-1310.0
 10
1590.5
 20
-260.0
  0
LWPOLYLINE
  5
439
330
17
100
AcDbEntity
  8
FRONT
100
AcDbPolyline
 90
2
 70
0
 10
1624.5
 20
-1310.0
 10
1624.5
 20
-260.0
  0
LWPOLYLINE
  5
43A
330
17
100
AcDbEntity
  8
FRONT
100
AcDbPolyline
 90
2
 70
0
 10
1590.5
 20
-1310.0
 10
1590.5
 20
-260.0
  0
LWPOLYLINE
  5
43B
330
17
100
AcDbEntity
  8
FRONT
100
AcDbPolyline
 90
2
 70
0
 10
1047.5
 20
-260.0
 10
1047.5
 20
-220.0
  0
LWPOLYLINE
  5
43C
330
17
100
AcDbEntity
  8
FRONT
100
AcDbPolyline
 90
2
 70
0
 10
1047.5
 20
-260.0
 10
1047.5
 20
-220.0
  0
LWPOLYLINE
  5
43D
330
17
100
AcDbEntity
  8
FRONT
100
AcDbPolyline
 90
2
 70
0
 10
1087.5
 20
-260.0
 10
1087.5
 20
-220.0
  0
LWPOLYLINE
  5
43E
330
17
100
AcDbEntity
  8
FRONT
100
AcDbPolyline
 90
2
 70
0
 10
1087.5
 20
-260.0
 10
1087.5
 20
-220.0
  0
LWPOLYLINE
  5
43F
330
17
100
AcDbEntity
  8
FRONT
100
AcDbPolyline
 90
2
 70
0
 10
1047.5
 20
-260.0
 10
1087.5
 20
-260.0
  0
LWPOLYLINE
  5
440
330
17
100
AcDbEntity
  8
FRONT
100
AcDbPolyline
 90
2
 70
0
 10
1047.5
 20
-220.0
 10
1087.5
 20
-220.0
  0
LWPOLYLINE
  5
441
330
17
100
AcDbEntity
  8
FRONT
100
AcDbPolyline
 90
2
 70
0
 10
1047.5
 20
-260.0
 10
1087.5
 20
-260.0
  0
LWPOLYLINE
  5
442
330
17
100
AcDbEntity
  8
FRONT
100
AcDbPolyline
 90
2
 70
0
 10
1047.5
 20
-220.0
 10
1087.5
 20
-220.0
  0
LWPOLYLINE
  5
443
330
17
100
AcDbEntity
  8
FRONT
100
AcDbPolyline
 90
2
 70
0
 10
1587.5
 20
-260.0
 10
1587.5
 20
-220.0
  0
LWPOLYLINE
  5
444
330
17
100
AcDbEntity
  8
FRONT
100
AcDbPolyline
 90
2
 70
0
 10
1587.5
 20
-260.0
 10
1587.5
 20
-220.0
  0
LWPOLYLINE
  5
445
330
17
100
AcDbEntity
  8
FRONT
100
AcDbPolyline
 90
2
 70
0
 10
1627.5
 20
-260.0
 10
1627.5
 20
-220.0
  0
LWPOLYLINE
  5
446
330
17
100
AcDbEntity
  8
FRONT
100
AcDbPolyline
 90
2
 70
0
 10
1627.5
 20
-260.0
 10
1627.5
 20
-220.0
  0
LWPOLYLINE
  5
447
330
17
100
AcDbEntity
  8
FRONT
100
AcDbPolyline
 90
2
 70
0
 10
1587.5
 20
-260.0
 10
1627.5
 20
-260.0
  0
LWPOLYLINE
  5
448
330
17
100
AcDbEntity
  8
FRONT
100
AcDbPolyline
 90
2
 70
0
 10
1587.5
 20
-220.0
 10
1627.5
 20
-220.0
  0
LWPOLYLINE
  5
449
330
17
100
AcDbEntity
  8
FRONT
100
AcDbPolyline
 90
2
 70
0
 10
1587.5
 20
-260.0
 10
1627.5
 20
-260.0
  0
LWPOLYLINE
  5
44A
330
17
100
AcDbEntity
  8
FRONT
100
AcDbPolyline
 90
2
 70
0
 10
1587.5
 20
-220.0
 10
1627.5
 20
-220.0
  0
LWPOLYLINE
  5
44B
330
17
100
AcDbEntity
  8
FRONT
100
AcDbPolyline
 90
2
 70
0
 10
1087.5
 20
-1310.0
 10
1087.5
 20
-1280.0
  0
LWPOLYLINE
  5
44C
330
17
100
AcDbEntity
  8
FRONT
100
AcDbPolyline
 90
2
 70
0
 10
1087.5
 20
-1310.0
 10
1087.5
 20
-1280.0
  0
LWPOLYLINE
  5
44D
330
17
100
AcDbEntity
  8
FRONT
100
AcDbPolyline
 90
2
 70
0
 10
1587.5
 20
-1310.0
 10
1587.5
 20
-1280.0
  0
LWPOLYLINE
  5
44E
330
17
100
AcDbEntity
  8
FRONT
100
AcDbPolyline
 90
2
 70
0
 10
1587.5
 20
-1310.0
 10
1587.5
 20
-1280.0
  0
LWPOLYLINE
  5
44F
330
17
100
AcDbEntity
  8
FRONT
100
AcDbPolyline
 90
2
 70
0
 10
1087.5
 20
-1310.0
 10
1587.5
 20
-1310.0
  0
LWPOLYLINE
  5
450
330
17
100
AcDbEntity
  8
FRONT
100
AcDbPolyline
 90
2
 70
0
 10
1087.5
 20
-1280.0
 10
1587.5
 20
-1280.0
  0
LWPOLYLINE
  5
451
330
17
100
AcDbEntity
  8
FRONT
100
AcDbPolyline
 90
2
 70
0
 10
1087.5
 20
-1310.0
 10
1587.5
 20
-1310.0
  0
LWPOLYLINE
  5
452
330
17
100
AcDbEntity
  8
FRONT
100
AcDbPolyline
 90
2
 70
0
 10
1087.5
 20
-1280.0
 10
1587.5
 20
-1280.0
  0
LWPOLYLINE
  5
453
330
17
100
AcDbEntity
  8
FRONT
100
AcDbPolyline
 90
2
 70
0
 10
1087.5
 20
-1310.0
 10
1087.5
 20
-1280.0
  0
LWPOLYLINE
  5
454
330
17
100
AcDbEntity
  8
FRONT
100
AcDbPolyline
 90
2
 70
0
 10
1087.5
 20
-1310.0
 10
1087.5
 20
-1280.0
  0
LWPOLYLINE
  5
455
330
17
100
AcDbEntity
  8
FRONT
100
AcDbPolyline
 90
2
 70
0
 10
1587.5
 20
-1310.0
 10
1587.5
 20
-1280.0
  0
LWPOLYLINE
  5
456
330
17
100
AcDbEntity
  8
FRONT
100
AcDbPolyline
 90
2
 70
0
 10
1587.5
 20
-1310.0
 10
1587.5
 20
-1280.0
  0
LWPOLYLINE
  5
457
330
17
100
AcDbEntity
  8
FRONT
100
AcDbPolyline
 90
2
 70
0
 10
1087.5
 20
-1310.0
 10
1587.5
 20
-1310.0
  0
LWPOLYLINE
  5
458
330
17
100
AcDbEntity
  8
FRONT
100
AcDbPolyline
 90
2
 70
0
 10
1087.5
 20
-1280.0
 10
1587.5
 20
-1280.0
  0
LWPOLYLINE
  5
459
330
17
100
AcDbEntity
  8
FRONT
100
AcDbPolyline
 90
2
 70
0
 10
1087.5
 20
-1310.0
 10
1587.5
 20
-1310.0
  0
LWPOLYLINE
  5
45A
330
17
100
AcDbEntity
  8
FRONT
100
AcDbPolyline
 90
2
 70
0
 10
1087.5
 20
-1280.0
 10
1587.5
 20
-1280.0
  0
LWPOLYLINE
  5
45B
330
17
100
AcDbEntity
  8
FRONT
100
AcDbPolyline
 90
2
 70
0
 10
1003.5
 20
-180.0
 10
1003.5
 20
-155.0
  0
LWPOLYLINE
  5
45C
330
17
100
AcDbEntity
  8
FRONT
100
AcDbPolyline
 90
2
 70
0
 10
1003.5
 20
-180.0
 10
1003.5
 20
-155.0
  0
LWPOLYLINE
  5
45D
330
17
100
AcDbEntity
  8
FRONT
100
AcDbPolyline
 90
2
 70
0
 10
1671.5
 20
-180.0
 10
1671.5
 20
-155.0
  0
LWPOLYLINE
  5
45E
330
17
100
AcDbEntity
  8
FRONT
100
AcDbPolyline
 90
2
 70
0
 10
1671.5
 20
-180.0
 10
1671.5
 20
-155.0
  0
LWPOLYLINE
  5
45F
330
17
100
AcDbEntity
  8
FRONT
100
AcDbPolyline
 90
2
 70
0
 10
1003.5
 20
-180.0
 10
1671.5
 20
-180.0
  0
LWPOLYLINE
  5
460
330
17
100
AcDbEntity
  8
FRONT
100
AcDbPolyline
 90
2
 70
0
 10
1003.5
 20
-155.0
 10
1671.5
 20
-155.0
  0
LWPOLYLINE
  5
461
330
17
100
AcDbEntity
  8
FRONT
100
AcDbPolyline
 90
2
 70
0
 10
1003.5
 20
-180.0
 10
1671.5
 20
-180.0
  0
LWPOLYLINE
  5
462
330
17
100
AcDbEntity
  8
FRONT
100
AcDbPolyline
 90
2
 70
0
 10
1003.5
 20
-155.0
 10
1671.5
 20
-155.0
  0
LWPOLYLINE
  5
463
330
17
100
AcDbEntity
  8
FRONT
100
AcDbPolyline
 90
2
 70
0
 10
1292.5
 20
-215.0
 10
1292.5
 20
-195.0
  0
LWPOLYLINE
  5
464
330
17
100
AcDbEntity
  8
FRONT
100
AcDbPolyline
 90
2
 70
0
 10
1292.5
 20
-215.0
 10
1292.5
 20
-195.0
  0
LWPOLYLINE
  5
465
330
17
100
AcDbEntity
  8
FRONT
100
AcDbPolyline
 90
2
 70
0
 10
1382.5
 20
-215.0
 10
1382.5
 20
-195.0
  0
LWPOLYLINE
  5
466
330
17
100
AcDbEntity
  8
FRONT
100
AcDbPolyline
 90
2
 70
0
 10
1382.5
 20
-215.0
 10
1382.5
 20
-195.0
  0
LWPOLYLINE
  5
467
330
17
100
AcDbEntity
  8
FRONT
100
AcDbPolyline
 90
2
 70
0
 10
1292.5
 20
-215.0
 10
1382.5
 20
-215.0
  0
LWPOLYLINE
  5
468
330
17
100
AcDbEntity
  8
FRONT
100
AcDbPolyline
 90
2
 70
0
 10
1292.5
 20
-195.0
 10
1382.5
 20
-195.0
  0
LWPOLYLINE
  5
469
330
17
100
AcDbEntity
  8
FRONT
100
AcDbPolyline
 90
2
 70
0
 10
1292.5
 20
-215.0
 10
1382.5
 20
-215.0
  0
LWPOLYLINE
  5
46A
330
17
100
AcDbEntity
  8
FRONT
100
AcDbPolyline
 90
2
 70
0
 10
1292.5
 20
-195.0
 10
1382.5
 20
-195.0
  0
LWPOLYLINE
  5
46B
330
17
100
AcDbEntity
  8
FRONT
100
AcDbPolyline
 90
2
 70
0
 10
1047.5
 20
-220.0
 10
1047.5
 20
-180.0
  0
LWPOLYLINE
  5
46C
330
17
100
AcDbEntity
  8
FRONT
100
AcDbPolyline
 90
2
 70
0
 10
1047.5
 20
-220.0
 10
1047.5
 20
-180.0
  0
LWPOLYLINE
  5
46D
330
17
100
AcDbEntity
  8
FRONT
100
AcDbPolyline
 90
2
 70
0
 10
1087.5
 20
-220.0
 10
1087.5
 20
-180.0
  0
LWPOLYLINE
  5
46E
330
17
100
AcDbEntity
  8
FRONT
100
AcDbPolyline
 90
2
 70
0
 10
1087.5
 20
-220.0
 10
1087.5
 20
-180.0
  0
LWPOLYLINE
  5
46F
330
17
100
AcDbEntity
  8
FRONT
100
AcDbPolyline
 90
2
 70
0
 10
1047.5
 20
-220.0
 10
1087.5
 20
-220.0
  0
LWPOLYLINE
  5
470
330
17
100
AcDbEntity
  8
FRONT
100
AcDbPolyline
 90
2
 70
0
 10
1047.5
 20
-180.0
 10
1087.5
 20
-180.0
  0
LWPOLYLINE
  5
471
330
17
100
AcDbEntity
  8
FRONT
100
AcDbPolyline
 90
2
 70
0
 10
1047.5
 20
-220.0
 10
1087.5
 20
-220.0
  0
LWPOLYLINE
  5
472
330
17
100
AcDbEntity
  8
FRONT
100
AcDbPolyline
 90
2
 70
0
 10
1047.5
 20
-180.0
 10
1087.5
 20
-180.0
  0
LWPOLYLINE
  5
473
330
17
100
AcDbEntity
  8
FRONT
100
AcDbPolyline
 90
2
 70
0
 10
1047.5
 20
-220.0
 10
1047.5
 20
-180.0
  0
LWPOLYLINE
  5
474
330
17
100
AcDbEntity
  8
FRONT
100
AcDbPolyline
 90
2
 70
0
 10
1047.5
 20
-220.0
 10
1047.5
 20
-180.0
  0
LWPOLYLINE
  5
475
330
17
100
AcDbEntity
  8
FRONT
100
AcDbPolyline
 90
2
 70
0
 10
1087.5
 20
-220.0
 10
1087.5
 20
-180.0
  0
LWPOLYLINE
  5
476
330
17
100
AcDbEntity
  8
FRONT
100
AcDbPolyline
 90
2
 70
0
 10
1087.5
 20
-220.0
 10
1087.5
 20
-180.0
  0
LWPOLYLINE
  5
477
330
17
100
AcDbEntity
  8
FRONT
100
AcDbPolyline
 90
2
 70
0
 10
1047.5
 20
-220.0
 10
1087.5
 20
-220.0
  0
LWPOLYLINE
  5
478
330
17
100
AcDbEntity
  8
FRONT
100
AcDbPolyline
 90
2
 70
0
 10
1047.5
 20
-180.0
 10
1087.5
 20
-180.0
  0
LWPOLYLINE
  5
479
330
17
100
AcDbEntity
  8
FRONT
100
AcDbPolyline
 90
2
 70
0
 10
1047.5
 20
-220.0
 10
1087.5
 20
-220.0
  0
LWPOLYLINE
  5
47A
330
17
100
AcDbEntity
  8
FRONT
100
AcDbPolyline
 90
2
 70
0
 10
1047.5
 20
-180.0
 10
1087.5
 20
-180.0
  0
LWPOLYLINE
  5
47B
330
17
100
AcDbEntity
  8
FRONT
100
AcDbPolyline
 90
2
 70
0
 10
1587.5
 20
-220.0
 10
1587.5
 20
-180.0
  0
LWPOLYLINE
  5
47C
330
17
100
AcDbEntity
  8
FRONT
100
AcDbPolyline
 90
2
 70
0
 10
1587.5
 20
-220.0
 10
1587.5
 20
-180.0
  0
LWPOLYLINE
  5
47D
330
17
100
AcDbEntity
  8
FRONT
100
AcDbPolyline
 90
2
 70
0
 10
1627.5
 20
-220.0
 10
1627.5
 20
-180.0
  0
LWPOLYLINE
  5
47E
330
17
100
AcDbEntity
  8
FRONT
100
AcDbPolyline
 90
2
 70
0
 10
1627.5
 20
-220.0
 10
1627.5
 20
-180.0
  0
LWPOLYLINE
  5
47F
330
17
100
AcDbEntity
  8
FRONT
100
AcDbPolyline
 90
2
 70
0
 10
1587.5
 20
-220.0
 10
1627.5
 20
-220.0
  0
LWPOLYLINE
  5
480
330
17
100
AcDbEntity
  8
FRONT
100
AcDbPolyline
 90
2
 70
0
 10
1587.5
 20
-180.0
 10
1627.5
 20
-180.0
  0
LWPOLYLINE
  5
481
330
17
100
AcDbEntity
  8
FRONT
100
AcDbPolyline
 90
2
 70
0
 10
1587.5
 20
-220.0
 10
1627.5
 20
-220.0
  0
LWPOLYLINE
  5
482
330
17
100
AcDbEntity
  8
FRONT
100
AcDbPolyline
 90
2
 70
0
 10
1587.5
 20
-180.0
 10
1627.5
 20
-180.0
  0
LWPOLYLINE
  5
483
330
17
100
AcDbEntity
  8
FRONT
100
AcDbPolyline
 90
2
 70
0
 10
1587.5
 20
-220.0
 10
1587.5
 20
-180.0
  0
LWPOLYLINE
  5
484
330
17
100
AcDbEntity
  8
FRONT
100
AcDbPolyline
 90
2
 70
0
 10
1587.5
 20
-220.0
 10
1587.5
 20
-180.0
  0
LWPOLYLINE
  5
485
330
17
100
AcDbEntity
  8
FRONT
100
AcDbPolyline
 90
2
 70
0
 10
1627.5
 20
-220.0
 10
1627.5
 20
-180.0
  0
LWPOLYLINE
  5
486
330
17
100
AcDbEntity
  8
FRONT
100
AcDbPolyline
 90
2
 70
0
 10
1627.5
 20
-220.0
 10
1627.5
 20
-180.0
  0
LWPOLYLINE
  5
487
330
17
100
AcDbEntity
  8
FRONT
100
AcDbPolyline
 90
2
 70
0
 10
1587.5
 20
-220.0
 10
1627.5
 20
-220.0
  0
LWPOLYLINE
  5
488
330
17
100
AcDbEntity
  8
FRONT
100
AcDbPolyline
 90
2
 70
0
 10
1587.5
 20
-180.0
 10
1627.5
 20
-180.0
  0
LWPOLYLINE
  5
489
330
17
100
AcDbEntity
  8
FRONT
100
AcDbPolyline
 90
2
 70
0
 10
1587.5
 20
-220.0
 10
1627.5
 20
-220.0
  0
LWPOLYLINE
  5
48A
330
17
100
AcDbEntity
  8
FRONT
100
AcDbPolyline
 90
2
 70
0
 10
1587.5
 20
-180.0
 10
1627.5
 20
-180.0
  0
LWPOLYLINE
  5
48B
330
17
100
AcDbEntity
  8
FRONT
100
AcDbPolyline
 90
2
 70
0
 10
992.5
 20
-190.0
 10
992.5
 20
-155.0
  0
LWPOLYLINE
  5
48C
330
17
100
AcDbEntity
  8
FRONT
100
AcDbPolyline
 90
2
 70
0
 10
992.5
 20
-190.0
 10
992.5
 20
-155.0
  0
LWPOLYLINE
  5
48D
330
17
100
AcDbEntity
  8
FRONT
100
AcDbPolyline
 90
2
 70
0
 10
992.5
 20
-190.0
 10
1000.5
 20
-190.0
  0
LWPOLYLINE
  5
48E
330
17
100
AcDbEntity
  8
FRONT
100
AcDbPolyline
 90
2
 70
0
 10
992.5
 20
-155.0
 10
996.5
 20
-155.0
  0
LWPOLYLINE
  5
48F
330
17
100
AcDbEntity
  8
FRONT
100
AcDbPolyline
 90
2
 70
0
 10
996.5
 20
-155.0
 10
996.5
 20
-150.0
  0
LWPOLYLINE
  5
490
330
17
100
AcDbEntity
  8
FRONT
100
AcDbPolyline
 90
2
 70
0
 10
996.5
 20
-150.0
 10
1016.5
 20
-150.0
  0
LWPOLYLINE
  5
491
330
17
100
AcDbEntity
  8
FRONT
100
AcDbPolyline
 90
2
 70
0
 10
1016.5
 20
-155.0
 10
1016.5
 20
-150.0
  0
LWPOLYLINE
  5
492
330
17
100
AcDbEntity
  8
FRONT
100
AcDbPolyline
 90
2
 70
0
 10
1000.5
 20
-155.0
 10
1016.5
 20
-155.0
  0
LWPOLYLINE
  5
493
330
17
100
AcDbEntity
  8
FRONT
100
AcDbPolyline
 90
2
 70
0
 10
1000.5
 20
-190.0
 10
1000.5
 20
-155.0
  0
LWPOLYLINE
  5
494
330
17
100
AcDbEntity
  8
FRONT
100
AcDbPolyline
 90
2
 70
0
 10
992.5
 20
-155.0
 10
996.5
 20
-155.0
  0
LWPOLYLINE
  5
495
330
17
100
AcDbEntity
  8
FRONT
100
AcDbPolyline
 90
2
 70
0
 10
992.5
 20
-190.0
 10
1000.5
 20
-190.0
  0
LWPOLYLINE
  5
496
330
17
100
AcDbEntity
  8
FRONT
100
AcDbPolyline
 90
2
 70
0
 10
996.5
 20
-155.0
 10
996.5
 20
-150.0
  0
LWPOLYLINE
  5
497
330
17
100
AcDbEntity
  8
FRONT
100
AcDbPolyline
 90
2
 70
0
 10
996.5
 20
-150.0
 10
1016.5
 20
-150.0
  0
LWPOLYLINE
  5
498
330
17
100
AcDbEntity
  8
FRONT
100
AcDbPolyline
 90
2
 70
0
 10
1016.5
 20
-155.0
 10
1016.5
 20
-150.0
  0
LWPOLYLINE
  5
499
330
17
100
AcDbEntity
  8
FRONT
100
AcDbPolyline
 90
2
 70
0
 10
1000.5
 20
-155.0
 10
1016.5
 20
-155.0
  0
LWPOLYLINE
  5
49A
330
17
100
AcDbEntity
  8
FRONT
100
AcDbPolyline
 90
2
 70
0
 10
1000.5
 20
-190.0
 10
1000.5
 20
-155.0
  0
LWPOLYLINE
  5
49B
330
17
100
AcDbEntity
  8
FRONT
100
AcDbPolyline
 90
2
 70
0
 10
1674.5
 20
-190.0
 10
1674.5
 20
-155.0
  0
LWPOLYLINE
  5
49C
330
17
100
AcDbEntity
  8
FRONT
100
AcDbPolyline
 90
2
 70
0
 10
1674.5
 20
-190.0
 10
1674.5
 20
-155.0
  0
LWPOLYLINE
  5
49D
330
17
100
AcDbEntity
  8
FRONT
100
AcDbPolyline
 90
2
 70
0
 10
1674.5
 20
-190.0
 10
1682.5
 20
-190.0
  0
LWPOLYLINE
  5
49E
330
17
100
AcDbEntity
  8
FRONT
100
AcDbPolyline
 90
2
 70
0
 10
1658.5
 20
-155.0
 10
1674.5
 20
-155.0
  0
LWPOLYLINE
  5
49F
330
17
100
AcDbEntity
  8
FRONT
100
AcDbPolyline
 90
2
 70
0
 10
1658.5
 20
-155.0
 10
1658.5
 20
-150.0
  0
LWPOLYLINE
  5
4A0
330
17
100
AcDbEntity
  8
FRONT
100
AcDbPolyline
 90
2
 70
0
 10
1658.5
 20
-150.0
 10
1678.5
 20
-150.0
  0
LWPOLYLINE
  5
4A1
330
17
100
AcDbEntity
  8
FRONT
100
AcDbPolyline
 90
2
 70
0
 10
1678.5
 20
-155.0
 10
1678.5
 20
-150.0
  0
LWPOLYLINE
  5
4A2
330
17
100
AcDbEntity
  8
FRONT
100
AcDbPolyline
 90
2
 70
0
 10
1678.5
 20
-155.0
 10
1682.5
 20
-155.0
  0
LWPOLYLINE
  5
4A3
330
17
100
AcDbEntity
  8
FRONT
100
AcDbPolyline
 90
2
 70
0
 10
1682.5
 20
-190.0
 10
1682.5
 20
-155.0
  0
LWPOLYLINE
  5
4A4
330
17
100
AcDbEntity
  8
FRONT
100
AcDbPolyline
 90
2
 70
0
 10
1658.5
 20
-155.0
 10
1674.5
 20
-155.0
  0
LWPOLYLINE
  5
4A5
330
17
100
AcDbEntity
  8
FRONT
100
AcDbPolyline
 90
2
 70
0
 10
1674.5
 20
-190.0
 10
1682.5
 20
-190.0
  0
LWPOLYLINE
  5
4A6
330
17
100
AcDbEntity
  8
FRONT
100
AcDbPolyline
 90
2
 70
0
 10
1658.5
 20
-155.0
 10
1658.5
 20
-150.0
  0
LWPOLYLINE
  5
4A7
330
17
100
AcDbEntity
  8
FRONT
100
AcDbPolyline
 90
2
 70
0
 10
1658.5
 20
-150.0
 10
1678.5
 20
-150.0
  0
LWPOLYLINE
  5
4A8
330
17
100
AcDbEntity
  8
FRONT
100
AcDbPolyline
 90
2
 70
0
 10
1678.5
 20
-155.0
 10
1678.5
 20
-150.0
  0
LWPOLYLINE
  5
4A9
330
17
100
AcDbEntity
  8
FRONT
100
AcDbPolyline
 90
2
 70
0
 10
1678.5
 20
-155.0
 10
1682.5
 20
-155.0
  0
LWPOLYLINE
  5
4AA
330
17
100
AcDbEntity
  8
FRONT
100
AcDbPolyline
 90
2
 70
0
 10
1682.5
 20
-190.0
 10
1682.5
 20
-155.0
  0
LWPOLYLINE
  5
4AB
330
17
100
AcDbEntity
  8
FRONT
100
AcDbPolyline
 90
2
 70
0
 10
1003.5
 20
-180.0
 10
1003.5
 20
-155.0
  0
LWPOLYLINE
  5
4AC
330
17
100
AcDbEntity
  8
FRONT
100
AcDbPolyline
 90
2
 70
0
 10
1003.5
 20
-180.0
 10
1003.5
 20
-155.0
  0
LWPOLYLINE
  5
4AD
330
17
100
AcDbEntity
  8
FRONT
100
AcDbPolyline
 90
2
 70
0
 10
1671.5
 20
-180.0
 10
1671.5
 20
-155.0
  0
LWPOLYLINE
  5
4AE
330
17
100
AcDbEntity
  8
FRONT
100
AcDbPolyline
 90
2
 70
0
 10
1671.5
 20
-180.0
 10
1671.5
 20
-155.0
  0
LWPOLYLINE
  5
4AF
330
17
100
AcDbEntity
  8
FRONT
100
AcDbPolyline
 90
2
 70
0
 10
1003.5
 20
-180.0
 10
1671.5
 20
-180.0
  0
LWPOLYLINE
  5
4B0
330
17
100
AcDbEntity
  8
FRONT
100
AcDbPolyline
 90
2
 70
0
 10
1003.5
 20
-155.0
 10
1671.5
 20
-155.0
  0
LWPOLYLINE
  5
4B1
330
17
100
AcDbEntity
  8
FRONT
100
AcDbPolyline
 90
2
 70
0
 10
1003.5
 20
-180.0
 10
1671.5
 20
-180.0
  0
LWPOLYLINE
  5
4B2
330
17
100
AcDbEntity
  8
FRONT
100
AcDbPolyline
 90
2
 70
0
 10
1003.5
 20
-155.0
 10
1671.5
 20
-155.0
  0
LWPOLYLINE
  5
4B3
330
17
100
AcDbEntity
  8
FRONT
100
AcDbPolyline
 90
2
 70
0
 10
1292.5
 20
-215.0
 10
1292.5
 20
-195.0
  0
LWPOLYLINE
  5
4B4
330
17
100
AcDbEntity
  8
FRONT
100
AcDbPolyline
 90
2
 70
0
 10
1292.5
 20
-215.0
 10
1292.5
 20
-195.0
  0
LWPOLYLINE
  5
4B5
330
17
100
AcDbEntity
  8
FRONT
100
AcDbPolyline
 90
2
 70
0
 10
1382.5
 20
-215.0
 10
1382.5
 20
-195.0
  0
LWPOLYLINE
  5
4B6
330
17
100
AcDbEntity
  8
FRONT
100
AcDbPolyline
 90
2
 70
0
 10
1382.5
 20
-215.0
 10
1382.5
 20
-195.0
  0
LWPOLYLINE
  5
4B7
330
17
100
AcDbEntity
  8
FRONT
100
AcDbPolyline
 90
2
 70
0
 10
1292.5
 20
-215.0
 10
1382.5
 20
-215.0
  0
LWPOLYLINE
  5
4B8
330
17
100
AcDbEntity
  8
FRONT
100
AcDbPolyline
 90
2
 70
0
 10
1292.5
 20
-195.0
 10
1382.5
 20
-195.0
  0
LWPOLYLINE
  5
4B9
330
17
100
AcDbEntity
  8
FRONT
100
AcDbPolyline
 90
2
 70
0
 10
1292.5
 20
-215.0
 10
1382.5
 20
-215.0
  0
LWPOLYLINE
  5
4BA
330
17
100
AcDbEntity
  8
FRONT
100
AcDbPolyline
 90
2
 70
0
 10
1292.5
 20
-195.0
 10
1382.5
 20
-195.0
  0
LWPOLYLINE
  5
4BB
330
17
100
AcDbEntity
  8
FRONT
100
AcDbPolyline
 90
2
 70
0
 10
1047.5
 20
-220.0
 10
1047.5
 20
-180.0
  0
LWPOLYLINE
  5
4BC
330
17
100
AcDbEntity
  8
FRONT
100
AcDbPolyline
 90
2
 70
0
 10
1047.5
 20
-220.0
 10
1047.5
 20
-180.0
  0
LWPOLYLINE
  5
4BD
330
17
100
AcDbEntity
  8
FRONT
100
AcDbPolyline
 90
2
 70
0
 10
1087.5
 20
-220.0
 10
1087.5
 20
-180.0
  0
LWPOLYLINE
  5
4BE
330
17
100
AcDbEntity
  8
FRONT
100
AcDbPolyline
 90
2
 70
0
 10
1087.5
 20
-220.0
 10
1087.5
 20
-180.0
  0
LWPOLYLINE
  5
4BF
330
17
100
AcDbEntity
  8
FRONT
100
AcDbPolyline
 90
2
 70
0
 10
1047.5
 20
-220.0
 10
1087.5
 20
-220.0
  0
LWPOLYLINE
  5
4C0
330
17
100
AcDbEntity
  8
FRONT
100
AcDbPolyline
 90
2
 70
0
 10
1047.5
 20
-180.0
 10
1087.5
 20
-180.0
  0
LWPOLYLINE
  5
4C1
330
17
100
AcDbEntity
  8
FRONT
100
AcDbPolyline
 90
2
 70
0
 10
1047.5
 20
-220.0
 10
1087.5
 20
-220.0
  0
LWPOLYLINE
  5
4C2
330
17
100
AcDbEntity
  8
FRONT
100
AcDbPolyline
 90
2
 70
0
 10
1047.5
 20
-180.0
 10
1087.5
 20
-180.0
  0
LWPOLYLINE
  5
4C3
330
17
100
AcDbEntity
  8
FRONT
100
AcDbPolyline
 90
2
 70
0
 10
1047.5
 20
-220.0
 10
1047.5
 20
-180.0
  0
LWPOLYLINE
  5
4C4
330
17
100
AcDbEntity
  8
FRONT
100
AcDbPolyline
 90
2
 70
0
 10
1047.5
 20
-220.0
 10
1047.5
 20
-180.0
  0
LWPOLYLINE
  5
4C5
330
17
100
AcDbEntity
  8
FRONT
100
AcDbPolyline
 90
2
 70
0
 10
1087.5
 20
-220.0
 10
1087.5
 20
-180.0
  0
LWPOLYLINE
  5
4C6
330
17
100
AcDbEntity
  8
FRONT
100
AcDbPolyline
 90
2
 70
0
 10
1087.5
 20
-220.0
 10
1087.5
 20
-180.0
  0
LWPOLYLINE
  5
4C7
330
17
100
AcDbEntity
  8
FRONT
100
AcDbPolyline
 90
2
 70
0
 10
1047.5
 20
-220.0
 10
1087.5
 20
-220.0
  0
LWPOLYLINE
  5
4C8
330
17
100
AcDbEntity
  8
FRONT
100
AcDbPolyline
 90
2
 70
0
 10
1047.5
 20
-180.0
 10
1087.5
 20
-180.0
  0
LWPOLYLINE
  5
4C9
330
17
100
AcDbEntity
  8
FRONT
100
AcDbPolyline
 90
2
 70
0
 10
1047.5
 20
-220.0
 10
1087.5
 20
-220.0
  0
LWPOLYLINE
  5
4CA
330
17
100
AcDbEntity
  8
FRONT
100
AcDbPolyline
 90
2
 70
0
 10
1047.5
 20
-180.0
 10
1087.5
 20
-180.0
  0
LWPOLYLINE
  5
4CB
330
17
100
AcDbEntity
  8
FRONT
100
AcDbPolyline
 90
2
 70
0
 10
1587.5
 20
-220.0
 10
1587.5
 20
-180.0
  0
LWPOLYLINE
  5
4CC
330
17
100
AcDbEntity
  8
FRONT
100
AcDbPolyline
 90
2
 70
0
 10
1587.5
 20
-220.0
 10
1587.5
 20
-180.0
  0
LWPOLYLINE
  5
4CD
330
17
100
AcDbEntity
  8
FRONT
100
AcDbPolyline
 90
2
 70
0
 10
1627.5
 20
-220.0
 10
1627.5
 20
-180.0
  0
LWPOLYLINE
  5
4CE
330
17
100
AcDbEntity
  8
FRONT
100
AcDbPolyline
 90
2
 70
0
 10
1627.5
 20
-220.0
 10
1627.5
 20
-180.0
  0
LWPOLYLINE
  5
4CF
330
17
100
AcDbEntity
  8
FRONT
100
AcDbPolyline
 90
2
 70
0
 10
1587.5
 20
-220.0
 10
1627.5
 20
-220.0
  0
LWPOLYLINE
  5
4D0
330
17
100
AcDbEntity
  8
FRONT
100
AcDbPolyline
 90
2
 70
0
 10
1587.5
 20
-180.0
 10
1627.5
 20
-180.0
  0
LWPOLYLINE
  5
4D1
330
17
100
AcDbEntity
  8
FRONT
100
AcDbPolyline
 90
2
 70
0
 10
1587.5
 20
-220.0
 10
1627.5
 20
-220.0
  0
LWPOLYLINE
  5
4D2
330
17
100
AcDbEntity
  8
FRONT
100
AcDbPolyline
 90
2
 70
0
 10
1587.5
 20
-180.0
 10
1627.5
 20
-180.0
  0
LWPOLYLINE
  5
4D3
330
17
100
AcDbEntity
  8
FRONT
100
AcDbPolyline
 90
2
 70
0
 10
1587.5
 20
-220.0
 10
1587.5
 20
-180.0
  0
LWPOLYLINE
  5
4D4
330
17
100
AcDbEntity
  8
FRONT
100
AcDbPolyline
 90
2
 70
0
 10
1587.5
 20
-220.0
 10
1587.5
 20
-180.0
  0
LWPOLYLINE
  5
4D5
330
17
100
AcDbEntity
  8
FRONT
100
AcDbPolyline
 90
2
 70
0
 10
1627.5
 20
-220.0
 10
1627.5
 20
-180.0
  0
LWPOLYLINE
  5
4D6
330
17
100
AcDbEntity
  8
FRONT
100
AcDbPolyline
 90
2
 70
0
 10
1627.5
 20
-220.0
 10
1627.5
 20
-180.0
  0
LWPOLYLINE
  5
4D7
330
17
100
AcDbEntity
  8
FRONT
100
AcDbPolyline
 90
2
 70
0
 10
1587.5
 20
-220.0
 10
1627.5
 20
-220.0
  0
LWPOLYLINE
  5
4D8
330
17
100
AcDbEntity
  8
FRONT
100
AcDbPolyline
 90
2
 70
0
 10
1587.5
 20
-180.0
 10
1627.5
 20
-180.0
  0
LWPOLYLINE
  5
4D9
330
17
100
AcDbEntity
  8
FRONT
100
AcDbPolyline
 90
2
 70
0
 10
1587.5
 20
-220.0
 10
1627.5
 20
-220.0
  0
LWPOLYLINE
  5
4DA
330
17
100
AcDbEntity
  8
FRONT
100
AcDbPolyline
 90
2
 70
0
 10
1587.5
 20
-180.0
 10
1627.5
 20
-180.0
  0
LWPOLYLINE
  5
4DB
330
17
100
AcDbEntity
  8
FRONT
100
AcDbPolyline
 90
2
 70
0
 10
992.5
 20
-190.0
 10
992.5
 20
-155.0
  0
LWPOLYLINE
  5
4DC
330
17
100
AcDbEntity
  8
FRONT
100
AcDbPolyline
 90
2
 70
0
 10
992.5
 20
-190.0
 10
992.5
 20
-155.0
  0
LWPOLYLINE
  5
4DD
330
17
100
AcDbEntity
  8
FRONT
100
AcDbPolyline
 90
2
 70
0
 10
992.5
 20
-190.0
 10
1000.5
 20
-190.0
  0
LWPOLYLINE
  5
4DE
330
17
100
AcDbEntity
  8
FRONT
100
AcDbPolyline
 90
2
 70
0
 10
992.5
 20
-155.0
 10
996.5
 20
-155.0
  0
LWPOLYLINE
  5
4DF
330
17
100
AcDbEntity
  8
FRONT
100
AcDbPolyline
 90
2
 70
0
 10
996.5
 20
-155.0
 10
996.5
 20
-150.0
  0
LWPOLYLINE
  5
4E0
330
17
100
AcDbEntity
  8
FRONT
100
AcDbPolyline
 90
2
 70
0
 10
996.5
 20
-150.0
 10
1016.5
 20
-150.0
  0
LWPOLYLINE
  5
4E1
330
17
100
AcDbEntity
  8
FRONT
100
AcDbPolyline
 90
2
 70
0
 10
1016.5
 20
-155.0
 10
1016.5
 20
-150.0
  0
LWPOLYLINE
  5
4E2
330
17
100
AcDbEntity
  8
FRONT
100
AcDbPolyline
 90
2
 70
0
 10
1000.5
 20
-155.0
 10
1016.5
 20
-155.0
  0
LWPOLYLINE
  5
4E3
330
17
100
AcDbEntity
  8
FRONT
100
AcDbPolyline
 90
2
 70
0
 10
1000.5
 20
-190.0
 10
1000.5
 20
-155.0
  0
LWPOLYLINE
  5
4E4
330
17
100
AcDbEntity
  8
FRONT
100
AcDbPolyline
 90
2
 70
0
 10
992.5
 20
-155.0
 10
996.5
 20
-155.0
  0
LWPOLYLINE
  5
4E5
330
17
100
AcDbEntity
  8
FRONT
100
AcDbPolyline
 90
2
 70
0
 10
992.5
 20
-190.0
 10
1000.5
 20
-190.0
  0
LWPOLYLINE
  5
4E6
330
17
100
AcDbEntity
  8
FRONT
100
AcDbPolyline
 90
2
 70
0
 10
996.5
 20
-155.0
 10
996.5
 20
-150.0
  0
LWPOLYLINE
  5
4E7
330
17
100
AcDbEntity
  8
FRONT
100
AcDbPolyline
 90
2
 70
0
 10
996.5
 20
-150.0
 10
1016.5
 20
-150.0
  0
LWPOLYLINE
  5
4E8
330
17
100
AcDbEntity
  8
FRONT
100
AcDbPolyline
 90
2
 70
0
 10
1016.5
 20
-155.0
 10
1016.5
 20
-150.0
  0
LWPOLYLINE
  5
4E9
330
17
100
AcDbEntity
  8
FRONT
100
AcDbPolyline
 90
2
 70
0
 10
1000.5
 20
-155.0
 10
1016.5
 20
-155.0
  0
LWPOLYLINE
  5
4EA
330
17
100
AcDbEntity
  8
FRONT
100
AcDbPolyline
 90
2
 70
0
 10
1000.5
 20
-190.0
 10
1000.5
 20
-155.0
  0
LWPOLYLINE
  5
4EB
330
17
100
AcDbEntity
  8
FRONT
100
AcDbPolyline
 90
2
 70
0
 10
1674.5
 20
-190.0
 10
1674.5
 20
-155.0
  0
LWPOLYLINE
  5
4EC
330
17
100
AcDbEntity
  8
FRONT
100
AcDbPolyline
 90
2
 70
0
 10
1674.5
 20
-190.0
 10
1674.5
 20
-155.0
  0
LWPOLYLINE
  5
4ED
330
17
100
AcDbEntity
  8
FRONT
100
AcDbPolyline
 90
2
 70
0
 10
1674.5
 20
-190.0
 10
1682.5
 20
-190.0
  0
LWPOLYLINE
  5
4EE
330
17
100
AcDbEntity
  8
FRONT
100
AcDbPolyline
 90
2
 70
0
 10
1658.5
 20
-155.0
 10
1674.5
 20
-155.0
  0
LWPOLYLINE
  5
4EF
330
17
100
AcDbEntity
  8
FRONT
100
AcDbPolyline
 90
2
 70
0
 10
1658.5
 20
-155.0
 10
1658.5
 20
-150.0
  0
LWPOLYLINE
  5
4F0
330
17
100
AcDbEntity
  8
FRONT
100
AcDbPolyline
 90
2
 70
0
 10
1658.5
 20
-150.0
 10
1678.5
 20
-150.0
  0
LWPOLYLINE
  5
4F1
330
17
100
AcDbEntity
  8
FRONT
100
AcDbPolyline
 90
2
 70
0
 10
1678.5
 20
-155.0
 10
1678.5
 20
-150.0
  0
LWPOLYLINE
  5
4F2
330
17
100
AcDbEntity
  8
FRONT
100
AcDbPolyline
 90
2
 70
0
 10
1678.5
 20
-155.0
 10
1682.5
 20
-155.0
  0
LWPOLYLINE
  5
4F3
330
17
100
AcDbEntity
  8
FRONT
100
AcDbPolyline
 90
2
 70
0
 10
1682.5
 20
-190.0
 10
1682.5
 20
-155.0
  0
LWPOLYLINE
  5
4F4
330
17
100
AcDbEntity
  8
FRONT
100
AcDbPolyline
 90
2
 70
0
 10
1658.5
 20
-155.0
 10
1674.5
 20
-155.0
  0
LWPOLYLINE
  5
4F5
330
17
100
AcDbEntity
  8
FRONT
100
AcDbPolyline
 90
2
 70
0
 10
1674.5
 20
-190.0
 10
1682.5
 20
-190.0
  0
LWPOLYLINE
  5
4F6
330
17
100
AcDbEntity
  8
FRONT
100
AcDbPolyline
 90
2
 70
0
 10
1658.5
 20
-155.0
 10
1658.5
 20
-150.0
  0
LWPOLYLINE
  5
4F7
330
17
100
AcDbEntity
  8
FRONT
100
AcDbPolyline
 90
2
 70
0
 10
1658.5
 20
-150.0
 10
1678.5
 20
-150.0
  0
LWPOLYLINE
  5
4F8
330
17
100
AcDbEntity
  8
FRONT
100
AcDbPolyline
 90
2
 70
0
 10
1678.5
 20
-155.0
 10
1678.5
 20
-150.0
  0
LWPOLYLINE
  5
4F9
330
17
100
AcDbEntity
  8
FRONT
100
AcDbPolyline
 90
2
 70
0
 10
1678.5
 20
-155.0
 10
1682.5
 20
-155.0
  0
LWPOLYLINE
  5
4FA
330
17
100
AcDbEntity
  8
FRONT
100
AcDbPolyline
 90
2
 70
0
 10
1682.5
 20
-190.0
 10
1682.5
 20
-155.0
  0
LWPOLYLINE
  5
4FB
330
17
100
AcDbEntity
  8
FRONT
100
AcDbPolyline
 90
16
 70
0
 10
1311.5
 20
-200.0
 10
1311.1541818305705
 20
-201.62694657230327
 10
1310.1765224254355
 20
-202.9725793019095
 10
1308.7360679774997
 20
-203.8042260651805
 10
1307.0818861469293
 20
-203.97808758147312
 10
1305.5
 20
-203.46410161513768
 10
1304.2639320225003
 20
-202.35114100916985
 10
1303.5874095970648
 20
-200.831646763271
 10
1303.5874095970648
 20
-199.168353236729
 10
1304.2639320225003
 20
-197.64885899083015
 10
1305.5
 20
-196.53589838486232
 10
1307.0818861469293
 20
-196.02191241852688
 10
1308.7360679774997
 20
-196.1957739348195
 10
1310.1765224254355
 20
-197.0274206980905
 10
1311.1541818305705
 20
-198.37305342769673
 10
1311.5
 20
-200.0
  0
LWPOLYLINE
  5
4FC
330
17
100
AcDbEntity
  8
FRONT
100
AcDbPolyline
 90
16
 70
0
 10
1311.5
 20
-200.0
 10
1311.1541818305705
 20
-201.62694657230327
 10
1310.1765224254355
 20
-202.9725793019095
 10
1308.7360679774997
 20
-203.8042260651805
 10
1307.0818861469293
 20
-203.97808758147312
 10
1305.5
 20
-203.46410161513768
 10
1304.2639320225003
 20
-202.35114100916985
 10
1303.5874095970648
 20
-200.831646763271
 10
1303.5874095970648
 20
-199.168353236729
 10
1304.2639320225003
 20
-197.64885899083015
 10
1305.5
 20
-196.53589838486232
 10
1307.0818861469293
 20
-196.02191241852688
 10
1308.7360679774997
 20
-196.1957739348195
 10
1310.1765224254355
 20
-197.0274206980905
 10
1311.1541818305705
 20
-198.37305342769673
 10
1311.5
 20
-200.0
  0
LWPOLYLINE
  5
4FD
330
17
100
AcDbEntity
  8
FRONT
100
AcDbPolyline
 90
22
 70
0
 10
1311.5
 20
-200.0
 10
1311.6454025465787
 20
-200.0
 10
1312.0807970362935
 20
-200.0
 10
1312.8037485665452
 20
-200.0
 10
1313.8102140991207
 20
-200.0
 10
1315.0945650705014
 20
-200.0
 10
1316.6496188690742
 20
-200.0
 10
1318.4666790032093
 20
-200.0
 10
1320.5355837355683
 20
-200.0
 10
1322.8447629116624
 20
-200.0
 10
1325.381302664849
 20
-200.0
 10
1328.1310176359123
 20
-200.0
 10
1331.0785303033458
 20
-200.0
 10
1334.2073569806917
 20
-200.0
 10
1337.5
 20
-200.0
 10
1340.938045565887
 20
-200.0
 10
1344.5022667329474
 20
-200.0
 10
1348.172730930633
 20
-200.0
 10
1351.9289114342716
 20
-200.0
 10
1355.749802158839
 20
-200.0
 10
1359.614035133506
 20
-200.0
 10
1363.5
 20
-200.0
  0
LWPOLYLINE
  5
4FE
330
17
100
AcDbEntity
  8
FRONT
100
AcDbPolyline
 90
16
 70
0
 10
1363.5
 20
-200.0
 10
1363.5
 20
-198.37305342769673
 10
1363.5
 20
-197.0274206980905
 10
1363.5
 20
-196.1957739348195
 10
1363.5
 20
-196.02191241852688
 10
1363.5
 20
-196.53589838486232
 10
1363.5
 20
-197.64885899083015
 10
1363.5
 20
-199.168353236729
 10
1363.5
 20
-200.831646763271
 10
1363.5
 20
-202.35114100916985
 10
1363.5
 20
-203.46410161513768
 10
1363.5
 20
-203.97808758147312
 10
1363.5
 20
-203.8042260651805
 10
1363.5
 20
-202.9725793019095
 10
1363.5
 20
-201.62694657230327
 10
1363.5
 20
-200.0
  0
LWPOLYLINE
  5
4FF
330
17
100
AcDbEntity
  8
FRONT
100
AcDbPolyline
 90
2
 70
0
 10
1363.5
 20
-200.0
 10
1447.5
 20
-200.0
  0
LWPOLYLINE
  5
500
330
17
100
AcDbEntity
  8
FRONT
100
AcDbPolyline
 90
16
 70
0
 10
1447.5
 20
-200.0
 10
1447.5
 20
-201.62694657230327
 10
1447.5
 20
-202.9725793019095
 10
1447.5
 20
-203.8042260651805
 10
1447.5
 20
-203.97808758147312
 10
1447.5
 20
-203.46410161513768
 10
1447.5
 20
-202.35114100916985
 10
1447.5
 20
-200.831646763271
 10
1447.5
 20
-199.168353236729
 10
1447.5
 20
-197.64885899083015
 10
1447.5
 20
-196.53589838486232
 10
1447.5
 20
-196.02191241852688
 10
1447.5
 20
-196.1957739348195
 10
1447.5
 20
-197.0274206980905
 10
1447.5
 20
-198.37305342769673
 10
1447.5
 20
-200.0
  0
LWPOLYLINE
  5
501
330
17
100
AcDbEntity
  8
FRONT
100
AcDbPolyline
 90
25
 70
0
 10
1447.5
 20
-200.0
 10
1451.4241877538086
 20
-200.0
 10
1455.3315715332033
 20
-200.0
 10
1459.2054193209678
 20
-200.0
 10
1463.029142706151
 20
-200.0
 10
1466.7863679181896
 20
-200.0
 10
1470.4610059419053
 20
-200.0
 10
1474.03732141314
 20
-200.0
 10
1477.5
 20
-200.0
 10
1480.8342139811762
 20
-200.0
 10
1484.0256857405234
 20
-200.0
 10
1487.0607489060042
 20
-200.0
 10
1489.9264068711927
 20
-200.0
 10
1492.6103884487386
 20
-200.0
 10
1495.101200417474
 20
-200.0
 10
1497.3881767381527
 20
-200.0
 10
1499.4615242270663
 20
-200.0
 10
1501.3123644919613
 20
-200.0
 10
1502.9327719506773
 20
-200.0
 10
1504.3158077697062
 20
-200.0
 10
1505.455549577344
 20
-200.0
 10
1506.3471168241938
 20
-200.0
 10
1506.9866916824285
 20
-200.0
 10
1507.3715353943162
 20
-200.0
 10
1507.5
 20
-200.0
  0
LWPOLYLINE
  5
502
330
17
100
AcDbEntity
  8
FRONT
100
AcDbPolyline
 90
16
 70
0
 10
1507.5
 20
-200.0
 10
1507.1541818305705
 20
-198.37305342769673
 10
1506.1765224254355
 20
-197.0274206980905
 10
1504.7360679774997
 20
-196.1957739348195
 10
1503.0818861469293
 20
-196.02191241852688
 10
1501.5
 20
-196.53589838486232
 10
1500.2639320225003
 20
-197.64885899083015
 10
1499.5874095970648
 20
-199.168353236729
 10
1499.5874095970648
 20
-200.831646763271
 10
1500.2639320225003
 20
-202.35114100916985
 10
1501.5
 20
-203.46410161513768
 10
1503.0818861469293
 20
-203.97808758147312
 10
1504.7360679774997
 20
-203.8042260651805
 10
1506.1765224254355
 20
-202.9725793019095
 10
1507.1541818305705
 20
-201.62694657230327
 10
1507.5
 20
-200.0
  0
LWPOLYLINE
  5
503
330
17
100
AcDbEntity
  8
FRONT
100
AcDbPolyline
 90
16
 70
0
 10
1507.5
 20
-200.0
 10
1507.1541818305705
 20
-201.62694657230327
 10
1506.1765224254355
 20
-202.9725793019095
 10
1504.7360679774997
 20
-203.8042260651805
 10
1503.0818861469293
 20
-203.97808758147312
 10
1501.5
 20
-203.46410161513768
 10
1500.2639320225003
 20
-202.35114100916985
 10
1499.5874095970648
 20
-200.831646763271
 10
1499.5874095970648
 20
-199.168353236729
 10
1500.2639320225003
 20
-197.64885899083015
 10
1501.5
 20
-196.53589838486232
 10
1503.0818861469293
 20
-196.02191241852688
 10
1504.7360679774997
 20
-196.1957739348195
 10
1506.1765224254355
 20
-197.0274206980905
 10
1507.1541818305705
 20
-198.37305342769673
 10
1507.5
 20
-200.0
  0
LWPOLYLINE
  5
504
330
17
100
AcDbEntity
  8
FRONT
100
AcDbPolyline
 90
25
 70
0
 10
1507.5
 20
-200.0
 10
1507.3715353943162
 20
-200.0
 10
1506.9866916824285
 20
-200.0
 10
1506.3471168241938
 20
-200.0
 10
1505.455549577344
 20
-200.0
 10
1504.3158077697062
 20
-200.0
 10
1502.9327719506773
 20
-200.0
 10
1501.3123644919613
 20
-200.0
 10
1499.4615242270663
 20
-200.0
 10
1497.3881767381527
 20
-200.0
 10
1495.101200417474
 20
-200.0
 10
1492.6103884487386
 20
-200.0
 10
1489.9264068711927
 20
-200.0
 10
1487.0607489060042
 20
-200.0
 10
1484.0256857405234
 20
-200.0
 10
1480.8342139811762
 20
-200.0
 10
1477.5
 20
-200.0
 10
1474.03732141314
 20
-200.0
 10
1470.4610059419056
 20
-200.0
 10
1466.7863679181896
 20
-200.0
 10
1463.029142706151
 20
-200.0
 10
1459.2054193209678
 20
-200.0
 10
1455.3315715332033
 20
-200.0
 10
1451.4241877538086
 20
-200.0
 10
1447.5
 20
-200.0
  0
LWPOLYLINE
  5
505
330
17
100
AcDbEntity
  8
FRONT
100
AcDbPolyline
 90
16
 70
0
 10
1447.5
 20
-200.0
 10
1447.5
 20
-198.37305342769673
 10
1447.5
 20
-197.0274206980905
 10
1447.5
 20
-196.1957739348195
 10
1447.5
 20
-196.02191241852688
 10
1447.5
 20
-196.53589838486232
 10
1447.5
 20
-197.64885899083015
 10
1447.5
 20
-199.168353236729
 10
1447.5
 20
-200.831646763271
 10
1447.5
 20
-202.35114100916985
 10
1447.5
 20
-203.46410161513768
 10
1447.5
 20
-203.97808758147312
 10
1447.5
 20
-203.8042260651805
 10
1447.5
 20
-202.9725793019095
 10
1447.5
 20
-201.62694657230327
 10
1447.5
 20
-200.0
  0
LWPOLYLINE
  5
506
330
17
100
AcDbEntity
  8
FRONT
100
AcDbPolyline
 90
2
 70
0
 10
1447.5
 20
-200.0
 10
1363.5
 20
-200.0
  0
LWPOLYLINE
  5
507
330
17
100
AcDbEntity
  8
FRONT
100
AcDbPolyline
 90
16
 70
0
 10
1363.5
 20
-200.0
 10
1363.5
 20
-201.62694657230327
 10
1363.5
 20
-202.9725793019095
 10
1363.5
 20
-203.8042260651805
 10
1363.5
 20
-203.97808758147312
 10
1363.5
 20
-203.46410161513768
 10
1363.5
 20
-202.35114100916985
 10
1363.5
 20
-200.831646763271
 10
1363.5
 20
-199.168353236729
 10
1363.5
 20
-197.64885899083015
 10
1363.5
 20
-196.53589838486232
 10
1363.5
 20
-196.02191241852688
 10
1363.5
 20
-196.1957739348195
 10
1363.5
 20
-197.0274206980905
 10
1363.5
 20
-198.37305342769673
 10
1363.5
 20
-200.0
  0
LWPOLYLINE
  5
508
330
17
100
AcDbEntity
  8
FRONT
100
AcDbPolyline
 90
22
 70
0
 10
1363.5
 20
-200.0
 10
1359.614035133506
 20
-200.0
 10
1355.749802158839
 20
-200.0
 10
1351.9289114342716
 20
-200.0
 10
1348.172730930633
 20
-200.0
 10
1344.5022667329474
 20
-200.0
 10
1340.938045565887
 20
-200.0
 10
1337.5
 20
-200.0
 10
1334.2073569806917
 20
-200.0
 10
1331.0785303033458
 20
-200.0
 10
1328.1310176359123
 20
-200.0
 10
1325.381302664849
 20
-200.0
 10
1322.8447629116624
 20
-200.0
 10
1320.5355837355683
 20
-200.0
 10
1318.4666790032093
 20
-200.0
 10
1316.6496188690742
 20
-200.0
 10
1315.0945650705014
 20
-200.0
 10
1313.8102140991207
 20
-200.0
 10
1312.8037485665452
 20
-200.0
 10
1312.0807970362935
 20
-200.0
 10
1311.6454025465787
 20
-200.0
 10
1311.5
 20
-200.0
  0
LWPOLYLINE
  5
509
330
17
100
AcDbEntity
  8
FRONT
100
AcDbPolyline
 90
16
 70
0
 10
1311.5
 20
-200.0
 10
1311.1541818305705
 20
-198.37305342769673
 10
1310.1765224254355
 20
-197.0274206980905
 10
1308.7360679774997
 20
-196.1957739348195
 10
1307.0818861469293
 20
-196.02191241852688
 10
1305.5
 20
-196.53589838486232
 10
1304.2639320225003
 20
-197.64885899083015
 10
1303.5874095970648
 20
-199.168353236729
 10
1303.5874095970648
 20
-200.831646763271
 10
1304.2639320225003
 20
-202.35114100916985
 10
1305.5
 20
-203.46410161513768
 10
1307.0818861469293
 20
-203.97808758147312
 10
1308.7360679774997
 20
-203.8042260651805
 10
1310.1765224254355
 20
-202.9725793019095
 10
1311.1541818305705
 20
-201.62694657230327
 10
1311.5
 20
-200.0
  0
LWPOLYLINE
  5
50A
330
17
100
AcDbEntity
  8
FRONT
100
AcDbPolyline
 90
16
 70
0
 10
1311.5
 20
-200.0
 10
1311.1541818305705
 20
-201.62694657230327
 10
1310.1765224254355
 20
-202.9725793019095
 10
1308.7360679774997
 20
-203.8042260651805
 10
1307.0818861469293
 20
-203.97808758147312
 10
1305.5
 20
-203.46410161513768
 10
1304.2639320225003
 20
-202.35114100916985
 10
1303.5874095970648
 20
-200.831646763271
 10
1303.5874095970648
 20
-199.168353236729
 10
1304.2639320225003
 20
-197.64885899083015
 10
1305.5
 20
-196.53589838486232
 10
1307.0818861469293
 20
-196.02191241852688
 10
1308.7360679774997
 20
-196.1957739348195
 10
1310.1765224254355
 20
-197.0274206980905
 10
1311.1541818305705
 20
-198.37305342769673
 10
1311.5
 20
-200.0
  0
LWPOLYLINE
  5
50B
330
17
100
AcDbEntity
  8
FRONT
100
AcDbPolyline
 90
16
 70
0
 10
1371.5
 20
-200.0
 10
1371.1541818305705
 20
-201.62694657230327
 10
1370.1765224254355
 20
-202.9725793019095
 10
1368.7360679774997
 20
-203.8042260651805
 10
1367.0818861469293
 20
-203.97808758147312
 10
1365.5
 20
-203.46410161513768
 10
1364.2639320225003
 20
-202.35114100916985
 10
1363.5874095970648
 20
-200.831646763271
 10
1363.5874095970648
 20
-199.168353236729
 10
1364.2639320225003
 20
-197.64885899083015
 10
1365.5
 20
-196.53589838486232
 10
1367.0818861469293
 20
-196.02191241852688
 10
1368.7360679774997
 20
-196.1957739348195
 10
1370.1765224254355
 20
-197.0274206980905
 10
1371.1541818305705
 20
-198.37305342769673
 10
1371.5
 20
-200.0
  0
LWPOLYLINE
  5
50C
330
17
100
AcDbEntity
  8
FRONT
100
AcDbPolyline
 90
16
 70
0
 10
1371.5
 20
-200.0
 10
1371.1541818305705
 20
-201.62694657230327
 10
1370.1765224254355
 20
-202.9725793019095
 10
1368.7360679774997
 20
-203.8042260651805
 10
1367.0818861469293
 20
-203.97808758147312
 10
1365.5
 20
-203.46410161513768
 10
1364.2639320225003
 20
-202.35114100916985
 10
1363.5874095970648
 20
-200.831646763271
 10
1363.5874095970648
 20
-199.168353236729
 10
1364.2639320225003
 20
-197.64885899083015
 10
1365.5
 20
-196.53589838486232
 10
1367.0818861469293
 20
-196.02191241852688
 10
1368.7360679774997
 20
-196.1957739348195
 10
1370.1765224254355
 20
-197.0274206980905
 10
1371.1541818305705
 20
-198.37305342769673
 10
1371.5
 20
-200.0
  0
LWPOLYLINE
  5
50D
330
17
100
AcDbEntity
  8
FRONT
100
AcDbPolyline
 90
23
 70
0
 10
1371.5
 20
-200.0
 10
1371.5
 20
-200.14268158182585
 10
1371.5
 20
-200.56999925466766
 10
1371.5
 20
-201.27977550561513
 10
1371.5
 20
-202.268393477588
 10
1371.5
 20
-203.53081540001335
 10
1371.5
 20
-205.06060826014686
 10
1371.5
 20
-206.84997658423367
 10
1371.5
 20
-208.88980216145387
 10
1371.5
 20
-211.16969050823582
 10
1371.5
 20
-213.6780238361614
 10
1371.5
 20
-216.40202025355325
 10
1371.5
 20
-219.32779889906396
 10
1371.5
 20
-222.44045067536445
 10
1371.5
 20
-225.7241142224866
 10
1371.5
 20
-229.16205674367689
 10
1371.5
 20
-232.73675927189424
 10
1371.5
 20
-236.4300059424504
 10
1371.5
 20
-240.22297681687996
 10
1371.5
 20
-244.09634378503324
 10
1371.5
 20
-248.03036905669592
 10
1371.5
 20
-252.005005740843
 10
1371.5
 20
-256.0
  0
LWPOLYLINE
  5
50E
330
17
100
AcDbEntity
  8
FRONT
100
AcDbPolyline
 90
16
 70
0
 10
1371.5
 20
-256.0
 10
1371.1541818305705
 20
-256.0
 10
1370.1765224254355
 20
-256.0
 10
1368.7360679774997
 20
-256.0
 10
1367.0818861469293
 20
-256.0
 10
1365.5
 20
-256.0
 10
1364.2639320225003
 20
-256.0
 10
1363.5874095970648
 20
-256.0
 10
1363.5874095970648
 20
-256.0
 10
1364.2639320225003
 20
-256.0
 10
1365.5
 20
-256.0
 10
1367.0818861469293
 20
-256.0
 10
1368.7360679774997
 20
-256.0
 10
1370.1765224254355
 20
-256.0
 10
1371.1541818305705
 20
-256.0
 10
1371.5
 20
-256.0
  0
LWPOLYLINE
  5
50F
330
17
100
AcDbEntity
  8
FRONT
100
AcDbPolyline
 90
2
 70
0
 10
1371.5
 20
-256.0
 10
1371.5
 20
-690.0
  0
LWPOLYLINE
  5
510
330
17
100
AcDbEntity
  8
FRONT
100
AcDbPolyline
 90
16
 70
0
 10
1371.5
 20
-690.0
 10
1371.1541818305705
 20
-690.0
 10
1370.1765224254355
 20
-690.0
 10
1368.7360679774997
 20
-690.0
 10
1367.0818861469293
 20
-690.0
 10
1365.5
 20
-690.0
 10
1364.2639320225003
 20
-690.0
 10
1363.5874095970648
 20
-690.0
 10
1363.5874095970648
 20
-690.0
 10
1364.2639320225003
 20
-690.0
 10
1365.5
 20
-690.0
 10
1367.0818861469293
 20
-690.0
 10
1368.7360679774997
 20
-690.0
 10
1370.1765224254355
 20
-690.0
 10
1371.1541818305705
 20
-690.0
 10
1371.5
 20
-690.0
  0
LWPOLYLINE
  5
511
330
17
100
AcDbEntity
  8
FRONT
100
AcDbPolyline
 90
16
 70
0
 10
1371.5
 20
-200.0
 10
1371.1541818305705
 20
-198.37305342769673
 10
1370.1765224254355
 20
-197.0274206980905
 10
1368.7360679774997
 20
-196.1957739348195
 10
1367.0818861469293
 20
-196.02191241852688
 10
1365.5
 20
-196.53589838486232
 10
1364.2639320225003
 20
-197.64885899083015
 10
1363.5874095970648
 20
-199.168353236729
 10
1363.5874095970648
 20
-200.831646763271
 10
1364.2639320225003
 20
-202.35114100916985
 10
1365.5
 20
-203.46410161513768
 10
1367.0818861469293
 20
-203.97808758147312
 10
1368.7360679774997
 20
-203.8042260651805
 10
1370.1765224254355
 20
-202.9725793019095
 10
1371.1541818305705
 20
-201.62694657230327
 10
1371.5
 20
-200.0
  0
LWPOLYLINE
  5
512
330
17
100
AcDbEntity
  8
FRONT
100
AcDbPolyline
 90
16
 70
0
 10
1371.5
 20
-200.0
 10
1371.1541818305705
 20
-198.37305342769673
 10
1370.1765224254355
 20
-197.0274206980905
 10
1368.7360679774997
 20
-196.1957739348195
 10
1367.0818861469293
 20
-196.02191241852688
 10
1365.5
 20
-196.53589838486232
 10
1364.2639320225003
 20
-197.64885899083015
 10
1363.5874095970648
 20
-199.168353236729
 10
1363.5874095970648
 20
-200.831646763271
 10
1364.2639320225003
 20
-202.35114100916985
 10
1365.5
 20
-203.46410161513768
 10
1367.0818861469293
 20
-203.97808758147312
 10
1368.7360679774997
 20
-203.8042260651805
 10
1370.1765224254355
 20
-202.9725793019095
 10
1371.1541818305705
 20
-201.62694657230327
 10
1371.5
 20
-200.0
  0
LWPOLYLINE
  5
513
330
17
100
AcDbEntity
  8
FRONT
100
AcDbPolyline
 90
23
 70
0
 10
1371.5
 20
-200.0
 10
1371.5
 20
-200.14268158182585
 10
1371.5
 20
-200.56999925466766
 10
1371.5
 20
-201.27977550561513
 10
1371.5
 20
-202.268393477588
 10
1371.5
 20
-203.53081540001335
 10
1371.5
 20
-205.06060826014686
 10
1371.5
 20
-206.84997658423367
 10
1371.5
 20
-208.88980216145387
 10
1371.5
 20
-211.16969050823582
 10
1371.5
 20
-213.6780238361614
 10
1371.5
 20
-216.40202025355325
 10
1371.5
 20
-219.32779889906396
 10
1371.5
 20
-222.44045067536445
 10
1371.5
 20
-225.7241142224866
 10
1371.5
 20
-229.16205674367689
 10
1371.5
 20
-232.73675927189424
 10
1371.5
 20
-236.4300059424504
 10
1371.5
 20
-240.22297681687996
 10
1371.5
 20
-244.09634378503324
 10
1371.5
 20
-248.03036905669592
 10
1371.5
 20
-252.005005740843
 10
1371.5
 20
-256.0
  0
LWPOLYLINE
  5
514
330
17
100
AcDbEntity
  8
FRONT
100
AcDbPolyline
 90
16
 70
0
 10
1371.5
 20
-256.0
 10
1371.1541818305705
 20
-256.0
 10
1370.1765224254355
 20
-256.0
 10
1368.7360679774997
 20
-256.0
 10
1367.0818861469293
 20
-256.0
 10
1365.5
 20
-256.0
 10
1364.2639320225003
 20
-256.0
 10
1363.5874095970648
 20
-256.0
 10
1363.5874095970648
 20
-256.0
 10
1364.2639320225003
 20
-256.0
 10
1365.5
 20
-256.0
 10
1367.0818861469293
 20
-256.0
 10
1368.7360679774997
 20
-256.0
 10
1370.1765224254355
 20
-256.0
 10
1371.1541818305705
 20
-256.0
 10
1371.5
 20
-256.0
  0
LWPOLYLINE
  5
515
330
17
100
AcDbEntity
  8
FRONT
100
AcDbPolyline
 90
2
 70
0
 10
1371.5
 20
-256.0
 10
1371.5
 20
-690.0
  0
LWPOLYLINE
  5
516
330
17
100
AcDbEntity
  8
FRONT
100
AcDbPolyline
 90
16
 70
0
 10
1371.5
 20
-690.0
 10
1371.1541818305705
 20
-690.0
 10
1370.1765224254355
 20
-690.0
 10
1368.7360679774997
 20
-690.0
 10
1367.0818861469293
 20
-690.0
 10
1365.5
 20
-690.0
 10
1364.2639320225003
 20
-690.0
 10
1363.5874095970648
 20
-690.0
 10
1363.5874095970648
 20
-690.0
 10
1364.2639320225003
 20
-690.0
 10
1365.5
 20
-690.0
 10
1367.0818861469293
 20
-690.0
 10
1368.7360679774997
 20
-690.0
 10
1370.1765224254355
 20
-690.0
 10
1371.1541818305705
 20
-690.0
 10
1371.5
 20
-690.0
  0
LWPOLYLINE
  5
517
330
17
100
AcDbEntity
  8
FRONT
100
AcDbPolyline
 90
2
 70
0
 10
1067.5
 20
-1270.0
 10
1067.5
 20
-1250.0
  0
LWPOLYLINE
  5
518
330
17
100
AcDbEntity
  8
FRONT
100
AcDbPolyline
 90
2
 70
0
 10
1067.5
 20
-1270.0
 10
1067.5
 20
-1250.0
  0
LWPOLYLINE
  5
519
330
17
100
AcDbEntity
  8
FRONT
100
AcDbPolyline
 90
2
 70
0
 10
1087.5
 20
-1270.0
 10
1087.5
 20
-1250.0
  0
LWPOLYLINE
  5
51A
330
17
100
AcDbEntity
  8
FRONT
100
AcDbPolyline
 90
2
 70
0
 10
1087.5
 20
-1270.0
 10
1087.5
 20
-1250.0
  0
LWPOLYLINE
  5
51B
330
17
100
AcDbEntity
  8
FRONT
100
AcDbPolyline
 90
2
 70
0
 10
1067.5
 20
-1270.0
 10
1087.5
 20
-1270.0
  0
LWPOLYLINE
  5
51C
330
17
100
AcDbEntity
  8
FRONT
100
AcDbPolyline
 90
2
 70
0
 10
1067.5
 20
-1250.0
 10
1087.5
 20
-1250.0
  0
LWPOLYLINE
  5
51D
330
17
100
AcDbEntity
  8
FRONT
100
AcDbPolyline
 90
2
 70
0
 10
1067.5
 20
-1270.0
 10
1087.5
 20
-1270.0
  0
LWPOLYLINE
  5
51E
330
17
100
AcDbEntity
  8
FRONT
100
AcDbPolyline
 90
2
 70
0
 10
1067.5
 20
-1250.0
 10
1087.5
 20
-1250.0
  0
LWPOLYLINE
  5
51F
330
17
100
AcDbEntity
  8
FRONT
100
AcDbPolyline
 90
2
 70
0
 10
1587.5
 20
-1270.0
 10
1587.5
 20
-1250.0
  0
LWPOLYLINE
  5
520
330
17
100
AcDbEntity
  8
FRONT
100
AcDbPolyline
 90
2
 70
0
 10
1587.5
 20
-1270.0
 10
1587.5
 20
-1250.0
  0
LWPOLYLINE
  5
521
330
17
100
AcDbEntity
  8
FRONT
100
AcDbPolyline
 90
2
 70
0
 10
1607.5
 20
-1270.0
 10
1607.5
 20
-1250.0
  0
LWPOLYLINE
  5
522
330
17
100
AcDbEntity
  8
FRONT
100
AcDbPolyline
 90
2
 70
0
 10
1607.5
 20
-1270.0
 10
1607.5
 20
-1250.0
  0
LWPOLYLINE
  5
523
330
17
100
AcDbEntity
  8
FRONT
100
AcDbPolyline
 90
2
 70
0
 10
1587.5
 20
-1270.0
 10
1607.5
 20
-1270.0
  0
LWPOLYLINE
  5
524
330
17
100
AcDbEntity
  8
FRONT
100
AcDbPolyline
 90
2
 70
0
 10
1587.5
 20
-1250.0
 10
1607.5
 20
-1250.0
  0
LWPOLYLINE
  5
525
330
17
100
AcDbEntity
  8
FRONT
100
AcDbPolyline
 90
2
 70
0
 10
1587.5
 20
-1270.0
 10
1607.5
 20
-1270.0
  0
LWPOLYLINE
  5
526
330
17
100
AcDbEntity
  8
FRONT
100
AcDbPolyline
 90
2
 70
0
 10
1587.5
 20
-1250.0
 10
1607.5
 20
-1250.0
  0
LWPOLYLINE
  5
527
330
17
100
AcDbEntity
  8
FRONT
100
AcDbPolyline
 90
2
 70
0
 10
1067.5
 20
-890.0
 10
1067.5
 20
-870.0
  0
LWPOLYLINE
  5
528
330
17
100
AcDbEntity
  8
FRONT
100
AcDbPolyline
 90
2
 70
0
 10
1067.5
 20
-890.0
 10
1067.5
 20
-870.0
  0
LWPOLYLINE
  5
529
330
17
100
AcDbEntity
  8
FRONT
100
AcDbPolyline
 90
2
 70
0
 10
1087.5
 20
-890.0
 10
1087.5
 20
-870.0
  0
LWPOLYLINE
  5
52A
330
17
100
AcDbEntity
  8
FRONT
100
AcDbPolyline
 90
2
 70
0
 10
1087.5
 20
-890.0
 10
1087.5
 20
-870.0
  0
LWPOLYLINE
  5
52B
330
17
100
AcDbEntity
  8
FRONT
100
AcDbPolyline
 90
2
 70
0
 10
1067.5
 20
-890.0
 10
1087.5
 20
-890.0
  0
LWPOLYLINE
  5
52C
330
17
100
AcDbEntity
  8
FRONT
100
AcDbPolyline
 90
2
 70
0
 10
1067.5
 20
-870.0
 10
1087.5
 20
-870.0
  0
LWPOLYLINE
  5
52D
330
17
100
AcDbEntity
  8
FRONT
100
AcDbPolyline
 90
2
 70
0
 10
1067.5
 20
-890.0
 10
1087.5
 20
-890.0
  0
LWPOLYLINE
  5
52E
330
17
100
AcDbEntity
  8
FRONT
100
AcDbPolyline
 90
2
 70
0
 10
1067.5
 20
-870.0
 10
1087.5
 20
-870.0
  0
LWPOLYLINE
  5
52F
330
17
100
AcDbEntity
  8
FRONT
100
AcDbPolyline
 90
2
 70
0
 10
1587.5
 20
-890.0
 10
1587.5
 20
-870.0
  0
LWPOLYLINE
  5
530
330
17
100
AcDbEntity
  8
FRONT
100
AcDbPolyline
 90
2
 70
0
 10
1587.5
 20
-890.0
 10
1587.5
 20
-870.0
  0
LWPOLYLINE
  5
531
330
17
100
AcDbEntity
  8
FRONT
100
AcDbPolyline
 90
2
 70
0
 10
1607.5
 20
-890.0
 10
1607.5
 20
-870.0
  0
LWPOLYLINE
  5
532
330
17
100
AcDbEntity
  8
FRONT
100
AcDbPolyline
 90
2
 70
0
 10
1607.5
 20
-890.0
 10
1607.5
 20
-870.0
  0
LWPOLYLINE
  5
533
330
17
100
AcDbEntity
  8
FRONT
100
AcDbPolyline
 90
2
 70
0
 10
1587.5
 20
-890.0
 10
1607.5
 20
-890.0
  0
LWPOLYLINE
  5
534
330
17
100
AcDbEntity
  8
FRONT
100
AcDbPolyline
 90
2
 70
0
 10
1587.5
 20
-870.0
 10
1607.5
 20
-870.0
  0
LWPOLYLINE
  5
535
330
17
100
AcDbEntity
  8
FRONT
100
AcDbPolyline
 90
2
 70
0
 10
1587.5
 20
-890.0
 10
1607.5
 20
-890.0
  0
LWPOLYLINE
  5
536
330
17
100
AcDbEntity
  8
FRONT
100
AcDbPolyline
 90
2
 70
0
 10
1587.5
 20
-870.0
 10
1607.5
 20
-870.0
  0
LWPOLYLINE
  5
537
330
17
100
AcDbEntity
  8
FRONT
100
AcDbPolyline
 90
2
 70
0
 10
1077.5
 20
-1250.0
 10
1077.5
 20
-1242.0
  0
LWPOLYLINE
  5
538
330
17
100
AcDbEntity
  8
FRONT
100
AcDbPolyline
 90
2
 70
0
 10
1077.5
 20
-1250.0
 10
1077.5
 20
-1242.0
  0
LWPOLYLINE
  5
539
330
17
100
AcDbEntity
  8
FRONT
100
AcDbPolyline
 90
2
 70
0
 10
1597.5
 20
-1250.0
 10
1597.5
 20
-1242.0
  0
LWPOLYLINE
  5
53A
330
17
100
AcDbEntity
  8
FRONT
100
AcDbPolyline
 90
2
 70
0
 10
1597.5
 20
-1250.0
 10
1597.5
 20
-1242.0
  0
LWPOLYLINE
  5
53B
330
17
100
AcDbEntity
  8
FRONT
100
AcDbPolyline
 90
2
 70
0
 10
1077.5
 20
-1250.0
 10
1597.5
 20
-1250.0
  0
LWPOLYLINE
  5
53C
330
17
100
AcDbEntity
  8
FRONT
100
AcDbPolyline
 90
2
 70
0
 10
1077.5
 20
-1242.0
 10
1597.5
 20
-1242.0
  0
LWPOLYLINE
  5
53D
330
17
100
AcDbEntity
  8
FRONT
100
AcDbPolyline
 90
2
 70
0
 10
1077.5
 20
-1250.0
 10
1597.5
 20
-1250.0
  0
LWPOLYLINE
  5
53E
330
17
100
AcDbEntity
  8
FRONT
100
AcDbPolyline
 90
2
 70
0
 10
1077.5
 20
-1242.0
 10
1597.5
 20
-1242.0
  0
LWPOLYLINE
  5
53F
330
17
100
AcDbEntity
  8
FRONT
100
AcDbPolyline
 90
2
 70
0
 10
1243.5
 20
-1230.0
 10
1243.5
 20
-1031.0
  0
LWPOLYLINE
  5
540
330
17
100
AcDbEntity
  8
FRONT
100
AcDbPolyline
 90
2
 70
0
 10
1243.5
 20
-1230.0
 10
1243.5
 20
-1031.0
  0
LWPOLYLINE
  5
541
330
17
100
AcDbEntity
  8
FRONT
100
AcDbPolyline
 90
2
 70
0
 10
1431.5
 20
-1230.0
 10
1431.5
 20
-1031.0
  0
LWPOLYLINE
  5
542
330
17
100
AcDbEntity
  8
FRONT
100
AcDbPolyline
 90
2
 70
0
 10
1431.5
 20
-1230.0
 10
1431.5
 20
-1031.0
  0
LWPOLYLINE
  5
543
330
17
100
AcDbEntity
  8
FRONT
100
AcDbPolyline
 90
2
 70
0
 10
1243.5
 20
-1230.0
 10
1431.5
 20
-1230.0
  0
LWPOLYLINE
  5
544
330
17
100
AcDbEntity
  8
FRONT
100
AcDbPolyline
 90
2
 70
0
 10
1243.5
 20
-1031.0
 10
1431.5
 20
-1031.0
  0
LWPOLYLINE
  5
545
330
17
100
AcDbEntity
  8
FRONT
100
AcDbPolyline
 90
2
 70
0
 10
1243.5
 20
-1230.0
 10
1431.5
 20
-1230.0
  0
LWPOLYLINE
  5
546
330
17
100
AcDbEntity
  8
FRONT
100
AcDbPolyline
 90
2
 70
0
 10
1243.5
 20
-1031.0
 10
1431.5
 20
-1031.0
  0
LWPOLYLINE
  5
547
330
17
100
AcDbEntity
  8
FRONT
100
AcDbPolyline
 90
2
 70
0
 10
1219.5
 20
-1242.0
 10
1219.5
 20
-1212.0
  0
LWPOLYLINE
  5
548
330
17
100
AcDbEntity
  8
FRONT
100
AcDbPolyline
 90
2
 70
0
 10
1219.5
 20
-1242.0
 10
1219.5
 20
-1212.0
  0
LWPOLYLINE
  5
549
330
17
100
AcDbEntity
  8
FRONT
100
AcDbPolyline
 90
2
 70
0
 10
1225.5
 20
-1242.0
 10
1225.5
 20
-1212.0
  0
LWPOLYLINE
  5
54A
330
17
100
AcDbEntity
  8
FRONT
100
AcDbPolyline
 90
2
 70
0
 10
1225.5
 20
-1242.0
 10
1225.5
 20
-1212.0
  0
LWPOLYLINE
  5
54B
330
17
100
AcDbEntity
  8
FRONT
100
AcDbPolyline
 90
2
 70
0
 10
1219.5
 20
-1242.0
 10
1225.5
 20
-1242.0
  0
LWPOLYLINE
  5
54C
330
17
100
AcDbEntity
  8
FRONT
100
AcDbPolyline
 90
2
 70
0
 10
1219.5
 20
-1212.0
 10
1225.5
 20
-1212.0
  0
LWPOLYLINE
  5
54D
330
17
100
AcDbEntity
  8
FRONT
100
AcDbPolyline
 90
2
 70
0
 10
1219.5
 20
-1242.0
 10
1225.5
 20
-1242.0
  0
LWPOLYLINE
  5
54E
330
17
100
AcDbEntity
  8
FRONT
100
AcDbPolyline
 90
2
 70
0
 10
1219.5
 20
-1212.0
 10
1225.5
 20
-1212.0
  0
LWPOLYLINE
  5
54F
330
17
100
AcDbEntity
  8
FRONT
100
AcDbPolyline
 90
2
 70
0
 10
1449.5
 20
-1242.0
 10
1449.5
 20
-1212.0
  0
LWPOLYLINE
  5
550
330
17
100
AcDbEntity
  8
FRONT
100
AcDbPolyline
 90
2
 70
0
 10
1449.5
 20
-1242.0
 10
1449.5
 20
-1212.0
  0
LWPOLYLINE
  5
551
330
17
100
AcDbEntity
  8
FRONT
100
AcDbPolyline
 90
2
 70
0
 10
1455.5
 20
-1242.0
 10
1455.5
 20
-1212.0
  0
LWPOLYLINE
  5
552
330
17
100
AcDbEntity
  8
FRONT
100
AcDbPolyline
 90
2
 70
0
 10
1455.5
 20
-1242.0
 10
1455.5
 20
-1212.0
  0
LWPOLYLINE
  5
553
330
17
100
AcDbEntity
  8
FRONT
100
AcDbPolyline
 90
2
 70
0
 10
1449.5
 20
-1242.0
 10
1455.5
 20
-1242.0
  0
LWPOLYLINE
  5
554
330
17
100
AcDbEntity
  8
FRONT
100
AcDbPolyline
 90
2
 70
0
 10
1449.5
 20
-1212.0
 10
1455.5
 20
-1212.0
  0
LWPOLYLINE
  5
555
330
17
100
AcDbEntity
  8
FRONT
100
AcDbPolyline
 90
2
 70
0
 10
1449.5
 20
-1242.0
 10
1455.5
 20
-1242.0
  0
LWPOLYLINE
  5
556
330
17
100
AcDbEntity
  8
FRONT
100
AcDbPolyline
 90
2
 70
0
 10
1449.5
 20
-1212.0
 10
1455.5
 20
-1212.0
  0
LWPOLYLINE
  5
557
330
17
100
AcDbEntity
  8
FRONT
100
AcDbPolyline
 90
2
 70
0
 10
1077.5
 20
-870.0
 10
1077.5
 20
-862.0
  0
LWPOLYLINE
  5
558
330
17
100
AcDbEntity
  8
FRONT
100
AcDbPolyline
 90
2
 70
0
 10
1077.5
 20
-870.0
 10
1077.5
 20
-862.0
  0
LWPOLYLINE
  5
559
330
17
100
AcDbEntity
  8
FRONT
100
AcDbPolyline
 90
2
 70
0
 10
1597.5
 20
-870.0
 10
1597.5
 20
-862.0
  0
LWPOLYLINE
  5
55A
330
17
100
AcDbEntity
  8
FRONT
100
AcDbPolyline
 90
2
 70
0
 10
1597.5
 20
-870.0
 10
1597.5
 20
-862.0
  0
LWPOLYLINE
  5
55B
330
17
100
AcDbEntity
  8
FRONT
100
AcDbPolyline
 90
2
 70
0
 10
1077.5
 20
-870.0
 10
1597.5
 20
-870.0
  0
LWPOLYLINE
  5
55C
330
17
100
AcDbEntity
  8
FRONT
100
AcDbPolyline
 90
2
 70
0
 10
1077.5
 20
-862.0
 10
1597.5
 20
-862.0
  0
LWPOLYLINE
  5
55D
330
17
100
AcDbEntity
  8
FRONT
100
AcDbPolyline
 90
2
 70
0
 10
1077.5
 20
-870.0
 10
1597.5
 20
-870.0
  0
LWPOLYLINE
  5
55E
330
17
100
AcDbEntity
  8
FRONT
100
AcDbPolyline
 90
2
 70
0
 10
1077.5
 20
-862.0
 10
1597.5
 20
-862.0
  0
LWPOLYLINE
  5
55F
330
17
100
AcDbEntity
  8
FRONT
100
AcDbPolyline
 90
2
 70
0
 10
1187.5
 20
-862.0
 10
1187.5
 20
-730.0
  0
LWPOLYLINE
  5
560
330
17
100
AcDbEntity
  8
FRONT
100
AcDbPolyline
 90
2
 70
0
 10
1187.5
 20
-862.0
 10
1187.5
 20
-730.0
  0
LWPOLYLINE
  5
561
330
17
100
AcDbEntity
  8
FRONT
100
AcDbPolyline
 90
2
 70
0
 10
1187.5
 20
-862.0
 10
1487.5
 20
-862.0
  0
LWPOLYLINE
  5
562
330
17
100
AcDbEntity
  8
FRONT
100
AcDbPolyline
 90
2
 70
0
 10
1487.5
 20
-862.0
 10
1487.5
 20
-730.0
  0
LWPOLYLINE
  5
563
330
17
100
AcDbEntity
  8
FRONT
100
AcDbPolyline
 90
2
 70
0
 10
1187.5
 20
-730.0
 10
1487.5
 20
-730.0
  0
LWPOLYLINE
  5
564
330
17
100
AcDbEntity
  8
FRONT
100
AcDbPolyline
 90
2
 70
0
 10
1187.5
 20
-730.0
 10
1487.5
 20
-730.0
  0
LWPOLYLINE
  5
565
330
17
100
AcDbEntity
  8
FRONT
100
AcDbPolyline
 90
2
 70
0
 10
1472.5
 20
-730.0
 10
1202.5
 20
-730.0
  0
LWPOLYLINE
  5
566
330
17
100
AcDbEntity
  8
FRONT
100
AcDbPolyline
 90
2
 70
0
 10
1472.5
 20
-730.0
 10
1202.5
 20
-730.0
  0
LWPOLYLINE
  5
567
330
17
100
AcDbEntity
  8
FRONT
100
AcDbPolyline
 90
2
 70
0
 10
1187.5
 20
-862.0
 10
1487.5
 20
-862.0
  0
LWPOLYLINE
  5
568
330
17
100
AcDbEntity
  8
FRONT
100
AcDbPolyline
 90
2
 70
0
 10
1487.5
 20
-862.0
 10
1487.5
 20
-730.0
  0
LWPOLYLINE
  5
569
330
17
100
AcDbEntity
  8
FRONT
100
AcDbPolyline
 90
2
 70
0
 10
1472.5
 20
-850.0
 10
1472.5
 20
-730.0
  0
LWPOLYLINE
  5
56A
330
17
100
AcDbEntity
  8
FRONT
100
AcDbPolyline
 90
2
 70
0
 10
1202.5
 20
-850.0
 10
1202.5
 20
-730.0
  0
LWPOLYLINE
  5
56B
330
17
100
AcDbEntity
  8
FRONT
100
AcDbPolyline
 90
2
 70
0
 10
1202.5
 20
-850.0
 10
1472.5
 20
-850.0
  0
LWPOLYLINE
  5
56C
330
17
100
AcDbEntity
  8
FRONT
100
AcDbPolyline
 90
2
 70
0
 10
1472.5
 20
-850.0
 10
1472.5
 20
-730.0
  0
LWPOLYLINE
  5
56D
330
17
100
AcDbEntity
  8
FRONT
100
AcDbPolyline
 90
2
 70
0
 10
1202.5
 20
-850.0
 10
1202.5
 20
-730.0
  0
LWPOLYLINE
  5
56E
330
17
100
AcDbEntity
  8
FRONT
100
AcDbPolyline
 90
2
 70
0
 10
1202.5
 20
-850.0
 10
1472.5
 20
-850.0
  0
LWPOLYLINE
  5
56F
330
17
100
AcDbEntity
  8
FRONT
100
AcDbPolyline
 90
2
 70
0
 10
1187.5
 20
-730.0
 10
1187.5
 20
-722.0
  0
LWPOLYLINE
  5
570
330
17
100
AcDbEntity
  8
FRONT
100
AcDbPolyline
 90
2
 70
0
 10
1187.5
 20
-730.0
 10
1187.5
 20
-722.0
  0
LWPOLYLINE
  5
571
330
17
100
AcDbEntity
  8
FRONT
100
AcDbPolyline
 90
2
 70
0
 10
1487.5
 20
-730.0
 10
1487.5
 20
-722.0
  0
LWPOLYLINE
  5
572
330
17
100
AcDbEntity
  8
FRONT
100
AcDbPolyline
 90
2
 70
0
 10
1487.5
 20
-730.0
 10
1487.5
 20
-722.0
  0
LWPOLYLINE
  5
573
330
17
100
AcDbEntity
  8
FRONT
100
AcDbPolyline
 90
2
 70
0
 10
1187.5
 20
-730.0
 10
1487.5
 20
-730.0
  0
LWPOLYLINE
  5
574
330
17
100
AcDbEntity
  8
FRONT
100
AcDbPolyline
 90
2
 70
0
 10
1187.5
 20
-722.0
 10
1487.5
 20
-722.0
  0
LWPOLYLINE
  5
575
330
17
100
AcDbEntity
  8
FRONT
100
AcDbPolyline
 90
2
 70
0
 10
1187.5
 20
-730.0
 10
1487.5
 20
-730.0
  0
LWPOLYLINE
  5
576
330
17
100
AcDbEntity
  8
FRONT
100
AcDbPolyline
 90
2
 70
0
 10
1187.5
 20
-722.0
 10
1487.5
 20
-722.0
  0
LWPOLYLINE
  5
577
330
17
100
AcDbEntity
  8
FRONT
100
AcDbPolyline
 90
2
 70
0
 10
1212.5
 20
-846.0
 10
1212.5
 20
-842.0
  0
LWPOLYLINE
  5
578
330
17
100
AcDbEntity
  8
FRONT
100
AcDbPolyline
 90
2
 70
0
 10
1212.5
 20
-846.0
 10
1212.5
 20
-842.0
  0
LWPOLYLINE
  5
579
330
17
100
AcDbEntity
  8
FRONT
100
AcDbPolyline
 90
2
 70
0
 10
1462.5
 20
-846.0
 10
1462.5
 20
-842.0
  0
LWPOLYLINE
  5
57A
330
17
100
AcDbEntity
  8
FRONT
100
AcDbPolyline
 90
2
 70
0
 10
1462.5
 20
-846.0
 10
1462.5
 20
-842.0
  0
LWPOLYLINE
  5
57B
330
17
100
AcDbEntity
  8
FRONT
100
AcDbPolyline
 90
2
 70
0
 10
1212.5
 20
-846.0
 10
1462.5
 20
-846.0
  0
LWPOLYLINE
  5
57C
330
17
100
AcDbEntity
  8
FRONT
100
AcDbPolyline
 90
2
 70
0
 10
1212.5
 20
-842.0
 10
1462.5
 20
-842.0
  0
LWPOLYLINE
  5
57D
330
17
100
AcDbEntity
  8
FRONT
100
AcDbPolyline
 90
2
 70
0
 10
1212.5
 20
-846.0
 10
1462.5
 20
-846.0
  0
LWPOLYLINE
  5
57E
330
17
100
AcDbEntity
  8
FRONT
100
AcDbPolyline
 90
2
 70
0
 10
1212.5
 20
-842.0
 10
1462.5
 20
-842.0
  0
LWPOLYLINE
  5
57F
330
17
100
AcDbEntity
  8
FRONT
100
AcDbPolyline
 90
2
 70
0
 10
1346.0
 20
-838.0
 10
1346.0
 20
-738.0
  0
LWPOLYLINE
  5
580
330
17
100
AcDbEntity
  8
FRONT
100
AcDbPolyline
 90
2
 70
0
 10
1346.0
 20
-838.0
 10
1346.0
 20
-738.0
  0
LWPOLYLINE
  5
581
330
17
100
AcDbEntity
  8
FRONT
100
AcDbPolyline
 90
2
 70
0
 10
1459.0
 20
-838.0
 10
1459.0
 20
-738.0
  0
LWPOLYLINE
  5
582
330
17
100
AcDbEntity
  8
FRONT
100
AcDbPolyline
 90
2
 70
0
 10
1459.0
 20
-838.0
 10
1459.0
 20
-738.0
  0
LWPOLYLINE
  5
583
330
17
100
AcDbEntity
  8
FRONT
100
AcDbPolyline
 90
2
 70
0
 10
1346.0
 20
-838.0
 10
1459.0
 20
-838.0
  0
LWPOLYLINE
  5
584
330
17
100
AcDbEntity
  8
FRONT
100
AcDbPolyline
 90
2
 70
0
 10
1346.0
 20
-738.0
 10
1459.0
 20
-738.0
  0
LWPOLYLINE
  5
585
330
17
100
AcDbEntity
  8
FRONT
100
AcDbPolyline
 90
2
 70
0
 10
1346.0
 20
-838.0
 10
1459.0
 20
-838.0
  0
LWPOLYLINE
  5
586
330
17
100
AcDbEntity
  8
FRONT
100
AcDbPolyline
 90
2
 70
0
 10
1346.0
 20
-738.0
 10
1459.0
 20
-738.0
  0
LWPOLYLINE
  5
587
330
17
100
AcDbEntity
  8
FRONT
100
AcDbPolyline
 90
2
 70
0
 10
1219.0
 20
-838.0
 10
1219.0
 20
-815.0
  0
LWPOLYLINE
  5
588
330
17
100
AcDbEntity
  8
FRONT
100
AcDbPolyline
 90
2
 70
0
 10
1219.0
 20
-838.0
 10
1219.0
 20
-815.0
  0
LWPOLYLINE
  5
589
330
17
100
AcDbEntity
  8
FRONT
100
AcDbPolyline
 90
2
 70
0
 10
1326.0
 20
-838.0
 10
1326.0
 20
-815.0
  0
LWPOLYLINE
  5
58A
330
17
100
AcDbEntity
  8
FRONT
100
AcDbPolyline
 90
2
 70
0
 10
1326.0
 20
-838.0
 10
1326.0
 20
-815.0
  0
LWPOLYLINE
  5
58B
330
17
100
AcDbEntity
  8
FRONT
100
AcDbPolyline
 90
2
 70
0
 10
1219.0
 20
-838.0
 10
1326.0
 20
-838.0
  0
LWPOLYLINE
  5
58C
330
17
100
AcDbEntity
  8
FRONT
100
AcDbPolyline
 90
2
 70
0
 10
1219.0
 20
-815.0
 10
1326.0
 20
-815.0
  0
LWPOLYLINE
  5
58D
330
17
100
AcDbEntity
  8
FRONT
100
AcDbPolyline
 90
2
 70
0
 10
1219.0
 20
-838.0
 10
1326.0
 20
-838.0
  0
LWPOLYLINE
  5
58E
330
17
100
AcDbEntity
  8
FRONT
100
AcDbPolyline
 90
2
 70
0
 10
1219.0
 20
-815.0
 10
1326.0
 20
-815.0
  0
LWPOLYLINE
  5
58F
330
17
100
AcDbEntity
  8
FRONT
100
AcDbPolyline
 90
2
 70
0
 10
1224.35
 20
-838.0
 10
1224.35
 20
-792.0
  0
LWPOLYLINE
  5
590
330
17
100
AcDbEntity
  8
FRONT
100
AcDbPolyline
 90
2
 70
0
 10
1224.35
 20
-838.0
 10
1224.35
 20
-792.0
  0
LWPOLYLINE
  5
591
330
17
100
AcDbEntity
  8
FRONT
100
AcDbPolyline
 90
2
 70
0
 10
1330.65
 20
-838.0
 10
1330.65
 20
-792.0
  0
LWPOLYLINE
  5
592
330
17
100
AcDbEntity
  8
FRONT
100
AcDbPolyline
 90
2
 70
0
 10
1330.65
 20
-838.0
 10
1330.65
 20
-792.0
  0
LWPOLYLINE
  5
593
330
17
100
AcDbEntity
  8
FRONT
100
AcDbPolyline
 90
2
 70
0
 10
1224.35
 20
-838.0
 10
1330.65
 20
-838.0
  0
LWPOLYLINE
  5
594
330
17
100
AcDbEntity
  8
FRONT
100
AcDbPolyline
 90
2
 70
0
 10
1224.35
 20
-792.0
 10
1330.65
 20
-792.0
  0
LWPOLYLINE
  5
595
330
17
100
AcDbEntity
  8
FRONT
100
AcDbPolyline
 90
2
 70
0
 10
1224.35
 20
-838.0
 10
1330.65
 20
-838.0
  0
LWPOLYLINE
  5
596
330
17
100
AcDbEntity
  8
FRONT
100
AcDbPolyline
 90
2
 70
0
 10
1224.35
 20
-792.0
 10
1330.65
 20
-792.0
  0
LWPOLYLINE
  5
597
330
17
100
AcDbEntity
  8
FRONT
100
AcDbPolyline
 90
2
 70
0
 10
1377.35
 20
-838.0
 10
1377.35
 20
-829.2
  0
LWPOLYLINE
  5
598
330
17
100
AcDbEntity
  8
FRONT
100
AcDbPolyline
 90
2
 70
0
 10
1377.35
 20
-838.0
 10
1377.35
 20
-829.2
  0
LWPOLYLINE
  5
599
330
17
100
AcDbEntity
  8
FRONT
100
AcDbPolyline
 90
2
 70
0
 10
1397.65
 20
-838.0
 10
1397.65
 20
-829.2
  0
LWPOLYLINE
  5
59A
330
17
100
AcDbEntity
  8
FRONT
100
AcDbPolyline
 90
2
 70
0
 10
1397.65
 20
-838.0
 10
1397.65
 20
-829.2
  0
LWPOLYLINE
  5
59B
330
17
100
AcDbEntity
  8
FRONT
100
AcDbPolyline
 90
2
 70
0
 10
1377.35
 20
-838.0
 10
1397.65
 20
-838.0
  0
LWPOLYLINE
  5
59C
330
17
100
AcDbEntity
  8
FRONT
100
AcDbPolyline
 90
2
 70
0
 10
1377.35
 20
-829.2
 10
1397.65
 20
-829.2
  0
LWPOLYLINE
  5
59D
330
17
100
AcDbEntity
  8
FRONT
100
AcDbPolyline
 90
2
 70
0
 10
1377.35
 20
-838.0
 10
1397.65
 20
-838.0
  0
LWPOLYLINE
  5
59E
330
17
100
AcDbEntity
  8
FRONT
100
AcDbPolyline
 90
2
 70
0
 10
1377.35
 20
-829.2
 10
1397.65
 20
-829.2
  0
LWPOLYLINE
  5
59F
330
17
100
AcDbEntity
  8
FRONT
100
AcDbPolyline
 90
2
 70
0
 10
1422.35
 20
-838.0
 10
1422.35
 20
-829.2
  0
LWPOLYLINE
  5
5A0
330
17
100
AcDbEntity
  8
FRONT
100
AcDbPolyline
 90
2
 70
0
 10
1422.35
 20
-838.0
 10
1422.35
 20
-829.2
  0
LWPOLYLINE
  5
5A1
330
17
100
AcDbEntity
  8
FRONT
100
AcDbPolyline
 90
2
 70
0
 10
1442.65
 20
-838.0
 10
1442.65
 20
-829.2
  0
LWPOLYLINE
  5
5A2
330
17
100
AcDbEntity
  8
FRONT
100
AcDbPolyline
 90
2
 70
0
 10
1442.65
 20
-838.0
 10
1442.65
 20
-829.2
  0
LWPOLYLINE
  5
5A3
330
17
100
AcDbEntity
  8
FRONT
100
AcDbPolyline
 90
2
 70
0
 10
1422.35
 20
-838.0
 10
1442.65
 20
-838.0
  0
LWPOLYLINE
  5
5A4
330
17
100
AcDbEntity
  8
FRONT
100
AcDbPolyline
 90
2
 70
0
 10
1422.35
 20
-829.2
 10
1442.65
 20
-829.2
  0
LWPOLYLINE
  5
5A5
330
17
100
AcDbEntity
  8
FRONT
100
AcDbPolyline
 90
2
 70
0
 10
1422.35
 20
-838.0
 10
1442.65
 20
-838.0
  0
LWPOLYLINE
  5
5A6
330
17
100
AcDbEntity
  8
FRONT
100
AcDbPolyline
 90
2
 70
0
 10
1422.35
 20
-829.2
 10
1442.65
 20
-829.2
  0
LWPOLYLINE
  5
5A7
330
17
100
AcDbEntity
  8
FRONT
100
AcDbPolyline
 90
2
 70
0
 10
1245.0
 20
-838.0
 10
1245.0
 20
-824.0
  0
LWPOLYLINE
  5
5A8
330
17
100
AcDbEntity
  8
FRONT
100
AcDbPolyline
 90
2
 70
0
 10
1245.0
 20
-838.0
 10
1245.0
 20
-824.0
  0
LWPOLYLINE
  5
5A9
330
17
100
AcDbEntity
  8
FRONT
100
AcDbPolyline
 90
2
 70
0
 10
1300.0
 20
-838.0
 10
1300.0
 20
-824.0
  0
LWPOLYLINE
  5
5AA
330
17
100
AcDbEntity
  8
FRONT
100
AcDbPolyline
 90
2
 70
0
 10
1300.0
 20
-838.0
 10
1300.0
 20
-824.0
  0
LWPOLYLINE
  5
5AB
330
17
100
AcDbEntity
  8
FRONT
100
AcDbPolyline
 90
2
 70
0
 10
1245.0
 20
-838.0
 10
1300.0
 20
-838.0
  0
LWPOLYLINE
  5
5AC
330
17
100
AcDbEntity
  8
FRONT
100
AcDbPolyline
 90
2
 70
0
 10
1245.0
 20
-824.0
 10
1300.0
 20
-824.0
  0
LWPOLYLINE
  5
5AD
330
17
100
AcDbEntity
  8
FRONT
100
AcDbPolyline
 90
2
 70
0
 10
1245.0
 20
-838.0
 10
1300.0
 20
-838.0
  0
LWPOLYLINE
  5
5AE
330
17
100
AcDbEntity
  8
FRONT
100
AcDbPolyline
 90
2
 70
0
 10
1245.0
 20
-824.0
 10
1300.0
 20
-824.0
  0
LWPOLYLINE
  5
5AF
330
17
100
AcDbEntity
  8
FRONT
100
AcDbPolyline
 90
2
 70
0
 10
1382.5
 20
-838.0
 10
1382.5
 20
-823.0
  0
LWPOLYLINE
  5
5B0
330
17
100
AcDbEntity
  8
FRONT
100
AcDbPolyline
 90
2
 70
0
 10
1382.5
 20
-838.0
 10
1382.5
 20
-823.0
  0
LWPOLYLINE
  5
5B1
330
17
100
AcDbEntity
  8
FRONT
100
AcDbPolyline
 90
2
 70
0
 10
1422.5
 20
-838.0
 10
1422.5
 20
-823.0
  0
LWPOLYLINE
  5
5B2
330
17
100
AcDbEntity
  8
FRONT
100
AcDbPolyline
 90
2
 70
0
 10
1422.5
 20
-838.0
 10
1422.5
 20
-823.0
  0
LWPOLYLINE
  5
5B3
330
17
100
AcDbEntity
  8
FRONT
100
AcDbPolyline
 90
2
 70
0
 10
1382.5
 20
-838.0
 10
1422.5
 20
-838.0
  0
LWPOLYLINE
  5
5B4
330
17
100
AcDbEntity
  8
FRONT
100
AcDbPolyline
 90
2
 70
0
 10
1382.5
 20
-823.0
 10
1422.5
 20
-823.0
  0
LWPOLYLINE
  5
5B5
330
17
100
AcDbEntity
  8
FRONT
100
AcDbPolyline
 90
2
 70
0
 10
1382.5
 20
-838.0
 10
1422.5
 20
-838.0
  0
LWPOLYLINE
  5
5B6
330
17
100
AcDbEntity
  8
FRONT
100
AcDbPolyline
 90
2
 70
0
 10
1382.5
 20
-823.0
 10
1422.5
 20
-823.0
  0
DIMENSION
  5
5B7
330
17
100
AcDbEntity
  8
DIMENSIONS
100
AcDbDimension
280
0
  2
*D3
  3
Standard
 10
0.0
 20
-1375.0
 30
0.0
 11
841.25
 21
-1375.0
 31
0.0
 70
32
 71
5
  1
<>
100
AcDbAlignedDimension
 13
0.0
 23
-1340.0
 33
0.0
 14
1682.5
 24
-1340.0
 34
0.0
 50
0.0
100
AcDbRotatedDimension
1001
ACAD
1000
DSTYLE
1002
{
1070
140
1040
11.216666666666667
1070
41
1040
8.4125
1070
271
1070
2
1002
}
  0
DIMENSION
  5
5C7
330
17
100
AcDbEntity
  8
DIMENSIONS
100
AcDbDimension
280
0
  2
*D4
  3
Standard
 10
-35.0
 20
-1340.0
 30
0.0
 11
-35.0
 21
-745.0
 31
0.0
 70
32
 71
5
  1
<>
100
AcDbAlignedDimension
 13
0.0
 23
-1340.0
 33
0.0
 14
0.0
 24
-150.0
 34
0.0
 50
90.0
100
AcDbRotatedDimension
1001
ACAD
1000
DSTYLE
1002
{
1070
140
1040
11.216666666666667
1070
41
1040
8.4125
1070
271
1070
2
1002
}
  0
LWPOLYLINE
  5
5D7
330
17
100
AcDbEntity
  8
RIGHT
100
AcDbPolyline
 90
2
 70
0
 10
2322.5
 20
550.0
 10
2322.5
 20
725.0
  0
LWPOLYLINE
  5
5D8
330
17
100
AcDbEntity
  8
RIGHT
100
AcDbPolyline
 90
2
 70
0
 10
2322.5
 20
725.0
 10
2387.6
 20
725.0
  0
LWPOLYLINE
  5
5D9
330
17
100
AcDbEntity
  8
RIGHT
100
AcDbPolyline
 90
2
 70
0
 10
2387.6
 20
550.0
 10
2387.6
 20
725.0
  0
LWPOLYLINE
  5
5DA
330
17
100
AcDbEntity
  8
RIGHT
100
AcDbPolyline
 90
2
 70
0
 10
2322.5
 20
550.0
 10
2387.6
 20
550.0
  0
LWPOLYLINE
  5
5DB
330
17
100
AcDbEntity
  8
RIGHT
100
AcDbPolyline
 90
2
 70
0
 10
2322.5
 20
550.0
 10
2322.5
 20
725.0
  0
LWPOLYLINE
  5
5DC
330
17
100
AcDbEntity
  8
RIGHT
100
AcDbPolyline
 90
2
 70
0
 10
2322.5
 20
725.0
 10
2387.6
 20
725.0
  0
LWPOLYLINE
  5
5DD
330
17
100
AcDbEntity
  8
RIGHT
100
AcDbPolyline
 90
2
 70
0
 10
2387.6
 20
550.0
 10
2387.6
 20
725.0
  0
LWPOLYLINE
  5
5DE
330
17
100
AcDbEntity
  8
RIGHT
100
AcDbPolyline
 90
2
 70
0
 10
2387.6
 20
720.955
 10
2387.6
 20
554.0450000000001
  0
LWPOLYLINE
  5
5DF
330
17
100
AcDbEntity
  8
RIGHT
100
AcDbPolyline
 90
2
 70
0
 10
2387.6
 20
720.955
 10
2387.6
 20
554.0450000000001
  0
LWPOLYLINE
  5
5E0
330
17
100
AcDbEntity
  8
RIGHT
100
AcDbPolyline
 90
2
 70
0
 10
2322.5
 20
550.0
 10
2387.6
 20
550.0
  0
LWPOLYLINE
  5
5E1
330
17
100
AcDbEntity
  8
RIGHT
100
AcDbPolyline
 90
2
 70
0
 10
2325.0
 20
720.9549999999999
 10
2387.6
 20
720.9549999999999
  0
LWPOLYLINE
  5
5E2
330
17
100
AcDbEntity
  8
RIGHT
100
AcDbPolyline
 90
2
 70
0
 10
2325.0
 20
720.9549999999999
 10
2387.6
 20
720.9549999999999
  0
LWPOLYLINE
  5
5E3
330
17
100
AcDbEntity
  8
RIGHT
100
AcDbPolyline
 90
2
 70
0
 10
2325.0
 20
554.045
 10
2387.6
 20
554.045
  0
LWPOLYLINE
  5
5E4
330
17
100
AcDbEntity
  8
RIGHT
100
AcDbPolyline
 90
2
 70
0
 10
2325.0
 20
554.045
 10
2325.0
 20
720.9549999999999
  0
LWPOLYLINE
  5
5E5
330
17
100
AcDbEntity
  8
RIGHT
100
AcDbPolyline
 90
2
 70
0
 10
2325.0
 20
554.045
 10
2387.6
 20
554.045
  0
LWPOLYLINE
  5
5E6
330
17
100
AcDbEntity
  8
RIGHT
100
AcDbPolyline
 90
2
 70
0
 10
2325.0
 20
554.045
 10
2325.0
 20
720.9549999999999
  0
LWPOLYLINE
  5
5E7
330
17
100
AcDbEntity
  8
RIGHT
100
AcDbPolyline
 90
2
 70
0
 10
2387.6
 20
550.0
 10
2387.6
 20
725.0
  0
LWPOLYLINE
  5
5E8
330
17
100
AcDbEntity
  8
RIGHT
100
AcDbPolyline
 90
2
 70
0
 10
2387.6
 20
725.0
 10
2389.1
 20
725.0
  0
LWPOLYLINE
  5
5E9
330
17
100
AcDbEntity
  8
RIGHT
100
AcDbPolyline
 90
2
 70
0
 10
2389.1
 20
550.0
 10
2389.1
 20
725.0
  0
LWPOLYLINE
  5
5EA
330
17
100
AcDbEntity
  8
RIGHT
100
AcDbPolyline
 90
2
 70
0
 10
2387.6
 20
550.0
 10
2389.1
 20
550.0
  0
LWPOLYLINE
  5
5EB
330
17
100
AcDbEntity
  8
RIGHT
100
AcDbPolyline
 90
2
 70
0
 10
2387.6
 20
550.0
 10
2387.6
 20
725.0
  0
LWPOLYLINE
  5
5EC
330
17
100
AcDbEntity
  8
RIGHT
100
AcDbPolyline
 90
2
 70
0
 10
2387.6
 20
725.0
 10
2389.1
 20
725.0
  0
LWPOLYLINE
  5
5ED
330
17
100
AcDbEntity
  8
RIGHT
100
AcDbPolyline
 90
2
 70
0
 10
2389.1
 20
550.0
 10
2389.1
 20
725.0
  0
LWPOLYLINE
  5
5EE
330
17
100
AcDbEntity
  8
RIGHT
100
AcDbPolyline
 90
2
 70
0
 10
2387.6
 20
550.0
 10
2389.1
 20
550.0
  0
LWPOLYLINE
  5
5EF
330
17
100
AcDbEntity
  8
RIGHT
100
AcDbPolyline
 90
2
 70
0
 10
2325.0
 20
602.5
 10
2325.0
 20
672.5
  0
LWPOLYLINE
  5
5F0
330
17
100
AcDbEntity
  8
RIGHT
100
AcDbPolyline
 90
2
 70
0
 10
2325.0
 20
672.5
 10
2325.127
 20
672.5
  0
LWPOLYLINE
  5
5F1
330
17
100
AcDbEntity
  8
RIGHT
100
AcDbPolyline
 90
2
 70
0
 10
2325.127
 20
602.5
 10
2325.127
 20
672.5
  0
LWPOLYLINE
  5
5F2
330
17
100
AcDbEntity
  8
RIGHT
100
AcDbPolyline
 90
2
 70
0
 10
2325.0
 20
602.5
 10
2325.127
 20
602.5
  0
LWPOLYLINE
  5
5F3
330
17
100
AcDbEntity
  8
RIGHT
100
AcDbPolyline
 90
2
 70
0
 10
2325.0
 20
602.5
 10
2325.0
 20
672.5
  0
LWPOLYLINE
  5
5F4
330
17
100
AcDbEntity
  8
RIGHT
100
AcDbPolyline
 90
2
 70
0
 10
2325.0
 20
672.5
 10
2325.127
 20
672.5
  0
LWPOLYLINE
  5
5F5
330
17
100
AcDbEntity
  8
RIGHT
100
AcDbPolyline
 90
2
 70
0
 10
2325.127
 20
602.5
 10
2325.127
 20
672.5
  0
LWPOLYLINE
  5
5F6
330
17
100
AcDbEntity
  8
RIGHT
100
AcDbPolyline
 90
2
 70
0
 10
2325.0
 20
602.5
 10
2325.127
 20
602.5
  0
LWPOLYLINE
  5
5F7
330
17
100
AcDbEntity
  8
RIGHT
100
AcDbPolyline
 90
2
 70
0
 10
2322.373
 20
602.5
 10
2322.373
 20
672.5
  0
LWPOLYLINE
  5
5F8
330
17
100
AcDbEntity
  8
RIGHT
100
AcDbPolyline
 90
2
 70
0
 10
2322.373
 20
672.5
 10
2322.5
 20
672.5
  0
LWPOLYLINE
  5
5F9
330
17
100
AcDbEntity
  8
RIGHT
100
AcDbPolyline
 90
2
 70
0
 10
2322.5
 20
602.5
 10
2322.5
 20
672.5
  0
LWPOLYLINE
  5
5FA
330
17
100
AcDbEntity
  8
RIGHT
100
AcDbPolyline
 90
2
 70
0
 10
2322.373
 20
602.5
 10
2322.5
 20
602.5
  0
LWPOLYLINE
  5
5FB
330
17
100
AcDbEntity
  8
RIGHT
100
AcDbPolyline
 90
2
 70
0
 10
2322.373
 20
602.5
 10
2322.373
 20
672.5
  0
LWPOLYLINE
  5
5FC
330
17
100
AcDbEntity
  8
RIGHT
100
AcDbPolyline
 90
2
 70
0
 10
2322.373
 20
672.5
 10
2322.5
 20
672.5
  0
LWPOLYLINE
  5
5FD
330
17
100
AcDbEntity
  8
RIGHT
100
AcDbPolyline
 90
2
 70
0
 10
2322.5
 20
602.5
 10
2322.5
 20
672.5
  0
LWPOLYLINE
  5
5FE
330
17
100
AcDbEntity
  8
RIGHT
100
AcDbPolyline
 90
2
 70
0
 10
2322.373
 20
602.5
 10
2322.5
 20
602.5
  0
LWPOLYLINE
  5
5FF
330
17
100
AcDbEntity
  8
RIGHT
100
AcDbPolyline
 90
2
 70
0
 10
2325.127
 20
577.5
 10
2325.127
 20
697.5
  0
LWPOLYLINE
  5
600
330
17
100
AcDbEntity
  8
RIGHT
100
AcDbPolyline
 90
2
 70
0
 10
2325.127
 20
697.5
 10
2331.127
 20
697.5
  0
LWPOLYLINE
  5
601
330
17
100
AcDbEntity
  8
RIGHT
100
AcDbPolyline
 90
2
 70
0
 10
2331.127
 20
577.5
 10
2331.127
 20
697.5
  0
LWPOLYLINE
  5
602
330
17
100
AcDbEntity
  8
RIGHT
100
AcDbPolyline
 90
2
 70
0
 10
2325.127
 20
577.5
 10
2331.127
 20
577.5
  0
LWPOLYLINE
  5
603
330
17
100
AcDbEntity
  8
RIGHT
100
AcDbPolyline
 90
2
 70
0
 10
2325.127
 20
577.5
 10
2325.127
 20
697.5
  0
LWPOLYLINE
  5
604
330
17
100
AcDbEntity
  8
RIGHT
100
AcDbPolyline
 90
2
 70
0
 10
2325.127
 20
697.5
 10
2331.127
 20
697.5
  0
LWPOLYLINE
  5
605
330
17
100
AcDbEntity
  8
RIGHT
100
AcDbPolyline
 90
2
 70
0
 10
2331.127
 20
577.5
 10
2331.127
 20
697.5
  0
LWPOLYLINE
  5
606
330
17
100
AcDbEntity
  8
RIGHT
100
AcDbPolyline
 90
2
 70
0
 10
2325.127
 20
577.5
 10
2331.127
 20
577.5
  0
LWPOLYLINE
  5
607
330
17
100
AcDbEntity
  8
RIGHT
100
AcDbPolyline
 90
2
 70
0
 10
2306.625
 20
599.4
 10
2306.625
 20
675.6
  0
LWPOLYLINE
  5
608
330
17
100
AcDbEntity
  8
RIGHT
100
AcDbPolyline
 90
2
 70
0
 10
2306.625
 20
675.6
 10
2322.373
 20
675.6
  0
LWPOLYLINE
  5
609
330
17
100
AcDbEntity
  8
RIGHT
100
AcDbPolyline
 90
2
 70
0
 10
2322.373
 20
599.4
 10
2322.373
 20
675.6
  0
LWPOLYLINE
  5
60A
330
17
100
AcDbEntity
  8
RIGHT
100
AcDbPolyline
 90
2
 70
0
 10
2306.625
 20
599.4
 10
2322.373
 20
599.4
  0
LWPOLYLINE
  5
60B
330
17
100
AcDbEntity
  8
RIGHT
100
AcDbPolyline
 90
2
 70
0
 10
2306.625
 20
599.4
 10
2306.625
 20
675.6
  0
LWPOLYLINE
  5
60C
330
17
100
AcDbEntity
  8
RIGHT
100
AcDbPolyline
 90
2
 70
0
 10
2306.625
 20
675.6
 10
2322.373
 20
675.6
  0
LWPOLYLINE
  5
60D
330
17
100
AcDbEntity
  8
RIGHT
100
AcDbPolyline
 90
2
 70
0
 10
2322.373
 20
599.4
 10
2322.373
 20
675.6
  0
LWPOLYLINE
  5
60E
330
17
100
AcDbEntity
  8
RIGHT
100
AcDbPolyline
 90
2
 70
0
 10
2306.625
 20
599.4
 10
2322.373
 20
599.4
  0
LWPOLYLINE
  5
60F
330
17
100
AcDbEntity
  8
RIGHT
100
AcDbPolyline
 90
2
 70
0
 10
2226.615
 20
599.4
 10
2226.615
 20
675.6
  0
LWPOLYLINE
  5
610
330
17
100
AcDbEntity
  8
RIGHT
100
AcDbPolyline
 90
2
 70
0
 10
2226.615
 20
675.6
 10
2306.625
 20
675.6
  0
LWPOLYLINE
  5
611
330
17
100
AcDbEntity
  8
RIGHT
100
AcDbPolyline
 90
2
 70
0
 10
2306.625
 20
599.4
 10
2306.625
 20
675.6
  0
LWPOLYLINE
  5
612
330
17
100
AcDbEntity
  8
RIGHT
100
AcDbPolyline
 90
2
 70
0
 10
2226.615
 20
599.4
 10
2306.625
 20
599.4
  0
LWPOLYLINE
  5
613
330
17
100
AcDbEntity
  8
RIGHT
100
AcDbPolyline
 90
2
 70
0
 10
2226.615
 20
599.4
 10
2226.615
 20
675.6
  0
LWPOLYLINE
  5
614
330
17
100
AcDbEntity
  8
RIGHT
100
AcDbPolyline
 90
2
 70
0
 10
2226.615
 20
675.6
 10
2306.625
 20
675.6
  0
LWPOLYLINE
  5
615
330
17
100
AcDbEntity
  8
RIGHT
100
AcDbPolyline
 90
2
 70
0
 10
2306.625
 20
599.4
 10
2306.625
 20
675.6
  0
LWPOLYLINE
  5
616
330
17
100
AcDbEntity
  8
RIGHT
100
AcDbPolyline
 90
2
 70
0
 10
2226.615
 20
599.4
 10
2306.625
 20
599.4
  0
LWPOLYLINE
  5
617
330
17
100
AcDbEntity
  8
RIGHT
100
AcDbPolyline
 90
16
 70
0
 10
2341.127
 20
614.0
 10
2341.127
 20
613.7406363729278
 10
2341.127
 20
613.0073918190766
 10
2341.127
 20
611.9270509831248
 10
2341.127
 20
610.6864146101971
 10
2341.127
 20
609.5
 10
2341.127
 20
608.5729490168752
 10
2341.127
 20
608.0655571977986
 10
2341.127
 20
608.0655571977986
 10
2341.127
 20
608.5729490168752
 10
2341.127
 20
609.5
 10
2341.127
 20
610.6864146101971
 10
2341.127
 20
611.9270509831248
 10
2341.127
 20
613.0073918190766
 10
2341.127
 20
613.7406363729278
 10
2341.127
 20
614.0
  0
LWPOLYLINE
  5
618
330
17
100
AcDbEntity
  8
RIGHT
100
AcDbPolyline
 90
2
 70
0
 10
2331.127
 20
614.0
 10
2341.127
 20
614.0
  0
LWPOLYLINE
  5
619
330
17
100
AcDbEntity
  8
RIGHT
100
AcDbPolyline
 90
16
 70
0
 10
2331.127
 20
614.0
 10
2331.127
 20
613.7406363729278
 10
2331.127
 20
613.0073918190766
 10
2331.127
 20
611.9270509831248
 10
2331.127
 20
610.6864146101971
 10
2331.127
 20
609.5
 10
2331.127
 20
608.5729490168752
 10
2331.127
 20
608.0655571977986
 10
2331.127
 20
608.0655571977986
 10
2331.127
 20
608.5729490168752
 10
2331.127
 20
609.5
 10
2331.127
 20
610.6864146101971
 10
2331.127
 20
611.9270509831248
 10
2331.127
 20
613.0073918190766
 10
2331.127
 20
613.7406363729278
 10
2331.127
 20
614.0
  0
LWPOLYLINE
  5
61A
330
17
100
AcDbEntity
  8
RIGHT
100
AcDbPolyline
 90
16
 70
0
 10
2341.127
 20
612.35
 10
2341.127
 20
612.2332863678175
 10
2341.127
 20
611.9033263185845
 10
2341.127
 20
611.4171729424062
 10
2341.127
 20
610.8588865745887
 10
2341.127
 20
610.325
 10
2341.127
 20
609.9078270575939
 10
2341.127
 20
609.6795007390093
 10
2341.127
 20
609.6795007390093
 10
2341.127
 20
609.9078270575939
 10
2341.127
 20
610.325
 10
2341.127
 20
610.8588865745887
 10
2341.127
 20
611.4171729424062
 10
2341.127
 20
611.9033263185845
 10
2341.127
 20
612.2332863678175
 10
2341.127
 20
612.35
  0
LWPOLYLINE
  5
61B
330
17
100
AcDbEntity
  8
RIGHT
100
AcDbPolyline
 90
16
 70
0
 10
2331.127
 20
612.35
 10
2331.127
 20
612.2332863678175
 10
2331.127
 20
611.9033263185845
 10
2331.127
 20
611.4171729424062
 10
2331.127
 20
610.8588865745887
 10
2331.127
 20
610.325
 10
2331.127
 20
609.9078270575939
 10
2331.127
 20
609.6795007390093
 10
2331.127
 20
609.6795007390093
 10
2331.127
 20
609.9078270575939
 10
2331.127
 20
610.325
 10
2331.127
 20
610.8588865745887
 10
2331.127
 20
611.4171729424062
 10
2331.127
 20
611.9033263185845
 10
2331.127
 20
612.2332863678175
 10
2331.127
 20
612.35
  0
LWPOLYLINE
  5
61C
330
17
100
AcDbEntity
  8
RIGHT
100
AcDbPolyline
 90
2
 70
0
 10
2331.127
 20
612.35
 10
2341.127
 20
612.35
  0
LWPOLYLINE
  5
61D
330
17
100
AcDbEntity
  8
RIGHT
100
AcDbPolyline
 90
16
 70
0
 10
2341.127
 20
614.0
 10
2341.127
 20
613.7406363729278
 10
2341.127
 20
613.0073918190766
 10
2341.127
 20
611.9270509831248
 10
2341.127
 20
610.6864146101971
 10
2341.127
 20
609.5
 10
2341.127
 20
608.5729490168752
 10
2341.127
 20
608.0655571977986
 10
2341.127
 20
608.0655571977986
 10
2341.127
 20
608.5729490168752
 10
2341.127
 20
609.5
 10
2341.127
 20
610.6864146101971
 10
2341.127
 20
611.9270509831248
 10
2341.127
 20
613.0073918190766
 10
2341.127
 20
613.7406363729278
 10
2341.127
 20
614.0
  0
LWPOLYLINE
  5
61E
330
17
100
AcDbEntity
  8
RIGHT
100
AcDbPolyline
 90
2
 70
0
 10
2331.127
 20
614.0
 10
2341.127
 20
614.0
  0
LWPOLYLINE
  5
61F
330
17
100
AcDbEntity
  8
RIGHT
100
AcDbPolyline
 90
16
 70
0
 10
2331.127
 20
614.0
 10
2331.127
 20
613.7406363729278
 10
2331.127
 20
613.0073918190766
 10
2331.127
 20
611.9270509831248
 10
2331.127
 20
610.6864146101971
 10
2331.127
 20
609.5
 10
2331.127
 20
608.5729490168752
 10
2331.127
 20
608.0655571977986
 10
2331.127
 20
608.0655571977986
 10
2331.127
 20
608.5729490168752
 10
2331.127
 20
609.5
 10
2331.127
 20
610.6864146101971
 10
2331.127
 20
611.9270509831248
 10
2331.127
 20
613.0073918190766
 10
2331.127
 20
613.7406363729278
 10
2331.127
 20
614.0
  0
LWPOLYLINE
  5
620
330
17
100
AcDbEntity
  8
RIGHT
100
AcDbPolyline
 90
16
 70
0
 10
2341.127
 20
612.35
 10
2341.127
 20
612.2332863678175
 10
2341.127
 20
611.9033263185845
 10
2341.127
 20
611.4171729424062
 10
2341.127
 20
610.8588865745887
 10
2341.127
 20
610.325
 10
2341.127
 20
609.9078270575939
 10
2341.127
 20
609.6795007390093
 10
2341.127
 20
609.6795007390093
 10
2341.127
 20
609.9078270575939
 10
2341.127
 20
610.325
 10
2341.127
 20
610.8588865745887
 10
2341.127
 20
611.4171729424062
 10
2341.127
 20
611.9033263185845
 10
2341.127
 20
612.2332863678175
 10
2341.127
 20
612.35
  0
LWPOLYLINE
  5
621
330
17
100
AcDbEntity
  8
RIGHT
100
AcDbPolyline
 90
16
 70
0
 10
2331.127
 20
612.35
 10
2331.127
 20
612.2332863678175
 10
2331.127
 20
611.9033263185845
 10
2331.127
 20
611.4171729424062
 10
2331.127
 20
610.8588865745887
 10
2331.127
 20
610.325
 10
2331.127
 20
609.9078270575939
 10
2331.127
 20
609.6795007390093
 10
2331.127
 20
609.6795007390093
 10
2331.127
 20
609.9078270575939
 10
2331.127
 20
610.325
 10
2331.127
 20
610.8588865745887
 10
2331.127
 20
611.4171729424062
 10
2331.127
 20
611.9033263185845
 10
2331.127
 20
612.2332863678175
 10
2331.127
 20
612.35
  0
LWPOLYLINE
  5
622
330
17
100
AcDbEntity
  8
RIGHT
100
AcDbPolyline
 90
2
 70
0
 10
2331.127
 20
612.35
 10
2341.127
 20
612.35
  0
LWPOLYLINE
  5
623
330
17
100
AcDbEntity
  8
RIGHT
100
AcDbPolyline
 90
16
 70
0
 10
2341.127
 20
663.0
 10
2341.127
 20
662.7406363729278
 10
2341.127
 20
662.0073918190766
 10
2341.127
 20
660.9270509831248
 10
2341.127
 20
659.6864146101971
 10
2341.127
 20
658.5
 10
2341.127
 20
657.5729490168752
 10
2341.127
 20
657.0655571977986
 10
2341.127
 20
657.0655571977986
 10
2341.127
 20
657.5729490168752
 10
2341.127
 20
658.5
 10
2341.127
 20
659.6864146101971
 10
2341.127
 20
660.9270509831248
 10
2341.127
 20
662.0073918190766
 10
2341.127
 20
662.7406363729278
 10
2341.127
 20
663.0
  0
LWPOLYLINE
  5
624
330
17
100
AcDbEntity
  8
RIGHT
100
AcDbPolyline
 90
2
 70
0
 10
2331.127
 20
663.0
 10
2341.127
 20
663.0
  0
LWPOLYLINE
  5
625
330
17
100
AcDbEntity
  8
RIGHT
100
AcDbPolyline
 90
16
 70
0
 10
2331.127
 20
663.0
 10
2331.127
 20
662.7406363729278
 10
2331.127
 20
662.0073918190766
 10
2331.127
 20
660.9270509831248
 10
2331.127
 20
659.6864146101971
 10
2331.127
 20
658.5
 10
2331.127
 20
657.5729490168752
 10
2331.127
 20
657.0655571977986
 10
2331.127
 20
657.0655571977986
 10
2331.127
 20
657.5729490168752
 10
2331.127
 20
658.5
 10
2331.127
 20
659.6864146101971
 10
2331.127
 20
660.9270509831248
 10
2331.127
 20
662.0073918190766
 10
2331.127
 20
662.7406363729278
 10
2331.127
 20
663.0
  0
LWPOLYLINE
  5
626
330
17
100
AcDbEntity
  8
RIGHT
100
AcDbPolyline
 90
16
 70
0
 10
2341.127
 20
661.35
 10
2341.127
 20
661.2332863678175
 10
2341.127
 20
660.9033263185845
 10
2341.127
 20
660.4171729424062
 10
2341.127
 20
659.8588865745887
 10
2341.127
 20
659.325
 10
2341.127
 20
658.9078270575939
 10
2341.127
 20
658.6795007390093
 10
2341.127
 20
658.6795007390093
 10
2341.127
 20
658.9078270575939
 10
2341.127
 20
659.325
 10
2341.127
 20
659.8588865745887
 10
2341.127
 20
660.4171729424062
 10
2341.127
 20
660.9033263185845
 10
2341.127
 20
661.2332863678175
 10
2341.127
 20
661.35
  0
LWPOLYLINE
  5
627
330
17
100
AcDbEntity
  8
RIGHT
100
AcDbPolyline
 90
16
 70
0
 10
2331.127
 20
661.35
 10
2331.127
 20
661.2332863678175
 10
2331.127
 20
660.9033263185845
 10
2331.127
 20
660.4171729424062
 10
2331.127
 20
659.8588865745887
 10
2331.127
 20
659.325
 10
2331.127
 20
658.9078270575939
 10
2331.127
 20
658.6795007390093
 10
2331.127
 20
658.6795007390093
 10
2331.127
 20
658.9078270575939
 10
2331.127
 20
659.325
 10
2331.127
 20
659.8588865745887
 10
2331.127
 20
660.4171729424062
 10
2331.127
 20
660.9033263185845
 10
2331.127
 20
661.2332863678175
 10
2331.127
 20
661.35
  0
LWPOLYLINE
  5
628
330
17
100
AcDbEntity
  8
RIGHT
100
AcDbPolyline
 90
2
 70
0
 10
2331.127
 20
661.35
 10
2341.127
 20
661.35
  0
LWPOLYLINE
  5
629
330
17
100
AcDbEntity
  8
RIGHT
100
AcDbPolyline
 90
16
 70
0
 10
2341.127
 20
663.0
 10
2341.127
 20
662.7406363729278
 10
2341.127
 20
662.0073918190766
 10
2341.127
 20
660.9270509831248
 10
2341.127
 20
659.6864146101971
 10
2341.127
 20
658.5
 10
2341.127
 20
657.5729490168752
 10
2341.127
 20
657.0655571977986
 10
2341.127
 20
657.0655571977986
 10
2341.127
 20
657.5729490168752
 10
2341.127
 20
658.5
 10
2341.127
 20
659.6864146101971
 10
2341.127
 20
660.9270509831248
 10
2341.127
 20
662.0073918190766
 10
2341.127
 20
662.7406363729278
 10
2341.127
 20
663.0
  0
LWPOLYLINE
  5
62A
330
17
100
AcDbEntity
  8
RIGHT
100
AcDbPolyline
 90
2
 70
0
 10
2331.127
 20
663.0
 10
2341.127
 20
663.0
  0
LWPOLYLINE
  5
62B
330
17
100
AcDbEntity
  8
RIGHT
100
AcDbPolyline
 90
16
 70
0
 10
2331.127
 20
663.0
 10
2331.127
 20
662.7406363729278
 10
2331.127
 20
662.0073918190766
 10
2331.127
 20
660.9270509831248
 10
2331.127
 20
659.6864146101971
 10
2331.127
 20
658.5
 10
2331.127
 20
657.5729490168752
 10
2331.127
 20
657.0655571977986
 10
2331.127
 20
657.0655571977986
 10
2331.127
 20
657.5729490168752
 10
2331.127
 20
658.5
 10
2331.127
 20
659.6864146101971
 10
2331.127
 20
660.9270509831248
 10
2331.127
 20
662.0073918190766
 10
2331.127
 20
662.7406363729278
 10
2331.127
 20
663.0
  0
LWPOLYLINE
  5
62C
330
17
100
AcDbEntity
  8
RIGHT
100
AcDbPolyline
 90
16
 70
0
 10
2341.127
 20
661.35
 10
2341.127
 20
661.2332863678175
 10
2341.127
 20
660.9033263185845
 10
2341.127
 20
660.4171729424062
 10
2341.127
 20
659.8588865745887
 10
2341.127
 20
659.325
 10
2341.127
 20
658.9078270575939
 10
2341.127
 20
658.6795007390093
 10
2341.127
 20
658.6795007390093
 10
2341.127
 20
658.9078270575939
 10
2341.127
 20
659.325
 10
2341.127
 20
659.8588865745887
 10
2341.127
 20
660.4171729424062
 10
2341.127
 20
660.9033263185845
 10
2341.127
 20
661.2332863678175
 10
2341.127
 20
661.35
  0
LWPOLYLINE
  5
62D
330
17
100
AcDbEntity
  8
RIGHT
100
AcDbPolyline
 90
16
 70
0
 10
2331.127
 20
661.35
 10
2331.127
 20
661.2332863678175
 10
2331.127
 20
660.9033263185845
 10
2331.127
 20
660.4171729424062
 10
2331.127
 20
659.8588865745887
 10
2331.127
 20
659.325
 10
2331.127
 20
658.9078270575939
 10
2331.127
 20
658.6795007390093
 10
2331.127
 20
658.6795007390093
 10
2331.127
 20
658.9078270575939
 10
2331.127
 20
659.325
 10
2331.127
 20
659.8588865745887
 10
2331.127
 20
660.4171729424062
 10
2331.127
 20
660.9033263185845
 10
2331.127
 20
661.2332863678175
 10
2331.127
 20
661.35
  0
LWPOLYLINE
  5
62E
330
17
100
AcDbEntity
  8
RIGHT
100
AcDbPolyline
 90
2
 70
0
 10
2331.127
 20
661.35
 10
2341.127
 20
661.35
  0
LWPOLYLINE
  5
62F
330
17
100
AcDbEntity
  8
RIGHT
100
AcDbPolyline
 90
2
 70
0
 10
2341.127
 20
610.5
 10
2341.127
 20
660.5
  0
LWPOLYLINE
  5
630
330
17
100
AcDbEntity
  8
RIGHT
100
AcDbPolyline
 90
2
 70
0
 10
2341.127
 20
610.5
 10
2342.727
 20
610.5
  0
LWPOLYLINE
  5
631
330
17
100
AcDbEntity
  8
RIGHT
100
AcDbPolyline
 90
2
 70
0
 10
2341.127
 20
660.5
 10
2342.727
 20
660.5
  0
LWPOLYLINE
  5
632
330
17
100
AcDbEntity
  8
RIGHT
100
AcDbPolyline
 90
2
 70
0
 10
2342.727
 20
610.5
 10
2342.727
 20
660.5
  0
LWPOLYLINE
  5
633
330
17
100
AcDbEntity
  8
RIGHT
100
AcDbPolyline
 90
16
 70
0
 10
2341.127
 20
610.5
 10
2341.127
 20
610.1864146101971
 10
2341.127
 20
609.8762649275467
 10
2341.127
 20
609.5729490168752
 10
2341.127
 20
609.2797900707726
 10
2341.127
 20
609.0
 10
2341.127
 20
608.7366442431226
 10
2341.127
 20
608.4926081809234
 10
2341.127
 20
608.2705655235678
 10
2341.127
 20
608.0729490168752
 10
2341.127
 20
607.9019237886467
 10
2341.127
 20
607.7593636270722
 10
2341.127
 20
607.6468304511145
 10
2341.127
 20
607.5655571977986
 10
2341.127
 20
607.5164343138952
 10
2341.127
 20
607.5
  0
LWPOLYLINE
  5
634
330
17
100
AcDbEntity
  8
RIGHT
100
AcDbPolyline
 90
16
 70
0
 10
2341.127
 20
610.5
 10
2341.127
 20
610.1864146101971
 10
2341.127
 20
609.8762649275467
 10
2341.127
 20
609.5729490168752
 10
2341.127
 20
609.2797900707726
 10
2341.127
 20
609.0
 10
2341.127
 20
608.7366442431226
 10
2341.127
 20
608.4926081809234
 10
2341.127
 20
608.2705655235678
 10
2341.127
 20
608.0729490168752
 10
2341.127
 20
607.9019237886467
 10
2341.127
 20
607.7593636270722
 10
2341.127
 20
607.6468304511145
 10
2341.127
 20
607.5655571977986
 10
2341.127
 20
607.5164343138952
 10
2341.127
 20
607.5
  0
LWPOLYLINE
  5
635
330
17
100
AcDbEntity
  8
RIGHT
100
AcDbPolyline
 90
2
 70
0
 10
2341.127
 20
610.5
 10
2341.127
 20
660.5
  0
LWPOLYLINE
  5
636
330
17
100
AcDbEntity
  8
RIGHT
100
AcDbPolyline
 90
16
 70
0
 10
2341.127
 20
660.5
 10
2341.127
 20
660.8135853898029
 10
2341.127
 20
661.1237350724533
 10
2341.127
 20
661.4270509831248
 10
2341.127
 20
661.7202099292274
 10
2341.127
 20
662.0
 10
2341.127
 20
662.2633557568774
 10
2341.127
 20
662.5073918190766
 10
2341.127
 20
662.7294344764322
 10
2341.127
 20
662.9270509831248
 10
2341.127
 20
663.0980762113533
 10
2341.127
 20
663.2406363729278
 10
2341.127
 20
663.3531695488855
 10
2341.127
 20
663.4344428022014
 10
2341.127
 20
663.4835656861048
 10
2341.127
 20
663.5
  0
LWPOLYLINE
  5
637
330
17
100
AcDbEntity
  8
RIGHT
100
AcDbPolyline
 90
16
 70
0
 10
2341.127
 20
660.5
 10
2341.127
 20
660.8135853898029
 10
2341.127
 20
661.1237350724533
 10
2341.127
 20
661.4270509831248
 10
2341.127
 20
661.7202099292274
 10
2341.127
 20
662.0
 10
2341.127
 20
662.2633557568774
 10
2341.127
 20
662.5073918190766
 10
2341.127
 20
662.7294344764322
 10
2341.127
 20
662.9270509831248
 10
2341.127
 20
663.0980762113533
 10
2341.127
 20
663.2406363729278
 10
2341.127
 20
663.3531695488855
 10
2341.127
 20
663.4344428022014
 10
2341.127
 20
663.4835656861048
 10
2341.127
 20
663.5
  0
LWPOLYLINE
  5
638
330
17
100
AcDbEntity
  8
RIGHT
100
AcDbPolyline
 90
16
 70
0
 10
2341.127
 20
612.35
 10
2341.127
 20
612.2332863678175
 10
2341.127
 20
611.9033263185845
 10
2341.127
 20
611.4171729424062
 10
2341.127
 20
610.8588865745887
 10
2341.127
 20
610.325
 10
2341.127
 20
609.9078270575939
 10
2341.127
 20
609.6795007390093
 10
2341.127
 20
609.6795007390093
 10
2341.127
 20
609.9078270575939
 10
2341.127
 20
610.325
 10
2341.127
 20
610.8588865745887
 10
2341.127
 20
611.4171729424062
 10
2341.127
 20
611.9033263185845
 10
2341.127
 20
612.2332863678175
 10
2341.127
 20
612.35
  0
LWPOLYLINE
  5
639
330
17
100
AcDbEntity
  8
RIGHT
100
AcDbPolyline
 90
16
 70
0
 10
2341.127
 20
661.35
 10
2341.127
 20
661.2332863678175
 10
2341.127
 20
660.9033263185845
 10
2341.127
 20
660.4171729424062
 10
2341.127
 20
659.8588865745887
 10
2341.127
 20
659.325
 10
2341.127
 20
658.9078270575939
 10
2341.127
 20
658.6795007390093
 10
2341.127
 20
658.6795007390093
 10
2341.127
 20
658.9078270575939
 10
2341.127
 20
659.325
 10
2341.127
 20
659.8588865745887
 10
2341.127
 20
660.4171729424062
 10
2341.127
 20
660.9033263185845
 10
2341.127
 20
661.2332863678175
 10
2341.127
 20
661.35
  0
LWPOLYLINE
  5
63A
330
17
100
AcDbEntity
  8
RIGHT
100
AcDbPolyline
 90
16
 70
0
 10
2341.127
 20
612.35
 10
2341.127
 20
612.2332863678175
 10
2341.127
 20
611.9033263185845
 10
2341.127
 20
611.4171729424062
 10
2341.127
 20
610.8588865745887
 10
2341.127
 20
610.325
 10
2341.127
 20
609.9078270575939
 10
2341.127
 20
609.6795007390093
 10
2341.127
 20
609.6795007390093
 10
2341.127
 20
609.9078270575939
 10
2341.127
 20
610.325
 10
2341.127
 20
610.8588865745887
 10
2341.127
 20
611.4171729424062
 10
2341.127
 20
611.9033263185845
 10
2341.127
 20
612.2332863678175
 10
2341.127
 20
612.35
  0
LWPOLYLINE
  5
63B
330
17
100
AcDbEntity
  8
RIGHT
100
AcDbPolyline
 90
16
 70
0
 10
2341.127
 20
661.35
 10
2341.127
 20
661.2332863678175
 10
2341.127
 20
660.9033263185845
 10
2341.127
 20
660.4171729424062
 10
2341.127
 20
659.8588865745887
 10
2341.127
 20
659.325
 10
2341.127
 20
658.9078270575939
 10
2341.127
 20
658.6795007390093
 10
2341.127
 20
658.6795007390093
 10
2341.127
 20
658.9078270575939
 10
2341.127
 20
659.325
 10
2341.127
 20
659.8588865745887
 10
2341.127
 20
660.4171729424062
 10
2341.127
 20
660.9033263185845
 10
2341.127
 20
661.2332863678175
 10
2341.127
 20
661.35
  0
LWPOLYLINE
  5
63C
330
17
100
AcDbEntity
  8
RIGHT
100
AcDbPolyline
 90
2
 70
0
 10
2341.127
 20
607.5
 10
2342.727
 20
607.5
  0
LWPOLYLINE
  5
63D
330
17
100
AcDbEntity
  8
RIGHT
100
AcDbPolyline
 90
16
 70
0
 10
2342.727
 20
610.5
 10
2342.727
 20
610.1864146101971
 10
2342.727
 20
609.8762649275467
 10
2342.727
 20
609.5729490168752
 10
2342.727
 20
609.2797900707726
 10
2342.727
 20
609.0
 10
2342.727
 20
608.7366442431226
 10
2342.727
 20
608.4926081809234
 10
2342.727
 20
608.2705655235678
 10
2342.727
 20
608.0729490168752
 10
2342.727
 20
607.9019237886467
 10
2342.727
 20
607.7593636270722
 10
2342.727
 20
607.6468304511145
 10
2342.727
 20
607.5655571977986
 10
2342.727
 20
607.5164343138952
 10
2342.727
 20
607.5
  0
LWPOLYLINE
  5
63E
330
17
100
AcDbEntity
  8
RIGHT
100
AcDbPolyline
 90
2
 70
0
 10
2341.127
 20
663.5
 10
2342.727
 20
663.5
  0
LWPOLYLINE
  5
63F
330
17
100
AcDbEntity
  8
RIGHT
100
AcDbPolyline
 90
16
 70
0
 10
2342.727
 20
660.5
 10
2342.727
 20
660.8135853898029
 10
2342.727
 20
661.1237350724533
 10
2342.727
 20
661.4270509831248
 10
2342.727
 20
661.7202099292274
 10
2342.727
 20
662.0
 10
2342.727
 20
662.2633557568774
 10
2342.727
 20
662.5073918190766
 10
2342.727
 20
662.7294344764322
 10
2342.727
 20
662.9270509831248
 10
2342.727
 20
663.0980762113533
 10
2342.727
 20
663.2406363729278
 10
2342.727
 20
663.3531695488855
 10
2342.727
 20
663.4344428022014
 10
2342.727
 20
663.4835656861048
 10
2342.727
 20
663.5
  0
LWPOLYLINE
  5
640
330
17
100
AcDbEntity
  8
RIGHT
100
AcDbPolyline
 90
16
 70
0
 10
2342.727
 20
610.5
 10
2342.727
 20
610.1864146101971
 10
2342.727
 20
609.8762649275467
 10
2342.727
 20
609.5729490168752
 10
2342.727
 20
609.2797900707726
 10
2342.727
 20
609.0
 10
2342.727
 20
608.7366442431226
 10
2342.727
 20
608.4926081809234
 10
2342.727
 20
608.2705655235678
 10
2342.727
 20
608.0729490168752
 10
2342.727
 20
607.9019237886467
 10
2342.727
 20
607.7593636270722
 10
2342.727
 20
607.6468304511145
 10
2342.727
 20
607.5655571977986
 10
2342.727
 20
607.5164343138952
 10
2342.727
 20
607.5
  0
LWPOLYLINE
  5
641
330
17
100
AcDbEntity
  8
RIGHT
100
AcDbPolyline
 90
2
 70
0
 10
2342.727
 20
610.5
 10
2342.727
 20
660.5
  0
LWPOLYLINE
  5
642
330
17
100
AcDbEntity
  8
RIGHT
100
AcDbPolyline
 90
16
 70
0
 10
2342.727
 20
660.5
 10
2342.727
 20
660.8135853898029
 10
2342.727
 20
661.1237350724533
 10
2342.727
 20
661.4270509831248
 10
2342.727
 20
661.7202099292274
 10
2342.727
 20
662.0
 10
2342.727
 20
662.2633557568774
 10
2342.727
 20
662.5073918190766
 10
2342.727
 20
662.7294344764322
 10
2342.727
 20
662.9270509831248
 10
2342.727
 20
663.0980762113533
 10
2342.727
 20
663.2406363729278
 10
2342.727
 20
663.3531695488855
 10
2342.727
 20
663.4344428022014
 10
2342.727
 20
663.4835656861048
 10
2342.727
 20
663.5
  0
LWPOLYLINE
  5
643
330
17
100
AcDbEntity
  8
RIGHT
100
AcDbPolyline
 90
16
 70
0
 10
2342.727
 20
612.35
 10
2342.727
 20
612.2332863678175
 10
2342.727
 20
611.9033263185845
 10
2342.727
 20
611.4171729424062
 10
2342.727
 20
610.8588865745887
 10
2342.727
 20
610.325
 10
2342.727
 20
609.9078270575939
 10
2342.727
 20
609.6795007390093
 10
2342.727
 20
609.6795007390093
 10
2342.727
 20
609.9078270575939
 10
2342.727
 20
610.325
 10
2342.727
 20
610.8588865745887
 10
2342.727
 20
611.4171729424062
 10
2342.727
 20
611.9033263185845
 10
2342.727
 20
612.2332863678175
 10
2342.727
 20
612.35
  0
LWPOLYLINE
  5
644
330
17
100
AcDbEntity
  8
RIGHT
100
AcDbPolyline
 90
16
 70
0
 10
2342.727
 20
661.35
 10
2342.727
 20
661.2332863678175
 10
2342.727
 20
660.9033263185845
 10
2342.727
 20
660.4171729424062
 10
2342.727
 20
659.8588865745887
 10
2342.727
 20
659.325
 10
2342.727
 20
658.9078270575939
 10
2342.727
 20
658.6795007390093
 10
2342.727
 20
658.6795007390093
 10
2342.727
 20
658.9078270575939
 10
2342.727
 20
659.325
 10
2342.727
 20
659.8588865745887
 10
2342.727
 20
660.4171729424062
 10
2342.727
 20
660.9033263185845
 10
2342.727
 20
661.2332863678175
 10
2342.727
 20
661.35
  0
LWPOLYLINE
  5
645
330
17
100
AcDbEntity
  8
RIGHT
100
AcDbPolyline
 90
16
 70
0
 10
2342.727
 20
612.35
 10
2342.727
 20
612.2332863678175
 10
2342.727
 20
611.9033263185845
 10
2342.727
 20
611.4171729424062
 10
2342.727
 20
610.8588865745887
 10
2342.727
 20
610.325
 10
2342.727
 20
609.9078270575939
 10
2342.727
 20
609.6795007390093
 10
2342.727
 20
609.6795007390093
 10
2342.727
 20
609.9078270575939
 10
2342.727
 20
610.325
 10
2342.727
 20
610.8588865745887
 10
2342.727
 20
611.4171729424062
 10
2342.727
 20
611.9033263185845
 10
2342.727
 20
612.2332863678175
 10
2342.727
 20
612.35
  0
LWPOLYLINE
  5
646
330
17
100
AcDbEntity
  8
RIGHT
100
AcDbPolyline
 90
16
 70
0
 10
2342.727
 20
661.35
 10
2342.727
 20
661.2332863678175
 10
2342.727
 20
660.9033263185845
 10
2342.727
 20
660.4171729424062
 10
2342.727
 20
659.8588865745887
 10
2342.727
 20
659.325
 10
2342.727
 20
658.9078270575939
 10
2342.727
 20
658.6795007390093
 10
2342.727
 20
658.6795007390093
 10
2342.727
 20
658.9078270575939
 10
2342.727
 20
659.325
 10
2342.727
 20
659.8588865745887
 10
2342.727
 20
660.4171729424062
 10
2342.727
 20
660.9033263185845
 10
2342.727
 20
661.2332863678175
 10
2342.727
 20
661.35
  0
LWPOLYLINE
  5
647
330
17
100
AcDbEntity
  8
RIGHT
100
AcDbPolyline
 90
2
 70
0
 10
2341.127
 20
607.5
 10
2342.727
 20
607.5
  0
LWPOLYLINE
  5
648
330
17
100
AcDbEntity
  8
RIGHT
100
AcDbPolyline
 90
2
 70
0
 10
2341.127
 20
610.5
 10
2342.727
 20
610.5
  0
LWPOLYLINE
  5
649
330
17
100
AcDbEntity
  8
RIGHT
100
AcDbPolyline
 90
2
 70
0
 10
2341.127
 20
660.5
 10
2342.727
 20
660.5
  0
LWPOLYLINE
  5
64A
330
17
100
AcDbEntity
  8
RIGHT
100
AcDbPolyline
 90
2
 70
0
 10
2341.127
 20
663.5
 10
2342.727
 20
663.5
  0
LWPOLYLINE
  5
64B
330
17
100
AcDbEntity
  8
RIGHT
100
AcDbPolyline
 90
2
 70
0
 10
2341.127
 20
612.35
 10
2342.727
 20
612.35
  0
LWPOLYLINE
  5
64C
330
17
100
AcDbEntity
  8
RIGHT
100
AcDbPolyline
 90
2
 70
0
 10
2341.127
 20
661.35
 10
2342.727
 20
661.35
  0
LWPOLYLINE
  5
64D
330
17
100
AcDbEntity
  8
RIGHT
100
AcDbPolyline
 90
2
 70
0
 10
2341.127
 20
612.35
 10
2342.727
 20
612.35
  0
LWPOLYLINE
  5
64E
330
17
100
AcDbEntity
  8
RIGHT
100
AcDbPolyline
 90
2
 70
0
 10
2341.127
 20
661.35
 10
2342.727
 20
661.35
  0
LWPOLYLINE
  5
64F
330
17
100
AcDbEntity
  8
RIGHT
100
AcDbPolyline
 90
2
 70
0
 10
2343.727
 20
607.5
 10
2343.727
 20
663.5
  0
LWPOLYLINE
  5
650
330
17
100
AcDbEntity
  8
RIGHT
100
AcDbPolyline
 90
2
 70
0
 10
2343.727
 20
663.5
 10
2363.727
 20
663.5
  0
LWPOLYLINE
  5
651
330
17
100
AcDbEntity
  8
RIGHT
100
AcDbPolyline
 90
2
 70
0
 10
2363.727
 20
607.5
 10
2363.727
 20
663.5
  0
LWPOLYLINE
  5
652
330
17
100
AcDbEntity
  8
RIGHT
100
AcDbPolyline
 90
2
 70
0
 10
2343.727
 20
607.5
 10
2363.727
 20
607.5
  0
LWPOLYLINE
  5
653
330
17
100
AcDbEntity
  8
RIGHT
100
AcDbPolyline
 90
2
 70
0
 10
2343.727
 20
607.5
 10
2343.727
 20
663.5
  0
LWPOLYLINE
  5
654
330
17
100
AcDbEntity
  8
RIGHT
100
AcDbPolyline
 90
2
 70
0
 10
2343.727
 20
663.5
 10
2363.727
 20
663.5
  0
LWPOLYLINE
  5
655
330
17
100
AcDbEntity
  8
RIGHT
100
AcDbPolyline
 90
2
 70
0
 10
2363.727
 20
607.5
 10
2363.727
 20
663.5
  0
LWPOLYLINE
  5
656
330
17
100
AcDbEntity
  8
RIGHT
100
AcDbPolyline
 90
2
 70
0
 10
2343.727
 20
607.5
 10
2363.727
 20
607.5
  0
LWPOLYLINE
  5
657
330
17
100
AcDbEntity
  8
RIGHT
100
AcDbPolyline
 90
2
 70
0
 10
2342.5
 20
605.0
 10
2342.5
 20
665.0
  0
LWPOLYLINE
  5
658
330
17
100
AcDbEntity
  8
RIGHT
100
AcDbPolyline
 90
2
 70
0
 10
2342.5
 20
665.0
 10
2372.5
 20
665.0
  0
LWPOLYLINE
  5
659
330
17
100
AcDbEntity
  8
RIGHT
100
AcDbPolyline
 90
2
 70
0
 10
2372.5
 20
605.0
 10
2372.5
 20
665.0
  0
LWPOLYLINE
  5
65A
330
17
100
AcDbEntity
  8
RIGHT
100
AcDbPolyline
 90
2
 70
0
 10
2342.5
 20
605.0
 10
2372.5
 20
605.0
  0
LWPOLYLINE
  5
65B
330
17
100
AcDbEntity
  8
RIGHT
100
AcDbPolyline
 90
2
 70
0
 10
2342.5
 20
605.0
 10
2342.5
 20
665.0
  0
LWPOLYLINE
  5
65C
330
17
100
AcDbEntity
  8
RIGHT
100
AcDbPolyline
 90
2
 70
0
 10
2342.5
 20
665.0
 10
2372.5
 20
665.0
  0
LWPOLYLINE
  5
65D
330
17
100
AcDbEntity
  8
RIGHT
100
AcDbPolyline
 90
2
 70
0
 10
2372.5
 20
605.0
 10
2372.5
 20
665.0
  0
LWPOLYLINE
  5
65E
330
17
100
AcDbEntity
  8
RIGHT
100
AcDbPolyline
 90
2
 70
0
 10
2342.5
 20
605.0
 10
2372.5
 20
605.0
  0
LWPOLYLINE
  5
65F
330
17
100
AcDbEntity
  8
RIGHT
100
AcDbPolyline
 90
2
 70
0
 10
2170.3575
 20
800.0
 10
2170.3575
 20
801.5
  0
LWPOLYLINE
  5
660
330
17
100
AcDbEntity
  8
RIGHT
100
AcDbPolyline
 90
2
 70
0
 10
2170.3575
 20
801.5
 10
2445.3575
 20
801.5
  0
LWPOLYLINE
  5
661
330
17
100
AcDbEntity
  8
RIGHT
100
AcDbPolyline
 90
2
 70
0
 10
2445.3575
 20
800.0
 10
2445.3575
 20
801.5
  0
LWPOLYLINE
  5
662
330
17
100
AcDbEntity
  8
RIGHT
100
AcDbPolyline
 90
2
 70
0
 10
2170.3575
 20
800.0
 10
2445.3575
 20
800.0
  0
LWPOLYLINE
  5
663
330
17
100
AcDbEntity
  8
RIGHT
100
AcDbPolyline
 90
2
 70
0
 10
2170.3575
 20
800.0
 10
2170.3575
 20
801.5
  0
LWPOLYLINE
  5
664
330
17
100
AcDbEntity
  8
RIGHT
100
AcDbPolyline
 90
2
 70
0
 10
2170.3575
 20
801.5
 10
2445.3575
 20
801.5
  0
LWPOLYLINE
  5
665
330
17
100
AcDbEntity
  8
RIGHT
100
AcDbPolyline
 90
2
 70
0
 10
2445.3575
 20
800.0
 10
2445.3575
 20
801.5
  0
LWPOLYLINE
  5
666
330
17
100
AcDbEntity
  8
RIGHT
100
AcDbPolyline
 90
2
 70
0
 10
2170.3575
 20
800.0
 10
2445.3575
 20
800.0
  0
LWPOLYLINE
  5
667
330
17
100
AcDbEntity
  8
RIGHT
100
AcDbPolyline
 90
2
 70
0
 10
2296.5
 20
532.0
 10
2296.5
 20
800.0
  0
LWPOLYLINE
  5
668
330
17
100
AcDbEntity
  8
RIGHT
100
AcDbPolyline
 90
2
 70
0
 10
2296.5
 20
800.0
 10
2308.5
 20
800.0
  0
LWPOLYLINE
  5
669
330
17
100
AcDbEntity
  8
RIGHT
100
AcDbPolyline
 90
2
 70
0
 10
2308.5
 20
532.0
 10
2308.5
 20
800.0
  0
LWPOLYLINE
  5
66A
330
17
100
AcDbEntity
  8
RIGHT
100
AcDbPolyline
 90
2
 70
0
 10
2296.5
 20
532.0
 10
2308.5
 20
532.0
  0
LWPOLYLINE
  5
66B
330
17
100
AcDbEntity
  8
RIGHT
100
AcDbPolyline
 90
2
 70
0
 10
2296.5
 20
532.0
 10
2296.5
 20
800.0
  0
LWPOLYLINE
  5
66C
330
17
100
AcDbEntity
  8
RIGHT
100
AcDbPolyline
 90
2
 70
0
 10
2296.5
 20
800.0
 10
2308.5
 20
800.0
  0
LWPOLYLINE
  5
66D
330
17
100
AcDbEntity
  8
RIGHT
100
AcDbPolyline
 90
2
 70
0
 10
2308.5
 20
532.0
 10
2308.5
 20
800.0
  0
LWPOLYLINE
  5
66E
330
17
100
AcDbEntity
  8
RIGHT
100
AcDbPolyline
 90
2
 70
0
 10
2296.5
 20
532.0
 10
2308.5
 20
532.0
  0
LWPOLYLINE
  5
66F
330
17
100
AcDbEntity
  8
RIGHT
100
AcDbPolyline
 90
2
 70
0
 10
2296.5
 20
532.0
 10
2296.5
 20
800.0
  0
LWPOLYLINE
  5
670
330
17
100
AcDbEntity
  8
RIGHT
100
AcDbPolyline
 90
2
 70
0
 10
2296.5
 20
800.0
 10
2308.5
 20
800.0
  0
LWPOLYLINE
  5
671
330
17
100
AcDbEntity
  8
RIGHT
100
AcDbPolyline
 90
2
 70
0
 10
2308.5
 20
532.0
 10
2308.5
 20
800.0
  0
LWPOLYLINE
  5
672
330
17
100
AcDbEntity
  8
RIGHT
100
AcDbPolyline
 90
2
 70
0
 10
2296.5
 20
532.0
 10
2308.5
 20
532.0
  0
LWPOLYLINE
  5
673
330
17
100
AcDbEntity
  8
RIGHT
100
AcDbPolyline
 90
2
 70
0
 10
2296.5
 20
532.0
 10
2296.5
 20
800.0
  0
LWPOLYLINE
  5
674
330
17
100
AcDbEntity
  8
RIGHT
100
AcDbPolyline
 90
2
 70
0
 10
2296.5
 20
800.0
 10
2308.5
 20
800.0
  0
LWPOLYLINE
  5
675
330
17
100
AcDbEntity
  8
RIGHT
100
AcDbPolyline
 90
2
 70
0
 10
2308.5
 20
532.0
 10
2308.5
 20
800.0
  0
LWPOLYLINE
  5
676
330
17
100
AcDbEntity
  8
RIGHT
100
AcDbPolyline
 90
2
 70
0
 10
2296.5
 20
532.0
 10
2308.5
 20
532.0
  0
LWPOLYLINE
  5
677
330
17
100
AcDbEntity
  8
RIGHT
100
AcDbPolyline
 90
2
 70
0
 10
2292.5
 20
524.0
 10
2292.5
 20
532.0
  0
LWPOLYLINE
  5
678
330
17
100
AcDbEntity
  8
RIGHT
100
AcDbPolyline
 90
2
 70
0
 10
2292.5
 20
532.0
 10
2312.5
 20
532.0
  0
LWPOLYLINE
  5
679
330
17
100
AcDbEntity
  8
RIGHT
100
AcDbPolyline
 90
2
 70
0
 10
2312.5
 20
524.0
 10
2312.5
 20
532.0
  0
LWPOLYLINE
  5
67A
330
17
100
AcDbEntity
  8
RIGHT
100
AcDbPolyline
 90
2
 70
0
 10
2292.5
 20
524.0
 10
2312.5
 20
524.0
  0
LWPOLYLINE
  5
67B
330
17
100
AcDbEntity
  8
RIGHT
100
AcDbPolyline
 90
2
 70
0
 10
2292.5
 20
524.0
 10
2292.5
 20
532.0
  0
LWPOLYLINE
  5
67C
330
17
100
AcDbEntity
  8
RIGHT
100
AcDbPolyline
 90
2
 70
0
 10
2292.5
 20
532.0
 10
2312.5
 20
532.0
  0
LWPOLYLINE
  5
67D
330
17
100
AcDbEntity
  8
RIGHT
100
AcDbPolyline
 90
2
 70
0
 10
2312.5
 20
524.0
 10
2312.5
 20
532.0
  0
LWPOLYLINE
  5
67E
330
17
100
AcDbEntity
  8
RIGHT
100
AcDbPolyline
 90
2
 70
0
 10
2292.5
 20
524.0
 10
2312.5
 20
524.0
  0
LWPOLYLINE
  5
67F
330
17
100
AcDbEntity
  8
RIGHT
100
AcDbPolyline
 90
2
 70
0
 10
2292.5
 20
532.0
 10
2292.5
 20
550.0
  0
LWPOLYLINE
  5
680
330
17
100
AcDbEntity
  8
RIGHT
100
AcDbPolyline
 90
2
 70
0
 10
2292.5
 20
550.0
 10
2362.5
 20
550.0
  0
LWPOLYLINE
  5
681
330
17
100
AcDbEntity
  8
RIGHT
100
AcDbPolyline
 90
2
 70
0
 10
2362.5
 20
532.0
 10
2362.5
 20
550.0
  0
LWPOLYLINE
  5
682
330
17
100
AcDbEntity
  8
RIGHT
100
AcDbPolyline
 90
2
 70
0
 10
2292.5
 20
532.0
 10
2362.5
 20
532.0
  0
LWPOLYLINE
  5
683
330
17
100
AcDbEntity
  8
RIGHT
100
AcDbPolyline
 90
2
 70
0
 10
2292.5
 20
532.0
 10
2292.5
 20
550.0
  0
LWPOLYLINE
  5
684
330
17
100
AcDbEntity
  8
RIGHT
100
AcDbPolyline
 90
2
 70
0
 10
2292.5
 20
550.0
 10
2362.5
 20
550.0
  0
LWPOLYLINE
  5
685
330
17
100
AcDbEntity
  8
RIGHT
100
AcDbPolyline
 90
2
 70
0
 10
2362.5
 20
532.0
 10
2362.5
 20
550.0
  0
LWPOLYLINE
  5
686
330
17
100
AcDbEntity
  8
RIGHT
100
AcDbPolyline
 90
2
 70
0
 10
2292.5
 20
532.0
 10
2362.5
 20
532.0
  0
LWPOLYLINE
  5
687
330
17
100
AcDbEntity
  8
RIGHT
100
AcDbPolyline
 90
2
 70
0
 10
2292.5
 20
532.0
 10
2292.5
 20
550.0
  0
LWPOLYLINE
  5
688
330
17
100
AcDbEntity
  8
RIGHT
100
AcDbPolyline
 90
2
 70
0
 10
2292.5
 20
550.0
 10
2362.5
 20
550.0
  0
LWPOLYLINE
  5
689
330
17
100
AcDbEntity
  8
RIGHT
100
AcDbPolyline
 90
2
 70
0
 10
2362.5
 20
532.0
 10
2362.5
 20
550.0
  0
LWPOLYLINE
  5
68A
330
17
100
AcDbEntity
  8
RIGHT
100
AcDbPolyline
 90
2
 70
0
 10
2292.5
 20
532.0
 10
2362.5
 20
532.0
  0
LWPOLYLINE
  5
68B
330
17
100
AcDbEntity
  8
RIGHT
100
AcDbPolyline
 90
2
 70
0
 10
2292.5
 20
532.0
 10
2292.5
 20
550.0
  0
LWPOLYLINE
  5
68C
330
17
100
AcDbEntity
  8
RIGHT
100
AcDbPolyline
 90
2
 70
0
 10
2292.5
 20
550.0
 10
2362.5
 20
550.0
  0
LWPOLYLINE
  5
68D
330
17
100
AcDbEntity
  8
RIGHT
100
AcDbPolyline
 90
2
 70
0
 10
2362.5
 20
532.0
 10
2362.5
 20
550.0
  0
LWPOLYLINE
  5
68E
330
17
100
AcDbEntity
  8
RIGHT
100
AcDbPolyline
 90
2
 70
0
 10
2292.5
 20
532.0
 10
2362.5
 20
532.0
  0
LWPOLYLINE
  5
68F
330
17
100
AcDbEntity
  8
RIGHT
100
AcDbPolyline
 90
2
 70
0
 10
1872.5
 20
0.0
 10
1872.5
 20
30.0
  0
LWPOLYLINE
  5
690
330
17
100
AcDbEntity
  8
RIGHT
100
AcDbPolyline
 90
2
 70
0
 10
1872.5
 20
30.0
 10
2772.5
 20
30.0
  0
LWPOLYLINE
  5
691
330
17
100
AcDbEntity
  8
RIGHT
100
AcDbPolyline
 90
2
 70
0
 10
2772.5
 20
0.0
 10
2772.5
 20
30.0
  0
LWPOLYLINE
  5
692
330
17
100
AcDbEntity
  8
RIGHT
100
AcDbPolyline
 90
2
 70
0
 10
1872.5
 20
0.0
 10
2772.5
 20
0.0
  0
LWPOLYLINE
  5
693
330
17
100
AcDbEntity
  8
RIGHT
100
AcDbPolyline
 90
2
 70
0
 10
1872.5
 20
0.0
 10
1872.5
 20
30.0
  0
LWPOLYLINE
  5
694
330
17
100
AcDbEntity
  8
RIGHT
100
AcDbPolyline
 90
2
 70
0
 10
1872.5
 20
30.0
 10
2772.5
 20
30.0
  0
LWPOLYLINE
  5
695
330
17
100
AcDbEntity
  8
RIGHT
100
AcDbPolyline
 90
16
 70
0
 10
1892.5
 20
30.0
 10
1894.2286307330721
 20
30.0
 10
1895.6583655082788
 20
30.0
 10
1896.5419901942544
 20
30.0
 10
1896.7267180553151
 20
30.0
 10
1896.180607966084
 20
30.0
 10
1894.998087322243
 20
30.0
 10
1893.3836246859755
 20
30.0
 10
1891.6163753140245
 20
30.0
 10
1890.001912677757
 20
30.0
 10
1888.819392033916
 20
30.0
 10
1888.2732819446849
 20
30.0
 10
1888.4580098057456
 20
30.0
 10
1889.3416344917212
 20
30.0
 10
1890.7713692669279
 20
30.0
 10
1892.5
 20
30.0
  0
LWPOLYLINE
  5
696
330
17
100
AcDbEntity
  8
RIGHT
100
AcDbPolyline
 90
16
 70
0
 10
2752.5
 20
30.0
 10
2754.2286307330724
 20
30.0
 10
2755.6583655082786
 20
30.0
 10
2756.541990194254
 20
30.0
 10
2756.7267180553154
 20
30.0
 10
2756.1806079660837
 20
30.0
 10
2754.998087322243
 20
30.0
 10
2753.3836246859755
 20
30.0
 10
2751.6163753140245
 20
30.0
 10
2750.001912677757
 20
30.0
 10
2748.8193920339163
 20
30.0
 10
2748.2732819446846
 20
30.0
 10
2748.458009805746
 20
30.0
 10
2749.3416344917214
 20
30.0
 10
2750.7713692669276
 20
30.0
 10
2752.5
 20
30.0
  0
LWPOLYLINE
  5
697
330
17
100
AcDbEntity
  8
RIGHT
100
AcDbPolyline
 90
2
 70
0
 10
2772.5
 20
0.0
 10
2772.5
 20
30.0
  0
LWPOLYLINE
  5
698
330
17
100
AcDbEntity
  8
RIGHT
100
AcDbPolyline
 90
2
 70
0
 10
1872.5
 20
0.0
 10
2772.5
 20
0.0
  0
LWPOLYLINE
  5
699
330
17
100
AcDbEntity
  8
RIGHT
100
AcDbPolyline
 90
16
 70
0
 10
1892.5
 20
0.0
 10
1894.2286307330721
 20
0.0
 10
1895.6583655082788
 20
0.0
 10
1896.5419901942544
 20
0.0
 10
1896.7267180553151
 20
0.0
 10
1896.180607966084
 20
0.0
 10
1894.998087322243
 20
0.0
 10
1893.3836246859755
 20
0.0
 10
1891.6163753140245
 20
0.0
 10
1890.001912677757
 20
0.0
 10
1888.819392033916
 20
0.0
 10
1888.2732819446849
 20
0.0
 10
1888.4580098057456
 20
0.0
 10
1889.3416344917212
 20
0.0
 10
1890.7713692669279
 20
0.0
 10
1892.5
 20
0.0
  0
LWPOLYLINE
  5
69A
330
17
100
AcDbEntity
  8
RIGHT
100
AcDbPolyline
 90
16
 70
0
 10
2752.5
 20
0.0
 10
2754.2286307330724
 20
0.0
 10
2755.6583655082786
 20
0.0
 10
2756.541990194254
 20
0.0
 10
2756.7267180553154
 20
0.0
 10
2756.1806079660837
 20
0.0
 10
2754.998087322243
 20
0.0
 10
2753.3836246859755
 20
0.0
 10
2751.6163753140245
 20
0.0
 10
2750.001912677757
 20
0.0
 10
2748.8193920339163
 20
0.0
 10
2748.2732819446846
 20
0.0
 10
2748.458009805746
 20
0.0
 10
2749.3416344917214
 20
0.0
 10
2750.7713692669276
 20
0.0
 10
2752.5
 20
0.0
  0
LWPOLYLINE
  5
69B
330
17
100
AcDbEntity
  8
RIGHT
100
AcDbPolyline
 90
2
 70
0
 10
1892.5
 20
0.0
 10
1892.5
 20
30.0
  0
LWPOLYLINE
  5
69C
330
17
100
AcDbEntity
  8
RIGHT
100
AcDbPolyline
 90
2
 70
0
 10
2752.5
 20
0.0
 10
2752.5
 20
30.0
  0
LWPOLYLINE
  5
69D
330
17
100
AcDbEntity
  8
RIGHT
100
AcDbPolyline
 90
16
 70
0
 10
1892.5
 20
38.0
 10
1895.5505248230684
 20
38.0
 10
1898.0735861910805
 20
38.0
 10
1899.6329238722137
 20
38.0
 10
1899.958914215262
 20
38.0
 10
1898.9951905283833
 20
38.0
 10
1896.9083893921936
 20
38.0
 10
1894.0593376811332
 20
38.0
 10
1890.9406623188668
 20
38.0
 10
1888.0916106078064
 20
38.0
 10
1886.0048094716167
 20
38.0
 10
1885.041085784738
 20
38.0
 10
1885.3670761277863
 20
38.0
 10
1886.9264138089195
 20
38.0
 10
1889.4494751769316
 20
38.0
 10
1892.5
 20
38.0
  0
LWPOLYLINE
  5
69E
330
17
100
AcDbEntity
  8
RIGHT
100
AcDbPolyline
 90
2
 70
0
 10
1892.5
 20
32.0
 10
1892.5
 20
38.0
  0
LWPOLYLINE
  5
69F
330
17
100
AcDbEntity
  8
RIGHT
100
AcDbPolyline
 90
16
 70
0
 10
1892.5
 20
32.0
 10
1895.5505248230684
 20
32.0
 10
1898.0735861910805
 20
32.0
 10
1899.6329238722137
 20
32.0
 10
1899.958914215262
 20
32.0
 10
1898.9951905283833
 20
32.0
 10
1896.9083893921936
 20
32.0
 10
1894.0593376811332
 20
32.0
 10
1890.9406623188668
 20
32.0
 10
1888.0916106078064
 20
32.0
 10
1886.0048094716167
 20
32.0
 10
1885.041085784738
 20
32.0
 10
1885.3670761277863
 20
32.0
 10
1886.9264138089195
 20
32.0
 10
1889.4494751769316
 20
32.0
 10
1892.5
 20
32.0
  0
LWPOLYLINE
  5
6A0
330
17
100
AcDbEntity
  8
RIGHT
100
AcDbPolyline
 90
16
 70
0
 10
1892.5
 20
32.0
 10
1894.1269465723033
 20
32.0
 10
1895.4725793019097
 20
32.0
 10
1896.3042260651805
 20
32.0
 10
1896.4780875814731
 20
32.0
 10
1895.9641016151377
 20
32.0
 10
1894.8511410091699
 20
32.0
 10
1893.331646763271
 20
32.0
 10
1891.668353236729
 20
32.0
 10
1890.1488589908301
 20
32.0
 10
1889.0358983848623
 20
32.0
 10
1888.5219124185269
 20
32.0
 10
1888.6957739348195
 20
32.0
 10
1889.5274206980903
 20
32.0
 10
1890.8730534276967
 20
32.0
 10
1892.5
 20
32.0
  0
LWPOLYLINE
  5
6A1
330
17
100
AcDbEntity
  8
RIGHT
100
AcDbPolyline
 90
2
 70
0
 10
1892.5
 20
2.0
 10
1892.5
 20
32.0
  0
LWPOLYLINE
  5
6A2
330
17
100
AcDbEntity
  8
RIGHT
100
AcDbPolyline
 90
16
 70
0
 10
1892.5
 20
2.0
 10
1894.1269465723033
 20
2.0
 10
1895.4725793019097
 20
2.0
 10
1896.3042260651805
 20
2.0
 10
1896.4780875814731
 20
2.0
 10
1895.9641016151377
 20
2.0
 10
1894.8511410091699
 20
2.0
 10
1893.331646763271
 20
2.0
 10
1891.668353236729
 20
2.0
 10
1890.1488589908301
 20
2.0
 10
1889.0358983848623
 20
2.0
 10
1888.5219124185269
 20
2.0
 10
1888.6957739348195
 20
2.0
 10
1889.5274206980903
 20
2.0
 10
1890.8730534276967
 20
2.0
 10
1892.5
 20
2.0
  0
LWPOLYLINE
  5
6A3
330
17
100
AcDbEntity
  8
RIGHT
100
AcDbPolyline
 90
16
 70
0
 10
1892.5
 20
32.0
 10
1896.1606297876822
 20
32.0
 10
1899.1883034292964
 20
32.0
 10
1901.0595086466565
 20
32.0
 10
1901.4506970583145
 20
32.0
 10
1900.29422863406
 20
32.0
 10
1897.7900672706323
 20
32.0
 10
1894.3712052173598
 20
32.0
 10
1890.6287947826402
 20
32.0
 10
1887.2099327293677
 20
32.0
 10
1884.70577136594
 20
32.0
 10
1883.5493029416855
 20
32.0
 10
1883.9404913533435
 20
32.0
 10
1885.8116965707036
 20
32.0
 10
1888.8393702123178
 20
32.0
 10
1892.5
 20
32.0
  0
LWPOLYLINE
  5
6A4
330
17
100
AcDbEntity
  8
RIGHT
100
AcDbPolyline
 90
2
 70
0
 10
1892.5
 20
30.0
 10
1892.5
 20
32.0
  0
LWPOLYLINE
  5
6A5
330
17
100
AcDbEntity
  8
RIGHT
100
AcDbPolyline
 90
16
 70
0
 10
1892.5
 20
30.0
 10
1896.1606297876822
 20
30.0
 10
1899.1883034292964
 20
30.0
 10
1901.0595086466565
 20
30.0
 10
1901.4506970583145
 20
30.0
 10
1900.29422863406
 20
30.0
 10
1897.7900672706323
 20
30.0
 10
1894.3712052173598
 20
30.0
 10
1890.6287947826402
 20
30.0
 10
1887.2099327293677
 20
30.0
 10
1884.70577136594
 20
30.0
 10
1883.5493029416855
 20
30.0
 10
1883.9404913533435
 20
30.0
 10
1885.8116965707036
 20
30.0
 10
1888.8393702123178
 20
30.0
 10
1892.5
 20
30.0
  0
LWPOLYLINE
  5
6A6
330
17
100
AcDbEntity
  8
RIGHT
100
AcDbPolyline
 90
16
 70
0
 10
1892.5
 20
32.0
 10
1894.3303148938412
 20
32.0
 10
1895.8441517146482
 20
32.0
 10
1896.7797543233282
 20
32.0
 10
1896.9753485291571
 20
32.0
 10
1896.39711431703
 20
32.0
 10
1895.1450336353162
 20
32.0
 10
1893.4356026086798
 20
32.0
 10
1891.5643973913202
 20
32.0
 10
1889.8549663646838
 20
32.0
 10
1888.60288568297
 20
32.0
 10
1888.0246514708429
 20
32.0
 10
1888.2202456766718
 20
32.0
 10
1889.1558482853518
 20
32.0
 10
1890.6696851061588
 20
32.0
 10
1892.5
 20
32.0
  0
LWPOLYLINE
  5
6A7
330
17
100
AcDbEntity
  8
RIGHT
100
AcDbPolyline
 90
16
 70
0
 10
1892.5
 20
30.0
 10
1894.3303148938412
 20
30.0
 10
1895.8441517146482
 20
30.0
 10
1896.7797543233282
 20
30.0
 10
1896.9753485291571
 20
30.0
 10
1896.39711431703
 20
30.0
 10
1895.1450336353162
 20
30.0
 10
1893.4356026086798
 20
30.0
 10
1891.5643973913202
 20
30.0
 10
1889.8549663646838
 20
30.0
 10
1888.60288568297
 20
30.0
 10
1888.0246514708429
 20
30.0
 10
1888.2202456766718
 20
30.0
 10
1889.1558482853518
 20
30.0
 10
1890.6696851061588
 20
30.0
 10
1892.5
 20
30.0
  0
LWPOLYLINE
  5
6A8
330
17
100
AcDbEntity
  8
RIGHT
100
AcDbPolyline
 90
2
 70
0
 10
1892.5
 20
30.0
 10
1892.5
 20
32.0
  0
LWPOLYLINE
  5
6A9
330
17
100
AcDbEntity
  8
RIGHT
100
AcDbPolyline
 90
16
 70
0
 10
2752.5
 20
38.0
 10
2755.5505248230684
 20
38.0
 10
2758.0735861910807
 20
38.0
 10
2759.6329238722137
 20
38.0
 10
2759.9589142152618
 20
38.0
 10
2758.9951905283833
 20
38.0
 10
2756.9083893921934
 20
38.0
 10
2754.059337681133
 20
38.0
 10
2750.940662318867
 20
38.0
 10
2748.0916106078066
 20
38.0
 10
2746.0048094716167
 20
38.0
 10
2745.0410857847382
 20
38.0
 10
2745.3670761277863
 20
38.0
 10
2746.9264138089193
 20
38.0
 10
2749.4494751769316
 20
38.0
 10
2752.5
 20
38.0
  0
LWPOLYLINE
  5
6AA
330
17
100
AcDbEntity
  8
RIGHT
100
AcDbPolyline
 90
2
 70
0
 10
2752.5
 20
32.0
 10
2752.5
 20
38.0
  0
LWPOLYLINE
  5
6AB
330
17
100
AcDbEntity
  8
RIGHT
100
AcDbPolyline
 90
16
 70
0
 10
2752.5
 20
32.0
 10
2755.5505248230684
 20
32.0
 10
2758.0735861910807
 20
32.0
 10
2759.6329238722137
 20
32.0
 10
2759.9589142152618
 20
32.0
 10
2758.9951905283833
 20
32.0
 10
2756.9083893921934
 20
32.0
 10
2754.059337681133
 20
32.0
 10
2750.940662318867
 20
32.0
 10
2748.0916106078066
 20
32.0
 10
2746.0048094716167
 20
32.0
 10
2745.0410857847382
 20
32.0
 10
2745.3670761277863
 20
32.0
 10
2746.9264138089193
 20
32.0
 10
2749.4494751769316
 20
32.0
 10
2752.5
 20
32.0
  0
LWPOLYLINE
  5
6AC
330
17
100
AcDbEntity
  8
RIGHT
100
AcDbPolyline
 90
16
 70
0
 10
2752.5
 20
32.0
 10
2754.1269465723035
 20
32.0
 10
2755.4725793019097
 20
32.0
 10
2756.3042260651805
 20
32.0
 10
2756.478087581473
 20
32.0
 10
2755.9641016151377
 20
32.0
 10
2754.8511410091696
 20
32.0
 10
2753.3316467632712
 20
32.0
 10
2751.6683532367288
 20
32.0
 10
2750.1488589908304
 20
32.0
 10
2749.0358983848623
 20
32.0
 10
2748.521912418527
 20
32.0
 10
2748.6957739348195
 20
32.0
 10
2749.5274206980903
 20
32.0
 10
2750.8730534276965
 20
32.0
 10
2752.5
 20
32.0
  0
LWPOLYLINE
  5
6AD
330
17
100
AcDbEntity
  8
RIGHT
100
AcDbPolyline
 90
2
 70
0
 10
2752.5
 20
2.0
 10
2752.5
 20
32.0
  0
LWPOLYLINE
  5
6AE
330
17
100
AcDbEntity
  8
RIGHT
100
AcDbPolyline
 90
16
 70
0
 10
2752.5
 20
2.0
 10
2754.1269465723035
 20
2.0
 10
2755.4725793019097
 20
2.0
 10
2756.3042260651805
 20
2.0
 10
2756.478087581473
 20
2.0
 10
2755.9641016151377
 20
2.0
 10
2754.8511410091696
 20
2.0
 10
2753.3316467632712
 20
2.0
 10
2751.6683532367288
 20
2.0
 10
2750.1488589908304
 20
2.0
 10
2749.0358983848623
 20
2.0
 10
2748.521912418527
 20
2.0
 10
2748.6957739348195
 20
2.0
 10
2749.5274206980903
 20
2.0
 10
2750.8730534276965
 20
2.0
 10
2752.5
 20
2.0
  0
LWPOLYLINE
  5
6AF
330
17
100
AcDbEntity
  8
RIGHT
100
AcDbPolyline
 90
16
 70
0
 10
2752.5
 20
32.0
 10
2756.1606297876824
 20
32.0
 10
2759.1883034292964
 20
32.0
 10
2761.0595086466565
 20
32.0
 10
2761.4506970583143
 20
32.0
 10
2760.29422863406
 20
32.0
 10
2757.7900672706323
 20
32.0
 10
2754.3712052173596
 20
32.0
 10
2750.6287947826404
 20
32.0
 10
2747.2099327293677
 20
32.0
 10
2744.70577136594
 20
32.0
 10
2743.5493029416857
 20
32.0
 10
2743.9404913533435
 20
32.0
 10
2745.8116965707036
 20
32.0
 10
2748.8393702123176
 20
32.0
 10
2752.5
 20
32.0
  0
LWPOLYLINE
  5
6B0
330
17
100
AcDbEntity
  8
RIGHT
100
AcDbPolyline
 90
2
 70
0
 10
2752.5
 20
30.0
 10
2752.5
 20
32.0
  0
LWPOLYLINE
  5
6B1
330
17
100
AcDbEntity
  8
RIGHT
100
AcDbPolyline
 90
16
 70
0
 10
2752.5
 20
30.0
 10
2756.1606297876824
 20
30.0
 10
2759.1883034292964
 20
30.0
 10
2761.0595086466565
 20
30.0
 10
2761.4506970583143
 20
30.0
 10
2760.29422863406
 20
30.0
 10
2757.7900672706323
 20
30.0
 10
2754.3712052173596
 20
30.0
 10
2750.6287947826404
 20
30.0
 10
2747.2099327293677
 20
30.0
 10
2744.70577136594
 20
30.0
 10
2743.5493029416857
 20
30.0
 10
2743.9404913533435
 20
30.0
 10
2745.8116965707036
 20
30.0
 10
2748.8393702123176
 20
30.0
 10
2752.5
 20
30.0
  0
LWPOLYLINE
  5
6B2
330
17
100
AcDbEntity
  8
RIGHT
100
AcDbPolyline
 90
16
 70
0
 10
2752.5
 20
32.0
 10
2754.330314893841
 20
32.0
 10
2755.8441517146484
 20
32.0
 10
2756.7797543233282
 20
32.0
 10
2756.975348529157
 20
32.0
 10
2756.39711431703
 20
32.0
 10
2755.1450336353164
 20
32.0
 10
2753.43560260868
 20
32.0
 10
2751.56439739132
 20
32.0
 10
2749.8549663646836
 20
32.0
 10
2748.60288568297
 20
32.0
 10
2748.024651470843
 20
32.0
 10
2748.2202456766718
 20
32.0
 10
2749.1558482853516
 20
32.0
 10
2750.669685106159
 20
32.0
 10
2752.5
 20
32.0
  0
LWPOLYLINE
  5
6B3
330
17
100
AcDbEntity
  8
RIGHT
100
AcDbPolyline
 90
16
 70
0
 10
2752.5
 20
30.0
 10
2754.330314893841
 20
30.0
 10
2755.8441517146484
 20
30.0
 10
2756.7797543233282
 20
30.0
 10
2756.975348529157
 20
30.0
 10
2756.39711431703
 20
30.0
 10
2755.1450336353164
 20
30.0
 10
2753.43560260868
 20
30.0
 10
2751.56439739132
 20
30.0
 10
2749.8549663646836
 20
30.0
 10
2748.60288568297
 20
30.0
 10
2748.024651470843
 20
30.0
 10
2748.2202456766718
 20
30.0
 10
2749.1558482853516
 20
30.0
 10
2750.669685106159
 20
30.0
 10
2752.5
 20
30.0
  0
LWPOLYLINE
  5
6B4
330
17
100
AcDbEntity
  8
RIGHT
100
AcDbPolyline
 90
2
 70
0
 10
2752.5
 20
30.0
 10
2752.5
 20
32.0
  0
LWPOLYLINE
  5
6B5
330
17
100
AcDbEntity
  8
RIGHT
100
AcDbPolyline
 90
2
 70
0
 10
1872.5
 20
0.0
 10
1872.5
 20
30.0
  0
LWPOLYLINE
  5
6B6
330
17
100
AcDbEntity
  8
RIGHT
100
AcDbPolyline
 90
2
 70
0
 10
1872.5
 20
30.0
 10
2772.5
 20
30.0
  0
LWPOLYLINE
  5
6B7
330
17
100
AcDbEntity
  8
RIGHT
100
AcDbPolyline
 90
2
 70
0
 10
2772.5
 20
0.0
 10
2772.5
 20
30.0
  0
LWPOLYLINE
  5
6B8
330
17
100
AcDbEntity
  8
RIGHT
100
AcDbPolyline
 90
2
 70
0
 10
1872.5
 20
0.0
 10
2772.5
 20
0.0
  0
LWPOLYLINE
  5
6B9
330
17
100
AcDbEntity
  8
RIGHT
100
AcDbPolyline
 90
2
 70
0
 10
1872.5
 20
0.0
 10
1872.5
 20
30.0
  0
LWPOLYLINE
  5
6BA
330
17
100
AcDbEntity
  8
RIGHT
100
AcDbPolyline
 90
2
 70
0
 10
1872.5
 20
30.0
 10
2772.5
 20
30.0
  0
LWPOLYLINE
  5
6BB
330
17
100
AcDbEntity
  8
RIGHT
100
AcDbPolyline
 90
16
 70
0
 10
1892.5
 20
30.0
 10
1894.2286307330721
 20
30.0
 10
1895.6583655082788
 20
30.0
 10
1896.5419901942544
 20
30.0
 10
1896.7267180553151
 20
30.0
 10
1896.180607966084
 20
30.0
 10
1894.998087322243
 20
30.0
 10
1893.3836246859755
 20
30.0
 10
1891.6163753140245
 20
30.0
 10
1890.001912677757
 20
30.0
 10
1888.819392033916
 20
30.0
 10
1888.2732819446849
 20
30.0
 10
1888.4580098057456
 20
30.0
 10
1889.3416344917212
 20
30.0
 10
1890.7713692669279
 20
30.0
 10
1892.5
 20
30.0
  0
LWPOLYLINE
  5
6BC
330
17
100
AcDbEntity
  8
RIGHT
100
AcDbPolyline
 90
16
 70
0
 10
2752.5
 20
30.0
 10
2754.2286307330724
 20
30.0
 10
2755.6583655082786
 20
30.0
 10
2756.541990194254
 20
30.0
 10
2756.7267180553154
 20
30.0
 10
2756.1806079660837
 20
30.0
 10
2754.998087322243
 20
30.0
 10
2753.3836246859755
 20
30.0
 10
2751.6163753140245
 20
30.0
 10
2750.001912677757
 20
30.0
 10
2748.8193920339163
 20
30.0
 10
2748.2732819446846
 20
30.0
 10
2748.458009805746
 20
30.0
 10
2749.3416344917214
 20
30.0
 10
2750.7713692669276
 20
30.0
 10
2752.5
 20
30.0
  0
LWPOLYLINE
  5
6BD
330
17
100
AcDbEntity
  8
RIGHT
100
AcDbPolyline
 90
2
 70
0
 10
2772.5
 20
0.0
 10
2772.5
 20
30.0
  0
LWPOLYLINE
  5
6BE
330
17
100
AcDbEntity
  8
RIGHT
100
AcDbPolyline
 90
2
 70
0
 10
1872.5
 20
0.0
 10
2772.5
 20
0.0
  0
LWPOLYLINE
  5
6BF
330
17
100
AcDbEntity
  8
RIGHT
100
AcDbPolyline
 90
16
 70
0
 10
1892.5
 20
0.0
 10
1894.2286307330721
 20
0.0
 10
1895.6583655082788
 20
0.0
 10
1896.5419901942544
 20
0.0
 10
1896.7267180553151
 20
0.0
 10
1896.180607966084
 20
0.0
 10
1894.998087322243
 20
0.0
 10
1893.3836246859755
 20
0.0
 10
1891.6163753140245
 20
0.0
 10
1890.001912677757
 20
0.0
 10
1888.819392033916
 20
0.0
 10
1888.2732819446849
 20
0.0
 10
1888.4580098057456
 20
0.0
 10
1889.3416344917212
 20
0.0
 10
1890.7713692669279
 20
0.0
 10
1892.5
 20
0.0
  0
LWPOLYLINE
  5
6C0
330
17
100
AcDbEntity
  8
RIGHT
100
AcDbPolyline
 90
16
 70
0
 10
2752.5
 20
0.0
 10
2754.2286307330724
 20
0.0
 10
2755.6583655082786
 20
0.0
 10
2756.541990194254
 20
0.0
 10
2756.7267180553154
 20
0.0
 10
2756.1806079660837
 20
0.0
 10
2754.998087322243
 20
0.0
 10
2753.3836246859755
 20
0.0
 10
2751.6163753140245
 20
0.0
 10
2750.001912677757
 20
0.0
 10
2748.8193920339163
 20
0.0
 10
2748.2732819446846
 20
0.0
 10
2748.458009805746
 20
0.0
 10
2749.3416344917214
 20
0.0
 10
2750.7713692669276
 20
0.0
 10
2752.5
 20
0.0
  0
LWPOLYLINE
  5
6C1
330
17
100
AcDbEntity
  8
RIGHT
100
AcDbPolyline
 90
2
 70
0
 10
1892.5
 20
0.0
 10
1892.5
 20
30.0
  0
LWPOLYLINE
  5
6C2
330
17
100
AcDbEntity
  8
RIGHT
100
AcDbPolyline
 90
2
 70
0
 10
2752.5
 20
0.0
 10
2752.5
 20
30.0
  0
LWPOLYLINE
  5
6C3
330
17
100
AcDbEntity
  8
RIGHT
100
AcDbPolyline
 90
16
 70
0
 10
1892.5
 20
38.0
 10
1895.5505248230684
 20
38.0
 10
1898.0735861910805
 20
38.0
 10
1899.6329238722137
 20
38.0
 10
1899.958914215262
 20
38.0
 10
1898.9951905283833
 20
38.0
 10
1896.9083893921936
 20
38.0
 10
1894.0593376811332
 20
38.0
 10
1890.9406623188668
 20
38.0
 10
1888.0916106078064
 20
38.0
 10
1886.0048094716167
 20
38.0
 10
1885.041085784738
 20
38.0
 10
1885.3670761277863
 20
38.0
 10
1886.9264138089195
 20
38.0
 10
1889.4494751769316
 20
38.0
 10
1892.5
 20
38.0
  0
LWPOLYLINE
  5
6C4
330
17
100
AcDbEntity
  8
RIGHT
100
AcDbPolyline
 90
2
 70
0
 10
1892.5
 20
32.0
 10
1892.5
 20
38.0
  0
LWPOLYLINE
  5
6C5
330
17
100
AcDbEntity
  8
RIGHT
100
AcDbPolyline
 90
16
 70
0
 10
1892.5
 20
32.0
 10
1895.5505248230684
 20
32.0
 10
1898.0735861910805
 20
32.0
 10
1899.6329238722137
 20
32.0
 10
1899.958914215262
 20
32.0
 10
1898.9951905283833
 20
32.0
 10
1896.9083893921936
 20
32.0
 10
1894.0593376811332
 20
32.0
 10
1890.9406623188668
 20
32.0
 10
1888.0916106078064
 20
32.0
 10
1886.0048094716167
 20
32.0
 10
1885.041085784738
 20
32.0
 10
1885.3670761277863
 20
32.0
 10
1886.9264138089195
 20
32.0
 10
1889.4494751769316
 20
32.0
 10
1892.5
 20
32.0
  0
LWPOLYLINE
  5
6C6
330
17
100
AcDbEntity
  8
RIGHT
100
AcDbPolyline
 90
16
 70
0
 10
1892.5
 20
32.0
 10
1894.1269465723033
 20
32.0
 10
1895.4725793019097
 20
32.0
 10
1896.3042260651805
 20
32.0
 10
1896.4780875814731
 20
32.0
 10
1895.9641016151377
 20
32.0
 10
1894.8511410091699
 20
32.0
 10
1893.331646763271
 20
32.0
 10
1891.668353236729
 20
32.0
 10
1890.1488589908301
 20
32.0
 10
1889.0358983848623
 20
32.0
 10
1888.5219124185269
 20
32.0
 10
1888.6957739348195
 20
32.0
 10
1889.5274206980903
 20
32.0
 10
1890.8730534276967
 20
32.0
 10
1892.5
 20
32.0
  0
LWPOLYLINE
  5
6C7
330
17
100
AcDbEntity
  8
RIGHT
100
AcDbPolyline
 90
2
 70
0
 10
1892.5
 20
2.0
 10
1892.5
 20
32.0
  0
LWPOLYLINE
  5
6C8
330
17
100
AcDbEntity
  8
RIGHT
100
AcDbPolyline
 90
16
 70
0
 10
1892.5
 20
2.0
 10
1894.1269465723033
 20
2.0
 10
1895.4725793019097
 20
2.0
 10
1896.3042260651805
 20
2.0
 10
1896.4780875814731
 20
2.0
 10
1895.9641016151377
 20
2.0
 10
1894.8511410091699
 20
2.0
 10
1893.331646763271
 20
2.0
 10
1891.668353236729
 20
2.0
 10
1890.1488589908301
 20
2.0
 10
1889.0358983848623
 20
2.0
 10
1888.5219124185269
 20
2.0
 10
1888.6957739348195
 20
2.0
 10
1889.5274206980903
 20
2.0
 10
1890.8730534276967
 20
2.0
 10
1892.5
 20
2.0
  0
LWPOLYLINE
  5
6C9
330
17
100
AcDbEntity
  8
RIGHT
100
AcDbPolyline
 90
16
 70
0
 10
1892.5
 20
32.0
 10
1896.1606297876822
 20
32.0
 10
1899.1883034292964
 20
32.0
 10
1901.0595086466565
 20
32.0
 10
1901.4506970583145
 20
32.0
 10
1900.29422863406
 20
32.0
 10
1897.7900672706323
 20
32.0
 10
1894.3712052173598
 20
32.0
 10
1890.6287947826402
 20
32.0
 10
1887.2099327293677
 20
32.0
 10
1884.70577136594
 20
32.0
 10
1883.5493029416855
 20
32.0
 10
1883.9404913533435
 20
32.0
 10
1885.8116965707036
 20
32.0
 10
1888.8393702123178
 20
32.0
 10
1892.5
 20
32.0
  0
LWPOLYLINE
  5
6CA
330
17
100
AcDbEntity
  8
RIGHT
100
AcDbPolyline
 90
2
 70
0
 10
1892.5
 20
30.0
 10
1892.5
 20
32.0
  0
LWPOLYLINE
  5
6CB
330
17
100
AcDbEntity
  8
RIGHT
100
AcDbPolyline
 90
16
 70
0
 10
1892.5
 20
30.0
 10
1896.1606297876822
 20
30.0
 10
1899.1883034292964
 20
30.0
 10
1901.0595086466565
 20
30.0
 10
1901.4506970583145
 20
30.0
 10
1900.29422863406
 20
30.0
 10
1897.7900672706323
 20
30.0
 10
1894.3712052173598
 20
30.0
 10
1890.6287947826402
 20
30.0
 10
1887.2099327293677
 20
30.0
 10
1884.70577136594
 20
30.0
 10
1883.5493029416855
 20
30.0
 10
1883.9404913533435
 20
30.0
 10
1885.8116965707036
 20
30.0
 10
1888.8393702123178
 20
30.0
 10
1892.5
 20
30.0
  0
LWPOLYLINE
  5
6CC
330
17
100
AcDbEntity
  8
RIGHT
100
AcDbPolyline
 90
16
 70
0
 10
1892.5
 20
32.0
 10
1894.3303148938412
 20
32.0
 10
1895.8441517146482
 20
32.0
 10
1896.7797543233282
 20
32.0
 10
1896.9753485291571
 20
32.0
 10
1896.39711431703
 20
32.0
 10
1895.1450336353162
 20
32.0
 10
1893.4356026086798
 20
32.0
 10
1891.5643973913202
 20
32.0
 10
1889.8549663646838
 20
32.0
 10
1888.60288568297
 20
32.0
 10
1888.0246514708429
 20
32.0
 10
1888.2202456766718
 20
32.0
 10
1889.1558482853518
 20
32.0
 10
1890.6696851061588
 20
32.0
 10
1892.5
 20
32.0
  0
LWPOLYLINE
  5
6CD
330
17
100
AcDbEntity
  8
RIGHT
100
AcDbPolyline
 90
16
 70
0
 10
1892.5
 20
30.0
 10
1894.3303148938412
 20
30.0
 10
1895.8441517146482
 20
30.0
 10
1896.7797543233282
 20
30.0
 10
1896.9753485291571
 20
30.0
 10
1896.39711431703
 20
30.0
 10
1895.1450336353162
 20
30.0
 10
1893.4356026086798
 20
30.0
 10
1891.5643973913202
 20
30.0
 10
1889.8549663646838
 20
30.0
 10
1888.60288568297
 20
30.0
 10
1888.0246514708429
 20
30.0
 10
1888.2202456766718
 20
30.0
 10
1889.1558482853518
 20
30.0
 10
1890.6696851061588
 20
30.0
 10
1892.5
 20
30.0
  0
LWPOLYLINE
  5
6CE
330
17
100
AcDbEntity
  8
RIGHT
100
AcDbPolyline
 90
2
 70
0
 10
1892.5
 20
30.0
 10
1892.5
 20
32.0
  0
LWPOLYLINE
  5
6CF
330
17
100
AcDbEntity
  8
RIGHT
100
AcDbPolyline
 90
16
 70
0
 10
2752.5
 20
38.0
 10
2755.5505248230684
 20
38.0
 10
2758.0735861910807
 20
38.0
 10
2759.6329238722137
 20
38.0
 10
2759.9589142152618
 20
38.0
 10
2758.9951905283833
 20
38.0
 10
2756.9083893921934
 20
38.0
 10
2754.059337681133
 20
38.0
 10
2750.940662318867
 20
38.0
 10
2748.0916106078066
 20
38.0
 10
2746.0048094716167
 20
38.0
 10
2745.0410857847382
 20
38.0
 10
2745.3670761277863
 20
38.0
 10
2746.9264138089193
 20
38.0
 10
2749.4494751769316
 20
38.0
 10
2752.5
 20
38.0
  0
LWPOLYLINE
  5
6D0
330
17
100
AcDbEntity
  8
RIGHT
100
AcDbPolyline
 90
2
 70
0
 10
2752.5
 20
32.0
 10
2752.5
 20
38.0
  0
LWPOLYLINE
  5
6D1
330
17
100
AcDbEntity
  8
RIGHT
100
AcDbPolyline
 90
16
 70
0
 10
2752.5
 20
32.0
 10
2755.5505248230684
 20
32.0
 10
2758.0735861910807
 20
32.0
 10
2759.6329238722137
 20
32.0
 10
2759.9589142152618
 20
32.0
 10
2758.9951905283833
 20
32.0
 10
2756.9083893921934
 20
32.0
 10
2754.059337681133
 20
32.0
 10
2750.940662318867
 20
32.0
 10
2748.0916106078066
 20
32.0
 10
2746.0048094716167
 20
32.0
 10
2745.0410857847382
 20
32.0
 10
2745.3670761277863
 20
32.0
 10
2746.9264138089193
 20
32.0
 10
2749.4494751769316
 20
32.0
 10
2752.5
 20
32.0
  0
LWPOLYLINE
  5
6D2
330
17
100
AcDbEntity
  8
RIGHT
100
AcDbPolyline
 90
16
 70
0
 10
2752.5
 20
32.0
 10
2754.1269465723035
 20
32.0
 10
2755.4725793019097
 20
32.0
 10
2756.3042260651805
 20
32.0
 10
2756.478087581473
 20
32.0
 10
2755.9641016151377
 20
32.0
 10
2754.8511410091696
 20
32.0
 10
2753.3316467632712
 20
32.0
 10
2751.6683532367288
 20
32.0
 10
2750.1488589908304
 20
32.0
 10
2749.0358983848623
 20
32.0
 10
2748.521912418527
 20
32.0
 10
2748.6957739348195
 20
32.0
 10
2749.5274206980903
 20
32.0
 10
2750.8730534276965
 20
32.0
 10
2752.5
 20
32.0
  0
LWPOLYLINE
  5
6D3
330
17
100
AcDbEntity
  8
RIGHT
100
AcDbPolyline
 90
2
 70
0
 10
2752.5
 20
2.0
 10
2752.5
 20
32.0
  0
LWPOLYLINE
  5
6D4
330
17
100
AcDbEntity
  8
RIGHT
100
AcDbPolyline
 90
16
 70
0
 10
2752.5
 20
2.0
 10
2754.1269465723035
 20
2.0
 10
2755.4725793019097
 20
2.0
 10
2756.3042260651805
 20
2.0
 10
2756.478087581473
 20
2.0
 10
2755.9641016151377
 20
2.0
 10
2754.8511410091696
 20
2.0
 10
2753.3316467632712
 20
2.0
 10
2751.6683532367288
 20
2.0
 10
2750.1488589908304
 20
2.0
 10
2749.0358983848623
 20
2.0
 10
2748.521912418527
 20
2.0
 10
2748.6957739348195
 20
2.0
 10
2749.5274206980903
 20
2.0
 10
2750.8730534276965
 20
2.0
 10
2752.5
 20
2.0
  0
LWPOLYLINE
  5
6D5
330
17
100
AcDbEntity
  8
RIGHT
100
AcDbPolyline
 90
16
 70
0
 10
2752.5
 20
32.0
 10
2756.1606297876824
 20
32.0
 10
2759.1883034292964
 20
32.0
 10
2761.0595086466565
 20
32.0
 10
2761.4506970583143
 20
32.0
 10
2760.29422863406
 20
32.0
 10
2757.7900672706323
 20
32.0
 10
2754.3712052173596
 20
32.0
 10
2750.6287947826404
 20
32.0
 10
2747.2099327293677
 20
32.0
 10
2744.70577136594
 20
32.0
 10
2743.5493029416857
 20
32.0
 10
2743.9404913533435
 20
32.0
 10
2745.8116965707036
 20
32.0
 10
2748.8393702123176
 20
32.0
 10
2752.5
 20
32.0
  0
LWPOLYLINE
  5
6D6
330
17
100
AcDbEntity
  8
RIGHT
100
AcDbPolyline
 90
2
 70
0
 10
2752.5
 20
30.0
 10
2752.5
 20
32.0
  0
LWPOLYLINE
  5
6D7
330
17
100
AcDbEntity
  8
RIGHT
100
AcDbPolyline
 90
16
 70
0
 10
2752.5
 20
30.0
 10
2756.1606297876824
 20
30.0
 10
2759.1883034292964
 20
30.0
 10
2761.0595086466565
 20
30.0
 10
2761.4506970583143
 20
30.0
 10
2760.29422863406
 20
30.0
 10
2757.7900672706323
 20
30.0
 10
2754.3712052173596
 20
30.0
 10
2750.6287947826404
 20
30.0
 10
2747.2099327293677
 20
30.0
 10
2744.70577136594
 20
30.0
 10
2743.5493029416857
 20
30.0
 10
2743.9404913533435
 20
30.0
 10
2745.8116965707036
 20
30.0
 10
2748.8393702123176
 20
30.0
 10
2752.5
 20
30.0
  0
LWPOLYLINE
  5
6D8
330
17
100
AcDbEntity
  8
RIGHT
100
AcDbPolyline
 90
16
 70
0
 10
2752.5
 20
32.0
 10
2754.330314893841
 20
32.0
 10
2755.8441517146484
 20
32.0
 10
2756.7797543233282
 20
32.0
 10
2756.975348529157
 20
32.0
 10
2756.39711431703
 20
32.0
 10
2755.1450336353164
 20
32.0
 10
2753.43560260868
 20
32.0
 10
2751.56439739132
 20
32.0
 10
2749.8549663646836
 20
32.0
 10
2748.60288568297
 20
32.0
 10
2748.024651470843
 20
32.0
 10
2748.2202456766718
 20
32.0
 10
2749.1558482853516
 20
32.0
 10
2750.669685106159
 20
32.0
 10
2752.5
 20
32.0
  0
LWPOLYLINE
  5
6D9
330
17
100
AcDbEntity
  8
RIGHT
100
AcDbPolyline
 90
16
 70
0
 10
2752.5
 20
30.0
 10
2754.330314893841
 20
30.0
 10
2755.8441517146484
 20
30.0
 10
2756.7797543233282
 20
30.0
 10
2756.975348529157
 20
30.0
 10
2756.39711431703
 20
30.0
 10
2755.1450336353164
 20
30.0
 10
2753.43560260868
 20
30.0
 10
2751.56439739132
 20
30.0
 10
2749.8549663646836
 20
30.0
 10
2748.60288568297
 20
30.0
 10
2748.024651470843
 20
30.0
 10
2748.2202456766718
 20
30.0
 10
2749.1558482853516
 20
30.0
 10
2750.669685106159
 20
30.0
 10
2752.5
 20
30.0
  0
LWPOLYLINE
  5
6DA
330
17
100
AcDbEntity
  8
RIGHT
100
AcDbPolyline
 90
2
 70
0
 10
2752.5
 20
30.0
 10
2752.5
 20
32.0
  0
LWPOLYLINE
  5
6DB
330
17
100
AcDbEntity
  8
RIGHT
100
AcDbPolyline
 90
2
 70
0
 10
1942.5
 20
30.0
 10
1942.5
 20
1080.0
  0
LWPOLYLINE
  5
6DC
330
17
100
AcDbEntity
  8
RIGHT
100
AcDbPolyline
 90
2
 70
0
 10
1942.5
 20
1080.0
 10
1982.5
 20
1080.0
  0
LWPOLYLINE
  5
6DD
330
17
100
AcDbEntity
  8
RIGHT
100
AcDbPolyline
 90
2
 70
0
 10
1982.5
 20
30.0
 10
1982.5
 20
1080.0
  0
LWPOLYLINE
  5
6DE
330
17
100
AcDbEntity
  8
RIGHT
100
AcDbPolyline
 90
2
 70
0
 10
1942.5
 20
30.0
 10
1982.5
 20
30.0
  0
LWPOLYLINE
  5
6DF
330
17
100
AcDbEntity
  8
RIGHT
100
AcDbPolyline
 90
2
 70
0
 10
1942.5
 20
30.0
 10
1942.5
 20
1080.0
  0
LWPOLYLINE
  5
6E0
330
17
100
AcDbEntity
  8
RIGHT
100
AcDbPolyline
 90
2
 70
0
 10
1942.5
 20
1080.0
 10
1982.5
 20
1080.0
  0
LWPOLYLINE
  5
6E1
330
17
100
AcDbEntity
  8
RIGHT
100
AcDbPolyline
 90
2
 70
0
 10
1945.5
 20
1080.0
 10
1979.5
 20
1080.0
  0
LWPOLYLINE
  5
6E2
330
17
100
AcDbEntity
  8
RIGHT
100
AcDbPolyline
 90
2
 70
0
 10
1945.5
 20
1080.0
 10
1979.5
 20
1080.0
  0
LWPOLYLINE
  5
6E3
330
17
100
AcDbEntity
  8
RIGHT
100
AcDbPolyline
 90
2
 70
0
 10
1982.5
 20
30.0
 10
1982.5
 20
1080.0
  0
LWPOLYLINE
  5
6E4
330
17
100
AcDbEntity
  8
RIGHT
100
AcDbPolyline
 90
2
 70
0
 10
1942.5
 20
30.0
 10
1982.5
 20
30.0
  0
LWPOLYLINE
  5
6E5
330
17
100
AcDbEntity
  8
RIGHT
100
AcDbPolyline
 90
2
 70
0
 10
1945.5
 20
30.0
 10
1979.5
 20
30.0
  0
LWPOLYLINE
  5
6E6
330
17
100
AcDbEntity
  8
RIGHT
100
AcDbPolyline
 90
2
 70
0
 10
1945.5
 20
30.0
 10
1979.5
 20
30.0
  0
LWPOLYLINE
  5
6E7
330
17
100
AcDbEntity
  8
RIGHT
100
AcDbPolyline
 90
2
 70
0
 10
1945.5
 20
30.0
 10
1945.5
 20
1080.0
  0
LWPOLYLINE
  5
6E8
330
17
100
AcDbEntity
  8
RIGHT
100
AcDbPolyline
 90
2
 70
0
 10
1945.5
 20
30.0
 10
1945.5
 20
1080.0
  0
LWPOLYLINE
  5
6E9
330
17
100
AcDbEntity
  8
RIGHT
100
AcDbPolyline
 90
2
 70
0
 10
1979.5
 20
30.0
 10
1979.5
 20
1080.0
  0
LWPOLYLINE
  5
6EA
330
17
100
AcDbEntity
  8
RIGHT
100
AcDbPolyline
 90
2
 70
0
 10
1979.5
 20
30.0
 10
1979.5
 20
1080.0
  0
LWPOLYLINE
  5
6EB
330
17
100
AcDbEntity
  8
RIGHT
100
AcDbPolyline
 90
2
 70
0
 10
1942.5
 20
30.0
 10
1942.5
 20
1080.0
  0
LWPOLYLINE
  5
6EC
330
17
100
AcDbEntity
  8
RIGHT
100
AcDbPolyline
 90
2
 70
0
 10
1942.5
 20
1080.0
 10
1982.5
 20
1080.0
  0
LWPOLYLINE
  5
6ED
330
17
100
AcDbEntity
  8
RIGHT
100
AcDbPolyline
 90
2
 70
0
 10
1982.5
 20
30.0
 10
1982.5
 20
1080.0
  0
LWPOLYLINE
  5
6EE
330
17
100
AcDbEntity
  8
RIGHT
100
AcDbPolyline
 90
2
 70
0
 10
1942.5
 20
30.0
 10
1982.5
 20
30.0
  0
LWPOLYLINE
  5
6EF
330
17
100
AcDbEntity
  8
RIGHT
100
AcDbPolyline
 90
2
 70
0
 10
1942.5
 20
30.0
 10
1942.5
 20
1080.0
  0
LWPOLYLINE
  5
6F0
330
17
100
AcDbEntity
  8
RIGHT
100
AcDbPolyline
 90
2
 70
0
 10
1942.5
 20
1080.0
 10
1982.5
 20
1080.0
  0
LWPOLYLINE
  5
6F1
330
17
100
AcDbEntity
  8
RIGHT
100
AcDbPolyline
 90
2
 70
0
 10
1945.5
 20
1080.0
 10
1979.5
 20
1080.0
  0
LWPOLYLINE
  5
6F2
330
17
100
AcDbEntity
  8
RIGHT
100
AcDbPolyline
 90
2
 70
0
 10
1945.5
 20
1080.0
 10
1979.5
 20
1080.0
  0
LWPOLYLINE
  5
6F3
330
17
100
AcDbEntity
  8
RIGHT
100
AcDbPolyline
 90
2
 70
0
 10
1982.5
 20
30.0
 10
1982.5
 20
1080.0
  0
LWPOLYLINE
  5
6F4
330
17
100
AcDbEntity
  8
RIGHT
100
AcDbPolyline
 90
2
 70
0
 10
1942.5
 20
30.0
 10
1982.5
 20
30.0
  0
LWPOLYLINE
  5
6F5
330
17
100
AcDbEntity
  8
RIGHT
100
AcDbPolyline
 90
2
 70
0
 10
1945.5
 20
30.0
 10
1979.5
 20
30.0
  0
LWPOLYLINE
  5
6F6
330
17
100
AcDbEntity
  8
RIGHT
100
AcDbPolyline
 90
2
 70
0
 10
1945.5
 20
30.0
 10
1979.5
 20
30.0
  0
LWPOLYLINE
  5
6F7
330
17
100
AcDbEntity
  8
RIGHT
100
AcDbPolyline
 90
2
 70
0
 10
1945.5
 20
30.0
 10
1945.5
 20
1080.0
  0
LWPOLYLINE
  5
6F8
330
17
100
AcDbEntity
  8
RIGHT
100
AcDbPolyline
 90
2
 70
0
 10
1945.5
 20
30.0
 10
1945.5
 20
1080.0
  0
LWPOLYLINE
  5
6F9
330
17
100
AcDbEntity
  8
RIGHT
100
AcDbPolyline
 90
2
 70
0
 10
1979.5
 20
30.0
 10
1979.5
 20
1080.0
  0
LWPOLYLINE
  5
6FA
330
17
100
AcDbEntity
  8
RIGHT
100
AcDbPolyline
 90
2
 70
0
 10
1979.5
 20
30.0
 10
1979.5
 20
1080.0
  0
LWPOLYLINE
  5
6FB
330
17
100
AcDbEntity
  8
RIGHT
100
AcDbPolyline
 90
2
 70
0
 10
2662.5
 20
30.0
 10
2662.5
 20
1080.0
  0
LWPOLYLINE
  5
6FC
330
17
100
AcDbEntity
  8
RIGHT
100
AcDbPolyline
 90
2
 70
0
 10
2662.5
 20
1080.0
 10
2702.5
 20
1080.0
  0
LWPOLYLINE
  5
6FD
330
17
100
AcDbEntity
  8
RIGHT
100
AcDbPolyline
 90
2
 70
0
 10
2702.5
 20
30.0
 10
2702.5
 20
1080.0
  0
LWPOLYLINE
  5
6FE
330
17
100
AcDbEntity
  8
RIGHT
100
AcDbPolyline
 90
2
 70
0
 10
2662.5
 20
30.0
 10
2702.5
 20
30.0
  0
LWPOLYLINE
  5
6FF
330
17
100
AcDbEntity
  8
RIGHT
100
AcDbPolyline
 90
2
 70
0
 10
2662.5
 20
30.0
 10
2662.5
 20
1080.0
  0
LWPOLYLINE
  5
700
330
17
100
AcDbEntity
  8
RIGHT
100
AcDbPolyline
 90
2
 70
0
 10
2662.5
 20
1080.0
 10
2702.5
 20
1080.0
  0
LWPOLYLINE
  5
701
330
17
100
AcDbEntity
  8
RIGHT
100
AcDbPolyline
 90
2
 70
0
 10
2665.5
 20
1080.0
 10
2699.5
 20
1080.0
  0
LWPOLYLINE
  5
702
330
17
100
AcDbEntity
  8
RIGHT
100
AcDbPolyline
 90
2
 70
0
 10
2665.5
 20
1080.0
 10
2699.5
 20
1080.0
  0
LWPOLYLINE
  5
703
330
17
100
AcDbEntity
  8
RIGHT
100
AcDbPolyline
 90
2
 70
0
 10
2702.5
 20
30.0
 10
2702.5
 20
1080.0
  0
LWPOLYLINE
  5
704
330
17
100
AcDbEntity
  8
RIGHT
100
AcDbPolyline
 90
2
 70
0
 10
2662.5
 20
30.0
 10
2702.5
 20
30.0
  0
LWPOLYLINE
  5
705
330
17
100
AcDbEntity
  8
RIGHT
100
AcDbPolyline
 90
2
 70
0
 10
2665.5
 20
30.0
 10
2699.5
 20
30.0
  0
LWPOLYLINE
  5
706
330
17
100
AcDbEntity
  8
RIGHT
100
AcDbPolyline
 90
2
 70
0
 10
2665.5
 20
30.0
 10
2699.5
 20
30.0
  0
LWPOLYLINE
  5
707
330
17
100
AcDbEntity
  8
RIGHT
100
AcDbPolyline
 90
2
 70
0
 10
2665.5
 20
30.0
 10
2665.5
 20
1080.0
  0
LWPOLYLINE
  5
708
330
17
100
AcDbEntity
  8
RIGHT
100
AcDbPolyline
 90
2
 70
0
 10
2665.5
 20
30.0
 10
2665.5
 20
1080.0
  0
LWPOLYLINE
  5
709
330
17
100
AcDbEntity
  8
RIGHT
100
AcDbPolyline
 90
2
 70
0
 10
2699.5
 20
30.0
 10
2699.5
 20
1080.0
  0
LWPOLYLINE
  5
70A
330
17
100
AcDbEntity
  8
RIGHT
100
AcDbPolyline
 90
2
 70
0
 10
2699.5
 20
30.0
 10
2699.5
 20
1080.0
  0
LWPOLYLINE
  5
70B
330
17
100
AcDbEntity
  8
RIGHT
100
AcDbPolyline
 90
2
 70
0
 10
2662.5
 20
30.0
 10
2662.5
 20
1080.0
  0
LWPOLYLINE
  5
70C
330
17
100
AcDbEntity
  8
RIGHT
100
AcDbPolyline
 90
2
 70
0
 10
2662.5
 20
1080.0
 10
2702.5
 20
1080.0
  0
LWPOLYLINE
  5
70D
330
17
100
AcDbEntity
  8
RIGHT
100
AcDbPolyline
 90
2
 70
0
 10
2702.5
 20
30.0
 10
2702.5
 20
1080.0
  0
LWPOLYLINE
  5
70E
330
17
100
AcDbEntity
  8
RIGHT
100
AcDbPolyline
 90
2
 70
0
 10
2662.5
 20
30.0
 10
2702.5
 20
30.0
  0
LWPOLYLINE
  5
70F
330
17
100
AcDbEntity
  8
RIGHT
100
AcDbPolyline
 90
2
 70
0
 10
2662.5
 20
30.0
 10
2662.5
 20
1080.0
  0
LWPOLYLINE
  5
710
330
17
100
AcDbEntity
  8
RIGHT
100
AcDbPolyline
 90
2
 70
0
 10
2662.5
 20
1080.0
 10
2702.5
 20
1080.0
  0
LWPOLYLINE
  5
711
330
17
100
AcDbEntity
  8
RIGHT
100
AcDbPolyline
 90
2
 70
0
 10
2665.5
 20
1080.0
 10
2699.5
 20
1080.0
  0
LWPOLYLINE
  5
712
330
17
100
AcDbEntity
  8
RIGHT
100
AcDbPolyline
 90
2
 70
0
 10
2665.5
 20
1080.0
 10
2699.5
 20
1080.0
  0
LWPOLYLINE
  5
713
330
17
100
AcDbEntity
  8
RIGHT
100
AcDbPolyline
 90
2
 70
0
 10
2702.5
 20
30.0
 10
2702.5
 20
1080.0
  0
LWPOLYLINE
  5
714
330
17
100
AcDbEntity
  8
RIGHT
100
AcDbPolyline
 90
2
 70
0
 10
2662.5
 20
30.0
 10
2702.5
 20
30.0
  0
LWPOLYLINE
  5
715
330
17
100
AcDbEntity
  8
RIGHT
100
AcDbPolyline
 90
2
 70
0
 10
2665.5
 20
30.0
 10
2699.5
 20
30.0
  0
LWPOLYLINE
  5
716
330
17
100
AcDbEntity
  8
RIGHT
100
AcDbPolyline
 90
2
 70
0
 10
2665.5
 20
30.0
 10
2699.5
 20
30.0
  0
LWPOLYLINE
  5
717
330
17
100
AcDbEntity
  8
RIGHT
100
AcDbPolyline
 90
2
 70
0
 10
2665.5
 20
30.0
 10
2665.5
 20
1080.0
  0
LWPOLYLINE
  5
718
330
17
100
AcDbEntity
  8
RIGHT
100
AcDbPolyline
 90
2
 70
0
 10
2665.5
 20
30.0
 10
2665.5
 20
1080.0
  0
LWPOLYLINE
  5
719
330
17
100
AcDbEntity
  8
RIGHT
100
AcDbPolyline
 90
2
 70
0
 10
2699.5
 20
30.0
 10
2699.5
 20
1080.0
  0
LWPOLYLINE
  5
71A
330
17
100
AcDbEntity
  8
RIGHT
100
AcDbPolyline
 90
2
 70
0
 10
2699.5
 20
30.0
 10
2699.5
 20
1080.0
  0
LWPOLYLINE
  5
71B
330
17
100
AcDbEntity
  8
RIGHT
100
AcDbPolyline
 90
2
 70
0
 10
1832.5
 20
1080.0
 10
1832.5
 20
1120.0
  0
LWPOLYLINE
  5
71C
330
17
100
AcDbEntity
  8
RIGHT
100
AcDbPolyline
 90
2
 70
0
 10
1832.5
 20
1120.0
 10
2812.5
 20
1120.0
  0
LWPOLYLINE
  5
71D
330
17
100
AcDbEntity
  8
RIGHT
100
AcDbPolyline
 90
2
 70
0
 10
2812.5
 20
1080.0
 10
2812.5
 20
1120.0
  0
LWPOLYLINE
  5
71E
330
17
100
AcDbEntity
  8
RIGHT
100
AcDbPolyline
 90
2
 70
0
 10
1832.5
 20
1080.0
 10
2812.5
 20
1080.0
  0
LWPOLYLINE
  5
71F
330
17
100
AcDbEntity
  8
RIGHT
100
AcDbPolyline
 90
2
 70
0
 10
1832.5
 20
1080.0
 10
1832.5
 20
1120.0
  0
LWPOLYLINE
  5
720
330
17
100
AcDbEntity
  8
RIGHT
100
AcDbPolyline
 90
2
 70
0
 10
1832.5
 20
1120.0
 10
2812.5
 20
1120.0
  0
LWPOLYLINE
  5
721
330
17
100
AcDbEntity
  8
RIGHT
100
AcDbPolyline
 90
2
 70
0
 10
2812.5
 20
1080.0
 10
2812.5
 20
1120.0
  0
LWPOLYLINE
  5
722
330
17
100
AcDbEntity
  8
RIGHT
100
AcDbPolyline
 90
2
 70
0
 10
1832.5
 20
1080.0
 10
2812.5
 20
1080.0
  0
LWPOLYLINE
  5
723
330
17
100
AcDbEntity
  8
RIGHT
100
AcDbPolyline
 90
2
 70
0
 10
1832.5
 20
1080.0
 10
1832.5
 20
1120.0
  0
LWPOLYLINE
  5
724
330
17
100
AcDbEntity
  8
RIGHT
100
AcDbPolyline
 90
2
 70
0
 10
1832.5
 20
1120.0
 10
2812.5
 20
1120.0
  0
LWPOLYLINE
  5
725
330
17
100
AcDbEntity
  8
RIGHT
100
AcDbPolyline
 90
2
 70
0
 10
2812.5
 20
1080.0
 10
2812.5
 20
1120.0
  0
LWPOLYLINE
  5
726
330
17
100
AcDbEntity
  8
RIGHT
100
AcDbPolyline
 90
2
 70
0
 10
1832.5
 20
1080.0
 10
2812.5
 20
1080.0
  0
LWPOLYLINE
  5
727
330
17
100
AcDbEntity
  8
RIGHT
100
AcDbPolyline
 90
2
 70
0
 10
1832.5
 20
1080.0
 10
1832.5
 20
1120.0
  0
LWPOLYLINE
  5
728
330
17
100
AcDbEntity
  8
RIGHT
100
AcDbPolyline
 90
2
 70
0
 10
1832.5
 20
1120.0
 10
2812.5
 20
1120.0
  0
LWPOLYLINE
  5
729
330
17
100
AcDbEntity
  8
RIGHT
100
AcDbPolyline
 90
2
 70
0
 10
2812.5
 20
1080.0
 10
2812.5
 20
1120.0
  0
LWPOLYLINE
  5
72A
330
17
100
AcDbEntity
  8
RIGHT
100
AcDbPolyline
 90
2
 70
0
 10
1832.5
 20
1080.0
 10
2812.5
 20
1080.0
  0
LWPOLYLINE
  5
72B
330
17
100
AcDbEntity
  8
RIGHT
100
AcDbPolyline
 90
2
 70
0
 10
1942.5
 20
30.0
 10
1942.5
 20
60.0
  0
LWPOLYLINE
  5
72C
330
17
100
AcDbEntity
  8
RIGHT
100
AcDbPolyline
 90
2
 70
0
 10
1942.5
 20
60.0
 10
1982.5
 20
60.0
  0
LWPOLYLINE
  5
72D
330
17
100
AcDbEntity
  8
RIGHT
100
AcDbPolyline
 90
2
 70
0
 10
1982.5
 20
30.0
 10
1982.5
 20
60.0
  0
LWPOLYLINE
  5
72E
330
17
100
AcDbEntity
  8
RIGHT
100
AcDbPolyline
 90
2
 70
0
 10
1942.5
 20
30.0
 10
1982.5
 20
30.0
  0
LWPOLYLINE
  5
72F
330
17
100
AcDbEntity
  8
RIGHT
100
AcDbPolyline
 90
2
 70
0
 10
1942.5
 20
30.0
 10
1942.5
 20
60.0
  0
LWPOLYLINE
  5
730
330
17
100
AcDbEntity
  8
RIGHT
100
AcDbPolyline
 90
2
 70
0
 10
1942.5
 20
60.0
 10
1982.5
 20
60.0
  0
LWPOLYLINE
  5
731
330
17
100
AcDbEntity
  8
RIGHT
100
AcDbPolyline
 90
2
 70
0
 10
1982.5
 20
30.0
 10
1982.5
 20
60.0
  0
LWPOLYLINE
  5
732
330
17
100
AcDbEntity
  8
RIGHT
100
AcDbPolyline
 90
2
 70
0
 10
1942.5
 20
30.0
 10
1982.5
 20
30.0
  0
LWPOLYLINE
  5
733
330
17
100
AcDbEntity
  8
RIGHT
100
AcDbPolyline
 90
2
 70
0
 10
2662.5
 20
30.0
 10
2662.5
 20
60.0
  0
LWPOLYLINE
  5
734
330
17
100
AcDbEntity
  8
RIGHT
100
AcDbPolyline
 90
2
 70
0
 10
2662.5
 20
60.0
 10
2702.5
 20
60.0
  0
LWPOLYLINE
  5
735
330
17
100
AcDbEntity
  8
RIGHT
100
AcDbPolyline
 90
2
 70
0
 10
2702.5
 20
30.0
 10
2702.5
 20
60.0
  0
LWPOLYLINE
  5
736
330
17
100
AcDbEntity
  8
RIGHT
100
AcDbPolyline
 90
2
 70
0
 10
2662.5
 20
30.0
 10
2702.5
 20
30.0
  0
LWPOLYLINE
  5
737
330
17
100
AcDbEntity
  8
RIGHT
100
AcDbPolyline
 90
2
 70
0
 10
2662.5
 20
30.0
 10
2662.5
 20
60.0
  0
LWPOLYLINE
  5
738
330
17
100
AcDbEntity
  8
RIGHT
100
AcDbPolyline
 90
2
 70
0
 10
2662.5
 20
60.0
 10
2702.5
 20
60.0
  0
LWPOLYLINE
  5
739
330
17
100
AcDbEntity
  8
RIGHT
100
AcDbPolyline
 90
2
 70
0
 10
2702.5
 20
30.0
 10
2702.5
 20
60.0
  0
LWPOLYLINE
  5
73A
330
17
100
AcDbEntity
  8
RIGHT
100
AcDbPolyline
 90
2
 70
0
 10
2662.5
 20
30.0
 10
2702.5
 20
30.0
  0
LWPOLYLINE
  5
73B
330
17
100
AcDbEntity
  8
RIGHT
100
AcDbPolyline
 90
2
 70
0
 10
1872.5
 20
1160.0
 10
1872.5
 20
1185.0
  0
LWPOLYLINE
  5
73C
330
17
100
AcDbEntity
  8
RIGHT
100
AcDbPolyline
 90
2
 70
0
 10
1872.5
 20
1185.0
 10
2297.5
 20
1185.0
  0
LWPOLYLINE
  5
73D
330
17
100
AcDbEntity
  8
RIGHT
100
AcDbPolyline
 90
2
 70
0
 10
2297.5
 20
1160.0
 10
2297.5
 20
1185.0
  0
LWPOLYLINE
  5
73E
330
17
100
AcDbEntity
  8
RIGHT
100
AcDbPolyline
 90
2
 70
0
 10
1872.5
 20
1160.0
 10
2297.5
 20
1160.0
  0
LWPOLYLINE
  5
73F
330
17
100
AcDbEntity
  8
RIGHT
100
AcDbPolyline
 90
2
 70
0
 10
1872.5
 20
1160.0
 10
1872.5
 20
1185.0
  0
LWPOLYLINE
  5
740
330
17
100
AcDbEntity
  8
RIGHT
100
AcDbPolyline
 90
2
 70
0
 10
1872.5
 20
1185.0
 10
2297.5
 20
1185.0
  0
LWPOLYLINE
  5
741
330
17
100
AcDbEntity
  8
RIGHT
100
AcDbPolyline
 90
2
 70
0
 10
2297.5
 20
1160.0
 10
2297.5
 20
1185.0
  0
LWPOLYLINE
  5
742
330
17
100
AcDbEntity
  8
RIGHT
100
AcDbPolyline
 90
2
 70
0
 10
1872.5
 20
1160.0
 10
2297.5
 20
1160.0
  0
LWPOLYLINE
  5
743
330
17
100
AcDbEntity
  8
RIGHT
100
AcDbPolyline
 90
2
 70
0
 10
2060.0
 20
1125.0
 10
2060.0
 20
1145.0
  0
LWPOLYLINE
  5
744
330
17
100
AcDbEntity
  8
RIGHT
100
AcDbPolyline
 90
2
 70
0
 10
2060.0
 20
1145.0
 10
2110.0
 20
1145.0
  0
LWPOLYLINE
  5
745
330
17
100
AcDbEntity
  8
RIGHT
100
AcDbPolyline
 90
2
 70
0
 10
2110.0
 20
1125.0
 10
2110.0
 20
1145.0
  0
LWPOLYLINE
  5
746
330
17
100
AcDbEntity
  8
RIGHT
100
AcDbPolyline
 90
2
 70
0
 10
2060.0
 20
1125.0
 10
2110.0
 20
1125.0
  0
LWPOLYLINE
  5
747
330
17
100
AcDbEntity
  8
RIGHT
100
AcDbPolyline
 90
2
 70
0
 10
2060.0
 20
1125.0
 10
2060.0
 20
1145.0
  0
LWPOLYLINE
  5
748
330
17
100
AcDbEntity
  8
RIGHT
100
AcDbPolyline
 90
2
 70
0
 10
2060.0
 20
1145.0
 10
2110.0
 20
1145.0
  0
LWPOLYLINE
  5
749
330
17
100
AcDbEntity
  8
RIGHT
100
AcDbPolyline
 90
2
 70
0
 10
2110.0
 20
1125.0
 10
2110.0
 20
1145.0
  0
LWPOLYLINE
  5
74A
330
17
100
AcDbEntity
  8
RIGHT
100
AcDbPolyline
 90
2
 70
0
 10
2060.0
 20
1125.0
 10
2110.0
 20
1125.0
  0
LWPOLYLINE
  5
74B
330
17
100
AcDbEntity
  8
RIGHT
100
AcDbPolyline
 90
2
 70
0
 10
1905.0
 20
1120.0
 10
1905.0
 20
1160.0
  0
LWPOLYLINE
  5
74C
330
17
100
AcDbEntity
  8
RIGHT
100
AcDbPolyline
 90
2
 70
0
 10
1905.0
 20
1160.0
 10
1955.0
 20
1160.0
  0
LWPOLYLINE
  5
74D
330
17
100
AcDbEntity
  8
RIGHT
100
AcDbPolyline
 90
2
 70
0
 10
1955.0
 20
1120.0
 10
1955.0
 20
1160.0
  0
LWPOLYLINE
  5
74E
330
17
100
AcDbEntity
  8
RIGHT
100
AcDbPolyline
 90
2
 70
0
 10
1905.0
 20
1120.0
 10
1955.0
 20
1120.0
  0
LWPOLYLINE
  5
74F
330
17
100
AcDbEntity
  8
RIGHT
100
AcDbPolyline
 90
2
 70
0
 10
1905.0
 20
1120.0
 10
1905.0
 20
1160.0
  0
LWPOLYLINE
  5
750
330
17
100
AcDbEntity
  8
RIGHT
100
AcDbPolyline
 90
2
 70
0
 10
1905.0
 20
1160.0
 10
1955.0
 20
1160.0
  0
LWPOLYLINE
  5
751
330
17
100
AcDbEntity
  8
RIGHT
100
AcDbPolyline
 90
2
 70
0
 10
1955.0
 20
1120.0
 10
1955.0
 20
1160.0
  0
LWPOLYLINE
  5
752
330
17
100
AcDbEntity
  8
RIGHT
100
AcDbPolyline
 90
2
 70
0
 10
1905.0
 20
1120.0
 10
1955.0
 20
1120.0
  0
LWPOLYLINE
  5
753
330
17
100
AcDbEntity
  8
RIGHT
100
AcDbPolyline
 90
2
 70
0
 10
2215.0
 20
1120.0
 10
2215.0
 20
1160.0
  0
LWPOLYLINE
  5
754
330
17
100
AcDbEntity
  8
RIGHT
100
AcDbPolyline
 90
2
 70
0
 10
2215.0
 20
1160.0
 10
2265.0
 20
1160.0
  0
LWPOLYLINE
  5
755
330
17
100
AcDbEntity
  8
RIGHT
100
AcDbPolyline
 90
2
 70
0
 10
2265.0
 20
1120.0
 10
2265.0
 20
1160.0
  0
LWPOLYLINE
  5
756
330
17
100
AcDbEntity
  8
RIGHT
100
AcDbPolyline
 90
2
 70
0
 10
2215.0
 20
1120.0
 10
2265.0
 20
1120.0
  0
LWPOLYLINE
  5
757
330
17
100
AcDbEntity
  8
RIGHT
100
AcDbPolyline
 90
2
 70
0
 10
2215.0
 20
1120.0
 10
2215.0
 20
1160.0
  0
LWPOLYLINE
  5
758
330
17
100
AcDbEntity
  8
RIGHT
100
AcDbPolyline
 90
2
 70
0
 10
2215.0
 20
1160.0
 10
2265.0
 20
1160.0
  0
LWPOLYLINE
  5
759
330
17
100
AcDbEntity
  8
RIGHT
100
AcDbPolyline
 90
2
 70
0
 10
2265.0
 20
1120.0
 10
2265.0
 20
1160.0
  0
LWPOLYLINE
  5
75A
330
17
100
AcDbEntity
  8
RIGHT
100
AcDbPolyline
 90
2
 70
0
 10
2215.0
 20
1120.0
 10
2265.0
 20
1120.0
  0
LWPOLYLINE
  5
75B
330
17
100
AcDbEntity
  8
RIGHT
100
AcDbPolyline
 90
2
 70
0
 10
1905.0
 20
1120.0
 10
1905.0
 20
1160.0
  0
LWPOLYLINE
  5
75C
330
17
100
AcDbEntity
  8
RIGHT
100
AcDbPolyline
 90
2
 70
0
 10
1905.0
 20
1160.0
 10
1955.0
 20
1160.0
  0
LWPOLYLINE
  5
75D
330
17
100
AcDbEntity
  8
RIGHT
100
AcDbPolyline
 90
2
 70
0
 10
1955.0
 20
1120.0
 10
1955.0
 20
1160.0
  0
LWPOLYLINE
  5
75E
330
17
100
AcDbEntity
  8
RIGHT
100
AcDbPolyline
 90
2
 70
0
 10
1905.0
 20
1120.0
 10
1955.0
 20
1120.0
  0
LWPOLYLINE
  5
75F
330
17
100
AcDbEntity
  8
RIGHT
100
AcDbPolyline
 90
2
 70
0
 10
1905.0
 20
1120.0
 10
1905.0
 20
1160.0
  0
LWPOLYLINE
  5
760
330
17
100
AcDbEntity
  8
RIGHT
100
AcDbPolyline
 90
2
 70
0
 10
1905.0
 20
1160.0
 10
1955.0
 20
1160.0
  0
LWPOLYLINE
  5
761
330
17
100
AcDbEntity
  8
RIGHT
100
AcDbPolyline
 90
2
 70
0
 10
1955.0
 20
1120.0
 10
1955.0
 20
1160.0
  0
LWPOLYLINE
  5
762
330
17
100
AcDbEntity
  8
RIGHT
100
AcDbPolyline
 90
2
 70
0
 10
1905.0
 20
1120.0
 10
1955.0
 20
1120.0
  0
LWPOLYLINE
  5
763
330
17
100
AcDbEntity
  8
RIGHT
100
AcDbPolyline
 90
2
 70
0
 10
2215.0
 20
1120.0
 10
2215.0
 20
1160.0
  0
LWPOLYLINE
  5
764
330
17
100
AcDbEntity
  8
RIGHT
100
AcDbPolyline
 90
2
 70
0
 10
2215.0
 20
1160.0
 10
2265.0
 20
1160.0
  0
LWPOLYLINE
  5
765
330
17
100
AcDbEntity
  8
RIGHT
100
AcDbPolyline
 90
2
 70
0
 10
2265.0
 20
1120.0
 10
2265.0
 20
1160.0
  0
LWPOLYLINE
  5
766
330
17
100
AcDbEntity
  8
RIGHT
100
AcDbPolyline
 90
2
 70
0
 10
2215.0
 20
1120.0
 10
2265.0
 20
1120.0
  0
LWPOLYLINE
  5
767
330
17
100
AcDbEntity
  8
RIGHT
100
AcDbPolyline
 90
2
 70
0
 10
2215.0
 20
1120.0
 10
2215.0
 20
1160.0
  0
LWPOLYLINE
  5
768
330
17
100
AcDbEntity
  8
RIGHT
100
AcDbPolyline
 90
2
 70
0
 10
2215.0
 20
1160.0
 10
2265.0
 20
1160.0
  0
LWPOLYLINE
  5
769
330
17
100
AcDbEntity
  8
RIGHT
100
AcDbPolyline
 90
2
 70
0
 10
2265.0
 20
1120.0
 10
2265.0
 20
1160.0
  0
LWPOLYLINE
  5
76A
330
17
100
AcDbEntity
  8
RIGHT
100
AcDbPolyline
 90
2
 70
0
 10
2215.0
 20
1120.0
 10
2265.0
 20
1120.0
  0
LWPOLYLINE
  5
76B
330
17
100
AcDbEntity
  8
RIGHT
100
AcDbPolyline
 90
2
 70
0
 10
2067.5
 20
1150.0
 10
2067.5
 20
1185.0
  0
LWPOLYLINE
  5
76C
330
17
100
AcDbEntity
  8
RIGHT
100
AcDbPolyline
 90
2
 70
0
 10
2067.5
 20
1185.0
 10
2102.5
 20
1185.0
  0
LWPOLYLINE
  5
76D
330
17
100
AcDbEntity
  8
RIGHT
100
AcDbPolyline
 90
2
 70
0
 10
2102.5
 20
1150.0
 10
2102.5
 20
1185.0
  0
LWPOLYLINE
  5
76E
330
17
100
AcDbEntity
  8
RIGHT
100
AcDbPolyline
 90
2
 70
0
 10
2067.5
 20
1150.0
 10
2102.5
 20
1150.0
  0
LWPOLYLINE
  5
76F
330
17
100
AcDbEntity
  8
RIGHT
100
AcDbPolyline
 90
2
 70
0
 10
2067.5
 20
1185.0
 10
2067.5
 20
1190.0
  0
LWPOLYLINE
  5
770
330
17
100
AcDbEntity
  8
RIGHT
100
AcDbPolyline
 90
2
 70
0
 10
2067.5
 20
1185.0
 10
2067.5
 20
1190.0
  0
LWPOLYLINE
  5
771
330
17
100
AcDbEntity
  8
RIGHT
100
AcDbPolyline
 90
2
 70
0
 10
2067.5
 20
1150.0
 10
2067.5
 20
1185.0
  0
LWPOLYLINE
  5
772
330
17
100
AcDbEntity
  8
RIGHT
100
AcDbPolyline
 90
2
 70
0
 10
2067.5
 20
1185.0
 10
2102.5
 20
1185.0
  0
LWPOLYLINE
  5
773
330
17
100
AcDbEntity
  8
RIGHT
100
AcDbPolyline
 90
2
 70
0
 10
2102.5
 20
1185.0
 10
2102.5
 20
1190.0
  0
LWPOLYLINE
  5
774
330
17
100
AcDbEntity
  8
RIGHT
100
AcDbPolyline
 90
2
 70
0
 10
2102.5
 20
1185.0
 10
2102.5
 20
1190.0
  0
LWPOLYLINE
  5
775
330
17
100
AcDbEntity
  8
RIGHT
100
AcDbPolyline
 90
2
 70
0
 10
2102.5
 20
1150.0
 10
2102.5
 20
1185.0
  0
LWPOLYLINE
  5
776
330
17
100
AcDbEntity
  8
RIGHT
100
AcDbPolyline
 90
2
 70
0
 10
2067.5
 20
1150.0
 10
2102.5
 20
1150.0
  0
LWPOLYLINE
  5
777
330
17
100
AcDbEntity
  8
RIGHT
100
AcDbPolyline
 90
2
 70
0
 10
2067.5
 20
1185.0
 10
2102.5
 20
1185.0
  0
LWPOLYLINE
  5
778
330
17
100
AcDbEntity
  8
RIGHT
100
AcDbPolyline
 90
2
 70
0
 10
2067.5
 20
1190.0
 10
2102.5
 20
1190.0
  0
LWPOLYLINE
  5
779
330
17
100
AcDbEntity
  8
RIGHT
100
AcDbPolyline
 90
2
 70
0
 10
2067.5
 20
1185.0
 10
2102.5
 20
1185.0
  0
LWPOLYLINE
  5
77A
330
17
100
AcDbEntity
  8
RIGHT
100
AcDbPolyline
 90
2
 70
0
 10
2067.5
 20
1190.0
 10
2102.5
 20
1190.0
  0
LWPOLYLINE
  5
77B
330
17
100
AcDbEntity
  8
RIGHT
100
AcDbPolyline
 90
2
 70
0
 10
2067.5
 20
1150.0
 10
2067.5
 20
1185.0
  0
LWPOLYLINE
  5
77C
330
17
100
AcDbEntity
  8
RIGHT
100
AcDbPolyline
 90
2
 70
0
 10
2067.5
 20
1185.0
 10
2102.5
 20
1185.0
  0
LWPOLYLINE
  5
77D
330
17
100
AcDbEntity
  8
RIGHT
100
AcDbPolyline
 90
2
 70
0
 10
2102.5
 20
1150.0
 10
2102.5
 20
1185.0
  0
LWPOLYLINE
  5
77E
330
17
100
AcDbEntity
  8
RIGHT
100
AcDbPolyline
 90
2
 70
0
 10
2067.5
 20
1150.0
 10
2102.5
 20
1150.0
  0
LWPOLYLINE
  5
77F
330
17
100
AcDbEntity
  8
RIGHT
100
AcDbPolyline
 90
2
 70
0
 10
2067.5
 20
1185.0
 10
2067.5
 20
1190.0
  0
LWPOLYLINE
  5
780
330
17
100
AcDbEntity
  8
RIGHT
100
AcDbPolyline
 90
2
 70
0
 10
2067.5
 20
1185.0
 10
2067.5
 20
1190.0
  0
LWPOLYLINE
  5
781
330
17
100
AcDbEntity
  8
RIGHT
100
AcDbPolyline
 90
2
 70
0
 10
2067.5
 20
1150.0
 10
2067.5
 20
1185.0
  0
LWPOLYLINE
  5
782
330
17
100
AcDbEntity
  8
RIGHT
100
AcDbPolyline
 90
2
 70
0
 10
2067.5
 20
1185.0
 10
2102.5
 20
1185.0
  0
LWPOLYLINE
  5
783
330
17
100
AcDbEntity
  8
RIGHT
100
AcDbPolyline
 90
2
 70
0
 10
2102.5
 20
1185.0
 10
2102.5
 20
1190.0
  0
LWPOLYLINE
  5
784
330
17
100
AcDbEntity
  8
RIGHT
100
AcDbPolyline
 90
2
 70
0
 10
2102.5
 20
1185.0
 10
2102.5
 20
1190.0
  0
LWPOLYLINE
  5
785
330
17
100
AcDbEntity
  8
RIGHT
100
AcDbPolyline
 90
2
 70
0
 10
2102.5
 20
1150.0
 10
2102.5
 20
1185.0
  0
LWPOLYLINE
  5
786
330
17
100
AcDbEntity
  8
RIGHT
100
AcDbPolyline
 90
2
 70
0
 10
2067.5
 20
1150.0
 10
2102.5
 20
1150.0
  0
LWPOLYLINE
  5
787
330
17
100
AcDbEntity
  8
RIGHT
100
AcDbPolyline
 90
2
 70
0
 10
2067.5
 20
1185.0
 10
2102.5
 20
1185.0
  0
LWPOLYLINE
  5
788
330
17
100
AcDbEntity
  8
RIGHT
100
AcDbPolyline
 90
2
 70
0
 10
2067.5
 20
1185.0
 10
2102.5
 20
1185.0
  0
LWPOLYLINE
  5
789
330
17
100
AcDbEntity
  8
RIGHT
100
AcDbPolyline
 90
2
 70
0
 10
2067.5
 20
1190.0
 10
2102.5
 20
1190.0
  0
LWPOLYLINE
  5
78A
330
17
100
AcDbEntity
  8
RIGHT
100
AcDbPolyline
 90
2
 70
0
 10
2067.5
 20
1190.0
 10
2102.5
 20
1190.0
  0
LWPOLYLINE
  5
78B
330
17
100
AcDbEntity
  8
RIGHT
100
AcDbPolyline
 90
2
 70
0
 10
2347.5
 20
1160.0
 10
2347.5
 20
1185.0
  0
LWPOLYLINE
  5
78C
330
17
100
AcDbEntity
  8
RIGHT
100
AcDbPolyline
 90
2
 70
0
 10
2347.5
 20
1185.0
 10
2772.5
 20
1185.0
  0
LWPOLYLINE
  5
78D
330
17
100
AcDbEntity
  8
RIGHT
100
AcDbPolyline
 90
2
 70
0
 10
2772.5
 20
1160.0
 10
2772.5
 20
1185.0
  0
LWPOLYLINE
  5
78E
330
17
100
AcDbEntity
  8
RIGHT
100
AcDbPolyline
 90
2
 70
0
 10
2347.5
 20
1160.0
 10
2772.5
 20
1160.0
  0
LWPOLYLINE
  5
78F
330
17
100
AcDbEntity
  8
RIGHT
100
AcDbPolyline
 90
2
 70
0
 10
2347.5
 20
1160.0
 10
2347.5
 20
1185.0
  0
LWPOLYLINE
  5
790
330
17
100
AcDbEntity
  8
RIGHT
100
AcDbPolyline
 90
2
 70
0
 10
2347.5
 20
1185.0
 10
2772.5
 20
1185.0
  0
LWPOLYLINE
  5
791
330
17
100
AcDbEntity
  8
RIGHT
100
AcDbPolyline
 90
2
 70
0
 10
2772.5
 20
1160.0
 10
2772.5
 20
1185.0
  0
LWPOLYLINE
  5
792
330
17
100
AcDbEntity
  8
RIGHT
100
AcDbPolyline
 90
2
 70
0
 10
2347.5
 20
1160.0
 10
2772.5
 20
1160.0
  0
LWPOLYLINE
  5
793
330
17
100
AcDbEntity
  8
RIGHT
100
AcDbPolyline
 90
2
 70
0
 10
2535.0
 20
1125.0
 10
2535.0
 20
1145.0
  0
LWPOLYLINE
  5
794
330
17
100
AcDbEntity
  8
RIGHT
100
AcDbPolyline
 90
2
 70
0
 10
2535.0
 20
1145.0
 10
2585.0
 20
1145.0
  0
LWPOLYLINE
  5
795
330
17
100
AcDbEntity
  8
RIGHT
100
AcDbPolyline
 90
2
 70
0
 10
2585.0
 20
1125.0
 10
2585.0
 20
1145.0
  0
LWPOLYLINE
  5
796
330
17
100
AcDbEntity
  8
RIGHT
100
AcDbPolyline
 90
2
 70
0
 10
2535.0
 20
1125.0
 10
2585.0
 20
1125.0
  0
LWPOLYLINE
  5
797
330
17
100
AcDbEntity
  8
RIGHT
100
AcDbPolyline
 90
2
 70
0
 10
2535.0
 20
1125.0
 10
2535.0
 20
1145.0
  0
LWPOLYLINE
  5
798
330
17
100
AcDbEntity
  8
RIGHT
100
AcDbPolyline
 90
2
 70
0
 10
2535.0
 20
1145.0
 10
2585.0
 20
1145.0
  0
LWPOLYLINE
  5
799
330
17
100
AcDbEntity
  8
RIGHT
100
AcDbPolyline
 90
2
 70
0
 10
2585.0
 20
1125.0
 10
2585.0
 20
1145.0
  0
LWPOLYLINE
  5
79A
330
17
100
AcDbEntity
  8
RIGHT
100
AcDbPolyline
 90
2
 70
0
 10
2535.0
 20
1125.0
 10
2585.0
 20
1125.0
  0
LWPOLYLINE
  5
79B
330
17
100
AcDbEntity
  8
RIGHT
100
AcDbPolyline
 90
2
 70
0
 10
2380.0
 20
1120.0
 10
2380.0
 20
1160.0
  0
LWPOLYLINE
  5
79C
330
17
100
AcDbEntity
  8
RIGHT
100
AcDbPolyline
 90
2
 70
0
 10
2380.0
 20
1160.0
 10
2430.0
 20
1160.0
  0
LWPOLYLINE
  5
79D
330
17
100
AcDbEntity
  8
RIGHT
100
AcDbPolyline
 90
2
 70
0
 10
2430.0
 20
1120.0
 10
2430.0
 20
1160.0
  0
LWPOLYLINE
  5
79E
330
17
100
AcDbEntity
  8
RIGHT
100
AcDbPolyline
 90
2
 70
0
 10
2380.0
 20
1120.0
 10
2430.0
 20
1120.0
  0
LWPOLYLINE
  5
79F
330
17
100
AcDbEntity
  8
RIGHT
100
AcDbPolyline
 90
2
 70
0
 10
2380.0
 20
1120.0
 10
2380.0
 20
1160.0
  0
LWPOLYLINE
  5
7A0
330
17
100
AcDbEntity
  8
RIGHT
100
AcDbPolyline
 90
2
 70
0
 10
2380.0
 20
1160.0
 10
2430.0
 20
1160.0
  0
LWPOLYLINE
  5
7A1
330
17
100
AcDbEntity
  8
RIGHT
100
AcDbPolyline
 90
2
 70
0
 10
2430.0
 20
1120.0
 10
2430.0
 20
1160.0
  0
LWPOLYLINE
  5
7A2
330
17
100
AcDbEntity
  8
RIGHT
100
AcDbPolyline
 90
2
 70
0
 10
2380.0
 20
1120.0
 10
2430.0
 20
1120.0
  0
LWPOLYLINE
  5
7A3
330
17
100
AcDbEntity
  8
RIGHT
100
AcDbPolyline
 90
2
 70
0
 10
2690.0
 20
1120.0
 10
2690.0
 20
1160.0
  0
LWPOLYLINE
  5
7A4
330
17
100
AcDbEntity
  8
RIGHT
100
AcDbPolyline
 90
2
 70
0
 10
2690.0
 20
1160.0
 10
2740.0
 20
1160.0
  0
LWPOLYLINE
  5
7A5
330
17
100
AcDbEntity
  8
RIGHT
100
AcDbPolyline
 90
2
 70
0
 10
2740.0
 20
1120.0
 10
2740.0
 20
1160.0
  0
LWPOLYLINE
  5
7A6
330
17
100
AcDbEntity
  8
RIGHT
100
AcDbPolyline
 90
2
 70
0
 10
2690.0
 20
1120.0
 10
2740.0
 20
1120.0
  0
LWPOLYLINE
  5
7A7
330
17
100
AcDbEntity
  8
RIGHT
100
AcDbPolyline
 90
2
 70
0
 10
2690.0
 20
1120.0
 10
2690.0
 20
1160.0
  0
LWPOLYLINE
  5
7A8
330
17
100
AcDbEntity
  8
RIGHT
100
AcDbPolyline
 90
2
 70
0
 10
2690.0
 20
1160.0
 10
2740.0
 20
1160.0
  0
LWPOLYLINE
  5
7A9
330
17
100
AcDbEntity
  8
RIGHT
100
AcDbPolyline
 90
2
 70
0
 10
2740.0
 20
1120.0
 10
2740.0
 20
1160.0
  0
LWPOLYLINE
  5
7AA
330
17
100
AcDbEntity
  8
RIGHT
100
AcDbPolyline
 90
2
 70
0
 10
2690.0
 20
1120.0
 10
2740.0
 20
1120.0
  0
LWPOLYLINE
  5
7AB
330
17
100
AcDbEntity
  8
RIGHT
100
AcDbPolyline
 90
2
 70
0
 10
2380.0
 20
1120.0
 10
2380.0
 20
1160.0
  0
LWPOLYLINE
  5
7AC
330
17
100
AcDbEntity
  8
RIGHT
100
AcDbPolyline
 90
2
 70
0
 10
2380.0
 20
1160.0
 10
2430.0
 20
1160.0
  0
LWPOLYLINE
  5
7AD
330
17
100
AcDbEntity
  8
RIGHT
100
AcDbPolyline
 90
2
 70
0
 10
2430.0
 20
1120.0
 10
2430.0
 20
1160.0
  0
LWPOLYLINE
  5
7AE
330
17
100
AcDbEntity
  8
RIGHT
100
AcDbPolyline
 90
2
 70
0
 10
2380.0
 20
1120.0
 10
2430.0
 20
1120.0
  0
LWPOLYLINE
  5
7AF
330
17
100
AcDbEntity
  8
RIGHT
100
AcDbPolyline
 90
2
 70
0
 10
2380.0
 20
1120.0
 10
2380.0
 20
1160.0
  0
LWPOLYLINE
  5
7B0
330
17
100
AcDbEntity
  8
RIGHT
100
AcDbPolyline
 90
2
 70
0
 10
2380.0
 20
1160.0
 10
2430.0
 20
1160.0
  0
LWPOLYLINE
  5
7B1
330
17
100
AcDbEntity
  8
RIGHT
100
AcDbPolyline
 90
2
 70
0
 10
2430.0
 20
1120.0
 10
2430.0
 20
1160.0
  0
LWPOLYLINE
  5
7B2
330
17
100
AcDbEntity
  8
RIGHT
100
AcDbPolyline
 90
2
 70
0
 10
2380.0
 20
1120.0
 10
2430.0
 20
1120.0
  0
LWPOLYLINE
  5
7B3
330
17
100
AcDbEntity
  8
RIGHT
100
AcDbPolyline
 90
2
 70
0
 10
2690.0
 20
1120.0
 10
2690.0
 20
1160.0
  0
LWPOLYLINE
  5
7B4
330
17
100
AcDbEntity
  8
RIGHT
100
AcDbPolyline
 90
2
 70
0
 10
2690.0
 20
1160.0
 10
2740.0
 20
1160.0
  0
LWPOLYLINE
  5
7B5
330
17
100
AcDbEntity
  8
RIGHT
100
AcDbPolyline
 90
2
 70
0
 10
2740.0
 20
1120.0
 10
2740.0
 20
1160.0
  0
LWPOLYLINE
  5
7B6
330
17
100
AcDbEntity
  8
RIGHT
100
AcDbPolyline
 90
2
 70
0
 10
2690.0
 20
1120.0
 10
2740.0
 20
1120.0
  0
LWPOLYLINE
  5
7B7
330
17
100
AcDbEntity
  8
RIGHT
100
AcDbPolyline
 90
2
 70
0
 10
2690.0
 20
1120.0
 10
2690.0
 20
1160.0
  0
LWPOLYLINE
  5
7B8
330
17
100
AcDbEntity
  8
RIGHT
100
AcDbPolyline
 90
2
 70
0
 10
2690.0
 20
1160.0
 10
2740.0
 20
1160.0
  0
LWPOLYLINE
  5
7B9
330
17
100
AcDbEntity
  8
RIGHT
100
AcDbPolyline
 90
2
 70
0
 10
2740.0
 20
1120.0
 10
2740.0
 20
1160.0
  0
LWPOLYLINE
  5
7BA
330
17
100
AcDbEntity
  8
RIGHT
100
AcDbPolyline
 90
2
 70
0
 10
2690.0
 20
1120.0
 10
2740.0
 20
1120.0
  0
LWPOLYLINE
  5
7BB
330
17
100
AcDbEntity
  8
RIGHT
100
AcDbPolyline
 90
2
 70
0
 10
2542.5
 20
1150.0
 10
2542.5
 20
1185.0
  0
LWPOLYLINE
  5
7BC
330
17
100
AcDbEntity
  8
RIGHT
100
AcDbPolyline
 90
2
 70
0
 10
2542.5
 20
1185.0
 10
2577.5
 20
1185.0
  0
LWPOLYLINE
  5
7BD
330
17
100
AcDbEntity
  8
RIGHT
100
AcDbPolyline
 90
2
 70
0
 10
2577.5
 20
1150.0
 10
2577.5
 20
1185.0
  0
LWPOLYLINE
  5
7BE
330
17
100
AcDbEntity
  8
RIGHT
100
AcDbPolyline
 90
2
 70
0
 10
2542.5
 20
1150.0
 10
2577.5
 20
1150.0
  0
LWPOLYLINE
  5
7BF
330
17
100
AcDbEntity
  8
RIGHT
100
AcDbPolyline
 90
2
 70
0
 10
2542.5
 20
1185.0
 10
2542.5
 20
1190.0
  0
LWPOLYLINE
  5
7C0
330
17
100
AcDbEntity
  8
RIGHT
100
AcDbPolyline
 90
2
 70
0
 10
2542.5
 20
1185.0
 10
2542.5
 20
1190.0
  0
LWPOLYLINE
  5
7C1
330
17
100
AcDbEntity
  8
RIGHT
100
AcDbPolyline
 90
2
 70
0
 10
2542.5
 20
1150.0
 10
2542.5
 20
1185.0
  0
LWPOLYLINE
  5
7C2
330
17
100
AcDbEntity
  8
RIGHT
100
AcDbPolyline
 90
2
 70
0
 10
2542.5
 20
1185.0
 10
2577.5
 20
1185.0
  0
LWPOLYLINE
  5
7C3
330
17
100
AcDbEntity
  8
RIGHT
100
AcDbPolyline
 90
2
 70
0
 10
2577.5
 20
1185.0
 10
2577.5
 20
1190.0
  0
LWPOLYLINE
  5
7C4
330
17
100
AcDbEntity
  8
RIGHT
100
AcDbPolyline
 90
2
 70
0
 10
2577.5
 20
1185.0
 10
2577.5
 20
1190.0
  0
LWPOLYLINE
  5
7C5
330
17
100
AcDbEntity
  8
RIGHT
100
AcDbPolyline
 90
2
 70
0
 10
2577.5
 20
1150.0
 10
2577.5
 20
1185.0
  0
LWPOLYLINE
  5
7C6
330
17
100
AcDbEntity
  8
RIGHT
100
AcDbPolyline
 90
2
 70
0
 10
2542.5
 20
1150.0
 10
2577.5
 20
1150.0
  0
LWPOLYLINE
  5
7C7
330
17
100
AcDbEntity
  8
RIGHT
100
AcDbPolyline
 90
2
 70
0
 10
2542.5
 20
1185.0
 10
2577.5
 20
1185.0
  0
LWPOLYLINE
  5
7C8
330
17
100
AcDbEntity
  8
RIGHT
100
AcDbPolyline
 90
2
 70
0
 10
2542.5
 20
1190.0
 10
2577.5
 20
1190.0
  0
LWPOLYLINE
  5
7C9
330
17
100
AcDbEntity
  8
RIGHT
100
AcDbPolyline
 90
2
 70
0
 10
2542.5
 20
1185.0
 10
2577.5
 20
1185.0
  0
LWPOLYLINE
  5
7CA
330
17
100
AcDbEntity
  8
RIGHT
100
AcDbPolyline
 90
2
 70
0
 10
2542.5
 20
1190.0
 10
2577.5
 20
1190.0
  0
LWPOLYLINE
  5
7CB
330
17
100
AcDbEntity
  8
RIGHT
100
AcDbPolyline
 90
2
 70
0
 10
2542.5
 20
1150.0
 10
2542.5
 20
1185.0
  0
LWPOLYLINE
  5
7CC
330
17
100
AcDbEntity
  8
RIGHT
100
AcDbPolyline
 90
2
 70
0
 10
2542.5
 20
1185.0
 10
2577.5
 20
1185.0
  0
LWPOLYLINE
  5
7CD
330
17
100
AcDbEntity
  8
RIGHT
100
AcDbPolyline
 90
2
 70
0
 10
2577.5
 20
1150.0
 10
2577.5
 20
1185.0
  0
LWPOLYLINE
  5
7CE
330
17
100
AcDbEntity
  8
RIGHT
100
AcDbPolyline
 90
2
 70
0
 10
2542.5
 20
1150.0
 10
2577.5
 20
1150.0
  0
LWPOLYLINE
  5
7CF
330
17
100
AcDbEntity
  8
RIGHT
100
AcDbPolyline
 90
2
 70
0
 10
2542.5
 20
1185.0
 10
2542.5
 20
1190.0
  0
LWPOLYLINE
  5
7D0
330
17
100
AcDbEntity
  8
RIGHT
100
AcDbPolyline
 90
2
 70
0
 10
2542.5
 20
1185.0
 10
2542.5
 20
1190.0
  0
LWPOLYLINE
  5
7D1
330
17
100
AcDbEntity
  8
RIGHT
100
AcDbPolyline
 90
2
 70
0
 10
2542.5
 20
1150.0
 10
2542.5
 20
1185.0
  0
LWPOLYLINE
  5
7D2
330
17
100
AcDbEntity
  8
RIGHT
100
AcDbPolyline
 90
2
 70
0
 10
2542.5
 20
1185.0
 10
2577.5
 20
1185.0
  0
LWPOLYLINE
  5
7D3
330
17
100
AcDbEntity
  8
RIGHT
100
AcDbPolyline
 90
2
 70
0
 10
2577.5
 20
1185.0
 10
2577.5
 20
1190.0
  0
LWPOLYLINE
  5
7D4
330
17
100
AcDbEntity
  8
RIGHT
100
AcDbPolyline
 90
2
 70
0
 10
2577.5
 20
1185.0
 10
2577.5
 20
1190.0
  0
LWPOLYLINE
  5
7D5
330
17
100
AcDbEntity
  8
RIGHT
100
AcDbPolyline
 90
2
 70
0
 10
2577.5
 20
1150.0
 10
2577.5
 20
1185.0
  0
LWPOLYLINE
  5
7D6
330
17
100
AcDbEntity
  8
RIGHT
100
AcDbPolyline
 90
2
 70
0
 10
2542.5
 20
1150.0
 10
2577.5
 20
1150.0
  0
LWPOLYLINE
  5
7D7
330
17
100
AcDbEntity
  8
RIGHT
100
AcDbPolyline
 90
2
 70
0
 10
2542.5
 20
1185.0
 10
2577.5
 20
1185.0
  0
LWPOLYLINE
  5
7D8
330
17
100
AcDbEntity
  8
RIGHT
100
AcDbPolyline
 90
2
 70
0
 10
2542.5
 20
1185.0
 10
2577.5
 20
1185.0
  0
LWPOLYLINE
  5
7D9
330
17
100
AcDbEntity
  8
RIGHT
100
AcDbPolyline
 90
2
 70
0
 10
2542.5
 20
1190.0
 10
2577.5
 20
1190.0
  0
LWPOLYLINE
  5
7DA
330
17
100
AcDbEntity
  8
RIGHT
100
AcDbPolyline
 90
2
 70
0
 10
2542.5
 20
1190.0
 10
2577.5
 20
1190.0
  0
LWPOLYLINE
  5
7DB
330
17
100
AcDbEntity
  8
RIGHT
100
AcDbPolyline
 90
2
 70
0
 10
2110.0
 20
1140.0
 10
2202.5
 20
1140.0
  0
LWPOLYLINE
  5
7DC
330
17
100
AcDbEntity
  8
RIGHT
100
AcDbPolyline
 90
16
 70
0
 10
2110.0
 20
1140.0
 10
2110.0
 20
1138.3730534276967
 10
2110.0
 20
1137.0274206980905
 10
2110.0
 20
1136.1957739348195
 10
2110.0
 20
1136.0219124185269
 10
2110.0
 20
1136.5358983848623
 10
2110.0
 20
1137.6488589908301
 10
2110.0
 20
1139.168353236729
 10
2110.0
 20
1140.831646763271
 10
2110.0
 20
1142.3511410091699
 10
2110.0
 20
1143.4641016151377
 10
2110.0
 20
1143.9780875814731
 10
2110.0
 20
1143.8042260651805
 10
2110.0
 20
1142.9725793019095
 10
2110.0
 20
1141.6269465723033
 10
2110.0
 20
1140.0
  0
LWPOLYLINE
  5
7DD
330
17
100
AcDbEntity
  8
RIGHT
100
AcDbPolyline
 90
16
 70
0
 10
2202.5
 20
1140.0
 10
2202.5
 20
1138.3730534276967
 10
2202.5
 20
1137.0274206980905
 10
2202.5
 20
1136.1957739348195
 10
2202.5
 20
1136.0219124185269
 10
2202.5
 20
1136.5358983848623
 10
2202.5
 20
1137.6488589908301
 10
2202.5
 20
1139.168353236729
 10
2202.5
 20
1140.831646763271
 10
2202.5
 20
1142.3511410091699
 10
2202.5
 20
1143.4641016151377
 10
2202.5
 20
1143.9780875814731
 10
2202.5
 20
1143.8042260651805
 10
2202.5
 20
1142.9725793019095
 10
2202.5
 20
1141.6269465723033
 10
2202.5
 20
1140.0
  0
LWPOLYLINE
  5
7DE
330
17
100
AcDbEntity
  8
RIGHT
100
AcDbPolyline
 90
22
 70
0
 10
2202.5
 20
1140.0
 10
2206.385964866494
 20
1140.0
 10
2210.250197841161
 20
1140.0
 10
2214.071088565728
 20
1140.0
 10
2217.827269069367
 20
1140.0
 10
2221.4977332670524
 20
1140.0
 10
2225.061954434113
 20
1140.0
 10
2228.5
 20
1140.0
 10
2231.7926430193083
 20
1140.0
 10
2234.921469696654
 20
1140.0
 10
2237.868982364088
 20
1140.0
 10
2240.618697335151
 20
1140.0
 10
2243.1552370883373
 20
1140.0
 10
2245.4644162644317
 20
1140.0
 10
2247.5333209967907
 20
1140.0
 10
2249.3503811309256
 20
1140.0
 10
2250.9054349294984
 20
1140.0
 10
2252.1897859008795
 20
1140.0
 10
2253.196251433455
 20
1140.0
 10
2253.9192029637065
 20
1140.0
 10
2254.3545974534213
 20
1140.0
 10
2254.5
 20
1140.0
  0
LWPOLYLINE
  5
7DF
330
17
100
AcDbEntity
  8
RIGHT
100
AcDbPolyline
 90
16
 70
0
 10
2254.5
 20
1140.0
 10
2254.8458181694295
 20
1141.6269465723033
 10
2255.8234775745645
 20
1142.9725793019095
 10
2257.2639320225003
 20
1143.8042260651805
 10
2258.9181138530707
 20
1143.9780875814731
 10
2260.5
 20
1143.4641016151377
 10
2261.7360679774997
 20
1142.3511410091699
 10
2262.412590402935
 20
1140.831646763271
 10
2262.412590402935
 20
1139.168353236729
 10
2261.7360679774997
 20
1137.6488589908301
 10
2260.5
 20
1136.5358983848623
 10
2258.9181138530707
 20
1136.0219124185269
 10
2257.2639320225003
 20
1136.1957739348195
 10
2255.8234775745645
 20
1137.0274206980905
 10
2254.8458181694295
 20
1138.3730534276967
 10
2254.5
 20
1140.0
  0
LWPOLYLINE
  5
7E0
330
17
100
AcDbEntity
  8
RIGHT
100
AcDbPolyline
 90
16
 70
0
 10
2254.5
 20
1140.0
 10
2254.8458181694295
 20
1138.3730534276967
 10
2255.8234775745645
 20
1137.0274206980905
 10
2257.2639320225003
 20
1136.1957739348195
 10
2258.9181138530707
 20
1136.0219124185269
 10
2260.5
 20
1136.5358983848623
 10
2261.7360679774997
 20
1137.6488589908301
 10
2262.412590402935
 20
1139.168353236729
 10
2262.412590402935
 20
1140.831646763271
 10
2261.7360679774997
 20
1142.3511410091699
 10
2260.5
 20
1143.4641016151377
 10
2258.9181138530707
 20
1143.9780875814731
 10
2257.2639320225003
 20
1143.8042260651805
 10
2255.8234775745645
 20
1142.9725793019095
 10
2254.8458181694295
 20
1141.6269465723033
 10
2254.5
 20
1140.0
  0
LWPOLYLINE
  5
7E1
330
17
100
AcDbEntity
  8
RIGHT
100
AcDbPolyline
 90
25
 70
0
 10
2254.5
 20
1140.0
 10
2254.628464605684
 20
1140.0
 10
2255.0133083175715
 20
1140.0
 10
2255.652883175806
 20
1140.0
 10
2256.544450422656
 20
1140.0
 10
2257.684192230294
 20
1140.0
 10
2259.0672280493227
 20
1140.0
 10
2260.6876355080385
 20
1140.0
 10
2262.5384757729335
 20
1140.0
 10
2264.6118232618473
 20
1140.0
 10
2266.898799582526
 20
1140.0
 10
2269.389611551261
 20
1140.0
 10
2272.0735931288073
 20
1140.0
 10
2274.939251093996
 20
1140.0
 10
2277.9743142594766
 20
1140.0
 10
2281.165786018824
 20
1140.0
 10
2284.5
 20
1140.0
 10
2287.96267858686
 20
1140.0
 10
2291.5389940580944
 20
1140.0
 10
2295.2136320818104
 20
1140.0
 10
2298.970857293849
 20
1140.0
 10
2302.794580679032
 20
1140.0
 10
2306.6684284667967
 20
1140.0
 10
2310.575812246191
 20
1140.0
 10
2314.5
 20
1140.0
  0
LWPOLYLINE
  5
7E2
330
17
100
AcDbEntity
  8
RIGHT
100
AcDbPolyline
 90
16
 70
0
 10
2314.5
 20
1140.0
 10
2314.5
 20
1141.6269465723033
 10
2314.5
 20
1142.9725793019095
 10
2314.5
 20
1143.8042260651805
 10
2314.5
 20
1143.9780875814731
 10
2314.5
 20
1143.4641016151377
 10
2314.5
 20
1142.3511410091699
 10
2314.5
 20
1140.831646763271
 10
2314.5
 20
1139.168353236729
 10
2314.5
 20
1137.6488589908301
 10
2314.5
 20
1136.5358983848623
 10
2314.5
 20
1136.0219124185269
 10
2314.5
 20
1136.1957739348195
 10
2314.5
 20
1137.0274206980905
 10
2314.5
 20
1138.3730534276967
 10
2314.5
 20
1140.0
  0
LWPOLYLINE
  5
7E3
330
17
100
AcDbEntity
  8
RIGHT
100
AcDbPolyline
 90
2
 70
0
 10
2314.5
 20
1140.0
 10
2330.5
 20
1140.0
  0
LWPOLYLINE
  5
7E4
330
17
100
AcDbEntity
  8
RIGHT
100
AcDbPolyline
 90
16
 70
0
 10
2330.5
 20
1140.0
 10
2330.5
 20
1138.3730534276967
 10
2330.5
 20
1137.0274206980905
 10
2330.5
 20
1136.1957739348195
 10
2330.5
 20
1136.0219124185269
 10
2330.5
 20
1136.5358983848623
 10
2330.5
 20
1137.6488589908301
 10
2330.5
 20
1139.168353236729
 10
2330.5
 20
1140.831646763271
 10
2330.5
 20
1142.3511410091699
 10
2330.5
 20
1143.4641016151377
 10
2330.5
 20
1143.9780875814731
 10
2330.5
 20
1143.8042260651805
 10
2330.5
 20
1142.9725793019095
 10
2330.5
 20
1141.6269465723033
 10
2330.5
 20
1140.0
  0
LWPOLYLINE
  5
7E5
330
17
100
AcDbEntity
  8
RIGHT
100
AcDbPolyline
 90
25
 70
0
 10
2330.5
 20
1140.0
 10
2334.424187753809
 20
1140.0
 10
2338.3315715332033
 20
1140.0
 10
2342.205419320968
 20
1140.0
 10
2346.029142706151
 20
1140.0
 10
2349.7863679181896
 20
1140.0
 10
2353.4610059419056
 20
1140.0
 10
2357.03732141314
 20
1140.0
 10
2360.5
 20
1140.0
 10
2363.834213981176
 20
1140.0
 10
2367.0256857405234
 20
1140.0
 10
2370.060748906004
 20
1140.0
 10
2372.9264068711927
 20
1140.0
 10
2375.6103884487384
 20
1140.0
 10
2378.101200417474
 20
1140.0
 10
2380.3881767381527
 20
1140.0
 10
2382.4615242270665
 20
1140.0
 10
2384.3123644919615
 20
1140.0
 10
2385.9327719506773
 20
1140.0
 10
2387.315807769706
 20
1140.0
 10
2388.455549577344
 20
1140.0
 10
2389.347116824194
 20
1140.0
 10
2389.9866916824285
 20
1140.0
 10
2390.371535394316
 20
1140.0
 10
2390.5
 20
1140.0
  0
LWPOLYLINE
  5
7E6
330
17
100
AcDbEntity
  8
RIGHT
100
AcDbPolyline
 90
16
 70
0
 10
2390.5
 20
1140.0
 10
2390.1541818305705
 20
1141.6269465723033
 10
2389.1765224254355
 20
1142.9725793019095
 10
2387.7360679774997
 20
1143.8042260651805
 10
2386.0818861469293
 20
1143.9780875814731
 10
2384.5
 20
1143.4641016151377
 10
2383.2639320225003
 20
1142.3511410091699
 10
2382.587409597065
 20
1140.831646763271
 10
2382.587409597065
 20
1139.168353236729
 10
2383.2639320225003
 20
1137.6488589908301
 10
2384.5
 20
1136.5358983848623
 10
2386.0818861469293
 20
1136.0219124185269
 10
2387.7360679774997
 20
1136.1957739348195
 10
2389.1765224254355
 20
1137.0274206980905
 10
2390.1541818305705
 20
1138.3730534276967
 10
2390.5
 20
1140.0
  0
LWPOLYLINE
  5
7E7
330
17
100
AcDbEntity
  8
RIGHT
100
AcDbPolyline
 90
16
 70
0
 10
2390.5
 20
1140.0
 10
2390.1541818305705
 20
1138.3730534276967
 10
2389.1765224254355
 20
1137.0274206980905
 10
2387.7360679774997
 20
1136.1957739348195
 10
2386.0818861469293
 20
1136.0219124185269
 10
2384.5
 20
1136.5358983848623
 10
2383.2639320225003
 20
1137.6488589908301
 10
2382.587409597065
 20
1139.168353236729
 10
2382.587409597065
 20
1140.831646763271
 10
2383.2639320225003
 20
1142.3511410091699
 10
2384.5
 20
1143.4641016151377
 10
2386.0818861469293
 20
1143.9780875814731
 10
2387.7360679774997
 20
1143.8042260651805
 10
2389.1765224254355
 20
1142.9725793019095
 10
2390.1541818305705
 20
1141.6269465723033
 10
2390.5
 20
1140.0
  0
LWPOLYLINE
  5
7E8
330
17
100
AcDbEntity
  8
RIGHT
100
AcDbPolyline
 90
22
 70
0
 10
2390.5
 20
1140.0
 10
2390.6454025465787
 20
1140.0
 10
2391.0807970362935
 20
1140.0
 10
2391.8037485665454
 20
1140.0
 10
2392.8102140991205
 20
1140.0
 10
2394.0945650705016
 20
1140.0
 10
2395.6496188690744
 20
1140.0
 10
2397.4666790032093
 20
1140.0
 10
2399.5355837355683
 20
1140.0
 10
2401.8447629116627
 20
1140.0
 10
2404.381302664849
 20
1140.0
 10
2407.131017635912
 20
1140.0
 10
2410.078530303346
 20
1140.0
 10
2413.2073569806917
 20
1140.0
 10
2416.5
 20
1140.0
 10
2419.938045565887
 20
1140.0
 10
2423.5022667329476
 20
1140.0
 10
2427.172730930633
 20
1140.0
 10
2430.928911434272
 20
1140.0
 10
2434.749802158839
 20
1140.0
 10
2438.614035133506
 20
1140.0
 10
2442.5
 20
1140.0
  0
LWPOLYLINE
  5
7E9
330
17
100
AcDbEntity
  8
RIGHT
100
AcDbPolyline
 90
16
 70
0
 10
2442.5
 20
1140.0
 10
2442.5
 20
1141.6269465723033
 10
2442.5
 20
1142.9725793019095
 10
2442.5
 20
1143.8042260651805
 10
2442.5
 20
1143.9780875814731
 10
2442.5
 20
1143.4641016151377
 10
2442.5
 20
1142.3511410091699
 10
2442.5
 20
1140.831646763271
 10
2442.5
 20
1139.168353236729
 10
2442.5
 20
1137.6488589908301
 10
2442.5
 20
1136.5358983848623
 10
2442.5
 20
1136.0219124185269
 10
2442.5
 20
1136.1957739348195
 10
2442.5
 20
1137.0274206980905
 10
2442.5
 20
1138.3730534276967
 10
2442.5
 20
1140.0
  0
LWPOLYLINE
  5
7EA
330
17
100
AcDbEntity
  8
RIGHT
100
AcDbPolyline
 90
2
 70
0
 10
2442.5
 20
1140.0
 10
2535.0
 20
1140.0
  0
LWPOLYLINE
  5
7EB
330
17
100
AcDbEntity
  8
RIGHT
100
AcDbPolyline
 90
16
 70
0
 10
2535.0
 20
1140.0
 10
2535.0
 20
1138.3730534276967
 10
2535.0
 20
1137.0274206980905
 10
2535.0
 20
1136.1957739348195
 10
2535.0
 20
1136.0219124185269
 10
2535.0
 20
1136.5358983848623
 10
2535.0
 20
1137.6488589908301
 10
2535.0
 20
1139.168353236729
 10
2535.0
 20
1140.831646763271
 10
2535.0
 20
1142.3511410091699
 10
2535.0
 20
1143.4641016151377
 10
2535.0
 20
1143.9780875814731
 10
2535.0
 20
1143.8042260651805
 10
2535.0
 20
1142.9725793019095
 10
2535.0
 20
1141.6269465723033
 10
2535.0
 20
1140.0
  0
LWPOLYLINE
  5
7EC
330
17
100
AcDbEntity
  8
RIGHT
100
AcDbPolyline
 90
2
 70
0
 10
2110.0
 20
1140.0
 10
2122.5
 20
1140.0
  0
LWPOLYLINE
  5
7ED
330
17
100
AcDbEntity
  8
RIGHT
100
AcDbPolyline
 90
16
 70
0
 10
2110.0
 20
1140.0
 10
2110.0
 20
1138.3730534276967
 10
2110.0
 20
1137.0274206980905
 10
2110.0
 20
1136.1957739348195
 10
2110.0
 20
1136.0219124185269
 10
2110.0
 20
1136.5358983848623
 10
2110.0
 20
1137.6488589908301
 10
2110.0
 20
1139.168353236729
 10
2110.0
 20
1140.831646763271
 10
2110.0
 20
1142.3511410091699
 10
2110.0
 20
1143.4641016151377
 10
2110.0
 20
1143.9780875814731
 10
2110.0
 20
1143.8042260651805
 10
2110.0
 20
1142.9725793019095
 10
2110.0
 20
1141.6269465723033
 10
2110.0
 20
1140.0
  0
LWPOLYLINE
  5
7EE
330
17
100
AcDbEntity
  8
RIGHT
100
AcDbPolyline
 90
16
 70
0
 10
2122.5
 20
1140.0
 10
2122.5
 20
1138.3730534276967
 10
2122.5
 20
1137.0274206980905
 10
2122.5
 20
1136.1957739348195
 10
2122.5
 20
1136.0219124185269
 10
2122.5
 20
1136.5358983848623
 10
2122.5
 20
1137.6488589908301
 10
2122.5
 20
1139.168353236729
 10
2122.5
 20
1140.831646763271
 10
2122.5
 20
1142.3511410091699
 10
2122.5
 20
1143.4641016151377
 10
2122.5
 20
1143.9780875814731
 10
2122.5
 20
1143.8042260651805
 10
2122.5
 20
1142.9725793019095
 10
2122.5
 20
1141.6269465723033
 10
2122.5
 20
1140.0
  0
LWPOLYLINE
  5
7EF
330
17
100
AcDbEntity
  8
RIGHT
100
AcDbPolyline
 90
23
 70
0
 10
2122.5
 20
1140.0
 10
2126.494994259157
 20
1139.8573184181741
 10
2130.469630943304
 20
1139.4300007453323
 10
2134.4036562149668
 20
1138.7202244943849
 10
2138.27702318312
 20
1137.731606522412
 10
2142.0699940575496
 20
1136.4691845999866
 10
2145.7632407281058
 20
1134.9393917398531
 10
2149.3379432563233
 20
1133.1500234157663
 10
2152.7758857775134
 20
1131.1101978385461
 10
2156.0595493246356
 20
1128.8303094917642
 10
2159.172201100936
 20
1126.3219761638386
 10
2162.0979797464465
 20
1123.5979797464468
 10
2164.8219761638384
 20
1120.672201100936
 10
2167.330309491764
 20
1117.5595493246356
 10
2169.610197838546
 20
1114.2758857775134
 10
2171.6500234157666
 20
1110.8379432563231
 10
2173.439391739853
 20
1107.2632407281058
 10
2174.969184599987
 20
1103.5699940575496
 10
2176.2316065224118
 20
1099.77702318312
 10
2177.2202244943846
 20
1095.9036562149668
 10
2177.930000745332
 20
1091.969630943304
 10
2178.357318418174
 20
1087.994994259157
 10
2178.5
 20
1084.0
  0
LWPOLYLINE
  5
7F0
330
17
100
AcDbEntity
  8
RIGHT
100
AcDbPolyline
 90
16
 70
0
 10
2178.5
 20
1084.0
 10
2180.126946572303
 20
1084.0
 10
2181.4725793019097
 20
1084.0
 10
2182.3042260651805
 20
1084.0
 10
2182.478087581473
 20
1084.0
 10
2181.9641016151377
 20
1084.0
 10
2180.8511410091696
 20
1084.0
 10
2179.331646763271
 20
1084.0
 10
2177.6683532367288
 20
1084.0
 10
2176.14885899083
 20
1084.0
 10
2175.0358983848623
 20
1084.0
 10
2174.521912418527
 20
1084.0
 10
2174.695773934819
 20
1084.0
 10
2175.5274206980903
 20
1084.0
 10
2176.8730534276965
 20
1084.0
 10
2178.5
 20
1084.0
  0
LWPOLYLINE
  5
7F1
330
17
100
AcDbEntity
  8
RIGHT
100
AcDbPolyline
 90
2
 70
0
 10
2178.5
 20
1084.0
 10
2178.5
 20
650.0
  0
LWPOLYLINE
  5
7F2
330
17
100
AcDbEntity
  8
RIGHT
100
AcDbPolyline
 90
16
 70
0
 10
2178.5
 20
650.0
 10
2176.8730534276965
 20
650.0
 10
2175.5274206980903
 20
650.0
 10
2174.6957739348195
 20
650.0
 10
2174.521912418527
 20
650.0
 10
2175.0358983848623
 20
650.0
 10
2176.14885899083
 20
650.0
 10
2177.6683532367288
 20
650.0
 10
2179.3316467632712
 20
650.0
 10
2180.8511410091696
 20
650.0
 10
2181.9641016151377
 20
650.0
 10
2182.478087581473
 20
650.0
 10
2182.3042260651805
 20
650.0
 10
2181.4725793019097
 20
650.0
 10
2180.126946572303
 20
650.0
 10
2178.5
 20
650.0
  0
LWPOLYLINE
  5
7F3
330
17
100
AcDbEntity
  8
RIGHT
100
AcDbPolyline
 90
2
 70
0
 10
2535.0
 20
1140.0
 10
2522.5
 20
1140.0
  0
LWPOLYLINE
  5
7F4
330
17
100
AcDbEntity
  8
RIGHT
100
AcDbPolyline
 90
16
 70
0
 10
2535.0
 20
1140.0
 10
2535.0
 20
1141.6269465723033
 10
2535.0
 20
1142.9725793019095
 10
2535.0
 20
1143.8042260651805
 10
2535.0
 20
1143.9780875814731
 10
2535.0
 20
1143.4641016151377
 10
2535.0
 20
1142.3511410091699
 10
2535.0
 20
1140.831646763271
 10
2535.0
 20
1139.168353236729
 10
2535.0
 20
1137.6488589908301
 10
2535.0
 20
1136.5358983848623
 10
2535.0
 20
1136.0219124185269
 10
2535.0
 20
1136.1957739348195
 10
2535.0
 20
1137.0274206980905
 10
2535.0
 20
1138.3730534276967
 10
2535.0
 20
1140.0
  0
LWPOLYLINE
  5
7F5
330
17
100
AcDbEntity
  8
RIGHT
100
AcDbPolyline
 90
16
 70
0
 10
2522.5
 20
1140.0
 10
2522.5
 20
1141.6269465723033
 10
2522.5
 20
1142.9725793019095
 10
2522.5
 20
1143.8042260651805
 10
2522.5
 20
1143.9780875814731
 10
2522.5
 20
1143.4641016151377
 10
2522.5
 20
1142.3511410091699
 10
2522.5
 20
1140.831646763271
 10
2522.5
 20
1139.168353236729
 10
2522.5
 20
1137.6488589908301
 10
2522.5
 20
1136.5358983848623
 10
2522.5
 20
1136.0219124185269
 10
2522.5
 20
1136.1957739348195
 10
2522.5
 20
1137.0274206980905
 10
2522.5
 20
1138.3730534276967
 10
2522.5
 20
1140.0
  0
LWPOLYLINE
  5
7F6
330
17
100
AcDbEntity
  8
RIGHT
100
AcDbPolyline
 90
23
 70
0
 10
2522.5
 20
1140.0
 10
2518.505005740843
 20
1139.8573184181741
 10
2514.530369056696
 20
1139.4300007453323
 10
2510.5963437850332
 20
1138.7202244943849
 10
2506.72297681688
 20
1137.731606522412
 10
2502.9300059424504
 20
1136.4691845999866
 10
2499.2367592718942
 20
1134.9393917398531
 10
2495.6620567436767
 20
1133.1500234157663
 10
2492.2241142224866
 20
1131.1101978385461
 10
2488.9404506753644
 20
1128.8303094917642
 10
2485.827798899064
 20
1126.3219761638386
 10
2482.9020202535535
 20
1123.5979797464468
 10
2480.1780238361616
 20
1120.672201100936
 10
2477.669690508236
 20
1117.5595493246356
 10
2475.389802161454
 20
1114.2758857775134
 10
2473.3499765842334
 20
1110.8379432563231
 10
2471.560608260147
 20
1107.2632407281058
 10
2470.030815400013
 20
1103.5699940575496
 10
2468.7683934775882
 20
1099.77702318312
 10
2467.7797755056154
 20
1095.9036562149668
 10
2467.069999254668
 20
1091.969630943304
 10
2466.642681581826
 20
1087.994994259157
 10
2466.5
 20
1084.0
  0
LWPOLYLINE
  5
7F7
330
17
100
AcDbEntity
  8
RIGHT
100
AcDbPolyline
 90
16
 70
0
 10
2466.5
 20
1084.0
 10
2468.1269465723035
 20
1084.0
 10
2469.4725793019097
 20
1084.0
 10
2470.304226065181
 20
1084.0
 10
2470.478087581473
 20
1084.0
 10
2469.964101615138
 20
1084.0
 10
2468.85114100917
 20
1084.0
 10
2467.3316467632712
 20
1084.0
 10
2465.6683532367288
 20
1084.0
 10
2464.1488589908304
 20
1084.0
 10
2463.0358983848623
 20
1084.0
 10
2462.521912418527
 20
1084.0
 10
2462.6957739348195
 20
1084.0
 10
2463.5274206980903
 20
1084.0
 10
2464.873053427697
 20
1084.0
 10
2466.5
 20
1084.0
  0
LWPOLYLINE
  5
7F8
330
17
100
AcDbEntity
  8
RIGHT
100
AcDbPolyline
 90
2
 70
0
 10
2466.5
 20
1084.0
 10
2466.5
 20
650.0
  0
LWPOLYLINE
  5
7F9
330
17
100
AcDbEntity
  8
RIGHT
100
AcDbPolyline
 90
16
 70
0
 10
2466.5
 20
650.0
 10
2464.873053427697
 20
650.0
 10
2463.5274206980903
 20
650.0
 10
2462.6957739348195
 20
650.0
 10
2462.521912418527
 20
650.0
 10
2463.0358983848623
 20
650.0
 10
2464.1488589908304
 20
650.0
 10
2465.6683532367288
 20
650.0
 10
2467.3316467632712
 20
650.0
 10
2468.85114100917
 20
650.0
 10
2469.9641016151377
 20
650.0
 10
2470.478087581473
 20
650.0
 10
2470.304226065181
 20
650.0
 10
2469.4725793019097
 20
650.0
 10
2468.1269465723035
 20
650.0
 10
2466.5
 20
650.0
  0
LWPOLYLINE
  5
7FA
330
17
100
AcDbEntity
  8
RIGHT
100
AcDbPolyline
 90
2
 70
0
 10
1982.5
 20
70.0
 10
1982.5
 20
90.0
  0
LWPOLYLINE
  5
7FB
330
17
100
AcDbEntity
  8
RIGHT
100
AcDbPolyline
 90
2
 70
0
 10
1982.5
 20
90.0
 10
2662.5
 20
90.0
  0
LWPOLYLINE
  5
7FC
330
17
100
AcDbEntity
  8
RIGHT
100
AcDbPolyline
 90
2
 70
0
 10
2662.5
 20
70.0
 10
2662.5
 20
90.0
  0
LWPOLYLINE
  5
7FD
330
17
100
AcDbEntity
  8
RIGHT
100
AcDbPolyline
 90
2
 70
0
 10
1982.5
 20
70.0
 10
2662.5
 20
70.0
  0
LWPOLYLINE
  5
7FE
330
17
100
AcDbEntity
  8
RIGHT
100
AcDbPolyline
 90
2
 70
0
 10
1982.5
 20
70.0
 10
1982.5
 20
90.0
  0
LWPOLYLINE
  5
7FF
330
17
100
AcDbEntity
  8
RIGHT
100
AcDbPolyline
 90
2
 70
0
 10
1982.5
 20
90.0
 10
2662.5
 20
90.0
  0
LWPOLYLINE
  5
800
330
17
100
AcDbEntity
  8
RIGHT
100
AcDbPolyline
 90
2
 70
0
 10
2662.5
 20
70.0
 10
2662.5
 20
90.0
  0
LWPOLYLINE
  5
801
330
17
100
AcDbEntity
  8
RIGHT
100
AcDbPolyline
 90
2
 70
0
 10
1982.5
 20
70.0
 10
2662.5
 20
70.0
  0
LWPOLYLINE
  5
802
330
17
100
AcDbEntity
  8
RIGHT
100
AcDbPolyline
 90
2
 70
0
 10
1982.5
 20
70.0
 10
1982.5
 20
90.0
  0
LWPOLYLINE
  5
803
330
17
100
AcDbEntity
  8
RIGHT
100
AcDbPolyline
 90
2
 70
0
 10
1982.5
 20
90.0
 10
2662.5
 20
90.0
  0
LWPOLYLINE
  5
804
330
17
100
AcDbEntity
  8
RIGHT
100
AcDbPolyline
 90
2
 70
0
 10
2662.5
 20
70.0
 10
2662.5
 20
90.0
  0
LWPOLYLINE
  5
805
330
17
100
AcDbEntity
  8
RIGHT
100
AcDbPolyline
 90
2
 70
0
 10
1982.5
 20
70.0
 10
2662.5
 20
70.0
  0
LWPOLYLINE
  5
806
330
17
100
AcDbEntity
  8
RIGHT
100
AcDbPolyline
 90
2
 70
0
 10
1982.5
 20
70.0
 10
1982.5
 20
90.0
  0
LWPOLYLINE
  5
807
330
17
100
AcDbEntity
  8
RIGHT
100
AcDbPolyline
 90
2
 70
0
 10
1982.5
 20
90.0
 10
2662.5
 20
90.0
  0
LWPOLYLINE
  5
808
330
17
100
AcDbEntity
  8
RIGHT
100
AcDbPolyline
 90
2
 70
0
 10
2662.5
 20
70.0
 10
2662.5
 20
90.0
  0
LWPOLYLINE
  5
809
330
17
100
AcDbEntity
  8
RIGHT
100
AcDbPolyline
 90
2
 70
0
 10
1982.5
 20
70.0
 10
2662.5
 20
70.0
  0
LWPOLYLINE
  5
80A
330
17
100
AcDbEntity
  8
RIGHT
100
AcDbPolyline
 90
2
 70
0
 10
1982.5
 20
450.0
 10
1982.5
 20
470.0
  0
LWPOLYLINE
  5
80B
330
17
100
AcDbEntity
  8
RIGHT
100
AcDbPolyline
 90
2
 70
0
 10
1982.5
 20
470.0
 10
2662.5
 20
470.0
  0
LWPOLYLINE
  5
80C
330
17
100
AcDbEntity
  8
RIGHT
100
AcDbPolyline
 90
2
 70
0
 10
2662.5
 20
450.0
 10
2662.5
 20
470.0
  0
LWPOLYLINE
  5
80D
330
17
100
AcDbEntity
  8
RIGHT
100
AcDbPolyline
 90
2
 70
0
 10
1982.5
 20
450.0
 10
2662.5
 20
450.0
  0
LWPOLYLINE
  5
80E
330
17
100
AcDbEntity
  8
RIGHT
100
AcDbPolyline
 90
2
 70
0
 10
1982.5
 20
450.0
 10
1982.5
 20
470.0
  0
LWPOLYLINE
  5
80F
330
17
100
AcDbEntity
  8
RIGHT
100
AcDbPolyline
 90
2
 70
0
 10
1982.5
 20
470.0
 10
2662.5
 20
470.0
  0
LWPOLYLINE
  5
810
330
17
100
AcDbEntity
  8
RIGHT
100
AcDbPolyline
 90
2
 70
0
 10
2662.5
 20
450.0
 10
2662.5
 20
470.0
  0
LWPOLYLINE
  5
811
330
17
100
AcDbEntity
  8
RIGHT
100
AcDbPolyline
 90
2
 70
0
 10
1982.5
 20
450.0
 10
2662.5
 20
450.0
  0
LWPOLYLINE
  5
812
330
17
100
AcDbEntity
  8
RIGHT
100
AcDbPolyline
 90
2
 70
0
 10
1982.5
 20
450.0
 10
1982.5
 20
470.0
  0
LWPOLYLINE
  5
813
330
17
100
AcDbEntity
  8
RIGHT
100
AcDbPolyline
 90
2
 70
0
 10
1982.5
 20
470.0
 10
2662.5
 20
470.0
  0
LWPOLYLINE
  5
814
330
17
100
AcDbEntity
  8
RIGHT
100
AcDbPolyline
 90
2
 70
0
 10
2662.5
 20
450.0
 10
2662.5
 20
470.0
  0
LWPOLYLINE
  5
815
330
17
100
AcDbEntity
  8
RIGHT
100
AcDbPolyline
 90
2
 70
0
 10
1982.5
 20
450.0
 10
2662.5
 20
450.0
  0
LWPOLYLINE
  5
816
330
17
100
AcDbEntity
  8
RIGHT
100
AcDbPolyline
 90
2
 70
0
 10
1982.5
 20
450.0
 10
1982.5
 20
470.0
  0
LWPOLYLINE
  5
817
330
17
100
AcDbEntity
  8
RIGHT
100
AcDbPolyline
 90
2
 70
0
 10
1982.5
 20
470.0
 10
2662.5
 20
470.0
  0
LWPOLYLINE
  5
818
330
17
100
AcDbEntity
  8
RIGHT
100
AcDbPolyline
 90
2
 70
0
 10
2662.5
 20
450.0
 10
2662.5
 20
470.0
  0
LWPOLYLINE
  5
819
330
17
100
AcDbEntity
  8
RIGHT
100
AcDbPolyline
 90
2
 70
0
 10
1982.5
 20
450.0
 10
2662.5
 20
450.0
  0
LWPOLYLINE
  5
81A
330
17
100
AcDbEntity
  8
RIGHT
100
AcDbPolyline
 90
2
 70
0
 10
2047.5
 20
90.0
 10
2047.5
 20
98.0
  0
LWPOLYLINE
  5
81B
330
17
100
AcDbEntity
  8
RIGHT
100
AcDbPolyline
 90
2
 70
0
 10
2047.5
 20
98.0
 10
2297.5
 20
98.0
  0
LWPOLYLINE
  5
81C
330
17
100
AcDbEntity
  8
RIGHT
100
AcDbPolyline
 90
2
 70
0
 10
2297.5
 20
90.0
 10
2297.5
 20
98.0
  0
LWPOLYLINE
  5
81D
330
17
100
AcDbEntity
  8
RIGHT
100
AcDbPolyline
 90
2
 70
0
 10
2047.5
 20
90.0
 10
2297.5
 20
90.0
  0
LWPOLYLINE
  5
81E
330
17
100
AcDbEntity
  8
RIGHT
100
AcDbPolyline
 90
2
 70
0
 10
2047.5
 20
90.0
 10
2047.5
 20
98.0
  0
LWPOLYLINE
  5
81F
330
17
100
AcDbEntity
  8
RIGHT
100
AcDbPolyline
 90
2
 70
0
 10
2047.5
 20
98.0
 10
2297.5
 20
98.0
  0
LWPOLYLINE
  5
820
330
17
100
AcDbEntity
  8
RIGHT
100
AcDbPolyline
 90
2
 70
0
 10
2297.5
 20
90.0
 10
2297.5
 20
98.0
  0
LWPOLYLINE
  5
821
330
17
100
AcDbEntity
  8
RIGHT
100
AcDbPolyline
 90
2
 70
0
 10
2047.5
 20
90.0
 10
2297.5
 20
90.0
  0
LWPOLYLINE
  5
822
330
17
100
AcDbEntity
  8
RIGHT
100
AcDbPolyline
 90
2
 70
0
 10
2099.0
 20
110.0
 10
2099.0
 20
309.0
  0
LWPOLYLINE
  5
823
330
17
100
AcDbEntity
  8
RIGHT
100
AcDbPolyline
 90
2
 70
0
 10
2099.0
 20
309.0
 10
2246.0
 20
309.0
  0
LWPOLYLINE
  5
824
330
17
100
AcDbEntity
  8
RIGHT
100
AcDbPolyline
 90
2
 70
0
 10
2246.0
 20
110.0
 10
2246.0
 20
309.0
  0
LWPOLYLINE
  5
825
330
17
100
AcDbEntity
  8
RIGHT
100
AcDbPolyline
 90
2
 70
0
 10
2099.0
 20
110.0
 10
2246.0
 20
110.0
  0
LWPOLYLINE
  5
826
330
17
100
AcDbEntity
  8
RIGHT
100
AcDbPolyline
 90
2
 70
0
 10
2099.0
 20
110.0
 10
2099.0
 20
309.0
  0
LWPOLYLINE
  5
827
330
17
100
AcDbEntity
  8
RIGHT
100
AcDbPolyline
 90
2
 70
0
 10
2099.0
 20
309.0
 10
2246.0
 20
309.0
  0
LWPOLYLINE
  5
828
330
17
100
AcDbEntity
  8
RIGHT
100
AcDbPolyline
 90
2
 70
0
 10
2246.0
 20
110.0
 10
2246.0
 20
309.0
  0
LWPOLYLINE
  5
829
330
17
100
AcDbEntity
  8
RIGHT
100
AcDbPolyline
 90
2
 70
0
 10
2099.0
 20
110.0
 10
2246.0
 20
110.0
  0
LWPOLYLINE
  5
82A
330
17
100
AcDbEntity
  8
RIGHT
100
AcDbPolyline
 90
2
 70
0
 10
2082.5
 20
98.0
 10
2082.5
 20
128.0
  0
LWPOLYLINE
  5
82B
330
17
100
AcDbEntity
  8
RIGHT
100
AcDbPolyline
 90
2
 70
0
 10
2082.5
 20
128.0
 10
2262.5
 20
128.0
  0
LWPOLYLINE
  5
82C
330
17
100
AcDbEntity
  8
RIGHT
100
AcDbPolyline
 90
2
 70
0
 10
2262.5
 20
98.0
 10
2262.5
 20
128.0
  0
LWPOLYLINE
  5
82D
330
17
100
AcDbEntity
  8
RIGHT
100
AcDbPolyline
 90
2
 70
0
 10
2082.5
 20
98.0
 10
2262.5
 20
98.0
  0
LWPOLYLINE
  5
82E
330
17
100
AcDbEntity
  8
RIGHT
100
AcDbPolyline
 90
2
 70
0
 10
2082.5
 20
98.0
 10
2082.5
 20
128.0
  0
LWPOLYLINE
  5
82F
330
17
100
AcDbEntity
  8
RIGHT
100
AcDbPolyline
 90
2
 70
0
 10
2082.5
 20
128.0
 10
2262.5
 20
128.0
  0
LWPOLYLINE
  5
830
330
17
100
AcDbEntity
  8
RIGHT
100
AcDbPolyline
 90
2
 70
0
 10
2262.5
 20
98.0
 10
2262.5
 20
128.0
  0
LWPOLYLINE
  5
831
330
17
100
AcDbEntity
  8
RIGHT
100
AcDbPolyline
 90
2
 70
0
 10
2082.5
 20
98.0
 10
2262.5
 20
98.0
  0
LWPOLYLINE
  5
832
330
17
100
AcDbEntity
  8
RIGHT
100
AcDbPolyline
 90
2
 70
0
 10
2082.5
 20
98.0
 10
2082.5
 20
128.0
  0
LWPOLYLINE
  5
833
330
17
100
AcDbEntity
  8
RIGHT
100
AcDbPolyline
 90
2
 70
0
 10
2082.5
 20
128.0
 10
2262.5
 20
128.0
  0
LWPOLYLINE
  5
834
330
17
100
AcDbEntity
  8
RIGHT
100
AcDbPolyline
 90
2
 70
0
 10
2262.5
 20
98.0
 10
2262.5
 20
128.0
  0
LWPOLYLINE
  5
835
330
17
100
AcDbEntity
  8
RIGHT
100
AcDbPolyline
 90
2
 70
0
 10
2082.5
 20
98.0
 10
2262.5
 20
98.0
  0
LWPOLYLINE
  5
836
330
17
100
AcDbEntity
  8
RIGHT
100
AcDbPolyline
 90
2
 70
0
 10
2082.5
 20
98.0
 10
2082.5
 20
128.0
  0
LWPOLYLINE
  5
837
330
17
100
AcDbEntity
  8
RIGHT
100
AcDbPolyline
 90
2
 70
0
 10
2082.5
 20
128.0
 10
2262.5
 20
128.0
  0
LWPOLYLINE
  5
838
330
17
100
AcDbEntity
  8
RIGHT
100
AcDbPolyline
 90
2
 70
0
 10
2262.5
 20
98.0
 10
2262.5
 20
128.0
  0
LWPOLYLINE
  5
839
330
17
100
AcDbEntity
  8
RIGHT
100
AcDbPolyline
 90
2
 70
0
 10
2082.5
 20
98.0
 10
2262.5
 20
98.0
  0
LWPOLYLINE
  5
83A
330
17
100
AcDbEntity
  8
RIGHT
100
AcDbPolyline
 90
2
 70
0
 10
2332.5
 20
470.0
 10
2332.5
 20
478.0
  0
LWPOLYLINE
  5
83B
330
17
100
AcDbEntity
  8
RIGHT
100
AcDbPolyline
 90
2
 70
0
 10
2332.5
 20
478.0
 10
2612.5
 20
478.0
  0
LWPOLYLINE
  5
83C
330
17
100
AcDbEntity
  8
RIGHT
100
AcDbPolyline
 90
2
 70
0
 10
2612.5
 20
470.0
 10
2612.5
 20
478.0
  0
LWPOLYLINE
  5
83D
330
17
100
AcDbEntity
  8
RIGHT
100
AcDbPolyline
 90
2
 70
0
 10
2332.5
 20
470.0
 10
2612.5
 20
470.0
  0
LWPOLYLINE
  5
83E
330
17
100
AcDbEntity
  8
RIGHT
100
AcDbPolyline
 90
2
 70
0
 10
2332.5
 20
470.0
 10
2332.5
 20
478.0
  0
LWPOLYLINE
  5
83F
330
17
100
AcDbEntity
  8
RIGHT
100
AcDbPolyline
 90
2
 70
0
 10
2332.5
 20
478.0
 10
2612.5
 20
478.0
  0
LWPOLYLINE
  5
840
330
17
100
AcDbEntity
  8
RIGHT
100
AcDbPolyline
 90
2
 70
0
 10
2612.5
 20
470.0
 10
2612.5
 20
478.0
  0
LWPOLYLINE
  5
841
330
17
100
AcDbEntity
  8
RIGHT
100
AcDbPolyline
 90
2
 70
0
 10
2332.5
 20
470.0
 10
2612.5
 20
470.0
  0
LWPOLYLINE
  5
842
330
17
100
AcDbEntity
  8
RIGHT
100
AcDbPolyline
 90
2
 70
0
 10
2362.5
 20
478.0
 10
2362.5
 20
610.0
  0
LWPOLYLINE
  5
843
330
17
100
AcDbEntity
  8
RIGHT
100
AcDbPolyline
 90
2
 70
0
 10
2362.5
 20
610.0
 10
2582.5
 20
610.0
  0
LWPOLYLINE
  5
844
330
17
100
AcDbEntity
  8
RIGHT
100
AcDbPolyline
 90
2
 70
0
 10
2582.5
 20
478.0
 10
2582.5
 20
610.0
  0
LWPOLYLINE
  5
845
330
17
100
AcDbEntity
  8
RIGHT
100
AcDbPolyline
 90
2
 70
0
 10
2362.5
 20
478.0
 10
2582.5
 20
478.0
  0
LWPOLYLINE
  5
846
330
17
100
AcDbEntity
  8
RIGHT
100
AcDbPolyline
 90
2
 70
0
 10
2362.5
 20
478.0
 10
2362.5
 20
610.0
  0
LWPOLYLINE
  5
847
330
17
100
AcDbEntity
  8
RIGHT
100
AcDbPolyline
 90
2
 70
0
 10
2362.5
 20
610.0
 10
2582.5
 20
610.0
  0
LWPOLYLINE
  5
848
330
17
100
AcDbEntity
  8
RIGHT
100
AcDbPolyline
 90
2
 70
0
 10
2377.5
 20
610.0
 10
2567.5
 20
610.0
  0
LWPOLYLINE
  5
849
330
17
100
AcDbEntity
  8
RIGHT
100
AcDbPolyline
 90
2
 70
0
 10
2377.5
 20
610.0
 10
2567.5
 20
610.0
  0
LWPOLYLINE
  5
84A
330
17
100
AcDbEntity
  8
RIGHT
100
AcDbPolyline
 90
2
 70
0
 10
2582.5
 20
478.0
 10
2582.5
 20
610.0
  0
LWPOLYLINE
  5
84B
330
17
100
AcDbEntity
  8
RIGHT
100
AcDbPolyline
 90
2
 70
0
 10
2362.5
 20
478.0
 10
2582.5
 20
478.0
  0
LWPOLYLINE
  5
84C
330
17
100
AcDbEntity
  8
RIGHT
100
AcDbPolyline
 90
2
 70
0
 10
2377.5
 20
490.0
 10
2377.5
 20
610.0
  0
LWPOLYLINE
  5
84D
330
17
100
AcDbEntity
  8
RIGHT
100
AcDbPolyline
 90
2
 70
0
 10
2377.5
 20
490.0
 10
2377.5
 20
610.0
  0
LWPOLYLINE
  5
84E
330
17
100
AcDbEntity
  8
RIGHT
100
AcDbPolyline
 90
2
 70
0
 10
2567.5
 20
490.0
 10
2567.5
 20
610.0
  0
LWPOLYLINE
  5
84F
330
17
100
AcDbEntity
  8
RIGHT
100
AcDbPolyline
 90
2
 70
0
 10
2377.5
 20
490.0
 10
2567.5
 20
490.0
  0
LWPOLYLINE
  5
850
330
17
100
AcDbEntity
  8
RIGHT
100
AcDbPolyline
 90
2
 70
0
 10
2567.5
 20
490.0
 10
2567.5
 20
610.0
  0
LWPOLYLINE
  5
851
330
17
100
AcDbEntity
  8
RIGHT
100
AcDbPolyline
 90
2
 70
0
 10
2377.5
 20
490.0
 10
2567.5
 20
490.0
  0
LWPOLYLINE
  5
852
330
17
100
AcDbEntity
  8
RIGHT
100
AcDbPolyline
 90
2
 70
0
 10
2362.5
 20
610.0
 10
2362.5
 20
618.0
  0
LWPOLYLINE
  5
853
330
17
100
AcDbEntity
  8
RIGHT
100
AcDbPolyline
 90
2
 70
0
 10
2362.5
 20
618.0
 10
2582.5
 20
618.0
  0
LWPOLYLINE
  5
854
330
17
100
AcDbEntity
  8
RIGHT
100
AcDbPolyline
 90
2
 70
0
 10
2582.5
 20
610.0
 10
2582.5
 20
618.0
  0
LWPOLYLINE
  5
855
330
17
100
AcDbEntity
  8
RIGHT
100
AcDbPolyline
 90
2
 70
0
 10
2362.5
 20
610.0
 10
2582.5
 20
610.0
  0
LWPOLYLINE
  5
856
330
17
100
AcDbEntity
  8
RIGHT
100
AcDbPolyline
 90
2
 70
0
 10
2362.5
 20
610.0
 10
2362.5
 20
618.0
  0
LWPOLYLINE
  5
857
330
17
100
AcDbEntity
  8
RIGHT
100
AcDbPolyline
 90
2
 70
0
 10
2362.5
 20
618.0
 10
2582.5
 20
618.0
  0
LWPOLYLINE
  5
858
330
17
100
AcDbEntity
  8
RIGHT
100
AcDbPolyline
 90
2
 70
0
 10
2582.5
 20
610.0
 10
2582.5
 20
618.0
  0
LWPOLYLINE
  5
859
330
17
100
AcDbEntity
  8
RIGHT
100
AcDbPolyline
 90
2
 70
0
 10
2362.5
 20
610.0
 10
2582.5
 20
610.0
  0
LWPOLYLINE
  5
85A
330
17
100
AcDbEntity
  8
RIGHT
100
AcDbPolyline
 90
2
 70
0
 10
2387.5
 20
494.0
 10
2387.5
 20
498.0
  0
LWPOLYLINE
  5
85B
330
17
100
AcDbEntity
  8
RIGHT
100
AcDbPolyline
 90
2
 70
0
 10
2387.5
 20
498.0
 10
2557.5
 20
498.0
  0
LWPOLYLINE
  5
85C
330
17
100
AcDbEntity
  8
RIGHT
100
AcDbPolyline
 90
2
 70
0
 10
2557.5
 20
494.0
 10
2557.5
 20
498.0
  0
LWPOLYLINE
  5
85D
330
17
100
AcDbEntity
  8
RIGHT
100
AcDbPolyline
 90
2
 70
0
 10
2387.5
 20
494.0
 10
2557.5
 20
494.0
  0
LWPOLYLINE
  5
85E
330
17
100
AcDbEntity
  8
RIGHT
100
AcDbPolyline
 90
2
 70
0
 10
2387.5
 20
494.0
 10
2387.5
 20
498.0
  0
LWPOLYLINE
  5
85F
330
17
100
AcDbEntity
  8
RIGHT
100
AcDbPolyline
 90
2
 70
0
 10
2387.5
 20
498.0
 10
2557.5
 20
498.0
  0
LWPOLYLINE
  5
860
330
17
100
AcDbEntity
  8
RIGHT
100
AcDbPolyline
 90
2
 70
0
 10
2557.5
 20
494.0
 10
2557.5
 20
498.0
  0
LWPOLYLINE
  5
861
330
17
100
AcDbEntity
  8
RIGHT
100
AcDbPolyline
 90
2
 70
0
 10
2387.5
 20
494.0
 10
2557.5
 20
494.0
  0
LWPOLYLINE
  5
862
330
17
100
AcDbEntity
  8
RIGHT
100
AcDbPolyline
 90
2
 70
0
 10
2407.5
 20
502.0
 10
2407.5
 20
602.0
  0
LWPOLYLINE
  5
863
330
17
100
AcDbEntity
  8
RIGHT
100
AcDbPolyline
 90
2
 70
0
 10
2407.5
 20
602.0
 10
2447.5
 20
602.0
  0
LWPOLYLINE
  5
864
330
17
100
AcDbEntity
  8
RIGHT
100
AcDbPolyline
 90
2
 70
0
 10
2447.5
 20
502.0
 10
2447.5
 20
602.0
  0
LWPOLYLINE
  5
865
330
17
100
AcDbEntity
  8
RIGHT
100
AcDbPolyline
 90
2
 70
0
 10
2407.5
 20
502.0
 10
2447.5
 20
502.0
  0
LWPOLYLINE
  5
866
330
17
100
AcDbEntity
  8
RIGHT
100
AcDbPolyline
 90
2
 70
0
 10
2407.5
 20
502.0
 10
2407.5
 20
602.0
  0
LWPOLYLINE
  5
867
330
17
100
AcDbEntity
  8
RIGHT
100
AcDbPolyline
 90
2
 70
0
 10
2407.5
 20
602.0
 10
2447.5
 20
602.0
  0
LWPOLYLINE
  5
868
330
17
100
AcDbEntity
  8
RIGHT
100
AcDbPolyline
 90
2
 70
0
 10
2447.5
 20
502.0
 10
2447.5
 20
602.0
  0
LWPOLYLINE
  5
869
330
17
100
AcDbEntity
  8
RIGHT
100
AcDbPolyline
 90
2
 70
0
 10
2407.5
 20
502.0
 10
2447.5
 20
502.0
  0
LWPOLYLINE
  5
86A
330
17
100
AcDbEntity
  8
RIGHT
100
AcDbPolyline
 90
2
 70
0
 10
2404.5
 20
502.0
 10
2404.5
 20
525.0
  0
LWPOLYLINE
  5
86B
330
17
100
AcDbEntity
  8
RIGHT
100
AcDbPolyline
 90
2
 70
0
 10
2404.5
 20
525.0
 10
2450.5
 20
525.0
  0
LWPOLYLINE
  5
86C
330
17
100
AcDbEntity
  8
RIGHT
100
AcDbPolyline
 90
2
 70
0
 10
2450.5
 20
502.0
 10
2450.5
 20
525.0
  0
LWPOLYLINE
  5
86D
330
17
100
AcDbEntity
  8
RIGHT
100
AcDbPolyline
 90
2
 70
0
 10
2404.5
 20
502.0
 10
2450.5
 20
502.0
  0
LWPOLYLINE
  5
86E
330
17
100
AcDbEntity
  8
RIGHT
100
AcDbPolyline
 90
2
 70
0
 10
2404.5
 20
502.0
 10
2404.5
 20
525.0
  0
LWPOLYLINE
  5
86F
330
17
100
AcDbEntity
  8
RIGHT
100
AcDbPolyline
 90
2
 70
0
 10
2404.5
 20
525.0
 10
2450.5
 20
525.0
  0
LWPOLYLINE
  5
870
330
17
100
AcDbEntity
  8
RIGHT
100
AcDbPolyline
 90
2
 70
0
 10
2450.5
 20
502.0
 10
2450.5
 20
525.0
  0
LWPOLYLINE
  5
871
330
17
100
AcDbEntity
  8
RIGHT
100
AcDbPolyline
 90
2
 70
0
 10
2404.5
 20
502.0
 10
2450.5
 20
502.0
  0
LWPOLYLINE
  5
872
330
17
100
AcDbEntity
  8
RIGHT
100
AcDbPolyline
 90
2
 70
0
 10
2495.0
 20
502.0
 10
2495.0
 20
548.0
  0
LWPOLYLINE
  5
873
330
17
100
AcDbEntity
  8
RIGHT
100
AcDbPolyline
 90
2
 70
0
 10
2495.0
 20
548.0
 10
2550.0
 20
548.0
  0
LWPOLYLINE
  5
874
330
17
100
AcDbEntity
  8
RIGHT
100
AcDbPolyline
 90
2
 70
0
 10
2550.0
 20
502.0
 10
2550.0
 20
548.0
  0
LWPOLYLINE
  5
875
330
17
100
AcDbEntity
  8
RIGHT
100
AcDbPolyline
 90
2
 70
0
 10
2495.0
 20
502.0
 10
2550.0
 20
502.0
  0
LWPOLYLINE
  5
876
330
17
100
AcDbEntity
  8
RIGHT
100
AcDbPolyline
 90
2
 70
0
 10
2495.0
 20
502.0
 10
2495.0
 20
548.0
  0
LWPOLYLINE
  5
877
330
17
100
AcDbEntity
  8
RIGHT
100
AcDbPolyline
 90
2
 70
0
 10
2495.0
 20
548.0
 10
2550.0
 20
548.0
  0
LWPOLYLINE
  5
878
330
17
100
AcDbEntity
  8
RIGHT
100
AcDbPolyline
 90
2
 70
0
 10
2550.0
 20
502.0
 10
2550.0
 20
548.0
  0
LWPOLYLINE
  5
879
330
17
100
AcDbEntity
  8
RIGHT
100
AcDbPolyline
 90
2
 70
0
 10
2495.0
 20
502.0
 10
2550.0
 20
502.0
  0
LWPOLYLINE
  5
87A
330
17
100
AcDbEntity
  8
RIGHT
100
AcDbPolyline
 90
2
 70
0
 10
2498.6
 20
502.0
 10
2498.6
 20
510.8
  0
LWPOLYLINE
  5
87B
330
17
100
AcDbEntity
  8
RIGHT
100
AcDbPolyline
 90
2
 70
0
 10
2498.6
 20
510.8
 10
2516.4
 20
510.8
  0
LWPOLYLINE
  5
87C
330
17
100
AcDbEntity
  8
RIGHT
100
AcDbPolyline
 90
2
 70
0
 10
2516.4
 20
502.0
 10
2516.4
 20
510.8
  0
LWPOLYLINE
  5
87D
330
17
100
AcDbEntity
  8
RIGHT
100
AcDbPolyline
 90
2
 70
0
 10
2498.6
 20
502.0
 10
2516.4
 20
502.0
  0
LWPOLYLINE
  5
87E
330
17
100
AcDbEntity
  8
RIGHT
100
AcDbPolyline
 90
2
 70
0
 10
2498.6
 20
502.0
 10
2498.6
 20
510.8
  0
LWPOLYLINE
  5
87F
330
17
100
AcDbEntity
  8
RIGHT
100
AcDbPolyline
 90
2
 70
0
 10
2498.6
 20
510.8
 10
2516.4
 20
510.8
  0
LWPOLYLINE
  5
880
330
17
100
AcDbEntity
  8
RIGHT
100
AcDbPolyline
 90
2
 70
0
 10
2516.4
 20
502.0
 10
2516.4
 20
510.8
  0
LWPOLYLINE
  5
881
330
17
100
AcDbEntity
  8
RIGHT
100
AcDbPolyline
 90
2
 70
0
 10
2498.6
 20
502.0
 10
2516.4
 20
502.0
  0
LWPOLYLINE
  5
882
330
17
100
AcDbEntity
  8
RIGHT
100
AcDbPolyline
 90
2
 70
0
 10
2498.6
 20
502.0
 10
2498.6
 20
510.8
  0
LWPOLYLINE
  5
883
330
17
100
AcDbEntity
  8
RIGHT
100
AcDbPolyline
 90
2
 70
0
 10
2498.6
 20
510.8
 10
2516.4
 20
510.8
  0
LWPOLYLINE
  5
884
330
17
100
AcDbEntity
  8
RIGHT
100
AcDbPolyline
 90
2
 70
0
 10
2516.4
 20
502.0
 10
2516.4
 20
510.8
  0
LWPOLYLINE
  5
885
330
17
100
AcDbEntity
  8
RIGHT
100
AcDbPolyline
 90
2
 70
0
 10
2498.6
 20
502.0
 10
2516.4
 20
502.0
  0
LWPOLYLINE
  5
886
330
17
100
AcDbEntity
  8
RIGHT
100
AcDbPolyline
 90
2
 70
0
 10
2498.6
 20
502.0
 10
2498.6
 20
510.8
  0
LWPOLYLINE
  5
887
330
17
100
AcDbEntity
  8
RIGHT
100
AcDbPolyline
 90
2
 70
0
 10
2498.6
 20
510.8
 10
2516.4
 20
510.8
  0
LWPOLYLINE
  5
888
330
17
100
AcDbEntity
  8
RIGHT
100
AcDbPolyline
 90
2
 70
0
 10
2516.4
 20
502.0
 10
2516.4
 20
510.8
  0
LWPOLYLINE
  5
889
330
17
100
AcDbEntity
  8
RIGHT
100
AcDbPolyline
 90
2
 70
0
 10
2498.6
 20
502.0
 10
2516.4
 20
502.0
  0
LWPOLYLINE
  5
88A
330
17
100
AcDbEntity
  8
RIGHT
100
AcDbPolyline
 90
2
 70
0
 10
2458.5
 20
502.0
 10
2458.5
 20
516.0
  0
LWPOLYLINE
  5
88B
330
17
100
AcDbEntity
  8
RIGHT
100
AcDbPolyline
 90
2
 70
0
 10
2458.5
 20
516.0
 10
2486.5
 20
516.0
  0
LWPOLYLINE
  5
88C
330
17
100
AcDbEntity
  8
RIGHT
100
AcDbPolyline
 90
2
 70
0
 10
2486.5
 20
502.0
 10
2486.5
 20
516.0
  0
LWPOLYLINE
  5
88D
330
17
100
AcDbEntity
  8
RIGHT
100
AcDbPolyline
 90
2
 70
0
 10
2458.5
 20
502.0
 10
2486.5
 20
502.0
  0
LWPOLYLINE
  5
88E
330
17
100
AcDbEntity
  8
RIGHT
100
AcDbPolyline
 90
2
 70
0
 10
2458.5
 20
502.0
 10
2458.5
 20
516.0
  0
LWPOLYLINE
  5
88F
330
17
100
AcDbEntity
  8
RIGHT
100
AcDbPolyline
 90
2
 70
0
 10
2458.5
 20
516.0
 10
2486.5
 20
516.0
  0
LWPOLYLINE
  5
890
330
17
100
AcDbEntity
  8
RIGHT
100
AcDbPolyline
 90
2
 70
0
 10
2486.5
 20
502.0
 10
2486.5
 20
516.0
  0
LWPOLYLINE
  5
891
330
17
100
AcDbEntity
  8
RIGHT
100
AcDbPolyline
 90
2
 70
0
 10
2458.5
 20
502.0
 10
2486.5
 20
502.0
  0
LWPOLYLINE
  5
892
330
17
100
AcDbEntity
  8
RIGHT
100
AcDbPolyline
 90
2
 70
0
 10
2457.5
 20
502.0
 10
2457.5
 20
517.0
  0
LWPOLYLINE
  5
893
330
17
100
AcDbEntity
  8
RIGHT
100
AcDbPolyline
 90
2
 70
0
 10
2457.5
 20
517.0
 10
2487.5
 20
517.0
  0
LWPOLYLINE
  5
894
330
17
100
AcDbEntity
  8
RIGHT
100
AcDbPolyline
 90
2
 70
0
 10
2487.5
 20
502.0
 10
2487.5
 20
517.0
  0
LWPOLYLINE
  5
895
330
17
100
AcDbEntity
  8
RIGHT
100
AcDbPolyline
 90
2
 70
0
 10
2457.5
 20
502.0
 10
2487.5
 20
502.0
  0
LWPOLYLINE
  5
896
330
17
100
AcDbEntity
  8
RIGHT
100
AcDbPolyline
 90
2
 70
0
 10
2457.5
 20
502.0
 10
2457.5
 20
517.0
  0
LWPOLYLINE
  5
897
330
17
100
AcDbEntity
  8
RIGHT
100
AcDbPolyline
 90
2
 70
0
 10
2457.5
 20
517.0
 10
2487.5
 20
517.0
  0
LWPOLYLINE
  5
898
330
17
100
AcDbEntity
  8
RIGHT
100
AcDbPolyline
 90
2
 70
0
 10
2487.5
 20
502.0
 10
2487.5
 20
517.0
  0
LWPOLYLINE
  5
899
330
17
100
AcDbEntity
  8
RIGHT
100
AcDbPolyline
 90
2
 70
0
 10
2457.5
 20
502.0
 10
2487.5
 20
502.0
  0
DIMENSION
  5
89A
330
17
100
AcDbEntity
  8
DIMENSIONS
100
AcDbDimension
280
0
  2
*D5
  3
Standard
 10
1832.5
 20
-35.0
 30
0.0
 11
2322.5
 21
-35.0
 31
0.0
 70
32
 71
5
  1
<>
100
AcDbAlignedDimension
 13
1832.5
 23
0.0
 33
0.0
 14
2812.5
 24
0.0
 34
0.0
 50
0.0
100
AcDbRotatedDimension
1001
ACAD
1000
DSTYLE
1002
{
1070
140
1040
11.216666666666667
1070
41
1040
8.4125
1070
271
1070
2
1002
}
  0
DIMENSION
  5
8AA
330
17
100
AcDbEntity
  8
DIMENSIONS
100
AcDbDimension
280
0
  2
*D6
  3
Standard
 10
1797.5
 20
0.0
 30
0.0
 11
1797.5
 21
595.0
 31
0.0
 70
32
 71
5
  1
<>
100
AcDbAlignedDimension
 13
1832.5
 23
0.0
 33
0.0
 14
1832.5
 24
1190.0
 34
0.0
 50
90.0
100
AcDbRotatedDimension
1001
ACAD
1000
DSTYLE
1002
{
1070
140
1040
11.216666666666667
1070
41
1040
8.4125
1070
271
1070
2
1002
}
  0
TEXT
  5
8BA
330
17
100
AcDbEntity
  8
NOTES
100
AcDbText
 10
0.0
 20
-1440.0
 30
0.0
 40
4.0
  1
Orthographic wireframe, XY/XZ/YZ; curved edges sampled. STEP holds exact solids; all dimension entities use mm.
100
AcDbText
  0
TEXT
  5
8BB
330
17
100
AcDbEntity
  8
NOTES
100
AcDbText
 10
0.0
 20
-1449.0
 30
0.0
 40
4.0
  1
Part/source/feature schedule distinguishes verified overall envelopes from custom assumed details. No pressure parts or STL exports.
100
AcDbText
  0
TEXT
  5
8BC
330
17
100
AcDbEntity
  8
NOTES
100
AcDbText
 10
0.0
 20
-1458.0
 30
0.0
 40
4.0
  1
Two physical40W panels,2S1P,668x425x25mm each,50mm edge gap. Face area0.5678m2; no wind-load or energy-yield acceptance.
100
AcDbText
  0
TEXT
  5
8BD
330
17
100
AcDbEntity
  8
NOTES
100
AcDbText
 10
0.0
 20
-1467.0
 30
0.0
 40
4.0
  1
Cable R56mm at8mm diameter is a provisional6D allowance; terminal positions and cable/connector specifications remain open.
100
AcDbText
  0
TEXT
  5
8BE
330
17
100
AcDbEntity
  8
NOTES
100
AcDbText
 10
0.0
 20
-1476.0
 30
0.0
 40
4.0
  1
Metal finish, galvanic isolation, mounting zones, torque, preload, thermal contact/air capture and shade heat require independent review.
100
AcDbText
  0
TEXT
  5
8BF
330
17
100
AcDbEntity
  8
NOTES
100
AcDbText
 10
0.0
 20
-1485.0
 30
0.0
 40
4.0
  1
Tolerances assumed: linear +/-0.3mm, cable diameter +/-0.3mm, bend radius +/-0.5mm. Not fabrication specifications.
100
AcDbText
  0
TEXT
  5
8C0
330
17
100
AcDbEntity
  8
NOTES
100
AcDbText
 10
0.0
 20
-1494.0
 30
0.0
 40
4.0
  1
Existing HW-REF-1.1 is frozen. This is NON-ADOPTED HW-CAND-2.0, not a replacement field configuration.
100
AcDbText
  0
ENDSEC
  0
SECTION
  2
OBJECTS
  0
DICTIONARY
  5
A
330
0
100
AcDbDictionary
281
1
  3
ACAD_COLOR
350
B
  3
ACAD_GROUP
350
C
  3
ACAD_LAYOUT
350
D
  3
ACAD_MATERIAL
350
E
  3
ACAD_MLEADERSTYLE
350
F
  3
ACAD_MLINESTYLE
350
10
  3
ACAD_PLOTSETTINGS
350
11
  3
ACAD_PLOTSTYLENAME
350
12
  3
ACAD_SCALELIST
350
14
  3
ACAD_TABLESTYLE
350
15
  3
ACAD_VISUALSTYLE
350
16
  3
EZDXF_META
350
2D
  0
DICTIONARY
  5
B
330
A
100
AcDbDictionary
281
1
  0
DICTIONARY
  5
C
330
A
100
AcDbDictionary
281
1
  0
DICTIONARY
  5
D
330
A
100
AcDbDictionary
281
1
  3
Model
350
1A
  3
Layout1
350
1E
  0
DICTIONARY
  5
E
330
A
100
AcDbDictionary
281
1
  3
ByBlock
350
1F
  3
ByLayer
350
20
  3
Global
350
21
  0
DICTIONARY
  5
F
330
A
100
AcDbDictionary
281
1
  3
Standard
350
2C
  0
DICTIONARY
  5
10
330
A
100
AcDbDictionary
281
1
  3
Standard
350
22
  0
DICTIONARY
  5
11
330
A
100
AcDbDictionary
281
1
  0
ACDBDICTIONARYWDFLT
  5
12
330
A
100
AcDbDictionary
281
1
  3
Normal
350
13
100
AcDbDictionaryWithDefault
340
13
  0
ACDBPLACEHOLDER
  5
13
330
12
  0
DICTIONARY
  5
14
330
A
100
AcDbDictionary
281
1
  0
DICTIONARY
  5
15
330
A
100
AcDbDictionary
281
1
  0
DICTIONARY
  5
16
330
A
100
AcDbDictionary
281
1
  0
LAYOUT
  5
1A
330
D
100
AcDbPlotSettings
  1

  4
A3
  6

 40
7.5
 41
20.0
 42
7.5
 43
20.0
 44
420.0
 45
297.0
 46
0.0
 47
0.0
 48
0.0
 49
0.0
140
0.0
141
0.0
142
1.0
143
1.0
 70
1024
 72
1
 73
0
 74
5
  7

 75
16
 76
0
 77
2
 78
300
147
1.0
148
0.0
149
0.0
100
AcDbLayout
  1
Model
 70
1
 71
0
 10
0.0
 20
0.0
 11
420.0
 21
297.0
 12
0.0
 22
0.0
 32
0.0
 14
1e+20
 24
1e+20
 34
1e+20
 15
-1e+20
 25
-1e+20
 35
-1e+20
146
0.0
 13
0.0
 23
0.0
 33
0.0
 16
1.0
 26
0.0
 36
0.0
 17
0.0
 27
1.0
 37
0.0
 76
1
330
17
  0
LAYOUT
  5
1E
330
D
100
AcDbPlotSettings
  1

  4
A3
  6

 40
7.5
 41
20.0
 42
7.5
 43
20.0
 44
420.0
 45
297.0
 46
0.0
 47
0.0
 48
0.0
 49
0.0
140
0.0
141
0.0
142
1.0
143
1.0
 70
0
 72
1
 73
0
 74
5
  7

 75
16
 76
0
 77
2
 78
300
147
1.0
148
0.0
149
0.0
100
AcDbLayout
  1
Layout1
 70
1
 71
1
 10
0.0
 20
0.0
 11
420.0
 21
297.0
 12
0.0
 22
0.0
 32
0.0
 14
1e+20
 24
1e+20
 34
1e+20
 15
-1e+20
 25
-1e+20
 35
-1e+20
146
0.0
 13
0.0
 23
0.0
 33
0.0
 16
1.0
 26
0.0
 36
0.0
 17
0.0
 27
1.0
 37
0.0
 76
1
330
1B
  0
MATERIAL
  5
1F
102
{ACAD_REACTORS
330
E
102
}
330
E
100
AcDbMaterial
  1
ByBlock
  2

 70
0
 40
1.0
 71
1
 41
1.0
 91
-1023410177
 42
1.0
 72
1
  3

 73
1
 74
1
 75
1
 44
0.5
 73
0
 45
1.0
 46
1.0
 77
1
  4

 78
1
 79
1
170
1
 48
1.0
171
1
  6

172
1
173
1
174
1
140
1.0
141
1.0
175
1
  7

176
1
177
1
178
1
143
1.0
179
1
  8

270
1
271
1
272
1
145
1.0
146
1.0
273
1
  9

274
1
275
1
276
1
 42
1.0
 72
1
  3

 73
1
 74
1
 75
1
 94
63
  0
MATERIAL
  5
20
102
{ACAD_REACTORS
330
E
102
}
330
E
100
AcDbMaterial
  1
ByLayer
  2

 70
0
 40
1.0
 71
1
 41
1.0
 91
-1023410177
 42
1.0
 72
1
  3

 73
1
 74
1
 75
1
 44
0.5
 73
0
 45
1.0
 46
1.0
 77
1
  4

 78
1
 79
1
170
1
 48
1.0
171
1
  6

172
1
173
1
174
1
140
1.0
141
1.0
175
1
  7

176
1
177
1
178
1
143
1.0
179
1
  8

270
1
271
1
272
1
145
1.0
146
1.0
273
1
  9

274
1
275
1
276
1
 42
1.0
 72
1
  3

 73
1
 74
1
 75
1
 94
63
  0
MATERIAL
  5
21
102
{ACAD_REACTORS
330
E
102
}
330
E
100
AcDbMaterial
  1
Global
  2

 70
0
 40
1.0
 71
1
 41
1.0
 91
-1023410177
 42
1.0
 72
1
  3

 73
1
 74
1
 75
1
 44
0.5
 73
0
 45
1.0
 46
1.0
 77
1
  4

 78
1
 79
1
170
1
 48
1.0
171
1
  6

172
1
173
1
174
1
140
1.0
141
1.0
175
1
  7

176
1
177
1
178
1
143
1.0
179
1
  8

270
1
271
1
272
1
145
1.0
146
1.0
273
1
  9

274
1
275
1
276
1
 42
1.0
 72
1
  3

 73
1
 74
1
 75
1
 94
63
  0
MLINESTYLE
  5
22
102
{ACAD_REACTORS
330
10
102
}
330
10
100
AcDbMlineStyle
  2
Standard
 70
0
  3

 62
256
 51
90.0
 52
90.0
 71
2
 49
0.5
 62
256
  6
BYLAYER
 49
-0.5
 62
256
  6
BYLAYER
  0
MLEADERSTYLE
  5
2C
102
{ACAD_REACTORS
330
F
102
}
330
F
100
AcDbMLeaderStyle
179
2
170
2
171
1
172
0
 90
2
 40
0.0
 41
0.0
173
1
 91
-1056964608
 92
-2
290
1
 42
2.0
291
1
 43
8.0
  3
Standard
 44
4.0
300

342
29
174
1
175
1
176
0
178
1
 93
-1056964608
 45
4.0
292
0
297
0
 46
4.0
 94
-1056964608
 47
1.0
 49
1.0
140
1.0
294
1
141
0.0
177
0
142
1.0
295
0
296
0
143
3.75
271
0
272
9
273
9
  0
DICTIONARY
  5
2D
330
A
100
AcDbDictionary
280
1
281
1
  3
CREATED_BY_EZDXF
350
2E
  3
WRITTEN_BY_EZDXF
350
8C3
  0
DICTIONARYVAR
  5
2E
330
2D
100
DictionaryVariables
280
0
  1
1.4.3 @ 2026-09-27T12:12:59.910185+00:00
  0
DICTIONARYVAR
  5
8C3
330
2D
100
DictionaryVariables
280
0
  1
1.4.3 @ 2026-09-27T12:12:59.987017+00:00
  0
ENDSEC
  0
EOF
