ISO-10303-21;
HEADER;
FILE_DESCRIPTION(('Open CASCADE Model'),'2;1');
FILE_NAME('Open CASCADE Shape Model','2026-09-27T14:50:51',('Author'),(
    'Open CASCADE'),'Open CASCADE STEP processor 7.8','Open CASCADE 7.8'
  ,'Unknown');
FILE_SCHEMA(('AUTOMOTIVE_DESIGN { 1 0 10303 214 1 1 1 1 }'));
ENDSEC;
DATA;
#1 = APPLICATION_PROTOCOL_DEFINITION('international standard',
  'automotive_design',2000,#2);
#2 = APPLICATION_CONTEXT(
  'core data for automotive mechanical design processes');
#3 = SHAPE_DEFINITION_REPRESENTATION(#4,#10);
#4 = PRODUCT_DEFINITION_SHAPE('','',#5);
#5 = PRODUCT_DEFINITION('design','',#6,#9);
#6 = PRODUCT_DEFINITION_FORMATION('','',#7);
#7 = PRODUCT('SURFACE_V3_FLOAT','SURFACE_V3_FLOAT','',(#8));
#8 = PRODUCT_CONTEXT('',#2,'mechanical');
#9 = PRODUCT_DEFINITION_CONTEXT('part definition',#2,'design');
#10 = SHAPE_REPRESENTATION('',(#11,#15,#19,#23,#27,#31,#35,#39,#43,#47,
    #51,#55,#59,#63,#67,#71),#75);
#11 = AXIS2_PLACEMENT_3D('',#12,#13,#14);
#12 = CARTESIAN_POINT('',(0.,0.,0.));
#13 = DIRECTION('',(0.,0.,1.));
#14 = DIRECTION('',(1.,0.,-0.));
#15 = AXIS2_PLACEMENT_3D('',#16,#17,#18);
#16 = CARTESIAN_POINT('',(0.,0.,0.));
#17 = DIRECTION('',(0.,0.,1.));
#18 = DIRECTION('',(1.,0.,-0.));
#19 = AXIS2_PLACEMENT_3D('',#20,#21,#22);
#20 = CARTESIAN_POINT('',(0.,0.,0.));
#21 = DIRECTION('',(0.,0.,1.));
#22 = DIRECTION('',(1.,0.,-0.));
#23 = AXIS2_PLACEMENT_3D('',#24,#25,#26);
#24 = CARTESIAN_POINT('',(0.,0.,0.));
#25 = DIRECTION('',(0.,0.,1.));
#26 = DIRECTION('',(1.,0.,-0.));
#27 = AXIS2_PLACEMENT_3D('',#28,#29,#30);
#28 = CARTESIAN_POINT('',(0.,0.,0.));
#29 = DIRECTION('',(0.,0.,1.));
#30 = DIRECTION('',(1.,0.,-0.));
#31 = AXIS2_PLACEMENT_3D('',#32,#33,#34);
#32 = CARTESIAN_POINT('',(0.,0.,0.));
#33 = DIRECTION('',(0.,0.,1.));
#34 = DIRECTION('',(1.,0.,-0.));
#35 = AXIS2_PLACEMENT_3D('',#36,#37,#38);
#36 = CARTESIAN_POINT('',(0.,0.,0.));
#37 = DIRECTION('',(0.,0.,1.));
#38 = DIRECTION('',(1.,0.,-0.));
#39 = AXIS2_PLACEMENT_3D('',#40,#41,#42);
#40 = CARTESIAN_POINT('',(0.,0.,0.));
#41 = DIRECTION('',(0.,0.,1.));
#42 = DIRECTION('',(1.,0.,-0.));
#43 = AXIS2_PLACEMENT_3D('',#44,#45,#46);
#44 = CARTESIAN_POINT('',(0.,0.,0.));
#45 = DIRECTION('',(0.,0.,1.));
#46 = DIRECTION('',(1.,0.,-0.));
#47 = AXIS2_PLACEMENT_3D('',#48,#49,#50);
#48 = CARTESIAN_POINT('',(0.,0.,0.));
#49 = DIRECTION('',(0.,0.,1.));
#50 = DIRECTION('',(1.,0.,-0.));
#51 = AXIS2_PLACEMENT_3D('',#52,#53,#54);
#52 = CARTESIAN_POINT('',(0.,0.,0.));
#53 = DIRECTION('',(0.,0.,1.));
#54 = DIRECTION('',(1.,0.,-0.));
#55 = AXIS2_PLACEMENT_3D('',#56,#57,#58);
#56 = CARTESIAN_POINT('',(0.,0.,0.));
#57 = DIRECTION('',(0.,0.,1.));
#58 = DIRECTION('',(1.,0.,-0.));
#59 = AXIS2_PLACEMENT_3D('',#60,#61,#62);
#60 = CARTESIAN_POINT('',(0.,0.,0.));
#61 = DIRECTION('',(0.,0.,1.));
#62 = DIRECTION('',(1.,0.,-0.));
#63 = AXIS2_PLACEMENT_3D('',#64,#65,#66);
#64 = CARTESIAN_POINT('',(0.,0.,0.));
#65 = DIRECTION('',(0.,0.,1.));
#66 = DIRECTION('',(1.,0.,-0.));
#67 = AXIS2_PLACEMENT_3D('',#68,#69,#70);
#68 = CARTESIAN_POINT('',(0.,0.,0.));
#69 = DIRECTION('',(0.,0.,1.));
#70 = DIRECTION('',(1.,0.,-0.));
#71 = AXIS2_PLACEMENT_3D('',#72,#73,#74);
#72 = CARTESIAN_POINT('',(0.,0.,0.));
#73 = DIRECTION('',(0.,0.,1.));
#74 = DIRECTION('',(1.,0.,-0.));
#75 = ( GEOMETRIC_REPRESENTATION_CONTEXT(3) 
GLOBAL_UNCERTAINTY_ASSIGNED_CONTEXT((#79)) GLOBAL_UNIT_ASSIGNED_CONTEXT(
(#76,#77,#78)) REPRESENTATION_CONTEXT('Context #1',
  '3D Context with UNIT and UNCERTAINTY') );
#76 = ( LENGTH_UNIT() NAMED_UNIT(*) SI_UNIT(.MILLI.,.METRE.) );
#77 = ( NAMED_UNIT(*) PLANE_ANGLE_UNIT() SI_UNIT($,.RADIAN.) );
#78 = ( NAMED_UNIT(*) SI_UNIT($,.STERADIAN.) SOLID_ANGLE_UNIT() );
#79 = UNCERTAINTY_MEASURE_WITH_UNIT(LENGTH_MEASURE(1.E-07),#76,
  'distance_accuracy_value','confusion accuracy');
#80 = PRODUCT_RELATED_PRODUCT_CATEGORY('part',$,(#7));
#81 = SHAPE_DEFINITION_REPRESENTATION(#82,#88);
#82 = PRODUCT_DEFINITION_SHAPE('','',#83);
#83 = PRODUCT_DEFINITION('design','',#84,#87);
#84 = PRODUCT_DEFINITION_FORMATION('','',#85);
#85 = PRODUCT('SV3_TRAY_PLATE','SV3_TRAY_PLATE','',(#86));
#86 = PRODUCT_CONTEXT('',#2,'mechanical');
#87 = PRODUCT_DEFINITION_CONTEXT('part definition',#2,'design');
#88 = ADVANCED_BREP_SHAPE_REPRESENTATION('',(#11,#89),#671);
#89 = MANIFOLD_SOLID_BREP('',#90);
#90 = CLOSED_SHELL('',(#91,#211,#287,#429,#478,#583,#590,#617,#644));
#91 = ADVANCED_FACE('',(#92),#106,.F.);
#92 = FACE_BOUND('',#93,.F.);
#93 = EDGE_LOOP('',(#94,#129,#157,#185));
#94 = ORIENTED_EDGE('',*,*,#95,.F.);
#95 = EDGE_CURVE('',#96,#98,#100,.T.);
#96 = VERTEX_POINT('',#97);
#97 = CARTESIAN_POINT('',(-360.,-470.,242.20835153491));
#98 = VERTEX_POINT('',#99);
#99 = CARTESIAN_POINT('',(-360.,-470.,246.20835153491));
#100 = SURFACE_CURVE('',#101,(#105,#117),.PCURVE_S1.);
#101 = LINE('',#102,#103);
#102 = CARTESIAN_POINT('',(-360.,-470.,242.20835153491));
#103 = VECTOR('',#104,1.);
#104 = DIRECTION('',(0.,0.,1.));
#105 = PCURVE('',#106,#111);
#106 = PLANE('',#107);
#107 = AXIS2_PLACEMENT_3D('',#108,#109,#110);
#108 = CARTESIAN_POINT('',(-360.,-470.,242.20835153491));
#109 = DIRECTION('',(1.,0.,0.));
#110 = DIRECTION('',(0.,0.,1.));
#111 = DEFINITIONAL_REPRESENTATION('',(#112),#116);
#112 = LINE('',#113,#114);
#113 = CARTESIAN_POINT('',(0.,0.));
#114 = VECTOR('',#115,1.);
#115 = DIRECTION('',(1.,0.));
#116 = ( GEOMETRIC_REPRESENTATION_CONTEXT(2) 
PARAMETRIC_REPRESENTATION_CONTEXT() REPRESENTATION_CONTEXT('2D SPACE',''
  ) );
#117 = PCURVE('',#118,#123);
#118 = PLANE('',#119);
#119 = AXIS2_PLACEMENT_3D('',#120,#121,#122);
#120 = CARTESIAN_POINT('',(-360.,-470.,242.20835153491));
#121 = DIRECTION('',(0.,1.,0.));
#122 = DIRECTION('',(0.,0.,1.));
#123 = DEFINITIONAL_REPRESENTATION('',(#124),#128);
#124 = LINE('',#125,#126);
#125 = CARTESIAN_POINT('',(0.,0.));
#126 = VECTOR('',#127,1.);
#127 = DIRECTION('',(1.,0.));
#128 = ( GEOMETRIC_REPRESENTATION_CONTEXT(2) 
PARAMETRIC_REPRESENTATION_CONTEXT() REPRESENTATION_CONTEXT('2D SPACE',''
  ) );
#129 = ORIENTED_EDGE('',*,*,#130,.T.);
#130 = EDGE_CURVE('',#96,#131,#133,.T.);
#131 = VERTEX_POINT('',#132);
#132 = CARTESIAN_POINT('',(-360.,470.,242.20835153491));
#133 = SURFACE_CURVE('',#134,(#138,#145),.PCURVE_S1.);
#134 = LINE('',#135,#136);
#135 = CARTESIAN_POINT('',(-360.,-470.,242.20835153491));
#136 = VECTOR('',#137,1.);
#137 = DIRECTION('',(0.,1.,0.));
#138 = PCURVE('',#106,#139);
#139 = DEFINITIONAL_REPRESENTATION('',(#140),#144);
#140 = LINE('',#141,#142);
#141 = CARTESIAN_POINT('',(0.,0.));
#142 = VECTOR('',#143,1.);
#143 = DIRECTION('',(0.,-1.));
#144 = ( GEOMETRIC_REPRESENTATION_CONTEXT(2) 
PARAMETRIC_REPRESENTATION_CONTEXT() REPRESENTATION_CONTEXT('2D SPACE',''
  ) );
#145 = PCURVE('',#146,#151);
#146 = PLANE('',#147);
#147 = AXIS2_PLACEMENT_3D('',#148,#149,#150);
#148 = CARTESIAN_POINT('',(-360.,-470.,242.20835153491));
#149 = DIRECTION('',(0.,0.,1.));
#150 = DIRECTION('',(1.,0.,0.));
#151 = DEFINITIONAL_REPRESENTATION('',(#152),#156);
#152 = LINE('',#153,#154);
#153 = CARTESIAN_POINT('',(0.,0.));
#154 = VECTOR('',#155,1.);
#155 = DIRECTION('',(0.,1.));
#156 = ( GEOMETRIC_REPRESENTATION_CONTEXT(2) 
PARAMETRIC_REPRESENTATION_CONTEXT() REPRESENTATION_CONTEXT('2D SPACE',''
  ) );
#157 = ORIENTED_EDGE('',*,*,#158,.T.);
#158 = EDGE_CURVE('',#131,#159,#161,.T.);
#159 = VERTEX_POINT('',#160);
#160 = CARTESIAN_POINT('',(-360.,470.,246.20835153491));
#161 = SURFACE_CURVE('',#162,(#166,#173),.PCURVE_S1.);
#162 = LINE('',#163,#164);
#163 = CARTESIAN_POINT('',(-360.,470.,242.20835153491));
#164 = VECTOR('',#165,1.);
#165 = DIRECTION('',(0.,0.,1.));
#166 = PCURVE('',#106,#167);
#167 = DEFINITIONAL_REPRESENTATION('',(#168),#172);
#168 = LINE('',#169,#170);
#169 = CARTESIAN_POINT('',(0.,-940.));
#170 = VECTOR('',#171,1.);
#171 = DIRECTION('',(1.,0.));
#172 = ( GEOMETRIC_REPRESENTATION_CONTEXT(2) 
PARAMETRIC_REPRESENTATION_CONTEXT() REPRESENTATION_CONTEXT('2D SPACE',''
  ) );
#173 = PCURVE('',#174,#179);
#174 = PLANE('',#175);
#175 = AXIS2_PLACEMENT_3D('',#176,#177,#178);
#176 = CARTESIAN_POINT('',(-360.,470.,242.20835153491));
#177 = DIRECTION('',(0.,1.,0.));
#178 = DIRECTION('',(0.,0.,1.));
#179 = DEFINITIONAL_REPRESENTATION('',(#180),#184);
#180 = LINE('',#181,#182);
#181 = CARTESIAN_POINT('',(0.,0.));
#182 = VECTOR('',#183,1.);
#183 = DIRECTION('',(1.,0.));
#184 = ( GEOMETRIC_REPRESENTATION_CONTEXT(2) 
PARAMETRIC_REPRESENTATION_CONTEXT() REPRESENTATION_CONTEXT('2D SPACE',''
  ) );
#185 = ORIENTED_EDGE('',*,*,#186,.F.);
#186 = EDGE_CURVE('',#98,#159,#187,.T.);
#187 = SURFACE_CURVE('',#188,(#192,#199),.PCURVE_S1.);
#188 = LINE('',#189,#190);
#189 = CARTESIAN_POINT('',(-360.,-470.,246.20835153491));
#190 = VECTOR('',#191,1.);
#191 = DIRECTION('',(0.,1.,0.));
#192 = PCURVE('',#106,#193);
#193 = DEFINITIONAL_REPRESENTATION('',(#194),#198);
#194 = LINE('',#195,#196);
#195 = CARTESIAN_POINT('',(4.,0.));
#196 = VECTOR('',#197,1.);
#197 = DIRECTION('',(0.,-1.));
#198 = ( GEOMETRIC_REPRESENTATION_CONTEXT(2) 
PARAMETRIC_REPRESENTATION_CONTEXT() REPRESENTATION_CONTEXT('2D SPACE',''
  ) );
#199 = PCURVE('',#200,#205);
#200 = PLANE('',#201);
#201 = AXIS2_PLACEMENT_3D('',#202,#203,#204);
#202 = CARTESIAN_POINT('',(-360.,-470.,246.20835153491));
#203 = DIRECTION('',(0.,0.,1.));
#204 = DIRECTION('',(1.,0.,0.));
#205 = DEFINITIONAL_REPRESENTATION('',(#206),#210);
#206 = LINE('',#207,#208);
#207 = CARTESIAN_POINT('',(0.,0.));
#208 = VECTOR('',#209,1.);
#209 = DIRECTION('',(0.,1.));
#210 = ( GEOMETRIC_REPRESENTATION_CONTEXT(2) 
PARAMETRIC_REPRESENTATION_CONTEXT() REPRESENTATION_CONTEXT('2D SPACE',''
  ) );
#211 = ADVANCED_FACE('',(#212),#118,.F.);
#212 = FACE_BOUND('',#213,.F.);
#213 = EDGE_LOOP('',(#214,#237,#238,#261));
#214 = ORIENTED_EDGE('',*,*,#215,.F.);
#215 = EDGE_CURVE('',#96,#216,#218,.T.);
#216 = VERTEX_POINT('',#217);
#217 = CARTESIAN_POINT('',(360.,-470.,242.20835153491));
#218 = SURFACE_CURVE('',#219,(#223,#230),.PCURVE_S1.);
#219 = LINE('',#220,#221);
#220 = CARTESIAN_POINT('',(-360.,-470.,242.20835153491));
#221 = VECTOR('',#222,1.);
#222 = DIRECTION('',(1.,0.,0.));
#223 = PCURVE('',#118,#224);
#224 = DEFINITIONAL_REPRESENTATION('',(#225),#229);
#225 = LINE('',#226,#227);
#226 = CARTESIAN_POINT('',(0.,0.));
#227 = VECTOR('',#228,1.);
#228 = DIRECTION('',(0.,1.));
#229 = ( GEOMETRIC_REPRESENTATION_CONTEXT(2) 
PARAMETRIC_REPRESENTATION_CONTEXT() REPRESENTATION_CONTEXT('2D SPACE',''
  ) );
#230 = PCURVE('',#146,#231);
#231 = DEFINITIONAL_REPRESENTATION('',(#232),#236);
#232 = LINE('',#233,#234);
#233 = CARTESIAN_POINT('',(0.,0.));
#234 = VECTOR('',#235,1.);
#235 = DIRECTION('',(1.,0.));
#236 = ( GEOMETRIC_REPRESENTATION_CONTEXT(2) 
PARAMETRIC_REPRESENTATION_CONTEXT() REPRESENTATION_CONTEXT('2D SPACE',''
  ) );
#237 = ORIENTED_EDGE('',*,*,#95,.T.);
#238 = ORIENTED_EDGE('',*,*,#239,.T.);
#239 = EDGE_CURVE('',#98,#240,#242,.T.);
#240 = VERTEX_POINT('',#241);
#241 = CARTESIAN_POINT('',(360.,-470.,246.20835153491));
#242 = SURFACE_CURVE('',#243,(#247,#254),.PCURVE_S1.);
#243 = LINE('',#244,#245);
#244 = CARTESIAN_POINT('',(-360.,-470.,246.20835153491));
#245 = VECTOR('',#246,1.);
#246 = DIRECTION('',(1.,0.,0.));
#247 = PCURVE('',#118,#248);
#248 = DEFINITIONAL_REPRESENTATION('',(#249),#253);
#249 = LINE('',#250,#251);
#250 = CARTESIAN_POINT('',(4.,0.));
#251 = VECTOR('',#252,1.);
#252 = DIRECTION('',(0.,1.));
#253 = ( GEOMETRIC_REPRESENTATION_CONTEXT(2) 
PARAMETRIC_REPRESENTATION_CONTEXT() REPRESENTATION_CONTEXT('2D SPACE',''
  ) );
#254 = PCURVE('',#200,#255);
#255 = DEFINITIONAL_REPRESENTATION('',(#256),#260);
#256 = LINE('',#257,#258);
#257 = CARTESIAN_POINT('',(0.,0.));
#258 = VECTOR('',#259,1.);
#259 = DIRECTION('',(1.,0.));
#260 = ( GEOMETRIC_REPRESENTATION_CONTEXT(2) 
PARAMETRIC_REPRESENTATION_CONTEXT() REPRESENTATION_CONTEXT('2D SPACE',''
  ) );
#261 = ORIENTED_EDGE('',*,*,#262,.F.);
#262 = EDGE_CURVE('',#216,#240,#263,.T.);
#263 = SURFACE_CURVE('',#264,(#268,#275),.PCURVE_S1.);
#264 = LINE('',#265,#266);
#265 = CARTESIAN_POINT('',(360.,-470.,242.20835153491));
#266 = VECTOR('',#267,1.);
#267 = DIRECTION('',(0.,0.,1.));
#268 = PCURVE('',#118,#269);
#269 = DEFINITIONAL_REPRESENTATION('',(#270),#274);
#270 = LINE('',#271,#272);
#271 = CARTESIAN_POINT('',(0.,720.));
#272 = VECTOR('',#273,1.);
#273 = DIRECTION('',(1.,0.));
#274 = ( GEOMETRIC_REPRESENTATION_CONTEXT(2) 
PARAMETRIC_REPRESENTATION_CONTEXT() REPRESENTATION_CONTEXT('2D SPACE',''
  ) );
#275 = PCURVE('',#276,#281);
#276 = PLANE('',#277);
#277 = AXIS2_PLACEMENT_3D('',#278,#279,#280);
#278 = CARTESIAN_POINT('',(360.,-470.,242.20835153491));
#279 = DIRECTION('',(1.,0.,0.));
#280 = DIRECTION('',(0.,0.,1.));
#281 = DEFINITIONAL_REPRESENTATION('',(#282),#286);
#282 = LINE('',#283,#284);
#283 = CARTESIAN_POINT('',(0.,0.));
#284 = VECTOR('',#285,1.);
#285 = DIRECTION('',(1.,0.));
#286 = ( GEOMETRIC_REPRESENTATION_CONTEXT(2) 
PARAMETRIC_REPRESENTATION_CONTEXT() REPRESENTATION_CONTEXT('2D SPACE',''
  ) );
#287 = ADVANCED_FACE('',(#288,#336,#367,#398),#200,.T.);
#288 = FACE_BOUND('',#289,.T.);
#289 = EDGE_LOOP('',(#290,#291,#292,#315));
#290 = ORIENTED_EDGE('',*,*,#186,.F.);
#291 = ORIENTED_EDGE('',*,*,#239,.T.);
#292 = ORIENTED_EDGE('',*,*,#293,.T.);
#293 = EDGE_CURVE('',#240,#294,#296,.T.);
#294 = VERTEX_POINT('',#295);
#295 = CARTESIAN_POINT('',(360.,470.,246.20835153491));
#296 = SURFACE_CURVE('',#297,(#301,#308),.PCURVE_S1.);
#297 = LINE('',#298,#299);
#298 = CARTESIAN_POINT('',(360.,-470.,246.20835153491));
#299 = VECTOR('',#300,1.);
#300 = DIRECTION('',(0.,1.,0.));
#301 = PCURVE('',#200,#302);
#302 = DEFINITIONAL_REPRESENTATION('',(#303),#307);
#303 = LINE('',#304,#305);
#304 = CARTESIAN_POINT('',(720.,0.));
#305 = VECTOR('',#306,1.);
#306 = DIRECTION('',(0.,1.));
#307 = ( GEOMETRIC_REPRESENTATION_CONTEXT(2) 
PARAMETRIC_REPRESENTATION_CONTEXT() REPRESENTATION_CONTEXT('2D SPACE',''
  ) );
#308 = PCURVE('',#276,#309);
#309 = DEFINITIONAL_REPRESENTATION('',(#310),#314);
#310 = LINE('',#311,#312);
#311 = CARTESIAN_POINT('',(4.,0.));
#312 = VECTOR('',#313,1.);
#313 = DIRECTION('',(0.,-1.));
#314 = ( GEOMETRIC_REPRESENTATION_CONTEXT(2) 
PARAMETRIC_REPRESENTATION_CONTEXT() REPRESENTATION_CONTEXT('2D SPACE',''
  ) );
#315 = ORIENTED_EDGE('',*,*,#316,.F.);
#316 = EDGE_CURVE('',#159,#294,#317,.T.);
#317 = SURFACE_CURVE('',#318,(#322,#329),.PCURVE_S1.);
#318 = LINE('',#319,#320);
#319 = CARTESIAN_POINT('',(-360.,470.,246.20835153491));
#320 = VECTOR('',#321,1.);
#321 = DIRECTION('',(1.,0.,0.));
#322 = PCURVE('',#200,#323);
#323 = DEFINITIONAL_REPRESENTATION('',(#324),#328);
#324 = LINE('',#325,#326);
#325 = CARTESIAN_POINT('',(0.,940.));
#326 = VECTOR('',#327,1.);
#327 = DIRECTION('',(1.,0.));
#328 = ( GEOMETRIC_REPRESENTATION_CONTEXT(2) 
PARAMETRIC_REPRESENTATION_CONTEXT() REPRESENTATION_CONTEXT('2D SPACE',''
  ) );
#329 = PCURVE('',#174,#330);
#330 = DEFINITIONAL_REPRESENTATION('',(#331),#335);
#331 = LINE('',#332,#333);
#332 = CARTESIAN_POINT('',(4.,0.));
#333 = VECTOR('',#334,1.);
#334 = DIRECTION('',(0.,1.));
#335 = ( GEOMETRIC_REPRESENTATION_CONTEXT(2) 
PARAMETRIC_REPRESENTATION_CONTEXT() REPRESENTATION_CONTEXT('2D SPACE',''
  ) );
#336 = FACE_BOUND('',#337,.T.);
#337 = EDGE_LOOP('',(#338));
#338 = ORIENTED_EDGE('',*,*,#339,.F.);
#339 = EDGE_CURVE('',#340,#340,#342,.T.);
#340 = VERTEX_POINT('',#341);
#341 = CARTESIAN_POINT('',(235.,-237.5,246.20835153491));
#342 = SURFACE_CURVE('',#343,(#348,#355),.PCURVE_S1.);
#343 = CIRCLE('',#344,5.);
#344 = AXIS2_PLACEMENT_3D('',#345,#346,#347);
#345 = CARTESIAN_POINT('',(230.,-237.5,246.20835153491));
#346 = DIRECTION('',(0.,0.,1.));
#347 = DIRECTION('',(1.,0.,0.));
#348 = PCURVE('',#200,#349);
#349 = DEFINITIONAL_REPRESENTATION('',(#350),#354);
#350 = CIRCLE('',#351,5.);
#351 = AXIS2_PLACEMENT_2D('',#352,#353);
#352 = CARTESIAN_POINT('',(590.,232.5));
#353 = DIRECTION('',(1.,0.));
#354 = ( GEOMETRIC_REPRESENTATION_CONTEXT(2) 
PARAMETRIC_REPRESENTATION_CONTEXT() REPRESENTATION_CONTEXT('2D SPACE',''
  ) );
#355 = PCURVE('',#356,#361);
#356 = CYLINDRICAL_SURFACE('',#357,5.);
#357 = AXIS2_PLACEMENT_3D('',#358,#359,#360);
#358 = CARTESIAN_POINT('',(230.,-237.5,242.20835153491));
#359 = DIRECTION('',(0.,0.,1.));
#360 = DIRECTION('',(1.,0.,0.));
#361 = DEFINITIONAL_REPRESENTATION('',(#362),#366);
#362 = LINE('',#363,#364);
#363 = CARTESIAN_POINT('',(0.,4.));
#364 = VECTOR('',#365,1.);
#365 = DIRECTION('',(1.,0.));
#366 = ( GEOMETRIC_REPRESENTATION_CONTEXT(2) 
PARAMETRIC_REPRESENTATION_CONTEXT() REPRESENTATION_CONTEXT('2D SPACE',''
  ) );
#367 = FACE_BOUND('',#368,.T.);
#368 = EDGE_LOOP('',(#369));
#369 = ORIENTED_EDGE('',*,*,#370,.F.);
#370 = EDGE_CURVE('',#371,#371,#373,.T.);
#371 = VERTEX_POINT('',#372);
#372 = CARTESIAN_POINT('',(31.,-7.592810154714E-15,246.20835153491));
#373 = SURFACE_CURVE('',#374,(#379,#386),.PCURVE_S1.);
#374 = CIRCLE('',#375,31.);
#375 = AXIS2_PLACEMENT_3D('',#376,#377,#378);
#376 = CARTESIAN_POINT('',(0.,0.,246.20835153491));
#377 = DIRECTION('',(0.,0.,1.));
#378 = DIRECTION('',(1.,0.,0.));
#379 = PCURVE('',#200,#380);
#380 = DEFINITIONAL_REPRESENTATION('',(#381),#385);
#381 = CIRCLE('',#382,31.);
#382 = AXIS2_PLACEMENT_2D('',#383,#384);
#383 = CARTESIAN_POINT('',(360.,470.));
#384 = DIRECTION('',(1.,0.));
#385 = ( GEOMETRIC_REPRESENTATION_CONTEXT(2) 
PARAMETRIC_REPRESENTATION_CONTEXT() REPRESENTATION_CONTEXT('2D SPACE',''
  ) );
#386 = PCURVE('',#387,#392);
#387 = CYLINDRICAL_SURFACE('',#388,31.);
#388 = AXIS2_PLACEMENT_3D('',#389,#390,#391);
#389 = CARTESIAN_POINT('',(0.,0.,242.20835153491));
#390 = DIRECTION('',(0.,0.,1.));
#391 = DIRECTION('',(1.,0.,0.));
#392 = DEFINITIONAL_REPRESENTATION('',(#393),#397);
#393 = LINE('',#394,#395);
#394 = CARTESIAN_POINT('',(0.,4.));
#395 = VECTOR('',#396,1.);
#396 = DIRECTION('',(1.,0.));
#397 = ( GEOMETRIC_REPRESENTATION_CONTEXT(2) 
PARAMETRIC_REPRESENTATION_CONTEXT() REPRESENTATION_CONTEXT('2D SPACE',''
  ) );
#398 = FACE_BOUND('',#399,.T.);
#399 = EDGE_LOOP('',(#400));
#400 = ORIENTED_EDGE('',*,*,#401,.F.);
#401 = EDGE_CURVE('',#402,#402,#404,.T.);
#402 = VERTEX_POINT('',#403);
#403 = CARTESIAN_POINT('',(235.,237.5,246.20835153491));
#404 = SURFACE_CURVE('',#405,(#410,#417),.PCURVE_S1.);
#405 = CIRCLE('',#406,5.);
#406 = AXIS2_PLACEMENT_3D('',#407,#408,#409);
#407 = CARTESIAN_POINT('',(230.,237.5,246.20835153491));
#408 = DIRECTION('',(0.,0.,1.));
#409 = DIRECTION('',(1.,0.,0.));
#410 = PCURVE('',#200,#411);
#411 = DEFINITIONAL_REPRESENTATION('',(#412),#416);
#412 = CIRCLE('',#413,5.);
#413 = AXIS2_PLACEMENT_2D('',#414,#415);
#414 = CARTESIAN_POINT('',(590.,707.5));
#415 = DIRECTION('',(1.,0.));
#416 = ( GEOMETRIC_REPRESENTATION_CONTEXT(2) 
PARAMETRIC_REPRESENTATION_CONTEXT() REPRESENTATION_CONTEXT('2D SPACE',''
  ) );
#417 = PCURVE('',#418,#423);
#418 = CYLINDRICAL_SURFACE('',#419,5.);
#419 = AXIS2_PLACEMENT_3D('',#420,#421,#422);
#420 = CARTESIAN_POINT('',(230.,237.5,242.20835153491));
#421 = DIRECTION('',(0.,0.,1.));
#422 = DIRECTION('',(1.,0.,0.));
#423 = DEFINITIONAL_REPRESENTATION('',(#424),#428);
#424 = LINE('',#425,#426);
#425 = CARTESIAN_POINT('',(0.,4.));
#426 = VECTOR('',#427,1.);
#427 = DIRECTION('',(1.,0.));
#428 = ( GEOMETRIC_REPRESENTATION_CONTEXT(2) 
PARAMETRIC_REPRESENTATION_CONTEXT() REPRESENTATION_CONTEXT('2D SPACE',''
  ) );
#429 = ADVANCED_FACE('',(#430),#174,.T.);
#430 = FACE_BOUND('',#431,.T.);
#431 = EDGE_LOOP('',(#432,#455,#456,#457));
#432 = ORIENTED_EDGE('',*,*,#433,.F.);
#433 = EDGE_CURVE('',#131,#434,#436,.T.);
#434 = VERTEX_POINT('',#435);
#435 = CARTESIAN_POINT('',(360.,470.,242.20835153491));
#436 = SURFACE_CURVE('',#437,(#441,#448),.PCURVE_S1.);
#437 = LINE('',#438,#439);
#438 = CARTESIAN_POINT('',(-360.,470.,242.20835153491));
#439 = VECTOR('',#440,1.);
#440 = DIRECTION('',(1.,0.,0.));
#441 = PCURVE('',#174,#442);
#442 = DEFINITIONAL_REPRESENTATION('',(#443),#447);
#443 = LINE('',#444,#445);
#444 = CARTESIAN_POINT('',(0.,0.));
#445 = VECTOR('',#446,1.);
#446 = DIRECTION('',(0.,1.));
#447 = ( GEOMETRIC_REPRESENTATION_CONTEXT(2) 
PARAMETRIC_REPRESENTATION_CONTEXT() REPRESENTATION_CONTEXT('2D SPACE',''
  ) );
#448 = PCURVE('',#146,#449);
#449 = DEFINITIONAL_REPRESENTATION('',(#450),#454);
#450 = LINE('',#451,#452);
#451 = CARTESIAN_POINT('',(0.,940.));
#452 = VECTOR('',#453,1.);
#453 = DIRECTION('',(1.,0.));
#454 = ( GEOMETRIC_REPRESENTATION_CONTEXT(2) 
PARAMETRIC_REPRESENTATION_CONTEXT() REPRESENTATION_CONTEXT('2D SPACE',''
  ) );
#455 = ORIENTED_EDGE('',*,*,#158,.T.);
#456 = ORIENTED_EDGE('',*,*,#316,.T.);
#457 = ORIENTED_EDGE('',*,*,#458,.F.);
#458 = EDGE_CURVE('',#434,#294,#459,.T.);
#459 = SURFACE_CURVE('',#460,(#464,#471),.PCURVE_S1.);
#460 = LINE('',#461,#462);
#461 = CARTESIAN_POINT('',(360.,470.,242.20835153491));
#462 = VECTOR('',#463,1.);
#463 = DIRECTION('',(0.,0.,1.));
#464 = PCURVE('',#174,#465);
#465 = DEFINITIONAL_REPRESENTATION('',(#466),#470);
#466 = LINE('',#467,#468);
#467 = CARTESIAN_POINT('',(0.,720.));
#468 = VECTOR('',#469,1.);
#469 = DIRECTION('',(1.,0.));
#470 = ( GEOMETRIC_REPRESENTATION_CONTEXT(2) 
PARAMETRIC_REPRESENTATION_CONTEXT() REPRESENTATION_CONTEXT('2D SPACE',''
  ) );
#471 = PCURVE('',#276,#472);
#472 = DEFINITIONAL_REPRESENTATION('',(#473),#477);
#473 = LINE('',#474,#475);
#474 = CARTESIAN_POINT('',(0.,-940.));
#475 = VECTOR('',#476,1.);
#476 = DIRECTION('',(1.,0.));
#477 = ( GEOMETRIC_REPRESENTATION_CONTEXT(2) 
PARAMETRIC_REPRESENTATION_CONTEXT() REPRESENTATION_CONTEXT('2D SPACE',''
  ) );
#478 = ADVANCED_FACE('',(#479,#505,#531,#557),#146,.F.);
#479 = FACE_BOUND('',#480,.F.);
#480 = EDGE_LOOP('',(#481,#482,#483,#504));
#481 = ORIENTED_EDGE('',*,*,#130,.F.);
#482 = ORIENTED_EDGE('',*,*,#215,.T.);
#483 = ORIENTED_EDGE('',*,*,#484,.T.);
#484 = EDGE_CURVE('',#216,#434,#485,.T.);
#485 = SURFACE_CURVE('',#486,(#490,#497),.PCURVE_S1.);
#486 = LINE('',#487,#488);
#487 = CARTESIAN_POINT('',(360.,-470.,242.20835153491));
#488 = VECTOR('',#489,1.);
#489 = DIRECTION('',(0.,1.,0.));
#490 = PCURVE('',#146,#491);
#491 = DEFINITIONAL_REPRESENTATION('',(#492),#496);
#492 = LINE('',#493,#494);
#493 = CARTESIAN_POINT('',(720.,0.));
#494 = VECTOR('',#495,1.);
#495 = DIRECTION('',(0.,1.));
#496 = ( GEOMETRIC_REPRESENTATION_CONTEXT(2) 
PARAMETRIC_REPRESENTATION_CONTEXT() REPRESENTATION_CONTEXT('2D SPACE',''
  ) );
#497 = PCURVE('',#276,#498);
#498 = DEFINITIONAL_REPRESENTATION('',(#499),#503);
#499 = LINE('',#500,#501);
#500 = CARTESIAN_POINT('',(0.,0.));
#501 = VECTOR('',#502,1.);
#502 = DIRECTION('',(0.,-1.));
#503 = ( GEOMETRIC_REPRESENTATION_CONTEXT(2) 
PARAMETRIC_REPRESENTATION_CONTEXT() REPRESENTATION_CONTEXT('2D SPACE',''
  ) );
#504 = ORIENTED_EDGE('',*,*,#433,.F.);
#505 = FACE_BOUND('',#506,.F.);
#506 = EDGE_LOOP('',(#507));
#507 = ORIENTED_EDGE('',*,*,#508,.F.);
#508 = EDGE_CURVE('',#509,#509,#511,.T.);
#509 = VERTEX_POINT('',#510);
#510 = CARTESIAN_POINT('',(235.,-237.5,242.20835153491));
#511 = SURFACE_CURVE('',#512,(#517,#524),.PCURVE_S1.);
#512 = CIRCLE('',#513,5.);
#513 = AXIS2_PLACEMENT_3D('',#514,#515,#516);
#514 = CARTESIAN_POINT('',(230.,-237.5,242.20835153491));
#515 = DIRECTION('',(0.,0.,1.));
#516 = DIRECTION('',(1.,0.,0.));
#517 = PCURVE('',#146,#518);
#518 = DEFINITIONAL_REPRESENTATION('',(#519),#523);
#519 = CIRCLE('',#520,5.);
#520 = AXIS2_PLACEMENT_2D('',#521,#522);
#521 = CARTESIAN_POINT('',(590.,232.5));
#522 = DIRECTION('',(1.,0.));
#523 = ( GEOMETRIC_REPRESENTATION_CONTEXT(2) 
PARAMETRIC_REPRESENTATION_CONTEXT() REPRESENTATION_CONTEXT('2D SPACE',''
  ) );
#524 = PCURVE('',#356,#525);
#525 = DEFINITIONAL_REPRESENTATION('',(#526),#530);
#526 = LINE('',#527,#528);
#527 = CARTESIAN_POINT('',(0.,0.));
#528 = VECTOR('',#529,1.);
#529 = DIRECTION('',(1.,0.));
#530 = ( GEOMETRIC_REPRESENTATION_CONTEXT(2) 
PARAMETRIC_REPRESENTATION_CONTEXT() REPRESENTATION_CONTEXT('2D SPACE',''
  ) );
#531 = FACE_BOUND('',#532,.F.);
#532 = EDGE_LOOP('',(#533));
#533 = ORIENTED_EDGE('',*,*,#534,.F.);
#534 = EDGE_CURVE('',#535,#535,#537,.T.);
#535 = VERTEX_POINT('',#536);
#536 = CARTESIAN_POINT('',(31.,-7.592810154714E-15,242.20835153491));
#537 = SURFACE_CURVE('',#538,(#543,#550),.PCURVE_S1.);
#538 = CIRCLE('',#539,31.);
#539 = AXIS2_PLACEMENT_3D('',#540,#541,#542);
#540 = CARTESIAN_POINT('',(0.,0.,242.20835153491));
#541 = DIRECTION('',(0.,0.,1.));
#542 = DIRECTION('',(1.,0.,0.));
#543 = PCURVE('',#146,#544);
#544 = DEFINITIONAL_REPRESENTATION('',(#545),#549);
#545 = CIRCLE('',#546,31.);
#546 = AXIS2_PLACEMENT_2D('',#547,#548);
#547 = CARTESIAN_POINT('',(360.,470.));
#548 = DIRECTION('',(1.,0.));
#549 = ( GEOMETRIC_REPRESENTATION_CONTEXT(2) 
PARAMETRIC_REPRESENTATION_CONTEXT() REPRESENTATION_CONTEXT('2D SPACE',''
  ) );
#550 = PCURVE('',#387,#551);
#551 = DEFINITIONAL_REPRESENTATION('',(#552),#556);
#552 = LINE('',#553,#554);
#553 = CARTESIAN_POINT('',(0.,0.));
#554 = VECTOR('',#555,1.);
#555 = DIRECTION('',(1.,0.));
#556 = ( GEOMETRIC_REPRESENTATION_CONTEXT(2) 
PARAMETRIC_REPRESENTATION_CONTEXT() REPRESENTATION_CONTEXT('2D SPACE',''
  ) );
#557 = FACE_BOUND('',#558,.F.);
#558 = EDGE_LOOP('',(#559));
#559 = ORIENTED_EDGE('',*,*,#560,.F.);
#560 = EDGE_CURVE('',#561,#561,#563,.T.);
#561 = VERTEX_POINT('',#562);
#562 = CARTESIAN_POINT('',(235.,237.5,242.20835153491));
#563 = SURFACE_CURVE('',#564,(#569,#576),.PCURVE_S1.);
#564 = CIRCLE('',#565,5.);
#565 = AXIS2_PLACEMENT_3D('',#566,#567,#568);
#566 = CARTESIAN_POINT('',(230.,237.5,242.20835153491));
#567 = DIRECTION('',(0.,0.,1.));
#568 = DIRECTION('',(1.,0.,0.));
#569 = PCURVE('',#146,#570);
#570 = DEFINITIONAL_REPRESENTATION('',(#571),#575);
#571 = CIRCLE('',#572,5.);
#572 = AXIS2_PLACEMENT_2D('',#573,#574);
#573 = CARTESIAN_POINT('',(590.,707.5));
#574 = DIRECTION('',(1.,0.));
#575 = ( GEOMETRIC_REPRESENTATION_CONTEXT(2) 
PARAMETRIC_REPRESENTATION_CONTEXT() REPRESENTATION_CONTEXT('2D SPACE',''
  ) );
#576 = PCURVE('',#418,#577);
#577 = DEFINITIONAL_REPRESENTATION('',(#578),#582);
#578 = LINE('',#579,#580);
#579 = CARTESIAN_POINT('',(0.,0.));
#580 = VECTOR('',#581,1.);
#581 = DIRECTION('',(1.,0.));
#582 = ( GEOMETRIC_REPRESENTATION_CONTEXT(2) 
PARAMETRIC_REPRESENTATION_CONTEXT() REPRESENTATION_CONTEXT('2D SPACE',''
  ) );
#583 = ADVANCED_FACE('',(#584),#276,.T.);
#584 = FACE_BOUND('',#585,.T.);
#585 = EDGE_LOOP('',(#586,#587,#588,#589));
#586 = ORIENTED_EDGE('',*,*,#262,.F.);
#587 = ORIENTED_EDGE('',*,*,#484,.T.);
#588 = ORIENTED_EDGE('',*,*,#458,.T.);
#589 = ORIENTED_EDGE('',*,*,#293,.F.);
#590 = ADVANCED_FACE('',(#591),#356,.F.);
#591 = FACE_BOUND('',#592,.F.);
#592 = EDGE_LOOP('',(#593,#594,#615,#616));
#593 = ORIENTED_EDGE('',*,*,#339,.F.);
#594 = ORIENTED_EDGE('',*,*,#595,.F.);
#595 = EDGE_CURVE('',#509,#340,#596,.T.);
#596 = SEAM_CURVE('',#597,(#601,#608),.PCURVE_S1.);
#597 = LINE('',#598,#599);
#598 = CARTESIAN_POINT('',(235.,-237.5,242.20835153491));
#599 = VECTOR('',#600,1.);
#600 = DIRECTION('',(0.,0.,1.));
#601 = PCURVE('',#356,#602);
#602 = DEFINITIONAL_REPRESENTATION('',(#603),#607);
#603 = LINE('',#604,#605);
#604 = CARTESIAN_POINT('',(6.28318530718,-0.));
#605 = VECTOR('',#606,1.);
#606 = DIRECTION('',(0.,1.));
#607 = ( GEOMETRIC_REPRESENTATION_CONTEXT(2) 
PARAMETRIC_REPRESENTATION_CONTEXT() REPRESENTATION_CONTEXT('2D SPACE',''
  ) );
#608 = PCURVE('',#356,#609);
#609 = DEFINITIONAL_REPRESENTATION('',(#610),#614);
#610 = LINE('',#611,#612);
#611 = CARTESIAN_POINT('',(0.,-0.));
#612 = VECTOR('',#613,1.);
#613 = DIRECTION('',(0.,1.));
#614 = ( GEOMETRIC_REPRESENTATION_CONTEXT(2) 
PARAMETRIC_REPRESENTATION_CONTEXT() REPRESENTATION_CONTEXT('2D SPACE',''
  ) );
#615 = ORIENTED_EDGE('',*,*,#508,.T.);
#616 = ORIENTED_EDGE('',*,*,#595,.T.);
#617 = ADVANCED_FACE('',(#618),#387,.F.);
#618 = FACE_BOUND('',#619,.F.);
#619 = EDGE_LOOP('',(#620,#621,#642,#643));
#620 = ORIENTED_EDGE('',*,*,#370,.F.);
#621 = ORIENTED_EDGE('',*,*,#622,.F.);
#622 = EDGE_CURVE('',#535,#371,#623,.T.);
#623 = SEAM_CURVE('',#624,(#628,#635),.PCURVE_S1.);
#624 = LINE('',#625,#626);
#625 = CARTESIAN_POINT('',(31.,-7.592810154714E-15,242.20835153491));
#626 = VECTOR('',#627,1.);
#627 = DIRECTION('',(0.,0.,1.));
#628 = PCURVE('',#387,#629);
#629 = DEFINITIONAL_REPRESENTATION('',(#630),#634);
#630 = LINE('',#631,#632);
#631 = CARTESIAN_POINT('',(6.28318530718,-0.));
#632 = VECTOR('',#633,1.);
#633 = DIRECTION('',(0.,1.));
#634 = ( GEOMETRIC_REPRESENTATION_CONTEXT(2) 
PARAMETRIC_REPRESENTATION_CONTEXT() REPRESENTATION_CONTEXT('2D SPACE',''
  ) );
#635 = PCURVE('',#387,#636);
#636 = DEFINITIONAL_REPRESENTATION('',(#637),#641);
#637 = LINE('',#638,#639);
#638 = CARTESIAN_POINT('',(0.,-0.));
#639 = VECTOR('',#640,1.);
#640 = DIRECTION('',(0.,1.));
#641 = ( GEOMETRIC_REPRESENTATION_CONTEXT(2) 
PARAMETRIC_REPRESENTATION_CONTEXT() REPRESENTATION_CONTEXT('2D SPACE',''
  ) );
#642 = ORIENTED_EDGE('',*,*,#534,.T.);
#643 = ORIENTED_EDGE('',*,*,#622,.T.);
#644 = ADVANCED_FACE('',(#645),#418,.F.);
#645 = FACE_BOUND('',#646,.F.);
#646 = EDGE_LOOP('',(#647,#648,#669,#670));
#647 = ORIENTED_EDGE('',*,*,#401,.F.);
#648 = ORIENTED_EDGE('',*,*,#649,.F.);
#649 = EDGE_CURVE('',#561,#402,#650,.T.);
#650 = SEAM_CURVE('',#651,(#655,#662),.PCURVE_S1.);
#651 = LINE('',#652,#653);
#652 = CARTESIAN_POINT('',(235.,237.5,242.20835153491));
#653 = VECTOR('',#654,1.);
#654 = DIRECTION('',(0.,0.,1.));
#655 = PCURVE('',#418,#656);
#656 = DEFINITIONAL_REPRESENTATION('',(#657),#661);
#657 = LINE('',#658,#659);
#658 = CARTESIAN_POINT('',(6.28318530718,-0.));
#659 = VECTOR('',#660,1.);
#660 = DIRECTION('',(0.,1.));
#661 = ( GEOMETRIC_REPRESENTATION_CONTEXT(2) 
PARAMETRIC_REPRESENTATION_CONTEXT() REPRESENTATION_CONTEXT('2D SPACE',''
  ) );
#662 = PCURVE('',#418,#663);
#663 = DEFINITIONAL_REPRESENTATION('',(#664),#668);
#664 = LINE('',#665,#666);
#665 = CARTESIAN_POINT('',(0.,-0.));
#666 = VECTOR('',#667,1.);
#667 = DIRECTION('',(0.,1.));
#668 = ( GEOMETRIC_REPRESENTATION_CONTEXT(2) 
PARAMETRIC_REPRESENTATION_CONTEXT() REPRESENTATION_CONTEXT('2D SPACE',''
  ) );
#669 = ORIENTED_EDGE('',*,*,#560,.T.);
#670 = ORIENTED_EDGE('',*,*,#649,.T.);
#671 = ( GEOMETRIC_REPRESENTATION_CONTEXT(3) 
GLOBAL_UNCERTAINTY_ASSIGNED_CONTEXT((#675)) GLOBAL_UNIT_ASSIGNED_CONTEXT
((#672,#673,#674)) REPRESENTATION_CONTEXT('Context #1',
  '3D Context with UNIT and UNCERTAINTY') );
#672 = ( LENGTH_UNIT() NAMED_UNIT(*) SI_UNIT(.MILLI.,.METRE.) );
#673 = ( NAMED_UNIT(*) PLANE_ANGLE_UNIT() SI_UNIT($,.RADIAN.) );
#674 = ( NAMED_UNIT(*) SI_UNIT($,.STERADIAN.) SOLID_ANGLE_UNIT() );
#675 = UNCERTAINTY_MEASURE_WITH_UNIT(LENGTH_MEASURE(1.E-07),#672,
  'distance_accuracy_value','confusion accuracy');
#676 = CONTEXT_DEPENDENT_SHAPE_REPRESENTATION(#677,#679);
#677 = ( REPRESENTATION_RELATIONSHIP('','',#88,#10) 
REPRESENTATION_RELATIONSHIP_WITH_TRANSFORMATION(#678) 
SHAPE_REPRESENTATION_RELATIONSHIP() );
#678 = ITEM_DEFINED_TRANSFORMATION('','',#11,#15);
#679 = PRODUCT_DEFINITION_SHAPE('Placement','Placement of an item',#680
  );
#680 = NEXT_ASSEMBLY_USAGE_OCCURRENCE('40','SV3_TRAY_PLATE','',#5,#83,$
  );
#681 = PRODUCT_RELATED_PRODUCT_CATEGORY('part',$,(#85));
#682 = SHAPE_DEFINITION_REPRESENTATION(#683,#689);
#683 = PRODUCT_DEFINITION_SHAPE('','',#684);
#684 = PRODUCT_DEFINITION('design','',#685,#688);
#685 = PRODUCT_DEFINITION_FORMATION('','',#686);
#686 = PRODUCT('SV3_OPEN_BOTTOM_SKIRT','SV3_OPEN_BOTTOM_SKIRT','',(#687)
  );
#687 = PRODUCT_CONTEXT('',#2,'mechanical');
#688 = PRODUCT_DEFINITION_CONTEXT('part definition',#2,'design');
#689 = ADVANCED_BREP_SHAPE_REPRESENTATION('',(#11,#690),#1336);
#690 = MANIFOLD_SOLID_BREP('',#691);
#691 = CLOSED_SHELL('',(#692,#812,#888,#1051,#1100,#1221,#1228,#1275,
    #1302,#1329));
#692 = ADVANCED_FACE('',(#693),#707,.F.);
#693 = FACE_BOUND('',#694,.F.);
#694 = EDGE_LOOP('',(#695,#730,#758,#786));
#695 = ORIENTED_EDGE('',*,*,#696,.F.);
#696 = EDGE_CURVE('',#697,#699,#701,.T.);
#697 = VERTEX_POINT('',#698);
#698 = CARTESIAN_POINT('',(-350.,-460.,62.208351534918));
#699 = VERTEX_POINT('',#700);
#700 = CARTESIAN_POINT('',(-350.,-460.,242.20835153491));
#701 = SURFACE_CURVE('',#702,(#706,#718),.PCURVE_S1.);
#702 = LINE('',#703,#704);
#703 = CARTESIAN_POINT('',(-350.,-460.,62.208351534918));
#704 = VECTOR('',#705,1.);
#705 = DIRECTION('',(0.,0.,1.));
#706 = PCURVE('',#707,#712);
#707 = PLANE('',#708);
#708 = AXIS2_PLACEMENT_3D('',#709,#710,#711);
#709 = CARTESIAN_POINT('',(-350.,-460.,62.208351534918));
#710 = DIRECTION('',(1.,0.,0.));
#711 = DIRECTION('',(0.,0.,1.));
#712 = DEFINITIONAL_REPRESENTATION('',(#713),#717);
#713 = LINE('',#714,#715);
#714 = CARTESIAN_POINT('',(0.,0.));
#715 = VECTOR('',#716,1.);
#716 = DIRECTION('',(1.,0.));
#717 = ( GEOMETRIC_REPRESENTATION_CONTEXT(2) 
PARAMETRIC_REPRESENTATION_CONTEXT() REPRESENTATION_CONTEXT('2D SPACE',''
  ) );
#718 = PCURVE('',#719,#724);
#719 = PLANE('',#720);
#720 = AXIS2_PLACEMENT_3D('',#721,#722,#723);
#721 = CARTESIAN_POINT('',(-350.,-460.,62.208351534918));
#722 = DIRECTION('',(0.,1.,0.));
#723 = DIRECTION('',(0.,0.,1.));
#724 = DEFINITIONAL_REPRESENTATION('',(#725),#729);
#725 = LINE('',#726,#727);
#726 = CARTESIAN_POINT('',(0.,0.));
#727 = VECTOR('',#728,1.);
#728 = DIRECTION('',(1.,0.));
#729 = ( GEOMETRIC_REPRESENTATION_CONTEXT(2) 
PARAMETRIC_REPRESENTATION_CONTEXT() REPRESENTATION_CONTEXT('2D SPACE',''
  ) );
#730 = ORIENTED_EDGE('',*,*,#731,.T.);
#731 = EDGE_CURVE('',#697,#732,#734,.T.);
#732 = VERTEX_POINT('',#733);
#733 = CARTESIAN_POINT('',(-350.,460.,62.208351534918));
#734 = SURFACE_CURVE('',#735,(#739,#746),.PCURVE_S1.);
#735 = LINE('',#736,#737);
#736 = CARTESIAN_POINT('',(-350.,-460.,62.208351534918));
#737 = VECTOR('',#738,1.);
#738 = DIRECTION('',(0.,1.,0.));
#739 = PCURVE('',#707,#740);
#740 = DEFINITIONAL_REPRESENTATION('',(#741),#745);
#741 = LINE('',#742,#743);
#742 = CARTESIAN_POINT('',(0.,0.));
#743 = VECTOR('',#744,1.);
#744 = DIRECTION('',(0.,-1.));
#745 = ( GEOMETRIC_REPRESENTATION_CONTEXT(2) 
PARAMETRIC_REPRESENTATION_CONTEXT() REPRESENTATION_CONTEXT('2D SPACE',''
  ) );
#746 = PCURVE('',#747,#752);
#747 = PLANE('',#748);
#748 = AXIS2_PLACEMENT_3D('',#749,#750,#751);
#749 = CARTESIAN_POINT('',(-350.,-460.,62.208351534918));
#750 = DIRECTION('',(0.,0.,1.));
#751 = DIRECTION('',(1.,0.,0.));
#752 = DEFINITIONAL_REPRESENTATION('',(#753),#757);
#753 = LINE('',#754,#755);
#754 = CARTESIAN_POINT('',(0.,0.));
#755 = VECTOR('',#756,1.);
#756 = DIRECTION('',(0.,1.));
#757 = ( GEOMETRIC_REPRESENTATION_CONTEXT(2) 
PARAMETRIC_REPRESENTATION_CONTEXT() REPRESENTATION_CONTEXT('2D SPACE',''
  ) );
#758 = ORIENTED_EDGE('',*,*,#759,.T.);
#759 = EDGE_CURVE('',#732,#760,#762,.T.);
#760 = VERTEX_POINT('',#761);
#761 = CARTESIAN_POINT('',(-350.,460.,242.20835153491));
#762 = SURFACE_CURVE('',#763,(#767,#774),.PCURVE_S1.);
#763 = LINE('',#764,#765);
#764 = CARTESIAN_POINT('',(-350.,460.,62.208351534918));
#765 = VECTOR('',#766,1.);
#766 = DIRECTION('',(0.,0.,1.));
#767 = PCURVE('',#707,#768);
#768 = DEFINITIONAL_REPRESENTATION('',(#769),#773);
#769 = LINE('',#770,#771);
#770 = CARTESIAN_POINT('',(0.,-920.));
#771 = VECTOR('',#772,1.);
#772 = DIRECTION('',(1.,0.));
#773 = ( GEOMETRIC_REPRESENTATION_CONTEXT(2) 
PARAMETRIC_REPRESENTATION_CONTEXT() REPRESENTATION_CONTEXT('2D SPACE',''
  ) );
#774 = PCURVE('',#775,#780);
#775 = PLANE('',#776);
#776 = AXIS2_PLACEMENT_3D('',#777,#778,#779);
#777 = CARTESIAN_POINT('',(-350.,460.,62.208351534918));
#778 = DIRECTION('',(0.,1.,0.));
#779 = DIRECTION('',(0.,0.,1.));
#780 = DEFINITIONAL_REPRESENTATION('',(#781),#785);
#781 = LINE('',#782,#783);
#782 = CARTESIAN_POINT('',(0.,0.));
#783 = VECTOR('',#784,1.);
#784 = DIRECTION('',(1.,0.));
#785 = ( GEOMETRIC_REPRESENTATION_CONTEXT(2) 
PARAMETRIC_REPRESENTATION_CONTEXT() REPRESENTATION_CONTEXT('2D SPACE',''
  ) );
#786 = ORIENTED_EDGE('',*,*,#787,.F.);
#787 = EDGE_CURVE('',#699,#760,#788,.T.);
#788 = SURFACE_CURVE('',#789,(#793,#800),.PCURVE_S1.);
#789 = LINE('',#790,#791);
#790 = CARTESIAN_POINT('',(-350.,-460.,242.20835153491));
#791 = VECTOR('',#792,1.);
#792 = DIRECTION('',(0.,1.,0.));
#793 = PCURVE('',#707,#794);
#794 = DEFINITIONAL_REPRESENTATION('',(#795),#799);
#795 = LINE('',#796,#797);
#796 = CARTESIAN_POINT('',(180.,0.));
#797 = VECTOR('',#798,1.);
#798 = DIRECTION('',(0.,-1.));
#799 = ( GEOMETRIC_REPRESENTATION_CONTEXT(2) 
PARAMETRIC_REPRESENTATION_CONTEXT() REPRESENTATION_CONTEXT('2D SPACE',''
  ) );
#800 = PCURVE('',#801,#806);
#801 = PLANE('',#802);
#802 = AXIS2_PLACEMENT_3D('',#803,#804,#805);
#803 = CARTESIAN_POINT('',(-350.,-460.,242.20835153491));
#804 = DIRECTION('',(0.,0.,1.));
#805 = DIRECTION('',(1.,0.,0.));
#806 = DEFINITIONAL_REPRESENTATION('',(#807),#811);
#807 = LINE('',#808,#809);
#808 = CARTESIAN_POINT('',(0.,0.));
#809 = VECTOR('',#810,1.);
#810 = DIRECTION('',(0.,1.));
#811 = ( GEOMETRIC_REPRESENTATION_CONTEXT(2) 
PARAMETRIC_REPRESENTATION_CONTEXT() REPRESENTATION_CONTEXT('2D SPACE',''
  ) );
#812 = ADVANCED_FACE('',(#813),#719,.F.);
#813 = FACE_BOUND('',#814,.F.);
#814 = EDGE_LOOP('',(#815,#838,#839,#862));
#815 = ORIENTED_EDGE('',*,*,#816,.F.);
#816 = EDGE_CURVE('',#697,#817,#819,.T.);
#817 = VERTEX_POINT('',#818);
#818 = CARTESIAN_POINT('',(350.,-460.,62.208351534918));
#819 = SURFACE_CURVE('',#820,(#824,#831),.PCURVE_S1.);
#820 = LINE('',#821,#822);
#821 = CARTESIAN_POINT('',(-350.,-460.,62.208351534918));
#822 = VECTOR('',#823,1.);
#823 = DIRECTION('',(1.,0.,0.));
#824 = PCURVE('',#719,#825);
#825 = DEFINITIONAL_REPRESENTATION('',(#826),#830);
#826 = LINE('',#827,#828);
#827 = CARTESIAN_POINT('',(0.,0.));
#828 = VECTOR('',#829,1.);
#829 = DIRECTION('',(0.,1.));
#830 = ( GEOMETRIC_REPRESENTATION_CONTEXT(2) 
PARAMETRIC_REPRESENTATION_CONTEXT() REPRESENTATION_CONTEXT('2D SPACE',''
  ) );
#831 = PCURVE('',#747,#832);
#832 = DEFINITIONAL_REPRESENTATION('',(#833),#837);
#833 = LINE('',#834,#835);
#834 = CARTESIAN_POINT('',(0.,0.));
#835 = VECTOR('',#836,1.);
#836 = DIRECTION('',(1.,0.));
#837 = ( GEOMETRIC_REPRESENTATION_CONTEXT(2) 
PARAMETRIC_REPRESENTATION_CONTEXT() REPRESENTATION_CONTEXT('2D SPACE',''
  ) );
#838 = ORIENTED_EDGE('',*,*,#696,.T.);
#839 = ORIENTED_EDGE('',*,*,#840,.T.);
#840 = EDGE_CURVE('',#699,#841,#843,.T.);
#841 = VERTEX_POINT('',#842);
#842 = CARTESIAN_POINT('',(350.,-460.,242.20835153491));
#843 = SURFACE_CURVE('',#844,(#848,#855),.PCURVE_S1.);
#844 = LINE('',#845,#846);
#845 = CARTESIAN_POINT('',(-350.,-460.,242.20835153491));
#846 = VECTOR('',#847,1.);
#847 = DIRECTION('',(1.,0.,0.));
#848 = PCURVE('',#719,#849);
#849 = DEFINITIONAL_REPRESENTATION('',(#850),#854);
#850 = LINE('',#851,#852);
#851 = CARTESIAN_POINT('',(180.,0.));
#852 = VECTOR('',#853,1.);
#853 = DIRECTION('',(0.,1.));
#854 = ( GEOMETRIC_REPRESENTATION_CONTEXT(2) 
PARAMETRIC_REPRESENTATION_CONTEXT() REPRESENTATION_CONTEXT('2D SPACE',''
  ) );
#855 = PCURVE('',#801,#856);
#856 = DEFINITIONAL_REPRESENTATION('',(#857),#861);
#857 = LINE('',#858,#859);
#858 = CARTESIAN_POINT('',(0.,0.));
#859 = VECTOR('',#860,1.);
#860 = DIRECTION('',(1.,0.));
#861 = ( GEOMETRIC_REPRESENTATION_CONTEXT(2) 
PARAMETRIC_REPRESENTATION_CONTEXT() REPRESENTATION_CONTEXT('2D SPACE',''
  ) );
#862 = ORIENTED_EDGE('',*,*,#863,.F.);
#863 = EDGE_CURVE('',#817,#841,#864,.T.);
#864 = SURFACE_CURVE('',#865,(#869,#876),.PCURVE_S1.);
#865 = LINE('',#866,#867);
#866 = CARTESIAN_POINT('',(350.,-460.,62.208351534918));
#867 = VECTOR('',#868,1.);
#868 = DIRECTION('',(0.,0.,1.));
#869 = PCURVE('',#719,#870);
#870 = DEFINITIONAL_REPRESENTATION('',(#871),#875);
#871 = LINE('',#872,#873);
#872 = CARTESIAN_POINT('',(0.,700.));
#873 = VECTOR('',#874,1.);
#874 = DIRECTION('',(1.,0.));
#875 = ( GEOMETRIC_REPRESENTATION_CONTEXT(2) 
PARAMETRIC_REPRESENTATION_CONTEXT() REPRESENTATION_CONTEXT('2D SPACE',''
  ) );
#876 = PCURVE('',#877,#882);
#877 = PLANE('',#878);
#878 = AXIS2_PLACEMENT_3D('',#879,#880,#881);
#879 = CARTESIAN_POINT('',(350.,-460.,62.208351534918));
#880 = DIRECTION('',(1.,0.,0.));
#881 = DIRECTION('',(0.,0.,1.));
#882 = DEFINITIONAL_REPRESENTATION('',(#883),#887);
#883 = LINE('',#884,#885);
#884 = CARTESIAN_POINT('',(0.,0.));
#885 = VECTOR('',#886,1.);
#886 = DIRECTION('',(1.,0.));
#887 = ( GEOMETRIC_REPRESENTATION_CONTEXT(2) 
PARAMETRIC_REPRESENTATION_CONTEXT() REPRESENTATION_CONTEXT('2D SPACE',''
  ) );
#888 = ADVANCED_FACE('',(#889,#937),#801,.T.);
#889 = FACE_BOUND('',#890,.T.);
#890 = EDGE_LOOP('',(#891,#892,#893,#916));
#891 = ORIENTED_EDGE('',*,*,#787,.F.);
#892 = ORIENTED_EDGE('',*,*,#840,.T.);
#893 = ORIENTED_EDGE('',*,*,#894,.T.);
#894 = EDGE_CURVE('',#841,#895,#897,.T.);
#895 = VERTEX_POINT('',#896);
#896 = CARTESIAN_POINT('',(350.,460.,242.20835153491));
#897 = SURFACE_CURVE('',#898,(#902,#909),.PCURVE_S1.);
#898 = LINE('',#899,#900);
#899 = CARTESIAN_POINT('',(350.,-460.,242.20835153491));
#900 = VECTOR('',#901,1.);
#901 = DIRECTION('',(0.,1.,0.));
#902 = PCURVE('',#801,#903);
#903 = DEFINITIONAL_REPRESENTATION('',(#904),#908);
#904 = LINE('',#905,#906);
#905 = CARTESIAN_POINT('',(700.,0.));
#906 = VECTOR('',#907,1.);
#907 = DIRECTION('',(0.,1.));
#908 = ( GEOMETRIC_REPRESENTATION_CONTEXT(2) 
PARAMETRIC_REPRESENTATION_CONTEXT() REPRESENTATION_CONTEXT('2D SPACE',''
  ) );
#909 = PCURVE('',#877,#910);
#910 = DEFINITIONAL_REPRESENTATION('',(#911),#915);
#911 = LINE('',#912,#913);
#912 = CARTESIAN_POINT('',(180.,0.));
#913 = VECTOR('',#914,1.);
#914 = DIRECTION('',(0.,-1.));
#915 = ( GEOMETRIC_REPRESENTATION_CONTEXT(2) 
PARAMETRIC_REPRESENTATION_CONTEXT() REPRESENTATION_CONTEXT('2D SPACE',''
  ) );
#916 = ORIENTED_EDGE('',*,*,#917,.F.);
#917 = EDGE_CURVE('',#760,#895,#918,.T.);
#918 = SURFACE_CURVE('',#919,(#923,#930),.PCURVE_S1.);
#919 = LINE('',#920,#921);
#920 = CARTESIAN_POINT('',(-350.,460.,242.20835153491));
#921 = VECTOR('',#922,1.);
#922 = DIRECTION('',(1.,0.,0.));
#923 = PCURVE('',#801,#924);
#924 = DEFINITIONAL_REPRESENTATION('',(#925),#929);
#925 = LINE('',#926,#927);
#926 = CARTESIAN_POINT('',(0.,920.));
#927 = VECTOR('',#928,1.);
#928 = DIRECTION('',(1.,0.));
#929 = ( GEOMETRIC_REPRESENTATION_CONTEXT(2) 
PARAMETRIC_REPRESENTATION_CONTEXT() REPRESENTATION_CONTEXT('2D SPACE',''
  ) );
#930 = PCURVE('',#775,#931);
#931 = DEFINITIONAL_REPRESENTATION('',(#932),#936);
#932 = LINE('',#933,#934);
#933 = CARTESIAN_POINT('',(180.,0.));
#934 = VECTOR('',#935,1.);
#935 = DIRECTION('',(0.,1.));
#936 = ( GEOMETRIC_REPRESENTATION_CONTEXT(2) 
PARAMETRIC_REPRESENTATION_CONTEXT() REPRESENTATION_CONTEXT('2D SPACE',''
  ) );
#937 = FACE_BOUND('',#938,.T.);
#938 = EDGE_LOOP('',(#939,#969,#997,#1025));
#939 = ORIENTED_EDGE('',*,*,#940,.T.);
#940 = EDGE_CURVE('',#941,#943,#945,.T.);
#941 = VERTEX_POINT('',#942);
#942 = CARTESIAN_POINT('',(-348.,-458.,242.20835153491));
#943 = VERTEX_POINT('',#944);
#944 = CARTESIAN_POINT('',(-348.,458.,242.20835153491));
#945 = SURFACE_CURVE('',#946,(#950,#957),.PCURVE_S1.);
#946 = LINE('',#947,#948);
#947 = CARTESIAN_POINT('',(-348.,-458.,242.20835153491));
#948 = VECTOR('',#949,1.);
#949 = DIRECTION('',(0.,1.,0.));
#950 = PCURVE('',#801,#951);
#951 = DEFINITIONAL_REPRESENTATION('',(#952),#956);
#952 = LINE('',#953,#954);
#953 = CARTESIAN_POINT('',(2.,2.));
#954 = VECTOR('',#955,1.);
#955 = DIRECTION('',(0.,1.));
#956 = ( GEOMETRIC_REPRESENTATION_CONTEXT(2) 
PARAMETRIC_REPRESENTATION_CONTEXT() REPRESENTATION_CONTEXT('2D SPACE',''
  ) );
#957 = PCURVE('',#958,#963);
#958 = PLANE('',#959);
#959 = AXIS2_PLACEMENT_3D('',#960,#961,#962);
#960 = CARTESIAN_POINT('',(-348.,-458.,62.208351534918));
#961 = DIRECTION('',(1.,0.,0.));
#962 = DIRECTION('',(0.,0.,1.));
#963 = DEFINITIONAL_REPRESENTATION('',(#964),#968);
#964 = LINE('',#965,#966);
#965 = CARTESIAN_POINT('',(180.,0.));
#966 = VECTOR('',#967,1.);
#967 = DIRECTION('',(0.,-1.));
#968 = ( GEOMETRIC_REPRESENTATION_CONTEXT(2) 
PARAMETRIC_REPRESENTATION_CONTEXT() REPRESENTATION_CONTEXT('2D SPACE',''
  ) );
#969 = ORIENTED_EDGE('',*,*,#970,.T.);
#970 = EDGE_CURVE('',#943,#971,#973,.T.);
#971 = VERTEX_POINT('',#972);
#972 = CARTESIAN_POINT('',(348.,458.,242.20835153491));
#973 = SURFACE_CURVE('',#974,(#978,#985),.PCURVE_S1.);
#974 = LINE('',#975,#976);
#975 = CARTESIAN_POINT('',(-348.,458.,242.20835153491));
#976 = VECTOR('',#977,1.);
#977 = DIRECTION('',(1.,0.,0.));
#978 = PCURVE('',#801,#979);
#979 = DEFINITIONAL_REPRESENTATION('',(#980),#984);
#980 = LINE('',#981,#982);
#981 = CARTESIAN_POINT('',(2.,918.));
#982 = VECTOR('',#983,1.);
#983 = DIRECTION('',(1.,0.));
#984 = ( GEOMETRIC_REPRESENTATION_CONTEXT(2) 
PARAMETRIC_REPRESENTATION_CONTEXT() REPRESENTATION_CONTEXT('2D SPACE',''
  ) );
#985 = PCURVE('',#986,#991);
#986 = PLANE('',#987);
#987 = AXIS2_PLACEMENT_3D('',#988,#989,#990);
#988 = CARTESIAN_POINT('',(-348.,458.,62.208351534918));
#989 = DIRECTION('',(0.,1.,0.));
#990 = DIRECTION('',(0.,0.,1.));
#991 = DEFINITIONAL_REPRESENTATION('',(#992),#996);
#992 = LINE('',#993,#994);
#993 = CARTESIAN_POINT('',(180.,0.));
#994 = VECTOR('',#995,1.);
#995 = DIRECTION('',(0.,1.));
#996 = ( GEOMETRIC_REPRESENTATION_CONTEXT(2) 
PARAMETRIC_REPRESENTATION_CONTEXT() REPRESENTATION_CONTEXT('2D SPACE',''
  ) );
#997 = ORIENTED_EDGE('',*,*,#998,.F.);
#998 = EDGE_CURVE('',#999,#971,#1001,.T.);
#999 = VERTEX_POINT('',#1000);
#1000 = CARTESIAN_POINT('',(348.,-458.,242.20835153491));
#1001 = SURFACE_CURVE('',#1002,(#1006,#1013),.PCURVE_S1.);
#1002 = LINE('',#1003,#1004);
#1003 = CARTESIAN_POINT('',(348.,-458.,242.20835153491));
#1004 = VECTOR('',#1005,1.);
#1005 = DIRECTION('',(0.,1.,0.));
#1006 = PCURVE('',#801,#1007);
#1007 = DEFINITIONAL_REPRESENTATION('',(#1008),#1012);
#1008 = LINE('',#1009,#1010);
#1009 = CARTESIAN_POINT('',(698.,2.));
#1010 = VECTOR('',#1011,1.);
#1011 = DIRECTION('',(0.,1.));
#1012 = ( GEOMETRIC_REPRESENTATION_CONTEXT(2) 
PARAMETRIC_REPRESENTATION_CONTEXT() REPRESENTATION_CONTEXT('2D SPACE',''
  ) );
#1013 = PCURVE('',#1014,#1019);
#1014 = PLANE('',#1015);
#1015 = AXIS2_PLACEMENT_3D('',#1016,#1017,#1018);
#1016 = CARTESIAN_POINT('',(348.,-458.,62.208351534918));
#1017 = DIRECTION('',(1.,0.,0.));
#1018 = DIRECTION('',(0.,0.,1.));
#1019 = DEFINITIONAL_REPRESENTATION('',(#1020),#1024);
#1020 = LINE('',#1021,#1022);
#1021 = CARTESIAN_POINT('',(180.,0.));
#1022 = VECTOR('',#1023,1.);
#1023 = DIRECTION('',(0.,-1.));
#1024 = ( GEOMETRIC_REPRESENTATION_CONTEXT(2) 
PARAMETRIC_REPRESENTATION_CONTEXT() REPRESENTATION_CONTEXT('2D SPACE',''
  ) );
#1025 = ORIENTED_EDGE('',*,*,#1026,.F.);
#1026 = EDGE_CURVE('',#941,#999,#1027,.T.);
#1027 = SURFACE_CURVE('',#1028,(#1032,#1039),.PCURVE_S1.);
#1028 = LINE('',#1029,#1030);
#1029 = CARTESIAN_POINT('',(-348.,-458.,242.20835153491));
#1030 = VECTOR('',#1031,1.);
#1031 = DIRECTION('',(1.,0.,0.));
#1032 = PCURVE('',#801,#1033);
#1033 = DEFINITIONAL_REPRESENTATION('',(#1034),#1038);
#1034 = LINE('',#1035,#1036);
#1035 = CARTESIAN_POINT('',(2.,2.));
#1036 = VECTOR('',#1037,1.);
#1037 = DIRECTION('',(1.,0.));
#1038 = ( GEOMETRIC_REPRESENTATION_CONTEXT(2) 
PARAMETRIC_REPRESENTATION_CONTEXT() REPRESENTATION_CONTEXT('2D SPACE',''
  ) );
#1039 = PCURVE('',#1040,#1045);
#1040 = PLANE('',#1041);
#1041 = AXIS2_PLACEMENT_3D('',#1042,#1043,#1044);
#1042 = CARTESIAN_POINT('',(-348.,-458.,62.208351534918));
#1043 = DIRECTION('',(0.,1.,0.));
#1044 = DIRECTION('',(0.,0.,1.));
#1045 = DEFINITIONAL_REPRESENTATION('',(#1046),#1050);
#1046 = LINE('',#1047,#1048);
#1047 = CARTESIAN_POINT('',(180.,0.));
#1048 = VECTOR('',#1049,1.);
#1049 = DIRECTION('',(0.,1.));
#1050 = ( GEOMETRIC_REPRESENTATION_CONTEXT(2) 
PARAMETRIC_REPRESENTATION_CONTEXT() REPRESENTATION_CONTEXT('2D SPACE',''
  ) );
#1051 = ADVANCED_FACE('',(#1052),#775,.T.);
#1052 = FACE_BOUND('',#1053,.T.);
#1053 = EDGE_LOOP('',(#1054,#1077,#1078,#1079));
#1054 = ORIENTED_EDGE('',*,*,#1055,.F.);
#1055 = EDGE_CURVE('',#732,#1056,#1058,.T.);
#1056 = VERTEX_POINT('',#1057);
#1057 = CARTESIAN_POINT('',(350.,460.,62.208351534918));
#1058 = SURFACE_CURVE('',#1059,(#1063,#1070),.PCURVE_S1.);
#1059 = LINE('',#1060,#1061);
#1060 = CARTESIAN_POINT('',(-350.,460.,62.208351534918));
#1061 = VECTOR('',#1062,1.);
#1062 = DIRECTION('',(1.,0.,0.));
#1063 = PCURVE('',#775,#1064);
#1064 = DEFINITIONAL_REPRESENTATION('',(#1065),#1069);
#1065 = LINE('',#1066,#1067);
#1066 = CARTESIAN_POINT('',(0.,0.));
#1067 = VECTOR('',#1068,1.);
#1068 = DIRECTION('',(0.,1.));
#1069 = ( GEOMETRIC_REPRESENTATION_CONTEXT(2) 
PARAMETRIC_REPRESENTATION_CONTEXT() REPRESENTATION_CONTEXT('2D SPACE',''
  ) );
#1070 = PCURVE('',#747,#1071);
#1071 = DEFINITIONAL_REPRESENTATION('',(#1072),#1076);
#1072 = LINE('',#1073,#1074);
#1073 = CARTESIAN_POINT('',(0.,920.));
#1074 = VECTOR('',#1075,1.);
#1075 = DIRECTION('',(1.,0.));
#1076 = ( GEOMETRIC_REPRESENTATION_CONTEXT(2) 
PARAMETRIC_REPRESENTATION_CONTEXT() REPRESENTATION_CONTEXT('2D SPACE',''
  ) );
#1077 = ORIENTED_EDGE('',*,*,#759,.T.);
#1078 = ORIENTED_EDGE('',*,*,#917,.T.);
#1079 = ORIENTED_EDGE('',*,*,#1080,.F.);
#1080 = EDGE_CURVE('',#1056,#895,#1081,.T.);
#1081 = SURFACE_CURVE('',#1082,(#1086,#1093),.PCURVE_S1.);
#1082 = LINE('',#1083,#1084);
#1083 = CARTESIAN_POINT('',(350.,460.,62.208351534918));
#1084 = VECTOR('',#1085,1.);
#1085 = DIRECTION('',(0.,0.,1.));
#1086 = PCURVE('',#775,#1087);
#1087 = DEFINITIONAL_REPRESENTATION('',(#1088),#1092);
#1088 = LINE('',#1089,#1090);
#1089 = CARTESIAN_POINT('',(0.,700.));
#1090 = VECTOR('',#1091,1.);
#1091 = DIRECTION('',(1.,0.));
#1092 = ( GEOMETRIC_REPRESENTATION_CONTEXT(2) 
PARAMETRIC_REPRESENTATION_CONTEXT() REPRESENTATION_CONTEXT('2D SPACE',''
  ) );
#1093 = PCURVE('',#877,#1094);
#1094 = DEFINITIONAL_REPRESENTATION('',(#1095),#1099);
#1095 = LINE('',#1096,#1097);
#1096 = CARTESIAN_POINT('',(0.,-920.));
#1097 = VECTOR('',#1098,1.);
#1098 = DIRECTION('',(1.,0.));
#1099 = ( GEOMETRIC_REPRESENTATION_CONTEXT(2) 
PARAMETRIC_REPRESENTATION_CONTEXT() REPRESENTATION_CONTEXT('2D SPACE',''
  ) );
#1100 = ADVANCED_FACE('',(#1101,#1127),#747,.F.);
#1101 = FACE_BOUND('',#1102,.F.);
#1102 = EDGE_LOOP('',(#1103,#1104,#1105,#1126));
#1103 = ORIENTED_EDGE('',*,*,#731,.F.);
#1104 = ORIENTED_EDGE('',*,*,#816,.T.);
#1105 = ORIENTED_EDGE('',*,*,#1106,.T.);
#1106 = EDGE_CURVE('',#817,#1056,#1107,.T.);
#1107 = SURFACE_CURVE('',#1108,(#1112,#1119),.PCURVE_S1.);
#1108 = LINE('',#1109,#1110);
#1109 = CARTESIAN_POINT('',(350.,-460.,62.208351534918));
#1110 = VECTOR('',#1111,1.);
#1111 = DIRECTION('',(0.,1.,0.));
#1112 = PCURVE('',#747,#1113);
#1113 = DEFINITIONAL_REPRESENTATION('',(#1114),#1118);
#1114 = LINE('',#1115,#1116);
#1115 = CARTESIAN_POINT('',(700.,0.));
#1116 = VECTOR('',#1117,1.);
#1117 = DIRECTION('',(0.,1.));
#1118 = ( GEOMETRIC_REPRESENTATION_CONTEXT(2) 
PARAMETRIC_REPRESENTATION_CONTEXT() REPRESENTATION_CONTEXT('2D SPACE',''
  ) );
#1119 = PCURVE('',#877,#1120);
#1120 = DEFINITIONAL_REPRESENTATION('',(#1121),#1125);
#1121 = LINE('',#1122,#1123);
#1122 = CARTESIAN_POINT('',(0.,0.));
#1123 = VECTOR('',#1124,1.);
#1124 = DIRECTION('',(0.,-1.));
#1125 = ( GEOMETRIC_REPRESENTATION_CONTEXT(2) 
PARAMETRIC_REPRESENTATION_CONTEXT() REPRESENTATION_CONTEXT('2D SPACE',''
  ) );
#1126 = ORIENTED_EDGE('',*,*,#1055,.F.);
#1127 = FACE_BOUND('',#1128,.F.);
#1128 = EDGE_LOOP('',(#1129,#1154,#1177,#1200));
#1129 = ORIENTED_EDGE('',*,*,#1130,.T.);
#1130 = EDGE_CURVE('',#1131,#1133,#1135,.T.);
#1131 = VERTEX_POINT('',#1132);
#1132 = CARTESIAN_POINT('',(-348.,-458.,62.208351534918));
#1133 = VERTEX_POINT('',#1134);
#1134 = CARTESIAN_POINT('',(-348.,458.,62.208351534918));
#1135 = SURFACE_CURVE('',#1136,(#1140,#1147),.PCURVE_S1.);
#1136 = LINE('',#1137,#1138);
#1137 = CARTESIAN_POINT('',(-348.,-458.,62.208351534918));
#1138 = VECTOR('',#1139,1.);
#1139 = DIRECTION('',(0.,1.,0.));
#1140 = PCURVE('',#747,#1141);
#1141 = DEFINITIONAL_REPRESENTATION('',(#1142),#1146);
#1142 = LINE('',#1143,#1144);
#1143 = CARTESIAN_POINT('',(2.,2.));
#1144 = VECTOR('',#1145,1.);
#1145 = DIRECTION('',(0.,1.));
#1146 = ( GEOMETRIC_REPRESENTATION_CONTEXT(2) 
PARAMETRIC_REPRESENTATION_CONTEXT() REPRESENTATION_CONTEXT('2D SPACE',''
  ) );
#1147 = PCURVE('',#958,#1148);
#1148 = DEFINITIONAL_REPRESENTATION('',(#1149),#1153);
#1149 = LINE('',#1150,#1151);
#1150 = CARTESIAN_POINT('',(0.,0.));
#1151 = VECTOR('',#1152,1.);
#1152 = DIRECTION('',(0.,-1.));
#1153 = ( GEOMETRIC_REPRESENTATION_CONTEXT(2) 
PARAMETRIC_REPRESENTATION_CONTEXT() REPRESENTATION_CONTEXT('2D SPACE',''
  ) );
#1154 = ORIENTED_EDGE('',*,*,#1155,.T.);
#1155 = EDGE_CURVE('',#1133,#1156,#1158,.T.);
#1156 = VERTEX_POINT('',#1157);
#1157 = CARTESIAN_POINT('',(348.,458.,62.208351534918));
#1158 = SURFACE_CURVE('',#1159,(#1163,#1170),.PCURVE_S1.);
#1159 = LINE('',#1160,#1161);
#1160 = CARTESIAN_POINT('',(-348.,458.,62.208351534918));
#1161 = VECTOR('',#1162,1.);
#1162 = DIRECTION('',(1.,0.,0.));
#1163 = PCURVE('',#747,#1164);
#1164 = DEFINITIONAL_REPRESENTATION('',(#1165),#1169);
#1165 = LINE('',#1166,#1167);
#1166 = CARTESIAN_POINT('',(2.,918.));
#1167 = VECTOR('',#1168,1.);
#1168 = DIRECTION('',(1.,0.));
#1169 = ( GEOMETRIC_REPRESENTATION_CONTEXT(2) 
PARAMETRIC_REPRESENTATION_CONTEXT() REPRESENTATION_CONTEXT('2D SPACE',''
  ) );
#1170 = PCURVE('',#986,#1171);
#1171 = DEFINITIONAL_REPRESENTATION('',(#1172),#1176);
#1172 = LINE('',#1173,#1174);
#1173 = CARTESIAN_POINT('',(0.,0.));
#1174 = VECTOR('',#1175,1.);
#1175 = DIRECTION('',(0.,1.));
#1176 = ( GEOMETRIC_REPRESENTATION_CONTEXT(2) 
PARAMETRIC_REPRESENTATION_CONTEXT() REPRESENTATION_CONTEXT('2D SPACE',''
  ) );
#1177 = ORIENTED_EDGE('',*,*,#1178,.F.);
#1178 = EDGE_CURVE('',#1179,#1156,#1181,.T.);
#1179 = VERTEX_POINT('',#1180);
#1180 = CARTESIAN_POINT('',(348.,-458.,62.208351534918));
#1181 = SURFACE_CURVE('',#1182,(#1186,#1193),.PCURVE_S1.);
#1182 = LINE('',#1183,#1184);
#1183 = CARTESIAN_POINT('',(348.,-458.,62.208351534918));
#1184 = VECTOR('',#1185,1.);
#1185 = DIRECTION('',(0.,1.,0.));
#1186 = PCURVE('',#747,#1187);
#1187 = DEFINITIONAL_REPRESENTATION('',(#1188),#1192);
#1188 = LINE('',#1189,#1190);
#1189 = CARTESIAN_POINT('',(698.,2.));
#1190 = VECTOR('',#1191,1.);
#1191 = DIRECTION('',(0.,1.));
#1192 = ( GEOMETRIC_REPRESENTATION_CONTEXT(2) 
PARAMETRIC_REPRESENTATION_CONTEXT() REPRESENTATION_CONTEXT('2D SPACE',''
  ) );
#1193 = PCURVE('',#1014,#1194);
#1194 = DEFINITIONAL_REPRESENTATION('',(#1195),#1199);
#1195 = LINE('',#1196,#1197);
#1196 = CARTESIAN_POINT('',(0.,0.));
#1197 = VECTOR('',#1198,1.);
#1198 = DIRECTION('',(0.,-1.));
#1199 = ( GEOMETRIC_REPRESENTATION_CONTEXT(2) 
PARAMETRIC_REPRESENTATION_CONTEXT() REPRESENTATION_CONTEXT('2D SPACE',''
  ) );
#1200 = ORIENTED_EDGE('',*,*,#1201,.F.);
#1201 = EDGE_CURVE('',#1131,#1179,#1202,.T.);
#1202 = SURFACE_CURVE('',#1203,(#1207,#1214),.PCURVE_S1.);
#1203 = LINE('',#1204,#1205);
#1204 = CARTESIAN_POINT('',(-348.,-458.,62.208351534918));
#1205 = VECTOR('',#1206,1.);
#1206 = DIRECTION('',(1.,0.,0.));
#1207 = PCURVE('',#747,#1208);
#1208 = DEFINITIONAL_REPRESENTATION('',(#1209),#1213);
#1209 = LINE('',#1210,#1211);
#1210 = CARTESIAN_POINT('',(2.,2.));
#1211 = VECTOR('',#1212,1.);
#1212 = DIRECTION('',(1.,0.));
#1213 = ( GEOMETRIC_REPRESENTATION_CONTEXT(2) 
PARAMETRIC_REPRESENTATION_CONTEXT() REPRESENTATION_CONTEXT('2D SPACE',''
  ) );
#1214 = PCURVE('',#1040,#1215);
#1215 = DEFINITIONAL_REPRESENTATION('',(#1216),#1220);
#1216 = LINE('',#1217,#1218);
#1217 = CARTESIAN_POINT('',(0.,0.));
#1218 = VECTOR('',#1219,1.);
#1219 = DIRECTION('',(0.,1.));
#1220 = ( GEOMETRIC_REPRESENTATION_CONTEXT(2) 
PARAMETRIC_REPRESENTATION_CONTEXT() REPRESENTATION_CONTEXT('2D SPACE',''
  ) );
#1221 = ADVANCED_FACE('',(#1222),#877,.T.);
#1222 = FACE_BOUND('',#1223,.T.);
#1223 = EDGE_LOOP('',(#1224,#1225,#1226,#1227));
#1224 = ORIENTED_EDGE('',*,*,#863,.F.);
#1225 = ORIENTED_EDGE('',*,*,#1106,.T.);
#1226 = ORIENTED_EDGE('',*,*,#1080,.T.);
#1227 = ORIENTED_EDGE('',*,*,#894,.F.);
#1228 = ADVANCED_FACE('',(#1229),#958,.T.);
#1229 = FACE_BOUND('',#1230,.T.);
#1230 = EDGE_LOOP('',(#1231,#1252,#1253,#1274));
#1231 = ORIENTED_EDGE('',*,*,#1232,.F.);
#1232 = EDGE_CURVE('',#1131,#941,#1233,.T.);
#1233 = SURFACE_CURVE('',#1234,(#1238,#1245),.PCURVE_S1.);
#1234 = LINE('',#1235,#1236);
#1235 = CARTESIAN_POINT('',(-348.,-458.,62.208351534918));
#1236 = VECTOR('',#1237,1.);
#1237 = DIRECTION('',(0.,0.,1.));
#1238 = PCURVE('',#958,#1239);
#1239 = DEFINITIONAL_REPRESENTATION('',(#1240),#1244);
#1240 = LINE('',#1241,#1242);
#1241 = CARTESIAN_POINT('',(0.,0.));
#1242 = VECTOR('',#1243,1.);
#1243 = DIRECTION('',(1.,0.));
#1244 = ( GEOMETRIC_REPRESENTATION_CONTEXT(2) 
PARAMETRIC_REPRESENTATION_CONTEXT() REPRESENTATION_CONTEXT('2D SPACE',''
  ) );
#1245 = PCURVE('',#1040,#1246);
#1246 = DEFINITIONAL_REPRESENTATION('',(#1247),#1251);
#1247 = LINE('',#1248,#1249);
#1248 = CARTESIAN_POINT('',(0.,0.));
#1249 = VECTOR('',#1250,1.);
#1250 = DIRECTION('',(1.,0.));
#1251 = ( GEOMETRIC_REPRESENTATION_CONTEXT(2) 
PARAMETRIC_REPRESENTATION_CONTEXT() REPRESENTATION_CONTEXT('2D SPACE',''
  ) );
#1252 = ORIENTED_EDGE('',*,*,#1130,.T.);
#1253 = ORIENTED_EDGE('',*,*,#1254,.T.);
#1254 = EDGE_CURVE('',#1133,#943,#1255,.T.);
#1255 = SURFACE_CURVE('',#1256,(#1260,#1267),.PCURVE_S1.);
#1256 = LINE('',#1257,#1258);
#1257 = CARTESIAN_POINT('',(-348.,458.,62.208351534918));
#1258 = VECTOR('',#1259,1.);
#1259 = DIRECTION('',(0.,0.,1.));
#1260 = PCURVE('',#958,#1261);
#1261 = DEFINITIONAL_REPRESENTATION('',(#1262),#1266);
#1262 = LINE('',#1263,#1264);
#1263 = CARTESIAN_POINT('',(0.,-916.));
#1264 = VECTOR('',#1265,1.);
#1265 = DIRECTION('',(1.,0.));
#1266 = ( GEOMETRIC_REPRESENTATION_CONTEXT(2) 
PARAMETRIC_REPRESENTATION_CONTEXT() REPRESENTATION_CONTEXT('2D SPACE',''
  ) );
#1267 = PCURVE('',#986,#1268);
#1268 = DEFINITIONAL_REPRESENTATION('',(#1269),#1273);
#1269 = LINE('',#1270,#1271);
#1270 = CARTESIAN_POINT('',(0.,0.));
#1271 = VECTOR('',#1272,1.);
#1272 = DIRECTION('',(1.,0.));
#1273 = ( GEOMETRIC_REPRESENTATION_CONTEXT(2) 
PARAMETRIC_REPRESENTATION_CONTEXT() REPRESENTATION_CONTEXT('2D SPACE',''
  ) );
#1274 = ORIENTED_EDGE('',*,*,#940,.F.);
#1275 = ADVANCED_FACE('',(#1276),#1040,.T.);
#1276 = FACE_BOUND('',#1277,.T.);
#1277 = EDGE_LOOP('',(#1278,#1279,#1280,#1281));
#1278 = ORIENTED_EDGE('',*,*,#1201,.F.);
#1279 = ORIENTED_EDGE('',*,*,#1232,.T.);
#1280 = ORIENTED_EDGE('',*,*,#1026,.T.);
#1281 = ORIENTED_EDGE('',*,*,#1282,.F.);
#1282 = EDGE_CURVE('',#1179,#999,#1283,.T.);
#1283 = SURFACE_CURVE('',#1284,(#1288,#1295),.PCURVE_S1.);
#1284 = LINE('',#1285,#1286);
#1285 = CARTESIAN_POINT('',(348.,-458.,62.208351534918));
#1286 = VECTOR('',#1287,1.);
#1287 = DIRECTION('',(0.,0.,1.));
#1288 = PCURVE('',#1040,#1289);
#1289 = DEFINITIONAL_REPRESENTATION('',(#1290),#1294);
#1290 = LINE('',#1291,#1292);
#1291 = CARTESIAN_POINT('',(0.,696.));
#1292 = VECTOR('',#1293,1.);
#1293 = DIRECTION('',(1.,0.));
#1294 = ( GEOMETRIC_REPRESENTATION_CONTEXT(2) 
PARAMETRIC_REPRESENTATION_CONTEXT() REPRESENTATION_CONTEXT('2D SPACE',''
  ) );
#1295 = PCURVE('',#1014,#1296);
#1296 = DEFINITIONAL_REPRESENTATION('',(#1297),#1301);
#1297 = LINE('',#1298,#1299);
#1298 = CARTESIAN_POINT('',(0.,0.));
#1299 = VECTOR('',#1300,1.);
#1300 = DIRECTION('',(1.,0.));
#1301 = ( GEOMETRIC_REPRESENTATION_CONTEXT(2) 
PARAMETRIC_REPRESENTATION_CONTEXT() REPRESENTATION_CONTEXT('2D SPACE',''
  ) );
#1302 = ADVANCED_FACE('',(#1303),#1014,.F.);
#1303 = FACE_BOUND('',#1304,.F.);
#1304 = EDGE_LOOP('',(#1305,#1306,#1307,#1328));
#1305 = ORIENTED_EDGE('',*,*,#1282,.F.);
#1306 = ORIENTED_EDGE('',*,*,#1178,.T.);
#1307 = ORIENTED_EDGE('',*,*,#1308,.T.);
#1308 = EDGE_CURVE('',#1156,#971,#1309,.T.);
#1309 = SURFACE_CURVE('',#1310,(#1314,#1321),.PCURVE_S1.);
#1310 = LINE('',#1311,#1312);
#1311 = CARTESIAN_POINT('',(348.,458.,62.208351534918));
#1312 = VECTOR('',#1313,1.);
#1313 = DIRECTION('',(0.,0.,1.));
#1314 = PCURVE('',#1014,#1315);
#1315 = DEFINITIONAL_REPRESENTATION('',(#1316),#1320);
#1316 = LINE('',#1317,#1318);
#1317 = CARTESIAN_POINT('',(0.,-916.));
#1318 = VECTOR('',#1319,1.);
#1319 = DIRECTION('',(1.,0.));
#1320 = ( GEOMETRIC_REPRESENTATION_CONTEXT(2) 
PARAMETRIC_REPRESENTATION_CONTEXT() REPRESENTATION_CONTEXT('2D SPACE',''
  ) );
#1321 = PCURVE('',#986,#1322);
#1322 = DEFINITIONAL_REPRESENTATION('',(#1323),#1327);
#1323 = LINE('',#1324,#1325);
#1324 = CARTESIAN_POINT('',(0.,696.));
#1325 = VECTOR('',#1326,1.);
#1326 = DIRECTION('',(1.,0.));
#1327 = ( GEOMETRIC_REPRESENTATION_CONTEXT(2) 
PARAMETRIC_REPRESENTATION_CONTEXT() REPRESENTATION_CONTEXT('2D SPACE',''
  ) );
#1328 = ORIENTED_EDGE('',*,*,#998,.F.);
#1329 = ADVANCED_FACE('',(#1330),#986,.F.);
#1330 = FACE_BOUND('',#1331,.F.);
#1331 = EDGE_LOOP('',(#1332,#1333,#1334,#1335));
#1332 = ORIENTED_EDGE('',*,*,#1155,.F.);
#1333 = ORIENTED_EDGE('',*,*,#1254,.T.);
#1334 = ORIENTED_EDGE('',*,*,#970,.T.);
#1335 = ORIENTED_EDGE('',*,*,#1308,.F.);
#1336 = ( GEOMETRIC_REPRESENTATION_CONTEXT(3) 
GLOBAL_UNCERTAINTY_ASSIGNED_CONTEXT((#1340)) 
GLOBAL_UNIT_ASSIGNED_CONTEXT((#1337,#1338,#1339)) REPRESENTATION_CONTEXT
('Context #1','3D Context with UNIT and UNCERTAINTY') );
#1337 = ( LENGTH_UNIT() NAMED_UNIT(*) SI_UNIT(.MILLI.,.METRE.) );
#1338 = ( NAMED_UNIT(*) PLANE_ANGLE_UNIT() SI_UNIT($,.RADIAN.) );
#1339 = ( NAMED_UNIT(*) SI_UNIT($,.STERADIAN.) SOLID_ANGLE_UNIT() );
#1340 = UNCERTAINTY_MEASURE_WITH_UNIT(LENGTH_MEASURE(1.E-07),#1337,
  'distance_accuracy_value','confusion accuracy');
#1341 = CONTEXT_DEPENDENT_SHAPE_REPRESENTATION(#1342,#1344);
#1342 = ( REPRESENTATION_RELATIONSHIP('','',#689,#10) 
REPRESENTATION_RELATIONSHIP_WITH_TRANSFORMATION(#1343) 
SHAPE_REPRESENTATION_RELATIONSHIP() );
#1343 = ITEM_DEFINED_TRANSFORMATION('','',#11,#19);
#1344 = PRODUCT_DEFINITION_SHAPE('Placement','Placement of an item',
  #1345);
#1345 = NEXT_ASSEMBLY_USAGE_OCCURRENCE('41','SV3_OPEN_BOTTOM_SKIRT','',
  #5,#684,$);
#1346 = PRODUCT_RELATED_PRODUCT_CATEGORY('part',$,(#686));
#1347 = SHAPE_DEFINITION_REPRESENTATION(#1348,#1354);
#1348 = PRODUCT_DEFINITION_SHAPE('','',#1349);
#1349 = PRODUCT_DEFINITION('design','',#1350,#1353);
#1350 = PRODUCT_DEFINITION_FORMATION('','',#1351);
#1351 = PRODUCT('SV3_PANEL_A','SV3_PANEL_A','',(#1352));
#1352 = PRODUCT_CONTEXT('',#2,'mechanical');
#1353 = PRODUCT_DEFINITION_CONTEXT('part definition',#2,'design');
#1354 = ADVANCED_BREP_SHAPE_REPRESENTATION('',(#11,#1355),#1685);
#1355 = MANIFOLD_SOLID_BREP('',#1356);
#1356 = CLOSED_SHELL('',(#1357,#1477,#1577,#1624,#1671,#1678));
#1357 = ADVANCED_FACE('',(#1358),#1372,.F.);
#1358 = FACE_BOUND('',#1359,.F.);
#1359 = EDGE_LOOP('',(#1360,#1395,#1423,#1451));
#1360 = ORIENTED_EDGE('',*,*,#1361,.F.);
#1361 = EDGE_CURVE('',#1362,#1364,#1366,.T.);
#1362 = VERTEX_POINT('',#1363);
#1363 = CARTESIAN_POINT('',(-333.1863927867,-450.,254.20835153491));
#1364 = VERTEX_POINT('',#1365);
#1365 = CARTESIAN_POINT('',(-334.9303046303,-450.,279.14745279141));
#1366 = SURFACE_CURVE('',#1367,(#1371,#1383),.PCURVE_S1.);
#1367 = LINE('',#1368,#1369);
#1368 = CARTESIAN_POINT('',(-333.1863927867,-450.,254.20835153491));
#1369 = VECTOR('',#1370,1.);
#1370 = DIRECTION('',(-6.975647374413E-02,0.,0.99756405026));
#1371 = PCURVE('',#1372,#1377);
#1372 = PLANE('',#1373);
#1373 = AXIS2_PLACEMENT_3D('',#1374,#1375,#1376);
#1374 = CARTESIAN_POINT('',(-333.1863927867,-450.,254.20835153491));
#1375 = DIRECTION('',(0.99756405026,0.,6.975647374413E-02));
#1376 = DIRECTION('',(-6.975647374413E-02,0.,0.99756405026));
#1377 = DEFINITIONAL_REPRESENTATION('',(#1378),#1382);
#1378 = LINE('',#1379,#1380);
#1379 = CARTESIAN_POINT('',(0.,0.));
#1380 = VECTOR('',#1381,1.);
#1381 = DIRECTION('',(1.,0.));
#1382 = ( GEOMETRIC_REPRESENTATION_CONTEXT(2) 
PARAMETRIC_REPRESENTATION_CONTEXT() REPRESENTATION_CONTEXT('2D SPACE',''
  ) );
#1383 = PCURVE('',#1384,#1389);
#1384 = PLANE('',#1385);
#1385 = AXIS2_PLACEMENT_3D('',#1386,#1387,#1388);
#1386 = CARTESIAN_POINT('',(-333.1863927867,-450.,254.20835153491));
#1387 = DIRECTION('',(0.,1.,0.));
#1388 = DIRECTION('',(-6.975647374413E-02,0.,0.99756405026));
#1389 = DEFINITIONAL_REPRESENTATION('',(#1390),#1394);
#1390 = LINE('',#1391,#1392);
#1391 = CARTESIAN_POINT('',(0.,0.));
#1392 = VECTOR('',#1393,1.);
#1393 = DIRECTION('',(1.,-4.861167905964E-18));
#1394 = ( GEOMETRIC_REPRESENTATION_CONTEXT(2) 
PARAMETRIC_REPRESENTATION_CONTEXT() REPRESENTATION_CONTEXT('2D SPACE',''
  ) );
#1395 = ORIENTED_EDGE('',*,*,#1396,.T.);
#1396 = EDGE_CURVE('',#1362,#1397,#1399,.T.);
#1397 = VERTEX_POINT('',#1398);
#1398 = CARTESIAN_POINT('',(-333.1863927867,-25.,254.20835153491));
#1399 = SURFACE_CURVE('',#1400,(#1404,#1411),.PCURVE_S1.);
#1400 = LINE('',#1401,#1402);
#1401 = CARTESIAN_POINT('',(-333.1863927867,-450.,254.20835153491));
#1402 = VECTOR('',#1403,1.);
#1403 = DIRECTION('',(0.,1.,0.));
#1404 = PCURVE('',#1372,#1405);
#1405 = DEFINITIONAL_REPRESENTATION('',(#1406),#1410);
#1406 = LINE('',#1407,#1408);
#1407 = CARTESIAN_POINT('',(0.,0.));
#1408 = VECTOR('',#1409,1.);
#1409 = DIRECTION('',(0.,-1.));
#1410 = ( GEOMETRIC_REPRESENTATION_CONTEXT(2) 
PARAMETRIC_REPRESENTATION_CONTEXT() REPRESENTATION_CONTEXT('2D SPACE',''
  ) );
#1411 = PCURVE('',#1412,#1417);
#1412 = PLANE('',#1413);
#1413 = AXIS2_PLACEMENT_3D('',#1414,#1415,#1416);
#1414 = CARTESIAN_POINT('',(-333.1863927867,-450.,254.20835153491));
#1415 = DIRECTION('',(-6.975647374413E-02,0.,0.99756405026));
#1416 = DIRECTION('',(0.99756405026,0.,6.975647374413E-02));
#1417 = DEFINITIONAL_REPRESENTATION('',(#1418),#1422);
#1418 = LINE('',#1419,#1420);
#1419 = CARTESIAN_POINT('',(0.,0.));
#1420 = VECTOR('',#1421,1.);
#1421 = DIRECTION('',(0.,1.));
#1422 = ( GEOMETRIC_REPRESENTATION_CONTEXT(2) 
PARAMETRIC_REPRESENTATION_CONTEXT() REPRESENTATION_CONTEXT('2D SPACE',''
  ) );
#1423 = ORIENTED_EDGE('',*,*,#1424,.T.);
#1424 = EDGE_CURVE('',#1397,#1425,#1427,.T.);
#1425 = VERTEX_POINT('',#1426);
#1426 = CARTESIAN_POINT('',(-334.9303046303,-25.,279.14745279141));
#1427 = SURFACE_CURVE('',#1428,(#1432,#1439),.PCURVE_S1.);
#1428 = LINE('',#1429,#1430);
#1429 = CARTESIAN_POINT('',(-333.1863927867,-25.,254.20835153491));
#1430 = VECTOR('',#1431,1.);
#1431 = DIRECTION('',(-6.975647374413E-02,0.,0.99756405026));
#1432 = PCURVE('',#1372,#1433);
#1433 = DEFINITIONAL_REPRESENTATION('',(#1434),#1438);
#1434 = LINE('',#1435,#1436);
#1435 = CARTESIAN_POINT('',(0.,-425.));
#1436 = VECTOR('',#1437,1.);
#1437 = DIRECTION('',(1.,0.));
#1438 = ( GEOMETRIC_REPRESENTATION_CONTEXT(2) 
PARAMETRIC_REPRESENTATION_CONTEXT() REPRESENTATION_CONTEXT('2D SPACE',''
  ) );
#1439 = PCURVE('',#1440,#1445);
#1440 = PLANE('',#1441);
#1441 = AXIS2_PLACEMENT_3D('',#1442,#1443,#1444);
#1442 = CARTESIAN_POINT('',(-333.1863927867,-25.,254.20835153491));
#1443 = DIRECTION('',(0.,1.,0.));
#1444 = DIRECTION('',(-6.975647374413E-02,0.,0.99756405026));
#1445 = DEFINITIONAL_REPRESENTATION('',(#1446),#1450);
#1446 = LINE('',#1447,#1448);
#1447 = CARTESIAN_POINT('',(0.,0.));
#1448 = VECTOR('',#1449,1.);
#1449 = DIRECTION('',(1.,-4.861167905964E-18));
#1450 = ( GEOMETRIC_REPRESENTATION_CONTEXT(2) 
PARAMETRIC_REPRESENTATION_CONTEXT() REPRESENTATION_CONTEXT('2D SPACE',''
  ) );
#1451 = ORIENTED_EDGE('',*,*,#1452,.F.);
#1452 = EDGE_CURVE('',#1364,#1425,#1453,.T.);
#1453 = SURFACE_CURVE('',#1454,(#1458,#1465),.PCURVE_S1.);
#1454 = LINE('',#1455,#1456);
#1455 = CARTESIAN_POINT('',(-334.9303046303,-450.,279.14745279141));
#1456 = VECTOR('',#1457,1.);
#1457 = DIRECTION('',(0.,1.,0.));
#1458 = PCURVE('',#1372,#1459);
#1459 = DEFINITIONAL_REPRESENTATION('',(#1460),#1464);
#1460 = LINE('',#1461,#1462);
#1461 = CARTESIAN_POINT('',(25.,0.));
#1462 = VECTOR('',#1463,1.);
#1463 = DIRECTION('',(0.,-1.));
#1464 = ( GEOMETRIC_REPRESENTATION_CONTEXT(2) 
PARAMETRIC_REPRESENTATION_CONTEXT() REPRESENTATION_CONTEXT('2D SPACE',''
  ) );
#1465 = PCURVE('',#1466,#1471);
#1466 = PLANE('',#1467);
#1467 = AXIS2_PLACEMENT_3D('',#1468,#1469,#1470);
#1468 = CARTESIAN_POINT('',(-334.9303046303,-450.,279.14745279141));
#1469 = DIRECTION('',(-6.975647374413E-02,0.,0.99756405026));
#1470 = DIRECTION('',(0.99756405026,0.,6.975647374413E-02));
#1471 = DEFINITIONAL_REPRESENTATION('',(#1472),#1476);
#1472 = LINE('',#1473,#1474);
#1473 = CARTESIAN_POINT('',(0.,0.));
#1474 = VECTOR('',#1475,1.);
#1475 = DIRECTION('',(0.,1.));
#1476 = ( GEOMETRIC_REPRESENTATION_CONTEXT(2) 
PARAMETRIC_REPRESENTATION_CONTEXT() REPRESENTATION_CONTEXT('2D SPACE',''
  ) );
#1477 = ADVANCED_FACE('',(#1478),#1492,.T.);
#1478 = FACE_BOUND('',#1479,.T.);
#1479 = EDGE_LOOP('',(#1480,#1510,#1533,#1556));
#1480 = ORIENTED_EDGE('',*,*,#1481,.F.);
#1481 = EDGE_CURVE('',#1482,#1484,#1486,.T.);
#1482 = VERTEX_POINT('',#1483);
#1483 = CARTESIAN_POINT('',(333.18639278678,-450.,300.80567599599));
#1484 = VERTEX_POINT('',#1485);
#1485 = CARTESIAN_POINT('',(331.44248094317,-450.,325.74477725248));
#1486 = SURFACE_CURVE('',#1487,(#1491,#1503),.PCURVE_S1.);
#1487 = LINE('',#1488,#1489);
#1488 = CARTESIAN_POINT('',(333.18639278678,-450.,300.80567599599));
#1489 = VECTOR('',#1490,1.);
#1490 = DIRECTION('',(-6.975647374413E-02,0.,0.99756405026));
#1491 = PCURVE('',#1492,#1497);
#1492 = PLANE('',#1493);
#1493 = AXIS2_PLACEMENT_3D('',#1494,#1495,#1496);
#1494 = CARTESIAN_POINT('',(333.18639278678,-450.,300.80567599599));
#1495 = DIRECTION('',(0.99756405026,0.,6.975647374413E-02));
#1496 = DIRECTION('',(-6.975647374413E-02,0.,0.99756405026));
#1497 = DEFINITIONAL_REPRESENTATION('',(#1498),#1502);
#1498 = LINE('',#1499,#1500);
#1499 = CARTESIAN_POINT('',(0.,0.));
#1500 = VECTOR('',#1501,1.);
#1501 = DIRECTION('',(1.,0.));
#1502 = ( GEOMETRIC_REPRESENTATION_CONTEXT(2) 
PARAMETRIC_REPRESENTATION_CONTEXT() REPRESENTATION_CONTEXT('2D SPACE',''
  ) );
#1503 = PCURVE('',#1384,#1504);
#1504 = DEFINITIONAL_REPRESENTATION('',(#1505),#1509);
#1505 = LINE('',#1506,#1507);
#1506 = CARTESIAN_POINT('',(-1.928504961688E-14,668.));
#1507 = VECTOR('',#1508,1.);
#1508 = DIRECTION('',(1.,-4.861167905964E-18));
#1509 = ( GEOMETRIC_REPRESENTATION_CONTEXT(2) 
PARAMETRIC_REPRESENTATION_CONTEXT() REPRESENTATION_CONTEXT('2D SPACE',''
  ) );
#1510 = ORIENTED_EDGE('',*,*,#1511,.T.);
#1511 = EDGE_CURVE('',#1482,#1512,#1514,.T.);
#1512 = VERTEX_POINT('',#1513);
#1513 = CARTESIAN_POINT('',(333.18639278678,-25.,300.80567599599));
#1514 = SURFACE_CURVE('',#1515,(#1519,#1526),.PCURVE_S1.);
#1515 = LINE('',#1516,#1517);
#1516 = CARTESIAN_POINT('',(333.18639278678,-450.,300.80567599599));
#1517 = VECTOR('',#1518,1.);
#1518 = DIRECTION('',(0.,1.,0.));
#1519 = PCURVE('',#1492,#1520);
#1520 = DEFINITIONAL_REPRESENTATION('',(#1521),#1525);
#1521 = LINE('',#1522,#1523);
#1522 = CARTESIAN_POINT('',(0.,0.));
#1523 = VECTOR('',#1524,1.);
#1524 = DIRECTION('',(0.,-1.));
#1525 = ( GEOMETRIC_REPRESENTATION_CONTEXT(2) 
PARAMETRIC_REPRESENTATION_CONTEXT() REPRESENTATION_CONTEXT('2D SPACE',''
  ) );
#1526 = PCURVE('',#1412,#1527);
#1527 = DEFINITIONAL_REPRESENTATION('',(#1528),#1532);
#1528 = LINE('',#1529,#1530);
#1529 = CARTESIAN_POINT('',(668.,0.));
#1530 = VECTOR('',#1531,1.);
#1531 = DIRECTION('',(0.,1.));
#1532 = ( GEOMETRIC_REPRESENTATION_CONTEXT(2) 
PARAMETRIC_REPRESENTATION_CONTEXT() REPRESENTATION_CONTEXT('2D SPACE',''
  ) );
#1533 = ORIENTED_EDGE('',*,*,#1534,.T.);
#1534 = EDGE_CURVE('',#1512,#1535,#1537,.T.);
#1535 = VERTEX_POINT('',#1536);
#1536 = CARTESIAN_POINT('',(331.44248094317,-25.,325.74477725248));
#1537 = SURFACE_CURVE('',#1538,(#1542,#1549),.PCURVE_S1.);
#1538 = LINE('',#1539,#1540);
#1539 = CARTESIAN_POINT('',(333.18639278678,-25.,300.80567599599));
#1540 = VECTOR('',#1541,1.);
#1541 = DIRECTION('',(-6.975647374413E-02,0.,0.99756405026));
#1542 = PCURVE('',#1492,#1543);
#1543 = DEFINITIONAL_REPRESENTATION('',(#1544),#1548);
#1544 = LINE('',#1545,#1546);
#1545 = CARTESIAN_POINT('',(0.,-425.));
#1546 = VECTOR('',#1547,1.);
#1547 = DIRECTION('',(1.,0.));
#1548 = ( GEOMETRIC_REPRESENTATION_CONTEXT(2) 
PARAMETRIC_REPRESENTATION_CONTEXT() REPRESENTATION_CONTEXT('2D SPACE',''
  ) );
#1549 = PCURVE('',#1440,#1550);
#1550 = DEFINITIONAL_REPRESENTATION('',(#1551),#1555);
#1551 = LINE('',#1552,#1553);
#1552 = CARTESIAN_POINT('',(-1.928504961688E-14,668.));
#1553 = VECTOR('',#1554,1.);
#1554 = DIRECTION('',(1.,-4.861167905964E-18));
#1555 = ( GEOMETRIC_REPRESENTATION_CONTEXT(2) 
PARAMETRIC_REPRESENTATION_CONTEXT() REPRESENTATION_CONTEXT('2D SPACE',''
  ) );
#1556 = ORIENTED_EDGE('',*,*,#1557,.F.);
#1557 = EDGE_CURVE('',#1484,#1535,#1558,.T.);
#1558 = SURFACE_CURVE('',#1559,(#1563,#1570),.PCURVE_S1.);
#1559 = LINE('',#1560,#1561);
#1560 = CARTESIAN_POINT('',(331.44248094317,-450.,325.74477725248));
#1561 = VECTOR('',#1562,1.);
#1562 = DIRECTION('',(0.,1.,0.));
#1563 = PCURVE('',#1492,#1564);
#1564 = DEFINITIONAL_REPRESENTATION('',(#1565),#1569);
#1565 = LINE('',#1566,#1567);
#1566 = CARTESIAN_POINT('',(25.,0.));
#1567 = VECTOR('',#1568,1.);
#1568 = DIRECTION('',(0.,-1.));
#1569 = ( GEOMETRIC_REPRESENTATION_CONTEXT(2) 
PARAMETRIC_REPRESENTATION_CONTEXT() REPRESENTATION_CONTEXT('2D SPACE',''
  ) );
#1570 = PCURVE('',#1466,#1571);
#1571 = DEFINITIONAL_REPRESENTATION('',(#1572),#1576);
#1572 = LINE('',#1573,#1574);
#1573 = CARTESIAN_POINT('',(668.,0.));
#1574 = VECTOR('',#1575,1.);
#1575 = DIRECTION('',(0.,1.));
#1576 = ( GEOMETRIC_REPRESENTATION_CONTEXT(2) 
PARAMETRIC_REPRESENTATION_CONTEXT() REPRESENTATION_CONTEXT('2D SPACE',''
  ) );
#1577 = ADVANCED_FACE('',(#1578),#1384,.F.);
#1578 = FACE_BOUND('',#1579,.F.);
#1579 = EDGE_LOOP('',(#1580,#1601,#1602,#1623));
#1580 = ORIENTED_EDGE('',*,*,#1581,.F.);
#1581 = EDGE_CURVE('',#1362,#1482,#1582,.T.);
#1582 = SURFACE_CURVE('',#1583,(#1587,#1594),.PCURVE_S1.);
#1583 = LINE('',#1584,#1585);
#1584 = CARTESIAN_POINT('',(-333.1863927867,-450.,254.20835153491));
#1585 = VECTOR('',#1586,1.);
#1586 = DIRECTION('',(0.99756405026,0.,6.975647374413E-02));
#1587 = PCURVE('',#1384,#1588);
#1588 = DEFINITIONAL_REPRESENTATION('',(#1589),#1593);
#1589 = LINE('',#1590,#1591);
#1590 = CARTESIAN_POINT('',(0.,0.));
#1591 = VECTOR('',#1592,1.);
#1592 = DIRECTION('',(-4.861167905964E-18,1.));
#1593 = ( GEOMETRIC_REPRESENTATION_CONTEXT(2) 
PARAMETRIC_REPRESENTATION_CONTEXT() REPRESENTATION_CONTEXT('2D SPACE',''
  ) );
#1594 = PCURVE('',#1412,#1595);
#1595 = DEFINITIONAL_REPRESENTATION('',(#1596),#1600);
#1596 = LINE('',#1597,#1598);
#1597 = CARTESIAN_POINT('',(0.,0.));
#1598 = VECTOR('',#1599,1.);
#1599 = DIRECTION('',(1.,0.));
#1600 = ( GEOMETRIC_REPRESENTATION_CONTEXT(2) 
PARAMETRIC_REPRESENTATION_CONTEXT() REPRESENTATION_CONTEXT('2D SPACE',''
  ) );
#1601 = ORIENTED_EDGE('',*,*,#1361,.T.);
#1602 = ORIENTED_EDGE('',*,*,#1603,.T.);
#1603 = EDGE_CURVE('',#1364,#1484,#1604,.T.);
#1604 = SURFACE_CURVE('',#1605,(#1609,#1616),.PCURVE_S1.);
#1605 = LINE('',#1606,#1607);
#1606 = CARTESIAN_POINT('',(-334.9303046303,-450.,279.14745279141));
#1607 = VECTOR('',#1608,1.);
#1608 = DIRECTION('',(0.99756405026,0.,6.975647374413E-02));
#1609 = PCURVE('',#1384,#1610);
#1610 = DEFINITIONAL_REPRESENTATION('',(#1611),#1615);
#1611 = LINE('',#1612,#1613);
#1612 = CARTESIAN_POINT('',(25.,-8.773474292186E-15));
#1613 = VECTOR('',#1614,1.);
#1614 = DIRECTION('',(-4.861167905964E-18,1.));
#1615 = ( GEOMETRIC_REPRESENTATION_CONTEXT(2) 
PARAMETRIC_REPRESENTATION_CONTEXT() REPRESENTATION_CONTEXT('2D SPACE',''
  ) );
#1616 = PCURVE('',#1466,#1617);
#1617 = DEFINITIONAL_REPRESENTATION('',(#1618),#1622);
#1618 = LINE('',#1619,#1620);
#1619 = CARTESIAN_POINT('',(0.,0.));
#1620 = VECTOR('',#1621,1.);
#1621 = DIRECTION('',(1.,0.));
#1622 = ( GEOMETRIC_REPRESENTATION_CONTEXT(2) 
PARAMETRIC_REPRESENTATION_CONTEXT() REPRESENTATION_CONTEXT('2D SPACE',''
  ) );
#1623 = ORIENTED_EDGE('',*,*,#1481,.F.);
#1624 = ADVANCED_FACE('',(#1625),#1440,.T.);
#1625 = FACE_BOUND('',#1626,.T.);
#1626 = EDGE_LOOP('',(#1627,#1648,#1649,#1670));
#1627 = ORIENTED_EDGE('',*,*,#1628,.F.);
#1628 = EDGE_CURVE('',#1397,#1512,#1629,.T.);
#1629 = SURFACE_CURVE('',#1630,(#1634,#1641),.PCURVE_S1.);
#1630 = LINE('',#1631,#1632);
#1631 = CARTESIAN_POINT('',(-333.1863927867,-25.,254.20835153491));
#1632 = VECTOR('',#1633,1.);
#1633 = DIRECTION('',(0.99756405026,0.,6.975647374413E-02));
#1634 = PCURVE('',#1440,#1635);
#1635 = DEFINITIONAL_REPRESENTATION('',(#1636),#1640);
#1636 = LINE('',#1637,#1638);
#1637 = CARTESIAN_POINT('',(0.,0.));
#1638 = VECTOR('',#1639,1.);
#1639 = DIRECTION('',(-4.861167905964E-18,1.));
#1640 = ( GEOMETRIC_REPRESENTATION_CONTEXT(2) 
PARAMETRIC_REPRESENTATION_CONTEXT() REPRESENTATION_CONTEXT('2D SPACE',''
  ) );
#1641 = PCURVE('',#1412,#1642);
#1642 = DEFINITIONAL_REPRESENTATION('',(#1643),#1647);
#1643 = LINE('',#1644,#1645);
#1644 = CARTESIAN_POINT('',(0.,425.));
#1645 = VECTOR('',#1646,1.);
#1646 = DIRECTION('',(1.,0.));
#1647 = ( GEOMETRIC_REPRESENTATION_CONTEXT(2) 
PARAMETRIC_REPRESENTATION_CONTEXT() REPRESENTATION_CONTEXT('2D SPACE',''
  ) );
#1648 = ORIENTED_EDGE('',*,*,#1424,.T.);
#1649 = ORIENTED_EDGE('',*,*,#1650,.T.);
#1650 = EDGE_CURVE('',#1425,#1535,#1651,.T.);
#1651 = SURFACE_CURVE('',#1652,(#1656,#1663),.PCURVE_S1.);
#1652 = LINE('',#1653,#1654);
#1653 = CARTESIAN_POINT('',(-334.9303046303,-25.,279.14745279141));
#1654 = VECTOR('',#1655,1.);
#1655 = DIRECTION('',(0.99756405026,0.,6.975647374413E-02));
#1656 = PCURVE('',#1440,#1657);
#1657 = DEFINITIONAL_REPRESENTATION('',(#1658),#1662);
#1658 = LINE('',#1659,#1660);
#1659 = CARTESIAN_POINT('',(25.,-8.773474292186E-15));
#1660 = VECTOR('',#1661,1.);
#1661 = DIRECTION('',(-4.861167905964E-18,1.));
#1662 = ( GEOMETRIC_REPRESENTATION_CONTEXT(2) 
PARAMETRIC_REPRESENTATION_CONTEXT() REPRESENTATION_CONTEXT('2D SPACE',''
  ) );
#1663 = PCURVE('',#1466,#1664);
#1664 = DEFINITIONAL_REPRESENTATION('',(#1665),#1669);
#1665 = LINE('',#1666,#1667);
#1666 = CARTESIAN_POINT('',(0.,425.));
#1667 = VECTOR('',#1668,1.);
#1668 = DIRECTION('',(1.,0.));
#1669 = ( GEOMETRIC_REPRESENTATION_CONTEXT(2) 
PARAMETRIC_REPRESENTATION_CONTEXT() REPRESENTATION_CONTEXT('2D SPACE',''
  ) );
#1670 = ORIENTED_EDGE('',*,*,#1534,.F.);
#1671 = ADVANCED_FACE('',(#1672),#1412,.F.);
#1672 = FACE_BOUND('',#1673,.F.);
#1673 = EDGE_LOOP('',(#1674,#1675,#1676,#1677));
#1674 = ORIENTED_EDGE('',*,*,#1396,.F.);
#1675 = ORIENTED_EDGE('',*,*,#1581,.T.);
#1676 = ORIENTED_EDGE('',*,*,#1511,.T.);
#1677 = ORIENTED_EDGE('',*,*,#1628,.F.);
#1678 = ADVANCED_FACE('',(#1679),#1466,.T.);
#1679 = FACE_BOUND('',#1680,.T.);
#1680 = EDGE_LOOP('',(#1681,#1682,#1683,#1684));
#1681 = ORIENTED_EDGE('',*,*,#1452,.F.);
#1682 = ORIENTED_EDGE('',*,*,#1603,.T.);
#1683 = ORIENTED_EDGE('',*,*,#1557,.T.);
#1684 = ORIENTED_EDGE('',*,*,#1650,.F.);
#1685 = ( GEOMETRIC_REPRESENTATION_CONTEXT(3) 
GLOBAL_UNCERTAINTY_ASSIGNED_CONTEXT((#1689)) 
GLOBAL_UNIT_ASSIGNED_CONTEXT((#1686,#1687,#1688)) REPRESENTATION_CONTEXT
('Context #1','3D Context with UNIT and UNCERTAINTY') );
#1686 = ( LENGTH_UNIT() NAMED_UNIT(*) SI_UNIT(.MILLI.,.METRE.) );
#1687 = ( NAMED_UNIT(*) PLANE_ANGLE_UNIT() SI_UNIT($,.RADIAN.) );
#1688 = ( NAMED_UNIT(*) SI_UNIT($,.STERADIAN.) SOLID_ANGLE_UNIT() );
#1689 = UNCERTAINTY_MEASURE_WITH_UNIT(LENGTH_MEASURE(1.E-07),#1686,
  'distance_accuracy_value','confusion accuracy');
#1690 = CONTEXT_DEPENDENT_SHAPE_REPRESENTATION(#1691,#1693);
#1691 = ( REPRESENTATION_RELATIONSHIP('','',#1354,#10) 
REPRESENTATION_RELATIONSHIP_WITH_TRANSFORMATION(#1692) 
SHAPE_REPRESENTATION_RELATIONSHIP() );
#1692 = ITEM_DEFINED_TRANSFORMATION('','',#11,#23);
#1693 = PRODUCT_DEFINITION_SHAPE('Placement','Placement of an item',
  #1694);
#1694 = NEXT_ASSEMBLY_USAGE_OCCURRENCE('42','SV3_PANEL_A','',#5,#1349,$
  );
#1695 = PRODUCT_RELATED_PRODUCT_CATEGORY('part',$,(#1351));
#1696 = SHAPE_DEFINITION_REPRESENTATION(#1697,#1703);
#1697 = PRODUCT_DEFINITION_SHAPE('','',#1698);
#1698 = PRODUCT_DEFINITION('design','',#1699,#1702);
#1699 = PRODUCT_DEFINITION_FORMATION('','',#1700);
#1700 = PRODUCT('SV3_WEDGE_A_1','SV3_WEDGE_A_1','',(#1701));
#1701 = PRODUCT_CONTEXT('',#2,'mechanical');
#1702 = PRODUCT_DEFINITION_CONTEXT('part definition',#2,'design');
#1703 = ADVANCED_BREP_SHAPE_REPRESENTATION('',(#11,#1704),#2034);
#1704 = MANIFOLD_SOLID_BREP('',#1705);
#1705 = CLOSED_SHELL('',(#1706,#1826,#1902,#1973,#2020,#2027));
#1706 = ADVANCED_FACE('',(#1707),#1721,.F.);
#1707 = FACE_BOUND('',#1708,.F.);
#1708 = EDGE_LOOP('',(#1709,#1744,#1772,#1800));
#1709 = ORIENTED_EDGE('',*,*,#1710,.T.);
#1710 = EDGE_CURVE('',#1711,#1713,#1715,.T.);
#1711 = VERTEX_POINT('',#1712);
#1712 = CARTESIAN_POINT('',(-320.,-409.,246.20835153491));
#1713 = VERTEX_POINT('',#1714);
#1714 = CARTESIAN_POINT('',(-320.,-431.,246.20835153491));
#1715 = SURFACE_CURVE('',#1716,(#1720,#1732),.PCURVE_S1.);
#1716 = LINE('',#1717,#1718);
#1717 = CARTESIAN_POINT('',(-320.,-409.,246.20835153491));
#1718 = VECTOR('',#1719,1.);
#1719 = DIRECTION('',(0.,-1.,0.));
#1720 = PCURVE('',#1721,#1726);
#1721 = PLANE('',#1722);
#1722 = AXIS2_PLACEMENT_3D('',#1723,#1724,#1725);
#1723 = CARTESIAN_POINT('',(-320.,-409.,246.20835153491));
#1724 = DIRECTION('',(0.,0.,1.));
#1725 = DIRECTION('',(1.,0.,0.));
#1726 = DEFINITIONAL_REPRESENTATION('',(#1727),#1731);
#1727 = LINE('',#1728,#1729);
#1728 = CARTESIAN_POINT('',(0.,0.));
#1729 = VECTOR('',#1730,1.);
#1730 = DIRECTION('',(0.,-1.));
#1731 = ( GEOMETRIC_REPRESENTATION_CONTEXT(2) 
PARAMETRIC_REPRESENTATION_CONTEXT() REPRESENTATION_CONTEXT('2D SPACE',''
  ) );
#1732 = PCURVE('',#1733,#1738);
#1733 = PLANE('',#1734);
#1734 = AXIS2_PLACEMENT_3D('',#1735,#1736,#1737);
#1735 = CARTESIAN_POINT('',(-320.,-409.,255.13043394353));
#1736 = DIRECTION('',(1.,0.,-6.371093233338E-15));
#1737 = DIRECTION('',(-6.371093233338E-15,0.,-1.));
#1738 = DEFINITIONAL_REPRESENTATION('',(#1739),#1743);
#1739 = LINE('',#1740,#1741);
#1740 = CARTESIAN_POINT('',(8.922082408615,0.));
#1741 = VECTOR('',#1742,1.);
#1742 = DIRECTION('',(-0.,-1.));
#1743 = ( GEOMETRIC_REPRESENTATION_CONTEXT(2) 
PARAMETRIC_REPRESENTATION_CONTEXT() REPRESENTATION_CONTEXT('2D SPACE',''
  ) );
#1744 = ORIENTED_EDGE('',*,*,#1745,.T.);
#1745 = EDGE_CURVE('',#1713,#1746,#1748,.T.);
#1746 = VERTEX_POINT('',#1747);
#1747 = CARTESIAN_POINT('',(320.,-431.,246.20835153491));
#1748 = SURFACE_CURVE('',#1749,(#1753,#1760),.PCURVE_S1.);
#1749 = LINE('',#1750,#1751);
#1750 = CARTESIAN_POINT('',(-320.,-431.,246.20835153491));
#1751 = VECTOR('',#1752,1.);
#1752 = DIRECTION('',(1.,0.,0.));
#1753 = PCURVE('',#1721,#1754);
#1754 = DEFINITIONAL_REPRESENTATION('',(#1755),#1759);
#1755 = LINE('',#1756,#1757);
#1756 = CARTESIAN_POINT('',(0.,-22.));
#1757 = VECTOR('',#1758,1.);
#1758 = DIRECTION('',(1.,0.));
#1759 = ( GEOMETRIC_REPRESENTATION_CONTEXT(2) 
PARAMETRIC_REPRESENTATION_CONTEXT() REPRESENTATION_CONTEXT('2D SPACE',''
  ) );
#1760 = PCURVE('',#1761,#1766);
#1761 = PLANE('',#1762);
#1762 = AXIS2_PLACEMENT_3D('',#1763,#1764,#1765);
#1763 = CARTESIAN_POINT('',(10.65424473471,-431.,262.24838634317));
#1764 = DIRECTION('',(-0.,-1.,-0.));
#1765 = DIRECTION('',(0.,0.,-1.));
#1766 = DEFINITIONAL_REPRESENTATION('',(#1767),#1771);
#1767 = LINE('',#1768,#1769);
#1768 = CARTESIAN_POINT('',(16.040034808256,-330.6542447347));
#1769 = VECTOR('',#1770,1.);
#1770 = DIRECTION('',(0.,1.));
#1771 = ( GEOMETRIC_REPRESENTATION_CONTEXT(2) 
PARAMETRIC_REPRESENTATION_CONTEXT() REPRESENTATION_CONTEXT('2D SPACE',''
  ) );
#1772 = ORIENTED_EDGE('',*,*,#1773,.F.);
#1773 = EDGE_CURVE('',#1774,#1746,#1776,.T.);
#1774 = VERTEX_POINT('',#1775);
#1775 = CARTESIAN_POINT('',(320.,-409.,246.20835153491));
#1776 = SURFACE_CURVE('',#1777,(#1781,#1788),.PCURVE_S1.);
#1777 = LINE('',#1778,#1779);
#1778 = CARTESIAN_POINT('',(320.,-409.,246.20835153491));
#1779 = VECTOR('',#1780,1.);
#1780 = DIRECTION('',(0.,-1.,0.));
#1781 = PCURVE('',#1721,#1782);
#1782 = DEFINITIONAL_REPRESENTATION('',(#1783),#1787);
#1783 = LINE('',#1784,#1785);
#1784 = CARTESIAN_POINT('',(640.,0.));
#1785 = VECTOR('',#1786,1.);
#1786 = DIRECTION('',(0.,-1.));
#1787 = ( GEOMETRIC_REPRESENTATION_CONTEXT(2) 
PARAMETRIC_REPRESENTATION_CONTEXT() REPRESENTATION_CONTEXT('2D SPACE',''
  ) );
#1788 = PCURVE('',#1789,#1794);
#1789 = PLANE('',#1790);
#1790 = AXIS2_PLACEMENT_3D('',#1791,#1792,#1793);
#1791 = CARTESIAN_POINT('',(320.,-409.,246.20835153491));
#1792 = DIRECTION('',(-1.,0.,0.));
#1793 = DIRECTION('',(0.,0.,1.));
#1794 = DEFINITIONAL_REPRESENTATION('',(#1795),#1799);
#1795 = LINE('',#1796,#1797);
#1796 = CARTESIAN_POINT('',(0.,0.));
#1797 = VECTOR('',#1798,1.);
#1798 = DIRECTION('',(0.,-1.));
#1799 = ( GEOMETRIC_REPRESENTATION_CONTEXT(2) 
PARAMETRIC_REPRESENTATION_CONTEXT() REPRESENTATION_CONTEXT('2D SPACE',''
  ) );
#1800 = ORIENTED_EDGE('',*,*,#1801,.F.);
#1801 = EDGE_CURVE('',#1711,#1774,#1802,.T.);
#1802 = SURFACE_CURVE('',#1803,(#1807,#1814),.PCURVE_S1.);
#1803 = LINE('',#1804,#1805);
#1804 = CARTESIAN_POINT('',(-320.,-409.,246.20835153491));
#1805 = VECTOR('',#1806,1.);
#1806 = DIRECTION('',(1.,0.,0.));
#1807 = PCURVE('',#1721,#1808);
#1808 = DEFINITIONAL_REPRESENTATION('',(#1809),#1813);
#1809 = LINE('',#1810,#1811);
#1810 = CARTESIAN_POINT('',(0.,0.));
#1811 = VECTOR('',#1812,1.);
#1812 = DIRECTION('',(1.,0.));
#1813 = ( GEOMETRIC_REPRESENTATION_CONTEXT(2) 
PARAMETRIC_REPRESENTATION_CONTEXT() REPRESENTATION_CONTEXT('2D SPACE',''
  ) );
#1814 = PCURVE('',#1815,#1820);
#1815 = PLANE('',#1816);
#1816 = AXIS2_PLACEMENT_3D('',#1817,#1818,#1819);
#1817 = CARTESIAN_POINT('',(10.65424473471,-409.,262.24838634317));
#1818 = DIRECTION('',(-0.,-1.,-0.));
#1819 = DIRECTION('',(0.,0.,-1.));
#1820 = DEFINITIONAL_REPRESENTATION('',(#1821),#1825);
#1821 = LINE('',#1822,#1823);
#1822 = CARTESIAN_POINT('',(16.040034808256,-330.6542447347));
#1823 = VECTOR('',#1824,1.);
#1824 = DIRECTION('',(0.,1.));
#1825 = ( GEOMETRIC_REPRESENTATION_CONTEXT(2) 
PARAMETRIC_REPRESENTATION_CONTEXT() REPRESENTATION_CONTEXT('2D SPACE',''
  ) );
#1826 = ADVANCED_FACE('',(#1827),#1789,.F.);
#1827 = FACE_BOUND('',#1828,.F.);
#1828 = EDGE_LOOP('',(#1829,#1830,#1853,#1881));
#1829 = ORIENTED_EDGE('',*,*,#1773,.T.);
#1830 = ORIENTED_EDGE('',*,*,#1831,.T.);
#1831 = EDGE_CURVE('',#1746,#1832,#1834,.T.);
#1832 = VERTEX_POINT('',#1833);
#1833 = CARTESIAN_POINT('',(320.,-431.,299.88359358737));
#1834 = SURFACE_CURVE('',#1835,(#1839,#1846),.PCURVE_S1.);
#1835 = LINE('',#1836,#1837);
#1836 = CARTESIAN_POINT('',(320.,-431.,246.20835153491));
#1837 = VECTOR('',#1838,1.);
#1838 = DIRECTION('',(0.,0.,1.));
#1839 = PCURVE('',#1789,#1840);
#1840 = DEFINITIONAL_REPRESENTATION('',(#1841),#1845);
#1841 = LINE('',#1842,#1843);
#1842 = CARTESIAN_POINT('',(0.,-22.));
#1843 = VECTOR('',#1844,1.);
#1844 = DIRECTION('',(1.,0.));
#1845 = ( GEOMETRIC_REPRESENTATION_CONTEXT(2) 
PARAMETRIC_REPRESENTATION_CONTEXT() REPRESENTATION_CONTEXT('2D SPACE',''
  ) );
#1846 = PCURVE('',#1761,#1847);
#1847 = DEFINITIONAL_REPRESENTATION('',(#1848),#1852);
#1848 = LINE('',#1849,#1850);
#1849 = CARTESIAN_POINT('',(16.040034808256,309.34575526529));
#1850 = VECTOR('',#1851,1.);
#1851 = DIRECTION('',(-1.,0.));
#1852 = ( GEOMETRIC_REPRESENTATION_CONTEXT(2) 
PARAMETRIC_REPRESENTATION_CONTEXT() REPRESENTATION_CONTEXT('2D SPACE',''
  ) );
#1853 = ORIENTED_EDGE('',*,*,#1854,.F.);
#1854 = EDGE_CURVE('',#1855,#1832,#1857,.T.);
#1855 = VERTEX_POINT('',#1856);
#1856 = CARTESIAN_POINT('',(320.,-409.,299.88359358737));
#1857 = SURFACE_CURVE('',#1858,(#1862,#1869),.PCURVE_S1.);
#1858 = LINE('',#1859,#1860);
#1859 = CARTESIAN_POINT('',(320.,-409.,299.88359358737));
#1860 = VECTOR('',#1861,1.);
#1861 = DIRECTION('',(0.,-1.,0.));
#1862 = PCURVE('',#1789,#1863);
#1863 = DEFINITIONAL_REPRESENTATION('',(#1864),#1868);
#1864 = LINE('',#1865,#1866);
#1865 = CARTESIAN_POINT('',(53.675242052461,0.));
#1866 = VECTOR('',#1867,1.);
#1867 = DIRECTION('',(0.,-1.));
#1868 = ( GEOMETRIC_REPRESENTATION_CONTEXT(2) 
PARAMETRIC_REPRESENTATION_CONTEXT() REPRESENTATION_CONTEXT('2D SPACE',''
  ) );
#1869 = PCURVE('',#1870,#1875);
#1870 = PLANE('',#1871);
#1871 = AXIS2_PLACEMENT_3D('',#1872,#1873,#1874);
#1872 = CARTESIAN_POINT('',(320.,-409.,299.88359358737));
#1873 = DIRECTION('',(6.975647374413E-02,0.,-0.99756405026));
#1874 = DIRECTION('',(-0.99756405026,0.,-6.975647374413E-02));
#1875 = DEFINITIONAL_REPRESENTATION('',(#1876),#1880);
#1876 = LINE('',#1877,#1878);
#1877 = CARTESIAN_POINT('',(0.,0.));
#1878 = VECTOR('',#1879,1.);
#1879 = DIRECTION('',(-0.,-1.));
#1880 = ( GEOMETRIC_REPRESENTATION_CONTEXT(2) 
PARAMETRIC_REPRESENTATION_CONTEXT() REPRESENTATION_CONTEXT('2D SPACE',''
  ) );
#1881 = ORIENTED_EDGE('',*,*,#1882,.F.);
#1882 = EDGE_CURVE('',#1774,#1855,#1883,.T.);
#1883 = SURFACE_CURVE('',#1884,(#1888,#1895),.PCURVE_S1.);
#1884 = LINE('',#1885,#1886);
#1885 = CARTESIAN_POINT('',(320.,-409.,246.20835153491));
#1886 = VECTOR('',#1887,1.);
#1887 = DIRECTION('',(0.,0.,1.));
#1888 = PCURVE('',#1789,#1889);
#1889 = DEFINITIONAL_REPRESENTATION('',(#1890),#1894);
#1890 = LINE('',#1891,#1892);
#1891 = CARTESIAN_POINT('',(0.,0.));
#1892 = VECTOR('',#1893,1.);
#1893 = DIRECTION('',(1.,0.));
#1894 = ( GEOMETRIC_REPRESENTATION_CONTEXT(2) 
PARAMETRIC_REPRESENTATION_CONTEXT() REPRESENTATION_CONTEXT('2D SPACE',''
  ) );
#1895 = PCURVE('',#1815,#1896);
#1896 = DEFINITIONAL_REPRESENTATION('',(#1897),#1901);
#1897 = LINE('',#1898,#1899);
#1898 = CARTESIAN_POINT('',(16.040034808256,309.34575526529));
#1899 = VECTOR('',#1900,1.);
#1900 = DIRECTION('',(-1.,0.));
#1901 = ( GEOMETRIC_REPRESENTATION_CONTEXT(2) 
PARAMETRIC_REPRESENTATION_CONTEXT() REPRESENTATION_CONTEXT('2D SPACE',''
  ) );
#1902 = ADVANCED_FACE('',(#1903),#1870,.F.);
#1903 = FACE_BOUND('',#1904,.F.);
#1904 = EDGE_LOOP('',(#1905,#1906,#1929,#1952));
#1905 = ORIENTED_EDGE('',*,*,#1854,.T.);
#1906 = ORIENTED_EDGE('',*,*,#1907,.T.);
#1907 = EDGE_CURVE('',#1832,#1908,#1910,.T.);
#1908 = VERTEX_POINT('',#1909);
#1909 = CARTESIAN_POINT('',(-320.,-431.,255.13043394353));
#1910 = SURFACE_CURVE('',#1911,(#1915,#1922),.PCURVE_S1.);
#1911 = LINE('',#1912,#1913);
#1912 = CARTESIAN_POINT('',(320.,-431.,299.88359358737));
#1913 = VECTOR('',#1914,1.);
#1914 = DIRECTION('',(-0.99756405026,0.,-6.975647374413E-02));
#1915 = PCURVE('',#1870,#1916);
#1916 = DEFINITIONAL_REPRESENTATION('',(#1917),#1921);
#1917 = LINE('',#1918,#1919);
#1918 = CARTESIAN_POINT('',(-0.,-22.));
#1919 = VECTOR('',#1920,1.);
#1920 = DIRECTION('',(1.,0.));
#1921 = ( GEOMETRIC_REPRESENTATION_CONTEXT(2) 
PARAMETRIC_REPRESENTATION_CONTEXT() REPRESENTATION_CONTEXT('2D SPACE',''
  ) );
#1922 = PCURVE('',#1761,#1923);
#1923 = DEFINITIONAL_REPRESENTATION('',(#1924),#1928);
#1924 = LINE('',#1925,#1926);
#1925 = CARTESIAN_POINT('',(-37.6352072442,309.34575526529));
#1926 = VECTOR('',#1927,1.);
#1927 = DIRECTION('',(6.975647374413E-02,-0.99756405026));
#1928 = ( GEOMETRIC_REPRESENTATION_CONTEXT(2) 
PARAMETRIC_REPRESENTATION_CONTEXT() REPRESENTATION_CONTEXT('2D SPACE',''
  ) );
#1929 = ORIENTED_EDGE('',*,*,#1930,.F.);
#1930 = EDGE_CURVE('',#1931,#1908,#1933,.T.);
#1931 = VERTEX_POINT('',#1932);
#1932 = CARTESIAN_POINT('',(-320.,-409.,255.13043394353));
#1933 = SURFACE_CURVE('',#1934,(#1938,#1945),.PCURVE_S1.);
#1934 = LINE('',#1935,#1936);
#1935 = CARTESIAN_POINT('',(-320.,-409.,255.13043394353));
#1936 = VECTOR('',#1937,1.);
#1937 = DIRECTION('',(0.,-1.,0.));
#1938 = PCURVE('',#1870,#1939);
#1939 = DEFINITIONAL_REPRESENTATION('',(#1940),#1944);
#1940 = LINE('',#1941,#1942);
#1941 = CARTESIAN_POINT('',(641.56281477195,0.));
#1942 = VECTOR('',#1943,1.);
#1943 = DIRECTION('',(-0.,-1.));
#1944 = ( GEOMETRIC_REPRESENTATION_CONTEXT(2) 
PARAMETRIC_REPRESENTATION_CONTEXT() REPRESENTATION_CONTEXT('2D SPACE',''
  ) );
#1945 = PCURVE('',#1733,#1946);
#1946 = DEFINITIONAL_REPRESENTATION('',(#1947),#1951);
#1947 = LINE('',#1948,#1949);
#1948 = CARTESIAN_POINT('',(0.,0.));
#1949 = VECTOR('',#1950,1.);
#1950 = DIRECTION('',(-0.,-1.));
#1951 = ( GEOMETRIC_REPRESENTATION_CONTEXT(2) 
PARAMETRIC_REPRESENTATION_CONTEXT() REPRESENTATION_CONTEXT('2D SPACE',''
  ) );
#1952 = ORIENTED_EDGE('',*,*,#1953,.F.);
#1953 = EDGE_CURVE('',#1855,#1931,#1954,.T.);
#1954 = SURFACE_CURVE('',#1955,(#1959,#1966),.PCURVE_S1.);
#1955 = LINE('',#1956,#1957);
#1956 = CARTESIAN_POINT('',(320.,-409.,299.88359358737));
#1957 = VECTOR('',#1958,1.);
#1958 = DIRECTION('',(-0.99756405026,0.,-6.975647374413E-02));
#1959 = PCURVE('',#1870,#1960);
#1960 = DEFINITIONAL_REPRESENTATION('',(#1961),#1965);
#1961 = LINE('',#1962,#1963);
#1962 = CARTESIAN_POINT('',(0.,0.));
#1963 = VECTOR('',#1964,1.);
#1964 = DIRECTION('',(1.,0.));
#1965 = ( GEOMETRIC_REPRESENTATION_CONTEXT(2) 
PARAMETRIC_REPRESENTATION_CONTEXT() REPRESENTATION_CONTEXT('2D SPACE',''
  ) );
#1966 = PCURVE('',#1815,#1967);
#1967 = DEFINITIONAL_REPRESENTATION('',(#1968),#1972);
#1968 = LINE('',#1969,#1970);
#1969 = CARTESIAN_POINT('',(-37.6352072442,309.34575526529));
#1970 = VECTOR('',#1971,1.);
#1971 = DIRECTION('',(6.975647374413E-02,-0.99756405026));
#1972 = ( GEOMETRIC_REPRESENTATION_CONTEXT(2) 
PARAMETRIC_REPRESENTATION_CONTEXT() REPRESENTATION_CONTEXT('2D SPACE',''
  ) );
#1973 = ADVANCED_FACE('',(#1974),#1733,.F.);
#1974 = FACE_BOUND('',#1975,.F.);
#1975 = EDGE_LOOP('',(#1976,#1977,#1998,#1999));
#1976 = ORIENTED_EDGE('',*,*,#1930,.T.);
#1977 = ORIENTED_EDGE('',*,*,#1978,.T.);
#1978 = EDGE_CURVE('',#1908,#1713,#1979,.T.);
#1979 = SURFACE_CURVE('',#1980,(#1984,#1991),.PCURVE_S1.);
#1980 = LINE('',#1981,#1982);
#1981 = CARTESIAN_POINT('',(-320.,-431.,255.13043394353));
#1982 = VECTOR('',#1983,1.);
#1983 = DIRECTION('',(-6.371093233338E-15,0.,-1.));
#1984 = PCURVE('',#1733,#1985);
#1985 = DEFINITIONAL_REPRESENTATION('',(#1986),#1990);
#1986 = LINE('',#1987,#1988);
#1987 = CARTESIAN_POINT('',(-0.,-22.));
#1988 = VECTOR('',#1989,1.);
#1989 = DIRECTION('',(1.,0.));
#1990 = ( GEOMETRIC_REPRESENTATION_CONTEXT(2) 
PARAMETRIC_REPRESENTATION_CONTEXT() REPRESENTATION_CONTEXT('2D SPACE',''
  ) );
#1991 = PCURVE('',#1761,#1992);
#1992 = DEFINITIONAL_REPRESENTATION('',(#1993),#1997);
#1993 = LINE('',#1994,#1995);
#1994 = CARTESIAN_POINT('',(7.117952399642,-330.6542447347));
#1995 = VECTOR('',#1996,1.);
#1996 = DIRECTION('',(1.,-6.371093233338E-15));
#1997 = ( GEOMETRIC_REPRESENTATION_CONTEXT(2) 
PARAMETRIC_REPRESENTATION_CONTEXT() REPRESENTATION_CONTEXT('2D SPACE',''
  ) );
#1998 = ORIENTED_EDGE('',*,*,#1710,.F.);
#1999 = ORIENTED_EDGE('',*,*,#2000,.F.);
#2000 = EDGE_CURVE('',#1931,#1711,#2001,.T.);
#2001 = SURFACE_CURVE('',#2002,(#2006,#2013),.PCURVE_S1.);
#2002 = LINE('',#2003,#2004);
#2003 = CARTESIAN_POINT('',(-320.,-409.,255.13043394353));
#2004 = VECTOR('',#2005,1.);
#2005 = DIRECTION('',(-6.371093233338E-15,0.,-1.));
#2006 = PCURVE('',#1733,#2007);
#2007 = DEFINITIONAL_REPRESENTATION('',(#2008),#2012);
#2008 = LINE('',#2009,#2010);
#2009 = CARTESIAN_POINT('',(0.,0.));
#2010 = VECTOR('',#2011,1.);
#2011 = DIRECTION('',(1.,0.));
#2012 = ( GEOMETRIC_REPRESENTATION_CONTEXT(2) 
PARAMETRIC_REPRESENTATION_CONTEXT() REPRESENTATION_CONTEXT('2D SPACE',''
  ) );
#2013 = PCURVE('',#1815,#2014);
#2014 = DEFINITIONAL_REPRESENTATION('',(#2015),#2019);
#2015 = LINE('',#2016,#2017);
#2016 = CARTESIAN_POINT('',(7.117952399642,-330.6542447347));
#2017 = VECTOR('',#2018,1.);
#2018 = DIRECTION('',(1.,-6.371093233338E-15));
#2019 = ( GEOMETRIC_REPRESENTATION_CONTEXT(2) 
PARAMETRIC_REPRESENTATION_CONTEXT() REPRESENTATION_CONTEXT('2D SPACE',''
  ) );
#2020 = ADVANCED_FACE('',(#2021),#1815,.F.);
#2021 = FACE_BOUND('',#2022,.F.);
#2022 = EDGE_LOOP('',(#2023,#2024,#2025,#2026));
#2023 = ORIENTED_EDGE('',*,*,#1801,.T.);
#2024 = ORIENTED_EDGE('',*,*,#1882,.T.);
#2025 = ORIENTED_EDGE('',*,*,#1953,.T.);
#2026 = ORIENTED_EDGE('',*,*,#2000,.T.);
#2027 = ADVANCED_FACE('',(#2028),#1761,.T.);
#2028 = FACE_BOUND('',#2029,.T.);
#2029 = EDGE_LOOP('',(#2030,#2031,#2032,#2033));
#2030 = ORIENTED_EDGE('',*,*,#1745,.T.);
#2031 = ORIENTED_EDGE('',*,*,#1831,.T.);
#2032 = ORIENTED_EDGE('',*,*,#1907,.T.);
#2033 = ORIENTED_EDGE('',*,*,#1978,.T.);
#2034 = ( GEOMETRIC_REPRESENTATION_CONTEXT(3) 
GLOBAL_UNCERTAINTY_ASSIGNED_CONTEXT((#2038)) 
GLOBAL_UNIT_ASSIGNED_CONTEXT((#2035,#2036,#2037)) REPRESENTATION_CONTEXT
('Context #1','3D Context with UNIT and UNCERTAINTY') );
#2035 = ( LENGTH_UNIT() NAMED_UNIT(*) SI_UNIT(.MILLI.,.METRE.) );
#2036 = ( NAMED_UNIT(*) PLANE_ANGLE_UNIT() SI_UNIT($,.RADIAN.) );
#2037 = ( NAMED_UNIT(*) SI_UNIT($,.STERADIAN.) SOLID_ANGLE_UNIT() );
#2038 = UNCERTAINTY_MEASURE_WITH_UNIT(LENGTH_MEASURE(1.E-07),#2035,
  'distance_accuracy_value','confusion accuracy');
#2039 = CONTEXT_DEPENDENT_SHAPE_REPRESENTATION(#2040,#2042);
#2040 = ( REPRESENTATION_RELATIONSHIP('','',#1703,#10) 
REPRESENTATION_RELATIONSHIP_WITH_TRANSFORMATION(#2041) 
SHAPE_REPRESENTATION_RELATIONSHIP() );
#2041 = ITEM_DEFINED_TRANSFORMATION('','',#11,#27);
#2042 = PRODUCT_DEFINITION_SHAPE('Placement','Placement of an item',
  #2043);
#2043 = NEXT_ASSEMBLY_USAGE_OCCURRENCE('43','SV3_WEDGE_A_1','',#5,#1698,
  $);
#2044 = PRODUCT_RELATED_PRODUCT_CATEGORY('part',$,(#1700));
#2045 = SHAPE_DEFINITION_REPRESENTATION(#2046,#2052);
#2046 = PRODUCT_DEFINITION_SHAPE('','',#2047);
#2047 = PRODUCT_DEFINITION('design','',#2048,#2051);
#2048 = PRODUCT_DEFINITION_FORMATION('','',#2049);
#2049 = PRODUCT('SV3_WEDGE_A_2','SV3_WEDGE_A_2','',(#2050));
#2050 = PRODUCT_CONTEXT('',#2,'mechanical');
#2051 = PRODUCT_DEFINITION_CONTEXT('part definition',#2,'design');
#2052 = ADVANCED_BREP_SHAPE_REPRESENTATION('',(#11,#2053),#2383);
#2053 = MANIFOLD_SOLID_BREP('',#2054);
#2054 = CLOSED_SHELL('',(#2055,#2175,#2251,#2322,#2369,#2376));
#2055 = ADVANCED_FACE('',(#2056),#2070,.F.);
#2056 = FACE_BOUND('',#2057,.F.);
#2057 = EDGE_LOOP('',(#2058,#2093,#2121,#2149));
#2058 = ORIENTED_EDGE('',*,*,#2059,.T.);
#2059 = EDGE_CURVE('',#2060,#2062,#2064,.T.);
#2060 = VERTEX_POINT('',#2061);
#2061 = CARTESIAN_POINT('',(-320.,-44.,246.20835153491));
#2062 = VERTEX_POINT('',#2063);
#2063 = CARTESIAN_POINT('',(-320.,-66.,246.20835153491));
#2064 = SURFACE_CURVE('',#2065,(#2069,#2081),.PCURVE_S1.);
#2065 = LINE('',#2066,#2067);
#2066 = CARTESIAN_POINT('',(-320.,-44.,246.20835153491));
#2067 = VECTOR('',#2068,1.);
#2068 = DIRECTION('',(0.,-1.,0.));
#2069 = PCURVE('',#2070,#2075);
#2070 = PLANE('',#2071);
#2071 = AXIS2_PLACEMENT_3D('',#2072,#2073,#2074);
#2072 = CARTESIAN_POINT('',(-320.,-44.,246.20835153491));
#2073 = DIRECTION('',(0.,0.,1.));
#2074 = DIRECTION('',(1.,0.,0.));
#2075 = DEFINITIONAL_REPRESENTATION('',(#2076),#2080);
#2076 = LINE('',#2077,#2078);
#2077 = CARTESIAN_POINT('',(0.,0.));
#2078 = VECTOR('',#2079,1.);
#2079 = DIRECTION('',(0.,-1.));
#2080 = ( GEOMETRIC_REPRESENTATION_CONTEXT(2) 
PARAMETRIC_REPRESENTATION_CONTEXT() REPRESENTATION_CONTEXT('2D SPACE',''
  ) );
#2081 = PCURVE('',#2082,#2087);
#2082 = PLANE('',#2083);
#2083 = AXIS2_PLACEMENT_3D('',#2084,#2085,#2086);
#2084 = CARTESIAN_POINT('',(-320.,-44.,255.13043394353));
#2085 = DIRECTION('',(1.,0.,-6.371093233338E-15));
#2086 = DIRECTION('',(-6.371093233338E-15,0.,-1.));
#2087 = DEFINITIONAL_REPRESENTATION('',(#2088),#2092);
#2088 = LINE('',#2089,#2090);
#2089 = CARTESIAN_POINT('',(8.922082408615,0.));
#2090 = VECTOR('',#2091,1.);
#2091 = DIRECTION('',(-0.,-1.));
#2092 = ( GEOMETRIC_REPRESENTATION_CONTEXT(2) 
PARAMETRIC_REPRESENTATION_CONTEXT() REPRESENTATION_CONTEXT('2D SPACE',''
  ) );
#2093 = ORIENTED_EDGE('',*,*,#2094,.T.);
#2094 = EDGE_CURVE('',#2062,#2095,#2097,.T.);
#2095 = VERTEX_POINT('',#2096);
#2096 = CARTESIAN_POINT('',(320.,-66.,246.20835153491));
#2097 = SURFACE_CURVE('',#2098,(#2102,#2109),.PCURVE_S1.);
#2098 = LINE('',#2099,#2100);
#2099 = CARTESIAN_POINT('',(-320.,-66.,246.20835153491));
#2100 = VECTOR('',#2101,1.);
#2101 = DIRECTION('',(1.,0.,0.));
#2102 = PCURVE('',#2070,#2103);
#2103 = DEFINITIONAL_REPRESENTATION('',(#2104),#2108);
#2104 = LINE('',#2105,#2106);
#2105 = CARTESIAN_POINT('',(0.,-22.));
#2106 = VECTOR('',#2107,1.);
#2107 = DIRECTION('',(1.,0.));
#2108 = ( GEOMETRIC_REPRESENTATION_CONTEXT(2) 
PARAMETRIC_REPRESENTATION_CONTEXT() REPRESENTATION_CONTEXT('2D SPACE',''
  ) );
#2109 = PCURVE('',#2110,#2115);
#2110 = PLANE('',#2111);
#2111 = AXIS2_PLACEMENT_3D('',#2112,#2113,#2114);
#2112 = CARTESIAN_POINT('',(10.65424473471,-66.,262.24838634317));
#2113 = DIRECTION('',(-0.,-1.,-0.));
#2114 = DIRECTION('',(0.,0.,-1.));
#2115 = DEFINITIONAL_REPRESENTATION('',(#2116),#2120);
#2116 = LINE('',#2117,#2118);
#2117 = CARTESIAN_POINT('',(16.040034808256,-330.6542447347));
#2118 = VECTOR('',#2119,1.);
#2119 = DIRECTION('',(0.,1.));
#2120 = ( GEOMETRIC_REPRESENTATION_CONTEXT(2) 
PARAMETRIC_REPRESENTATION_CONTEXT() REPRESENTATION_CONTEXT('2D SPACE',''
  ) );
#2121 = ORIENTED_EDGE('',*,*,#2122,.F.);
#2122 = EDGE_CURVE('',#2123,#2095,#2125,.T.);
#2123 = VERTEX_POINT('',#2124);
#2124 = CARTESIAN_POINT('',(320.,-44.,246.20835153491));
#2125 = SURFACE_CURVE('',#2126,(#2130,#2137),.PCURVE_S1.);
#2126 = LINE('',#2127,#2128);
#2127 = CARTESIAN_POINT('',(320.,-44.,246.20835153491));
#2128 = VECTOR('',#2129,1.);
#2129 = DIRECTION('',(0.,-1.,0.));
#2130 = PCURVE('',#2070,#2131);
#2131 = DEFINITIONAL_REPRESENTATION('',(#2132),#2136);
#2132 = LINE('',#2133,#2134);
#2133 = CARTESIAN_POINT('',(640.,0.));
#2134 = VECTOR('',#2135,1.);
#2135 = DIRECTION('',(0.,-1.));
#2136 = ( GEOMETRIC_REPRESENTATION_CONTEXT(2) 
PARAMETRIC_REPRESENTATION_CONTEXT() REPRESENTATION_CONTEXT('2D SPACE',''
  ) );
#2137 = PCURVE('',#2138,#2143);
#2138 = PLANE('',#2139);
#2139 = AXIS2_PLACEMENT_3D('',#2140,#2141,#2142);
#2140 = CARTESIAN_POINT('',(320.,-44.,246.20835153491));
#2141 = DIRECTION('',(-1.,0.,0.));
#2142 = DIRECTION('',(0.,0.,1.));
#2143 = DEFINITIONAL_REPRESENTATION('',(#2144),#2148);
#2144 = LINE('',#2145,#2146);
#2145 = CARTESIAN_POINT('',(0.,0.));
#2146 = VECTOR('',#2147,1.);
#2147 = DIRECTION('',(0.,-1.));
#2148 = ( GEOMETRIC_REPRESENTATION_CONTEXT(2) 
PARAMETRIC_REPRESENTATION_CONTEXT() REPRESENTATION_CONTEXT('2D SPACE',''
  ) );
#2149 = ORIENTED_EDGE('',*,*,#2150,.F.);
#2150 = EDGE_CURVE('',#2060,#2123,#2151,.T.);
#2151 = SURFACE_CURVE('',#2152,(#2156,#2163),.PCURVE_S1.);
#2152 = LINE('',#2153,#2154);
#2153 = CARTESIAN_POINT('',(-320.,-44.,246.20835153491));
#2154 = VECTOR('',#2155,1.);
#2155 = DIRECTION('',(1.,0.,0.));
#2156 = PCURVE('',#2070,#2157);
#2157 = DEFINITIONAL_REPRESENTATION('',(#2158),#2162);
#2158 = LINE('',#2159,#2160);
#2159 = CARTESIAN_POINT('',(0.,0.));
#2160 = VECTOR('',#2161,1.);
#2161 = DIRECTION('',(1.,0.));
#2162 = ( GEOMETRIC_REPRESENTATION_CONTEXT(2) 
PARAMETRIC_REPRESENTATION_CONTEXT() REPRESENTATION_CONTEXT('2D SPACE',''
  ) );
#2163 = PCURVE('',#2164,#2169);
#2164 = PLANE('',#2165);
#2165 = AXIS2_PLACEMENT_3D('',#2166,#2167,#2168);
#2166 = CARTESIAN_POINT('',(10.65424473471,-44.,262.24838634317));
#2167 = DIRECTION('',(-0.,-1.,-0.));
#2168 = DIRECTION('',(0.,0.,-1.));
#2169 = DEFINITIONAL_REPRESENTATION('',(#2170),#2174);
#2170 = LINE('',#2171,#2172);
#2171 = CARTESIAN_POINT('',(16.040034808256,-330.6542447347));
#2172 = VECTOR('',#2173,1.);
#2173 = DIRECTION('',(0.,1.));
#2174 = ( GEOMETRIC_REPRESENTATION_CONTEXT(2) 
PARAMETRIC_REPRESENTATION_CONTEXT() REPRESENTATION_CONTEXT('2D SPACE',''
  ) );
#2175 = ADVANCED_FACE('',(#2176),#2138,.F.);
#2176 = FACE_BOUND('',#2177,.F.);
#2177 = EDGE_LOOP('',(#2178,#2179,#2202,#2230));
#2178 = ORIENTED_EDGE('',*,*,#2122,.T.);
#2179 = ORIENTED_EDGE('',*,*,#2180,.T.);
#2180 = EDGE_CURVE('',#2095,#2181,#2183,.T.);
#2181 = VERTEX_POINT('',#2182);
#2182 = CARTESIAN_POINT('',(320.,-66.,299.88359358737));
#2183 = SURFACE_CURVE('',#2184,(#2188,#2195),.PCURVE_S1.);
#2184 = LINE('',#2185,#2186);
#2185 = CARTESIAN_POINT('',(320.,-66.,246.20835153491));
#2186 = VECTOR('',#2187,1.);
#2187 = DIRECTION('',(0.,0.,1.));
#2188 = PCURVE('',#2138,#2189);
#2189 = DEFINITIONAL_REPRESENTATION('',(#2190),#2194);
#2190 = LINE('',#2191,#2192);
#2191 = CARTESIAN_POINT('',(0.,-22.));
#2192 = VECTOR('',#2193,1.);
#2193 = DIRECTION('',(1.,0.));
#2194 = ( GEOMETRIC_REPRESENTATION_CONTEXT(2) 
PARAMETRIC_REPRESENTATION_CONTEXT() REPRESENTATION_CONTEXT('2D SPACE',''
  ) );
#2195 = PCURVE('',#2110,#2196);
#2196 = DEFINITIONAL_REPRESENTATION('',(#2197),#2201);
#2197 = LINE('',#2198,#2199);
#2198 = CARTESIAN_POINT('',(16.040034808256,309.34575526529));
#2199 = VECTOR('',#2200,1.);
#2200 = DIRECTION('',(-1.,0.));
#2201 = ( GEOMETRIC_REPRESENTATION_CONTEXT(2) 
PARAMETRIC_REPRESENTATION_CONTEXT() REPRESENTATION_CONTEXT('2D SPACE',''
  ) );
#2202 = ORIENTED_EDGE('',*,*,#2203,.F.);
#2203 = EDGE_CURVE('',#2204,#2181,#2206,.T.);
#2204 = VERTEX_POINT('',#2205);
#2205 = CARTESIAN_POINT('',(320.,-44.,299.88359358737));
#2206 = SURFACE_CURVE('',#2207,(#2211,#2218),.PCURVE_S1.);
#2207 = LINE('',#2208,#2209);
#2208 = CARTESIAN_POINT('',(320.,-44.,299.88359358737));
#2209 = VECTOR('',#2210,1.);
#2210 = DIRECTION('',(0.,-1.,0.));
#2211 = PCURVE('',#2138,#2212);
#2212 = DEFINITIONAL_REPRESENTATION('',(#2213),#2217);
#2213 = LINE('',#2214,#2215);
#2214 = CARTESIAN_POINT('',(53.675242052461,0.));
#2215 = VECTOR('',#2216,1.);
#2216 = DIRECTION('',(0.,-1.));
#2217 = ( GEOMETRIC_REPRESENTATION_CONTEXT(2) 
PARAMETRIC_REPRESENTATION_CONTEXT() REPRESENTATION_CONTEXT('2D SPACE',''
  ) );
#2218 = PCURVE('',#2219,#2224);
#2219 = PLANE('',#2220);
#2220 = AXIS2_PLACEMENT_3D('',#2221,#2222,#2223);
#2221 = CARTESIAN_POINT('',(320.,-44.,299.88359358737));
#2222 = DIRECTION('',(6.975647374413E-02,0.,-0.99756405026));
#2223 = DIRECTION('',(-0.99756405026,0.,-6.975647374413E-02));
#2224 = DEFINITIONAL_REPRESENTATION('',(#2225),#2229);
#2225 = LINE('',#2226,#2227);
#2226 = CARTESIAN_POINT('',(0.,0.));
#2227 = VECTOR('',#2228,1.);
#2228 = DIRECTION('',(-0.,-1.));
#2229 = ( GEOMETRIC_REPRESENTATION_CONTEXT(2) 
PARAMETRIC_REPRESENTATION_CONTEXT() REPRESENTATION_CONTEXT('2D SPACE',''
  ) );
#2230 = ORIENTED_EDGE('',*,*,#2231,.F.);
#2231 = EDGE_CURVE('',#2123,#2204,#2232,.T.);
#2232 = SURFACE_CURVE('',#2233,(#2237,#2244),.PCURVE_S1.);
#2233 = LINE('',#2234,#2235);
#2234 = CARTESIAN_POINT('',(320.,-44.,246.20835153491));
#2235 = VECTOR('',#2236,1.);
#2236 = DIRECTION('',(0.,0.,1.));
#2237 = PCURVE('',#2138,#2238);
#2238 = DEFINITIONAL_REPRESENTATION('',(#2239),#2243);
#2239 = LINE('',#2240,#2241);
#2240 = CARTESIAN_POINT('',(0.,0.));
#2241 = VECTOR('',#2242,1.);
#2242 = DIRECTION('',(1.,0.));
#2243 = ( GEOMETRIC_REPRESENTATION_CONTEXT(2) 
PARAMETRIC_REPRESENTATION_CONTEXT() REPRESENTATION_CONTEXT('2D SPACE',''
  ) );
#2244 = PCURVE('',#2164,#2245);
#2245 = DEFINITIONAL_REPRESENTATION('',(#2246),#2250);
#2246 = LINE('',#2247,#2248);
#2247 = CARTESIAN_POINT('',(16.040034808256,309.34575526529));
#2248 = VECTOR('',#2249,1.);
#2249 = DIRECTION('',(-1.,0.));
#2250 = ( GEOMETRIC_REPRESENTATION_CONTEXT(2) 
PARAMETRIC_REPRESENTATION_CONTEXT() REPRESENTATION_CONTEXT('2D SPACE',''
  ) );
#2251 = ADVANCED_FACE('',(#2252),#2219,.F.);
#2252 = FACE_BOUND('',#2253,.F.);
#2253 = EDGE_LOOP('',(#2254,#2255,#2278,#2301));
#2254 = ORIENTED_EDGE('',*,*,#2203,.T.);
#2255 = ORIENTED_EDGE('',*,*,#2256,.T.);
#2256 = EDGE_CURVE('',#2181,#2257,#2259,.T.);
#2257 = VERTEX_POINT('',#2258);
#2258 = CARTESIAN_POINT('',(-320.,-66.,255.13043394353));
#2259 = SURFACE_CURVE('',#2260,(#2264,#2271),.PCURVE_S1.);
#2260 = LINE('',#2261,#2262);
#2261 = CARTESIAN_POINT('',(320.,-66.,299.88359358737));
#2262 = VECTOR('',#2263,1.);
#2263 = DIRECTION('',(-0.99756405026,0.,-6.975647374413E-02));
#2264 = PCURVE('',#2219,#2265);
#2265 = DEFINITIONAL_REPRESENTATION('',(#2266),#2270);
#2266 = LINE('',#2267,#2268);
#2267 = CARTESIAN_POINT('',(-0.,-22.));
#2268 = VECTOR('',#2269,1.);
#2269 = DIRECTION('',(1.,0.));
#2270 = ( GEOMETRIC_REPRESENTATION_CONTEXT(2) 
PARAMETRIC_REPRESENTATION_CONTEXT() REPRESENTATION_CONTEXT('2D SPACE',''
  ) );
#2271 = PCURVE('',#2110,#2272);
#2272 = DEFINITIONAL_REPRESENTATION('',(#2273),#2277);
#2273 = LINE('',#2274,#2275);
#2274 = CARTESIAN_POINT('',(-37.6352072442,309.34575526529));
#2275 = VECTOR('',#2276,1.);
#2276 = DIRECTION('',(6.975647374413E-02,-0.99756405026));
#2277 = ( GEOMETRIC_REPRESENTATION_CONTEXT(2) 
PARAMETRIC_REPRESENTATION_CONTEXT() REPRESENTATION_CONTEXT('2D SPACE',''
  ) );
#2278 = ORIENTED_EDGE('',*,*,#2279,.F.);
#2279 = EDGE_CURVE('',#2280,#2257,#2282,.T.);
#2280 = VERTEX_POINT('',#2281);
#2281 = CARTESIAN_POINT('',(-320.,-44.,255.13043394353));
#2282 = SURFACE_CURVE('',#2283,(#2287,#2294),.PCURVE_S1.);
#2283 = LINE('',#2284,#2285);
#2284 = CARTESIAN_POINT('',(-320.,-44.,255.13043394353));
#2285 = VECTOR('',#2286,1.);
#2286 = DIRECTION('',(0.,-1.,0.));
#2287 = PCURVE('',#2219,#2288);
#2288 = DEFINITIONAL_REPRESENTATION('',(#2289),#2293);
#2289 = LINE('',#2290,#2291);
#2290 = CARTESIAN_POINT('',(641.56281477195,0.));
#2291 = VECTOR('',#2292,1.);
#2292 = DIRECTION('',(-0.,-1.));
#2293 = ( GEOMETRIC_REPRESENTATION_CONTEXT(2) 
PARAMETRIC_REPRESENTATION_CONTEXT() REPRESENTATION_CONTEXT('2D SPACE',''
  ) );
#2294 = PCURVE('',#2082,#2295);
#2295 = DEFINITIONAL_REPRESENTATION('',(#2296),#2300);
#2296 = LINE('',#2297,#2298);
#2297 = CARTESIAN_POINT('',(0.,0.));
#2298 = VECTOR('',#2299,1.);
#2299 = DIRECTION('',(-0.,-1.));
#2300 = ( GEOMETRIC_REPRESENTATION_CONTEXT(2) 
PARAMETRIC_REPRESENTATION_CONTEXT() REPRESENTATION_CONTEXT('2D SPACE',''
  ) );
#2301 = ORIENTED_EDGE('',*,*,#2302,.F.);
#2302 = EDGE_CURVE('',#2204,#2280,#2303,.T.);
#2303 = SURFACE_CURVE('',#2304,(#2308,#2315),.PCURVE_S1.);
#2304 = LINE('',#2305,#2306);
#2305 = CARTESIAN_POINT('',(320.,-44.,299.88359358737));
#2306 = VECTOR('',#2307,1.);
#2307 = DIRECTION('',(-0.99756405026,0.,-6.975647374413E-02));
#2308 = PCURVE('',#2219,#2309);
#2309 = DEFINITIONAL_REPRESENTATION('',(#2310),#2314);
#2310 = LINE('',#2311,#2312);
#2311 = CARTESIAN_POINT('',(0.,0.));
#2312 = VECTOR('',#2313,1.);
#2313 = DIRECTION('',(1.,0.));
#2314 = ( GEOMETRIC_REPRESENTATION_CONTEXT(2) 
PARAMETRIC_REPRESENTATION_CONTEXT() REPRESENTATION_CONTEXT('2D SPACE',''
  ) );
#2315 = PCURVE('',#2164,#2316);
#2316 = DEFINITIONAL_REPRESENTATION('',(#2317),#2321);
#2317 = LINE('',#2318,#2319);
#2318 = CARTESIAN_POINT('',(-37.6352072442,309.34575526529));
#2319 = VECTOR('',#2320,1.);
#2320 = DIRECTION('',(6.975647374413E-02,-0.99756405026));
#2321 = ( GEOMETRIC_REPRESENTATION_CONTEXT(2) 
PARAMETRIC_REPRESENTATION_CONTEXT() REPRESENTATION_CONTEXT('2D SPACE',''
  ) );
#2322 = ADVANCED_FACE('',(#2323),#2082,.F.);
#2323 = FACE_BOUND('',#2324,.F.);
#2324 = EDGE_LOOP('',(#2325,#2326,#2347,#2348));
#2325 = ORIENTED_EDGE('',*,*,#2279,.T.);
#2326 = ORIENTED_EDGE('',*,*,#2327,.T.);
#2327 = EDGE_CURVE('',#2257,#2062,#2328,.T.);
#2328 = SURFACE_CURVE('',#2329,(#2333,#2340),.PCURVE_S1.);
#2329 = LINE('',#2330,#2331);
#2330 = CARTESIAN_POINT('',(-320.,-66.,255.13043394353));
#2331 = VECTOR('',#2332,1.);
#2332 = DIRECTION('',(-6.371093233338E-15,0.,-1.));
#2333 = PCURVE('',#2082,#2334);
#2334 = DEFINITIONAL_REPRESENTATION('',(#2335),#2339);
#2335 = LINE('',#2336,#2337);
#2336 = CARTESIAN_POINT('',(-0.,-22.));
#2337 = VECTOR('',#2338,1.);
#2338 = DIRECTION('',(1.,0.));
#2339 = ( GEOMETRIC_REPRESENTATION_CONTEXT(2) 
PARAMETRIC_REPRESENTATION_CONTEXT() REPRESENTATION_CONTEXT('2D SPACE',''
  ) );
#2340 = PCURVE('',#2110,#2341);
#2341 = DEFINITIONAL_REPRESENTATION('',(#2342),#2346);
#2342 = LINE('',#2343,#2344);
#2343 = CARTESIAN_POINT('',(7.117952399642,-330.6542447347));
#2344 = VECTOR('',#2345,1.);
#2345 = DIRECTION('',(1.,-6.371093233338E-15));
#2346 = ( GEOMETRIC_REPRESENTATION_CONTEXT(2) 
PARAMETRIC_REPRESENTATION_CONTEXT() REPRESENTATION_CONTEXT('2D SPACE',''
  ) );
#2347 = ORIENTED_EDGE('',*,*,#2059,.F.);
#2348 = ORIENTED_EDGE('',*,*,#2349,.F.);
#2349 = EDGE_CURVE('',#2280,#2060,#2350,.T.);
#2350 = SURFACE_CURVE('',#2351,(#2355,#2362),.PCURVE_S1.);
#2351 = LINE('',#2352,#2353);
#2352 = CARTESIAN_POINT('',(-320.,-44.,255.13043394353));
#2353 = VECTOR('',#2354,1.);
#2354 = DIRECTION('',(-6.371093233338E-15,0.,-1.));
#2355 = PCURVE('',#2082,#2356);
#2356 = DEFINITIONAL_REPRESENTATION('',(#2357),#2361);
#2357 = LINE('',#2358,#2359);
#2358 = CARTESIAN_POINT('',(0.,0.));
#2359 = VECTOR('',#2360,1.);
#2360 = DIRECTION('',(1.,0.));
#2361 = ( GEOMETRIC_REPRESENTATION_CONTEXT(2) 
PARAMETRIC_REPRESENTATION_CONTEXT() REPRESENTATION_CONTEXT('2D SPACE',''
  ) );
#2362 = PCURVE('',#2164,#2363);
#2363 = DEFINITIONAL_REPRESENTATION('',(#2364),#2368);
#2364 = LINE('',#2365,#2366);
#2365 = CARTESIAN_POINT('',(7.117952399642,-330.6542447347));
#2366 = VECTOR('',#2367,1.);
#2367 = DIRECTION('',(1.,-6.371093233338E-15));
#2368 = ( GEOMETRIC_REPRESENTATION_CONTEXT(2) 
PARAMETRIC_REPRESENTATION_CONTEXT() REPRESENTATION_CONTEXT('2D SPACE',''
  ) );
#2369 = ADVANCED_FACE('',(#2370),#2164,.F.);
#2370 = FACE_BOUND('',#2371,.F.);
#2371 = EDGE_LOOP('',(#2372,#2373,#2374,#2375));
#2372 = ORIENTED_EDGE('',*,*,#2150,.T.);
#2373 = ORIENTED_EDGE('',*,*,#2231,.T.);
#2374 = ORIENTED_EDGE('',*,*,#2302,.T.);
#2375 = ORIENTED_EDGE('',*,*,#2349,.T.);
#2376 = ADVANCED_FACE('',(#2377),#2110,.T.);
#2377 = FACE_BOUND('',#2378,.T.);
#2378 = EDGE_LOOP('',(#2379,#2380,#2381,#2382));
#2379 = ORIENTED_EDGE('',*,*,#2094,.T.);
#2380 = ORIENTED_EDGE('',*,*,#2180,.T.);
#2381 = ORIENTED_EDGE('',*,*,#2256,.T.);
#2382 = ORIENTED_EDGE('',*,*,#2327,.T.);
#2383 = ( GEOMETRIC_REPRESENTATION_CONTEXT(3) 
GLOBAL_UNCERTAINTY_ASSIGNED_CONTEXT((#2387)) 
GLOBAL_UNIT_ASSIGNED_CONTEXT((#2384,#2385,#2386)) REPRESENTATION_CONTEXT
('Context #1','3D Context with UNIT and UNCERTAINTY') );
#2384 = ( LENGTH_UNIT() NAMED_UNIT(*) SI_UNIT(.MILLI.,.METRE.) );
#2385 = ( NAMED_UNIT(*) PLANE_ANGLE_UNIT() SI_UNIT($,.RADIAN.) );
#2386 = ( NAMED_UNIT(*) SI_UNIT($,.STERADIAN.) SOLID_ANGLE_UNIT() );
#2387 = UNCERTAINTY_MEASURE_WITH_UNIT(LENGTH_MEASURE(1.E-07),#2384,
  'distance_accuracy_value','confusion accuracy');
#2388 = CONTEXT_DEPENDENT_SHAPE_REPRESENTATION(#2389,#2391);
#2389 = ( REPRESENTATION_RELATIONSHIP('','',#2052,#10) 
REPRESENTATION_RELATIONSHIP_WITH_TRANSFORMATION(#2390) 
SHAPE_REPRESENTATION_RELATIONSHIP() );
#2390 = ITEM_DEFINED_TRANSFORMATION('','',#11,#31);
#2391 = PRODUCT_DEFINITION_SHAPE('Placement','Placement of an item',
  #2392);
#2392 = NEXT_ASSEMBLY_USAGE_OCCURRENCE('44','SV3_WEDGE_A_2','',#5,#2047,
  $);
#2393 = PRODUCT_RELATED_PRODUCT_CATEGORY('part',$,(#2049));
#2394 = SHAPE_DEFINITION_REPRESENTATION(#2395,#2401);
#2395 = PRODUCT_DEFINITION_SHAPE('','',#2396);
#2396 = PRODUCT_DEFINITION('design','',#2397,#2400);
#2397 = PRODUCT_DEFINITION_FORMATION('','',#2398);
#2398 = PRODUCT('SV3_PANEL_B','SV3_PANEL_B','',(#2399));
#2399 = PRODUCT_CONTEXT('',#2,'mechanical');
#2400 = PRODUCT_DEFINITION_CONTEXT('part definition',#2,'design');
#2401 = ADVANCED_BREP_SHAPE_REPRESENTATION('',(#11,#2402),#2732);
#2402 = MANIFOLD_SOLID_BREP('',#2403);
#2403 = CLOSED_SHELL('',(#2404,#2524,#2624,#2671,#2718,#2725));
#2404 = ADVANCED_FACE('',(#2405),#2419,.F.);
#2405 = FACE_BOUND('',#2406,.F.);
#2406 = EDGE_LOOP('',(#2407,#2442,#2470,#2498));
#2407 = ORIENTED_EDGE('',*,*,#2408,.F.);
#2408 = EDGE_CURVE('',#2409,#2411,#2413,.T.);
#2409 = VERTEX_POINT('',#2410);
#2410 = CARTESIAN_POINT('',(-333.1863927867,25.,254.20835153491));
#2411 = VERTEX_POINT('',#2412);
#2412 = CARTESIAN_POINT('',(-334.9303046303,25.,279.14745279141));
#2413 = SURFACE_CURVE('',#2414,(#2418,#2430),.PCURVE_S1.);
#2414 = LINE('',#2415,#2416);
#2415 = CARTESIAN_POINT('',(-333.1863927867,25.,254.20835153491));
#2416 = VECTOR('',#2417,1.);
#2417 = DIRECTION('',(-6.975647374413E-02,0.,0.99756405026));
#2418 = PCURVE('',#2419,#2424);
#2419 = PLANE('',#2420);
#2420 = AXIS2_PLACEMENT_3D('',#2421,#2422,#2423);
#2421 = CARTESIAN_POINT('',(-333.1863927867,25.,254.20835153491));
#2422 = DIRECTION('',(0.99756405026,0.,6.975647374413E-02));
#2423 = DIRECTION('',(-6.975647374413E-02,0.,0.99756405026));
#2424 = DEFINITIONAL_REPRESENTATION('',(#2425),#2429);
#2425 = LINE('',#2426,#2427);
#2426 = CARTESIAN_POINT('',(0.,0.));
#2427 = VECTOR('',#2428,1.);
#2428 = DIRECTION('',(1.,0.));
#2429 = ( GEOMETRIC_REPRESENTATION_CONTEXT(2) 
PARAMETRIC_REPRESENTATION_CONTEXT() REPRESENTATION_CONTEXT('2D SPACE',''
  ) );
#2430 = PCURVE('',#2431,#2436);
#2431 = PLANE('',#2432);
#2432 = AXIS2_PLACEMENT_3D('',#2433,#2434,#2435);
#2433 = CARTESIAN_POINT('',(-333.1863927867,25.,254.20835153491));
#2434 = DIRECTION('',(0.,1.,0.));
#2435 = DIRECTION('',(-6.975647374413E-02,0.,0.99756405026));
#2436 = DEFINITIONAL_REPRESENTATION('',(#2437),#2441);
#2437 = LINE('',#2438,#2439);
#2438 = CARTESIAN_POINT('',(0.,0.));
#2439 = VECTOR('',#2440,1.);
#2440 = DIRECTION('',(1.,-4.861167905964E-18));
#2441 = ( GEOMETRIC_REPRESENTATION_CONTEXT(2) 
PARAMETRIC_REPRESENTATION_CONTEXT() REPRESENTATION_CONTEXT('2D SPACE',''
  ) );
#2442 = ORIENTED_EDGE('',*,*,#2443,.T.);
#2443 = EDGE_CURVE('',#2409,#2444,#2446,.T.);
#2444 = VERTEX_POINT('',#2445);
#2445 = CARTESIAN_POINT('',(-333.1863927867,450.,254.20835153491));
#2446 = SURFACE_CURVE('',#2447,(#2451,#2458),.PCURVE_S1.);
#2447 = LINE('',#2448,#2449);
#2448 = CARTESIAN_POINT('',(-333.1863927867,25.,254.20835153491));
#2449 = VECTOR('',#2450,1.);
#2450 = DIRECTION('',(0.,1.,0.));
#2451 = PCURVE('',#2419,#2452);
#2452 = DEFINITIONAL_REPRESENTATION('',(#2453),#2457);
#2453 = LINE('',#2454,#2455);
#2454 = CARTESIAN_POINT('',(0.,0.));
#2455 = VECTOR('',#2456,1.);
#2456 = DIRECTION('',(0.,-1.));
#2457 = ( GEOMETRIC_REPRESENTATION_CONTEXT(2) 
PARAMETRIC_REPRESENTATION_CONTEXT() REPRESENTATION_CONTEXT('2D SPACE',''
  ) );
#2458 = PCURVE('',#2459,#2464);
#2459 = PLANE('',#2460);
#2460 = AXIS2_PLACEMENT_3D('',#2461,#2462,#2463);
#2461 = CARTESIAN_POINT('',(-333.1863927867,25.,254.20835153491));
#2462 = DIRECTION('',(-6.975647374413E-02,0.,0.99756405026));
#2463 = DIRECTION('',(0.99756405026,0.,6.975647374413E-02));
#2464 = DEFINITIONAL_REPRESENTATION('',(#2465),#2469);
#2465 = LINE('',#2466,#2467);
#2466 = CARTESIAN_POINT('',(0.,0.));
#2467 = VECTOR('',#2468,1.);
#2468 = DIRECTION('',(0.,1.));
#2469 = ( GEOMETRIC_REPRESENTATION_CONTEXT(2) 
PARAMETRIC_REPRESENTATION_CONTEXT() REPRESENTATION_CONTEXT('2D SPACE',''
  ) );
#2470 = ORIENTED_EDGE('',*,*,#2471,.T.);
#2471 = EDGE_CURVE('',#2444,#2472,#2474,.T.);
#2472 = VERTEX_POINT('',#2473);
#2473 = CARTESIAN_POINT('',(-334.9303046303,450.,279.14745279141));
#2474 = SURFACE_CURVE('',#2475,(#2479,#2486),.PCURVE_S1.);
#2475 = LINE('',#2476,#2477);
#2476 = CARTESIAN_POINT('',(-333.1863927867,450.,254.20835153491));
#2477 = VECTOR('',#2478,1.);
#2478 = DIRECTION('',(-6.975647374413E-02,0.,0.99756405026));
#2479 = PCURVE('',#2419,#2480);
#2480 = DEFINITIONAL_REPRESENTATION('',(#2481),#2485);
#2481 = LINE('',#2482,#2483);
#2482 = CARTESIAN_POINT('',(0.,-425.));
#2483 = VECTOR('',#2484,1.);
#2484 = DIRECTION('',(1.,0.));
#2485 = ( GEOMETRIC_REPRESENTATION_CONTEXT(2) 
PARAMETRIC_REPRESENTATION_CONTEXT() REPRESENTATION_CONTEXT('2D SPACE',''
  ) );
#2486 = PCURVE('',#2487,#2492);
#2487 = PLANE('',#2488);
#2488 = AXIS2_PLACEMENT_3D('',#2489,#2490,#2491);
#2489 = CARTESIAN_POINT('',(-333.1863927867,450.,254.20835153491));
#2490 = DIRECTION('',(0.,1.,0.));
#2491 = DIRECTION('',(-6.975647374413E-02,0.,0.99756405026));
#2492 = DEFINITIONAL_REPRESENTATION('',(#2493),#2497);
#2493 = LINE('',#2494,#2495);
#2494 = CARTESIAN_POINT('',(0.,0.));
#2495 = VECTOR('',#2496,1.);
#2496 = DIRECTION('',(1.,-4.861167905964E-18));
#2497 = ( GEOMETRIC_REPRESENTATION_CONTEXT(2) 
PARAMETRIC_REPRESENTATION_CONTEXT() REPRESENTATION_CONTEXT('2D SPACE',''
  ) );
#2498 = ORIENTED_EDGE('',*,*,#2499,.F.);
#2499 = EDGE_CURVE('',#2411,#2472,#2500,.T.);
#2500 = SURFACE_CURVE('',#2501,(#2505,#2512),.PCURVE_S1.);
#2501 = LINE('',#2502,#2503);
#2502 = CARTESIAN_POINT('',(-334.9303046303,25.,279.14745279141));
#2503 = VECTOR('',#2504,1.);
#2504 = DIRECTION('',(0.,1.,0.));
#2505 = PCURVE('',#2419,#2506);
#2506 = DEFINITIONAL_REPRESENTATION('',(#2507),#2511);
#2507 = LINE('',#2508,#2509);
#2508 = CARTESIAN_POINT('',(25.,0.));
#2509 = VECTOR('',#2510,1.);
#2510 = DIRECTION('',(0.,-1.));
#2511 = ( GEOMETRIC_REPRESENTATION_CONTEXT(2) 
PARAMETRIC_REPRESENTATION_CONTEXT() REPRESENTATION_CONTEXT('2D SPACE',''
  ) );
#2512 = PCURVE('',#2513,#2518);
#2513 = PLANE('',#2514);
#2514 = AXIS2_PLACEMENT_3D('',#2515,#2516,#2517);
#2515 = CARTESIAN_POINT('',(-334.9303046303,25.,279.14745279141));
#2516 = DIRECTION('',(-6.975647374413E-02,0.,0.99756405026));
#2517 = DIRECTION('',(0.99756405026,0.,6.975647374413E-02));
#2518 = DEFINITIONAL_REPRESENTATION('',(#2519),#2523);
#2519 = LINE('',#2520,#2521);
#2520 = CARTESIAN_POINT('',(0.,0.));
#2521 = VECTOR('',#2522,1.);
#2522 = DIRECTION('',(0.,1.));
#2523 = ( GEOMETRIC_REPRESENTATION_CONTEXT(2) 
PARAMETRIC_REPRESENTATION_CONTEXT() REPRESENTATION_CONTEXT('2D SPACE',''
  ) );
#2524 = ADVANCED_FACE('',(#2525),#2539,.T.);
#2525 = FACE_BOUND('',#2526,.T.);
#2526 = EDGE_LOOP('',(#2527,#2557,#2580,#2603));
#2527 = ORIENTED_EDGE('',*,*,#2528,.F.);
#2528 = EDGE_CURVE('',#2529,#2531,#2533,.T.);
#2529 = VERTEX_POINT('',#2530);
#2530 = CARTESIAN_POINT('',(333.18639278678,25.,300.80567599599));
#2531 = VERTEX_POINT('',#2532);
#2532 = CARTESIAN_POINT('',(331.44248094317,25.,325.74477725248));
#2533 = SURFACE_CURVE('',#2534,(#2538,#2550),.PCURVE_S1.);
#2534 = LINE('',#2535,#2536);
#2535 = CARTESIAN_POINT('',(333.18639278678,25.,300.80567599599));
#2536 = VECTOR('',#2537,1.);
#2537 = DIRECTION('',(-6.975647374413E-02,0.,0.99756405026));
#2538 = PCURVE('',#2539,#2544);
#2539 = PLANE('',#2540);
#2540 = AXIS2_PLACEMENT_3D('',#2541,#2542,#2543);
#2541 = CARTESIAN_POINT('',(333.18639278678,25.,300.80567599599));
#2542 = DIRECTION('',(0.99756405026,0.,6.975647374413E-02));
#2543 = DIRECTION('',(-6.975647374413E-02,0.,0.99756405026));
#2544 = DEFINITIONAL_REPRESENTATION('',(#2545),#2549);
#2545 = LINE('',#2546,#2547);
#2546 = CARTESIAN_POINT('',(0.,0.));
#2547 = VECTOR('',#2548,1.);
#2548 = DIRECTION('',(1.,0.));
#2549 = ( GEOMETRIC_REPRESENTATION_CONTEXT(2) 
PARAMETRIC_REPRESENTATION_CONTEXT() REPRESENTATION_CONTEXT('2D SPACE',''
  ) );
#2550 = PCURVE('',#2431,#2551);
#2551 = DEFINITIONAL_REPRESENTATION('',(#2552),#2556);
#2552 = LINE('',#2553,#2554);
#2553 = CARTESIAN_POINT('',(-1.928504961688E-14,668.));
#2554 = VECTOR('',#2555,1.);
#2555 = DIRECTION('',(1.,-4.861167905964E-18));
#2556 = ( GEOMETRIC_REPRESENTATION_CONTEXT(2) 
PARAMETRIC_REPRESENTATION_CONTEXT() REPRESENTATION_CONTEXT('2D SPACE',''
  ) );
#2557 = ORIENTED_EDGE('',*,*,#2558,.T.);
#2558 = EDGE_CURVE('',#2529,#2559,#2561,.T.);
#2559 = VERTEX_POINT('',#2560);
#2560 = CARTESIAN_POINT('',(333.18639278678,450.,300.80567599599));
#2561 = SURFACE_CURVE('',#2562,(#2566,#2573),.PCURVE_S1.);
#2562 = LINE('',#2563,#2564);
#2563 = CARTESIAN_POINT('',(333.18639278678,25.,300.80567599599));
#2564 = VECTOR('',#2565,1.);
#2565 = DIRECTION('',(0.,1.,0.));
#2566 = PCURVE('',#2539,#2567);
#2567 = DEFINITIONAL_REPRESENTATION('',(#2568),#2572);
#2568 = LINE('',#2569,#2570);
#2569 = CARTESIAN_POINT('',(0.,0.));
#2570 = VECTOR('',#2571,1.);
#2571 = DIRECTION('',(0.,-1.));
#2572 = ( GEOMETRIC_REPRESENTATION_CONTEXT(2) 
PARAMETRIC_REPRESENTATION_CONTEXT() REPRESENTATION_CONTEXT('2D SPACE',''
  ) );
#2573 = PCURVE('',#2459,#2574);
#2574 = DEFINITIONAL_REPRESENTATION('',(#2575),#2579);
#2575 = LINE('',#2576,#2577);
#2576 = CARTESIAN_POINT('',(668.,0.));
#2577 = VECTOR('',#2578,1.);
#2578 = DIRECTION('',(0.,1.));
#2579 = ( GEOMETRIC_REPRESENTATION_CONTEXT(2) 
PARAMETRIC_REPRESENTATION_CONTEXT() REPRESENTATION_CONTEXT('2D SPACE',''
  ) );
#2580 = ORIENTED_EDGE('',*,*,#2581,.T.);
#2581 = EDGE_CURVE('',#2559,#2582,#2584,.T.);
#2582 = VERTEX_POINT('',#2583);
#2583 = CARTESIAN_POINT('',(331.44248094317,450.,325.74477725248));
#2584 = SURFACE_CURVE('',#2585,(#2589,#2596),.PCURVE_S1.);
#2585 = LINE('',#2586,#2587);
#2586 = CARTESIAN_POINT('',(333.18639278678,450.,300.80567599599));
#2587 = VECTOR('',#2588,1.);
#2588 = DIRECTION('',(-6.975647374413E-02,0.,0.99756405026));
#2589 = PCURVE('',#2539,#2590);
#2590 = DEFINITIONAL_REPRESENTATION('',(#2591),#2595);
#2591 = LINE('',#2592,#2593);
#2592 = CARTESIAN_POINT('',(0.,-425.));
#2593 = VECTOR('',#2594,1.);
#2594 = DIRECTION('',(1.,0.));
#2595 = ( GEOMETRIC_REPRESENTATION_CONTEXT(2) 
PARAMETRIC_REPRESENTATION_CONTEXT() REPRESENTATION_CONTEXT('2D SPACE',''
  ) );
#2596 = PCURVE('',#2487,#2597);
#2597 = DEFINITIONAL_REPRESENTATION('',(#2598),#2602);
#2598 = LINE('',#2599,#2600);
#2599 = CARTESIAN_POINT('',(-1.928504961688E-14,668.));
#2600 = VECTOR('',#2601,1.);
#2601 = DIRECTION('',(1.,-4.861167905964E-18));
#2602 = ( GEOMETRIC_REPRESENTATION_CONTEXT(2) 
PARAMETRIC_REPRESENTATION_CONTEXT() REPRESENTATION_CONTEXT('2D SPACE',''
  ) );
#2603 = ORIENTED_EDGE('',*,*,#2604,.F.);
#2604 = EDGE_CURVE('',#2531,#2582,#2605,.T.);
#2605 = SURFACE_CURVE('',#2606,(#2610,#2617),.PCURVE_S1.);
#2606 = LINE('',#2607,#2608);
#2607 = CARTESIAN_POINT('',(331.44248094317,25.,325.74477725248));
#2608 = VECTOR('',#2609,1.);
#2609 = DIRECTION('',(0.,1.,0.));
#2610 = PCURVE('',#2539,#2611);
#2611 = DEFINITIONAL_REPRESENTATION('',(#2612),#2616);
#2612 = LINE('',#2613,#2614);
#2613 = CARTESIAN_POINT('',(25.,0.));
#2614 = VECTOR('',#2615,1.);
#2615 = DIRECTION('',(0.,-1.));
#2616 = ( GEOMETRIC_REPRESENTATION_CONTEXT(2) 
PARAMETRIC_REPRESENTATION_CONTEXT() REPRESENTATION_CONTEXT('2D SPACE',''
  ) );
#2617 = PCURVE('',#2513,#2618);
#2618 = DEFINITIONAL_REPRESENTATION('',(#2619),#2623);
#2619 = LINE('',#2620,#2621);
#2620 = CARTESIAN_POINT('',(668.,0.));
#2621 = VECTOR('',#2622,1.);
#2622 = DIRECTION('',(0.,1.));
#2623 = ( GEOMETRIC_REPRESENTATION_CONTEXT(2) 
PARAMETRIC_REPRESENTATION_CONTEXT() REPRESENTATION_CONTEXT('2D SPACE',''
  ) );
#2624 = ADVANCED_FACE('',(#2625),#2431,.F.);
#2625 = FACE_BOUND('',#2626,.F.);
#2626 = EDGE_LOOP('',(#2627,#2648,#2649,#2670));
#2627 = ORIENTED_EDGE('',*,*,#2628,.F.);
#2628 = EDGE_CURVE('',#2409,#2529,#2629,.T.);
#2629 = SURFACE_CURVE('',#2630,(#2634,#2641),.PCURVE_S1.);
#2630 = LINE('',#2631,#2632);
#2631 = CARTESIAN_POINT('',(-333.1863927867,25.,254.20835153491));
#2632 = VECTOR('',#2633,1.);
#2633 = DIRECTION('',(0.99756405026,0.,6.975647374413E-02));
#2634 = PCURVE('',#2431,#2635);
#2635 = DEFINITIONAL_REPRESENTATION('',(#2636),#2640);
#2636 = LINE('',#2637,#2638);
#2637 = CARTESIAN_POINT('',(0.,0.));
#2638 = VECTOR('',#2639,1.);
#2639 = DIRECTION('',(-4.861167905964E-18,1.));
#2640 = ( GEOMETRIC_REPRESENTATION_CONTEXT(2) 
PARAMETRIC_REPRESENTATION_CONTEXT() REPRESENTATION_CONTEXT('2D SPACE',''
  ) );
#2641 = PCURVE('',#2459,#2642);
#2642 = DEFINITIONAL_REPRESENTATION('',(#2643),#2647);
#2643 = LINE('',#2644,#2645);
#2644 = CARTESIAN_POINT('',(0.,0.));
#2645 = VECTOR('',#2646,1.);
#2646 = DIRECTION('',(1.,0.));
#2647 = ( GEOMETRIC_REPRESENTATION_CONTEXT(2) 
PARAMETRIC_REPRESENTATION_CONTEXT() REPRESENTATION_CONTEXT('2D SPACE',''
  ) );
#2648 = ORIENTED_EDGE('',*,*,#2408,.T.);
#2649 = ORIENTED_EDGE('',*,*,#2650,.T.);
#2650 = EDGE_CURVE('',#2411,#2531,#2651,.T.);
#2651 = SURFACE_CURVE('',#2652,(#2656,#2663),.PCURVE_S1.);
#2652 = LINE('',#2653,#2654);
#2653 = CARTESIAN_POINT('',(-334.9303046303,25.,279.14745279141));
#2654 = VECTOR('',#2655,1.);
#2655 = DIRECTION('',(0.99756405026,0.,6.975647374413E-02));
#2656 = PCURVE('',#2431,#2657);
#2657 = DEFINITIONAL_REPRESENTATION('',(#2658),#2662);
#2658 = LINE('',#2659,#2660);
#2659 = CARTESIAN_POINT('',(25.,-8.773474292186E-15));
#2660 = VECTOR('',#2661,1.);
#2661 = DIRECTION('',(-4.861167905964E-18,1.));
#2662 = ( GEOMETRIC_REPRESENTATION_CONTEXT(2) 
PARAMETRIC_REPRESENTATION_CONTEXT() REPRESENTATION_CONTEXT('2D SPACE',''
  ) );
#2663 = PCURVE('',#2513,#2664);
#2664 = DEFINITIONAL_REPRESENTATION('',(#2665),#2669);
#2665 = LINE('',#2666,#2667);
#2666 = CARTESIAN_POINT('',(0.,0.));
#2667 = VECTOR('',#2668,1.);
#2668 = DIRECTION('',(1.,0.));
#2669 = ( GEOMETRIC_REPRESENTATION_CONTEXT(2) 
PARAMETRIC_REPRESENTATION_CONTEXT() REPRESENTATION_CONTEXT('2D SPACE',''
  ) );
#2670 = ORIENTED_EDGE('',*,*,#2528,.F.);
#2671 = ADVANCED_FACE('',(#2672),#2487,.T.);
#2672 = FACE_BOUND('',#2673,.T.);
#2673 = EDGE_LOOP('',(#2674,#2695,#2696,#2717));
#2674 = ORIENTED_EDGE('',*,*,#2675,.F.);
#2675 = EDGE_CURVE('',#2444,#2559,#2676,.T.);
#2676 = SURFACE_CURVE('',#2677,(#2681,#2688),.PCURVE_S1.);
#2677 = LINE('',#2678,#2679);
#2678 = CARTESIAN_POINT('',(-333.1863927867,450.,254.20835153491));
#2679 = VECTOR('',#2680,1.);
#2680 = DIRECTION('',(0.99756405026,0.,6.975647374413E-02));
#2681 = PCURVE('',#2487,#2682);
#2682 = DEFINITIONAL_REPRESENTATION('',(#2683),#2687);
#2683 = LINE('',#2684,#2685);
#2684 = CARTESIAN_POINT('',(0.,0.));
#2685 = VECTOR('',#2686,1.);
#2686 = DIRECTION('',(-4.861167905964E-18,1.));
#2687 = ( GEOMETRIC_REPRESENTATION_CONTEXT(2) 
PARAMETRIC_REPRESENTATION_CONTEXT() REPRESENTATION_CONTEXT('2D SPACE',''
  ) );
#2688 = PCURVE('',#2459,#2689);
#2689 = DEFINITIONAL_REPRESENTATION('',(#2690),#2694);
#2690 = LINE('',#2691,#2692);
#2691 = CARTESIAN_POINT('',(0.,425.));
#2692 = VECTOR('',#2693,1.);
#2693 = DIRECTION('',(1.,0.));
#2694 = ( GEOMETRIC_REPRESENTATION_CONTEXT(2) 
PARAMETRIC_REPRESENTATION_CONTEXT() REPRESENTATION_CONTEXT('2D SPACE',''
  ) );
#2695 = ORIENTED_EDGE('',*,*,#2471,.T.);
#2696 = ORIENTED_EDGE('',*,*,#2697,.T.);
#2697 = EDGE_CURVE('',#2472,#2582,#2698,.T.);
#2698 = SURFACE_CURVE('',#2699,(#2703,#2710),.PCURVE_S1.);
#2699 = LINE('',#2700,#2701);
#2700 = CARTESIAN_POINT('',(-334.9303046303,450.,279.14745279141));
#2701 = VECTOR('',#2702,1.);
#2702 = DIRECTION('',(0.99756405026,0.,6.975647374413E-02));
#2703 = PCURVE('',#2487,#2704);
#2704 = DEFINITIONAL_REPRESENTATION('',(#2705),#2709);
#2705 = LINE('',#2706,#2707);
#2706 = CARTESIAN_POINT('',(25.,-8.773474292186E-15));
#2707 = VECTOR('',#2708,1.);
#2708 = DIRECTION('',(-4.861167905964E-18,1.));
#2709 = ( GEOMETRIC_REPRESENTATION_CONTEXT(2) 
PARAMETRIC_REPRESENTATION_CONTEXT() REPRESENTATION_CONTEXT('2D SPACE',''
  ) );
#2710 = PCURVE('',#2513,#2711);
#2711 = DEFINITIONAL_REPRESENTATION('',(#2712),#2716);
#2712 = LINE('',#2713,#2714);
#2713 = CARTESIAN_POINT('',(0.,425.));
#2714 = VECTOR('',#2715,1.);
#2715 = DIRECTION('',(1.,0.));
#2716 = ( GEOMETRIC_REPRESENTATION_CONTEXT(2) 
PARAMETRIC_REPRESENTATION_CONTEXT() REPRESENTATION_CONTEXT('2D SPACE',''
  ) );
#2717 = ORIENTED_EDGE('',*,*,#2581,.F.);
#2718 = ADVANCED_FACE('',(#2719),#2459,.F.);
#2719 = FACE_BOUND('',#2720,.F.);
#2720 = EDGE_LOOP('',(#2721,#2722,#2723,#2724));
#2721 = ORIENTED_EDGE('',*,*,#2443,.F.);
#2722 = ORIENTED_EDGE('',*,*,#2628,.T.);
#2723 = ORIENTED_EDGE('',*,*,#2558,.T.);
#2724 = ORIENTED_EDGE('',*,*,#2675,.F.);
#2725 = ADVANCED_FACE('',(#2726),#2513,.T.);
#2726 = FACE_BOUND('',#2727,.T.);
#2727 = EDGE_LOOP('',(#2728,#2729,#2730,#2731));
#2728 = ORIENTED_EDGE('',*,*,#2499,.F.);
#2729 = ORIENTED_EDGE('',*,*,#2650,.T.);
#2730 = ORIENTED_EDGE('',*,*,#2604,.T.);
#2731 = ORIENTED_EDGE('',*,*,#2697,.F.);
#2732 = ( GEOMETRIC_REPRESENTATION_CONTEXT(3) 
GLOBAL_UNCERTAINTY_ASSIGNED_CONTEXT((#2736)) 
GLOBAL_UNIT_ASSIGNED_CONTEXT((#2733,#2734,#2735)) REPRESENTATION_CONTEXT
('Context #1','3D Context with UNIT and UNCERTAINTY') );
#2733 = ( LENGTH_UNIT() NAMED_UNIT(*) SI_UNIT(.MILLI.,.METRE.) );
#2734 = ( NAMED_UNIT(*) PLANE_ANGLE_UNIT() SI_UNIT($,.RADIAN.) );
#2735 = ( NAMED_UNIT(*) SI_UNIT($,.STERADIAN.) SOLID_ANGLE_UNIT() );
#2736 = UNCERTAINTY_MEASURE_WITH_UNIT(LENGTH_MEASURE(1.E-07),#2733,
  'distance_accuracy_value','confusion accuracy');
#2737 = CONTEXT_DEPENDENT_SHAPE_REPRESENTATION(#2738,#2740);
#2738 = ( REPRESENTATION_RELATIONSHIP('','',#2401,#10) 
REPRESENTATION_RELATIONSHIP_WITH_TRANSFORMATION(#2739) 
SHAPE_REPRESENTATION_RELATIONSHIP() );
#2739 = ITEM_DEFINED_TRANSFORMATION('','',#11,#35);
#2740 = PRODUCT_DEFINITION_SHAPE('Placement','Placement of an item',
  #2741);
#2741 = NEXT_ASSEMBLY_USAGE_OCCURRENCE('45','SV3_PANEL_B','',#5,#2396,$
  );
#2742 = PRODUCT_RELATED_PRODUCT_CATEGORY('part',$,(#2398));
#2743 = SHAPE_DEFINITION_REPRESENTATION(#2744,#2750);
#2744 = PRODUCT_DEFINITION_SHAPE('','',#2745);
#2745 = PRODUCT_DEFINITION('design','',#2746,#2749);
#2746 = PRODUCT_DEFINITION_FORMATION('','',#2747);
#2747 = PRODUCT('SV3_WEDGE_B_1','SV3_WEDGE_B_1','',(#2748));
#2748 = PRODUCT_CONTEXT('',#2,'mechanical');
#2749 = PRODUCT_DEFINITION_CONTEXT('part definition',#2,'design');
#2750 = ADVANCED_BREP_SHAPE_REPRESENTATION('',(#11,#2751),#3081);
#2751 = MANIFOLD_SOLID_BREP('',#2752);
#2752 = CLOSED_SHELL('',(#2753,#2873,#2949,#3020,#3067,#3074));
#2753 = ADVANCED_FACE('',(#2754),#2768,.F.);
#2754 = FACE_BOUND('',#2755,.F.);
#2755 = EDGE_LOOP('',(#2756,#2791,#2819,#2847));
#2756 = ORIENTED_EDGE('',*,*,#2757,.T.);
#2757 = EDGE_CURVE('',#2758,#2760,#2762,.T.);
#2758 = VERTEX_POINT('',#2759);
#2759 = CARTESIAN_POINT('',(-320.,66.,246.20835153491));
#2760 = VERTEX_POINT('',#2761);
#2761 = CARTESIAN_POINT('',(-320.,44.,246.20835153491));
#2762 = SURFACE_CURVE('',#2763,(#2767,#2779),.PCURVE_S1.);
#2763 = LINE('',#2764,#2765);
#2764 = CARTESIAN_POINT('',(-320.,66.,246.20835153491));
#2765 = VECTOR('',#2766,1.);
#2766 = DIRECTION('',(0.,-1.,0.));
#2767 = PCURVE('',#2768,#2773);
#2768 = PLANE('',#2769);
#2769 = AXIS2_PLACEMENT_3D('',#2770,#2771,#2772);
#2770 = CARTESIAN_POINT('',(-320.,66.,246.20835153491));
#2771 = DIRECTION('',(0.,0.,1.));
#2772 = DIRECTION('',(1.,0.,0.));
#2773 = DEFINITIONAL_REPRESENTATION('',(#2774),#2778);
#2774 = LINE('',#2775,#2776);
#2775 = CARTESIAN_POINT('',(0.,0.));
#2776 = VECTOR('',#2777,1.);
#2777 = DIRECTION('',(0.,-1.));
#2778 = ( GEOMETRIC_REPRESENTATION_CONTEXT(2) 
PARAMETRIC_REPRESENTATION_CONTEXT() REPRESENTATION_CONTEXT('2D SPACE',''
  ) );
#2779 = PCURVE('',#2780,#2785);
#2780 = PLANE('',#2781);
#2781 = AXIS2_PLACEMENT_3D('',#2782,#2783,#2784);
#2782 = CARTESIAN_POINT('',(-320.,66.,255.13043394353));
#2783 = DIRECTION('',(1.,0.,-6.371093233338E-15));
#2784 = DIRECTION('',(-6.371093233338E-15,0.,-1.));
#2785 = DEFINITIONAL_REPRESENTATION('',(#2786),#2790);
#2786 = LINE('',#2787,#2788);
#2787 = CARTESIAN_POINT('',(8.922082408615,0.));
#2788 = VECTOR('',#2789,1.);
#2789 = DIRECTION('',(-0.,-1.));
#2790 = ( GEOMETRIC_REPRESENTATION_CONTEXT(2) 
PARAMETRIC_REPRESENTATION_CONTEXT() REPRESENTATION_CONTEXT('2D SPACE',''
  ) );
#2791 = ORIENTED_EDGE('',*,*,#2792,.T.);
#2792 = EDGE_CURVE('',#2760,#2793,#2795,.T.);
#2793 = VERTEX_POINT('',#2794);
#2794 = CARTESIAN_POINT('',(320.,44.,246.20835153491));
#2795 = SURFACE_CURVE('',#2796,(#2800,#2807),.PCURVE_S1.);
#2796 = LINE('',#2797,#2798);
#2797 = CARTESIAN_POINT('',(-320.,44.,246.20835153491));
#2798 = VECTOR('',#2799,1.);
#2799 = DIRECTION('',(1.,0.,0.));
#2800 = PCURVE('',#2768,#2801);
#2801 = DEFINITIONAL_REPRESENTATION('',(#2802),#2806);
#2802 = LINE('',#2803,#2804);
#2803 = CARTESIAN_POINT('',(0.,-22.));
#2804 = VECTOR('',#2805,1.);
#2805 = DIRECTION('',(1.,0.));
#2806 = ( GEOMETRIC_REPRESENTATION_CONTEXT(2) 
PARAMETRIC_REPRESENTATION_CONTEXT() REPRESENTATION_CONTEXT('2D SPACE',''
  ) );
#2807 = PCURVE('',#2808,#2813);
#2808 = PLANE('',#2809);
#2809 = AXIS2_PLACEMENT_3D('',#2810,#2811,#2812);
#2810 = CARTESIAN_POINT('',(10.65424473471,44.,262.24838634317));
#2811 = DIRECTION('',(-0.,-1.,-0.));
#2812 = DIRECTION('',(0.,0.,-1.));
#2813 = DEFINITIONAL_REPRESENTATION('',(#2814),#2818);
#2814 = LINE('',#2815,#2816);
#2815 = CARTESIAN_POINT('',(16.040034808256,-330.6542447347));
#2816 = VECTOR('',#2817,1.);
#2817 = DIRECTION('',(0.,1.));
#2818 = ( GEOMETRIC_REPRESENTATION_CONTEXT(2) 
PARAMETRIC_REPRESENTATION_CONTEXT() REPRESENTATION_CONTEXT('2D SPACE',''
  ) );
#2819 = ORIENTED_EDGE('',*,*,#2820,.F.);
#2820 = EDGE_CURVE('',#2821,#2793,#2823,.T.);
#2821 = VERTEX_POINT('',#2822);
#2822 = CARTESIAN_POINT('',(320.,66.,246.20835153491));
#2823 = SURFACE_CURVE('',#2824,(#2828,#2835),.PCURVE_S1.);
#2824 = LINE('',#2825,#2826);
#2825 = CARTESIAN_POINT('',(320.,66.,246.20835153491));
#2826 = VECTOR('',#2827,1.);
#2827 = DIRECTION('',(0.,-1.,0.));
#2828 = PCURVE('',#2768,#2829);
#2829 = DEFINITIONAL_REPRESENTATION('',(#2830),#2834);
#2830 = LINE('',#2831,#2832);
#2831 = CARTESIAN_POINT('',(640.,0.));
#2832 = VECTOR('',#2833,1.);
#2833 = DIRECTION('',(0.,-1.));
#2834 = ( GEOMETRIC_REPRESENTATION_CONTEXT(2) 
PARAMETRIC_REPRESENTATION_CONTEXT() REPRESENTATION_CONTEXT('2D SPACE',''
  ) );
#2835 = PCURVE('',#2836,#2841);
#2836 = PLANE('',#2837);
#2837 = AXIS2_PLACEMENT_3D('',#2838,#2839,#2840);
#2838 = CARTESIAN_POINT('',(320.,66.,246.20835153491));
#2839 = DIRECTION('',(-1.,0.,0.));
#2840 = DIRECTION('',(0.,0.,1.));
#2841 = DEFINITIONAL_REPRESENTATION('',(#2842),#2846);
#2842 = LINE('',#2843,#2844);
#2843 = CARTESIAN_POINT('',(0.,0.));
#2844 = VECTOR('',#2845,1.);
#2845 = DIRECTION('',(0.,-1.));
#2846 = ( GEOMETRIC_REPRESENTATION_CONTEXT(2) 
PARAMETRIC_REPRESENTATION_CONTEXT() REPRESENTATION_CONTEXT('2D SPACE',''
  ) );
#2847 = ORIENTED_EDGE('',*,*,#2848,.F.);
#2848 = EDGE_CURVE('',#2758,#2821,#2849,.T.);
#2849 = SURFACE_CURVE('',#2850,(#2854,#2861),.PCURVE_S1.);
#2850 = LINE('',#2851,#2852);
#2851 = CARTESIAN_POINT('',(-320.,66.,246.20835153491));
#2852 = VECTOR('',#2853,1.);
#2853 = DIRECTION('',(1.,0.,0.));
#2854 = PCURVE('',#2768,#2855);
#2855 = DEFINITIONAL_REPRESENTATION('',(#2856),#2860);
#2856 = LINE('',#2857,#2858);
#2857 = CARTESIAN_POINT('',(0.,0.));
#2858 = VECTOR('',#2859,1.);
#2859 = DIRECTION('',(1.,0.));
#2860 = ( GEOMETRIC_REPRESENTATION_CONTEXT(2) 
PARAMETRIC_REPRESENTATION_CONTEXT() REPRESENTATION_CONTEXT('2D SPACE',''
  ) );
#2861 = PCURVE('',#2862,#2867);
#2862 = PLANE('',#2863);
#2863 = AXIS2_PLACEMENT_3D('',#2864,#2865,#2866);
#2864 = CARTESIAN_POINT('',(10.65424473471,66.,262.24838634317));
#2865 = DIRECTION('',(-0.,-1.,-0.));
#2866 = DIRECTION('',(0.,0.,-1.));
#2867 = DEFINITIONAL_REPRESENTATION('',(#2868),#2872);
#2868 = LINE('',#2869,#2870);
#2869 = CARTESIAN_POINT('',(16.040034808256,-330.6542447347));
#2870 = VECTOR('',#2871,1.);
#2871 = DIRECTION('',(0.,1.));
#2872 = ( GEOMETRIC_REPRESENTATION_CONTEXT(2) 
PARAMETRIC_REPRESENTATION_CONTEXT() REPRESENTATION_CONTEXT('2D SPACE',''
  ) );
#2873 = ADVANCED_FACE('',(#2874),#2836,.F.);
#2874 = FACE_BOUND('',#2875,.F.);
#2875 = EDGE_LOOP('',(#2876,#2877,#2900,#2928));
#2876 = ORIENTED_EDGE('',*,*,#2820,.T.);
#2877 = ORIENTED_EDGE('',*,*,#2878,.T.);
#2878 = EDGE_CURVE('',#2793,#2879,#2881,.T.);
#2879 = VERTEX_POINT('',#2880);
#2880 = CARTESIAN_POINT('',(320.,44.,299.88359358737));
#2881 = SURFACE_CURVE('',#2882,(#2886,#2893),.PCURVE_S1.);
#2882 = LINE('',#2883,#2884);
#2883 = CARTESIAN_POINT('',(320.,44.,246.20835153491));
#2884 = VECTOR('',#2885,1.);
#2885 = DIRECTION('',(0.,0.,1.));
#2886 = PCURVE('',#2836,#2887);
#2887 = DEFINITIONAL_REPRESENTATION('',(#2888),#2892);
#2888 = LINE('',#2889,#2890);
#2889 = CARTESIAN_POINT('',(0.,-22.));
#2890 = VECTOR('',#2891,1.);
#2891 = DIRECTION('',(1.,0.));
#2892 = ( GEOMETRIC_REPRESENTATION_CONTEXT(2) 
PARAMETRIC_REPRESENTATION_CONTEXT() REPRESENTATION_CONTEXT('2D SPACE',''
  ) );
#2893 = PCURVE('',#2808,#2894);
#2894 = DEFINITIONAL_REPRESENTATION('',(#2895),#2899);
#2895 = LINE('',#2896,#2897);
#2896 = CARTESIAN_POINT('',(16.040034808256,309.34575526529));
#2897 = VECTOR('',#2898,1.);
#2898 = DIRECTION('',(-1.,0.));
#2899 = ( GEOMETRIC_REPRESENTATION_CONTEXT(2) 
PARAMETRIC_REPRESENTATION_CONTEXT() REPRESENTATION_CONTEXT('2D SPACE',''
  ) );
#2900 = ORIENTED_EDGE('',*,*,#2901,.F.);
#2901 = EDGE_CURVE('',#2902,#2879,#2904,.T.);
#2902 = VERTEX_POINT('',#2903);
#2903 = CARTESIAN_POINT('',(320.,66.,299.88359358737));
#2904 = SURFACE_CURVE('',#2905,(#2909,#2916),.PCURVE_S1.);
#2905 = LINE('',#2906,#2907);
#2906 = CARTESIAN_POINT('',(320.,66.,299.88359358737));
#2907 = VECTOR('',#2908,1.);
#2908 = DIRECTION('',(0.,-1.,0.));
#2909 = PCURVE('',#2836,#2910);
#2910 = DEFINITIONAL_REPRESENTATION('',(#2911),#2915);
#2911 = LINE('',#2912,#2913);
#2912 = CARTESIAN_POINT('',(53.675242052461,0.));
#2913 = VECTOR('',#2914,1.);
#2914 = DIRECTION('',(0.,-1.));
#2915 = ( GEOMETRIC_REPRESENTATION_CONTEXT(2) 
PARAMETRIC_REPRESENTATION_CONTEXT() REPRESENTATION_CONTEXT('2D SPACE',''
  ) );
#2916 = PCURVE('',#2917,#2922);
#2917 = PLANE('',#2918);
#2918 = AXIS2_PLACEMENT_3D('',#2919,#2920,#2921);
#2919 = CARTESIAN_POINT('',(320.,66.,299.88359358737));
#2920 = DIRECTION('',(6.975647374413E-02,0.,-0.99756405026));
#2921 = DIRECTION('',(-0.99756405026,0.,-6.975647374413E-02));
#2922 = DEFINITIONAL_REPRESENTATION('',(#2923),#2927);
#2923 = LINE('',#2924,#2925);
#2924 = CARTESIAN_POINT('',(0.,0.));
#2925 = VECTOR('',#2926,1.);
#2926 = DIRECTION('',(-0.,-1.));
#2927 = ( GEOMETRIC_REPRESENTATION_CONTEXT(2) 
PARAMETRIC_REPRESENTATION_CONTEXT() REPRESENTATION_CONTEXT('2D SPACE',''
  ) );
#2928 = ORIENTED_EDGE('',*,*,#2929,.F.);
#2929 = EDGE_CURVE('',#2821,#2902,#2930,.T.);
#2930 = SURFACE_CURVE('',#2931,(#2935,#2942),.PCURVE_S1.);
#2931 = LINE('',#2932,#2933);
#2932 = CARTESIAN_POINT('',(320.,66.,246.20835153491));
#2933 = VECTOR('',#2934,1.);
#2934 = DIRECTION('',(0.,0.,1.));
#2935 = PCURVE('',#2836,#2936);
#2936 = DEFINITIONAL_REPRESENTATION('',(#2937),#2941);
#2937 = LINE('',#2938,#2939);
#2938 = CARTESIAN_POINT('',(0.,0.));
#2939 = VECTOR('',#2940,1.);
#2940 = DIRECTION('',(1.,0.));
#2941 = ( GEOMETRIC_REPRESENTATION_CONTEXT(2) 
PARAMETRIC_REPRESENTATION_CONTEXT() REPRESENTATION_CONTEXT('2D SPACE',''
  ) );
#2942 = PCURVE('',#2862,#2943);
#2943 = DEFINITIONAL_REPRESENTATION('',(#2944),#2948);
#2944 = LINE('',#2945,#2946);
#2945 = CARTESIAN_POINT('',(16.040034808256,309.34575526529));
#2946 = VECTOR('',#2947,1.);
#2947 = DIRECTION('',(-1.,0.));
#2948 = ( GEOMETRIC_REPRESENTATION_CONTEXT(2) 
PARAMETRIC_REPRESENTATION_CONTEXT() REPRESENTATION_CONTEXT('2D SPACE',''
  ) );
#2949 = ADVANCED_FACE('',(#2950),#2917,.F.);
#2950 = FACE_BOUND('',#2951,.F.);
#2951 = EDGE_LOOP('',(#2952,#2953,#2976,#2999));
#2952 = ORIENTED_EDGE('',*,*,#2901,.T.);
#2953 = ORIENTED_EDGE('',*,*,#2954,.T.);
#2954 = EDGE_CURVE('',#2879,#2955,#2957,.T.);
#2955 = VERTEX_POINT('',#2956);
#2956 = CARTESIAN_POINT('',(-320.,44.,255.13043394353));
#2957 = SURFACE_CURVE('',#2958,(#2962,#2969),.PCURVE_S1.);
#2958 = LINE('',#2959,#2960);
#2959 = CARTESIAN_POINT('',(320.,44.,299.88359358737));
#2960 = VECTOR('',#2961,1.);
#2961 = DIRECTION('',(-0.99756405026,0.,-6.975647374413E-02));
#2962 = PCURVE('',#2917,#2963);
#2963 = DEFINITIONAL_REPRESENTATION('',(#2964),#2968);
#2964 = LINE('',#2965,#2966);
#2965 = CARTESIAN_POINT('',(-0.,-22.));
#2966 = VECTOR('',#2967,1.);
#2967 = DIRECTION('',(1.,0.));
#2968 = ( GEOMETRIC_REPRESENTATION_CONTEXT(2) 
PARAMETRIC_REPRESENTATION_CONTEXT() REPRESENTATION_CONTEXT('2D SPACE',''
  ) );
#2969 = PCURVE('',#2808,#2970);
#2970 = DEFINITIONAL_REPRESENTATION('',(#2971),#2975);
#2971 = LINE('',#2972,#2973);
#2972 = CARTESIAN_POINT('',(-37.6352072442,309.34575526529));
#2973 = VECTOR('',#2974,1.);
#2974 = DIRECTION('',(6.975647374413E-02,-0.99756405026));
#2975 = ( GEOMETRIC_REPRESENTATION_CONTEXT(2) 
PARAMETRIC_REPRESENTATION_CONTEXT() REPRESENTATION_CONTEXT('2D SPACE',''
  ) );
#2976 = ORIENTED_EDGE('',*,*,#2977,.F.);
#2977 = EDGE_CURVE('',#2978,#2955,#2980,.T.);
#2978 = VERTEX_POINT('',#2979);
#2979 = CARTESIAN_POINT('',(-320.,66.,255.13043394353));
#2980 = SURFACE_CURVE('',#2981,(#2985,#2992),.PCURVE_S1.);
#2981 = LINE('',#2982,#2983);
#2982 = CARTESIAN_POINT('',(-320.,66.,255.13043394353));
#2983 = VECTOR('',#2984,1.);
#2984 = DIRECTION('',(0.,-1.,0.));
#2985 = PCURVE('',#2917,#2986);
#2986 = DEFINITIONAL_REPRESENTATION('',(#2987),#2991);
#2987 = LINE('',#2988,#2989);
#2988 = CARTESIAN_POINT('',(641.56281477195,0.));
#2989 = VECTOR('',#2990,1.);
#2990 = DIRECTION('',(-0.,-1.));
#2991 = ( GEOMETRIC_REPRESENTATION_CONTEXT(2) 
PARAMETRIC_REPRESENTATION_CONTEXT() REPRESENTATION_CONTEXT('2D SPACE',''
  ) );
#2992 = PCURVE('',#2780,#2993);
#2993 = DEFINITIONAL_REPRESENTATION('',(#2994),#2998);
#2994 = LINE('',#2995,#2996);
#2995 = CARTESIAN_POINT('',(0.,0.));
#2996 = VECTOR('',#2997,1.);
#2997 = DIRECTION('',(-0.,-1.));
#2998 = ( GEOMETRIC_REPRESENTATION_CONTEXT(2) 
PARAMETRIC_REPRESENTATION_CONTEXT() REPRESENTATION_CONTEXT('2D SPACE',''
  ) );
#2999 = ORIENTED_EDGE('',*,*,#3000,.F.);
#3000 = EDGE_CURVE('',#2902,#2978,#3001,.T.);
#3001 = SURFACE_CURVE('',#3002,(#3006,#3013),.PCURVE_S1.);
#3002 = LINE('',#3003,#3004);
#3003 = CARTESIAN_POINT('',(320.,66.,299.88359358737));
#3004 = VECTOR('',#3005,1.);
#3005 = DIRECTION('',(-0.99756405026,0.,-6.975647374413E-02));
#3006 = PCURVE('',#2917,#3007);
#3007 = DEFINITIONAL_REPRESENTATION('',(#3008),#3012);
#3008 = LINE('',#3009,#3010);
#3009 = CARTESIAN_POINT('',(0.,0.));
#3010 = VECTOR('',#3011,1.);
#3011 = DIRECTION('',(1.,0.));
#3012 = ( GEOMETRIC_REPRESENTATION_CONTEXT(2) 
PARAMETRIC_REPRESENTATION_CONTEXT() REPRESENTATION_CONTEXT('2D SPACE',''
  ) );
#3013 = PCURVE('',#2862,#3014);
#3014 = DEFINITIONAL_REPRESENTATION('',(#3015),#3019);
#3015 = LINE('',#3016,#3017);
#3016 = CARTESIAN_POINT('',(-37.6352072442,309.34575526529));
#3017 = VECTOR('',#3018,1.);
#3018 = DIRECTION('',(6.975647374413E-02,-0.99756405026));
#3019 = ( GEOMETRIC_REPRESENTATION_CONTEXT(2) 
PARAMETRIC_REPRESENTATION_CONTEXT() REPRESENTATION_CONTEXT('2D SPACE',''
  ) );
#3020 = ADVANCED_FACE('',(#3021),#2780,.F.);
#3021 = FACE_BOUND('',#3022,.F.);
#3022 = EDGE_LOOP('',(#3023,#3024,#3045,#3046));
#3023 = ORIENTED_EDGE('',*,*,#2977,.T.);
#3024 = ORIENTED_EDGE('',*,*,#3025,.T.);
#3025 = EDGE_CURVE('',#2955,#2760,#3026,.T.);
#3026 = SURFACE_CURVE('',#3027,(#3031,#3038),.PCURVE_S1.);
#3027 = LINE('',#3028,#3029);
#3028 = CARTESIAN_POINT('',(-320.,44.,255.13043394353));
#3029 = VECTOR('',#3030,1.);
#3030 = DIRECTION('',(-6.371093233338E-15,0.,-1.));
#3031 = PCURVE('',#2780,#3032);
#3032 = DEFINITIONAL_REPRESENTATION('',(#3033),#3037);
#3033 = LINE('',#3034,#3035);
#3034 = CARTESIAN_POINT('',(-0.,-22.));
#3035 = VECTOR('',#3036,1.);
#3036 = DIRECTION('',(1.,0.));
#3037 = ( GEOMETRIC_REPRESENTATION_CONTEXT(2) 
PARAMETRIC_REPRESENTATION_CONTEXT() REPRESENTATION_CONTEXT('2D SPACE',''
  ) );
#3038 = PCURVE('',#2808,#3039);
#3039 = DEFINITIONAL_REPRESENTATION('',(#3040),#3044);
#3040 = LINE('',#3041,#3042);
#3041 = CARTESIAN_POINT('',(7.117952399642,-330.6542447347));
#3042 = VECTOR('',#3043,1.);
#3043 = DIRECTION('',(1.,-6.371093233338E-15));
#3044 = ( GEOMETRIC_REPRESENTATION_CONTEXT(2) 
PARAMETRIC_REPRESENTATION_CONTEXT() REPRESENTATION_CONTEXT('2D SPACE',''
  ) );
#3045 = ORIENTED_EDGE('',*,*,#2757,.F.);
#3046 = ORIENTED_EDGE('',*,*,#3047,.F.);
#3047 = EDGE_CURVE('',#2978,#2758,#3048,.T.);
#3048 = SURFACE_CURVE('',#3049,(#3053,#3060),.PCURVE_S1.);
#3049 = LINE('',#3050,#3051);
#3050 = CARTESIAN_POINT('',(-320.,66.,255.13043394353));
#3051 = VECTOR('',#3052,1.);
#3052 = DIRECTION('',(-6.371093233338E-15,0.,-1.));
#3053 = PCURVE('',#2780,#3054);
#3054 = DEFINITIONAL_REPRESENTATION('',(#3055),#3059);
#3055 = LINE('',#3056,#3057);
#3056 = CARTESIAN_POINT('',(0.,0.));
#3057 = VECTOR('',#3058,1.);
#3058 = DIRECTION('',(1.,0.));
#3059 = ( GEOMETRIC_REPRESENTATION_CONTEXT(2) 
PARAMETRIC_REPRESENTATION_CONTEXT() REPRESENTATION_CONTEXT('2D SPACE',''
  ) );
#3060 = PCURVE('',#2862,#3061);
#3061 = DEFINITIONAL_REPRESENTATION('',(#3062),#3066);
#3062 = LINE('',#3063,#3064);
#3063 = CARTESIAN_POINT('',(7.117952399642,-330.6542447347));
#3064 = VECTOR('',#3065,1.);
#3065 = DIRECTION('',(1.,-6.371093233338E-15));
#3066 = ( GEOMETRIC_REPRESENTATION_CONTEXT(2) 
PARAMETRIC_REPRESENTATION_CONTEXT() REPRESENTATION_CONTEXT('2D SPACE',''
  ) );
#3067 = ADVANCED_FACE('',(#3068),#2862,.F.);
#3068 = FACE_BOUND('',#3069,.F.);
#3069 = EDGE_LOOP('',(#3070,#3071,#3072,#3073));
#3070 = ORIENTED_EDGE('',*,*,#2848,.T.);
#3071 = ORIENTED_EDGE('',*,*,#2929,.T.);
#3072 = ORIENTED_EDGE('',*,*,#3000,.T.);
#3073 = ORIENTED_EDGE('',*,*,#3047,.T.);
#3074 = ADVANCED_FACE('',(#3075),#2808,.T.);
#3075 = FACE_BOUND('',#3076,.T.);
#3076 = EDGE_LOOP('',(#3077,#3078,#3079,#3080));
#3077 = ORIENTED_EDGE('',*,*,#2792,.T.);
#3078 = ORIENTED_EDGE('',*,*,#2878,.T.);
#3079 = ORIENTED_EDGE('',*,*,#2954,.T.);
#3080 = ORIENTED_EDGE('',*,*,#3025,.T.);
#3081 = ( GEOMETRIC_REPRESENTATION_CONTEXT(3) 
GLOBAL_UNCERTAINTY_ASSIGNED_CONTEXT((#3085)) 
GLOBAL_UNIT_ASSIGNED_CONTEXT((#3082,#3083,#3084)) REPRESENTATION_CONTEXT
('Context #1','3D Context with UNIT and UNCERTAINTY') );
#3082 = ( LENGTH_UNIT() NAMED_UNIT(*) SI_UNIT(.MILLI.,.METRE.) );
#3083 = ( NAMED_UNIT(*) PLANE_ANGLE_UNIT() SI_UNIT($,.RADIAN.) );
#3084 = ( NAMED_UNIT(*) SI_UNIT($,.STERADIAN.) SOLID_ANGLE_UNIT() );
#3085 = UNCERTAINTY_MEASURE_WITH_UNIT(LENGTH_MEASURE(1.E-07),#3082,
  'distance_accuracy_value','confusion accuracy');
#3086 = CONTEXT_DEPENDENT_SHAPE_REPRESENTATION(#3087,#3089);
#3087 = ( REPRESENTATION_RELATIONSHIP('','',#2750,#10) 
REPRESENTATION_RELATIONSHIP_WITH_TRANSFORMATION(#3088) 
SHAPE_REPRESENTATION_RELATIONSHIP() );
#3088 = ITEM_DEFINED_TRANSFORMATION('','',#11,#39);
#3089 = PRODUCT_DEFINITION_SHAPE('Placement','Placement of an item',
  #3090);
#3090 = NEXT_ASSEMBLY_USAGE_OCCURRENCE('46','SV3_WEDGE_B_1','',#5,#2745,
  $);
#3091 = PRODUCT_RELATED_PRODUCT_CATEGORY('part',$,(#2747));
#3092 = SHAPE_DEFINITION_REPRESENTATION(#3093,#3099);
#3093 = PRODUCT_DEFINITION_SHAPE('','',#3094);
#3094 = PRODUCT_DEFINITION('design','',#3095,#3098);
#3095 = PRODUCT_DEFINITION_FORMATION('','',#3096);
#3096 = PRODUCT('SV3_WEDGE_B_2','SV3_WEDGE_B_2','',(#3097));
#3097 = PRODUCT_CONTEXT('',#2,'mechanical');
#3098 = PRODUCT_DEFINITION_CONTEXT('part definition',#2,'design');
#3099 = ADVANCED_BREP_SHAPE_REPRESENTATION('',(#11,#3100),#3430);
#3100 = MANIFOLD_SOLID_BREP('',#3101);
#3101 = CLOSED_SHELL('',(#3102,#3222,#3298,#3369,#3416,#3423));
#3102 = ADVANCED_FACE('',(#3103),#3117,.F.);
#3103 = FACE_BOUND('',#3104,.F.);
#3104 = EDGE_LOOP('',(#3105,#3140,#3168,#3196));
#3105 = ORIENTED_EDGE('',*,*,#3106,.T.);
#3106 = EDGE_CURVE('',#3107,#3109,#3111,.T.);
#3107 = VERTEX_POINT('',#3108);
#3108 = CARTESIAN_POINT('',(-320.,431.,246.20835153491));
#3109 = VERTEX_POINT('',#3110);
#3110 = CARTESIAN_POINT('',(-320.,409.,246.20835153491));
#3111 = SURFACE_CURVE('',#3112,(#3116,#3128),.PCURVE_S1.);
#3112 = LINE('',#3113,#3114);
#3113 = CARTESIAN_POINT('',(-320.,431.,246.20835153491));
#3114 = VECTOR('',#3115,1.);
#3115 = DIRECTION('',(0.,-1.,0.));
#3116 = PCURVE('',#3117,#3122);
#3117 = PLANE('',#3118);
#3118 = AXIS2_PLACEMENT_3D('',#3119,#3120,#3121);
#3119 = CARTESIAN_POINT('',(-320.,431.,246.20835153491));
#3120 = DIRECTION('',(0.,0.,1.));
#3121 = DIRECTION('',(1.,0.,0.));
#3122 = DEFINITIONAL_REPRESENTATION('',(#3123),#3127);
#3123 = LINE('',#3124,#3125);
#3124 = CARTESIAN_POINT('',(0.,0.));
#3125 = VECTOR('',#3126,1.);
#3126 = DIRECTION('',(0.,-1.));
#3127 = ( GEOMETRIC_REPRESENTATION_CONTEXT(2) 
PARAMETRIC_REPRESENTATION_CONTEXT() REPRESENTATION_CONTEXT('2D SPACE',''
  ) );
#3128 = PCURVE('',#3129,#3134);
#3129 = PLANE('',#3130);
#3130 = AXIS2_PLACEMENT_3D('',#3131,#3132,#3133);
#3131 = CARTESIAN_POINT('',(-320.,431.,255.13043394353));
#3132 = DIRECTION('',(1.,0.,-6.371093233338E-15));
#3133 = DIRECTION('',(-6.371093233338E-15,0.,-1.));
#3134 = DEFINITIONAL_REPRESENTATION('',(#3135),#3139);
#3135 = LINE('',#3136,#3137);
#3136 = CARTESIAN_POINT('',(8.922082408615,0.));
#3137 = VECTOR('',#3138,1.);
#3138 = DIRECTION('',(-0.,-1.));
#3139 = ( GEOMETRIC_REPRESENTATION_CONTEXT(2) 
PARAMETRIC_REPRESENTATION_CONTEXT() REPRESENTATION_CONTEXT('2D SPACE',''
  ) );
#3140 = ORIENTED_EDGE('',*,*,#3141,.T.);
#3141 = EDGE_CURVE('',#3109,#3142,#3144,.T.);
#3142 = VERTEX_POINT('',#3143);
#3143 = CARTESIAN_POINT('',(320.,409.,246.20835153491));
#3144 = SURFACE_CURVE('',#3145,(#3149,#3156),.PCURVE_S1.);
#3145 = LINE('',#3146,#3147);
#3146 = CARTESIAN_POINT('',(-320.,409.,246.20835153491));
#3147 = VECTOR('',#3148,1.);
#3148 = DIRECTION('',(1.,0.,0.));
#3149 = PCURVE('',#3117,#3150);
#3150 = DEFINITIONAL_REPRESENTATION('',(#3151),#3155);
#3151 = LINE('',#3152,#3153);
#3152 = CARTESIAN_POINT('',(0.,-22.));
#3153 = VECTOR('',#3154,1.);
#3154 = DIRECTION('',(1.,0.));
#3155 = ( GEOMETRIC_REPRESENTATION_CONTEXT(2) 
PARAMETRIC_REPRESENTATION_CONTEXT() REPRESENTATION_CONTEXT('2D SPACE',''
  ) );
#3156 = PCURVE('',#3157,#3162);
#3157 = PLANE('',#3158);
#3158 = AXIS2_PLACEMENT_3D('',#3159,#3160,#3161);
#3159 = CARTESIAN_POINT('',(10.65424473471,409.,262.24838634317));
#3160 = DIRECTION('',(-0.,-1.,-0.));
#3161 = DIRECTION('',(0.,0.,-1.));
#3162 = DEFINITIONAL_REPRESENTATION('',(#3163),#3167);
#3163 = LINE('',#3164,#3165);
#3164 = CARTESIAN_POINT('',(16.040034808256,-330.6542447347));
#3165 = VECTOR('',#3166,1.);
#3166 = DIRECTION('',(0.,1.));
#3167 = ( GEOMETRIC_REPRESENTATION_CONTEXT(2) 
PARAMETRIC_REPRESENTATION_CONTEXT() REPRESENTATION_CONTEXT('2D SPACE',''
  ) );
#3168 = ORIENTED_EDGE('',*,*,#3169,.F.);
#3169 = EDGE_CURVE('',#3170,#3142,#3172,.T.);
#3170 = VERTEX_POINT('',#3171);
#3171 = CARTESIAN_POINT('',(320.,431.,246.20835153491));
#3172 = SURFACE_CURVE('',#3173,(#3177,#3184),.PCURVE_S1.);
#3173 = LINE('',#3174,#3175);
#3174 = CARTESIAN_POINT('',(320.,431.,246.20835153491));
#3175 = VECTOR('',#3176,1.);
#3176 = DIRECTION('',(0.,-1.,0.));
#3177 = PCURVE('',#3117,#3178);
#3178 = DEFINITIONAL_REPRESENTATION('',(#3179),#3183);
#3179 = LINE('',#3180,#3181);
#3180 = CARTESIAN_POINT('',(640.,0.));
#3181 = VECTOR('',#3182,1.);
#3182 = DIRECTION('',(0.,-1.));
#3183 = ( GEOMETRIC_REPRESENTATION_CONTEXT(2) 
PARAMETRIC_REPRESENTATION_CONTEXT() REPRESENTATION_CONTEXT('2D SPACE',''
  ) );
#3184 = PCURVE('',#3185,#3190);
#3185 = PLANE('',#3186);
#3186 = AXIS2_PLACEMENT_3D('',#3187,#3188,#3189);
#3187 = CARTESIAN_POINT('',(320.,431.,246.20835153491));
#3188 = DIRECTION('',(-1.,0.,0.));
#3189 = DIRECTION('',(0.,0.,1.));
#3190 = DEFINITIONAL_REPRESENTATION('',(#3191),#3195);
#3191 = LINE('',#3192,#3193);
#3192 = CARTESIAN_POINT('',(0.,0.));
#3193 = VECTOR('',#3194,1.);
#3194 = DIRECTION('',(0.,-1.));
#3195 = ( GEOMETRIC_REPRESENTATION_CONTEXT(2) 
PARAMETRIC_REPRESENTATION_CONTEXT() REPRESENTATION_CONTEXT('2D SPACE',''
  ) );
#3196 = ORIENTED_EDGE('',*,*,#3197,.F.);
#3197 = EDGE_CURVE('',#3107,#3170,#3198,.T.);
#3198 = SURFACE_CURVE('',#3199,(#3203,#3210),.PCURVE_S1.);
#3199 = LINE('',#3200,#3201);
#3200 = CARTESIAN_POINT('',(-320.,431.,246.20835153491));
#3201 = VECTOR('',#3202,1.);
#3202 = DIRECTION('',(1.,0.,0.));
#3203 = PCURVE('',#3117,#3204);
#3204 = DEFINITIONAL_REPRESENTATION('',(#3205),#3209);
#3205 = LINE('',#3206,#3207);
#3206 = CARTESIAN_POINT('',(0.,0.));
#3207 = VECTOR('',#3208,1.);
#3208 = DIRECTION('',(1.,0.));
#3209 = ( GEOMETRIC_REPRESENTATION_CONTEXT(2) 
PARAMETRIC_REPRESENTATION_CONTEXT() REPRESENTATION_CONTEXT('2D SPACE',''
  ) );
#3210 = PCURVE('',#3211,#3216);
#3211 = PLANE('',#3212);
#3212 = AXIS2_PLACEMENT_3D('',#3213,#3214,#3215);
#3213 = CARTESIAN_POINT('',(10.65424473471,431.,262.24838634317));
#3214 = DIRECTION('',(-0.,-1.,-0.));
#3215 = DIRECTION('',(0.,0.,-1.));
#3216 = DEFINITIONAL_REPRESENTATION('',(#3217),#3221);
#3217 = LINE('',#3218,#3219);
#3218 = CARTESIAN_POINT('',(16.040034808256,-330.6542447347));
#3219 = VECTOR('',#3220,1.);
#3220 = DIRECTION('',(0.,1.));
#3221 = ( GEOMETRIC_REPRESENTATION_CONTEXT(2) 
PARAMETRIC_REPRESENTATION_CONTEXT() REPRESENTATION_CONTEXT('2D SPACE',''
  ) );
#3222 = ADVANCED_FACE('',(#3223),#3185,.F.);
#3223 = FACE_BOUND('',#3224,.F.);
#3224 = EDGE_LOOP('',(#3225,#3226,#3249,#3277));
#3225 = ORIENTED_EDGE('',*,*,#3169,.T.);
#3226 = ORIENTED_EDGE('',*,*,#3227,.T.);
#3227 = EDGE_CURVE('',#3142,#3228,#3230,.T.);
#3228 = VERTEX_POINT('',#3229);
#3229 = CARTESIAN_POINT('',(320.,409.,299.88359358737));
#3230 = SURFACE_CURVE('',#3231,(#3235,#3242),.PCURVE_S1.);
#3231 = LINE('',#3232,#3233);
#3232 = CARTESIAN_POINT('',(320.,409.,246.20835153491));
#3233 = VECTOR('',#3234,1.);
#3234 = DIRECTION('',(0.,0.,1.));
#3235 = PCURVE('',#3185,#3236);
#3236 = DEFINITIONAL_REPRESENTATION('',(#3237),#3241);
#3237 = LINE('',#3238,#3239);
#3238 = CARTESIAN_POINT('',(0.,-22.));
#3239 = VECTOR('',#3240,1.);
#3240 = DIRECTION('',(1.,0.));
#3241 = ( GEOMETRIC_REPRESENTATION_CONTEXT(2) 
PARAMETRIC_REPRESENTATION_CONTEXT() REPRESENTATION_CONTEXT('2D SPACE',''
  ) );
#3242 = PCURVE('',#3157,#3243);
#3243 = DEFINITIONAL_REPRESENTATION('',(#3244),#3248);
#3244 = LINE('',#3245,#3246);
#3245 = CARTESIAN_POINT('',(16.040034808256,309.34575526529));
#3246 = VECTOR('',#3247,1.);
#3247 = DIRECTION('',(-1.,0.));
#3248 = ( GEOMETRIC_REPRESENTATION_CONTEXT(2) 
PARAMETRIC_REPRESENTATION_CONTEXT() REPRESENTATION_CONTEXT('2D SPACE',''
  ) );
#3249 = ORIENTED_EDGE('',*,*,#3250,.F.);
#3250 = EDGE_CURVE('',#3251,#3228,#3253,.T.);
#3251 = VERTEX_POINT('',#3252);
#3252 = CARTESIAN_POINT('',(320.,431.,299.88359358737));
#3253 = SURFACE_CURVE('',#3254,(#3258,#3265),.PCURVE_S1.);
#3254 = LINE('',#3255,#3256);
#3255 = CARTESIAN_POINT('',(320.,431.,299.88359358737));
#3256 = VECTOR('',#3257,1.);
#3257 = DIRECTION('',(0.,-1.,0.));
#3258 = PCURVE('',#3185,#3259);
#3259 = DEFINITIONAL_REPRESENTATION('',(#3260),#3264);
#3260 = LINE('',#3261,#3262);
#3261 = CARTESIAN_POINT('',(53.675242052461,0.));
#3262 = VECTOR('',#3263,1.);
#3263 = DIRECTION('',(0.,-1.));
#3264 = ( GEOMETRIC_REPRESENTATION_CONTEXT(2) 
PARAMETRIC_REPRESENTATION_CONTEXT() REPRESENTATION_CONTEXT('2D SPACE',''
  ) );
#3265 = PCURVE('',#3266,#3271);
#3266 = PLANE('',#3267);
#3267 = AXIS2_PLACEMENT_3D('',#3268,#3269,#3270);
#3268 = CARTESIAN_POINT('',(320.,431.,299.88359358737));
#3269 = DIRECTION('',(6.975647374413E-02,0.,-0.99756405026));
#3270 = DIRECTION('',(-0.99756405026,0.,-6.975647374413E-02));
#3271 = DEFINITIONAL_REPRESENTATION('',(#3272),#3276);
#3272 = LINE('',#3273,#3274);
#3273 = CARTESIAN_POINT('',(0.,0.));
#3274 = VECTOR('',#3275,1.);
#3275 = DIRECTION('',(-0.,-1.));
#3276 = ( GEOMETRIC_REPRESENTATION_CONTEXT(2) 
PARAMETRIC_REPRESENTATION_CONTEXT() REPRESENTATION_CONTEXT('2D SPACE',''
  ) );
#3277 = ORIENTED_EDGE('',*,*,#3278,.F.);
#3278 = EDGE_CURVE('',#3170,#3251,#3279,.T.);
#3279 = SURFACE_CURVE('',#3280,(#3284,#3291),.PCURVE_S1.);
#3280 = LINE('',#3281,#3282);
#3281 = CARTESIAN_POINT('',(320.,431.,246.20835153491));
#3282 = VECTOR('',#3283,1.);
#3283 = DIRECTION('',(0.,0.,1.));
#3284 = PCURVE('',#3185,#3285);
#3285 = DEFINITIONAL_REPRESENTATION('',(#3286),#3290);
#3286 = LINE('',#3287,#3288);
#3287 = CARTESIAN_POINT('',(0.,0.));
#3288 = VECTOR('',#3289,1.);
#3289 = DIRECTION('',(1.,0.));
#3290 = ( GEOMETRIC_REPRESENTATION_CONTEXT(2) 
PARAMETRIC_REPRESENTATION_CONTEXT() REPRESENTATION_CONTEXT('2D SPACE',''
  ) );
#3291 = PCURVE('',#3211,#3292);
#3292 = DEFINITIONAL_REPRESENTATION('',(#3293),#3297);
#3293 = LINE('',#3294,#3295);
#3294 = CARTESIAN_POINT('',(16.040034808256,309.34575526529));
#3295 = VECTOR('',#3296,1.);
#3296 = DIRECTION('',(-1.,0.));
#3297 = ( GEOMETRIC_REPRESENTATION_CONTEXT(2) 
PARAMETRIC_REPRESENTATION_CONTEXT() REPRESENTATION_CONTEXT('2D SPACE',''
  ) );
#3298 = ADVANCED_FACE('',(#3299),#3266,.F.);
#3299 = FACE_BOUND('',#3300,.F.);
#3300 = EDGE_LOOP('',(#3301,#3302,#3325,#3348));
#3301 = ORIENTED_EDGE('',*,*,#3250,.T.);
#3302 = ORIENTED_EDGE('',*,*,#3303,.T.);
#3303 = EDGE_CURVE('',#3228,#3304,#3306,.T.);
#3304 = VERTEX_POINT('',#3305);
#3305 = CARTESIAN_POINT('',(-320.,409.,255.13043394353));
#3306 = SURFACE_CURVE('',#3307,(#3311,#3318),.PCURVE_S1.);
#3307 = LINE('',#3308,#3309);
#3308 = CARTESIAN_POINT('',(320.,409.,299.88359358737));
#3309 = VECTOR('',#3310,1.);
#3310 = DIRECTION('',(-0.99756405026,0.,-6.975647374413E-02));
#3311 = PCURVE('',#3266,#3312);
#3312 = DEFINITIONAL_REPRESENTATION('',(#3313),#3317);
#3313 = LINE('',#3314,#3315);
#3314 = CARTESIAN_POINT('',(-0.,-22.));
#3315 = VECTOR('',#3316,1.);
#3316 = DIRECTION('',(1.,0.));
#3317 = ( GEOMETRIC_REPRESENTATION_CONTEXT(2) 
PARAMETRIC_REPRESENTATION_CONTEXT() REPRESENTATION_CONTEXT('2D SPACE',''
  ) );
#3318 = PCURVE('',#3157,#3319);
#3319 = DEFINITIONAL_REPRESENTATION('',(#3320),#3324);
#3320 = LINE('',#3321,#3322);
#3321 = CARTESIAN_POINT('',(-37.6352072442,309.34575526529));
#3322 = VECTOR('',#3323,1.);
#3323 = DIRECTION('',(6.975647374413E-02,-0.99756405026));
#3324 = ( GEOMETRIC_REPRESENTATION_CONTEXT(2) 
PARAMETRIC_REPRESENTATION_CONTEXT() REPRESENTATION_CONTEXT('2D SPACE',''
  ) );
#3325 = ORIENTED_EDGE('',*,*,#3326,.F.);
#3326 = EDGE_CURVE('',#3327,#3304,#3329,.T.);
#3327 = VERTEX_POINT('',#3328);
#3328 = CARTESIAN_POINT('',(-320.,431.,255.13043394353));
#3329 = SURFACE_CURVE('',#3330,(#3334,#3341),.PCURVE_S1.);
#3330 = LINE('',#3331,#3332);
#3331 = CARTESIAN_POINT('',(-320.,431.,255.13043394353));
#3332 = VECTOR('',#3333,1.);
#3333 = DIRECTION('',(0.,-1.,0.));
#3334 = PCURVE('',#3266,#3335);
#3335 = DEFINITIONAL_REPRESENTATION('',(#3336),#3340);
#3336 = LINE('',#3337,#3338);
#3337 = CARTESIAN_POINT('',(641.56281477195,0.));
#3338 = VECTOR('',#3339,1.);
#3339 = DIRECTION('',(-0.,-1.));
#3340 = ( GEOMETRIC_REPRESENTATION_CONTEXT(2) 
PARAMETRIC_REPRESENTATION_CONTEXT() REPRESENTATION_CONTEXT('2D SPACE',''
  ) );
#3341 = PCURVE('',#3129,#3342);
#3342 = DEFINITIONAL_REPRESENTATION('',(#3343),#3347);
#3343 = LINE('',#3344,#3345);
#3344 = CARTESIAN_POINT('',(0.,0.));
#3345 = VECTOR('',#3346,1.);
#3346 = DIRECTION('',(-0.,-1.));
#3347 = ( GEOMETRIC_REPRESENTATION_CONTEXT(2) 
PARAMETRIC_REPRESENTATION_CONTEXT() REPRESENTATION_CONTEXT('2D SPACE',''
  ) );
#3348 = ORIENTED_EDGE('',*,*,#3349,.F.);
#3349 = EDGE_CURVE('',#3251,#3327,#3350,.T.);
#3350 = SURFACE_CURVE('',#3351,(#3355,#3362),.PCURVE_S1.);
#3351 = LINE('',#3352,#3353);
#3352 = CARTESIAN_POINT('',(320.,431.,299.88359358737));
#3353 = VECTOR('',#3354,1.);
#3354 = DIRECTION('',(-0.99756405026,0.,-6.975647374413E-02));
#3355 = PCURVE('',#3266,#3356);
#3356 = DEFINITIONAL_REPRESENTATION('',(#3357),#3361);
#3357 = LINE('',#3358,#3359);
#3358 = CARTESIAN_POINT('',(0.,0.));
#3359 = VECTOR('',#3360,1.);
#3360 = DIRECTION('',(1.,0.));
#3361 = ( GEOMETRIC_REPRESENTATION_CONTEXT(2) 
PARAMETRIC_REPRESENTATION_CONTEXT() REPRESENTATION_CONTEXT('2D SPACE',''
  ) );
#3362 = PCURVE('',#3211,#3363);
#3363 = DEFINITIONAL_REPRESENTATION('',(#3364),#3368);
#3364 = LINE('',#3365,#3366);
#3365 = CARTESIAN_POINT('',(-37.6352072442,309.34575526529));
#3366 = VECTOR('',#3367,1.);
#3367 = DIRECTION('',(6.975647374413E-02,-0.99756405026));
#3368 = ( GEOMETRIC_REPRESENTATION_CONTEXT(2) 
PARAMETRIC_REPRESENTATION_CONTEXT() REPRESENTATION_CONTEXT('2D SPACE',''
  ) );
#3369 = ADVANCED_FACE('',(#3370),#3129,.F.);
#3370 = FACE_BOUND('',#3371,.F.);
#3371 = EDGE_LOOP('',(#3372,#3373,#3394,#3395));
#3372 = ORIENTED_EDGE('',*,*,#3326,.T.);
#3373 = ORIENTED_EDGE('',*,*,#3374,.T.);
#3374 = EDGE_CURVE('',#3304,#3109,#3375,.T.);
#3375 = SURFACE_CURVE('',#3376,(#3380,#3387),.PCURVE_S1.);
#3376 = LINE('',#3377,#3378);
#3377 = CARTESIAN_POINT('',(-320.,409.,255.13043394353));
#3378 = VECTOR('',#3379,1.);
#3379 = DIRECTION('',(-6.371093233338E-15,0.,-1.));
#3380 = PCURVE('',#3129,#3381);
#3381 = DEFINITIONAL_REPRESENTATION('',(#3382),#3386);
#3382 = LINE('',#3383,#3384);
#3383 = CARTESIAN_POINT('',(-0.,-22.));
#3384 = VECTOR('',#3385,1.);
#3385 = DIRECTION('',(1.,0.));
#3386 = ( GEOMETRIC_REPRESENTATION_CONTEXT(2) 
PARAMETRIC_REPRESENTATION_CONTEXT() REPRESENTATION_CONTEXT('2D SPACE',''
  ) );
#3387 = PCURVE('',#3157,#3388);
#3388 = DEFINITIONAL_REPRESENTATION('',(#3389),#3393);
#3389 = LINE('',#3390,#3391);
#3390 = CARTESIAN_POINT('',(7.117952399642,-330.6542447347));
#3391 = VECTOR('',#3392,1.);
#3392 = DIRECTION('',(1.,-6.371093233338E-15));
#3393 = ( GEOMETRIC_REPRESENTATION_CONTEXT(2) 
PARAMETRIC_REPRESENTATION_CONTEXT() REPRESENTATION_CONTEXT('2D SPACE',''
  ) );
#3394 = ORIENTED_EDGE('',*,*,#3106,.F.);
#3395 = ORIENTED_EDGE('',*,*,#3396,.F.);
#3396 = EDGE_CURVE('',#3327,#3107,#3397,.T.);
#3397 = SURFACE_CURVE('',#3398,(#3402,#3409),.PCURVE_S1.);
#3398 = LINE('',#3399,#3400);
#3399 = CARTESIAN_POINT('',(-320.,431.,255.13043394353));
#3400 = VECTOR('',#3401,1.);
#3401 = DIRECTION('',(-6.371093233338E-15,0.,-1.));
#3402 = PCURVE('',#3129,#3403);
#3403 = DEFINITIONAL_REPRESENTATION('',(#3404),#3408);
#3404 = LINE('',#3405,#3406);
#3405 = CARTESIAN_POINT('',(0.,0.));
#3406 = VECTOR('',#3407,1.);
#3407 = DIRECTION('',(1.,0.));
#3408 = ( GEOMETRIC_REPRESENTATION_CONTEXT(2) 
PARAMETRIC_REPRESENTATION_CONTEXT() REPRESENTATION_CONTEXT('2D SPACE',''
  ) );
#3409 = PCURVE('',#3211,#3410);
#3410 = DEFINITIONAL_REPRESENTATION('',(#3411),#3415);
#3411 = LINE('',#3412,#3413);
#3412 = CARTESIAN_POINT('',(7.117952399642,-330.6542447347));
#3413 = VECTOR('',#3414,1.);
#3414 = DIRECTION('',(1.,-6.371093233338E-15));
#3415 = ( GEOMETRIC_REPRESENTATION_CONTEXT(2) 
PARAMETRIC_REPRESENTATION_CONTEXT() REPRESENTATION_CONTEXT('2D SPACE',''
  ) );
#3416 = ADVANCED_FACE('',(#3417),#3211,.F.);
#3417 = FACE_BOUND('',#3418,.F.);
#3418 = EDGE_LOOP('',(#3419,#3420,#3421,#3422));
#3419 = ORIENTED_EDGE('',*,*,#3197,.T.);
#3420 = ORIENTED_EDGE('',*,*,#3278,.T.);
#3421 = ORIENTED_EDGE('',*,*,#3349,.T.);
#3422 = ORIENTED_EDGE('',*,*,#3396,.T.);
#3423 = ADVANCED_FACE('',(#3424),#3157,.T.);
#3424 = FACE_BOUND('',#3425,.T.);
#3425 = EDGE_LOOP('',(#3426,#3427,#3428,#3429));
#3426 = ORIENTED_EDGE('',*,*,#3141,.T.);
#3427 = ORIENTED_EDGE('',*,*,#3227,.T.);
#3428 = ORIENTED_EDGE('',*,*,#3303,.T.);
#3429 = ORIENTED_EDGE('',*,*,#3374,.T.);
#3430 = ( GEOMETRIC_REPRESENTATION_CONTEXT(3) 
GLOBAL_UNCERTAINTY_ASSIGNED_CONTEXT((#3434)) 
GLOBAL_UNIT_ASSIGNED_CONTEXT((#3431,#3432,#3433)) REPRESENTATION_CONTEXT
('Context #1','3D Context with UNIT and UNCERTAINTY') );
#3431 = ( LENGTH_UNIT() NAMED_UNIT(*) SI_UNIT(.MILLI.,.METRE.) );
#3432 = ( NAMED_UNIT(*) PLANE_ANGLE_UNIT() SI_UNIT($,.RADIAN.) );
#3433 = ( NAMED_UNIT(*) SI_UNIT($,.STERADIAN.) SOLID_ANGLE_UNIT() );
#3434 = UNCERTAINTY_MEASURE_WITH_UNIT(LENGTH_MEASURE(1.E-07),#3431,
  'distance_accuracy_value','confusion accuracy');
#3435 = CONTEXT_DEPENDENT_SHAPE_REPRESENTATION(#3436,#3438);
#3436 = ( REPRESENTATION_RELATIONSHIP('','',#3099,#10) 
REPRESENTATION_RELATIONSHIP_WITH_TRANSFORMATION(#3437) 
SHAPE_REPRESENTATION_RELATIONSHIP() );
#3437 = ITEM_DEFINED_TRANSFORMATION('','',#11,#43);
#3438 = PRODUCT_DEFINITION_SHAPE('Placement','Placement of an item',
  #3439);
#3439 = NEXT_ASSEMBLY_USAGE_OCCURRENCE('47','SV3_WEDGE_B_2','',#5,#3094,
  $);
#3440 = PRODUCT_RELATED_PRODUCT_CATEGORY('part',$,(#3096));
#3441 = SHAPE_DEFINITION_REPRESENTATION(#3442,#3448);
#3442 = PRODUCT_DEFINITION_SHAPE('','',#3443);
#3443 = PRODUCT_DEFINITION('design','',#3444,#3447);
#3444 = PRODUCT_DEFINITION_FORMATION('','',#3445);
#3445 = PRODUCT('SV3_HUB_HAMMOND_1550WJ','SV3_HUB_HAMMOND_1550WJ','',(
    #3446));
#3446 = PRODUCT_CONTEXT('',#2,'mechanical');
#3447 = PRODUCT_DEFINITION_CONTEXT('part definition',#2,'design');
#3448 = ADVANCED_BREP_SHAPE_REPRESENTATION('',(#11,#3449),#3779);
#3449 = MANIFOLD_SOLID_BREP('',#3450);
#3450 = CLOSED_SHELL('',(#3451,#3571,#3671,#3718,#3765,#3772));
#3451 = ADVANCED_FACE('',(#3452),#3466,.F.);
#3452 = FACE_BOUND('',#3453,.F.);
#3453 = EDGE_LOOP('',(#3454,#3489,#3517,#3545));
#3454 = ORIENTED_EDGE('',*,*,#3455,.F.);
#3455 = EDGE_CURVE('',#3456,#3458,#3460,.T.);
#3456 = VERTEX_POINT('',#3457);
#3457 = CARTESIAN_POINT('',(-137.5,-307.5,91.108351534918));
#3458 = VERTEX_POINT('',#3459);
#3459 = CARTESIAN_POINT('',(-137.5,-307.5,157.70835153491));
#3460 = SURFACE_CURVE('',#3461,(#3465,#3477),.PCURVE_S1.);
#3461 = LINE('',#3462,#3463);
#3462 = CARTESIAN_POINT('',(-137.5,-307.5,91.108351534918));
#3463 = VECTOR('',#3464,1.);
#3464 = DIRECTION('',(0.,0.,1.));
#3465 = PCURVE('',#3466,#3471);
#3466 = PLANE('',#3467);
#3467 = AXIS2_PLACEMENT_3D('',#3468,#3469,#3470);
#3468 = CARTESIAN_POINT('',(-137.5,-307.5,91.108351534918));
#3469 = DIRECTION('',(1.,0.,0.));
#3470 = DIRECTION('',(0.,0.,1.));
#3471 = DEFINITIONAL_REPRESENTATION('',(#3472),#3476);
#3472 = LINE('',#3473,#3474);
#3473 = CARTESIAN_POINT('',(0.,0.));
#3474 = VECTOR('',#3475,1.);
#3475 = DIRECTION('',(1.,0.));
#3476 = ( GEOMETRIC_REPRESENTATION_CONTEXT(2) 
PARAMETRIC_REPRESENTATION_CONTEXT() REPRESENTATION_CONTEXT('2D SPACE',''
  ) );
#3477 = PCURVE('',#3478,#3483);
#3478 = PLANE('',#3479);
#3479 = AXIS2_PLACEMENT_3D('',#3480,#3481,#3482);
#3480 = CARTESIAN_POINT('',(-137.5,-307.5,91.108351534918));
#3481 = DIRECTION('',(0.,1.,0.));
#3482 = DIRECTION('',(0.,0.,1.));
#3483 = DEFINITIONAL_REPRESENTATION('',(#3484),#3488);
#3484 = LINE('',#3485,#3486);
#3485 = CARTESIAN_POINT('',(0.,0.));
#3486 = VECTOR('',#3487,1.);
#3487 = DIRECTION('',(1.,0.));
#3488 = ( GEOMETRIC_REPRESENTATION_CONTEXT(2) 
PARAMETRIC_REPRESENTATION_CONTEXT() REPRESENTATION_CONTEXT('2D SPACE',''
  ) );
#3489 = ORIENTED_EDGE('',*,*,#3490,.T.);
#3490 = EDGE_CURVE('',#3456,#3491,#3493,.T.);
#3491 = VERTEX_POINT('',#3492);
#3492 = CARTESIAN_POINT('',(-137.5,-132.5,91.108351534918));
#3493 = SURFACE_CURVE('',#3494,(#3498,#3505),.PCURVE_S1.);
#3494 = LINE('',#3495,#3496);
#3495 = CARTESIAN_POINT('',(-137.5,-307.5,91.108351534918));
#3496 = VECTOR('',#3497,1.);
#3497 = DIRECTION('',(0.,1.,0.));
#3498 = PCURVE('',#3466,#3499);
#3499 = DEFINITIONAL_REPRESENTATION('',(#3500),#3504);
#3500 = LINE('',#3501,#3502);
#3501 = CARTESIAN_POINT('',(0.,0.));
#3502 = VECTOR('',#3503,1.);
#3503 = DIRECTION('',(0.,-1.));
#3504 = ( GEOMETRIC_REPRESENTATION_CONTEXT(2) 
PARAMETRIC_REPRESENTATION_CONTEXT() REPRESENTATION_CONTEXT('2D SPACE',''
  ) );
#3505 = PCURVE('',#3506,#3511);
#3506 = PLANE('',#3507);
#3507 = AXIS2_PLACEMENT_3D('',#3508,#3509,#3510);
#3508 = CARTESIAN_POINT('',(-137.5,-307.5,91.108351534918));
#3509 = DIRECTION('',(0.,0.,1.));
#3510 = DIRECTION('',(1.,0.,0.));
#3511 = DEFINITIONAL_REPRESENTATION('',(#3512),#3516);
#3512 = LINE('',#3513,#3514);
#3513 = CARTESIAN_POINT('',(0.,0.));
#3514 = VECTOR('',#3515,1.);
#3515 = DIRECTION('',(0.,1.));
#3516 = ( GEOMETRIC_REPRESENTATION_CONTEXT(2) 
PARAMETRIC_REPRESENTATION_CONTEXT() REPRESENTATION_CONTEXT('2D SPACE',''
  ) );
#3517 = ORIENTED_EDGE('',*,*,#3518,.T.);
#3518 = EDGE_CURVE('',#3491,#3519,#3521,.T.);
#3519 = VERTEX_POINT('',#3520);
#3520 = CARTESIAN_POINT('',(-137.5,-132.5,157.70835153491));
#3521 = SURFACE_CURVE('',#3522,(#3526,#3533),.PCURVE_S1.);
#3522 = LINE('',#3523,#3524);
#3523 = CARTESIAN_POINT('',(-137.5,-132.5,91.108351534918));
#3524 = VECTOR('',#3525,1.);
#3525 = DIRECTION('',(0.,0.,1.));
#3526 = PCURVE('',#3466,#3527);
#3527 = DEFINITIONAL_REPRESENTATION('',(#3528),#3532);
#3528 = LINE('',#3529,#3530);
#3529 = CARTESIAN_POINT('',(0.,-175.));
#3530 = VECTOR('',#3531,1.);
#3531 = DIRECTION('',(1.,0.));
#3532 = ( GEOMETRIC_REPRESENTATION_CONTEXT(2) 
PARAMETRIC_REPRESENTATION_CONTEXT() REPRESENTATION_CONTEXT('2D SPACE',''
  ) );
#3533 = PCURVE('',#3534,#3539);
#3534 = PLANE('',#3535);
#3535 = AXIS2_PLACEMENT_3D('',#3536,#3537,#3538);
#3536 = CARTESIAN_POINT('',(-137.5,-132.5,91.108351534918));
#3537 = DIRECTION('',(0.,1.,0.));
#3538 = DIRECTION('',(0.,0.,1.));
#3539 = DEFINITIONAL_REPRESENTATION('',(#3540),#3544);
#3540 = LINE('',#3541,#3542);
#3541 = CARTESIAN_POINT('',(0.,0.));
#3542 = VECTOR('',#3543,1.);
#3543 = DIRECTION('',(1.,0.));
#3544 = ( GEOMETRIC_REPRESENTATION_CONTEXT(2) 
PARAMETRIC_REPRESENTATION_CONTEXT() REPRESENTATION_CONTEXT('2D SPACE',''
  ) );
#3545 = ORIENTED_EDGE('',*,*,#3546,.F.);
#3546 = EDGE_CURVE('',#3458,#3519,#3547,.T.);
#3547 = SURFACE_CURVE('',#3548,(#3552,#3559),.PCURVE_S1.);
#3548 = LINE('',#3549,#3550);
#3549 = CARTESIAN_POINT('',(-137.5,-307.5,157.70835153491));
#3550 = VECTOR('',#3551,1.);
#3551 = DIRECTION('',(0.,1.,0.));
#3552 = PCURVE('',#3466,#3553);
#3553 = DEFINITIONAL_REPRESENTATION('',(#3554),#3558);
#3554 = LINE('',#3555,#3556);
#3555 = CARTESIAN_POINT('',(66.6,0.));
#3556 = VECTOR('',#3557,1.);
#3557 = DIRECTION('',(0.,-1.));
#3558 = ( GEOMETRIC_REPRESENTATION_CONTEXT(2) 
PARAMETRIC_REPRESENTATION_CONTEXT() REPRESENTATION_CONTEXT('2D SPACE',''
  ) );
#3559 = PCURVE('',#3560,#3565);
#3560 = PLANE('',#3561);
#3561 = AXIS2_PLACEMENT_3D('',#3562,#3563,#3564);
#3562 = CARTESIAN_POINT('',(-137.5,-307.5,157.70835153491));
#3563 = DIRECTION('',(0.,0.,1.));
#3564 = DIRECTION('',(1.,0.,0.));
#3565 = DEFINITIONAL_REPRESENTATION('',(#3566),#3570);
#3566 = LINE('',#3567,#3568);
#3567 = CARTESIAN_POINT('',(0.,0.));
#3568 = VECTOR('',#3569,1.);
#3569 = DIRECTION('',(0.,1.));
#3570 = ( GEOMETRIC_REPRESENTATION_CONTEXT(2) 
PARAMETRIC_REPRESENTATION_CONTEXT() REPRESENTATION_CONTEXT('2D SPACE',''
  ) );
#3571 = ADVANCED_FACE('',(#3572),#3586,.T.);
#3572 = FACE_BOUND('',#3573,.T.);
#3573 = EDGE_LOOP('',(#3574,#3604,#3627,#3650));
#3574 = ORIENTED_EDGE('',*,*,#3575,.F.);
#3575 = EDGE_CURVE('',#3576,#3578,#3580,.T.);
#3576 = VERTEX_POINT('',#3577);
#3577 = CARTESIAN_POINT('',(137.5,-307.5,91.108351534918));
#3578 = VERTEX_POINT('',#3579);
#3579 = CARTESIAN_POINT('',(137.5,-307.5,157.70835153491));
#3580 = SURFACE_CURVE('',#3581,(#3585,#3597),.PCURVE_S1.);
#3581 = LINE('',#3582,#3583);
#3582 = CARTESIAN_POINT('',(137.5,-307.5,91.108351534918));
#3583 = VECTOR('',#3584,1.);
#3584 = DIRECTION('',(0.,0.,1.));
#3585 = PCURVE('',#3586,#3591);
#3586 = PLANE('',#3587);
#3587 = AXIS2_PLACEMENT_3D('',#3588,#3589,#3590);
#3588 = CARTESIAN_POINT('',(137.5,-307.5,91.108351534918));
#3589 = DIRECTION('',(1.,0.,0.));
#3590 = DIRECTION('',(0.,0.,1.));
#3591 = DEFINITIONAL_REPRESENTATION('',(#3592),#3596);
#3592 = LINE('',#3593,#3594);
#3593 = CARTESIAN_POINT('',(0.,0.));
#3594 = VECTOR('',#3595,1.);
#3595 = DIRECTION('',(1.,0.));
#3596 = ( GEOMETRIC_REPRESENTATION_CONTEXT(2) 
PARAMETRIC_REPRESENTATION_CONTEXT() REPRESENTATION_CONTEXT('2D SPACE',''
  ) );
#3597 = PCURVE('',#3478,#3598);
#3598 = DEFINITIONAL_REPRESENTATION('',(#3599),#3603);
#3599 = LINE('',#3600,#3601);
#3600 = CARTESIAN_POINT('',(0.,275.));
#3601 = VECTOR('',#3602,1.);
#3602 = DIRECTION('',(1.,0.));
#3603 = ( GEOMETRIC_REPRESENTATION_CONTEXT(2) 
PARAMETRIC_REPRESENTATION_CONTEXT() REPRESENTATION_CONTEXT('2D SPACE',''
  ) );
#3604 = ORIENTED_EDGE('',*,*,#3605,.T.);
#3605 = EDGE_CURVE('',#3576,#3606,#3608,.T.);
#3606 = VERTEX_POINT('',#3607);
#3607 = CARTESIAN_POINT('',(137.5,-132.5,91.108351534918));
#3608 = SURFACE_CURVE('',#3609,(#3613,#3620),.PCURVE_S1.);
#3609 = LINE('',#3610,#3611);
#3610 = CARTESIAN_POINT('',(137.5,-307.5,91.108351534918));
#3611 = VECTOR('',#3612,1.);
#3612 = DIRECTION('',(0.,1.,0.));
#3613 = PCURVE('',#3586,#3614);
#3614 = DEFINITIONAL_REPRESENTATION('',(#3615),#3619);
#3615 = LINE('',#3616,#3617);
#3616 = CARTESIAN_POINT('',(0.,0.));
#3617 = VECTOR('',#3618,1.);
#3618 = DIRECTION('',(0.,-1.));
#3619 = ( GEOMETRIC_REPRESENTATION_CONTEXT(2) 
PARAMETRIC_REPRESENTATION_CONTEXT() REPRESENTATION_CONTEXT('2D SPACE',''
  ) );
#3620 = PCURVE('',#3506,#3621);
#3621 = DEFINITIONAL_REPRESENTATION('',(#3622),#3626);
#3622 = LINE('',#3623,#3624);
#3623 = CARTESIAN_POINT('',(275.,0.));
#3624 = VECTOR('',#3625,1.);
#3625 = DIRECTION('',(0.,1.));
#3626 = ( GEOMETRIC_REPRESENTATION_CONTEXT(2) 
PARAMETRIC_REPRESENTATION_CONTEXT() REPRESENTATION_CONTEXT('2D SPACE',''
  ) );
#3627 = ORIENTED_EDGE('',*,*,#3628,.T.);
#3628 = EDGE_CURVE('',#3606,#3629,#3631,.T.);
#3629 = VERTEX_POINT('',#3630);
#3630 = CARTESIAN_POINT('',(137.5,-132.5,157.70835153491));
#3631 = SURFACE_CURVE('',#3632,(#3636,#3643),.PCURVE_S1.);
#3632 = LINE('',#3633,#3634);
#3633 = CARTESIAN_POINT('',(137.5,-132.5,91.108351534918));
#3634 = VECTOR('',#3635,1.);
#3635 = DIRECTION('',(0.,0.,1.));
#3636 = PCURVE('',#3586,#3637);
#3637 = DEFINITIONAL_REPRESENTATION('',(#3638),#3642);
#3638 = LINE('',#3639,#3640);
#3639 = CARTESIAN_POINT('',(0.,-175.));
#3640 = VECTOR('',#3641,1.);
#3641 = DIRECTION('',(1.,0.));
#3642 = ( GEOMETRIC_REPRESENTATION_CONTEXT(2) 
PARAMETRIC_REPRESENTATION_CONTEXT() REPRESENTATION_CONTEXT('2D SPACE',''
  ) );
#3643 = PCURVE('',#3534,#3644);
#3644 = DEFINITIONAL_REPRESENTATION('',(#3645),#3649);
#3645 = LINE('',#3646,#3647);
#3646 = CARTESIAN_POINT('',(0.,275.));
#3647 = VECTOR('',#3648,1.);
#3648 = DIRECTION('',(1.,0.));
#3649 = ( GEOMETRIC_REPRESENTATION_CONTEXT(2) 
PARAMETRIC_REPRESENTATION_CONTEXT() REPRESENTATION_CONTEXT('2D SPACE',''
  ) );
#3650 = ORIENTED_EDGE('',*,*,#3651,.F.);
#3651 = EDGE_CURVE('',#3578,#3629,#3652,.T.);
#3652 = SURFACE_CURVE('',#3653,(#3657,#3664),.PCURVE_S1.);
#3653 = LINE('',#3654,#3655);
#3654 = CARTESIAN_POINT('',(137.5,-307.5,157.70835153491));
#3655 = VECTOR('',#3656,1.);
#3656 = DIRECTION('',(0.,1.,0.));
#3657 = PCURVE('',#3586,#3658);
#3658 = DEFINITIONAL_REPRESENTATION('',(#3659),#3663);
#3659 = LINE('',#3660,#3661);
#3660 = CARTESIAN_POINT('',(66.6,0.));
#3661 = VECTOR('',#3662,1.);
#3662 = DIRECTION('',(0.,-1.));
#3663 = ( GEOMETRIC_REPRESENTATION_CONTEXT(2) 
PARAMETRIC_REPRESENTATION_CONTEXT() REPRESENTATION_CONTEXT('2D SPACE',''
  ) );
#3664 = PCURVE('',#3560,#3665);
#3665 = DEFINITIONAL_REPRESENTATION('',(#3666),#3670);
#3666 = LINE('',#3667,#3668);
#3667 = CARTESIAN_POINT('',(275.,0.));
#3668 = VECTOR('',#3669,1.);
#3669 = DIRECTION('',(0.,1.));
#3670 = ( GEOMETRIC_REPRESENTATION_CONTEXT(2) 
PARAMETRIC_REPRESENTATION_CONTEXT() REPRESENTATION_CONTEXT('2D SPACE',''
  ) );
#3671 = ADVANCED_FACE('',(#3672),#3478,.F.);
#3672 = FACE_BOUND('',#3673,.F.);
#3673 = EDGE_LOOP('',(#3674,#3695,#3696,#3717));
#3674 = ORIENTED_EDGE('',*,*,#3675,.F.);
#3675 = EDGE_CURVE('',#3456,#3576,#3676,.T.);
#3676 = SURFACE_CURVE('',#3677,(#3681,#3688),.PCURVE_S1.);
#3677 = LINE('',#3678,#3679);
#3678 = CARTESIAN_POINT('',(-137.5,-307.5,91.108351534918));
#3679 = VECTOR('',#3680,1.);
#3680 = DIRECTION('',(1.,0.,0.));
#3681 = PCURVE('',#3478,#3682);
#3682 = DEFINITIONAL_REPRESENTATION('',(#3683),#3687);
#3683 = LINE('',#3684,#3685);
#3684 = CARTESIAN_POINT('',(0.,0.));
#3685 = VECTOR('',#3686,1.);
#3686 = DIRECTION('',(0.,1.));
#3687 = ( GEOMETRIC_REPRESENTATION_CONTEXT(2) 
PARAMETRIC_REPRESENTATION_CONTEXT() REPRESENTATION_CONTEXT('2D SPACE',''
  ) );
#3688 = PCURVE('',#3506,#3689);
#3689 = DEFINITIONAL_REPRESENTATION('',(#3690),#3694);
#3690 = LINE('',#3691,#3692);
#3691 = CARTESIAN_POINT('',(0.,0.));
#3692 = VECTOR('',#3693,1.);
#3693 = DIRECTION('',(1.,0.));
#3694 = ( GEOMETRIC_REPRESENTATION_CONTEXT(2) 
PARAMETRIC_REPRESENTATION_CONTEXT() REPRESENTATION_CONTEXT('2D SPACE',''
  ) );
#3695 = ORIENTED_EDGE('',*,*,#3455,.T.);
#3696 = ORIENTED_EDGE('',*,*,#3697,.T.);
#3697 = EDGE_CURVE('',#3458,#3578,#3698,.T.);
#3698 = SURFACE_CURVE('',#3699,(#3703,#3710),.PCURVE_S1.);
#3699 = LINE('',#3700,#3701);
#3700 = CARTESIAN_POINT('',(-137.5,-307.5,157.70835153491));
#3701 = VECTOR('',#3702,1.);
#3702 = DIRECTION('',(1.,0.,0.));
#3703 = PCURVE('',#3478,#3704);
#3704 = DEFINITIONAL_REPRESENTATION('',(#3705),#3709);
#3705 = LINE('',#3706,#3707);
#3706 = CARTESIAN_POINT('',(66.6,0.));
#3707 = VECTOR('',#3708,1.);
#3708 = DIRECTION('',(0.,1.));
#3709 = ( GEOMETRIC_REPRESENTATION_CONTEXT(2) 
PARAMETRIC_REPRESENTATION_CONTEXT() REPRESENTATION_CONTEXT('2D SPACE',''
  ) );
#3710 = PCURVE('',#3560,#3711);
#3711 = DEFINITIONAL_REPRESENTATION('',(#3712),#3716);
#3712 = LINE('',#3713,#3714);
#3713 = CARTESIAN_POINT('',(0.,0.));
#3714 = VECTOR('',#3715,1.);
#3715 = DIRECTION('',(1.,0.));
#3716 = ( GEOMETRIC_REPRESENTATION_CONTEXT(2) 
PARAMETRIC_REPRESENTATION_CONTEXT() REPRESENTATION_CONTEXT('2D SPACE',''
  ) );
#3717 = ORIENTED_EDGE('',*,*,#3575,.F.);
#3718 = ADVANCED_FACE('',(#3719),#3534,.T.);
#3719 = FACE_BOUND('',#3720,.T.);
#3720 = EDGE_LOOP('',(#3721,#3742,#3743,#3764));
#3721 = ORIENTED_EDGE('',*,*,#3722,.F.);
#3722 = EDGE_CURVE('',#3491,#3606,#3723,.T.);
#3723 = SURFACE_CURVE('',#3724,(#3728,#3735),.PCURVE_S1.);
#3724 = LINE('',#3725,#3726);
#3725 = CARTESIAN_POINT('',(-137.5,-132.5,91.108351534918));
#3726 = VECTOR('',#3727,1.);
#3727 = DIRECTION('',(1.,0.,0.));
#3728 = PCURVE('',#3534,#3729);
#3729 = DEFINITIONAL_REPRESENTATION('',(#3730),#3734);
#3730 = LINE('',#3731,#3732);
#3731 = CARTESIAN_POINT('',(0.,0.));
#3732 = VECTOR('',#3733,1.);
#3733 = DIRECTION('',(0.,1.));
#3734 = ( GEOMETRIC_REPRESENTATION_CONTEXT(2) 
PARAMETRIC_REPRESENTATION_CONTEXT() REPRESENTATION_CONTEXT('2D SPACE',''
  ) );
#3735 = PCURVE('',#3506,#3736);
#3736 = DEFINITIONAL_REPRESENTATION('',(#3737),#3741);
#3737 = LINE('',#3738,#3739);
#3738 = CARTESIAN_POINT('',(0.,175.));
#3739 = VECTOR('',#3740,1.);
#3740 = DIRECTION('',(1.,0.));
#3741 = ( GEOMETRIC_REPRESENTATION_CONTEXT(2) 
PARAMETRIC_REPRESENTATION_CONTEXT() REPRESENTATION_CONTEXT('2D SPACE',''
  ) );
#3742 = ORIENTED_EDGE('',*,*,#3518,.T.);
#3743 = ORIENTED_EDGE('',*,*,#3744,.T.);
#3744 = EDGE_CURVE('',#3519,#3629,#3745,.T.);
#3745 = SURFACE_CURVE('',#3746,(#3750,#3757),.PCURVE_S1.);
#3746 = LINE('',#3747,#3748);
#3747 = CARTESIAN_POINT('',(-137.5,-132.5,157.70835153491));
#3748 = VECTOR('',#3749,1.);
#3749 = DIRECTION('',(1.,0.,0.));
#3750 = PCURVE('',#3534,#3751);
#3751 = DEFINITIONAL_REPRESENTATION('',(#3752),#3756);
#3752 = LINE('',#3753,#3754);
#3753 = CARTESIAN_POINT('',(66.6,0.));
#3754 = VECTOR('',#3755,1.);
#3755 = DIRECTION('',(0.,1.));
#3756 = ( GEOMETRIC_REPRESENTATION_CONTEXT(2) 
PARAMETRIC_REPRESENTATION_CONTEXT() REPRESENTATION_CONTEXT('2D SPACE',''
  ) );
#3757 = PCURVE('',#3560,#3758);
#3758 = DEFINITIONAL_REPRESENTATION('',(#3759),#3763);
#3759 = LINE('',#3760,#3761);
#3760 = CARTESIAN_POINT('',(0.,175.));
#3761 = VECTOR('',#3762,1.);
#3762 = DIRECTION('',(1.,0.));
#3763 = ( GEOMETRIC_REPRESENTATION_CONTEXT(2) 
PARAMETRIC_REPRESENTATION_CONTEXT() REPRESENTATION_CONTEXT('2D SPACE',''
  ) );
#3764 = ORIENTED_EDGE('',*,*,#3628,.F.);
#3765 = ADVANCED_FACE('',(#3766),#3506,.F.);
#3766 = FACE_BOUND('',#3767,.F.);
#3767 = EDGE_LOOP('',(#3768,#3769,#3770,#3771));
#3768 = ORIENTED_EDGE('',*,*,#3490,.F.);
#3769 = ORIENTED_EDGE('',*,*,#3675,.T.);
#3770 = ORIENTED_EDGE('',*,*,#3605,.T.);
#3771 = ORIENTED_EDGE('',*,*,#3722,.F.);
#3772 = ADVANCED_FACE('',(#3773),#3560,.T.);
#3773 = FACE_BOUND('',#3774,.T.);
#3774 = EDGE_LOOP('',(#3775,#3776,#3777,#3778));
#3775 = ORIENTED_EDGE('',*,*,#3546,.F.);
#3776 = ORIENTED_EDGE('',*,*,#3697,.T.);
#3777 = ORIENTED_EDGE('',*,*,#3651,.T.);
#3778 = ORIENTED_EDGE('',*,*,#3744,.F.);
#3779 = ( GEOMETRIC_REPRESENTATION_CONTEXT(3) 
GLOBAL_UNCERTAINTY_ASSIGNED_CONTEXT((#3783)) 
GLOBAL_UNIT_ASSIGNED_CONTEXT((#3780,#3781,#3782)) REPRESENTATION_CONTEXT
('Context #1','3D Context with UNIT and UNCERTAINTY') );
#3780 = ( LENGTH_UNIT() NAMED_UNIT(*) SI_UNIT(.MILLI.,.METRE.) );
#3781 = ( NAMED_UNIT(*) PLANE_ANGLE_UNIT() SI_UNIT($,.RADIAN.) );
#3782 = ( NAMED_UNIT(*) SI_UNIT($,.STERADIAN.) SOLID_ANGLE_UNIT() );
#3783 = UNCERTAINTY_MEASURE_WITH_UNIT(LENGTH_MEASURE(1.E-07),#3780,
  'distance_accuracy_value','confusion accuracy');
#3784 = CONTEXT_DEPENDENT_SHAPE_REPRESENTATION(#3785,#3787);
#3785 = ( REPRESENTATION_RELATIONSHIP('','',#3448,#10) 
REPRESENTATION_RELATIONSHIP_WITH_TRANSFORMATION(#3786) 
SHAPE_REPRESENTATION_RELATIONSHIP() );
#3786 = ITEM_DEFINED_TRANSFORMATION('','',#11,#47);
#3787 = PRODUCT_DEFINITION_SHAPE('Placement','Placement of an item',
  #3788);
#3788 = NEXT_ASSEMBLY_USAGE_OCCURRENCE('48','SV3_HUB_HAMMOND_1550WJ','',
  #5,#3443,$);
#3789 = PRODUCT_RELATED_PRODUCT_CATEGORY('part',$,(#3445));
#3790 = SHAPE_DEFINITION_REPRESENTATION(#3791,#3797);
#3791 = PRODUCT_DEFINITION_SHAPE('','',#3792);
#3792 = PRODUCT_DEFINITION('design','',#3793,#3796);
#3793 = PRODUCT_DEFINITION_FORMATION('','',#3794);
#3794 = PRODUCT('SV3_HUB_CARRIER','SV3_HUB_CARRIER','',(#3795));
#3795 = PRODUCT_CONTEXT('',#2,'mechanical');
#3796 = PRODUCT_DEFINITION_CONTEXT('part definition',#2,'design');
#3797 = ADVANCED_BREP_SHAPE_REPRESENTATION('',(#11,#3798),#4752);
#3798 = MANIFOLD_SOLID_BREP('',#3799);
#3799 = CLOSED_SHELL('',(#3800,#4027,#4103,#4332,#4381,#4408,#4488,#4537
    ,#4586,#4613,#4662,#4711,#4738,#4745));
#3800 = ADVANCED_FACE('',(#3801),#3815,.F.);
#3801 = FACE_BOUND('',#3802,.F.);
#3802 = EDGE_LOOP('',(#3803,#3838,#3866,#3894,#3922,#3950,#3978,#4006));
#3803 = ORIENTED_EDGE('',*,*,#3804,.F.);
#3804 = EDGE_CURVE('',#3805,#3807,#3809,.T.);
#3805 = VERTEX_POINT('',#3806);
#3806 = CARTESIAN_POINT('',(-200.,-307.5,88.108351534918));
#3807 = VERTEX_POINT('',#3808);
#3808 = CARTESIAN_POINT('',(-200.,-307.5,91.108351534918));
#3809 = SURFACE_CURVE('',#3810,(#3814,#3826),.PCURVE_S1.);
#3810 = LINE('',#3811,#3812);
#3811 = CARTESIAN_POINT('',(-200.,-307.5,88.108351534918));
#3812 = VECTOR('',#3813,1.);
#3813 = DIRECTION('',(0.,0.,1.));
#3814 = PCURVE('',#3815,#3820);
#3815 = PLANE('',#3816);
#3816 = AXIS2_PLACEMENT_3D('',#3817,#3818,#3819);
#3817 = CARTESIAN_POINT('',(-200.,-307.5,88.108351534918));
#3818 = DIRECTION('',(1.,0.,0.));
#3819 = DIRECTION('',(0.,0.,1.));
#3820 = DEFINITIONAL_REPRESENTATION('',(#3821),#3825);
#3821 = LINE('',#3822,#3823);
#3822 = CARTESIAN_POINT('',(0.,0.));
#3823 = VECTOR('',#3824,1.);
#3824 = DIRECTION('',(1.,0.));
#3825 = ( GEOMETRIC_REPRESENTATION_CONTEXT(2) 
PARAMETRIC_REPRESENTATION_CONTEXT() REPRESENTATION_CONTEXT('2D SPACE',''
  ) );
#3826 = PCURVE('',#3827,#3832);
#3827 = PLANE('',#3828);
#3828 = AXIS2_PLACEMENT_3D('',#3829,#3830,#3831);
#3829 = CARTESIAN_POINT('',(-200.,-307.5,88.108351534918));
#3830 = DIRECTION('',(0.,1.,0.));
#3831 = DIRECTION('',(0.,0.,1.));
#3832 = DEFINITIONAL_REPRESENTATION('',(#3833),#3837);
#3833 = LINE('',#3834,#3835);
#3834 = CARTESIAN_POINT('',(0.,0.));
#3835 = VECTOR('',#3836,1.);
#3836 = DIRECTION('',(1.,0.));
#3837 = ( GEOMETRIC_REPRESENTATION_CONTEXT(2) 
PARAMETRIC_REPRESENTATION_CONTEXT() REPRESENTATION_CONTEXT('2D SPACE',''
  ) );
#3838 = ORIENTED_EDGE('',*,*,#3839,.T.);
#3839 = EDGE_CURVE('',#3805,#3840,#3842,.T.);
#3840 = VERTEX_POINT('',#3841);
#3841 = CARTESIAN_POINT('',(-200.,-132.5,88.108351534918));
#3842 = SURFACE_CURVE('',#3843,(#3847,#3854),.PCURVE_S1.);
#3843 = LINE('',#3844,#3845);
#3844 = CARTESIAN_POINT('',(-200.,-307.5,88.108351534918));
#3845 = VECTOR('',#3846,1.);
#3846 = DIRECTION('',(0.,1.,0.));
#3847 = PCURVE('',#3815,#3848);
#3848 = DEFINITIONAL_REPRESENTATION('',(#3849),#3853);
#3849 = LINE('',#3850,#3851);
#3850 = CARTESIAN_POINT('',(0.,0.));
#3851 = VECTOR('',#3852,1.);
#3852 = DIRECTION('',(0.,-1.));
#3853 = ( GEOMETRIC_REPRESENTATION_CONTEXT(2) 
PARAMETRIC_REPRESENTATION_CONTEXT() REPRESENTATION_CONTEXT('2D SPACE',''
  ) );
#3854 = PCURVE('',#3855,#3860);
#3855 = PLANE('',#3856);
#3856 = AXIS2_PLACEMENT_3D('',#3857,#3858,#3859);
#3857 = CARTESIAN_POINT('',(-200.,-307.5,88.108351534918));
#3858 = DIRECTION('',(0.,0.,1.));
#3859 = DIRECTION('',(1.,0.,0.));
#3860 = DEFINITIONAL_REPRESENTATION('',(#3861),#3865);
#3861 = LINE('',#3862,#3863);
#3862 = CARTESIAN_POINT('',(0.,0.));
#3863 = VECTOR('',#3864,1.);
#3864 = DIRECTION('',(0.,1.));
#3865 = ( GEOMETRIC_REPRESENTATION_CONTEXT(2) 
PARAMETRIC_REPRESENTATION_CONTEXT() REPRESENTATION_CONTEXT('2D SPACE',''
  ) );
#3866 = ORIENTED_EDGE('',*,*,#3867,.T.);
#3867 = EDGE_CURVE('',#3840,#3868,#3870,.T.);
#3868 = VERTEX_POINT('',#3869);
#3869 = CARTESIAN_POINT('',(-200.,-132.5,91.108351534918));
#3870 = SURFACE_CURVE('',#3871,(#3875,#3882),.PCURVE_S1.);
#3871 = LINE('',#3872,#3873);
#3872 = CARTESIAN_POINT('',(-200.,-132.5,88.108351534918));
#3873 = VECTOR('',#3874,1.);
#3874 = DIRECTION('',(0.,0.,1.));
#3875 = PCURVE('',#3815,#3876);
#3876 = DEFINITIONAL_REPRESENTATION('',(#3877),#3881);
#3877 = LINE('',#3878,#3879);
#3878 = CARTESIAN_POINT('',(0.,-175.));
#3879 = VECTOR('',#3880,1.);
#3880 = DIRECTION('',(1.,0.));
#3881 = ( GEOMETRIC_REPRESENTATION_CONTEXT(2) 
PARAMETRIC_REPRESENTATION_CONTEXT() REPRESENTATION_CONTEXT('2D SPACE',''
  ) );
#3882 = PCURVE('',#3883,#3888);
#3883 = PLANE('',#3884);
#3884 = AXIS2_PLACEMENT_3D('',#3885,#3886,#3887);
#3885 = CARTESIAN_POINT('',(-200.,-132.5,88.108351534918));
#3886 = DIRECTION('',(0.,1.,0.));
#3887 = DIRECTION('',(0.,0.,1.));
#3888 = DEFINITIONAL_REPRESENTATION('',(#3889),#3893);
#3889 = LINE('',#3890,#3891);
#3890 = CARTESIAN_POINT('',(0.,0.));
#3891 = VECTOR('',#3892,1.);
#3892 = DIRECTION('',(1.,0.));
#3893 = ( GEOMETRIC_REPRESENTATION_CONTEXT(2) 
PARAMETRIC_REPRESENTATION_CONTEXT() REPRESENTATION_CONTEXT('2D SPACE',''
  ) );
#3894 = ORIENTED_EDGE('',*,*,#3895,.F.);
#3895 = EDGE_CURVE('',#3896,#3868,#3898,.T.);
#3896 = VERTEX_POINT('',#3897);
#3897 = CARTESIAN_POINT('',(-200.,-210.,91.108351534918));
#3898 = SURFACE_CURVE('',#3899,(#3903,#3910),.PCURVE_S1.);
#3899 = LINE('',#3900,#3901);
#3900 = CARTESIAN_POINT('',(-200.,-307.5,91.108351534918));
#3901 = VECTOR('',#3902,1.);
#3902 = DIRECTION('',(0.,1.,0.));
#3903 = PCURVE('',#3815,#3904);
#3904 = DEFINITIONAL_REPRESENTATION('',(#3905),#3909);
#3905 = LINE('',#3906,#3907);
#3906 = CARTESIAN_POINT('',(3.,0.));
#3907 = VECTOR('',#3908,1.);
#3908 = DIRECTION('',(0.,-1.));
#3909 = ( GEOMETRIC_REPRESENTATION_CONTEXT(2) 
PARAMETRIC_REPRESENTATION_CONTEXT() REPRESENTATION_CONTEXT('2D SPACE',''
  ) );
#3910 = PCURVE('',#3911,#3916);
#3911 = PLANE('',#3912);
#3912 = AXIS2_PLACEMENT_3D('',#3913,#3914,#3915);
#3913 = CARTESIAN_POINT('',(-200.,-307.5,91.108351534918));
#3914 = DIRECTION('',(0.,0.,1.));
#3915 = DIRECTION('',(1.,0.,0.));
#3916 = DEFINITIONAL_REPRESENTATION('',(#3917),#3921);
#3917 = LINE('',#3918,#3919);
#3918 = CARTESIAN_POINT('',(0.,0.));
#3919 = VECTOR('',#3920,1.);
#3920 = DIRECTION('',(0.,1.));
#3921 = ( GEOMETRIC_REPRESENTATION_CONTEXT(2) 
PARAMETRIC_REPRESENTATION_CONTEXT() REPRESENTATION_CONTEXT('2D SPACE',''
  ) );
#3922 = ORIENTED_EDGE('',*,*,#3923,.T.);
#3923 = EDGE_CURVE('',#3896,#3924,#3926,.T.);
#3924 = VERTEX_POINT('',#3925);
#3925 = CARTESIAN_POINT('',(-200.,-210.,242.20835153491));
#3926 = SURFACE_CURVE('',#3927,(#3931,#3938),.PCURVE_S1.);
#3927 = LINE('',#3928,#3929);
#3928 = CARTESIAN_POINT('',(-200.,-210.,91.108351534918));
#3929 = VECTOR('',#3930,1.);
#3930 = DIRECTION('',(0.,0.,1.));
#3931 = PCURVE('',#3815,#3932);
#3932 = DEFINITIONAL_REPRESENTATION('',(#3933),#3937);
#3933 = LINE('',#3934,#3935);
#3934 = CARTESIAN_POINT('',(3.,-97.5));
#3935 = VECTOR('',#3936,1.);
#3936 = DIRECTION('',(1.,0.));
#3937 = ( GEOMETRIC_REPRESENTATION_CONTEXT(2) 
PARAMETRIC_REPRESENTATION_CONTEXT() REPRESENTATION_CONTEXT('2D SPACE',''
  ) );
#3938 = PCURVE('',#3939,#3944);
#3939 = PLANE('',#3940);
#3940 = AXIS2_PLACEMENT_3D('',#3941,#3942,#3943);
#3941 = CARTESIAN_POINT('',(-200.,-210.,91.108351534918));
#3942 = DIRECTION('',(0.,1.,0.));
#3943 = DIRECTION('',(0.,0.,1.));
#3944 = DEFINITIONAL_REPRESENTATION('',(#3945),#3949);
#3945 = LINE('',#3946,#3947);
#3946 = CARTESIAN_POINT('',(0.,0.));
#3947 = VECTOR('',#3948,1.);
#3948 = DIRECTION('',(1.,0.));
#3949 = ( GEOMETRIC_REPRESENTATION_CONTEXT(2) 
PARAMETRIC_REPRESENTATION_CONTEXT() REPRESENTATION_CONTEXT('2D SPACE',''
  ) );
#3950 = ORIENTED_EDGE('',*,*,#3951,.F.);
#3951 = EDGE_CURVE('',#3952,#3924,#3954,.T.);
#3952 = VERTEX_POINT('',#3953);
#3953 = CARTESIAN_POINT('',(-200.,-230.,242.20835153491));
#3954 = SURFACE_CURVE('',#3955,(#3959,#3966),.PCURVE_S1.);
#3955 = LINE('',#3956,#3957);
#3956 = CARTESIAN_POINT('',(-200.,-230.,242.20835153491));
#3957 = VECTOR('',#3958,1.);
#3958 = DIRECTION('',(0.,1.,0.));
#3959 = PCURVE('',#3815,#3960);
#3960 = DEFINITIONAL_REPRESENTATION('',(#3961),#3965);
#3961 = LINE('',#3962,#3963);
#3962 = CARTESIAN_POINT('',(154.1,-77.5));
#3963 = VECTOR('',#3964,1.);
#3964 = DIRECTION('',(0.,-1.));
#3965 = ( GEOMETRIC_REPRESENTATION_CONTEXT(2) 
PARAMETRIC_REPRESENTATION_CONTEXT() REPRESENTATION_CONTEXT('2D SPACE',''
  ) );
#3966 = PCURVE('',#3967,#3972);
#3967 = PLANE('',#3968);
#3968 = AXIS2_PLACEMENT_3D('',#3969,#3970,#3971);
#3969 = CARTESIAN_POINT('',(-200.,-230.,242.20835153491));
#3970 = DIRECTION('',(0.,0.,1.));
#3971 = DIRECTION('',(1.,0.,0.));
#3972 = DEFINITIONAL_REPRESENTATION('',(#3973),#3977);
#3973 = LINE('',#3974,#3975);
#3974 = CARTESIAN_POINT('',(0.,0.));
#3975 = VECTOR('',#3976,1.);
#3976 = DIRECTION('',(0.,1.));
#3977 = ( GEOMETRIC_REPRESENTATION_CONTEXT(2) 
PARAMETRIC_REPRESENTATION_CONTEXT() REPRESENTATION_CONTEXT('2D SPACE',''
  ) );
#3978 = ORIENTED_EDGE('',*,*,#3979,.F.);
#3979 = EDGE_CURVE('',#3980,#3952,#3982,.T.);
#3980 = VERTEX_POINT('',#3981);
#3981 = CARTESIAN_POINT('',(-200.,-230.,91.108351534918));
#3982 = SURFACE_CURVE('',#3983,(#3987,#3994),.PCURVE_S1.);
#3983 = LINE('',#3984,#3985);
#3984 = CARTESIAN_POINT('',(-200.,-230.,91.108351534918));
#3985 = VECTOR('',#3986,1.);
#3986 = DIRECTION('',(0.,0.,1.));
#3987 = PCURVE('',#3815,#3988);
#3988 = DEFINITIONAL_REPRESENTATION('',(#3989),#3993);
#3989 = LINE('',#3990,#3991);
#3990 = CARTESIAN_POINT('',(3.,-77.5));
#3991 = VECTOR('',#3992,1.);
#3992 = DIRECTION('',(1.,0.));
#3993 = ( GEOMETRIC_REPRESENTATION_CONTEXT(2) 
PARAMETRIC_REPRESENTATION_CONTEXT() REPRESENTATION_CONTEXT('2D SPACE',''
  ) );
#3994 = PCURVE('',#3995,#4000);
#3995 = PLANE('',#3996);
#3996 = AXIS2_PLACEMENT_3D('',#3997,#3998,#3999);
#3997 = CARTESIAN_POINT('',(-200.,-230.,91.108351534918));
#3998 = DIRECTION('',(0.,1.,0.));
#3999 = DIRECTION('',(0.,0.,1.));
#4000 = DEFINITIONAL_REPRESENTATION('',(#4001),#4005);
#4001 = LINE('',#4002,#4003);
#4002 = CARTESIAN_POINT('',(0.,0.));
#4003 = VECTOR('',#4004,1.);
#4004 = DIRECTION('',(1.,0.));
#4005 = ( GEOMETRIC_REPRESENTATION_CONTEXT(2) 
PARAMETRIC_REPRESENTATION_CONTEXT() REPRESENTATION_CONTEXT('2D SPACE',''
  ) );
#4006 = ORIENTED_EDGE('',*,*,#4007,.F.);
#4007 = EDGE_CURVE('',#3807,#3980,#4008,.T.);
#4008 = SURFACE_CURVE('',#4009,(#4013,#4020),.PCURVE_S1.);
#4009 = LINE('',#4010,#4011);
#4010 = CARTESIAN_POINT('',(-200.,-307.5,91.108351534918));
#4011 = VECTOR('',#4012,1.);
#4012 = DIRECTION('',(0.,1.,0.));
#4013 = PCURVE('',#3815,#4014);
#4014 = DEFINITIONAL_REPRESENTATION('',(#4015),#4019);
#4015 = LINE('',#4016,#4017);
#4016 = CARTESIAN_POINT('',(3.,0.));
#4017 = VECTOR('',#4018,1.);
#4018 = DIRECTION('',(0.,-1.));
#4019 = ( GEOMETRIC_REPRESENTATION_CONTEXT(2) 
PARAMETRIC_REPRESENTATION_CONTEXT() REPRESENTATION_CONTEXT('2D SPACE',''
  ) );
#4020 = PCURVE('',#3911,#4021);
#4021 = DEFINITIONAL_REPRESENTATION('',(#4022),#4026);
#4022 = LINE('',#4023,#4024);
#4023 = CARTESIAN_POINT('',(0.,0.));
#4024 = VECTOR('',#4025,1.);
#4025 = DIRECTION('',(0.,1.));
#4026 = ( GEOMETRIC_REPRESENTATION_CONTEXT(2) 
PARAMETRIC_REPRESENTATION_CONTEXT() REPRESENTATION_CONTEXT('2D SPACE',''
  ) );
#4027 = ADVANCED_FACE('',(#4028),#3827,.F.);
#4028 = FACE_BOUND('',#4029,.F.);
#4029 = EDGE_LOOP('',(#4030,#4053,#4054,#4077));
#4030 = ORIENTED_EDGE('',*,*,#4031,.F.);
#4031 = EDGE_CURVE('',#3805,#4032,#4034,.T.);
#4032 = VERTEX_POINT('',#4033);
#4033 = CARTESIAN_POINT('',(200.,-307.5,88.108351534918));
#4034 = SURFACE_CURVE('',#4035,(#4039,#4046),.PCURVE_S1.);
#4035 = LINE('',#4036,#4037);
#4036 = CARTESIAN_POINT('',(-200.,-307.5,88.108351534918));
#4037 = VECTOR('',#4038,1.);
#4038 = DIRECTION('',(1.,0.,0.));
#4039 = PCURVE('',#3827,#4040);
#4040 = DEFINITIONAL_REPRESENTATION('',(#4041),#4045);
#4041 = LINE('',#4042,#4043);
#4042 = CARTESIAN_POINT('',(0.,0.));
#4043 = VECTOR('',#4044,1.);
#4044 = DIRECTION('',(0.,1.));
#4045 = ( GEOMETRIC_REPRESENTATION_CONTEXT(2) 
PARAMETRIC_REPRESENTATION_CONTEXT() REPRESENTATION_CONTEXT('2D SPACE',''
  ) );
#4046 = PCURVE('',#3855,#4047);
#4047 = DEFINITIONAL_REPRESENTATION('',(#4048),#4052);
#4048 = LINE('',#4049,#4050);
#4049 = CARTESIAN_POINT('',(0.,0.));
#4050 = VECTOR('',#4051,1.);
#4051 = DIRECTION('',(1.,0.));
#4052 = ( GEOMETRIC_REPRESENTATION_CONTEXT(2) 
PARAMETRIC_REPRESENTATION_CONTEXT() REPRESENTATION_CONTEXT('2D SPACE',''
  ) );
#4053 = ORIENTED_EDGE('',*,*,#3804,.T.);
#4054 = ORIENTED_EDGE('',*,*,#4055,.T.);
#4055 = EDGE_CURVE('',#3807,#4056,#4058,.T.);
#4056 = VERTEX_POINT('',#4057);
#4057 = CARTESIAN_POINT('',(200.,-307.5,91.108351534918));
#4058 = SURFACE_CURVE('',#4059,(#4063,#4070),.PCURVE_S1.);
#4059 = LINE('',#4060,#4061);
#4060 = CARTESIAN_POINT('',(-200.,-307.5,91.108351534918));
#4061 = VECTOR('',#4062,1.);
#4062 = DIRECTION('',(1.,0.,0.));
#4063 = PCURVE('',#3827,#4064);
#4064 = DEFINITIONAL_REPRESENTATION('',(#4065),#4069);
#4065 = LINE('',#4066,#4067);
#4066 = CARTESIAN_POINT('',(3.,0.));
#4067 = VECTOR('',#4068,1.);
#4068 = DIRECTION('',(0.,1.));
#4069 = ( GEOMETRIC_REPRESENTATION_CONTEXT(2) 
PARAMETRIC_REPRESENTATION_CONTEXT() REPRESENTATION_CONTEXT('2D SPACE',''
  ) );
#4070 = PCURVE('',#3911,#4071);
#4071 = DEFINITIONAL_REPRESENTATION('',(#4072),#4076);
#4072 = LINE('',#4073,#4074);
#4073 = CARTESIAN_POINT('',(0.,0.));
#4074 = VECTOR('',#4075,1.);
#4075 = DIRECTION('',(1.,0.));
#4076 = ( GEOMETRIC_REPRESENTATION_CONTEXT(2) 
PARAMETRIC_REPRESENTATION_CONTEXT() REPRESENTATION_CONTEXT('2D SPACE',''
  ) );
#4077 = ORIENTED_EDGE('',*,*,#4078,.F.);
#4078 = EDGE_CURVE('',#4032,#4056,#4079,.T.);
#4079 = SURFACE_CURVE('',#4080,(#4084,#4091),.PCURVE_S1.);
#4080 = LINE('',#4081,#4082);
#4081 = CARTESIAN_POINT('',(200.,-307.5,88.108351534918));
#4082 = VECTOR('',#4083,1.);
#4083 = DIRECTION('',(0.,0.,1.));
#4084 = PCURVE('',#3827,#4085);
#4085 = DEFINITIONAL_REPRESENTATION('',(#4086),#4090);
#4086 = LINE('',#4087,#4088);
#4087 = CARTESIAN_POINT('',(0.,400.));
#4088 = VECTOR('',#4089,1.);
#4089 = DIRECTION('',(1.,0.));
#4090 = ( GEOMETRIC_REPRESENTATION_CONTEXT(2) 
PARAMETRIC_REPRESENTATION_CONTEXT() REPRESENTATION_CONTEXT('2D SPACE',''
  ) );
#4091 = PCURVE('',#4092,#4097);
#4092 = PLANE('',#4093);
#4093 = AXIS2_PLACEMENT_3D('',#4094,#4095,#4096);
#4094 = CARTESIAN_POINT('',(200.,-307.5,88.108351534918));
#4095 = DIRECTION('',(1.,0.,0.));
#4096 = DIRECTION('',(0.,0.,1.));
#4097 = DEFINITIONAL_REPRESENTATION('',(#4098),#4102);
#4098 = LINE('',#4099,#4100);
#4099 = CARTESIAN_POINT('',(0.,0.));
#4100 = VECTOR('',#4101,1.);
#4101 = DIRECTION('',(1.,0.));
#4102 = ( GEOMETRIC_REPRESENTATION_CONTEXT(2) 
PARAMETRIC_REPRESENTATION_CONTEXT() REPRESENTATION_CONTEXT('2D SPACE',''
  ) );
#4103 = ADVANCED_FACE('',(#4104),#3911,.T.);
#4104 = FACE_BOUND('',#4105,.T.);
#4105 = EDGE_LOOP('',(#4106,#4107,#4108,#4131,#4159,#4187,#4215,#4238,
    #4259,#4260,#4283,#4311));
#4106 = ORIENTED_EDGE('',*,*,#4007,.F.);
#4107 = ORIENTED_EDGE('',*,*,#4055,.T.);
#4108 = ORIENTED_EDGE('',*,*,#4109,.T.);
#4109 = EDGE_CURVE('',#4056,#4110,#4112,.T.);
#4110 = VERTEX_POINT('',#4111);
#4111 = CARTESIAN_POINT('',(200.,-230.,91.108351534918));
#4112 = SURFACE_CURVE('',#4113,(#4117,#4124),.PCURVE_S1.);
#4113 = LINE('',#4114,#4115);
#4114 = CARTESIAN_POINT('',(200.,-307.5,91.108351534918));
#4115 = VECTOR('',#4116,1.);
#4116 = DIRECTION('',(0.,1.,0.));
#4117 = PCURVE('',#3911,#4118);
#4118 = DEFINITIONAL_REPRESENTATION('',(#4119),#4123);
#4119 = LINE('',#4120,#4121);
#4120 = CARTESIAN_POINT('',(400.,0.));
#4121 = VECTOR('',#4122,1.);
#4122 = DIRECTION('',(0.,1.));
#4123 = ( GEOMETRIC_REPRESENTATION_CONTEXT(2) 
PARAMETRIC_REPRESENTATION_CONTEXT() REPRESENTATION_CONTEXT('2D SPACE',''
  ) );
#4124 = PCURVE('',#4092,#4125);
#4125 = DEFINITIONAL_REPRESENTATION('',(#4126),#4130);
#4126 = LINE('',#4127,#4128);
#4127 = CARTESIAN_POINT('',(3.,0.));
#4128 = VECTOR('',#4129,1.);
#4129 = DIRECTION('',(0.,-1.));
#4130 = ( GEOMETRIC_REPRESENTATION_CONTEXT(2) 
PARAMETRIC_REPRESENTATION_CONTEXT() REPRESENTATION_CONTEXT('2D SPACE',''
  ) );
#4131 = ORIENTED_EDGE('',*,*,#4132,.F.);
#4132 = EDGE_CURVE('',#4133,#4110,#4135,.T.);
#4133 = VERTEX_POINT('',#4134);
#4134 = CARTESIAN_POINT('',(196.,-230.,91.108351534918));
#4135 = SURFACE_CURVE('',#4136,(#4140,#4147),.PCURVE_S1.);
#4136 = LINE('',#4137,#4138);
#4137 = CARTESIAN_POINT('',(196.,-230.,91.108351534918));
#4138 = VECTOR('',#4139,1.);
#4139 = DIRECTION('',(1.,0.,0.));
#4140 = PCURVE('',#3911,#4141);
#4141 = DEFINITIONAL_REPRESENTATION('',(#4142),#4146);
#4142 = LINE('',#4143,#4144);
#4143 = CARTESIAN_POINT('',(396.,77.5));
#4144 = VECTOR('',#4145,1.);
#4145 = DIRECTION('',(1.,0.));
#4146 = ( GEOMETRIC_REPRESENTATION_CONTEXT(2) 
PARAMETRIC_REPRESENTATION_CONTEXT() REPRESENTATION_CONTEXT('2D SPACE',''
  ) );
#4147 = PCURVE('',#4148,#4153);
#4148 = PLANE('',#4149);
#4149 = AXIS2_PLACEMENT_3D('',#4150,#4151,#4152);
#4150 = CARTESIAN_POINT('',(196.,-230.,91.108351534918));
#4151 = DIRECTION('',(0.,1.,0.));
#4152 = DIRECTION('',(0.,0.,1.));
#4153 = DEFINITIONAL_REPRESENTATION('',(#4154),#4158);
#4154 = LINE('',#4155,#4156);
#4155 = CARTESIAN_POINT('',(0.,0.));
#4156 = VECTOR('',#4157,1.);
#4157 = DIRECTION('',(0.,1.));
#4158 = ( GEOMETRIC_REPRESENTATION_CONTEXT(2) 
PARAMETRIC_REPRESENTATION_CONTEXT() REPRESENTATION_CONTEXT('2D SPACE',''
  ) );
#4159 = ORIENTED_EDGE('',*,*,#4160,.T.);
#4160 = EDGE_CURVE('',#4133,#4161,#4163,.T.);
#4161 = VERTEX_POINT('',#4162);
#4162 = CARTESIAN_POINT('',(196.,-210.,91.108351534918));
#4163 = SURFACE_CURVE('',#4164,(#4168,#4175),.PCURVE_S1.);
#4164 = LINE('',#4165,#4166);
#4165 = CARTESIAN_POINT('',(196.,-230.,91.108351534918));
#4166 = VECTOR('',#4167,1.);
#4167 = DIRECTION('',(0.,1.,0.));
#4168 = PCURVE('',#3911,#4169);
#4169 = DEFINITIONAL_REPRESENTATION('',(#4170),#4174);
#4170 = LINE('',#4171,#4172);
#4171 = CARTESIAN_POINT('',(396.,77.5));
#4172 = VECTOR('',#4173,1.);
#4173 = DIRECTION('',(0.,1.));
#4174 = ( GEOMETRIC_REPRESENTATION_CONTEXT(2) 
PARAMETRIC_REPRESENTATION_CONTEXT() REPRESENTATION_CONTEXT('2D SPACE',''
  ) );
#4175 = PCURVE('',#4176,#4181);
#4176 = PLANE('',#4177);
#4177 = AXIS2_PLACEMENT_3D('',#4178,#4179,#4180);
#4178 = CARTESIAN_POINT('',(196.,-230.,91.108351534918));
#4179 = DIRECTION('',(1.,0.,0.));
#4180 = DIRECTION('',(0.,0.,1.));
#4181 = DEFINITIONAL_REPRESENTATION('',(#4182),#4186);
#4182 = LINE('',#4183,#4184);
#4183 = CARTESIAN_POINT('',(0.,0.));
#4184 = VECTOR('',#4185,1.);
#4185 = DIRECTION('',(0.,-1.));
#4186 = ( GEOMETRIC_REPRESENTATION_CONTEXT(2) 
PARAMETRIC_REPRESENTATION_CONTEXT() REPRESENTATION_CONTEXT('2D SPACE',''
  ) );
#4187 = ORIENTED_EDGE('',*,*,#4188,.T.);
#4188 = EDGE_CURVE('',#4161,#4189,#4191,.T.);
#4189 = VERTEX_POINT('',#4190);
#4190 = CARTESIAN_POINT('',(200.,-210.,91.108351534918));
#4191 = SURFACE_CURVE('',#4192,(#4196,#4203),.PCURVE_S1.);
#4192 = LINE('',#4193,#4194);
#4193 = CARTESIAN_POINT('',(196.,-210.,91.108351534918));
#4194 = VECTOR('',#4195,1.);
#4195 = DIRECTION('',(1.,0.,0.));
#4196 = PCURVE('',#3911,#4197);
#4197 = DEFINITIONAL_REPRESENTATION('',(#4198),#4202);
#4198 = LINE('',#4199,#4200);
#4199 = CARTESIAN_POINT('',(396.,97.5));
#4200 = VECTOR('',#4201,1.);
#4201 = DIRECTION('',(1.,0.));
#4202 = ( GEOMETRIC_REPRESENTATION_CONTEXT(2) 
PARAMETRIC_REPRESENTATION_CONTEXT() REPRESENTATION_CONTEXT('2D SPACE',''
  ) );
#4203 = PCURVE('',#4204,#4209);
#4204 = PLANE('',#4205);
#4205 = AXIS2_PLACEMENT_3D('',#4206,#4207,#4208);
#4206 = CARTESIAN_POINT('',(196.,-210.,91.108351534918));
#4207 = DIRECTION('',(0.,1.,0.));
#4208 = DIRECTION('',(0.,0.,1.));
#4209 = DEFINITIONAL_REPRESENTATION('',(#4210),#4214);
#4210 = LINE('',#4211,#4212);
#4211 = CARTESIAN_POINT('',(0.,0.));
#4212 = VECTOR('',#4213,1.);
#4213 = DIRECTION('',(0.,1.));
#4214 = ( GEOMETRIC_REPRESENTATION_CONTEXT(2) 
PARAMETRIC_REPRESENTATION_CONTEXT() REPRESENTATION_CONTEXT('2D SPACE',''
  ) );
#4215 = ORIENTED_EDGE('',*,*,#4216,.T.);
#4216 = EDGE_CURVE('',#4189,#4217,#4219,.T.);
#4217 = VERTEX_POINT('',#4218);
#4218 = CARTESIAN_POINT('',(200.,-132.5,91.108351534918));
#4219 = SURFACE_CURVE('',#4220,(#4224,#4231),.PCURVE_S1.);
#4220 = LINE('',#4221,#4222);
#4221 = CARTESIAN_POINT('',(200.,-307.5,91.108351534918));
#4222 = VECTOR('',#4223,1.);
#4223 = DIRECTION('',(0.,1.,0.));
#4224 = PCURVE('',#3911,#4225);
#4225 = DEFINITIONAL_REPRESENTATION('',(#4226),#4230);
#4226 = LINE('',#4227,#4228);
#4227 = CARTESIAN_POINT('',(400.,0.));
#4228 = VECTOR('',#4229,1.);
#4229 = DIRECTION('',(0.,1.));
#4230 = ( GEOMETRIC_REPRESENTATION_CONTEXT(2) 
PARAMETRIC_REPRESENTATION_CONTEXT() REPRESENTATION_CONTEXT('2D SPACE',''
  ) );
#4231 = PCURVE('',#4092,#4232);
#4232 = DEFINITIONAL_REPRESENTATION('',(#4233),#4237);
#4233 = LINE('',#4234,#4235);
#4234 = CARTESIAN_POINT('',(3.,0.));
#4235 = VECTOR('',#4236,1.);
#4236 = DIRECTION('',(0.,-1.));
#4237 = ( GEOMETRIC_REPRESENTATION_CONTEXT(2) 
PARAMETRIC_REPRESENTATION_CONTEXT() REPRESENTATION_CONTEXT('2D SPACE',''
  ) );
#4238 = ORIENTED_EDGE('',*,*,#4239,.F.);
#4239 = EDGE_CURVE('',#3868,#4217,#4240,.T.);
#4240 = SURFACE_CURVE('',#4241,(#4245,#4252),.PCURVE_S1.);
#4241 = LINE('',#4242,#4243);
#4242 = CARTESIAN_POINT('',(-200.,-132.5,91.108351534918));
#4243 = VECTOR('',#4244,1.);
#4244 = DIRECTION('',(1.,0.,0.));
#4245 = PCURVE('',#3911,#4246);
#4246 = DEFINITIONAL_REPRESENTATION('',(#4247),#4251);
#4247 = LINE('',#4248,#4249);
#4248 = CARTESIAN_POINT('',(0.,175.));
#4249 = VECTOR('',#4250,1.);
#4250 = DIRECTION('',(1.,0.));
#4251 = ( GEOMETRIC_REPRESENTATION_CONTEXT(2) 
PARAMETRIC_REPRESENTATION_CONTEXT() REPRESENTATION_CONTEXT('2D SPACE',''
  ) );
#4252 = PCURVE('',#3883,#4253);
#4253 = DEFINITIONAL_REPRESENTATION('',(#4254),#4258);
#4254 = LINE('',#4255,#4256);
#4255 = CARTESIAN_POINT('',(3.,0.));
#4256 = VECTOR('',#4257,1.);
#4257 = DIRECTION('',(0.,1.));
#4258 = ( GEOMETRIC_REPRESENTATION_CONTEXT(2) 
PARAMETRIC_REPRESENTATION_CONTEXT() REPRESENTATION_CONTEXT('2D SPACE',''
  ) );
#4259 = ORIENTED_EDGE('',*,*,#3895,.F.);
#4260 = ORIENTED_EDGE('',*,*,#4261,.T.);
#4261 = EDGE_CURVE('',#3896,#4262,#4264,.T.);
#4262 = VERTEX_POINT('',#4263);
#4263 = CARTESIAN_POINT('',(-196.,-210.,91.108351534918));
#4264 = SURFACE_CURVE('',#4265,(#4269,#4276),.PCURVE_S1.);
#4265 = LINE('',#4266,#4267);
#4266 = CARTESIAN_POINT('',(-200.,-210.,91.108351534918));
#4267 = VECTOR('',#4268,1.);
#4268 = DIRECTION('',(1.,0.,0.));
#4269 = PCURVE('',#3911,#4270);
#4270 = DEFINITIONAL_REPRESENTATION('',(#4271),#4275);
#4271 = LINE('',#4272,#4273);
#4272 = CARTESIAN_POINT('',(0.,97.5));
#4273 = VECTOR('',#4274,1.);
#4274 = DIRECTION('',(1.,0.));
#4275 = ( GEOMETRIC_REPRESENTATION_CONTEXT(2) 
PARAMETRIC_REPRESENTATION_CONTEXT() REPRESENTATION_CONTEXT('2D SPACE',''
  ) );
#4276 = PCURVE('',#3939,#4277);
#4277 = DEFINITIONAL_REPRESENTATION('',(#4278),#4282);
#4278 = LINE('',#4279,#4280);
#4279 = CARTESIAN_POINT('',(0.,0.));
#4280 = VECTOR('',#4281,1.);
#4281 = DIRECTION('',(0.,1.));
#4282 = ( GEOMETRIC_REPRESENTATION_CONTEXT(2) 
PARAMETRIC_REPRESENTATION_CONTEXT() REPRESENTATION_CONTEXT('2D SPACE',''
  ) );
#4283 = ORIENTED_EDGE('',*,*,#4284,.F.);
#4284 = EDGE_CURVE('',#4285,#4262,#4287,.T.);
#4285 = VERTEX_POINT('',#4286);
#4286 = CARTESIAN_POINT('',(-196.,-230.,91.108351534918));
#4287 = SURFACE_CURVE('',#4288,(#4292,#4299),.PCURVE_S1.);
#4288 = LINE('',#4289,#4290);
#4289 = CARTESIAN_POINT('',(-196.,-230.,91.108351534918));
#4290 = VECTOR('',#4291,1.);
#4291 = DIRECTION('',(0.,1.,0.));
#4292 = PCURVE('',#3911,#4293);
#4293 = DEFINITIONAL_REPRESENTATION('',(#4294),#4298);
#4294 = LINE('',#4295,#4296);
#4295 = CARTESIAN_POINT('',(4.,77.5));
#4296 = VECTOR('',#4297,1.);
#4297 = DIRECTION('',(0.,1.));
#4298 = ( GEOMETRIC_REPRESENTATION_CONTEXT(2) 
PARAMETRIC_REPRESENTATION_CONTEXT() REPRESENTATION_CONTEXT('2D SPACE',''
  ) );
#4299 = PCURVE('',#4300,#4305);
#4300 = PLANE('',#4301);
#4301 = AXIS2_PLACEMENT_3D('',#4302,#4303,#4304);
#4302 = CARTESIAN_POINT('',(-196.,-230.,91.108351534918));
#4303 = DIRECTION('',(1.,0.,0.));
#4304 = DIRECTION('',(0.,0.,1.));
#4305 = DEFINITIONAL_REPRESENTATION('',(#4306),#4310);
#4306 = LINE('',#4307,#4308);
#4307 = CARTESIAN_POINT('',(0.,0.));
#4308 = VECTOR('',#4309,1.);
#4309 = DIRECTION('',(0.,-1.));
#4310 = ( GEOMETRIC_REPRESENTATION_CONTEXT(2) 
PARAMETRIC_REPRESENTATION_CONTEXT() REPRESENTATION_CONTEXT('2D SPACE',''
  ) );
#4311 = ORIENTED_EDGE('',*,*,#4312,.F.);
#4312 = EDGE_CURVE('',#3980,#4285,#4313,.T.);
#4313 = SURFACE_CURVE('',#4314,(#4318,#4325),.PCURVE_S1.);
#4314 = LINE('',#4315,#4316);
#4315 = CARTESIAN_POINT('',(-200.,-230.,91.108351534918));
#4316 = VECTOR('',#4317,1.);
#4317 = DIRECTION('',(1.,0.,0.));
#4318 = PCURVE('',#3911,#4319);
#4319 = DEFINITIONAL_REPRESENTATION('',(#4320),#4324);
#4320 = LINE('',#4321,#4322);
#4321 = CARTESIAN_POINT('',(0.,77.5));
#4322 = VECTOR('',#4323,1.);
#4323 = DIRECTION('',(1.,0.));
#4324 = ( GEOMETRIC_REPRESENTATION_CONTEXT(2) 
PARAMETRIC_REPRESENTATION_CONTEXT() REPRESENTATION_CONTEXT('2D SPACE',''
  ) );
#4325 = PCURVE('',#3995,#4326);
#4326 = DEFINITIONAL_REPRESENTATION('',(#4327),#4331);
#4327 = LINE('',#4328,#4329);
#4328 = CARTESIAN_POINT('',(0.,0.));
#4329 = VECTOR('',#4330,1.);
#4330 = DIRECTION('',(0.,1.));
#4331 = ( GEOMETRIC_REPRESENTATION_CONTEXT(2) 
PARAMETRIC_REPRESENTATION_CONTEXT() REPRESENTATION_CONTEXT('2D SPACE',''
  ) );
#4332 = ADVANCED_FACE('',(#4333),#3883,.T.);
#4333 = FACE_BOUND('',#4334,.T.);
#4334 = EDGE_LOOP('',(#4335,#4358,#4359,#4360));
#4335 = ORIENTED_EDGE('',*,*,#4336,.F.);
#4336 = EDGE_CURVE('',#3840,#4337,#4339,.T.);
#4337 = VERTEX_POINT('',#4338);
#4338 = CARTESIAN_POINT('',(200.,-132.5,88.108351534918));
#4339 = SURFACE_CURVE('',#4340,(#4344,#4351),.PCURVE_S1.);
#4340 = LINE('',#4341,#4342);
#4341 = CARTESIAN_POINT('',(-200.,-132.5,88.108351534918));
#4342 = VECTOR('',#4343,1.);
#4343 = DIRECTION('',(1.,0.,0.));
#4344 = PCURVE('',#3883,#4345);
#4345 = DEFINITIONAL_REPRESENTATION('',(#4346),#4350);
#4346 = LINE('',#4347,#4348);
#4347 = CARTESIAN_POINT('',(0.,0.));
#4348 = VECTOR('',#4349,1.);
#4349 = DIRECTION('',(0.,1.));
#4350 = ( GEOMETRIC_REPRESENTATION_CONTEXT(2) 
PARAMETRIC_REPRESENTATION_CONTEXT() REPRESENTATION_CONTEXT('2D SPACE',''
  ) );
#4351 = PCURVE('',#3855,#4352);
#4352 = DEFINITIONAL_REPRESENTATION('',(#4353),#4357);
#4353 = LINE('',#4354,#4355);
#4354 = CARTESIAN_POINT('',(0.,175.));
#4355 = VECTOR('',#4356,1.);
#4356 = DIRECTION('',(1.,0.));
#4357 = ( GEOMETRIC_REPRESENTATION_CONTEXT(2) 
PARAMETRIC_REPRESENTATION_CONTEXT() REPRESENTATION_CONTEXT('2D SPACE',''
  ) );
#4358 = ORIENTED_EDGE('',*,*,#3867,.T.);
#4359 = ORIENTED_EDGE('',*,*,#4239,.T.);
#4360 = ORIENTED_EDGE('',*,*,#4361,.F.);
#4361 = EDGE_CURVE('',#4337,#4217,#4362,.T.);
#4362 = SURFACE_CURVE('',#4363,(#4367,#4374),.PCURVE_S1.);
#4363 = LINE('',#4364,#4365);
#4364 = CARTESIAN_POINT('',(200.,-132.5,88.108351534918));
#4365 = VECTOR('',#4366,1.);
#4366 = DIRECTION('',(0.,0.,1.));
#4367 = PCURVE('',#3883,#4368);
#4368 = DEFINITIONAL_REPRESENTATION('',(#4369),#4373);
#4369 = LINE('',#4370,#4371);
#4370 = CARTESIAN_POINT('',(0.,400.));
#4371 = VECTOR('',#4372,1.);
#4372 = DIRECTION('',(1.,0.));
#4373 = ( GEOMETRIC_REPRESENTATION_CONTEXT(2) 
PARAMETRIC_REPRESENTATION_CONTEXT() REPRESENTATION_CONTEXT('2D SPACE',''
  ) );
#4374 = PCURVE('',#4092,#4375);
#4375 = DEFINITIONAL_REPRESENTATION('',(#4376),#4380);
#4376 = LINE('',#4377,#4378);
#4377 = CARTESIAN_POINT('',(0.,-175.));
#4378 = VECTOR('',#4379,1.);
#4379 = DIRECTION('',(1.,0.));
#4380 = ( GEOMETRIC_REPRESENTATION_CONTEXT(2) 
PARAMETRIC_REPRESENTATION_CONTEXT() REPRESENTATION_CONTEXT('2D SPACE',''
  ) );
#4381 = ADVANCED_FACE('',(#4382),#3855,.F.);
#4382 = FACE_BOUND('',#4383,.F.);
#4383 = EDGE_LOOP('',(#4384,#4385,#4386,#4407));
#4384 = ORIENTED_EDGE('',*,*,#3839,.F.);
#4385 = ORIENTED_EDGE('',*,*,#4031,.T.);
#4386 = ORIENTED_EDGE('',*,*,#4387,.T.);
#4387 = EDGE_CURVE('',#4032,#4337,#4388,.T.);
#4388 = SURFACE_CURVE('',#4389,(#4393,#4400),.PCURVE_S1.);
#4389 = LINE('',#4390,#4391);
#4390 = CARTESIAN_POINT('',(200.,-307.5,88.108351534918));
#4391 = VECTOR('',#4392,1.);
#4392 = DIRECTION('',(0.,1.,0.));
#4393 = PCURVE('',#3855,#4394);
#4394 = DEFINITIONAL_REPRESENTATION('',(#4395),#4399);
#4395 = LINE('',#4396,#4397);
#4396 = CARTESIAN_POINT('',(400.,0.));
#4397 = VECTOR('',#4398,1.);
#4398 = DIRECTION('',(0.,1.));
#4399 = ( GEOMETRIC_REPRESENTATION_CONTEXT(2) 
PARAMETRIC_REPRESENTATION_CONTEXT() REPRESENTATION_CONTEXT('2D SPACE',''
  ) );
#4400 = PCURVE('',#4092,#4401);
#4401 = DEFINITIONAL_REPRESENTATION('',(#4402),#4406);
#4402 = LINE('',#4403,#4404);
#4403 = CARTESIAN_POINT('',(0.,0.));
#4404 = VECTOR('',#4405,1.);
#4405 = DIRECTION('',(0.,-1.));
#4406 = ( GEOMETRIC_REPRESENTATION_CONTEXT(2) 
PARAMETRIC_REPRESENTATION_CONTEXT() REPRESENTATION_CONTEXT('2D SPACE',''
  ) );
#4407 = ORIENTED_EDGE('',*,*,#4336,.F.);
#4408 = ADVANCED_FACE('',(#4409),#4092,.T.);
#4409 = FACE_BOUND('',#4410,.T.);
#4410 = EDGE_LOOP('',(#4411,#4412,#4413,#4414,#4415,#4438,#4466,#4487));
#4411 = ORIENTED_EDGE('',*,*,#4078,.F.);
#4412 = ORIENTED_EDGE('',*,*,#4387,.T.);
#4413 = ORIENTED_EDGE('',*,*,#4361,.T.);
#4414 = ORIENTED_EDGE('',*,*,#4216,.F.);
#4415 = ORIENTED_EDGE('',*,*,#4416,.T.);
#4416 = EDGE_CURVE('',#4189,#4417,#4419,.T.);
#4417 = VERTEX_POINT('',#4418);
#4418 = CARTESIAN_POINT('',(200.,-210.,242.20835153491));
#4419 = SURFACE_CURVE('',#4420,(#4424,#4431),.PCURVE_S1.);
#4420 = LINE('',#4421,#4422);
#4421 = CARTESIAN_POINT('',(200.,-210.,91.108351534918));
#4422 = VECTOR('',#4423,1.);
#4423 = DIRECTION('',(0.,0.,1.));
#4424 = PCURVE('',#4092,#4425);
#4425 = DEFINITIONAL_REPRESENTATION('',(#4426),#4430);
#4426 = LINE('',#4427,#4428);
#4427 = CARTESIAN_POINT('',(3.,-97.5));
#4428 = VECTOR('',#4429,1.);
#4429 = DIRECTION('',(1.,0.));
#4430 = ( GEOMETRIC_REPRESENTATION_CONTEXT(2) 
PARAMETRIC_REPRESENTATION_CONTEXT() REPRESENTATION_CONTEXT('2D SPACE',''
  ) );
#4431 = PCURVE('',#4204,#4432);
#4432 = DEFINITIONAL_REPRESENTATION('',(#4433),#4437);
#4433 = LINE('',#4434,#4435);
#4434 = CARTESIAN_POINT('',(0.,4.));
#4435 = VECTOR('',#4436,1.);
#4436 = DIRECTION('',(1.,0.));
#4437 = ( GEOMETRIC_REPRESENTATION_CONTEXT(2) 
PARAMETRIC_REPRESENTATION_CONTEXT() REPRESENTATION_CONTEXT('2D SPACE',''
  ) );
#4438 = ORIENTED_EDGE('',*,*,#4439,.F.);
#4439 = EDGE_CURVE('',#4440,#4417,#4442,.T.);
#4440 = VERTEX_POINT('',#4441);
#4441 = CARTESIAN_POINT('',(200.,-230.,242.20835153491));
#4442 = SURFACE_CURVE('',#4443,(#4447,#4454),.PCURVE_S1.);
#4443 = LINE('',#4444,#4445);
#4444 = CARTESIAN_POINT('',(200.,-230.,242.20835153491));
#4445 = VECTOR('',#4446,1.);
#4446 = DIRECTION('',(0.,1.,0.));
#4447 = PCURVE('',#4092,#4448);
#4448 = DEFINITIONAL_REPRESENTATION('',(#4449),#4453);
#4449 = LINE('',#4450,#4451);
#4450 = CARTESIAN_POINT('',(154.1,-77.5));
#4451 = VECTOR('',#4452,1.);
#4452 = DIRECTION('',(0.,-1.));
#4453 = ( GEOMETRIC_REPRESENTATION_CONTEXT(2) 
PARAMETRIC_REPRESENTATION_CONTEXT() REPRESENTATION_CONTEXT('2D SPACE',''
  ) );
#4454 = PCURVE('',#4455,#4460);
#4455 = PLANE('',#4456);
#4456 = AXIS2_PLACEMENT_3D('',#4457,#4458,#4459);
#4457 = CARTESIAN_POINT('',(196.,-230.,242.20835153491));
#4458 = DIRECTION('',(0.,0.,1.));
#4459 = DIRECTION('',(1.,0.,0.));
#4460 = DEFINITIONAL_REPRESENTATION('',(#4461),#4465);
#4461 = LINE('',#4462,#4463);
#4462 = CARTESIAN_POINT('',(4.,0.));
#4463 = VECTOR('',#4464,1.);
#4464 = DIRECTION('',(0.,1.));
#4465 = ( GEOMETRIC_REPRESENTATION_CONTEXT(2) 
PARAMETRIC_REPRESENTATION_CONTEXT() REPRESENTATION_CONTEXT('2D SPACE',''
  ) );
#4466 = ORIENTED_EDGE('',*,*,#4467,.F.);
#4467 = EDGE_CURVE('',#4110,#4440,#4468,.T.);
#4468 = SURFACE_CURVE('',#4469,(#4473,#4480),.PCURVE_S1.);
#4469 = LINE('',#4470,#4471);
#4470 = CARTESIAN_POINT('',(200.,-230.,91.108351534918));
#4471 = VECTOR('',#4472,1.);
#4472 = DIRECTION('',(0.,0.,1.));
#4473 = PCURVE('',#4092,#4474);
#4474 = DEFINITIONAL_REPRESENTATION('',(#4475),#4479);
#4475 = LINE('',#4476,#4477);
#4476 = CARTESIAN_POINT('',(3.,-77.5));
#4477 = VECTOR('',#4478,1.);
#4478 = DIRECTION('',(1.,0.));
#4479 = ( GEOMETRIC_REPRESENTATION_CONTEXT(2) 
PARAMETRIC_REPRESENTATION_CONTEXT() REPRESENTATION_CONTEXT('2D SPACE',''
  ) );
#4480 = PCURVE('',#4148,#4481);
#4481 = DEFINITIONAL_REPRESENTATION('',(#4482),#4486);
#4482 = LINE('',#4483,#4484);
#4483 = CARTESIAN_POINT('',(0.,4.));
#4484 = VECTOR('',#4485,1.);
#4485 = DIRECTION('',(1.,0.));
#4486 = ( GEOMETRIC_REPRESENTATION_CONTEXT(2) 
PARAMETRIC_REPRESENTATION_CONTEXT() REPRESENTATION_CONTEXT('2D SPACE',''
  ) );
#4487 = ORIENTED_EDGE('',*,*,#4109,.F.);
#4488 = ADVANCED_FACE('',(#4489),#3995,.F.);
#4489 = FACE_BOUND('',#4490,.F.);
#4490 = EDGE_LOOP('',(#4491,#4492,#4493,#4516));
#4491 = ORIENTED_EDGE('',*,*,#4312,.F.);
#4492 = ORIENTED_EDGE('',*,*,#3979,.T.);
#4493 = ORIENTED_EDGE('',*,*,#4494,.T.);
#4494 = EDGE_CURVE('',#3952,#4495,#4497,.T.);
#4495 = VERTEX_POINT('',#4496);
#4496 = CARTESIAN_POINT('',(-196.,-230.,242.20835153491));
#4497 = SURFACE_CURVE('',#4498,(#4502,#4509),.PCURVE_S1.);
#4498 = LINE('',#4499,#4500);
#4499 = CARTESIAN_POINT('',(-200.,-230.,242.20835153491));
#4500 = VECTOR('',#4501,1.);
#4501 = DIRECTION('',(1.,0.,0.));
#4502 = PCURVE('',#3995,#4503);
#4503 = DEFINITIONAL_REPRESENTATION('',(#4504),#4508);
#4504 = LINE('',#4505,#4506);
#4505 = CARTESIAN_POINT('',(151.1,0.));
#4506 = VECTOR('',#4507,1.);
#4507 = DIRECTION('',(0.,1.));
#4508 = ( GEOMETRIC_REPRESENTATION_CONTEXT(2) 
PARAMETRIC_REPRESENTATION_CONTEXT() REPRESENTATION_CONTEXT('2D SPACE',''
  ) );
#4509 = PCURVE('',#3967,#4510);
#4510 = DEFINITIONAL_REPRESENTATION('',(#4511),#4515);
#4511 = LINE('',#4512,#4513);
#4512 = CARTESIAN_POINT('',(0.,0.));
#4513 = VECTOR('',#4514,1.);
#4514 = DIRECTION('',(1.,0.));
#4515 = ( GEOMETRIC_REPRESENTATION_CONTEXT(2) 
PARAMETRIC_REPRESENTATION_CONTEXT() REPRESENTATION_CONTEXT('2D SPACE',''
  ) );
#4516 = ORIENTED_EDGE('',*,*,#4517,.F.);
#4517 = EDGE_CURVE('',#4285,#4495,#4518,.T.);
#4518 = SURFACE_CURVE('',#4519,(#4523,#4530),.PCURVE_S1.);
#4519 = LINE('',#4520,#4521);
#4520 = CARTESIAN_POINT('',(-196.,-230.,91.108351534918));
#4521 = VECTOR('',#4522,1.);
#4522 = DIRECTION('',(0.,0.,1.));
#4523 = PCURVE('',#3995,#4524);
#4524 = DEFINITIONAL_REPRESENTATION('',(#4525),#4529);
#4525 = LINE('',#4526,#4527);
#4526 = CARTESIAN_POINT('',(0.,4.));
#4527 = VECTOR('',#4528,1.);
#4528 = DIRECTION('',(1.,0.));
#4529 = ( GEOMETRIC_REPRESENTATION_CONTEXT(2) 
PARAMETRIC_REPRESENTATION_CONTEXT() REPRESENTATION_CONTEXT('2D SPACE',''
  ) );
#4530 = PCURVE('',#4300,#4531);
#4531 = DEFINITIONAL_REPRESENTATION('',(#4532),#4536);
#4532 = LINE('',#4533,#4534);
#4533 = CARTESIAN_POINT('',(0.,0.));
#4534 = VECTOR('',#4535,1.);
#4535 = DIRECTION('',(1.,0.));
#4536 = ( GEOMETRIC_REPRESENTATION_CONTEXT(2) 
PARAMETRIC_REPRESENTATION_CONTEXT() REPRESENTATION_CONTEXT('2D SPACE',''
  ) );
#4537 = ADVANCED_FACE('',(#4538),#4300,.T.);
#4538 = FACE_BOUND('',#4539,.T.);
#4539 = EDGE_LOOP('',(#4540,#4541,#4542,#4565));
#4540 = ORIENTED_EDGE('',*,*,#4517,.F.);
#4541 = ORIENTED_EDGE('',*,*,#4284,.T.);
#4542 = ORIENTED_EDGE('',*,*,#4543,.T.);
#4543 = EDGE_CURVE('',#4262,#4544,#4546,.T.);
#4544 = VERTEX_POINT('',#4545);
#4545 = CARTESIAN_POINT('',(-196.,-210.,242.20835153491));
#4546 = SURFACE_CURVE('',#4547,(#4551,#4558),.PCURVE_S1.);
#4547 = LINE('',#4548,#4549);
#4548 = CARTESIAN_POINT('',(-196.,-210.,91.108351534918));
#4549 = VECTOR('',#4550,1.);
#4550 = DIRECTION('',(0.,0.,1.));
#4551 = PCURVE('',#4300,#4552);
#4552 = DEFINITIONAL_REPRESENTATION('',(#4553),#4557);
#4553 = LINE('',#4554,#4555);
#4554 = CARTESIAN_POINT('',(0.,-20.));
#4555 = VECTOR('',#4556,1.);
#4556 = DIRECTION('',(1.,0.));
#4557 = ( GEOMETRIC_REPRESENTATION_CONTEXT(2) 
PARAMETRIC_REPRESENTATION_CONTEXT() REPRESENTATION_CONTEXT('2D SPACE',''
  ) );
#4558 = PCURVE('',#3939,#4559);
#4559 = DEFINITIONAL_REPRESENTATION('',(#4560),#4564);
#4560 = LINE('',#4561,#4562);
#4561 = CARTESIAN_POINT('',(0.,4.));
#4562 = VECTOR('',#4563,1.);
#4563 = DIRECTION('',(1.,0.));
#4564 = ( GEOMETRIC_REPRESENTATION_CONTEXT(2) 
PARAMETRIC_REPRESENTATION_CONTEXT() REPRESENTATION_CONTEXT('2D SPACE',''
  ) );
#4565 = ORIENTED_EDGE('',*,*,#4566,.F.);
#4566 = EDGE_CURVE('',#4495,#4544,#4567,.T.);
#4567 = SURFACE_CURVE('',#4568,(#4572,#4579),.PCURVE_S1.);
#4568 = LINE('',#4569,#4570);
#4569 = CARTESIAN_POINT('',(-196.,-230.,242.20835153491));
#4570 = VECTOR('',#4571,1.);
#4571 = DIRECTION('',(0.,1.,0.));
#4572 = PCURVE('',#4300,#4573);
#4573 = DEFINITIONAL_REPRESENTATION('',(#4574),#4578);
#4574 = LINE('',#4575,#4576);
#4575 = CARTESIAN_POINT('',(151.1,0.));
#4576 = VECTOR('',#4577,1.);
#4577 = DIRECTION('',(0.,-1.));
#4578 = ( GEOMETRIC_REPRESENTATION_CONTEXT(2) 
PARAMETRIC_REPRESENTATION_CONTEXT() REPRESENTATION_CONTEXT('2D SPACE',''
  ) );
#4579 = PCURVE('',#3967,#4580);
#4580 = DEFINITIONAL_REPRESENTATION('',(#4581),#4585);
#4581 = LINE('',#4582,#4583);
#4582 = CARTESIAN_POINT('',(4.,0.));
#4583 = VECTOR('',#4584,1.);
#4584 = DIRECTION('',(0.,1.));
#4585 = ( GEOMETRIC_REPRESENTATION_CONTEXT(2) 
PARAMETRIC_REPRESENTATION_CONTEXT() REPRESENTATION_CONTEXT('2D SPACE',''
  ) );
#4586 = ADVANCED_FACE('',(#4587),#3939,.T.);
#4587 = FACE_BOUND('',#4588,.T.);
#4588 = EDGE_LOOP('',(#4589,#4590,#4591,#4612));
#4589 = ORIENTED_EDGE('',*,*,#4261,.F.);
#4590 = ORIENTED_EDGE('',*,*,#3923,.T.);
#4591 = ORIENTED_EDGE('',*,*,#4592,.T.);
#4592 = EDGE_CURVE('',#3924,#4544,#4593,.T.);
#4593 = SURFACE_CURVE('',#4594,(#4598,#4605),.PCURVE_S1.);
#4594 = LINE('',#4595,#4596);
#4595 = CARTESIAN_POINT('',(-200.,-210.,242.20835153491));
#4596 = VECTOR('',#4597,1.);
#4597 = DIRECTION('',(1.,0.,0.));
#4598 = PCURVE('',#3939,#4599);
#4599 = DEFINITIONAL_REPRESENTATION('',(#4600),#4604);
#4600 = LINE('',#4601,#4602);
#4601 = CARTESIAN_POINT('',(151.1,0.));
#4602 = VECTOR('',#4603,1.);
#4603 = DIRECTION('',(0.,1.));
#4604 = ( GEOMETRIC_REPRESENTATION_CONTEXT(2) 
PARAMETRIC_REPRESENTATION_CONTEXT() REPRESENTATION_CONTEXT('2D SPACE',''
  ) );
#4605 = PCURVE('',#3967,#4606);
#4606 = DEFINITIONAL_REPRESENTATION('',(#4607),#4611);
#4607 = LINE('',#4608,#4609);
#4608 = CARTESIAN_POINT('',(0.,20.));
#4609 = VECTOR('',#4610,1.);
#4610 = DIRECTION('',(1.,0.));
#4611 = ( GEOMETRIC_REPRESENTATION_CONTEXT(2) 
PARAMETRIC_REPRESENTATION_CONTEXT() REPRESENTATION_CONTEXT('2D SPACE',''
  ) );
#4612 = ORIENTED_EDGE('',*,*,#4543,.F.);
#4613 = ADVANCED_FACE('',(#4614),#4204,.T.);
#4614 = FACE_BOUND('',#4615,.T.);
#4615 = EDGE_LOOP('',(#4616,#4617,#4640,#4661));
#4616 = ORIENTED_EDGE('',*,*,#4188,.F.);
#4617 = ORIENTED_EDGE('',*,*,#4618,.T.);
#4618 = EDGE_CURVE('',#4161,#4619,#4621,.T.);
#4619 = VERTEX_POINT('',#4620);
#4620 = CARTESIAN_POINT('',(196.,-210.,242.20835153491));
#4621 = SURFACE_CURVE('',#4622,(#4626,#4633),.PCURVE_S1.);
#4622 = LINE('',#4623,#4624);
#4623 = CARTESIAN_POINT('',(196.,-210.,91.108351534918));
#4624 = VECTOR('',#4625,1.);
#4625 = DIRECTION('',(0.,0.,1.));
#4626 = PCURVE('',#4204,#4627);
#4627 = DEFINITIONAL_REPRESENTATION('',(#4628),#4632);
#4628 = LINE('',#4629,#4630);
#4629 = CARTESIAN_POINT('',(0.,0.));
#4630 = VECTOR('',#4631,1.);
#4631 = DIRECTION('',(1.,0.));
#4632 = ( GEOMETRIC_REPRESENTATION_CONTEXT(2) 
PARAMETRIC_REPRESENTATION_CONTEXT() REPRESENTATION_CONTEXT('2D SPACE',''
  ) );
#4633 = PCURVE('',#4176,#4634);
#4634 = DEFINITIONAL_REPRESENTATION('',(#4635),#4639);
#4635 = LINE('',#4636,#4637);
#4636 = CARTESIAN_POINT('',(0.,-20.));
#4637 = VECTOR('',#4638,1.);
#4638 = DIRECTION('',(1.,0.));
#4639 = ( GEOMETRIC_REPRESENTATION_CONTEXT(2) 
PARAMETRIC_REPRESENTATION_CONTEXT() REPRESENTATION_CONTEXT('2D SPACE',''
  ) );
#4640 = ORIENTED_EDGE('',*,*,#4641,.T.);
#4641 = EDGE_CURVE('',#4619,#4417,#4642,.T.);
#4642 = SURFACE_CURVE('',#4643,(#4647,#4654),.PCURVE_S1.);
#4643 = LINE('',#4644,#4645);
#4644 = CARTESIAN_POINT('',(196.,-210.,242.20835153491));
#4645 = VECTOR('',#4646,1.);
#4646 = DIRECTION('',(1.,0.,0.));
#4647 = PCURVE('',#4204,#4648);
#4648 = DEFINITIONAL_REPRESENTATION('',(#4649),#4653);
#4649 = LINE('',#4650,#4651);
#4650 = CARTESIAN_POINT('',(151.1,0.));
#4651 = VECTOR('',#4652,1.);
#4652 = DIRECTION('',(0.,1.));
#4653 = ( GEOMETRIC_REPRESENTATION_CONTEXT(2) 
PARAMETRIC_REPRESENTATION_CONTEXT() REPRESENTATION_CONTEXT('2D SPACE',''
  ) );
#4654 = PCURVE('',#4455,#4655);
#4655 = DEFINITIONAL_REPRESENTATION('',(#4656),#4660);
#4656 = LINE('',#4657,#4658);
#4657 = CARTESIAN_POINT('',(0.,20.));
#4658 = VECTOR('',#4659,1.);
#4659 = DIRECTION('',(1.,0.));
#4660 = ( GEOMETRIC_REPRESENTATION_CONTEXT(2) 
PARAMETRIC_REPRESENTATION_CONTEXT() REPRESENTATION_CONTEXT('2D SPACE',''
  ) );
#4661 = ORIENTED_EDGE('',*,*,#4416,.F.);
#4662 = ADVANCED_FACE('',(#4663),#4176,.F.);
#4663 = FACE_BOUND('',#4664,.F.);
#4664 = EDGE_LOOP('',(#4665,#4688,#4689,#4690));
#4665 = ORIENTED_EDGE('',*,*,#4666,.F.);
#4666 = EDGE_CURVE('',#4133,#4667,#4669,.T.);
#4667 = VERTEX_POINT('',#4668);
#4668 = CARTESIAN_POINT('',(196.,-230.,242.20835153491));
#4669 = SURFACE_CURVE('',#4670,(#4674,#4681),.PCURVE_S1.);
#4670 = LINE('',#4671,#4672);
#4671 = CARTESIAN_POINT('',(196.,-230.,91.108351534918));
#4672 = VECTOR('',#4673,1.);
#4673 = DIRECTION('',(0.,0.,1.));
#4674 = PCURVE('',#4176,#4675);
#4675 = DEFINITIONAL_REPRESENTATION('',(#4676),#4680);
#4676 = LINE('',#4677,#4678);
#4677 = CARTESIAN_POINT('',(0.,0.));
#4678 = VECTOR('',#4679,1.);
#4679 = DIRECTION('',(1.,0.));
#4680 = ( GEOMETRIC_REPRESENTATION_CONTEXT(2) 
PARAMETRIC_REPRESENTATION_CONTEXT() REPRESENTATION_CONTEXT('2D SPACE',''
  ) );
#4681 = PCURVE('',#4148,#4682);
#4682 = DEFINITIONAL_REPRESENTATION('',(#4683),#4687);
#4683 = LINE('',#4684,#4685);
#4684 = CARTESIAN_POINT('',(0.,0.));
#4685 = VECTOR('',#4686,1.);
#4686 = DIRECTION('',(1.,0.));
#4687 = ( GEOMETRIC_REPRESENTATION_CONTEXT(2) 
PARAMETRIC_REPRESENTATION_CONTEXT() REPRESENTATION_CONTEXT('2D SPACE',''
  ) );
#4688 = ORIENTED_EDGE('',*,*,#4160,.T.);
#4689 = ORIENTED_EDGE('',*,*,#4618,.T.);
#4690 = ORIENTED_EDGE('',*,*,#4691,.F.);
#4691 = EDGE_CURVE('',#4667,#4619,#4692,.T.);
#4692 = SURFACE_CURVE('',#4693,(#4697,#4704),.PCURVE_S1.);
#4693 = LINE('',#4694,#4695);
#4694 = CARTESIAN_POINT('',(196.,-230.,242.20835153491));
#4695 = VECTOR('',#4696,1.);
#4696 = DIRECTION('',(0.,1.,0.));
#4697 = PCURVE('',#4176,#4698);
#4698 = DEFINITIONAL_REPRESENTATION('',(#4699),#4703);
#4699 = LINE('',#4700,#4701);
#4700 = CARTESIAN_POINT('',(151.1,0.));
#4701 = VECTOR('',#4702,1.);
#4702 = DIRECTION('',(0.,-1.));
#4703 = ( GEOMETRIC_REPRESENTATION_CONTEXT(2) 
PARAMETRIC_REPRESENTATION_CONTEXT() REPRESENTATION_CONTEXT('2D SPACE',''
  ) );
#4704 = PCURVE('',#4455,#4705);
#4705 = DEFINITIONAL_REPRESENTATION('',(#4706),#4710);
#4706 = LINE('',#4707,#4708);
#4707 = CARTESIAN_POINT('',(0.,0.));
#4708 = VECTOR('',#4709,1.);
#4709 = DIRECTION('',(0.,1.));
#4710 = ( GEOMETRIC_REPRESENTATION_CONTEXT(2) 
PARAMETRIC_REPRESENTATION_CONTEXT() REPRESENTATION_CONTEXT('2D SPACE',''
  ) );
#4711 = ADVANCED_FACE('',(#4712),#4148,.F.);
#4712 = FACE_BOUND('',#4713,.F.);
#4713 = EDGE_LOOP('',(#4714,#4715,#4716,#4737));
#4714 = ORIENTED_EDGE('',*,*,#4132,.F.);
#4715 = ORIENTED_EDGE('',*,*,#4666,.T.);
#4716 = ORIENTED_EDGE('',*,*,#4717,.T.);
#4717 = EDGE_CURVE('',#4667,#4440,#4718,.T.);
#4718 = SURFACE_CURVE('',#4719,(#4723,#4730),.PCURVE_S1.);
#4719 = LINE('',#4720,#4721);
#4720 = CARTESIAN_POINT('',(196.,-230.,242.20835153491));
#4721 = VECTOR('',#4722,1.);
#4722 = DIRECTION('',(1.,0.,0.));
#4723 = PCURVE('',#4148,#4724);
#4724 = DEFINITIONAL_REPRESENTATION('',(#4725),#4729);
#4725 = LINE('',#4726,#4727);
#4726 = CARTESIAN_POINT('',(151.1,0.));
#4727 = VECTOR('',#4728,1.);
#4728 = DIRECTION('',(0.,1.));
#4729 = ( GEOMETRIC_REPRESENTATION_CONTEXT(2) 
PARAMETRIC_REPRESENTATION_CONTEXT() REPRESENTATION_CONTEXT('2D SPACE',''
  ) );
#4730 = PCURVE('',#4455,#4731);
#4731 = DEFINITIONAL_REPRESENTATION('',(#4732),#4736);
#4732 = LINE('',#4733,#4734);
#4733 = CARTESIAN_POINT('',(0.,0.));
#4734 = VECTOR('',#4735,1.);
#4735 = DIRECTION('',(1.,0.));
#4736 = ( GEOMETRIC_REPRESENTATION_CONTEXT(2) 
PARAMETRIC_REPRESENTATION_CONTEXT() REPRESENTATION_CONTEXT('2D SPACE',''
  ) );
#4737 = ORIENTED_EDGE('',*,*,#4467,.F.);
#4738 = ADVANCED_FACE('',(#4739),#3967,.T.);
#4739 = FACE_BOUND('',#4740,.T.);
#4740 = EDGE_LOOP('',(#4741,#4742,#4743,#4744));
#4741 = ORIENTED_EDGE('',*,*,#3951,.F.);
#4742 = ORIENTED_EDGE('',*,*,#4494,.T.);
#4743 = ORIENTED_EDGE('',*,*,#4566,.T.);
#4744 = ORIENTED_EDGE('',*,*,#4592,.F.);
#4745 = ADVANCED_FACE('',(#4746),#4455,.T.);
#4746 = FACE_BOUND('',#4747,.T.);
#4747 = EDGE_LOOP('',(#4748,#4749,#4750,#4751));
#4748 = ORIENTED_EDGE('',*,*,#4691,.F.);
#4749 = ORIENTED_EDGE('',*,*,#4717,.T.);
#4750 = ORIENTED_EDGE('',*,*,#4439,.T.);
#4751 = ORIENTED_EDGE('',*,*,#4641,.F.);
#4752 = ( GEOMETRIC_REPRESENTATION_CONTEXT(3) 
GLOBAL_UNCERTAINTY_ASSIGNED_CONTEXT((#4756)) 
GLOBAL_UNIT_ASSIGNED_CONTEXT((#4753,#4754,#4755)) REPRESENTATION_CONTEXT
('Context #1','3D Context with UNIT and UNCERTAINTY') );
#4753 = ( LENGTH_UNIT() NAMED_UNIT(*) SI_UNIT(.MILLI.,.METRE.) );
#4754 = ( NAMED_UNIT(*) PLANE_ANGLE_UNIT() SI_UNIT($,.RADIAN.) );
#4755 = ( NAMED_UNIT(*) SI_UNIT($,.STERADIAN.) SOLID_ANGLE_UNIT() );
#4756 = UNCERTAINTY_MEASURE_WITH_UNIT(LENGTH_MEASURE(1.E-07),#4753,
  'distance_accuracy_value','confusion accuracy');
#4757 = CONTEXT_DEPENDENT_SHAPE_REPRESENTATION(#4758,#4760);
#4758 = ( REPRESENTATION_RELATIONSHIP('','',#3797,#10) 
REPRESENTATION_RELATIONSHIP_WITH_TRANSFORMATION(#4759) 
SHAPE_REPRESENTATION_RELATIONSHIP() );
#4759 = ITEM_DEFINED_TRANSFORMATION('','',#11,#51);
#4760 = PRODUCT_DEFINITION_SHAPE('Placement','Placement of an item',
  #4761);
#4761 = NEXT_ASSEMBLY_USAGE_OCCURRENCE('49','SV3_HUB_CARRIER','',#5,
  #3792,$);
#4762 = PRODUCT_RELATED_PRODUCT_CATEGORY('part',$,(#3794));
#4763 = SHAPE_DEFINITION_REPRESENTATION(#4764,#4770);
#4764 = PRODUCT_DEFINITION_SHAPE('','',#4765);
#4765 = PRODUCT_DEFINITION('design','',#4766,#4769);
#4766 = PRODUCT_DEFINITION_FORMATION('','',#4767);
#4767 = PRODUCT('SV3_SHADE_ROOF','SV3_SHADE_ROOF','',(#4768));
#4768 = PRODUCT_CONTEXT('',#2,'mechanical');
#4769 = PRODUCT_DEFINITION_CONTEXT('part definition',#2,'design');
#4770 = ADVANCED_BREP_SHAPE_REPRESENTATION('',(#11,#4771),#5101);
#4771 = MANIFOLD_SOLID_BREP('',#4772);
#4772 = CLOSED_SHELL('',(#4773,#4893,#4993,#5040,#5087,#5094));
#4773 = ADVANCED_FACE('',(#4774),#4788,.F.);
#4774 = FACE_BOUND('',#4775,.F.);
#4775 = EDGE_LOOP('',(#4776,#4811,#4839,#4867));
#4776 = ORIENTED_EDGE('',*,*,#4777,.F.);
#4777 = EDGE_CURVE('',#4778,#4780,#4782,.T.);
#4778 = VERTEX_POINT('',#4779);
#4779 = CARTESIAN_POINT('',(-187.5,-405.4425,232.70835153491));
#4780 = VERTEX_POINT('',#4781);
#4781 = CARTESIAN_POINT('',(-187.5,-405.4425,234.20835153491));
#4782 = SURFACE_CURVE('',#4783,(#4787,#4799),.PCURVE_S1.);
#4783 = LINE('',#4784,#4785);
#4784 = CARTESIAN_POINT('',(-187.5,-405.4425,232.70835153491));
#4785 = VECTOR('',#4786,1.);
#4786 = DIRECTION('',(0.,0.,1.));
#4787 = PCURVE('',#4788,#4793);
#4788 = PLANE('',#4789);
#4789 = AXIS2_PLACEMENT_3D('',#4790,#4791,#4792);
#4790 = CARTESIAN_POINT('',(-187.5,-405.4425,232.70835153491));
#4791 = DIRECTION('',(1.,0.,0.));
#4792 = DIRECTION('',(0.,0.,1.));
#4793 = DEFINITIONAL_REPRESENTATION('',(#4794),#4798);
#4794 = LINE('',#4795,#4796);
#4795 = CARTESIAN_POINT('',(0.,0.));
#4796 = VECTOR('',#4797,1.);
#4797 = DIRECTION('',(1.,0.));
#4798 = ( GEOMETRIC_REPRESENTATION_CONTEXT(2) 
PARAMETRIC_REPRESENTATION_CONTEXT() REPRESENTATION_CONTEXT('2D SPACE',''
  ) );
#4799 = PCURVE('',#4800,#4805);
#4800 = PLANE('',#4801);
#4801 = AXIS2_PLACEMENT_3D('',#4802,#4803,#4804);
#4802 = CARTESIAN_POINT('',(-187.5,-405.4425,232.70835153491));
#4803 = DIRECTION('',(0.,1.,0.));
#4804 = DIRECTION('',(0.,0.,1.));
#4805 = DEFINITIONAL_REPRESENTATION('',(#4806),#4810);
#4806 = LINE('',#4807,#4808);
#4807 = CARTESIAN_POINT('',(0.,0.));
#4808 = VECTOR('',#4809,1.);
#4809 = DIRECTION('',(1.,0.));
#4810 = ( GEOMETRIC_REPRESENTATION_CONTEXT(2) 
PARAMETRIC_REPRESENTATION_CONTEXT() REPRESENTATION_CONTEXT('2D SPACE',''
  ) );
#4811 = ORIENTED_EDGE('',*,*,#4812,.T.);
#4812 = EDGE_CURVE('',#4778,#4813,#4815,.T.);
#4813 = VERTEX_POINT('',#4814);
#4814 = CARTESIAN_POINT('',(-187.5,-130.4425,232.70835153491));
#4815 = SURFACE_CURVE('',#4816,(#4820,#4827),.PCURVE_S1.);
#4816 = LINE('',#4817,#4818);
#4817 = CARTESIAN_POINT('',(-187.5,-405.4425,232.70835153491));
#4818 = VECTOR('',#4819,1.);
#4819 = DIRECTION('',(0.,1.,0.));
#4820 = PCURVE('',#4788,#4821);
#4821 = DEFINITIONAL_REPRESENTATION('',(#4822),#4826);
#4822 = LINE('',#4823,#4824);
#4823 = CARTESIAN_POINT('',(0.,0.));
#4824 = VECTOR('',#4825,1.);
#4825 = DIRECTION('',(0.,-1.));
#4826 = ( GEOMETRIC_REPRESENTATION_CONTEXT(2) 
PARAMETRIC_REPRESENTATION_CONTEXT() REPRESENTATION_CONTEXT('2D SPACE',''
  ) );
#4827 = PCURVE('',#4828,#4833);
#4828 = PLANE('',#4829);
#4829 = AXIS2_PLACEMENT_3D('',#4830,#4831,#4832);
#4830 = CARTESIAN_POINT('',(-187.5,-405.4425,232.70835153491));
#4831 = DIRECTION('',(0.,0.,1.));
#4832 = DIRECTION('',(1.,0.,0.));
#4833 = DEFINITIONAL_REPRESENTATION('',(#4834),#4838);
#4834 = LINE('',#4835,#4836);
#4835 = CARTESIAN_POINT('',(0.,0.));
#4836 = VECTOR('',#4837,1.);
#4837 = DIRECTION('',(0.,1.));
#4838 = ( GEOMETRIC_REPRESENTATION_CONTEXT(2) 
PARAMETRIC_REPRESENTATION_CONTEXT() REPRESENTATION_CONTEXT('2D SPACE',''
  ) );
#4839 = ORIENTED_EDGE('',*,*,#4840,.T.);
#4840 = EDGE_CURVE('',#4813,#4841,#4843,.T.);
#4841 = VERTEX_POINT('',#4842);
#4842 = CARTESIAN_POINT('',(-187.5,-130.4425,234.20835153491));
#4843 = SURFACE_CURVE('',#4844,(#4848,#4855),.PCURVE_S1.);
#4844 = LINE('',#4845,#4846);
#4845 = CARTESIAN_POINT('',(-187.5,-130.4425,232.70835153491));
#4846 = VECTOR('',#4847,1.);
#4847 = DIRECTION('',(0.,0.,1.));
#4848 = PCURVE('',#4788,#4849);
#4849 = DEFINITIONAL_REPRESENTATION('',(#4850),#4854);
#4850 = LINE('',#4851,#4852);
#4851 = CARTESIAN_POINT('',(0.,-275.));
#4852 = VECTOR('',#4853,1.);
#4853 = DIRECTION('',(1.,0.));
#4854 = ( GEOMETRIC_REPRESENTATION_CONTEXT(2) 
PARAMETRIC_REPRESENTATION_CONTEXT() REPRESENTATION_CONTEXT('2D SPACE',''
  ) );
#4855 = PCURVE('',#4856,#4861);
#4856 = PLANE('',#4857);
#4857 = AXIS2_PLACEMENT_3D('',#4858,#4859,#4860);
#4858 = CARTESIAN_POINT('',(-187.5,-130.4425,232.70835153491));
#4859 = DIRECTION('',(0.,1.,0.));
#4860 = DIRECTION('',(0.,0.,1.));
#4861 = DEFINITIONAL_REPRESENTATION('',(#4862),#4866);
#4862 = LINE('',#4863,#4864);
#4863 = CARTESIAN_POINT('',(0.,0.));
#4864 = VECTOR('',#4865,1.);
#4865 = DIRECTION('',(1.,0.));
#4866 = ( GEOMETRIC_REPRESENTATION_CONTEXT(2) 
PARAMETRIC_REPRESENTATION_CONTEXT() REPRESENTATION_CONTEXT('2D SPACE',''
  ) );
#4867 = ORIENTED_EDGE('',*,*,#4868,.F.);
#4868 = EDGE_CURVE('',#4780,#4841,#4869,.T.);
#4869 = SURFACE_CURVE('',#4870,(#4874,#4881),.PCURVE_S1.);
#4870 = LINE('',#4871,#4872);
#4871 = CARTESIAN_POINT('',(-187.5,-405.4425,234.20835153491));
#4872 = VECTOR('',#4873,1.);
#4873 = DIRECTION('',(0.,1.,0.));
#4874 = PCURVE('',#4788,#4875);
#4875 = DEFINITIONAL_REPRESENTATION('',(#4876),#4880);
#4876 = LINE('',#4877,#4878);
#4877 = CARTESIAN_POINT('',(1.5,0.));
#4878 = VECTOR('',#4879,1.);
#4879 = DIRECTION('',(0.,-1.));
#4880 = ( GEOMETRIC_REPRESENTATION_CONTEXT(2) 
PARAMETRIC_REPRESENTATION_CONTEXT() REPRESENTATION_CONTEXT('2D SPACE',''
  ) );
#4881 = PCURVE('',#4882,#4887);
#4882 = PLANE('',#4883);
#4883 = AXIS2_PLACEMENT_3D('',#4884,#4885,#4886);
#4884 = CARTESIAN_POINT('',(-187.5,-405.4425,234.20835153491));
#4885 = DIRECTION('',(0.,0.,1.));
#4886 = DIRECTION('',(1.,0.,0.));
#4887 = DEFINITIONAL_REPRESENTATION('',(#4888),#4892);
#4888 = LINE('',#4889,#4890);
#4889 = CARTESIAN_POINT('',(0.,0.));
#4890 = VECTOR('',#4891,1.);
#4891 = DIRECTION('',(0.,1.));
#4892 = ( GEOMETRIC_REPRESENTATION_CONTEXT(2) 
PARAMETRIC_REPRESENTATION_CONTEXT() REPRESENTATION_CONTEXT('2D SPACE',''
  ) );
#4893 = ADVANCED_FACE('',(#4894),#4908,.T.);
#4894 = FACE_BOUND('',#4895,.T.);
#4895 = EDGE_LOOP('',(#4896,#4926,#4949,#4972));
#4896 = ORIENTED_EDGE('',*,*,#4897,.F.);
#4897 = EDGE_CURVE('',#4898,#4900,#4902,.T.);
#4898 = VERTEX_POINT('',#4899);
#4899 = CARTESIAN_POINT('',(187.5,-405.4425,232.70835153491));
#4900 = VERTEX_POINT('',#4901);
#4901 = CARTESIAN_POINT('',(187.5,-405.4425,234.20835153491));
#4902 = SURFACE_CURVE('',#4903,(#4907,#4919),.PCURVE_S1.);
#4903 = LINE('',#4904,#4905);
#4904 = CARTESIAN_POINT('',(187.5,-405.4425,232.70835153491));
#4905 = VECTOR('',#4906,1.);
#4906 = DIRECTION('',(0.,0.,1.));
#4907 = PCURVE('',#4908,#4913);
#4908 = PLANE('',#4909);
#4909 = AXIS2_PLACEMENT_3D('',#4910,#4911,#4912);
#4910 = CARTESIAN_POINT('',(187.5,-405.4425,232.70835153491));
#4911 = DIRECTION('',(1.,0.,0.));
#4912 = DIRECTION('',(0.,0.,1.));
#4913 = DEFINITIONAL_REPRESENTATION('',(#4914),#4918);
#4914 = LINE('',#4915,#4916);
#4915 = CARTESIAN_POINT('',(0.,0.));
#4916 = VECTOR('',#4917,1.);
#4917 = DIRECTION('',(1.,0.));
#4918 = ( GEOMETRIC_REPRESENTATION_CONTEXT(2) 
PARAMETRIC_REPRESENTATION_CONTEXT() REPRESENTATION_CONTEXT('2D SPACE',''
  ) );
#4919 = PCURVE('',#4800,#4920);
#4920 = DEFINITIONAL_REPRESENTATION('',(#4921),#4925);
#4921 = LINE('',#4922,#4923);
#4922 = CARTESIAN_POINT('',(0.,375.));
#4923 = VECTOR('',#4924,1.);
#4924 = DIRECTION('',(1.,0.));
#4925 = ( GEOMETRIC_REPRESENTATION_CONTEXT(2) 
PARAMETRIC_REPRESENTATION_CONTEXT() REPRESENTATION_CONTEXT('2D SPACE',''
  ) );
#4926 = ORIENTED_EDGE('',*,*,#4927,.T.);
#4927 = EDGE_CURVE('',#4898,#4928,#4930,.T.);
#4928 = VERTEX_POINT('',#4929);
#4929 = CARTESIAN_POINT('',(187.5,-130.4425,232.70835153491));
#4930 = SURFACE_CURVE('',#4931,(#4935,#4942),.PCURVE_S1.);
#4931 = LINE('',#4932,#4933);
#4932 = CARTESIAN_POINT('',(187.5,-405.4425,232.70835153491));
#4933 = VECTOR('',#4934,1.);
#4934 = DIRECTION('',(0.,1.,0.));
#4935 = PCURVE('',#4908,#4936);
#4936 = DEFINITIONAL_REPRESENTATION('',(#4937),#4941);
#4937 = LINE('',#4938,#4939);
#4938 = CARTESIAN_POINT('',(0.,0.));
#4939 = VECTOR('',#4940,1.);
#4940 = DIRECTION('',(0.,-1.));
#4941 = ( GEOMETRIC_REPRESENTATION_CONTEXT(2) 
PARAMETRIC_REPRESENTATION_CONTEXT() REPRESENTATION_CONTEXT('2D SPACE',''
  ) );
#4942 = PCURVE('',#4828,#4943);
#4943 = DEFINITIONAL_REPRESENTATION('',(#4944),#4948);
#4944 = LINE('',#4945,#4946);
#4945 = CARTESIAN_POINT('',(375.,0.));
#4946 = VECTOR('',#4947,1.);
#4947 = DIRECTION('',(0.,1.));
#4948 = ( GEOMETRIC_REPRESENTATION_CONTEXT(2) 
PARAMETRIC_REPRESENTATION_CONTEXT() REPRESENTATION_CONTEXT('2D SPACE',''
  ) );
#4949 = ORIENTED_EDGE('',*,*,#4950,.T.);
#4950 = EDGE_CURVE('',#4928,#4951,#4953,.T.);
#4951 = VERTEX_POINT('',#4952);
#4952 = CARTESIAN_POINT('',(187.5,-130.4425,234.20835153491));
#4953 = SURFACE_CURVE('',#4954,(#4958,#4965),.PCURVE_S1.);
#4954 = LINE('',#4955,#4956);
#4955 = CARTESIAN_POINT('',(187.5,-130.4425,232.70835153491));
#4956 = VECTOR('',#4957,1.);
#4957 = DIRECTION('',(0.,0.,1.));
#4958 = PCURVE('',#4908,#4959);
#4959 = DEFINITIONAL_REPRESENTATION('',(#4960),#4964);
#4960 = LINE('',#4961,#4962);
#4961 = CARTESIAN_POINT('',(0.,-275.));
#4962 = VECTOR('',#4963,1.);
#4963 = DIRECTION('',(1.,0.));
#4964 = ( GEOMETRIC_REPRESENTATION_CONTEXT(2) 
PARAMETRIC_REPRESENTATION_CONTEXT() REPRESENTATION_CONTEXT('2D SPACE',''
  ) );
#4965 = PCURVE('',#4856,#4966);
#4966 = DEFINITIONAL_REPRESENTATION('',(#4967),#4971);
#4967 = LINE('',#4968,#4969);
#4968 = CARTESIAN_POINT('',(0.,375.));
#4969 = VECTOR('',#4970,1.);
#4970 = DIRECTION('',(1.,0.));
#4971 = ( GEOMETRIC_REPRESENTATION_CONTEXT(2) 
PARAMETRIC_REPRESENTATION_CONTEXT() REPRESENTATION_CONTEXT('2D SPACE',''
  ) );
#4972 = ORIENTED_EDGE('',*,*,#4973,.F.);
#4973 = EDGE_CURVE('',#4900,#4951,#4974,.T.);
#4974 = SURFACE_CURVE('',#4975,(#4979,#4986),.PCURVE_S1.);
#4975 = LINE('',#4976,#4977);
#4976 = CARTESIAN_POINT('',(187.5,-405.4425,234.20835153491));
#4977 = VECTOR('',#4978,1.);
#4978 = DIRECTION('',(0.,1.,0.));
#4979 = PCURVE('',#4908,#4980);
#4980 = DEFINITIONAL_REPRESENTATION('',(#4981),#4985);
#4981 = LINE('',#4982,#4983);
#4982 = CARTESIAN_POINT('',(1.5,0.));
#4983 = VECTOR('',#4984,1.);
#4984 = DIRECTION('',(0.,-1.));
#4985 = ( GEOMETRIC_REPRESENTATION_CONTEXT(2) 
PARAMETRIC_REPRESENTATION_CONTEXT() REPRESENTATION_CONTEXT('2D SPACE',''
  ) );
#4986 = PCURVE('',#4882,#4987);
#4987 = DEFINITIONAL_REPRESENTATION('',(#4988),#4992);
#4988 = LINE('',#4989,#4990);
#4989 = CARTESIAN_POINT('',(375.,0.));
#4990 = VECTOR('',#4991,1.);
#4991 = DIRECTION('',(0.,1.));
#4992 = ( GEOMETRIC_REPRESENTATION_CONTEXT(2) 
PARAMETRIC_REPRESENTATION_CONTEXT() REPRESENTATION_CONTEXT('2D SPACE',''
  ) );
#4993 = ADVANCED_FACE('',(#4994),#4800,.F.);
#4994 = FACE_BOUND('',#4995,.F.);
#4995 = EDGE_LOOP('',(#4996,#5017,#5018,#5039));
#4996 = ORIENTED_EDGE('',*,*,#4997,.F.);
#4997 = EDGE_CURVE('',#4778,#4898,#4998,.T.);
#4998 = SURFACE_CURVE('',#4999,(#5003,#5010),.PCURVE_S1.);
#4999 = LINE('',#5000,#5001);
#5000 = CARTESIAN_POINT('',(-187.5,-405.4425,232.70835153491));
#5001 = VECTOR('',#5002,1.);
#5002 = DIRECTION('',(1.,0.,0.));
#5003 = PCURVE('',#4800,#5004);
#5004 = DEFINITIONAL_REPRESENTATION('',(#5005),#5009);
#5005 = LINE('',#5006,#5007);
#5006 = CARTESIAN_POINT('',(0.,0.));
#5007 = VECTOR('',#5008,1.);
#5008 = DIRECTION('',(0.,1.));
#5009 = ( GEOMETRIC_REPRESENTATION_CONTEXT(2) 
PARAMETRIC_REPRESENTATION_CONTEXT() REPRESENTATION_CONTEXT('2D SPACE',''
  ) );
#5010 = PCURVE('',#4828,#5011);
#5011 = DEFINITIONAL_REPRESENTATION('',(#5012),#5016);
#5012 = LINE('',#5013,#5014);
#5013 = CARTESIAN_POINT('',(0.,0.));
#5014 = VECTOR('',#5015,1.);
#5015 = DIRECTION('',(1.,0.));
#5016 = ( GEOMETRIC_REPRESENTATION_CONTEXT(2) 
PARAMETRIC_REPRESENTATION_CONTEXT() REPRESENTATION_CONTEXT('2D SPACE',''
  ) );
#5017 = ORIENTED_EDGE('',*,*,#4777,.T.);
#5018 = ORIENTED_EDGE('',*,*,#5019,.T.);
#5019 = EDGE_CURVE('',#4780,#4900,#5020,.T.);
#5020 = SURFACE_CURVE('',#5021,(#5025,#5032),.PCURVE_S1.);
#5021 = LINE('',#5022,#5023);
#5022 = CARTESIAN_POINT('',(-187.5,-405.4425,234.20835153491));
#5023 = VECTOR('',#5024,1.);
#5024 = DIRECTION('',(1.,0.,0.));
#5025 = PCURVE('',#4800,#5026);
#5026 = DEFINITIONAL_REPRESENTATION('',(#5027),#5031);
#5027 = LINE('',#5028,#5029);
#5028 = CARTESIAN_POINT('',(1.5,0.));
#5029 = VECTOR('',#5030,1.);
#5030 = DIRECTION('',(0.,1.));
#5031 = ( GEOMETRIC_REPRESENTATION_CONTEXT(2) 
PARAMETRIC_REPRESENTATION_CONTEXT() REPRESENTATION_CONTEXT('2D SPACE',''
  ) );
#5032 = PCURVE('',#4882,#5033);
#5033 = DEFINITIONAL_REPRESENTATION('',(#5034),#5038);
#5034 = LINE('',#5035,#5036);
#5035 = CARTESIAN_POINT('',(0.,0.));
#5036 = VECTOR('',#5037,1.);
#5037 = DIRECTION('',(1.,0.));
#5038 = ( GEOMETRIC_REPRESENTATION_CONTEXT(2) 
PARAMETRIC_REPRESENTATION_CONTEXT() REPRESENTATION_CONTEXT('2D SPACE',''
  ) );
#5039 = ORIENTED_EDGE('',*,*,#4897,.F.);
#5040 = ADVANCED_FACE('',(#5041),#4856,.T.);
#5041 = FACE_BOUND('',#5042,.T.);
#5042 = EDGE_LOOP('',(#5043,#5064,#5065,#5086));
#5043 = ORIENTED_EDGE('',*,*,#5044,.F.);
#5044 = EDGE_CURVE('',#4813,#4928,#5045,.T.);
#5045 = SURFACE_CURVE('',#5046,(#5050,#5057),.PCURVE_S1.);
#5046 = LINE('',#5047,#5048);
#5047 = CARTESIAN_POINT('',(-187.5,-130.4425,232.70835153491));
#5048 = VECTOR('',#5049,1.);
#5049 = DIRECTION('',(1.,0.,0.));
#5050 = PCURVE('',#4856,#5051);
#5051 = DEFINITIONAL_REPRESENTATION('',(#5052),#5056);
#5052 = LINE('',#5053,#5054);
#5053 = CARTESIAN_POINT('',(0.,0.));
#5054 = VECTOR('',#5055,1.);
#5055 = DIRECTION('',(0.,1.));
#5056 = ( GEOMETRIC_REPRESENTATION_CONTEXT(2) 
PARAMETRIC_REPRESENTATION_CONTEXT() REPRESENTATION_CONTEXT('2D SPACE',''
  ) );
#5057 = PCURVE('',#4828,#5058);
#5058 = DEFINITIONAL_REPRESENTATION('',(#5059),#5063);
#5059 = LINE('',#5060,#5061);
#5060 = CARTESIAN_POINT('',(0.,275.));
#5061 = VECTOR('',#5062,1.);
#5062 = DIRECTION('',(1.,0.));
#5063 = ( GEOMETRIC_REPRESENTATION_CONTEXT(2) 
PARAMETRIC_REPRESENTATION_CONTEXT() REPRESENTATION_CONTEXT('2D SPACE',''
  ) );
#5064 = ORIENTED_EDGE('',*,*,#4840,.T.);
#5065 = ORIENTED_EDGE('',*,*,#5066,.T.);
#5066 = EDGE_CURVE('',#4841,#4951,#5067,.T.);
#5067 = SURFACE_CURVE('',#5068,(#5072,#5079),.PCURVE_S1.);
#5068 = LINE('',#5069,#5070);
#5069 = CARTESIAN_POINT('',(-187.5,-130.4425,234.20835153491));
#5070 = VECTOR('',#5071,1.);
#5071 = DIRECTION('',(1.,0.,0.));
#5072 = PCURVE('',#4856,#5073);
#5073 = DEFINITIONAL_REPRESENTATION('',(#5074),#5078);
#5074 = LINE('',#5075,#5076);
#5075 = CARTESIAN_POINT('',(1.5,0.));
#5076 = VECTOR('',#5077,1.);
#5077 = DIRECTION('',(0.,1.));
#5078 = ( GEOMETRIC_REPRESENTATION_CONTEXT(2) 
PARAMETRIC_REPRESENTATION_CONTEXT() REPRESENTATION_CONTEXT('2D SPACE',''
  ) );
#5079 = PCURVE('',#4882,#5080);
#5080 = DEFINITIONAL_REPRESENTATION('',(#5081),#5085);
#5081 = LINE('',#5082,#5083);
#5082 = CARTESIAN_POINT('',(0.,275.));
#5083 = VECTOR('',#5084,1.);
#5084 = DIRECTION('',(1.,0.));
#5085 = ( GEOMETRIC_REPRESENTATION_CONTEXT(2) 
PARAMETRIC_REPRESENTATION_CONTEXT() REPRESENTATION_CONTEXT('2D SPACE',''
  ) );
#5086 = ORIENTED_EDGE('',*,*,#4950,.F.);
#5087 = ADVANCED_FACE('',(#5088),#4828,.F.);
#5088 = FACE_BOUND('',#5089,.F.);
#5089 = EDGE_LOOP('',(#5090,#5091,#5092,#5093));
#5090 = ORIENTED_EDGE('',*,*,#4812,.F.);
#5091 = ORIENTED_EDGE('',*,*,#4997,.T.);
#5092 = ORIENTED_EDGE('',*,*,#4927,.T.);
#5093 = ORIENTED_EDGE('',*,*,#5044,.F.);
#5094 = ADVANCED_FACE('',(#5095),#4882,.T.);
#5095 = FACE_BOUND('',#5096,.T.);
#5096 = EDGE_LOOP('',(#5097,#5098,#5099,#5100));
#5097 = ORIENTED_EDGE('',*,*,#4868,.F.);
#5098 = ORIENTED_EDGE('',*,*,#5019,.T.);
#5099 = ORIENTED_EDGE('',*,*,#4973,.T.);
#5100 = ORIENTED_EDGE('',*,*,#5066,.F.);
#5101 = ( GEOMETRIC_REPRESENTATION_CONTEXT(3) 
GLOBAL_UNCERTAINTY_ASSIGNED_CONTEXT((#5105)) 
GLOBAL_UNIT_ASSIGNED_CONTEXT((#5102,#5103,#5104)) REPRESENTATION_CONTEXT
('Context #1','3D Context with UNIT and UNCERTAINTY') );
#5102 = ( LENGTH_UNIT() NAMED_UNIT(*) SI_UNIT(.MILLI.,.METRE.) );
#5103 = ( NAMED_UNIT(*) PLANE_ANGLE_UNIT() SI_UNIT($,.RADIAN.) );
#5104 = ( NAMED_UNIT(*) SI_UNIT($,.STERADIAN.) SOLID_ANGLE_UNIT() );
#5105 = UNCERTAINTY_MEASURE_WITH_UNIT(LENGTH_MEASURE(1.E-07),#5102,
  'distance_accuracy_value','confusion accuracy');
#5106 = CONTEXT_DEPENDENT_SHAPE_REPRESENTATION(#5107,#5109);
#5107 = ( REPRESENTATION_RELATIONSHIP('','',#4770,#10) 
REPRESENTATION_RELATIONSHIP_WITH_TRANSFORMATION(#5108) 
SHAPE_REPRESENTATION_RELATIONSHIP() );
#5108 = ITEM_DEFINED_TRANSFORMATION('','',#11,#55);
#5109 = PRODUCT_DEFINITION_SHAPE('Placement','Placement of an item',
  #5110);
#5110 = NEXT_ASSEMBLY_USAGE_OCCURRENCE('50','SV3_SHADE_ROOF','',#5,#4765
  ,$);
#5111 = PRODUCT_RELATED_PRODUCT_CATEGORY('part',$,(#4767));
#5112 = SHAPE_DEFINITION_REPRESENTATION(#5113,#5119);
#5113 = PRODUCT_DEFINITION_SHAPE('','',#5114);
#5114 = PRODUCT_DEFINITION('design','',#5115,#5118);
#5115 = PRODUCT_DEFINITION_FORMATION('','',#5116);
#5116 = PRODUCT('SV3_SHADE_HANGER_1','SV3_SHADE_HANGER_1','',(#5117));
#5117 = PRODUCT_CONTEXT('',#2,'mechanical');
#5118 = PRODUCT_DEFINITION_CONTEXT('part definition',#2,'design');
#5119 = ADVANCED_BREP_SHAPE_REPRESENTATION('',(#11,#5120),#5450);
#5120 = MANIFOLD_SOLID_BREP('',#5121);
#5121 = CLOSED_SHELL('',(#5122,#5242,#5342,#5389,#5436,#5443));
#5122 = ADVANCED_FACE('',(#5123),#5137,.F.);
#5123 = FACE_BOUND('',#5124,.F.);
#5124 = EDGE_LOOP('',(#5125,#5160,#5188,#5216));
#5125 = ORIENTED_EDGE('',*,*,#5126,.F.);
#5126 = EDGE_CURVE('',#5127,#5129,#5131,.T.);
#5127 = VERTEX_POINT('',#5128);
#5128 = CARTESIAN_POINT('',(-177.,-272.9425,234.20835153491));
#5129 = VERTEX_POINT('',#5130);
#5130 = CARTESIAN_POINT('',(-177.,-272.9425,242.20835153491));
#5131 = SURFACE_CURVE('',#5132,(#5136,#5148),.PCURVE_S1.);
#5132 = LINE('',#5133,#5134);
#5133 = CARTESIAN_POINT('',(-177.,-272.9425,234.20835153491));
#5134 = VECTOR('',#5135,1.);
#5135 = DIRECTION('',(0.,0.,1.));
#5136 = PCURVE('',#5137,#5142);
#5137 = PLANE('',#5138);
#5138 = AXIS2_PLACEMENT_3D('',#5139,#5140,#5141);
#5139 = CARTESIAN_POINT('',(-177.,-272.9425,234.20835153491));
#5140 = DIRECTION('',(1.,0.,0.));
#5141 = DIRECTION('',(0.,0.,1.));
#5142 = DEFINITIONAL_REPRESENTATION('',(#5143),#5147);
#5143 = LINE('',#5144,#5145);
#5144 = CARTESIAN_POINT('',(0.,0.));
#5145 = VECTOR('',#5146,1.);
#5146 = DIRECTION('',(1.,0.));
#5147 = ( GEOMETRIC_REPRESENTATION_CONTEXT(2) 
PARAMETRIC_REPRESENTATION_CONTEXT() REPRESENTATION_CONTEXT('2D SPACE',''
  ) );
#5148 = PCURVE('',#5149,#5154);
#5149 = PLANE('',#5150);
#5150 = AXIS2_PLACEMENT_3D('',#5151,#5152,#5153);
#5151 = CARTESIAN_POINT('',(-177.,-272.9425,234.20835153491));
#5152 = DIRECTION('',(0.,1.,0.));
#5153 = DIRECTION('',(0.,0.,1.));
#5154 = DEFINITIONAL_REPRESENTATION('',(#5155),#5159);
#5155 = LINE('',#5156,#5157);
#5156 = CARTESIAN_POINT('',(0.,0.));
#5157 = VECTOR('',#5158,1.);
#5158 = DIRECTION('',(1.,0.));
#5159 = ( GEOMETRIC_REPRESENTATION_CONTEXT(2) 
PARAMETRIC_REPRESENTATION_CONTEXT() REPRESENTATION_CONTEXT('2D SPACE',''
  ) );
#5160 = ORIENTED_EDGE('',*,*,#5161,.T.);
#5161 = EDGE_CURVE('',#5127,#5162,#5164,.T.);
#5162 = VERTEX_POINT('',#5163);
#5163 = CARTESIAN_POINT('',(-177.,-262.9425,234.20835153491));
#5164 = SURFACE_CURVE('',#5165,(#5169,#5176),.PCURVE_S1.);
#5165 = LINE('',#5166,#5167);
#5166 = CARTESIAN_POINT('',(-177.,-272.9425,234.20835153491));
#5167 = VECTOR('',#5168,1.);
#5168 = DIRECTION('',(0.,1.,0.));
#5169 = PCURVE('',#5137,#5170);
#5170 = DEFINITIONAL_REPRESENTATION('',(#5171),#5175);
#5171 = LINE('',#5172,#5173);
#5172 = CARTESIAN_POINT('',(0.,0.));
#5173 = VECTOR('',#5174,1.);
#5174 = DIRECTION('',(0.,-1.));
#5175 = ( GEOMETRIC_REPRESENTATION_CONTEXT(2) 
PARAMETRIC_REPRESENTATION_CONTEXT() REPRESENTATION_CONTEXT('2D SPACE',''
  ) );
#5176 = PCURVE('',#5177,#5182);
#5177 = PLANE('',#5178);
#5178 = AXIS2_PLACEMENT_3D('',#5179,#5180,#5181);
#5179 = CARTESIAN_POINT('',(-177.,-272.9425,234.20835153491));
#5180 = DIRECTION('',(0.,0.,1.));
#5181 = DIRECTION('',(1.,0.,0.));
#5182 = DEFINITIONAL_REPRESENTATION('',(#5183),#5187);
#5183 = LINE('',#5184,#5185);
#5184 = CARTESIAN_POINT('',(0.,0.));
#5185 = VECTOR('',#5186,1.);
#5186 = DIRECTION('',(0.,1.));
#5187 = ( GEOMETRIC_REPRESENTATION_CONTEXT(2) 
PARAMETRIC_REPRESENTATION_CONTEXT() REPRESENTATION_CONTEXT('2D SPACE',''
  ) );
#5188 = ORIENTED_EDGE('',*,*,#5189,.T.);
#5189 = EDGE_CURVE('',#5162,#5190,#5192,.T.);
#5190 = VERTEX_POINT('',#5191);
#5191 = CARTESIAN_POINT('',(-177.,-262.9425,242.20835153491));
#5192 = SURFACE_CURVE('',#5193,(#5197,#5204),.PCURVE_S1.);
#5193 = LINE('',#5194,#5195);
#5194 = CARTESIAN_POINT('',(-177.,-262.9425,234.20835153491));
#5195 = VECTOR('',#5196,1.);
#5196 = DIRECTION('',(0.,0.,1.));
#5197 = PCURVE('',#5137,#5198);
#5198 = DEFINITIONAL_REPRESENTATION('',(#5199),#5203);
#5199 = LINE('',#5200,#5201);
#5200 = CARTESIAN_POINT('',(0.,-10.));
#5201 = VECTOR('',#5202,1.);
#5202 = DIRECTION('',(1.,0.));
#5203 = ( GEOMETRIC_REPRESENTATION_CONTEXT(2) 
PARAMETRIC_REPRESENTATION_CONTEXT() REPRESENTATION_CONTEXT('2D SPACE',''
  ) );
#5204 = PCURVE('',#5205,#5210);
#5205 = PLANE('',#5206);
#5206 = AXIS2_PLACEMENT_3D('',#5207,#5208,#5209);
#5207 = CARTESIAN_POINT('',(-177.,-262.9425,234.20835153491));
#5208 = DIRECTION('',(0.,1.,0.));
#5209 = DIRECTION('',(0.,0.,1.));
#5210 = DEFINITIONAL_REPRESENTATION('',(#5211),#5215);
#5211 = LINE('',#5212,#5213);
#5212 = CARTESIAN_POINT('',(0.,0.));
#5213 = VECTOR('',#5214,1.);
#5214 = DIRECTION('',(1.,0.));
#5215 = ( GEOMETRIC_REPRESENTATION_CONTEXT(2) 
PARAMETRIC_REPRESENTATION_CONTEXT() REPRESENTATION_CONTEXT('2D SPACE',''
  ) );
#5216 = ORIENTED_EDGE('',*,*,#5217,.F.);
#5217 = EDGE_CURVE('',#5129,#5190,#5218,.T.);
#5218 = SURFACE_CURVE('',#5219,(#5223,#5230),.PCURVE_S1.);
#5219 = LINE('',#5220,#5221);
#5220 = CARTESIAN_POINT('',(-177.,-272.9425,242.20835153491));
#5221 = VECTOR('',#5222,1.);
#5222 = DIRECTION('',(0.,1.,0.));
#5223 = PCURVE('',#5137,#5224);
#5224 = DEFINITIONAL_REPRESENTATION('',(#5225),#5229);
#5225 = LINE('',#5226,#5227);
#5226 = CARTESIAN_POINT('',(8.,0.));
#5227 = VECTOR('',#5228,1.);
#5228 = DIRECTION('',(0.,-1.));
#5229 = ( GEOMETRIC_REPRESENTATION_CONTEXT(2) 
PARAMETRIC_REPRESENTATION_CONTEXT() REPRESENTATION_CONTEXT('2D SPACE',''
  ) );
#5230 = PCURVE('',#5231,#5236);
#5231 = PLANE('',#5232);
#5232 = AXIS2_PLACEMENT_3D('',#5233,#5234,#5235);
#5233 = CARTESIAN_POINT('',(-177.,-272.9425,242.20835153491));
#5234 = DIRECTION('',(0.,0.,1.));
#5235 = DIRECTION('',(1.,0.,0.));
#5236 = DEFINITIONAL_REPRESENTATION('',(#5237),#5241);
#5237 = LINE('',#5238,#5239);
#5238 = CARTESIAN_POINT('',(0.,0.));
#5239 = VECTOR('',#5240,1.);
#5240 = DIRECTION('',(0.,1.));
#5241 = ( GEOMETRIC_REPRESENTATION_CONTEXT(2) 
PARAMETRIC_REPRESENTATION_CONTEXT() REPRESENTATION_CONTEXT('2D SPACE',''
  ) );
#5242 = ADVANCED_FACE('',(#5243),#5257,.T.);
#5243 = FACE_BOUND('',#5244,.T.);
#5244 = EDGE_LOOP('',(#5245,#5275,#5298,#5321));
#5245 = ORIENTED_EDGE('',*,*,#5246,.F.);
#5246 = EDGE_CURVE('',#5247,#5249,#5251,.T.);
#5247 = VERTEX_POINT('',#5248);
#5248 = CARTESIAN_POINT('',(-173.,-272.9425,234.20835153491));
#5249 = VERTEX_POINT('',#5250);
#5250 = CARTESIAN_POINT('',(-173.,-272.9425,242.20835153491));
#5251 = SURFACE_CURVE('',#5252,(#5256,#5268),.PCURVE_S1.);
#5252 = LINE('',#5253,#5254);
#5253 = CARTESIAN_POINT('',(-173.,-272.9425,234.20835153491));
#5254 = VECTOR('',#5255,1.);
#5255 = DIRECTION('',(0.,0.,1.));
#5256 = PCURVE('',#5257,#5262);
#5257 = PLANE('',#5258);
#5258 = AXIS2_PLACEMENT_3D('',#5259,#5260,#5261);
#5259 = CARTESIAN_POINT('',(-173.,-272.9425,234.20835153491));
#5260 = DIRECTION('',(1.,0.,0.));
#5261 = DIRECTION('',(0.,0.,1.));
#5262 = DEFINITIONAL_REPRESENTATION('',(#5263),#5267);
#5263 = LINE('',#5264,#5265);
#5264 = CARTESIAN_POINT('',(0.,0.));
#5265 = VECTOR('',#5266,1.);
#5266 = DIRECTION('',(1.,0.));
#5267 = ( GEOMETRIC_REPRESENTATION_CONTEXT(2) 
PARAMETRIC_REPRESENTATION_CONTEXT() REPRESENTATION_CONTEXT('2D SPACE',''
  ) );
#5268 = PCURVE('',#5149,#5269);
#5269 = DEFINITIONAL_REPRESENTATION('',(#5270),#5274);
#5270 = LINE('',#5271,#5272);
#5271 = CARTESIAN_POINT('',(0.,4.));
#5272 = VECTOR('',#5273,1.);
#5273 = DIRECTION('',(1.,0.));
#5274 = ( GEOMETRIC_REPRESENTATION_CONTEXT(2) 
PARAMETRIC_REPRESENTATION_CONTEXT() REPRESENTATION_CONTEXT('2D SPACE',''
  ) );
#5275 = ORIENTED_EDGE('',*,*,#5276,.T.);
#5276 = EDGE_CURVE('',#5247,#5277,#5279,.T.);
#5277 = VERTEX_POINT('',#5278);
#5278 = CARTESIAN_POINT('',(-173.,-262.9425,234.20835153491));
#5279 = SURFACE_CURVE('',#5280,(#5284,#5291),.PCURVE_S1.);
#5280 = LINE('',#5281,#5282);
#5281 = CARTESIAN_POINT('',(-173.,-272.9425,234.20835153491));
#5282 = VECTOR('',#5283,1.);
#5283 = DIRECTION('',(0.,1.,0.));
#5284 = PCURVE('',#5257,#5285);
#5285 = DEFINITIONAL_REPRESENTATION('',(#5286),#5290);
#5286 = LINE('',#5287,#5288);
#5287 = CARTESIAN_POINT('',(0.,0.));
#5288 = VECTOR('',#5289,1.);
#5289 = DIRECTION('',(0.,-1.));
#5290 = ( GEOMETRIC_REPRESENTATION_CONTEXT(2) 
PARAMETRIC_REPRESENTATION_CONTEXT() REPRESENTATION_CONTEXT('2D SPACE',''
  ) );
#5291 = PCURVE('',#5177,#5292);
#5292 = DEFINITIONAL_REPRESENTATION('',(#5293),#5297);
#5293 = LINE('',#5294,#5295);
#5294 = CARTESIAN_POINT('',(4.,0.));
#5295 = VECTOR('',#5296,1.);
#5296 = DIRECTION('',(0.,1.));
#5297 = ( GEOMETRIC_REPRESENTATION_CONTEXT(2) 
PARAMETRIC_REPRESENTATION_CONTEXT() REPRESENTATION_CONTEXT('2D SPACE',''
  ) );
#5298 = ORIENTED_EDGE('',*,*,#5299,.T.);
#5299 = EDGE_CURVE('',#5277,#5300,#5302,.T.);
#5300 = VERTEX_POINT('',#5301);
#5301 = CARTESIAN_POINT('',(-173.,-262.9425,242.20835153491));
#5302 = SURFACE_CURVE('',#5303,(#5307,#5314),.PCURVE_S1.);
#5303 = LINE('',#5304,#5305);
#5304 = CARTESIAN_POINT('',(-173.,-262.9425,234.20835153491));
#5305 = VECTOR('',#5306,1.);
#5306 = DIRECTION('',(0.,0.,1.));
#5307 = PCURVE('',#5257,#5308);
#5308 = DEFINITIONAL_REPRESENTATION('',(#5309),#5313);
#5309 = LINE('',#5310,#5311);
#5310 = CARTESIAN_POINT('',(0.,-10.));
#5311 = VECTOR('',#5312,1.);
#5312 = DIRECTION('',(1.,0.));
#5313 = ( GEOMETRIC_REPRESENTATION_CONTEXT(2) 
PARAMETRIC_REPRESENTATION_CONTEXT() REPRESENTATION_CONTEXT('2D SPACE',''
  ) );
#5314 = PCURVE('',#5205,#5315);
#5315 = DEFINITIONAL_REPRESENTATION('',(#5316),#5320);
#5316 = LINE('',#5317,#5318);
#5317 = CARTESIAN_POINT('',(0.,4.));
#5318 = VECTOR('',#5319,1.);
#5319 = DIRECTION('',(1.,0.));
#5320 = ( GEOMETRIC_REPRESENTATION_CONTEXT(2) 
PARAMETRIC_REPRESENTATION_CONTEXT() REPRESENTATION_CONTEXT('2D SPACE',''
  ) );
#5321 = ORIENTED_EDGE('',*,*,#5322,.F.);
#5322 = EDGE_CURVE('',#5249,#5300,#5323,.T.);
#5323 = SURFACE_CURVE('',#5324,(#5328,#5335),.PCURVE_S1.);
#5324 = LINE('',#5325,#5326);
#5325 = CARTESIAN_POINT('',(-173.,-272.9425,242.20835153491));
#5326 = VECTOR('',#5327,1.);
#5327 = DIRECTION('',(0.,1.,0.));
#5328 = PCURVE('',#5257,#5329);
#5329 = DEFINITIONAL_REPRESENTATION('',(#5330),#5334);
#5330 = LINE('',#5331,#5332);
#5331 = CARTESIAN_POINT('',(8.,0.));
#5332 = VECTOR('',#5333,1.);
#5333 = DIRECTION('',(0.,-1.));
#5334 = ( GEOMETRIC_REPRESENTATION_CONTEXT(2) 
PARAMETRIC_REPRESENTATION_CONTEXT() REPRESENTATION_CONTEXT('2D SPACE',''
  ) );
#5335 = PCURVE('',#5231,#5336);
#5336 = DEFINITIONAL_REPRESENTATION('',(#5337),#5341);
#5337 = LINE('',#5338,#5339);
#5338 = CARTESIAN_POINT('',(4.,0.));
#5339 = VECTOR('',#5340,1.);
#5340 = DIRECTION('',(0.,1.));
#5341 = ( GEOMETRIC_REPRESENTATION_CONTEXT(2) 
PARAMETRIC_REPRESENTATION_CONTEXT() REPRESENTATION_CONTEXT('2D SPACE',''
  ) );
#5342 = ADVANCED_FACE('',(#5343),#5149,.F.);
#5343 = FACE_BOUND('',#5344,.F.);
#5344 = EDGE_LOOP('',(#5345,#5366,#5367,#5388));
#5345 = ORIENTED_EDGE('',*,*,#5346,.F.);
#5346 = EDGE_CURVE('',#5127,#5247,#5347,.T.);
#5347 = SURFACE_CURVE('',#5348,(#5352,#5359),.PCURVE_S1.);
#5348 = LINE('',#5349,#5350);
#5349 = CARTESIAN_POINT('',(-177.,-272.9425,234.20835153491));
#5350 = VECTOR('',#5351,1.);
#5351 = DIRECTION('',(1.,0.,0.));
#5352 = PCURVE('',#5149,#5353);
#5353 = DEFINITIONAL_REPRESENTATION('',(#5354),#5358);
#5354 = LINE('',#5355,#5356);
#5355 = CARTESIAN_POINT('',(0.,0.));
#5356 = VECTOR('',#5357,1.);
#5357 = DIRECTION('',(0.,1.));
#5358 = ( GEOMETRIC_REPRESENTATION_CONTEXT(2) 
PARAMETRIC_REPRESENTATION_CONTEXT() REPRESENTATION_CONTEXT('2D SPACE',''
  ) );
#5359 = PCURVE('',#5177,#5360);
#5360 = DEFINITIONAL_REPRESENTATION('',(#5361),#5365);
#5361 = LINE('',#5362,#5363);
#5362 = CARTESIAN_POINT('',(0.,0.));
#5363 = VECTOR('',#5364,1.);
#5364 = DIRECTION('',(1.,0.));
#5365 = ( GEOMETRIC_REPRESENTATION_CONTEXT(2) 
PARAMETRIC_REPRESENTATION_CONTEXT() REPRESENTATION_CONTEXT('2D SPACE',''
  ) );
#5366 = ORIENTED_EDGE('',*,*,#5126,.T.);
#5367 = ORIENTED_EDGE('',*,*,#5368,.T.);
#5368 = EDGE_CURVE('',#5129,#5249,#5369,.T.);
#5369 = SURFACE_CURVE('',#5370,(#5374,#5381),.PCURVE_S1.);
#5370 = LINE('',#5371,#5372);
#5371 = CARTESIAN_POINT('',(-177.,-272.9425,242.20835153491));
#5372 = VECTOR('',#5373,1.);
#5373 = DIRECTION('',(1.,0.,0.));
#5374 = PCURVE('',#5149,#5375);
#5375 = DEFINITIONAL_REPRESENTATION('',(#5376),#5380);
#5376 = LINE('',#5377,#5378);
#5377 = CARTESIAN_POINT('',(8.,0.));
#5378 = VECTOR('',#5379,1.);
#5379 = DIRECTION('',(0.,1.));
#5380 = ( GEOMETRIC_REPRESENTATION_CONTEXT(2) 
PARAMETRIC_REPRESENTATION_CONTEXT() REPRESENTATION_CONTEXT('2D SPACE',''
  ) );
#5381 = PCURVE('',#5231,#5382);
#5382 = DEFINITIONAL_REPRESENTATION('',(#5383),#5387);
#5383 = LINE('',#5384,#5385);
#5384 = CARTESIAN_POINT('',(0.,0.));
#5385 = VECTOR('',#5386,1.);
#5386 = DIRECTION('',(1.,0.));
#5387 = ( GEOMETRIC_REPRESENTATION_CONTEXT(2) 
PARAMETRIC_REPRESENTATION_CONTEXT() REPRESENTATION_CONTEXT('2D SPACE',''
  ) );
#5388 = ORIENTED_EDGE('',*,*,#5246,.F.);
#5389 = ADVANCED_FACE('',(#5390),#5205,.T.);
#5390 = FACE_BOUND('',#5391,.T.);
#5391 = EDGE_LOOP('',(#5392,#5413,#5414,#5435));
#5392 = ORIENTED_EDGE('',*,*,#5393,.F.);
#5393 = EDGE_CURVE('',#5162,#5277,#5394,.T.);
#5394 = SURFACE_CURVE('',#5395,(#5399,#5406),.PCURVE_S1.);
#5395 = LINE('',#5396,#5397);
#5396 = CARTESIAN_POINT('',(-177.,-262.9425,234.20835153491));
#5397 = VECTOR('',#5398,1.);
#5398 = DIRECTION('',(1.,0.,0.));
#5399 = PCURVE('',#5205,#5400);
#5400 = DEFINITIONAL_REPRESENTATION('',(#5401),#5405);
#5401 = LINE('',#5402,#5403);
#5402 = CARTESIAN_POINT('',(0.,0.));
#5403 = VECTOR('',#5404,1.);
#5404 = DIRECTION('',(0.,1.));
#5405 = ( GEOMETRIC_REPRESENTATION_CONTEXT(2) 
PARAMETRIC_REPRESENTATION_CONTEXT() REPRESENTATION_CONTEXT('2D SPACE',''
  ) );
#5406 = PCURVE('',#5177,#5407);
#5407 = DEFINITIONAL_REPRESENTATION('',(#5408),#5412);
#5408 = LINE('',#5409,#5410);
#5409 = CARTESIAN_POINT('',(0.,10.));
#5410 = VECTOR('',#5411,1.);
#5411 = DIRECTION('',(1.,0.));
#5412 = ( GEOMETRIC_REPRESENTATION_CONTEXT(2) 
PARAMETRIC_REPRESENTATION_CONTEXT() REPRESENTATION_CONTEXT('2D SPACE',''
  ) );
#5413 = ORIENTED_EDGE('',*,*,#5189,.T.);
#5414 = ORIENTED_EDGE('',*,*,#5415,.T.);
#5415 = EDGE_CURVE('',#5190,#5300,#5416,.T.);
#5416 = SURFACE_CURVE('',#5417,(#5421,#5428),.PCURVE_S1.);
#5417 = LINE('',#5418,#5419);
#5418 = CARTESIAN_POINT('',(-177.,-262.9425,242.20835153491));
#5419 = VECTOR('',#5420,1.);
#5420 = DIRECTION('',(1.,0.,0.));
#5421 = PCURVE('',#5205,#5422);
#5422 = DEFINITIONAL_REPRESENTATION('',(#5423),#5427);
#5423 = LINE('',#5424,#5425);
#5424 = CARTESIAN_POINT('',(8.,0.));
#5425 = VECTOR('',#5426,1.);
#5426 = DIRECTION('',(0.,1.));
#5427 = ( GEOMETRIC_REPRESENTATION_CONTEXT(2) 
PARAMETRIC_REPRESENTATION_CONTEXT() REPRESENTATION_CONTEXT('2D SPACE',''
  ) );
#5428 = PCURVE('',#5231,#5429);
#5429 = DEFINITIONAL_REPRESENTATION('',(#5430),#5434);
#5430 = LINE('',#5431,#5432);
#5431 = CARTESIAN_POINT('',(0.,10.));
#5432 = VECTOR('',#5433,1.);
#5433 = DIRECTION('',(1.,0.));
#5434 = ( GEOMETRIC_REPRESENTATION_CONTEXT(2) 
PARAMETRIC_REPRESENTATION_CONTEXT() REPRESENTATION_CONTEXT('2D SPACE',''
  ) );
#5435 = ORIENTED_EDGE('',*,*,#5299,.F.);
#5436 = ADVANCED_FACE('',(#5437),#5177,.F.);
#5437 = FACE_BOUND('',#5438,.F.);
#5438 = EDGE_LOOP('',(#5439,#5440,#5441,#5442));
#5439 = ORIENTED_EDGE('',*,*,#5161,.F.);
#5440 = ORIENTED_EDGE('',*,*,#5346,.T.);
#5441 = ORIENTED_EDGE('',*,*,#5276,.T.);
#5442 = ORIENTED_EDGE('',*,*,#5393,.F.);
#5443 = ADVANCED_FACE('',(#5444),#5231,.T.);
#5444 = FACE_BOUND('',#5445,.T.);
#5445 = EDGE_LOOP('',(#5446,#5447,#5448,#5449));
#5446 = ORIENTED_EDGE('',*,*,#5217,.F.);
#5447 = ORIENTED_EDGE('',*,*,#5368,.T.);
#5448 = ORIENTED_EDGE('',*,*,#5322,.T.);
#5449 = ORIENTED_EDGE('',*,*,#5415,.F.);
#5450 = ( GEOMETRIC_REPRESENTATION_CONTEXT(3) 
GLOBAL_UNCERTAINTY_ASSIGNED_CONTEXT((#5454)) 
GLOBAL_UNIT_ASSIGNED_CONTEXT((#5451,#5452,#5453)) REPRESENTATION_CONTEXT
('Context #1','3D Context with UNIT and UNCERTAINTY') );
#5451 = ( LENGTH_UNIT() NAMED_UNIT(*) SI_UNIT(.MILLI.,.METRE.) );
#5452 = ( NAMED_UNIT(*) PLANE_ANGLE_UNIT() SI_UNIT($,.RADIAN.) );
#5453 = ( NAMED_UNIT(*) SI_UNIT($,.STERADIAN.) SOLID_ANGLE_UNIT() );
#5454 = UNCERTAINTY_MEASURE_WITH_UNIT(LENGTH_MEASURE(1.E-07),#5451,
  'distance_accuracy_value','confusion accuracy');
#5455 = CONTEXT_DEPENDENT_SHAPE_REPRESENTATION(#5456,#5458);
#5456 = ( REPRESENTATION_RELATIONSHIP('','',#5119,#10) 
REPRESENTATION_RELATIONSHIP_WITH_TRANSFORMATION(#5457) 
SHAPE_REPRESENTATION_RELATIONSHIP() );
#5457 = ITEM_DEFINED_TRANSFORMATION('','',#11,#59);
#5458 = PRODUCT_DEFINITION_SHAPE('Placement','Placement of an item',
  #5459);
#5459 = NEXT_ASSEMBLY_USAGE_OCCURRENCE('51','SV3_SHADE_HANGER_1','',#5,
  #5114,$);
#5460 = PRODUCT_RELATED_PRODUCT_CATEGORY('part',$,(#5116));
#5461 = SHAPE_DEFINITION_REPRESENTATION(#5462,#5468);
#5462 = PRODUCT_DEFINITION_SHAPE('','',#5463);
#5463 = PRODUCT_DEFINITION('design','',#5464,#5467);
#5464 = PRODUCT_DEFINITION_FORMATION('','',#5465);
#5465 = PRODUCT('SV3_SHADE_HANGER_2','SV3_SHADE_HANGER_2','',(#5466));
#5466 = PRODUCT_CONTEXT('',#2,'mechanical');
#5467 = PRODUCT_DEFINITION_CONTEXT('part definition',#2,'design');
#5468 = ADVANCED_BREP_SHAPE_REPRESENTATION('',(#11,#5469),#5799);
#5469 = MANIFOLD_SOLID_BREP('',#5470);
#5470 = CLOSED_SHELL('',(#5471,#5591,#5691,#5738,#5785,#5792));
#5471 = ADVANCED_FACE('',(#5472),#5486,.F.);
#5472 = FACE_BOUND('',#5473,.F.);
#5473 = EDGE_LOOP('',(#5474,#5509,#5537,#5565));
#5474 = ORIENTED_EDGE('',*,*,#5475,.F.);
#5475 = EDGE_CURVE('',#5476,#5478,#5480,.T.);
#5476 = VERTEX_POINT('',#5477);
#5477 = CARTESIAN_POINT('',(173.,-272.9425,234.20835153491));
#5478 = VERTEX_POINT('',#5479);
#5479 = CARTESIAN_POINT('',(173.,-272.9425,242.20835153491));
#5480 = SURFACE_CURVE('',#5481,(#5485,#5497),.PCURVE_S1.);
#5481 = LINE('',#5482,#5483);
#5482 = CARTESIAN_POINT('',(173.,-272.9425,234.20835153491));
#5483 = VECTOR('',#5484,1.);
#5484 = DIRECTION('',(0.,0.,1.));
#5485 = PCURVE('',#5486,#5491);
#5486 = PLANE('',#5487);
#5487 = AXIS2_PLACEMENT_3D('',#5488,#5489,#5490);
#5488 = CARTESIAN_POINT('',(173.,-272.9425,234.20835153491));
#5489 = DIRECTION('',(1.,0.,0.));
#5490 = DIRECTION('',(0.,0.,1.));
#5491 = DEFINITIONAL_REPRESENTATION('',(#5492),#5496);
#5492 = LINE('',#5493,#5494);
#5493 = CARTESIAN_POINT('',(0.,0.));
#5494 = VECTOR('',#5495,1.);
#5495 = DIRECTION('',(1.,0.));
#5496 = ( GEOMETRIC_REPRESENTATION_CONTEXT(2) 
PARAMETRIC_REPRESENTATION_CONTEXT() REPRESENTATION_CONTEXT('2D SPACE',''
  ) );
#5497 = PCURVE('',#5498,#5503);
#5498 = PLANE('',#5499);
#5499 = AXIS2_PLACEMENT_3D('',#5500,#5501,#5502);
#5500 = CARTESIAN_POINT('',(173.,-272.9425,234.20835153491));
#5501 = DIRECTION('',(0.,1.,0.));
#5502 = DIRECTION('',(0.,0.,1.));
#5503 = DEFINITIONAL_REPRESENTATION('',(#5504),#5508);
#5504 = LINE('',#5505,#5506);
#5505 = CARTESIAN_POINT('',(0.,0.));
#5506 = VECTOR('',#5507,1.);
#5507 = DIRECTION('',(1.,0.));
#5508 = ( GEOMETRIC_REPRESENTATION_CONTEXT(2) 
PARAMETRIC_REPRESENTATION_CONTEXT() REPRESENTATION_CONTEXT('2D SPACE',''
  ) );
#5509 = ORIENTED_EDGE('',*,*,#5510,.T.);
#5510 = EDGE_CURVE('',#5476,#5511,#5513,.T.);
#5511 = VERTEX_POINT('',#5512);
#5512 = CARTESIAN_POINT('',(173.,-262.9425,234.20835153491));
#5513 = SURFACE_CURVE('',#5514,(#5518,#5525),.PCURVE_S1.);
#5514 = LINE('',#5515,#5516);
#5515 = CARTESIAN_POINT('',(173.,-272.9425,234.20835153491));
#5516 = VECTOR('',#5517,1.);
#5517 = DIRECTION('',(0.,1.,0.));
#5518 = PCURVE('',#5486,#5519);
#5519 = DEFINITIONAL_REPRESENTATION('',(#5520),#5524);
#5520 = LINE('',#5521,#5522);
#5521 = CARTESIAN_POINT('',(0.,0.));
#5522 = VECTOR('',#5523,1.);
#5523 = DIRECTION('',(0.,-1.));
#5524 = ( GEOMETRIC_REPRESENTATION_CONTEXT(2) 
PARAMETRIC_REPRESENTATION_CONTEXT() REPRESENTATION_CONTEXT('2D SPACE',''
  ) );
#5525 = PCURVE('',#5526,#5531);
#5526 = PLANE('',#5527);
#5527 = AXIS2_PLACEMENT_3D('',#5528,#5529,#5530);
#5528 = CARTESIAN_POINT('',(173.,-272.9425,234.20835153491));
#5529 = DIRECTION('',(0.,0.,1.));
#5530 = DIRECTION('',(1.,0.,0.));
#5531 = DEFINITIONAL_REPRESENTATION('',(#5532),#5536);
#5532 = LINE('',#5533,#5534);
#5533 = CARTESIAN_POINT('',(0.,0.));
#5534 = VECTOR('',#5535,1.);
#5535 = DIRECTION('',(0.,1.));
#5536 = ( GEOMETRIC_REPRESENTATION_CONTEXT(2) 
PARAMETRIC_REPRESENTATION_CONTEXT() REPRESENTATION_CONTEXT('2D SPACE',''
  ) );
#5537 = ORIENTED_EDGE('',*,*,#5538,.T.);
#5538 = EDGE_CURVE('',#5511,#5539,#5541,.T.);
#5539 = VERTEX_POINT('',#5540);
#5540 = CARTESIAN_POINT('',(173.,-262.9425,242.20835153491));
#5541 = SURFACE_CURVE('',#5542,(#5546,#5553),.PCURVE_S1.);
#5542 = LINE('',#5543,#5544);
#5543 = CARTESIAN_POINT('',(173.,-262.9425,234.20835153491));
#5544 = VECTOR('',#5545,1.);
#5545 = DIRECTION('',(0.,0.,1.));
#5546 = PCURVE('',#5486,#5547);
#5547 = DEFINITIONAL_REPRESENTATION('',(#5548),#5552);
#5548 = LINE('',#5549,#5550);
#5549 = CARTESIAN_POINT('',(0.,-10.));
#5550 = VECTOR('',#5551,1.);
#5551 = DIRECTION('',(1.,0.));
#5552 = ( GEOMETRIC_REPRESENTATION_CONTEXT(2) 
PARAMETRIC_REPRESENTATION_CONTEXT() REPRESENTATION_CONTEXT('2D SPACE',''
  ) );
#5553 = PCURVE('',#5554,#5559);
#5554 = PLANE('',#5555);
#5555 = AXIS2_PLACEMENT_3D('',#5556,#5557,#5558);
#5556 = CARTESIAN_POINT('',(173.,-262.9425,234.20835153491));
#5557 = DIRECTION('',(0.,1.,0.));
#5558 = DIRECTION('',(0.,0.,1.));
#5559 = DEFINITIONAL_REPRESENTATION('',(#5560),#5564);
#5560 = LINE('',#5561,#5562);
#5561 = CARTESIAN_POINT('',(0.,0.));
#5562 = VECTOR('',#5563,1.);
#5563 = DIRECTION('',(1.,0.));
#5564 = ( GEOMETRIC_REPRESENTATION_CONTEXT(2) 
PARAMETRIC_REPRESENTATION_CONTEXT() REPRESENTATION_CONTEXT('2D SPACE',''
  ) );
#5565 = ORIENTED_EDGE('',*,*,#5566,.F.);
#5566 = EDGE_CURVE('',#5478,#5539,#5567,.T.);
#5567 = SURFACE_CURVE('',#5568,(#5572,#5579),.PCURVE_S1.);
#5568 = LINE('',#5569,#5570);
#5569 = CARTESIAN_POINT('',(173.,-272.9425,242.20835153491));
#5570 = VECTOR('',#5571,1.);
#5571 = DIRECTION('',(0.,1.,0.));
#5572 = PCURVE('',#5486,#5573);
#5573 = DEFINITIONAL_REPRESENTATION('',(#5574),#5578);
#5574 = LINE('',#5575,#5576);
#5575 = CARTESIAN_POINT('',(8.,0.));
#5576 = VECTOR('',#5577,1.);
#5577 = DIRECTION('',(0.,-1.));
#5578 = ( GEOMETRIC_REPRESENTATION_CONTEXT(2) 
PARAMETRIC_REPRESENTATION_CONTEXT() REPRESENTATION_CONTEXT('2D SPACE',''
  ) );
#5579 = PCURVE('',#5580,#5585);
#5580 = PLANE('',#5581);
#5581 = AXIS2_PLACEMENT_3D('',#5582,#5583,#5584);
#5582 = CARTESIAN_POINT('',(173.,-272.9425,242.20835153491));
#5583 = DIRECTION('',(0.,0.,1.));
#5584 = DIRECTION('',(1.,0.,0.));
#5585 = DEFINITIONAL_REPRESENTATION('',(#5586),#5590);
#5586 = LINE('',#5587,#5588);
#5587 = CARTESIAN_POINT('',(0.,0.));
#5588 = VECTOR('',#5589,1.);
#5589 = DIRECTION('',(0.,1.));
#5590 = ( GEOMETRIC_REPRESENTATION_CONTEXT(2) 
PARAMETRIC_REPRESENTATION_CONTEXT() REPRESENTATION_CONTEXT('2D SPACE',''
  ) );
#5591 = ADVANCED_FACE('',(#5592),#5606,.T.);
#5592 = FACE_BOUND('',#5593,.T.);
#5593 = EDGE_LOOP('',(#5594,#5624,#5647,#5670));
#5594 = ORIENTED_EDGE('',*,*,#5595,.F.);
#5595 = EDGE_CURVE('',#5596,#5598,#5600,.T.);
#5596 = VERTEX_POINT('',#5597);
#5597 = CARTESIAN_POINT('',(177.,-272.9425,234.20835153491));
#5598 = VERTEX_POINT('',#5599);
#5599 = CARTESIAN_POINT('',(177.,-272.9425,242.20835153491));
#5600 = SURFACE_CURVE('',#5601,(#5605,#5617),.PCURVE_S1.);
#5601 = LINE('',#5602,#5603);
#5602 = CARTESIAN_POINT('',(177.,-272.9425,234.20835153491));
#5603 = VECTOR('',#5604,1.);
#5604 = DIRECTION('',(0.,0.,1.));
#5605 = PCURVE('',#5606,#5611);
#5606 = PLANE('',#5607);
#5607 = AXIS2_PLACEMENT_3D('',#5608,#5609,#5610);
#5608 = CARTESIAN_POINT('',(177.,-272.9425,234.20835153491));
#5609 = DIRECTION('',(1.,0.,0.));
#5610 = DIRECTION('',(0.,0.,1.));
#5611 = DEFINITIONAL_REPRESENTATION('',(#5612),#5616);
#5612 = LINE('',#5613,#5614);
#5613 = CARTESIAN_POINT('',(0.,0.));
#5614 = VECTOR('',#5615,1.);
#5615 = DIRECTION('',(1.,0.));
#5616 = ( GEOMETRIC_REPRESENTATION_CONTEXT(2) 
PARAMETRIC_REPRESENTATION_CONTEXT() REPRESENTATION_CONTEXT('2D SPACE',''
  ) );
#5617 = PCURVE('',#5498,#5618);
#5618 = DEFINITIONAL_REPRESENTATION('',(#5619),#5623);
#5619 = LINE('',#5620,#5621);
#5620 = CARTESIAN_POINT('',(0.,4.));
#5621 = VECTOR('',#5622,1.);
#5622 = DIRECTION('',(1.,0.));
#5623 = ( GEOMETRIC_REPRESENTATION_CONTEXT(2) 
PARAMETRIC_REPRESENTATION_CONTEXT() REPRESENTATION_CONTEXT('2D SPACE',''
  ) );
#5624 = ORIENTED_EDGE('',*,*,#5625,.T.);
#5625 = EDGE_CURVE('',#5596,#5626,#5628,.T.);
#5626 = VERTEX_POINT('',#5627);
#5627 = CARTESIAN_POINT('',(177.,-262.9425,234.20835153491));
#5628 = SURFACE_CURVE('',#5629,(#5633,#5640),.PCURVE_S1.);
#5629 = LINE('',#5630,#5631);
#5630 = CARTESIAN_POINT('',(177.,-272.9425,234.20835153491));
#5631 = VECTOR('',#5632,1.);
#5632 = DIRECTION('',(0.,1.,0.));
#5633 = PCURVE('',#5606,#5634);
#5634 = DEFINITIONAL_REPRESENTATION('',(#5635),#5639);
#5635 = LINE('',#5636,#5637);
#5636 = CARTESIAN_POINT('',(0.,0.));
#5637 = VECTOR('',#5638,1.);
#5638 = DIRECTION('',(0.,-1.));
#5639 = ( GEOMETRIC_REPRESENTATION_CONTEXT(2) 
PARAMETRIC_REPRESENTATION_CONTEXT() REPRESENTATION_CONTEXT('2D SPACE',''
  ) );
#5640 = PCURVE('',#5526,#5641);
#5641 = DEFINITIONAL_REPRESENTATION('',(#5642),#5646);
#5642 = LINE('',#5643,#5644);
#5643 = CARTESIAN_POINT('',(4.,0.));
#5644 = VECTOR('',#5645,1.);
#5645 = DIRECTION('',(0.,1.));
#5646 = ( GEOMETRIC_REPRESENTATION_CONTEXT(2) 
PARAMETRIC_REPRESENTATION_CONTEXT() REPRESENTATION_CONTEXT('2D SPACE',''
  ) );
#5647 = ORIENTED_EDGE('',*,*,#5648,.T.);
#5648 = EDGE_CURVE('',#5626,#5649,#5651,.T.);
#5649 = VERTEX_POINT('',#5650);
#5650 = CARTESIAN_POINT('',(177.,-262.9425,242.20835153491));
#5651 = SURFACE_CURVE('',#5652,(#5656,#5663),.PCURVE_S1.);
#5652 = LINE('',#5653,#5654);
#5653 = CARTESIAN_POINT('',(177.,-262.9425,234.20835153491));
#5654 = VECTOR('',#5655,1.);
#5655 = DIRECTION('',(0.,0.,1.));
#5656 = PCURVE('',#5606,#5657);
#5657 = DEFINITIONAL_REPRESENTATION('',(#5658),#5662);
#5658 = LINE('',#5659,#5660);
#5659 = CARTESIAN_POINT('',(0.,-10.));
#5660 = VECTOR('',#5661,1.);
#5661 = DIRECTION('',(1.,0.));
#5662 = ( GEOMETRIC_REPRESENTATION_CONTEXT(2) 
PARAMETRIC_REPRESENTATION_CONTEXT() REPRESENTATION_CONTEXT('2D SPACE',''
  ) );
#5663 = PCURVE('',#5554,#5664);
#5664 = DEFINITIONAL_REPRESENTATION('',(#5665),#5669);
#5665 = LINE('',#5666,#5667);
#5666 = CARTESIAN_POINT('',(0.,4.));
#5667 = VECTOR('',#5668,1.);
#5668 = DIRECTION('',(1.,0.));
#5669 = ( GEOMETRIC_REPRESENTATION_CONTEXT(2) 
PARAMETRIC_REPRESENTATION_CONTEXT() REPRESENTATION_CONTEXT('2D SPACE',''
  ) );
#5670 = ORIENTED_EDGE('',*,*,#5671,.F.);
#5671 = EDGE_CURVE('',#5598,#5649,#5672,.T.);
#5672 = SURFACE_CURVE('',#5673,(#5677,#5684),.PCURVE_S1.);
#5673 = LINE('',#5674,#5675);
#5674 = CARTESIAN_POINT('',(177.,-272.9425,242.20835153491));
#5675 = VECTOR('',#5676,1.);
#5676 = DIRECTION('',(0.,1.,0.));
#5677 = PCURVE('',#5606,#5678);
#5678 = DEFINITIONAL_REPRESENTATION('',(#5679),#5683);
#5679 = LINE('',#5680,#5681);
#5680 = CARTESIAN_POINT('',(8.,0.));
#5681 = VECTOR('',#5682,1.);
#5682 = DIRECTION('',(0.,-1.));
#5683 = ( GEOMETRIC_REPRESENTATION_CONTEXT(2) 
PARAMETRIC_REPRESENTATION_CONTEXT() REPRESENTATION_CONTEXT('2D SPACE',''
  ) );
#5684 = PCURVE('',#5580,#5685);
#5685 = DEFINITIONAL_REPRESENTATION('',(#5686),#5690);
#5686 = LINE('',#5687,#5688);
#5687 = CARTESIAN_POINT('',(4.,0.));
#5688 = VECTOR('',#5689,1.);
#5689 = DIRECTION('',(0.,1.));
#5690 = ( GEOMETRIC_REPRESENTATION_CONTEXT(2) 
PARAMETRIC_REPRESENTATION_CONTEXT() REPRESENTATION_CONTEXT('2D SPACE',''
  ) );
#5691 = ADVANCED_FACE('',(#5692),#5498,.F.);
#5692 = FACE_BOUND('',#5693,.F.);
#5693 = EDGE_LOOP('',(#5694,#5715,#5716,#5737));
#5694 = ORIENTED_EDGE('',*,*,#5695,.F.);
#5695 = EDGE_CURVE('',#5476,#5596,#5696,.T.);
#5696 = SURFACE_CURVE('',#5697,(#5701,#5708),.PCURVE_S1.);
#5697 = LINE('',#5698,#5699);
#5698 = CARTESIAN_POINT('',(173.,-272.9425,234.20835153491));
#5699 = VECTOR('',#5700,1.);
#5700 = DIRECTION('',(1.,0.,0.));
#5701 = PCURVE('',#5498,#5702);
#5702 = DEFINITIONAL_REPRESENTATION('',(#5703),#5707);
#5703 = LINE('',#5704,#5705);
#5704 = CARTESIAN_POINT('',(0.,0.));
#5705 = VECTOR('',#5706,1.);
#5706 = DIRECTION('',(0.,1.));
#5707 = ( GEOMETRIC_REPRESENTATION_CONTEXT(2) 
PARAMETRIC_REPRESENTATION_CONTEXT() REPRESENTATION_CONTEXT('2D SPACE',''
  ) );
#5708 = PCURVE('',#5526,#5709);
#5709 = DEFINITIONAL_REPRESENTATION('',(#5710),#5714);
#5710 = LINE('',#5711,#5712);
#5711 = CARTESIAN_POINT('',(0.,0.));
#5712 = VECTOR('',#5713,1.);
#5713 = DIRECTION('',(1.,0.));
#5714 = ( GEOMETRIC_REPRESENTATION_CONTEXT(2) 
PARAMETRIC_REPRESENTATION_CONTEXT() REPRESENTATION_CONTEXT('2D SPACE',''
  ) );
#5715 = ORIENTED_EDGE('',*,*,#5475,.T.);
#5716 = ORIENTED_EDGE('',*,*,#5717,.T.);
#5717 = EDGE_CURVE('',#5478,#5598,#5718,.T.);
#5718 = SURFACE_CURVE('',#5719,(#5723,#5730),.PCURVE_S1.);
#5719 = LINE('',#5720,#5721);
#5720 = CARTESIAN_POINT('',(173.,-272.9425,242.20835153491));
#5721 = VECTOR('',#5722,1.);
#5722 = DIRECTION('',(1.,0.,0.));
#5723 = PCURVE('',#5498,#5724);
#5724 = DEFINITIONAL_REPRESENTATION('',(#5725),#5729);
#5725 = LINE('',#5726,#5727);
#5726 = CARTESIAN_POINT('',(8.,0.));
#5727 = VECTOR('',#5728,1.);
#5728 = DIRECTION('',(0.,1.));
#5729 = ( GEOMETRIC_REPRESENTATION_CONTEXT(2) 
PARAMETRIC_REPRESENTATION_CONTEXT() REPRESENTATION_CONTEXT('2D SPACE',''
  ) );
#5730 = PCURVE('',#5580,#5731);
#5731 = DEFINITIONAL_REPRESENTATION('',(#5732),#5736);
#5732 = LINE('',#5733,#5734);
#5733 = CARTESIAN_POINT('',(0.,0.));
#5734 = VECTOR('',#5735,1.);
#5735 = DIRECTION('',(1.,0.));
#5736 = ( GEOMETRIC_REPRESENTATION_CONTEXT(2) 
PARAMETRIC_REPRESENTATION_CONTEXT() REPRESENTATION_CONTEXT('2D SPACE',''
  ) );
#5737 = ORIENTED_EDGE('',*,*,#5595,.F.);
#5738 = ADVANCED_FACE('',(#5739),#5554,.T.);
#5739 = FACE_BOUND('',#5740,.T.);
#5740 = EDGE_LOOP('',(#5741,#5762,#5763,#5784));
#5741 = ORIENTED_EDGE('',*,*,#5742,.F.);
#5742 = EDGE_CURVE('',#5511,#5626,#5743,.T.);
#5743 = SURFACE_CURVE('',#5744,(#5748,#5755),.PCURVE_S1.);
#5744 = LINE('',#5745,#5746);
#5745 = CARTESIAN_POINT('',(173.,-262.9425,234.20835153491));
#5746 = VECTOR('',#5747,1.);
#5747 = DIRECTION('',(1.,0.,0.));
#5748 = PCURVE('',#5554,#5749);
#5749 = DEFINITIONAL_REPRESENTATION('',(#5750),#5754);
#5750 = LINE('',#5751,#5752);
#5751 = CARTESIAN_POINT('',(0.,0.));
#5752 = VECTOR('',#5753,1.);
#5753 = DIRECTION('',(0.,1.));
#5754 = ( GEOMETRIC_REPRESENTATION_CONTEXT(2) 
PARAMETRIC_REPRESENTATION_CONTEXT() REPRESENTATION_CONTEXT('2D SPACE',''
  ) );
#5755 = PCURVE('',#5526,#5756);
#5756 = DEFINITIONAL_REPRESENTATION('',(#5757),#5761);
#5757 = LINE('',#5758,#5759);
#5758 = CARTESIAN_POINT('',(0.,10.));
#5759 = VECTOR('',#5760,1.);
#5760 = DIRECTION('',(1.,0.));
#5761 = ( GEOMETRIC_REPRESENTATION_CONTEXT(2) 
PARAMETRIC_REPRESENTATION_CONTEXT() REPRESENTATION_CONTEXT('2D SPACE',''
  ) );
#5762 = ORIENTED_EDGE('',*,*,#5538,.T.);
#5763 = ORIENTED_EDGE('',*,*,#5764,.T.);
#5764 = EDGE_CURVE('',#5539,#5649,#5765,.T.);
#5765 = SURFACE_CURVE('',#5766,(#5770,#5777),.PCURVE_S1.);
#5766 = LINE('',#5767,#5768);
#5767 = CARTESIAN_POINT('',(173.,-262.9425,242.20835153491));
#5768 = VECTOR('',#5769,1.);
#5769 = DIRECTION('',(1.,0.,0.));
#5770 = PCURVE('',#5554,#5771);
#5771 = DEFINITIONAL_REPRESENTATION('',(#5772),#5776);
#5772 = LINE('',#5773,#5774);
#5773 = CARTESIAN_POINT('',(8.,0.));
#5774 = VECTOR('',#5775,1.);
#5775 = DIRECTION('',(0.,1.));
#5776 = ( GEOMETRIC_REPRESENTATION_CONTEXT(2) 
PARAMETRIC_REPRESENTATION_CONTEXT() REPRESENTATION_CONTEXT('2D SPACE',''
  ) );
#5777 = PCURVE('',#5580,#5778);
#5778 = DEFINITIONAL_REPRESENTATION('',(#5779),#5783);
#5779 = LINE('',#5780,#5781);
#5780 = CARTESIAN_POINT('',(0.,10.));
#5781 = VECTOR('',#5782,1.);
#5782 = DIRECTION('',(1.,0.));
#5783 = ( GEOMETRIC_REPRESENTATION_CONTEXT(2) 
PARAMETRIC_REPRESENTATION_CONTEXT() REPRESENTATION_CONTEXT('2D SPACE',''
  ) );
#5784 = ORIENTED_EDGE('',*,*,#5648,.F.);
#5785 = ADVANCED_FACE('',(#5786),#5526,.F.);
#5786 = FACE_BOUND('',#5787,.F.);
#5787 = EDGE_LOOP('',(#5788,#5789,#5790,#5791));
#5788 = ORIENTED_EDGE('',*,*,#5510,.F.);
#5789 = ORIENTED_EDGE('',*,*,#5695,.T.);
#5790 = ORIENTED_EDGE('',*,*,#5625,.T.);
#5791 = ORIENTED_EDGE('',*,*,#5742,.F.);
#5792 = ADVANCED_FACE('',(#5793),#5580,.T.);
#5793 = FACE_BOUND('',#5794,.T.);
#5794 = EDGE_LOOP('',(#5795,#5796,#5797,#5798));
#5795 = ORIENTED_EDGE('',*,*,#5566,.F.);
#5796 = ORIENTED_EDGE('',*,*,#5717,.T.);
#5797 = ORIENTED_EDGE('',*,*,#5671,.T.);
#5798 = ORIENTED_EDGE('',*,*,#5764,.F.);
#5799 = ( GEOMETRIC_REPRESENTATION_CONTEXT(3) 
GLOBAL_UNCERTAINTY_ASSIGNED_CONTEXT((#5803)) 
GLOBAL_UNIT_ASSIGNED_CONTEXT((#5800,#5801,#5802)) REPRESENTATION_CONTEXT
('Context #1','3D Context with UNIT and UNCERTAINTY') );
#5800 = ( LENGTH_UNIT() NAMED_UNIT(*) SI_UNIT(.MILLI.,.METRE.) );
#5801 = ( NAMED_UNIT(*) PLANE_ANGLE_UNIT() SI_UNIT($,.RADIAN.) );
#5802 = ( NAMED_UNIT(*) SI_UNIT($,.STERADIAN.) SOLID_ANGLE_UNIT() );
#5803 = UNCERTAINTY_MEASURE_WITH_UNIT(LENGTH_MEASURE(1.E-07),#5800,
  'distance_accuracy_value','confusion accuracy');
#5804 = CONTEXT_DEPENDENT_SHAPE_REPRESENTATION(#5805,#5807);
#5805 = ( REPRESENTATION_RELATIONSHIP('','',#5468,#10) 
REPRESENTATION_RELATIONSHIP_WITH_TRANSFORMATION(#5806) 
SHAPE_REPRESENTATION_RELATIONSHIP() );
#5806 = ITEM_DEFINED_TRANSFORMATION('','',#11,#63);
#5807 = PRODUCT_DEFINITION_SHAPE('Placement','Placement of an item',
  #5808);
#5808 = NEXT_ASSEMBLY_USAGE_OCCURRENCE('52','SV3_SHADE_HANGER_2','',#5,
  #5463,$);
#5809 = PRODUCT_RELATED_PRODUCT_CATEGORY('part',$,(#5465));
#5810 = SHAPE_DEFINITION_REPRESENTATION(#5811,#5817);
#5811 = PRODUCT_DEFINITION_SHAPE('','',#5812);
#5812 = PRODUCT_DEFINITION('design','',#5813,#5816);
#5813 = PRODUCT_DEFINITION_FORMATION('','',#5814);
#5814 = PRODUCT('SV3_MAST_SOCKET','SV3_MAST_SOCKET','',(#5815));
#5815 = PRODUCT_CONTEXT('',#2,'mechanical');
#5816 = PRODUCT_DEFINITION_CONTEXT('part definition',#2,'design');
#5817 = ADVANCED_BREP_SHAPE_REPRESENTATION('',(#11,#5818),#8913);
#5818 = MANIFOLD_SOLID_BREP('',#5819);
#5819 = CLOSED_SHELL('',(#5820,#7281,#7653,#8020,#8050,#8085,#8416,#8747
    ,#8856,#8906));
#5820 = ADVANCED_FACE('',(#5821,#6642,#6954),#5884,.T.);
#5821 = FACE_BOUND('',#5822,.T.);
#5822 = EDGE_LOOP('',(#5823,#6005,#6028,#6055,#6056,#6224,#6247,#6422,
    #6445,#6472,#6473,#6641));
#5823 = ORIENTED_EDGE('',*,*,#5824,.F.);
#5824 = EDGE_CURVE('',#5825,#5827,#5829,.T.);
#5825 = VERTEX_POINT('',#5826);
#5826 = CARTESIAN_POINT('',(42.,-4.469960816888E-15,217.70835153491));
#5827 = VERTEX_POINT('',#5828);
#5828 = CARTESIAN_POINT('',(42.,-1.028703311284E-14,206.70835153491));
#5829 = SURFACE_CURVE('',#5830,(#5883,#5944),.PCURVE_S1.);
#5830 = B_SPLINE_CURVE_WITH_KNOTS('',6,(#5831,#5832,#5833,#5834,#5835,
    #5836,#5837,#5838,#5839,#5840,#5841,#5842,#5843,#5844,#5845,#5846,
    #5847,#5848,#5849,#5850,#5851,#5852,#5853,#5854,#5855,#5856,#5857,
    #5858,#5859,#5860,#5861,#5862,#5863,#5864,#5865,#5866,#5867,#5868,
    #5869,#5870,#5871,#5872,#5873,#5874,#5875,#5876,#5877,#5878,#5879,
    #5880,#5881,#5882),.UNSPECIFIED.,.F.,.F.,(7,5,5,5,5,5,5,5,5,5,7),(0.
    ,9.554191592618E-02,0.157213619162,0.237417172516,0.359494399229,
    0.499999367053,0.64050561464,0.762583409931,0.842787335488,
    0.904459325974,1.),.UNSPECIFIED.);
#5831 = CARTESIAN_POINT('',(42.,-1.7763568394E-15,217.70835153491));
#5832 = CARTESIAN_POINT('',(42.,-0.334262016882,217.70835153491));
#5833 = CARTESIAN_POINT('',(41.996807738061,-0.667764253954,
    217.68397373596));
#5834 = CARTESIAN_POINT('',(41.990450054441,-0.996789410692,
    217.63542663326));
#5835 = CARTESIAN_POINT('',(41.981190138639,-1.317689422071,
    217.56391188755));
#5836 = CARTESIAN_POINT('',(41.969510189117,-1.627084375528,
    217.47159262671));
#5837 = CARTESIAN_POINT('',(41.947274871798,-2.112453363832,
    217.29055935377));
#5838 = CARTESIAN_POINT('',(41.937775274898,-2.297136209851,
    217.2120599893));
#5839 = CARTESIAN_POINT('',(41.927628173697,-2.475806661181,
    217.12667335984));
#5840 = CARTESIAN_POINT('',(41.916965679776,-2.648218519897,
    217.03500184667));
#5841 = CARTESIAN_POINT('',(41.905917770432,-2.81417417057,
    216.93765420134));
#5842 = CARTESIAN_POINT('',(41.8798989823,-3.180758310827,
    216.70206487955));
#5843 = CARTESIAN_POINT('',(41.864742316708,-3.376883894104,
    216.56028429911));
#5844 = CARTESIAN_POINT('',(41.849381571166,-3.561944799195,
    216.41100104186));
#5845 = CARTESIAN_POINT('',(41.834031331667,-3.736052725834,
    216.25518606322));
#5846 = CARTESIAN_POINT('',(41.818876996416,-3.899367367422,
    216.09370079538));
#5847 = CARTESIAN_POINT('',(41.781544732637,-4.28451331523,
    215.67405661202));
#5848 = CARTESIAN_POINT('',(41.759820753312,-4.492482818929,
    215.40933045574));
#5849 = CARTESIAN_POINT('',(41.739434412399,-4.676839695808,
    215.13556836302));
#5850 = CARTESIAN_POINT('',(41.720773346317,-4.838436800458,
    214.85464121813));
#5851 = CARTESIAN_POINT('',(41.704116218323,-4.978038744139,
    214.56799301155));
#5852 = CARTESIAN_POINT('',(41.67303785985,-5.232274714266,
    213.94160021849));
#5853 = CARTESIAN_POINT('',(41.659334040125,-5.339955691051,
    213.60038090776));
#5854 = CARTESIAN_POINT('',(41.648874432144,-5.420124319948,
    213.25501852792));
#5855 = CARTESIAN_POINT('',(41.641841206108,-5.473370350548,
    212.90702629732));
#5856 = CARTESIAN_POINT('',(41.638323693444,-5.5,212.55771125953));
#5857 = CARTESIAN_POINT('',(41.638323693444,-5.5,211.85898862822));
#5858 = CARTESIAN_POINT('',(41.641841272613,-5.473369853054,
    211.50967353321));
#5859 = CARTESIAN_POINT('',(41.648874502995,-5.420123775221,
    211.16168317037));
#5860 = CARTESIAN_POINT('',(41.6593340342,-5.339955703876,
    210.81632288645));
#5861 = CARTESIAN_POINT('',(41.673037785835,-5.232275319744,
    210.47510434313));
#5862 = CARTESIAN_POINT('',(41.704116218323,-4.978038744139,
    209.84871005828));
#5863 = CARTESIAN_POINT('',(41.720773346317,-4.838436800458,
    209.56206185169));
#5864 = CARTESIAN_POINT('',(41.739434412399,-4.676839695808,
    209.28113470681));
#5865 = CARTESIAN_POINT('',(41.759820753312,-4.492482818929,
    209.00737261409));
#5866 = CARTESIAN_POINT('',(41.781544732637,-4.28451331523,
    208.74264645781));
#5867 = CARTESIAN_POINT('',(41.818876996168,-3.899367369986,
    208.32300227724));
#5868 = CARTESIAN_POINT('',(41.834031332069,-3.736052721049,
    208.16151700249));
#5869 = CARTESIAN_POINT('',(41.849381571165,-3.561944799642,
    208.00570202772));
#5870 = CARTESIAN_POINT('',(41.864742316305,-3.3768838991,
    207.85641877473));
#5871 = CARTESIAN_POINT('',(41.879898982551,-3.180758307304,
    207.71463818801));
#5872 = CARTESIAN_POINT('',(41.905917770432,-2.814174170573,
    207.47904886849));
#5873 = CARTESIAN_POINT('',(41.916965679776,-2.648218519897,
    207.38170122316));
#5874 = CARTESIAN_POINT('',(41.927628173697,-2.475806661178,
    207.29002970999));
#5875 = CARTESIAN_POINT('',(41.937775274898,-2.297136209851,
    207.20464308053));
#5876 = CARTESIAN_POINT('',(41.947274871798,-2.112453363835,
    207.12614371606));
#5877 = CARTESIAN_POINT('',(41.969509950532,-1.627089583524,
    206.9451123856));
#5878 = CARTESIAN_POINT('',(41.981190064529,-1.317692950651,
    206.85279167946));
#5879 = CARTESIAN_POINT('',(41.990450235051,-0.996786673053,
    206.78127504821));
#5880 = CARTESIAN_POINT('',(41.99680794377,-0.667754873609,
    206.73272776243));
#5881 = CARTESIAN_POINT('',(42.,-0.334251230675,206.70835153491));
#5882 = CARTESIAN_POINT('',(42.,-2.6645352591E-15,206.70835153491));
#5883 = PCURVE('',#5884,#5889);
#5884 = CYLINDRICAL_SURFACE('',#5885,42.);
#5885 = AXIS2_PLACEMENT_3D('',#5886,#5887,#5888);
#5886 = CARTESIAN_POINT('',(0.,0.,122.20835153491));
#5887 = DIRECTION('',(0.,0.,1.));
#5888 = DIRECTION('',(1.,0.,0.));
#5889 = DEFINITIONAL_REPRESENTATION('',(#5890),#5943);
#5890 = B_SPLINE_CURVE_WITH_KNOTS('',6,(#5891,#5892,#5893,#5894,#5895,
    #5896,#5897,#5898,#5899,#5900,#5901,#5902,#5903,#5904,#5905,#5906,
    #5907,#5908,#5909,#5910,#5911,#5912,#5913,#5914,#5915,#5916,#5917,
    #5918,#5919,#5920,#5921,#5922,#5923,#5924,#5925,#5926,#5927,#5928,
    #5929,#5930,#5931,#5932,#5933,#5934,#5935,#5936,#5937,#5938,#5939,
    #5940,#5941,#5942),.UNSPECIFIED.,.F.,.F.,(7,5,5,5,5,5,5,5,5,5,7),(0.
    ,9.554191592618E-02,0.157213619162,0.237417172516,0.359494399229,
    0.499999367053,0.64050561464,0.762583409931,0.842787335488,
    0.904459325974,1.),.UNSPECIFIED.);
#5891 = CARTESIAN_POINT('',(6.28318530718,95.5));
#5892 = CARTESIAN_POINT('',(6.27522668773,95.5));
#5893 = CARTESIAN_POINT('',(6.267286157823,95.475622201044));
#5894 = CARTESIAN_POINT('',(6.259451320447,95.42707509835));
#5895 = CARTESIAN_POINT('',(6.251808135826,95.355560352633));
#5896 = CARTESIAN_POINT('',(6.2444365802,95.263241091798));
#5897 = CARTESIAN_POINT('',(6.232868055575,95.082207818854));
#5898 = CARTESIAN_POINT('',(6.228465101225,95.003708454384));
#5899 = CARTESIAN_POINT('',(6.22420427485,94.918321824923));
#5900 = CARTESIAN_POINT('',(6.220091459421,94.826650311756));
#5901 = CARTESIAN_POINT('',(6.21613142634,94.729302666428));
#5902 = CARTESIAN_POINT('',(6.207381275411,94.493713344636));
#5903 = CARTESIAN_POINT('',(6.202697787109,94.351932764192));
#5904 = CARTESIAN_POINT('',(6.198276521158,94.202649506944));
#5905 = CARTESIAN_POINT('',(6.194115083154,94.046834528303));
#5906 = CARTESIAN_POINT('',(6.190209967626,93.885349260469));
#5907 = CARTESIAN_POINT('',(6.180996847882,93.465705077105));
#5908 = CARTESIAN_POINT('',(6.176018387181,93.200978920822));
#5909 = CARTESIAN_POINT('',(6.171602283007,92.927216828107));
#5910 = CARTESIAN_POINT('',(6.167729201834,92.64628968322));
#5911 = CARTESIAN_POINT('',(6.16438178527,92.359641476638));
#5912 = CARTESIAN_POINT('',(6.158283488378,91.733248683577));
#5913 = CARTESIAN_POINT('',(6.155699008635,91.392029372849));
#5914 = CARTESIAN_POINT('',(6.15377405557,91.046666993006));
#5915 = CARTESIAN_POINT('',(6.152495281544,90.698674762406));
#5916 = CARTESIAN_POINT('',(6.151855734804,90.349359724614));
#5917 = CARTESIAN_POINT('',(6.151855734804,89.650637093308));
#5918 = CARTESIAN_POINT('',(6.152495293508,89.301321998295));
#5919 = CARTESIAN_POINT('',(6.15377406863,88.953331635452));
#5920 = CARTESIAN_POINT('',(6.155699008323,88.607971351532));
#5921 = CARTESIAN_POINT('',(6.158283473855,88.266752808215));
#5922 = CARTESIAN_POINT('',(6.16438178527,87.640358523363));
#5923 = CARTESIAN_POINT('',(6.167729201834,87.35371031678));
#5924 = CARTESIAN_POINT('',(6.171602283007,87.072783171893));
#5925 = CARTESIAN_POINT('',(6.176018387181,86.799021079178));
#5926 = CARTESIAN_POINT('',(6.180996847882,86.534294922894));
#5927 = CARTESIAN_POINT('',(6.190209967565,86.114650742324));
#5928 = CARTESIAN_POINT('',(6.194115083268,85.953165467573));
#5929 = CARTESIAN_POINT('',(6.198276521147,85.797350492812));
#5930 = CARTESIAN_POINT('',(6.20269778699,85.648067239817));
#5931 = CARTESIAN_POINT('',(6.207381275495,85.5062866531));
#5932 = CARTESIAN_POINT('',(6.21613142634,85.270697333574));
#5933 = CARTESIAN_POINT('',(6.220091459421,85.173349688244));
#5934 = CARTESIAN_POINT('',(6.22420427485,85.081678175075));
#5935 = CARTESIAN_POINT('',(6.228465101226,84.996291545616));
#5936 = CARTESIAN_POINT('',(6.232868055575,84.917792181147));
#5937 = CARTESIAN_POINT('',(6.24443645607,84.736760850684));
#5938 = CARTESIAN_POINT('',(6.251808051823,84.644440144548));
#5939 = CARTESIAN_POINT('',(6.259451385714,84.572923513293));
#5940 = CARTESIAN_POINT('',(6.267286381168,84.524376227516));
#5941 = CARTESIAN_POINT('',(6.275226944544,84.5));
#5942 = CARTESIAN_POINT('',(6.28318530718,84.5));
#5943 = ( GEOMETRIC_REPRESENTATION_CONTEXT(2) 
PARAMETRIC_REPRESENTATION_CONTEXT() REPRESENTATION_CONTEXT('2D SPACE',''
  ) );
#5944 = PCURVE('',#5945,#5950);
#5945 = CYLINDRICAL_SURFACE('',#5946,5.5);
#5946 = AXIS2_PLACEMENT_3D('',#5947,#5948,#5949);
#5947 = CARTESIAN_POINT('',(-52.,0.,212.20835153491));
#5948 = DIRECTION('',(1.,0.,0.));
#5949 = DIRECTION('',(0.,0.,1.));
#5950 = DEFINITIONAL_REPRESENTATION('',(#5951),#6004);
#5951 = B_SPLINE_CURVE_WITH_KNOTS('',6,(#5952,#5953,#5954,#5955,#5956,
    #5957,#5958,#5959,#5960,#5961,#5962,#5963,#5964,#5965,#5966,#5967,
    #5968,#5969,#5970,#5971,#5972,#5973,#5974,#5975,#5976,#5977,#5978,
    #5979,#5980,#5981,#5982,#5983,#5984,#5985,#5986,#5987,#5988,#5989,
    #5990,#5991,#5992,#5993,#5994,#5995,#5996,#5997,#5998,#5999,#6000,
    #6001,#6002,#6003),.UNSPECIFIED.,.F.,.F.,(7,5,5,5,5,5,5,5,5,5,7),(0.
    ,9.554191592618E-02,0.157213619162,0.237417172516,0.359494399229,
    0.499999367053,0.64050561464,0.762583409931,0.842787335488,
    0.904459325974,1.),.UNSPECIFIED.);
#5952 = CARTESIAN_POINT('',(-8.881784197001E-16,94.));
#5953 = CARTESIAN_POINT('',(6.077491216037E-02,94.));
#5954 = CARTESIAN_POINT('',(0.121411677184,93.996807738061));
#5955 = CARTESIAN_POINT('',(0.181638525715,93.990450054441));
#5956 = CARTESIAN_POINT('',(0.241186851438,93.981190138639));
#5957 = CARTESIAN_POINT('',(0.299759533912,93.969510189117));
#5958 = CARTESIAN_POINT('',(0.393946985608,93.947274871798));
#5959 = CARTESIAN_POINT('',(0.430396316128,93.937775274898));
#5960 = CARTESIAN_POINT('',(0.466349765333,93.927628173697));
#5961 = CARTESIAN_POINT('',(0.50180576862,93.916965679776));
#5962 = CARTESIAN_POINT('',(0.536758646729,93.905917770432));
#5963 = CARTESIAN_POINT('',(0.615987629745,93.8798989823));
#5964 = CARTESIAN_POINT('',(0.659922907739,93.864742316708));
#5965 = CARTESIAN_POINT('',(0.703064785636,93.849381571166));
#5966 = CARTESIAN_POINT('',(0.745466407656,93.834031331667));
#5967 = CARTESIAN_POINT('',(0.787175827872,93.818876996416));
#5968 = CARTESIAN_POINT('',(0.89073858351,93.781544732637));
#5969 = CARTESIAN_POINT('',(0.95176775504,93.759820753312));
#5970 = CARTESIAN_POINT('',(1.011542338656,93.739434412399));
#5971 = CARTESIAN_POINT('',(1.07025661296,93.720773346317));
#5972 = CARTESIAN_POINT('',(1.128093756239,93.704116218323));
#5973 = CARTESIAN_POINT('',(1.251006593689,93.67303785985));
#5974 = CARTESIAN_POINT('',(1.315855033723,93.659334040125));
#5975 = CARTESIAN_POINT('',(1.380032066272,93.648874432144));
#5976 = CARTESIAN_POINT('',(1.443764515266,93.641841206108));
#5977 = CARTESIAN_POINT('',(1.507276376865,93.638323693444));
#5978 = CARTESIAN_POINT('',(1.634316855284,93.638323693444));
#5979 = CARTESIAN_POINT('',(1.697828732388,93.641841272613));
#5980 = CARTESIAN_POINT('',(1.761560842711,93.648874502995));
#5981 = CARTESIAN_POINT('',(1.825737499548,93.6593340342));
#5982 = CARTESIAN_POINT('',(1.890585767176,93.673037785835));
#5983 = CARTESIAN_POINT('',(2.01349889735,93.704116218323));
#5984 = CARTESIAN_POINT('',(2.07133604063,93.720773346317));
#5985 = CARTESIAN_POINT('',(2.130050314934,93.739434412399));
#5986 = CARTESIAN_POINT('',(2.18982489855,93.759820753312));
#5987 = CARTESIAN_POINT('',(2.25085407008,93.781544732637));
#5988 = CARTESIAN_POINT('',(2.354416825028,93.818876996168));
#5989 = CARTESIAN_POINT('',(2.39612624709,93.834031332069));
#5990 = CARTESIAN_POINT('',(2.43852786792,93.849381571165));
#5991 = CARTESIAN_POINT('',(2.481669744678,93.864742316305));
#5992 = CARTESIAN_POINT('',(2.525605024606,93.879898982551));
#5993 = CARTESIAN_POINT('',(2.60483400686,93.905917770432));
#5994 = CARTESIAN_POINT('',(2.63978688497,93.916965679776));
#5995 = CARTESIAN_POINT('',(2.675242888258,93.927628173697));
#5996 = CARTESIAN_POINT('',(2.711196337462,93.937775274898));
#5997 = CARTESIAN_POINT('',(2.747645667981,93.947274871798));
#5998 = CARTESIAN_POINT('',(2.841832109049,93.969509950532));
#5999 = CARTESIAN_POINT('',(2.900405169315,93.981190064529));
#6000 = CARTESIAN_POINT('',(2.959954664884,93.990450235051));
#6001 = CARTESIAN_POINT('',(3.020182681837,93.99680794377));
#6002 = CARTESIAN_POINT('',(3.080819702558,94.));
#6003 = CARTESIAN_POINT('',(3.14159265359,94.));
#6004 = ( GEOMETRIC_REPRESENTATION_CONTEXT(2) 
PARAMETRIC_REPRESENTATION_CONTEXT() REPRESENTATION_CONTEXT('2D SPACE',''
  ) );
#6005 = ORIENTED_EDGE('',*,*,#6006,.T.);
#6006 = EDGE_CURVE('',#5825,#6007,#6009,.T.);
#6007 = VERTEX_POINT('',#6008);
#6008 = CARTESIAN_POINT('',(42.,-1.028703311284E-14,236.20835153491));
#6009 = SEAM_CURVE('',#6010,(#6014,#6021),.PCURVE_S1.);
#6010 = LINE('',#6011,#6012);
#6011 = CARTESIAN_POINT('',(42.,-1.028703311284E-14,122.20835153491));
#6012 = VECTOR('',#6013,1.);
#6013 = DIRECTION('',(0.,0.,1.));
#6014 = PCURVE('',#5884,#6015);
#6015 = DEFINITIONAL_REPRESENTATION('',(#6016),#6020);
#6016 = LINE('',#6017,#6018);
#6017 = CARTESIAN_POINT('',(0.,-0.));
#6018 = VECTOR('',#6019,1.);
#6019 = DIRECTION('',(0.,1.));
#6020 = ( GEOMETRIC_REPRESENTATION_CONTEXT(2) 
PARAMETRIC_REPRESENTATION_CONTEXT() REPRESENTATION_CONTEXT('2D SPACE',''
  ) );
#6021 = PCURVE('',#5884,#6022);
#6022 = DEFINITIONAL_REPRESENTATION('',(#6023),#6027);
#6023 = LINE('',#6024,#6025);
#6024 = CARTESIAN_POINT('',(6.28318530718,-0.));
#6025 = VECTOR('',#6026,1.);
#6026 = DIRECTION('',(0.,1.));
#6027 = ( GEOMETRIC_REPRESENTATION_CONTEXT(2) 
PARAMETRIC_REPRESENTATION_CONTEXT() REPRESENTATION_CONTEXT('2D SPACE',''
  ) );
#6028 = ORIENTED_EDGE('',*,*,#6029,.F.);
#6029 = EDGE_CURVE('',#6007,#6007,#6030,.T.);
#6030 = SURFACE_CURVE('',#6031,(#6036,#6043),.PCURVE_S1.);
#6031 = CIRCLE('',#6032,42.);
#6032 = AXIS2_PLACEMENT_3D('',#6033,#6034,#6035);
#6033 = CARTESIAN_POINT('',(0.,0.,236.20835153491));
#6034 = DIRECTION('',(0.,0.,1.));
#6035 = DIRECTION('',(1.,0.,0.));
#6036 = PCURVE('',#5884,#6037);
#6037 = DEFINITIONAL_REPRESENTATION('',(#6038),#6042);
#6038 = LINE('',#6039,#6040);
#6039 = CARTESIAN_POINT('',(0.,114.));
#6040 = VECTOR('',#6041,1.);
#6041 = DIRECTION('',(1.,0.));
#6042 = ( GEOMETRIC_REPRESENTATION_CONTEXT(2) 
PARAMETRIC_REPRESENTATION_CONTEXT() REPRESENTATION_CONTEXT('2D SPACE',''
  ) );
#6043 = PCURVE('',#6044,#6049);
#6044 = PLANE('',#6045);
#6045 = AXIS2_PLACEMENT_3D('',#6046,#6047,#6048);
#6046 = CARTESIAN_POINT('',(0.,0.,236.20835153491));
#6047 = DIRECTION('',(0.,0.,1.));
#6048 = DIRECTION('',(1.,0.,0.));
#6049 = DEFINITIONAL_REPRESENTATION('',(#6050),#6054);
#6050 = CIRCLE('',#6051,42.);
#6051 = AXIS2_PLACEMENT_2D('',#6052,#6053);
#6052 = CARTESIAN_POINT('',(0.,0.));
#6053 = DIRECTION('',(1.,0.));
#6054 = ( GEOMETRIC_REPRESENTATION_CONTEXT(2) 
PARAMETRIC_REPRESENTATION_CONTEXT() REPRESENTATION_CONTEXT('2D SPACE',''
  ) );
#6055 = ORIENTED_EDGE('',*,*,#6006,.F.);
#6056 = ORIENTED_EDGE('',*,*,#6057,.F.);
#6057 = EDGE_CURVE('',#5827,#5825,#6058,.T.);
#6058 = SURFACE_CURVE('',#6059,(#6112,#6168),.PCURVE_S1.);
#6059 = B_SPLINE_CURVE_WITH_KNOTS('',6,(#6060,#6061,#6062,#6063,#6064,
    #6065,#6066,#6067,#6068,#6069,#6070,#6071,#6072,#6073,#6074,#6075,
    #6076,#6077,#6078,#6079,#6080,#6081,#6082,#6083,#6084,#6085,#6086,
    #6087,#6088,#6089,#6090,#6091,#6092,#6093,#6094,#6095,#6096,#6097,
    #6098,#6099,#6100,#6101,#6102,#6103,#6104,#6105,#6106,#6107,#6108,
    #6109,#6110,#6111),.UNSPECIFIED.,.F.,.F.,(7,5,5,5,5,5,5,5,5,5,7),(0.
    ,9.554268384744E-02,0.157214882794,0.237419080817,0.359497288773,
    0.50000338596,0.640510762921,0.762589530229,0.842794100541,
    0.904466586805,1.),.UNSPECIFIED.);
#6060 = CARTESIAN_POINT('',(42.,2.10571278441E-15,206.70835153491));
#6061 = CARTESIAN_POINT('',(42.,0.334262016992,206.70835153491));
#6062 = CARTESIAN_POINT('',(41.996807738059,0.667764253925,
    206.73272933389));
#6063 = CARTESIAN_POINT('',(41.990450054444,0.996789410585,
    206.78127643654));
#6064 = CARTESIAN_POINT('',(41.981190138642,1.317689422043,
    206.85279118225));
#6065 = CARTESIAN_POINT('',(41.969510189112,1.627084375631,
    206.94511044315));
#6066 = CARTESIAN_POINT('',(41.947274871798,2.112453363835,
    207.12614371606));
#6067 = CARTESIAN_POINT('',(41.937775274898,2.297136209851,
    207.20464308053));
#6068 = CARTESIAN_POINT('',(41.927628173697,2.475806661178,
    207.29002970999));
#6069 = CARTESIAN_POINT('',(41.916965679776,2.648218519897,
    207.38170122316));
#6070 = CARTESIAN_POINT('',(41.905917770432,2.814174170573,
    207.47904886849));
#6071 = CARTESIAN_POINT('',(41.879898982301,3.180758310825,
    207.71463819028));
#6072 = CARTESIAN_POINT('',(41.864742316708,3.376883894105,
    207.85641877072));
#6073 = CARTESIAN_POINT('',(41.849381571166,3.561944799197,
    208.00570202797));
#6074 = CARTESIAN_POINT('',(41.834031331667,3.736052725834,
    208.16151700661));
#6075 = CARTESIAN_POINT('',(41.818876996416,3.89936736742,
    208.32300227444));
#6076 = CARTESIAN_POINT('',(41.781544732637,4.284513315229,
    208.74264645781));
#6077 = CARTESIAN_POINT('',(41.759820753312,4.492482818929,
    209.00737261409));
#6078 = CARTESIAN_POINT('',(41.739434412399,4.676839695808,
    209.28113470681));
#6079 = CARTESIAN_POINT('',(41.720773346317,4.838436800458,
    209.56206185169));
#6080 = CARTESIAN_POINT('',(41.704116218323,4.978038744139,
    209.84871005828));
#6081 = CARTESIAN_POINT('',(41.67303785985,5.232274714266,
    210.47510285134));
#6082 = CARTESIAN_POINT('',(41.659334040125,5.339955691052,
    210.81632216206));
#6083 = CARTESIAN_POINT('',(41.648874432144,5.420124319948,
    211.16168454191));
#6084 = CARTESIAN_POINT('',(41.641841206108,5.473370350548,
    211.50967677251));
#6085 = CARTESIAN_POINT('',(41.638323693444,5.5,211.8589918103));
#6086 = CARTESIAN_POINT('',(41.638323693444,5.5,212.5577144416));
#6087 = CARTESIAN_POINT('',(41.641841272613,5.473369853054,
    212.90702953662));
#6088 = CARTESIAN_POINT('',(41.648874502995,5.420123775221,
    213.25501989946));
#6089 = CARTESIAN_POINT('',(41.6593340342,5.339955703876,213.60038018338
    ));
#6090 = CARTESIAN_POINT('',(41.673037785835,5.232275319744,
    213.9415987267));
#6091 = CARTESIAN_POINT('',(41.70411621723,4.978038753076,
    214.56799298953));
#6092 = CARTESIAN_POINT('',(41.720773348534,4.838436779905,
    214.8546412518));
#6093 = CARTESIAN_POINT('',(41.739434412103,4.676839699939,
    215.13556836422));
#6094 = CARTESIAN_POINT('',(41.759820750953,4.492482841437,
    215.40933042262));
#6095 = CARTESIAN_POINT('',(41.781544734364,4.284513297409,
    215.67405663144));
#6096 = CARTESIAN_POINT('',(41.818876996168,3.899367369986,
    216.09370079259));
#6097 = CARTESIAN_POINT('',(41.834031332069,3.736052721049,
    216.25518606734));
#6098 = CARTESIAN_POINT('',(41.849381571165,3.561944799641,
    216.4110010421));
#6099 = CARTESIAN_POINT('',(41.864742316305,3.3768838991,216.5602842951)
  );
#6100 = CARTESIAN_POINT('',(41.87989898255,3.180758307304,
    216.70206488181));
#6101 = CARTESIAN_POINT('',(41.905917770432,2.81417417057,
    216.93765420134));
#6102 = CARTESIAN_POINT('',(41.916965679776,2.648218519897,
    217.03500184667));
#6103 = CARTESIAN_POINT('',(41.927628173697,2.475806661181,
    217.12667335984));
#6104 = CARTESIAN_POINT('',(41.937775274898,2.297136209852,
    217.2120599893));
#6105 = CARTESIAN_POINT('',(41.947274871798,2.112453363832,
    217.29055935377));
#6106 = CARTESIAN_POINT('',(41.969508814992,1.627114370947,217.471581439
    ));
#6107 = CARTESIAN_POINT('',(41.981189870476,1.317706239543,
    217.56391031978));
#6108 = CARTESIAN_POINT('',(41.990451074373,0.996771751695,
    217.63543435608));
#6109 = CARTESIAN_POINT('',(41.996808700096,0.667715574175,
    217.68398114254));
#6110 = CARTESIAN_POINT('',(42.,0.33421131647,217.70835153491));
#6111 = CARTESIAN_POINT('',(42.,3.116046393706E-15,217.70835153491));
#6112 = PCURVE('',#5884,#6113);
#6113 = DEFINITIONAL_REPRESENTATION('',(#6114),#6167);
#6114 = B_SPLINE_CURVE_WITH_KNOTS('',6,(#6115,#6116,#6117,#6118,#6119,
    #6120,#6121,#6122,#6123,#6124,#6125,#6126,#6127,#6128,#6129,#6130,
    #6131,#6132,#6133,#6134,#6135,#6136,#6137,#6138,#6139,#6140,#6141,
    #6142,#6143,#6144,#6145,#6146,#6147,#6148,#6149,#6150,#6151,#6152,
    #6153,#6154,#6155,#6156,#6157,#6158,#6159,#6160,#6161,#6162,#6163,
    #6164,#6165,#6166),.UNSPECIFIED.,.F.,.F.,(7,5,5,5,5,5,5,5,5,5,7),(0.
    ,9.554268384744E-02,0.157214882794,0.237419080817,0.359497288773,
    0.50000338596,0.640510762921,0.762589530229,0.842794100541,
    0.904466586805,1.),.UNSPECIFIED.);
#6115 = CARTESIAN_POINT('',(0.,84.5));
#6116 = CARTESIAN_POINT('',(7.958619452183E-03,84.5));
#6117 = CARTESIAN_POINT('',(1.589914935543E-02,84.524377798972));
#6118 = CARTESIAN_POINT('',(2.373398673028E-02,84.572924901631));
#6119 = CARTESIAN_POINT('',(3.137717135296E-02,84.64443964734));
#6120 = CARTESIAN_POINT('',(3.874872698233E-02,84.73675890824));
#6121 = CARTESIAN_POINT('',(5.031725160437E-02,84.917792181147));
#6122 = CARTESIAN_POINT('',(5.472020595407E-02,84.996291545616));
#6123 = CARTESIAN_POINT('',(5.898103232945E-02,85.081678175075));
#6124 = CARTESIAN_POINT('',(6.309384775817E-02,85.173349688244));
#6125 = CARTESIAN_POINT('',(6.705388083972E-02,85.270697333574));
#6126 = CARTESIAN_POINT('',(7.580403176878E-02,85.506286655362));
#6127 = CARTESIAN_POINT('',(8.048752007034E-02,85.648067235808));
#6128 = CARTESIAN_POINT('',(8.490878602185E-02,85.797350493058));
#6129 = CARTESIAN_POINT('',(8.907022402585E-02,85.953165471697));
#6130 = CARTESIAN_POINT('',(9.297533955343E-02,86.114650739529));
#6131 = CARTESIAN_POINT('',(0.102188459297,86.534294922894));
#6132 = CARTESIAN_POINT('',(0.107166919999,86.799021079178));
#6133 = CARTESIAN_POINT('',(0.111583024173,87.072783171893));
#6134 = CARTESIAN_POINT('',(0.115456105346,87.35371031678));
#6135 = CARTESIAN_POINT('',(0.118803521909,87.640358523363));
#6136 = CARTESIAN_POINT('',(0.124901818801,88.266751316422));
#6137 = CARTESIAN_POINT('',(0.127486298544,88.607970627152));
#6138 = CARTESIAN_POINT('',(0.12941125161,88.953333006993));
#6139 = CARTESIAN_POINT('',(0.130690025636,89.301325237594));
#6140 = CARTESIAN_POINT('',(0.131329572375,89.650640275386));
#6141 = CARTESIAN_POINT('',(0.131329572375,90.349362906692));
#6142 = CARTESIAN_POINT('',(0.130690013672,90.698678001706));
#6143 = CARTESIAN_POINT('',(0.12941123855,91.046668364546));
#6144 = CARTESIAN_POINT('',(0.127486298857,91.392028648468));
#6145 = CARTESIAN_POINT('',(0.124901833325,91.733247191785));
#6146 = CARTESIAN_POINT('',(0.118803522124,92.35964145462));
#6147 = CARTESIAN_POINT('',(0.115456104854,92.646289716886));
#6148 = CARTESIAN_POINT('',(0.111583024271,92.927216829303));
#6149 = CARTESIAN_POINT('',(0.107166920538,93.20097888771));
#6150 = CARTESIAN_POINT('',(0.102188458871,93.465705096522));
#6151 = CARTESIAN_POINT('',(9.297533961482E-02,93.885349257675));
#6152 = CARTESIAN_POINT('',(8.907022391152E-02,94.046834532427));
#6153 = CARTESIAN_POINT('',(8.490878603239E-02,94.202649507189));
#6154 = CARTESIAN_POINT('',(8.048752018966E-02,94.351932760183));
#6155 = CARTESIAN_POINT('',(7.580403168474E-02,94.4937133469));
#6156 = CARTESIAN_POINT('',(6.705388083965E-02,94.729302666428));
#6157 = CARTESIAN_POINT('',(6.309384775819E-02,94.826650311756));
#6158 = CARTESIAN_POINT('',(5.898103232952E-02,94.918321824923));
#6159 = CARTESIAN_POINT('',(5.472020595409E-02,95.003708454383));
#6160 = CARTESIAN_POINT('',(5.031725160429E-02,95.082207818854));
#6161 = CARTESIAN_POINT('',(3.874944190552E-02,95.263229904085));
#6162 = CARTESIAN_POINT('',(3.137757160008E-02,95.355558784868));
#6163 = CARTESIAN_POINT('',(2.373356590743E-02,95.427082821164));
#6164 = CARTESIAN_POINT('',(1.589799026931E-02,95.47562960763));
#6165 = CARTESIAN_POINT('',(7.957412296898E-03,95.5));
#6166 = CARTESIAN_POINT('',(0.,95.5));
#6167 = ( GEOMETRIC_REPRESENTATION_CONTEXT(2) 
PARAMETRIC_REPRESENTATION_CONTEXT() REPRESENTATION_CONTEXT('2D SPACE',''
  ) );
#6168 = PCURVE('',#5945,#6169);
#6169 = DEFINITIONAL_REPRESENTATION('',(#6170),#6223);
#6170 = B_SPLINE_CURVE_WITH_KNOTS('',6,(#6171,#6172,#6173,#6174,#6175,
    #6176,#6177,#6178,#6179,#6180,#6181,#6182,#6183,#6184,#6185,#6186,
    #6187,#6188,#6189,#6190,#6191,#6192,#6193,#6194,#6195,#6196,#6197,
    #6198,#6199,#6200,#6201,#6202,#6203,#6204,#6205,#6206,#6207,#6208,
    #6209,#6210,#6211,#6212,#6213,#6214,#6215,#6216,#6217,#6218,#6219,
    #6220,#6221,#6222),.UNSPECIFIED.,.F.,.F.,(7,5,5,5,5,5,5,5,5,5,7),(0.
    ,9.554268384744E-02,0.157214882794,0.237419080817,0.359497288773,
    0.50000338596,0.640510762921,0.762589530229,0.842794100541,
    0.904466586805,1.),.UNSPECIFIED.);
#6171 = CARTESIAN_POINT('',(3.14159265359,94.));
#6172 = CARTESIAN_POINT('',(3.20236756577,94.));
#6173 = CARTESIAN_POINT('',(3.263004330768,93.996807738059));
#6174 = CARTESIAN_POINT('',(3.323231179286,93.990450054444));
#6175 = CARTESIAN_POINT('',(3.382779505021,93.981190138642));
#6176 = CARTESIAN_POINT('',(3.441352187522,93.969510189112));
#6177 = CARTESIAN_POINT('',(3.535539639198,93.947274871798));
#6178 = CARTESIAN_POINT('',(3.571988969717,93.937775274898));
#6179 = CARTESIAN_POINT('',(3.607942418922,93.927628173697));
#6180 = CARTESIAN_POINT('',(3.643398422209,93.916965679776));
#6181 = CARTESIAN_POINT('',(3.67835130032,93.905917770432));
#6182 = CARTESIAN_POINT('',(3.757580283335,93.879898982301));
#6183 = CARTESIAN_POINT('',(3.801515561329,93.864742316708));
#6184 = CARTESIAN_POINT('',(3.844657439227,93.849381571166));
#6185 = CARTESIAN_POINT('',(3.887059061246,93.834031331667));
#6186 = CARTESIAN_POINT('',(3.928768481462,93.818876996416));
#6187 = CARTESIAN_POINT('',(4.032331237099,93.781544732637));
#6188 = CARTESIAN_POINT('',(4.093360408629,93.759820753312));
#6189 = CARTESIAN_POINT('',(4.153134992246,93.739434412399));
#6190 = CARTESIAN_POINT('',(4.21184926655,93.720773346317));
#6191 = CARTESIAN_POINT('',(4.269686409829,93.704116218323));
#6192 = CARTESIAN_POINT('',(4.392599247279,93.67303785985));
#6193 = CARTESIAN_POINT('',(4.457447687313,93.659334040125));
#6194 = CARTESIAN_POINT('',(4.521624719862,93.648874432144));
#6195 = CARTESIAN_POINT('',(4.585357168856,93.641841206108));
#6196 = CARTESIAN_POINT('',(4.648869030455,93.638323693444));
#6197 = CARTESIAN_POINT('',(4.775909508874,93.638323693444));
#6198 = CARTESIAN_POINT('',(4.839421385978,93.641841272613));
#6199 = CARTESIAN_POINT('',(4.903153496301,93.648874502995));
#6200 = CARTESIAN_POINT('',(4.967330153138,93.6593340342));
#6201 = CARTESIAN_POINT('',(5.032178420766,93.673037785835));
#6202 = CARTESIAN_POINT('',(5.15509154662,93.70411621723));
#6203 = CARTESIAN_POINT('',(5.212928701488,93.720773348534));
#6204 = CARTESIAN_POINT('',(5.271642968303,93.739434412103));
#6205 = CARTESIAN_POINT('',(5.331417544766,93.759820750953));
#6206 = CARTESIAN_POINT('',(5.392446728462,93.781544734364));
#6207 = CARTESIAN_POINT('',(5.496009478618,93.818876996168));
#6208 = CARTESIAN_POINT('',(5.53771890068,93.834031332069));
#6209 = CARTESIAN_POINT('',(5.580120521509,93.849381571165));
#6210 = CARTESIAN_POINT('',(5.623262398268,93.864742316305));
#6211 = CARTESIAN_POINT('',(5.667197678196,93.879898982551));
#6212 = CARTESIAN_POINT('',(5.74642666045,93.905917770432));
#6213 = CARTESIAN_POINT('',(5.78137953856,93.916965679776));
#6214 = CARTESIAN_POINT('',(5.816835541847,93.927628173697));
#6215 = CARTESIAN_POINT('',(5.852788991052,93.937775274898));
#6216 = CARTESIAN_POINT('',(5.889238321572,93.947274871798));
#6217 = CARTESIAN_POINT('',(5.983419952557,93.969508814992));
#6218 = CARTESIAN_POINT('',(6.0419954908,93.981189870476));
#6219 = CARTESIAN_POINT('',(6.101550177706,93.990451074373));
#6220 = CARTESIAN_POINT('',(6.161782480183,93.996808700096));
#6221 = CARTESIAN_POINT('',(6.222419613276,94.));
#6222 = CARTESIAN_POINT('',(6.28318530718,94.));
#6223 = ( GEOMETRIC_REPRESENTATION_CONTEXT(2) 
PARAMETRIC_REPRESENTATION_CONTEXT() REPRESENTATION_CONTEXT('2D SPACE',''
  ) );
#6224 = ORIENTED_EDGE('',*,*,#6225,.F.);
#6225 = EDGE_CURVE('',#6226,#5827,#6228,.T.);
#6226 = VERTEX_POINT('',#6227);
#6227 = CARTESIAN_POINT('',(42.,-4.469960816888E-15,162.70835153491));
#6228 = SEAM_CURVE('',#6229,(#6233,#6240),.PCURVE_S1.);
#6229 = LINE('',#6230,#6231);
#6230 = CARTESIAN_POINT('',(42.,-1.028703311284E-14,122.20835153491));
#6231 = VECTOR('',#6232,1.);
#6232 = DIRECTION('',(0.,0.,1.));
#6233 = PCURVE('',#5884,#6234);
#6234 = DEFINITIONAL_REPRESENTATION('',(#6235),#6239);
#6235 = LINE('',#6236,#6237);
#6236 = CARTESIAN_POINT('',(6.28318530718,-0.));
#6237 = VECTOR('',#6238,1.);
#6238 = DIRECTION('',(0.,1.));
#6239 = ( GEOMETRIC_REPRESENTATION_CONTEXT(2) 
PARAMETRIC_REPRESENTATION_CONTEXT() REPRESENTATION_CONTEXT('2D SPACE',''
  ) );
#6240 = PCURVE('',#5884,#6241);
#6241 = DEFINITIONAL_REPRESENTATION('',(#6242),#6246);
#6242 = LINE('',#6243,#6244);
#6243 = CARTESIAN_POINT('',(0.,-0.));
#6244 = VECTOR('',#6245,1.);
#6245 = DIRECTION('',(0.,1.));
#6246 = ( GEOMETRIC_REPRESENTATION_CONTEXT(2) 
PARAMETRIC_REPRESENTATION_CONTEXT() REPRESENTATION_CONTEXT('2D SPACE',''
  ) );
#6247 = ORIENTED_EDGE('',*,*,#6248,.F.);
#6248 = EDGE_CURVE('',#6249,#6226,#6251,.T.);
#6249 = VERTEX_POINT('',#6250);
#6250 = CARTESIAN_POINT('',(42.,-1.028703311284E-14,151.70835153491));
#6251 = SURFACE_CURVE('',#6252,(#6305,#6361),.PCURVE_S1.);
#6252 = B_SPLINE_CURVE_WITH_KNOTS('',6,(#6253,#6254,#6255,#6256,#6257,
    #6258,#6259,#6260,#6261,#6262,#6263,#6264,#6265,#6266,#6267,#6268,
    #6269,#6270,#6271,#6272,#6273,#6274,#6275,#6276,#6277,#6278,#6279,
    #6280,#6281,#6282,#6283,#6284,#6285,#6286,#6287,#6288,#6289,#6290,
    #6291,#6292,#6293,#6294,#6295,#6296,#6297,#6298,#6299,#6300,#6301,
    #6302,#6303,#6304),.UNSPECIFIED.,.F.,.F.,(7,5,5,5,5,5,5,5,5,5,7),(0.
    ,9.554268316325E-02,0.157214881651,0.237419077712,0.359497284734,
    0.500003380833,0.640510756704,0.762589532307,0.842794101919,
    0.904466587645,1.),.UNSPECIFIED.);
#6253 = CARTESIAN_POINT('',(42.,2.10571278441E-15,151.70835153491));
#6254 = CARTESIAN_POINT('',(42.,0.334262016854,151.70835153491));
#6255 = CARTESIAN_POINT('',(41.996807738061,0.667764254,151.73272933387)
  );
#6256 = CARTESIAN_POINT('',(41.990450054439,0.996789410687,
    151.78127643658));
#6257 = CARTESIAN_POINT('',(41.981190138641,1.317689422033,
    151.85279118226));
#6258 = CARTESIAN_POINT('',(41.969510189116,1.627084375552,
    151.94511044312));
#6259 = CARTESIAN_POINT('',(41.947274871798,2.112453363832,
    152.12614371606));
#6260 = CARTESIAN_POINT('',(41.937775274898,2.297136209852,
    152.20464308053));
#6261 = CARTESIAN_POINT('',(41.927628173697,2.475806661181,
    152.29002970999));
#6262 = CARTESIAN_POINT('',(41.916965679776,2.648218519897,
    152.38170122316));
#6263 = CARTESIAN_POINT('',(41.905917770432,2.81417417057,
    152.47904886848));
#6264 = CARTESIAN_POINT('',(41.879898982551,3.180758307304,
    152.71463818801));
#6265 = CARTESIAN_POINT('',(41.864742316305,3.3768838991,152.85641877473
    ));
#6266 = CARTESIAN_POINT('',(41.849381571165,3.561944799642,
    153.00570202772));
#6267 = CARTESIAN_POINT('',(41.834031332069,3.736052721049,
    153.16151700249));
#6268 = CARTESIAN_POINT('',(41.818876996168,3.899367369986,
    153.32300227724));
#6269 = CARTESIAN_POINT('',(41.781544732637,4.28451331523,
    153.74264645781));
#6270 = CARTESIAN_POINT('',(41.759820753312,4.492482818929,
    154.00737261409));
#6271 = CARTESIAN_POINT('',(41.739434412399,4.676839695808,
    154.28113470681));
#6272 = CARTESIAN_POINT('',(41.720773346317,4.838436800458,
    154.56206185169));
#6273 = CARTESIAN_POINT('',(41.704116218323,4.978038744139,
    154.84871005828));
#6274 = CARTESIAN_POINT('',(41.673037859852,5.232274714253,
    155.4751028513));
#6275 = CARTESIAN_POINT('',(41.659334040122,5.339955691077,
    155.81632216211));
#6276 = CARTESIAN_POINT('',(41.648874432147,5.42012431993,
    156.16168454191));
#6277 = CARTESIAN_POINT('',(41.641841206108,5.473370350552,
    156.50967677245));
#6278 = CARTESIAN_POINT('',(41.638323693444,5.5,156.85899181033));
#6279 = CARTESIAN_POINT('',(41.638323693444,5.5,157.55771444158));
#6280 = CARTESIAN_POINT('',(41.641841272613,5.473369853059,
    157.90702953667));
#6281 = CARTESIAN_POINT('',(41.648874502997,5.420123775204,
    158.25501989946));
#6282 = CARTESIAN_POINT('',(41.659334034197,5.339955703899,
    158.60038018334));
#6283 = CARTESIAN_POINT('',(41.673037785837,5.232275319733,
    158.94159872673));
#6284 = CARTESIAN_POINT('',(41.704116218323,4.978038744139,
    159.56799301155));
#6285 = CARTESIAN_POINT('',(41.720773346317,4.838436800458,
    159.85464121813));
#6286 = CARTESIAN_POINT('',(41.739434412399,4.676839695808,
    160.13556836302));
#6287 = CARTESIAN_POINT('',(41.759820753312,4.492482818929,
    160.40933045573));
#6288 = CARTESIAN_POINT('',(41.781544732637,4.28451331523,
    160.67405661202));
#6289 = CARTESIAN_POINT('',(41.818876996168,3.899367369986,
    161.09370079259));
#6290 = CARTESIAN_POINT('',(41.834031332069,3.736052721049,
    161.25518606734));
#6291 = CARTESIAN_POINT('',(41.849381571165,3.561944799641,
    161.4110010421));
#6292 = CARTESIAN_POINT('',(41.864742316305,3.3768838991,161.5602842951)
  );
#6293 = CARTESIAN_POINT('',(41.879898982551,3.180758307304,
    161.70206488181));
#6294 = CARTESIAN_POINT('',(41.905917770432,2.81417417057,
    161.93765420134));
#6295 = CARTESIAN_POINT('',(41.916965679776,2.648218519897,
    162.03500184667));
#6296 = CARTESIAN_POINT('',(41.927628173697,2.475806661181,
    162.12667335984));
#6297 = CARTESIAN_POINT('',(41.937775274898,2.297136209851,
    162.2120599893));
#6298 = CARTESIAN_POINT('',(41.947274871798,2.112453363832,
    162.29055935377));
#6299 = CARTESIAN_POINT('',(41.969508814991,1.627114370964,
    162.47158143899));
#6300 = CARTESIAN_POINT('',(41.981189870478,1.317706239516,
    162.56391031979));
#6301 = CARTESIAN_POINT('',(41.990451074372,0.99677175169,
    162.63543435607));
#6302 = CARTESIAN_POINT('',(41.996808700096,0.667715574206,
    162.68398114255));
#6303 = CARTESIAN_POINT('',(42.,0.334211316453,162.70835153491));
#6304 = CARTESIAN_POINT('',(42.,3.116046393706E-15,162.70835153491));
#6305 = PCURVE('',#5884,#6306);
#6306 = DEFINITIONAL_REPRESENTATION('',(#6307),#6360);
#6307 = B_SPLINE_CURVE_WITH_KNOTS('',6,(#6308,#6309,#6310,#6311,#6312,
    #6313,#6314,#6315,#6316,#6317,#6318,#6319,#6320,#6321,#6322,#6323,
    #6324,#6325,#6326,#6327,#6328,#6329,#6330,#6331,#6332,#6333,#6334,
    #6335,#6336,#6337,#6338,#6339,#6340,#6341,#6342,#6343,#6344,#6345,
    #6346,#6347,#6348,#6349,#6350,#6351,#6352,#6353,#6354,#6355,#6356,
    #6357,#6358,#6359),.UNSPECIFIED.,.F.,.F.,(7,5,5,5,5,5,5,5,5,5,7),(0.
    ,9.554268316325E-02,0.157214881651,0.237419077712,0.359497284734,
    0.500003380833,0.640510756704,0.762589532307,0.842794101919,
    0.904466587645,1.),.UNSPECIFIED.);
#6308 = CARTESIAN_POINT('',(0.,29.5));
#6309 = CARTESIAN_POINT('',(7.958619448915E-03,29.5));
#6310 = CARTESIAN_POINT('',(1.58991493572E-02,29.524377798953));
#6311 = CARTESIAN_POINT('',(2.373398673272E-02,29.572924901664));
#6312 = CARTESIAN_POINT('',(3.137717135272E-02,29.644439647348));
#6313 = CARTESIAN_POINT('',(3.874872698045E-02,29.736758908211));
#6314 = CARTESIAN_POINT('',(5.03172516043E-02,29.917792181146));
#6315 = CARTESIAN_POINT('',(5.472020595409E-02,29.996291545616));
#6316 = CARTESIAN_POINT('',(5.898103232951E-02,30.081678175077));
#6317 = CARTESIAN_POINT('',(6.309384775819E-02,30.173349688244));
#6318 = CARTESIAN_POINT('',(6.705388083965E-02,30.270697333572));
#6319 = CARTESIAN_POINT('',(7.580403168473E-02,30.506286653099));
#6320 = CARTESIAN_POINT('',(8.048752018967E-02,30.648067239817));
#6321 = CARTESIAN_POINT('',(8.490878603241E-02,30.797350492812));
#6322 = CARTESIAN_POINT('',(8.907022391152E-02,30.953165467573));
#6323 = CARTESIAN_POINT('',(9.29753396148E-02,31.114650742324));
#6324 = CARTESIAN_POINT('',(0.102188459297,31.534294922894));
#6325 = CARTESIAN_POINT('',(0.107166919999,31.799021079178));
#6326 = CARTESIAN_POINT('',(0.111583024173,32.072783171893));
#6327 = CARTESIAN_POINT('',(0.115456105346,32.35371031678));
#6328 = CARTESIAN_POINT('',(0.118803521909,32.640358523362));
#6329 = CARTESIAN_POINT('',(0.124901818801,33.26675131639));
#6330 = CARTESIAN_POINT('',(0.127486298545,33.607970627201));
#6331 = CARTESIAN_POINT('',(0.129411251609,33.953333006998));
#6332 = CARTESIAN_POINT('',(0.130690025636,34.301325237542));
#6333 = CARTESIAN_POINT('',(0.131329572375,34.650640275414));
#6334 = CARTESIAN_POINT('',(0.131329572375,35.349362906662));
#6335 = CARTESIAN_POINT('',(0.130690013672,35.698678001753));
#6336 = CARTESIAN_POINT('',(0.129411238549,36.046668364545));
#6337 = CARTESIAN_POINT('',(0.127486298857,36.392028648424));
#6338 = CARTESIAN_POINT('',(0.124901833325,36.733247191813));
#6339 = CARTESIAN_POINT('',(0.118803521909,37.359641476638));
#6340 = CARTESIAN_POINT('',(0.115456105346,37.64628968322));
#6341 = CARTESIAN_POINT('',(0.111583024173,37.927216828107));
#6342 = CARTESIAN_POINT('',(0.107166919999,38.200978920822));
#6343 = CARTESIAN_POINT('',(0.102188459297,38.465705077106));
#6344 = CARTESIAN_POINT('',(9.297533961481E-02,38.885349257675));
#6345 = CARTESIAN_POINT('',(8.907022391152E-02,39.046834532427));
#6346 = CARTESIAN_POINT('',(8.490878603239E-02,39.202649507189));
#6347 = CARTESIAN_POINT('',(8.048752018966E-02,39.351932760183));
#6348 = CARTESIAN_POINT('',(7.580403168474E-02,39.4937133469));
#6349 = CARTESIAN_POINT('',(6.705388083965E-02,39.729302666428));
#6350 = CARTESIAN_POINT('',(6.309384775819E-02,39.826650311756));
#6351 = CARTESIAN_POINT('',(5.898103232952E-02,39.918321824923));
#6352 = CARTESIAN_POINT('',(5.472020595409E-02,40.003708454384));
#6353 = CARTESIAN_POINT('',(5.03172516043E-02,40.082207818854));
#6354 = CARTESIAN_POINT('',(3.874944190595E-02,40.263229904079));
#6355 = CARTESIAN_POINT('',(3.137757159944E-02,40.355558784881));
#6356 = CARTESIAN_POINT('',(2.373356590732E-02,40.427082821155));
#6357 = CARTESIAN_POINT('',(1.589799027007E-02,40.475629607633));
#6358 = CARTESIAN_POINT('',(7.95741229649E-03,40.5));
#6359 = CARTESIAN_POINT('',(0.,40.5));
#6360 = ( GEOMETRIC_REPRESENTATION_CONTEXT(2) 
PARAMETRIC_REPRESENTATION_CONTEXT() REPRESENTATION_CONTEXT('2D SPACE',''
  ) );
#6361 = PCURVE('',#6362,#6367);
#6362 = CYLINDRICAL_SURFACE('',#6363,5.5);
#6363 = AXIS2_PLACEMENT_3D('',#6364,#6365,#6366);
#6364 = CARTESIAN_POINT('',(-52.,0.,157.20835153491));
#6365 = DIRECTION('',(1.,0.,0.));
#6366 = DIRECTION('',(0.,0.,1.));
#6367 = DEFINITIONAL_REPRESENTATION('',(#6368),#6421);
#6368 = B_SPLINE_CURVE_WITH_KNOTS('',6,(#6369,#6370,#6371,#6372,#6373,
    #6374,#6375,#6376,#6377,#6378,#6379,#6380,#6381,#6382,#6383,#6384,
    #6385,#6386,#6387,#6388,#6389,#6390,#6391,#6392,#6393,#6394,#6395,
    #6396,#6397,#6398,#6399,#6400,#6401,#6402,#6403,#6404,#6405,#6406,
    #6407,#6408,#6409,#6410,#6411,#6412,#6413,#6414,#6415,#6416,#6417,
    #6418,#6419,#6420),.UNSPECIFIED.,.F.,.F.,(7,5,5,5,5,5,5,5,5,5,7),(0.
    ,9.554268316325E-02,0.157214881651,0.237419077712,0.359497284734,
    0.500003380833,0.640510756704,0.762589532307,0.842794101919,
    0.904466587645,1.),.UNSPECIFIED.);
#6369 = CARTESIAN_POINT('',(3.14159265359,94.));
#6370 = CARTESIAN_POINT('',(3.202367565745,94.));
#6371 = CARTESIAN_POINT('',(3.263004330782,93.996807738061));
#6372 = CARTESIAN_POINT('',(3.323231179304,93.990450054439));
#6373 = CARTESIAN_POINT('',(3.38277950502,93.981190138641));
#6374 = CARTESIAN_POINT('',(3.441352187507,93.969510189116));
#6375 = CARTESIAN_POINT('',(3.535539639198,93.947274871798));
#6376 = CARTESIAN_POINT('',(3.571988969717,93.937775274898));
#6377 = CARTESIAN_POINT('',(3.607942418923,93.927628173697));
#6378 = CARTESIAN_POINT('',(3.643398422209,93.916965679776));
#6379 = CARTESIAN_POINT('',(3.678351300319,93.905917770432));
#6380 = CARTESIAN_POINT('',(3.757580282574,93.879898982551));
#6381 = CARTESIAN_POINT('',(3.801515562501,93.864742316305));
#6382 = CARTESIAN_POINT('',(3.84465743926,93.849381571165));
#6383 = CARTESIAN_POINT('',(3.88705906009,93.834031332069));
#6384 = CARTESIAN_POINT('',(3.928768482152,93.818876996168));
#6385 = CARTESIAN_POINT('',(4.032331237099,93.781544732637));
#6386 = CARTESIAN_POINT('',(4.093360408629,93.759820753312));
#6387 = CARTESIAN_POINT('',(4.153134992246,93.739434412399));
#6388 = CARTESIAN_POINT('',(4.21184926655,93.720773346317));
#6389 = CARTESIAN_POINT('',(4.269686409829,93.704116218323));
#6390 = CARTESIAN_POINT('',(4.392599247273,93.673037859852));
#6391 = CARTESIAN_POINT('',(4.457447687323,93.659334040122));
#6392 = CARTESIAN_POINT('',(4.521624719862,93.648874432146));
#6393 = CARTESIAN_POINT('',(4.585357168847,93.641841206108));
#6394 = CARTESIAN_POINT('',(4.64886903046,93.638323693444));
#6395 = CARTESIAN_POINT('',(4.775909508869,93.638323693444));
#6396 = CARTESIAN_POINT('',(4.839421385986,93.641841272613));
#6397 = CARTESIAN_POINT('',(4.903153496301,93.648874502997));
#6398 = CARTESIAN_POINT('',(4.967330153129,93.659334034197));
#6399 = CARTESIAN_POINT('',(5.032178420771,93.673037785837));
#6400 = CARTESIAN_POINT('',(5.15509155094,93.704116218323));
#6401 = CARTESIAN_POINT('',(5.21292869422,93.720773346317));
#6402 = CARTESIAN_POINT('',(5.271642968524,93.739434412399));
#6403 = CARTESIAN_POINT('',(5.33141755214,93.759820753312));
#6404 = CARTESIAN_POINT('',(5.39244672367,93.781544732637));
#6405 = CARTESIAN_POINT('',(5.496009478618,93.818876996168));
#6406 = CARTESIAN_POINT('',(5.53771890068,93.834031332069));
#6407 = CARTESIAN_POINT('',(5.580120521509,93.849381571165));
#6408 = CARTESIAN_POINT('',(5.623262398268,93.864742316305));
#6409 = CARTESIAN_POINT('',(5.667197678196,93.879898982551));
#6410 = CARTESIAN_POINT('',(5.74642666045,93.905917770432));
#6411 = CARTESIAN_POINT('',(5.78137953856,93.916965679776));
#6412 = CARTESIAN_POINT('',(5.816835541847,93.927628173697));
#6413 = CARTESIAN_POINT('',(5.852788991052,93.937775274898));
#6414 = CARTESIAN_POINT('',(5.889238321572,93.947274871798));
#6415 = CARTESIAN_POINT('',(5.983419952554,93.969508814991));
#6416 = CARTESIAN_POINT('',(6.041995490805,93.981189870478));
#6417 = CARTESIAN_POINT('',(6.101550177707,93.990451074372));
#6418 = CARTESIAN_POINT('',(6.161782480177,93.996808700096));
#6419 = CARTESIAN_POINT('',(6.222419613279,94.));
#6420 = CARTESIAN_POINT('',(6.28318530718,94.));
#6421 = ( GEOMETRIC_REPRESENTATION_CONTEXT(2) 
PARAMETRIC_REPRESENTATION_CONTEXT() REPRESENTATION_CONTEXT('2D SPACE',''
  ) );
#6422 = ORIENTED_EDGE('',*,*,#6423,.F.);
#6423 = EDGE_CURVE('',#6424,#6249,#6426,.T.);
#6424 = VERTEX_POINT('',#6425);
#6425 = CARTESIAN_POINT('',(42.,-1.028703311284E-14,122.20835153491));
#6426 = SEAM_CURVE('',#6427,(#6431,#6438),.PCURVE_S1.);
#6427 = LINE('',#6428,#6429);
#6428 = CARTESIAN_POINT('',(42.,-1.028703311284E-14,122.20835153491));
#6429 = VECTOR('',#6430,1.);
#6430 = DIRECTION('',(0.,0.,1.));
#6431 = PCURVE('',#5884,#6432);
#6432 = DEFINITIONAL_REPRESENTATION('',(#6433),#6437);
#6433 = LINE('',#6434,#6435);
#6434 = CARTESIAN_POINT('',(6.28318530718,-0.));
#6435 = VECTOR('',#6436,1.);
#6436 = DIRECTION('',(0.,1.));
#6437 = ( GEOMETRIC_REPRESENTATION_CONTEXT(2) 
PARAMETRIC_REPRESENTATION_CONTEXT() REPRESENTATION_CONTEXT('2D SPACE',''
  ) );
#6438 = PCURVE('',#5884,#6439);
#6439 = DEFINITIONAL_REPRESENTATION('',(#6440),#6444);
#6440 = LINE('',#6441,#6442);
#6441 = CARTESIAN_POINT('',(0.,-0.));
#6442 = VECTOR('',#6443,1.);
#6443 = DIRECTION('',(0.,1.));
#6444 = ( GEOMETRIC_REPRESENTATION_CONTEXT(2) 
PARAMETRIC_REPRESENTATION_CONTEXT() REPRESENTATION_CONTEXT('2D SPACE',''
  ) );
#6445 = ORIENTED_EDGE('',*,*,#6446,.T.);
#6446 = EDGE_CURVE('',#6424,#6424,#6447,.T.);
#6447 = SURFACE_CURVE('',#6448,(#6453,#6460),.PCURVE_S1.);
#6448 = CIRCLE('',#6449,42.);
#6449 = AXIS2_PLACEMENT_3D('',#6450,#6451,#6452);
#6450 = CARTESIAN_POINT('',(0.,0.,122.20835153491));
#6451 = DIRECTION('',(0.,0.,1.));
#6452 = DIRECTION('',(1.,0.,0.));
#6453 = PCURVE('',#5884,#6454);
#6454 = DEFINITIONAL_REPRESENTATION('',(#6455),#6459);
#6455 = LINE('',#6456,#6457);
#6456 = CARTESIAN_POINT('',(0.,0.));
#6457 = VECTOR('',#6458,1.);
#6458 = DIRECTION('',(1.,0.));
#6459 = ( GEOMETRIC_REPRESENTATION_CONTEXT(2) 
PARAMETRIC_REPRESENTATION_CONTEXT() REPRESENTATION_CONTEXT('2D SPACE',''
  ) );
#6460 = PCURVE('',#6461,#6466);
#6461 = PLANE('',#6462);
#6462 = AXIS2_PLACEMENT_3D('',#6463,#6464,#6465);
#6463 = CARTESIAN_POINT('',(0.,0.,122.20835153491));
#6464 = DIRECTION('',(0.,0.,1.));
#6465 = DIRECTION('',(1.,0.,0.));
#6466 = DEFINITIONAL_REPRESENTATION('',(#6467),#6471);
#6467 = CIRCLE('',#6468,42.);
#6468 = AXIS2_PLACEMENT_2D('',#6469,#6470);
#6469 = CARTESIAN_POINT('',(0.,0.));
#6470 = DIRECTION('',(1.,0.));
#6471 = ( GEOMETRIC_REPRESENTATION_CONTEXT(2) 
PARAMETRIC_REPRESENTATION_CONTEXT() REPRESENTATION_CONTEXT('2D SPACE',''
  ) );
#6472 = ORIENTED_EDGE('',*,*,#6423,.T.);
#6473 = ORIENTED_EDGE('',*,*,#6474,.F.);
#6474 = EDGE_CURVE('',#6226,#6249,#6475,.T.);
#6475 = SURFACE_CURVE('',#6476,(#6529,#6585),.PCURVE_S1.);
#6476 = B_SPLINE_CURVE_WITH_KNOTS('',6,(#6477,#6478,#6479,#6480,#6481,
    #6482,#6483,#6484,#6485,#6486,#6487,#6488,#6489,#6490,#6491,#6492,
    #6493,#6494,#6495,#6496,#6497,#6498,#6499,#6500,#6501,#6502,#6503,
    #6504,#6505,#6506,#6507,#6508,#6509,#6510,#6511,#6512,#6513,#6514,
    #6515,#6516,#6517,#6518,#6519,#6520,#6521,#6522,#6523,#6524,#6525,
    #6526,#6527,#6528),.UNSPECIFIED.,.F.,.F.,(7,5,5,5,5,5,5,5,5,5,7),(0.
    ,9.554191770458E-02,0.157213622115,0.237417176997,0.359494396676,
    0.499999367027,0.640505617142,0.762583405399,0.842787332484,
    0.904459324145,1.),.UNSPECIFIED.);
#6477 = CARTESIAN_POINT('',(42.,-1.7763568394E-15,162.70835153491));
#6478 = CARTESIAN_POINT('',(42.,-0.334262016964,162.70835153491));
#6479 = CARTESIAN_POINT('',(41.996807738059,-0.667764253972,
    162.68397373594));
#6480 = CARTESIAN_POINT('',(41.990450054442,-0.996789410579,
    162.63542663327));
#6481 = CARTESIAN_POINT('',(41.981190138644,-1.317689422006,
    162.56391188759));
#6482 = CARTESIAN_POINT('',(41.969510189111,-1.627084375655,
    162.47159262666));
#6483 = CARTESIAN_POINT('',(41.947274871798,-2.112453363832,
    162.29055935377));
#6484 = CARTESIAN_POINT('',(41.937775274898,-2.297136209851,
    162.2120599893));
#6485 = CARTESIAN_POINT('',(41.927628173697,-2.475806661181,
    162.12667335984));
#6486 = CARTESIAN_POINT('',(41.916965679776,-2.648218519897,
    162.03500184667));
#6487 = CARTESIAN_POINT('',(41.905917770432,-2.81417417057,
    161.93765420134));
#6488 = CARTESIAN_POINT('',(41.8798989823,-3.180758310827,
    161.70206487955));
#6489 = CARTESIAN_POINT('',(41.864742316708,-3.376883894104,
    161.56028429911));
#6490 = CARTESIAN_POINT('',(41.849381571166,-3.561944799195,
    161.41100104186));
#6491 = CARTESIAN_POINT('',(41.834031331667,-3.736052725834,
    161.25518606322));
#6492 = CARTESIAN_POINT('',(41.818876996416,-3.899367367422,
    161.09370079538));
#6493 = CARTESIAN_POINT('',(41.781544734364,-4.28451329741,
    160.67405663143));
#6494 = CARTESIAN_POINT('',(41.759820750953,-4.492482841436,
    160.40933042262));
#6495 = CARTESIAN_POINT('',(41.739434412103,-4.676839699939,
    160.13556836422));
#6496 = CARTESIAN_POINT('',(41.720773348534,-4.838436779905,
    159.8546412518));
#6497 = CARTESIAN_POINT('',(41.70411621723,-4.978038753076,
    159.56799298953));
#6498 = CARTESIAN_POINT('',(41.67303785985,-5.232274714266,
    158.94160021849));
#6499 = CARTESIAN_POINT('',(41.659334040125,-5.339955691051,
    158.60038090776));
#6500 = CARTESIAN_POINT('',(41.648874432144,-5.420124319948,
    158.25501852792));
#6501 = CARTESIAN_POINT('',(41.641841206108,-5.473370350548,
    157.90702629732));
#6502 = CARTESIAN_POINT('',(41.638323693444,-5.5,157.55771125953));
#6503 = CARTESIAN_POINT('',(41.638323693444,-5.5,156.85898862822));
#6504 = CARTESIAN_POINT('',(41.641841272613,-5.473369853054,
    156.50967353321));
#6505 = CARTESIAN_POINT('',(41.648874502995,-5.420123775221,
    156.16168317037));
#6506 = CARTESIAN_POINT('',(41.6593340342,-5.339955703876,
    155.81632288644));
#6507 = CARTESIAN_POINT('',(41.673037785835,-5.232275319744,
    155.47510434313));
#6508 = CARTESIAN_POINT('',(41.70411621723,-4.978038753076,
    154.84871008029));
#6509 = CARTESIAN_POINT('',(41.720773348534,-4.838436779905,
    154.56206181803));
#6510 = CARTESIAN_POINT('',(41.739434412103,-4.676839699939,
    154.28113470561));
#6511 = CARTESIAN_POINT('',(41.759820750953,-4.492482841437,
    154.0073726472));
#6512 = CARTESIAN_POINT('',(41.781544734364,-4.284513297409,
    153.74264643839));
#6513 = CARTESIAN_POINT('',(41.818876996168,-3.899367369986,
    153.32300227724));
#6514 = CARTESIAN_POINT('',(41.834031332069,-3.736052721049,
    153.16151700249));
#6515 = CARTESIAN_POINT('',(41.849381571165,-3.561944799642,
    153.00570202772));
#6516 = CARTESIAN_POINT('',(41.864742316305,-3.3768838991,
    152.85641877473));
#6517 = CARTESIAN_POINT('',(41.879898982551,-3.180758307304,
    152.71463818801));
#6518 = CARTESIAN_POINT('',(41.905917770432,-2.81417417057,
    152.47904886848));
#6519 = CARTESIAN_POINT('',(41.916965679776,-2.648218519897,
    152.38170122316));
#6520 = CARTESIAN_POINT('',(41.927628173697,-2.475806661181,
    152.29002970999));
#6521 = CARTESIAN_POINT('',(41.937775274898,-2.297136209852,
    152.20464308053));
#6522 = CARTESIAN_POINT('',(41.947274871798,-2.112453363832,
    152.12614371606));
#6523 = CARTESIAN_POINT('',(41.969509950533,-1.627089583508,
    151.94511238559));
#6524 = CARTESIAN_POINT('',(41.981190064527,-1.317692950677,
    151.85279167947));
#6525 = CARTESIAN_POINT('',(41.990450235052,-0.996786673057,
    151.7812750482));
#6526 = CARTESIAN_POINT('',(41.99680794377,-0.667754873579,
    151.73272776243));
#6527 = CARTESIAN_POINT('',(42.,-0.334251230691,151.70835153491));
#6528 = CARTESIAN_POINT('',(42.,-2.6645352591E-15,151.70835153491));
#6529 = PCURVE('',#5884,#6530);
#6530 = DEFINITIONAL_REPRESENTATION('',(#6531),#6584);
#6531 = B_SPLINE_CURVE_WITH_KNOTS('',6,(#6532,#6533,#6534,#6535,#6536,
    #6537,#6538,#6539,#6540,#6541,#6542,#6543,#6544,#6545,#6546,#6547,
    #6548,#6549,#6550,#6551,#6552,#6553,#6554,#6555,#6556,#6557,#6558,
    #6559,#6560,#6561,#6562,#6563,#6564,#6565,#6566,#6567,#6568,#6569,
    #6570,#6571,#6572,#6573,#6574,#6575,#6576,#6577,#6578,#6579,#6580,
    #6581,#6582,#6583),.UNSPECIFIED.,.F.,.F.,(7,5,5,5,5,5,5,5,5,5,7),(0.
    ,9.554191770458E-02,0.157213622115,0.237417176997,0.359494396676,
    0.499999367027,0.640505617142,0.762583405399,0.842787332484,
    0.904459324145,1.),.UNSPECIFIED.);
#6532 = CARTESIAN_POINT('',(6.28318530718,40.5));
#6533 = CARTESIAN_POINT('',(6.275226687728,40.5));
#6534 = CARTESIAN_POINT('',(6.267286157823,40.475622201032));
#6535 = CARTESIAN_POINT('',(6.259451320449,40.427075098355));
#6536 = CARTESIAN_POINT('',(6.251808135828,40.355560352678));
#6537 = CARTESIAN_POINT('',(6.244436580197,40.263241091751));
#6538 = CARTESIAN_POINT('',(6.232868055575,40.082207818854));
#6539 = CARTESIAN_POINT('',(6.228465101225,40.003708454384));
#6540 = CARTESIAN_POINT('',(6.22420427485,39.918321824923));
#6541 = CARTESIAN_POINT('',(6.220091459421,39.826650311756));
#6542 = CARTESIAN_POINT('',(6.21613142634,39.729302666428));
#6543 = CARTESIAN_POINT('',(6.207381275411,39.493713344636));
#6544 = CARTESIAN_POINT('',(6.202697787109,39.351932764192));
#6545 = CARTESIAN_POINT('',(6.198276521158,39.202649506944));
#6546 = CARTESIAN_POINT('',(6.194115083154,39.046834528303));
#6547 = CARTESIAN_POINT('',(6.190209967626,38.885349260469));
#6548 = CARTESIAN_POINT('',(6.180996848309,38.465705096521));
#6549 = CARTESIAN_POINT('',(6.176018386642,38.200978887711));
#6550 = CARTESIAN_POINT('',(6.171602282908,37.927216829304));
#6551 = CARTESIAN_POINT('',(6.167729202326,37.646289716886));
#6552 = CARTESIAN_POINT('',(6.164381785056,37.359641454619));
#6553 = CARTESIAN_POINT('',(6.158283488378,36.733248683577));
#6554 = CARTESIAN_POINT('',(6.155699008635,36.392029372849));
#6555 = CARTESIAN_POINT('',(6.15377405557,36.046666993006));
#6556 = CARTESIAN_POINT('',(6.152495281544,35.698674762406));
#6557 = CARTESIAN_POINT('',(6.151855734804,35.349359724614));
#6558 = CARTESIAN_POINT('',(6.151855734804,34.650637093309));
#6559 = CARTESIAN_POINT('',(6.152495293508,34.301321998294));
#6560 = CARTESIAN_POINT('',(6.15377406863,33.953331635453));
#6561 = CARTESIAN_POINT('',(6.155699008323,33.607971351532));
#6562 = CARTESIAN_POINT('',(6.158283473855,33.266752808215));
#6563 = CARTESIAN_POINT('',(6.164381785056,32.640358545381));
#6564 = CARTESIAN_POINT('',(6.167729202326,32.353710283114));
#6565 = CARTESIAN_POINT('',(6.171602282908,32.072783170696));
#6566 = CARTESIAN_POINT('',(6.176018386642,31.799021112289));
#6567 = CARTESIAN_POINT('',(6.180996848309,31.534294903478));
#6568 = CARTESIAN_POINT('',(6.190209967565,31.114650742324));
#6569 = CARTESIAN_POINT('',(6.194115083268,30.953165467573));
#6570 = CARTESIAN_POINT('',(6.198276521147,30.797350492812));
#6571 = CARTESIAN_POINT('',(6.20269778699,30.648067239817));
#6572 = CARTESIAN_POINT('',(6.207381275495,30.5062866531));
#6573 = CARTESIAN_POINT('',(6.21613142634,30.270697333572));
#6574 = CARTESIAN_POINT('',(6.220091459421,30.173349688244));
#6575 = CARTESIAN_POINT('',(6.22420427485,30.081678175077));
#6576 = CARTESIAN_POINT('',(6.228465101225,29.996291545617));
#6577 = CARTESIAN_POINT('',(6.232868055575,29.917792181146));
#6578 = CARTESIAN_POINT('',(6.24443645607,29.736760850678));
#6579 = CARTESIAN_POINT('',(6.251808051823,29.644440144561));
#6580 = CARTESIAN_POINT('',(6.259451385714,29.572923513284));
#6581 = CARTESIAN_POINT('',(6.267286381169,29.524376227518));
#6582 = CARTESIAN_POINT('',(6.275226944544,29.5));
#6583 = CARTESIAN_POINT('',(6.28318530718,29.5));
#6584 = ( GEOMETRIC_REPRESENTATION_CONTEXT(2) 
PARAMETRIC_REPRESENTATION_CONTEXT() REPRESENTATION_CONTEXT('2D SPACE',''
  ) );
#6585 = PCURVE('',#6362,#6586);
#6586 = DEFINITIONAL_REPRESENTATION('',(#6587),#6640);
#6587 = B_SPLINE_CURVE_WITH_KNOTS('',6,(#6588,#6589,#6590,#6591,#6592,
    #6593,#6594,#6595,#6596,#6597,#6598,#6599,#6600,#6601,#6602,#6603,
    #6604,#6605,#6606,#6607,#6608,#6609,#6610,#6611,#6612,#6613,#6614,
    #6615,#6616,#6617,#6618,#6619,#6620,#6621,#6622,#6623,#6624,#6625,
    #6626,#6627,#6628,#6629,#6630,#6631,#6632,#6633,#6634,#6635,#6636,
    #6637,#6638,#6639),.UNSPECIFIED.,.F.,.F.,(7,5,5,5,5,5,5,5,5,5,7),(0.
    ,9.554191770458E-02,0.157213622115,0.237417176997,0.359494396676,
    0.499999367027,0.640505617142,0.762583405399,0.842787332484,
    0.904459324145,1.),.UNSPECIFIED.);
#6588 = CARTESIAN_POINT('',(-8.881784197001E-16,94.));
#6589 = CARTESIAN_POINT('',(6.077491217521E-02,94.));
#6590 = CARTESIAN_POINT('',(0.121411677187,93.996807738059));
#6591 = CARTESIAN_POINT('',(0.181638525695,93.990450054442));
#6592 = CARTESIAN_POINT('',(0.241186851424,93.981190138644));
#6593 = CARTESIAN_POINT('',(0.299759533937,93.969510189111));
#6594 = CARTESIAN_POINT('',(0.393946985608,93.947274871798));
#6595 = CARTESIAN_POINT('',(0.430396316128,93.937775274898));
#6596 = CARTESIAN_POINT('',(0.466349765333,93.927628173697));
#6597 = CARTESIAN_POINT('',(0.50180576862,93.916965679776));
#6598 = CARTESIAN_POINT('',(0.536758646729,93.905917770432));
#6599 = CARTESIAN_POINT('',(0.615987629746,93.8798989823));
#6600 = CARTESIAN_POINT('',(0.659922907739,93.864742316708));
#6601 = CARTESIAN_POINT('',(0.703064785636,93.849381571166));
#6602 = CARTESIAN_POINT('',(0.745466407656,93.834031331667));
#6603 = CARTESIAN_POINT('',(0.787175827872,93.818876996416));
#6604 = CARTESIAN_POINT('',(0.890738578718,93.781544734364));
#6605 = CARTESIAN_POINT('',(0.951767762414,93.759820750953));
#6606 = CARTESIAN_POINT('',(1.011542338877,93.739434412103));
#6607 = CARTESIAN_POINT('',(1.070256605692,93.720773348534));
#6608 = CARTESIAN_POINT('',(1.12809376056,93.70411621723));
#6609 = CARTESIAN_POINT('',(1.251006593689,93.67303785985));
#6610 = CARTESIAN_POINT('',(1.315855033723,93.659334040125));
#6611 = CARTESIAN_POINT('',(1.380032066272,93.648874432144));
#6612 = CARTESIAN_POINT('',(1.443764515266,93.641841206108));
#6613 = CARTESIAN_POINT('',(1.507276376865,93.638323693444));
#6614 = CARTESIAN_POINT('',(1.634316855284,93.638323693444));
#6615 = CARTESIAN_POINT('',(1.697828732388,93.641841272613));
#6616 = CARTESIAN_POINT('',(1.761560842711,93.648874502995));
#6617 = CARTESIAN_POINT('',(1.825737499548,93.6593340342));
#6618 = CARTESIAN_POINT('',(1.890585767176,93.673037785835));
#6619 = CARTESIAN_POINT('',(2.01349889303,93.70411621723));
#6620 = CARTESIAN_POINT('',(2.071336047898,93.720773348534));
#6621 = CARTESIAN_POINT('',(2.130050314713,93.739434412103));
#6622 = CARTESIAN_POINT('',(2.189824891176,93.759820750953));
#6623 = CARTESIAN_POINT('',(2.250854074872,93.781544734364));
#6624 = CARTESIAN_POINT('',(2.354416825028,93.818876996168));
#6625 = CARTESIAN_POINT('',(2.39612624709,93.834031332069));
#6626 = CARTESIAN_POINT('',(2.43852786792,93.849381571165));
#6627 = CARTESIAN_POINT('',(2.481669744678,93.864742316305));
#6628 = CARTESIAN_POINT('',(2.525605024606,93.879898982551));
#6629 = CARTESIAN_POINT('',(2.60483400686,93.905917770432));
#6630 = CARTESIAN_POINT('',(2.63978688497,93.916965679776));
#6631 = CARTESIAN_POINT('',(2.675242888257,93.927628173697));
#6632 = CARTESIAN_POINT('',(2.711196337462,93.937775274898));
#6633 = CARTESIAN_POINT('',(2.747645667982,93.947274871798));
#6634 = CARTESIAN_POINT('',(2.841832109052,93.969509950533));
#6635 = CARTESIAN_POINT('',(2.90040516931,93.981190064527));
#6636 = CARTESIAN_POINT('',(2.959954664884,93.990450235052));
#6637 = CARTESIAN_POINT('',(3.020182681843,93.99680794377));
#6638 = CARTESIAN_POINT('',(3.080819702555,94.));
#6639 = CARTESIAN_POINT('',(3.14159265359,94.));
#6640 = ( GEOMETRIC_REPRESENTATION_CONTEXT(2) 
PARAMETRIC_REPRESENTATION_CONTEXT() REPRESENTATION_CONTEXT('2D SPACE',''
  ) );
#6641 = ORIENTED_EDGE('',*,*,#6225,.T.);
#6642 = FACE_BOUND('',#6643,.T.);
#6643 = EDGE_LOOP('',(#6644));
#6644 = ORIENTED_EDGE('',*,*,#6645,.T.);
#6645 = EDGE_CURVE('',#6646,#6646,#6648,.T.);
#6646 = VERTEX_POINT('',#6647);
#6647 = CARTESIAN_POINT('',(-42.,1.347111479062E-15,162.70835153491));
#6648 = SURFACE_CURVE('',#6649,(#6747,#6848),.PCURVE_S1.);
#6649 = B_SPLINE_CURVE_WITH_KNOTS('',6,(#6650,#6651,#6652,#6653,#6654,
    #6655,#6656,#6657,#6658,#6659,#6660,#6661,#6662,#6663,#6664,#6665,
    #6666,#6667,#6668,#6669,#6670,#6671,#6672,#6673,#6674,#6675,#6676,
    #6677,#6678,#6679,#6680,#6681,#6682,#6683,#6684,#6685,#6686,#6687,
    #6688,#6689,#6690,#6691,#6692,#6693,#6694,#6695,#6696,#6697,#6698,
    #6699,#6700,#6701,#6702,#6703,#6704,#6705,#6706,#6707,#6708,#6709,
    #6710,#6711,#6712,#6713,#6714,#6715,#6716,#6717,#6718,#6719,#6720,
    #6721,#6722,#6723,#6724,#6725,#6726,#6727,#6728,#6729,#6730,#6731,
    #6732,#6733,#6734,#6735,#6736,#6737,#6738,#6739,#6740,#6741,#6742,
    #6743,#6744,#6745,#6746),.UNSPECIFIED.,.T.,.F.,(7,5,5,5,5,5,5,5,5,5,
    5,5,5,5,5,5,5,5,5,7),(0.,4.780365195182E-02,7.86606073417E-02,
    0.118789828622,0.17987021623,0.250170780273,0.320471984634,
    0.381552656724,0.421682065581,0.477686398417,0.532330724549,
    0.578764863141,0.618851981065,0.679868277766,0.750095081592,
    0.820322525066,0.881339110564,0.921426414479,0.952251137938,1.),
  .UNSPECIFIED.);
#6650 = CARTESIAN_POINT('',(-42.,5.329070518201E-15,162.70835153491));
#6651 = CARTESIAN_POINT('',(-42.,-0.334262017013,162.70835153491));
#6652 = CARTESIAN_POINT('',(-41.99680773805,-0.66776425389,
    162.68397373594));
#6653 = CARTESIAN_POINT('',(-41.99045005444,-0.996789410588,
    162.63542663329));
#6654 = CARTESIAN_POINT('',(-41.98119013864,-1.317689422073,
    162.56391188756));
#6655 = CARTESIAN_POINT('',(-41.96951018911,-1.627084375612,
    162.47159262668));
#6656 = CARTESIAN_POINT('',(-41.94727487179,-2.112453363832,
    162.29055935377));
#6657 = CARTESIAN_POINT('',(-41.93777527489,-2.297136209852,
    162.2120599893));
#6658 = CARTESIAN_POINT('',(-41.92762817369,-2.475806661181,
    162.12667335984));
#6659 = CARTESIAN_POINT('',(-41.91696567977,-2.648218519897,
    162.03500184667));
#6660 = CARTESIAN_POINT('',(-41.90591777043,-2.81417417057,
    161.93765420134));
#6661 = CARTESIAN_POINT('',(-41.87989898255,-3.180758307306,
    161.70206488181));
#6662 = CARTESIAN_POINT('',(-41.8647423163,-3.376883899099,
    161.5602842951));
#6663 = CARTESIAN_POINT('',(-41.84938157116,-3.56194479964,
    161.4110010421));
#6664 = CARTESIAN_POINT('',(-41.83403133206,-3.736052721049,
    161.25518606734));
#6665 = CARTESIAN_POINT('',(-41.81887699616,-3.899367369987,
    161.09370079259));
#6666 = CARTESIAN_POINT('',(-41.78154473263,-4.28451331523,
    160.67405661202));
#6667 = CARTESIAN_POINT('',(-41.75982075331,-4.492482818929,
    160.40933045574));
#6668 = CARTESIAN_POINT('',(-41.73943441239,-4.676839695808,
    160.13556836302));
#6669 = CARTESIAN_POINT('',(-41.72077334631,-4.838436800458,
    159.85464121813));
#6670 = CARTESIAN_POINT('',(-41.70411621832,-4.978038744139,
    159.56799301155));
#6671 = CARTESIAN_POINT('',(-41.67303785985,-5.232274714253,
    158.94160021852));
#6672 = CARTESIAN_POINT('',(-41.65933404012,-5.339955691077,
    158.60038090771));
#6673 = CARTESIAN_POINT('',(-41.64887443214,-5.42012431993,
    158.25501852792));
#6674 = CARTESIAN_POINT('',(-41.6418412061,-5.473370350552,
    157.90702629737));
#6675 = CARTESIAN_POINT('',(-41.63832369344,-5.5,157.5577112595));
#6676 = CARTESIAN_POINT('',(-41.63832369344,-5.5,156.85898862825));
#6677 = CARTESIAN_POINT('',(-41.64184127261,-5.473369853059,
    156.50967353316));
#6678 = CARTESIAN_POINT('',(-41.64887450299,-5.420123775204,
    156.16168317037));
#6679 = CARTESIAN_POINT('',(-41.65933403419,-5.339955703899,
    155.81632288649));
#6680 = CARTESIAN_POINT('',(-41.67303778583,-5.232275319733,
    155.4751043431));
#6681 = CARTESIAN_POINT('',(-41.70411621832,-4.978038744139,
    154.84871005828));
#6682 = CARTESIAN_POINT('',(-41.72077334631,-4.838436800458,
    154.56206185169));
#6683 = CARTESIAN_POINT('',(-41.73943441239,-4.676839695808,
    154.28113470681));
#6684 = CARTESIAN_POINT('',(-41.75982075331,-4.492482818929,
    154.00737261409));
#6685 = CARTESIAN_POINT('',(-41.78154473263,-4.284513315229,
    153.74264645781));
#6686 = CARTESIAN_POINT('',(-41.81887699641,-3.899367367422,
    153.32300227444));
#6687 = CARTESIAN_POINT('',(-41.83403133166,-3.736052725834,
    153.16151700661));
#6688 = CARTESIAN_POINT('',(-41.84938157116,-3.561944799195,
    153.00570202797));
#6689 = CARTESIAN_POINT('',(-41.8647423167,-3.376883894104,
    152.85641877072));
#6690 = CARTESIAN_POINT('',(-41.8798989823,-3.180758310827,
    152.71463819028));
#6691 = CARTESIAN_POINT('',(-41.91513502263,-2.684310379207,
    152.39559047743));
#6692 = CARTESIAN_POINT('',(-41.93487274921,-2.372295421179,
    152.22572388681));
#6693 = CARTESIAN_POINT('',(-41.95300289971,-2.03905228707,
    152.07638943969));
#6694 = CARTESIAN_POINT('',(-41.96865145124,-1.686875884478,
    151.95159654013));
#6695 = CARTESIAN_POINT('',(-41.98102162798,-1.31867635395,
    151.8548062146));
#6696 = CARTESIAN_POINT('',(-41.99782625885,-0.566315199395,
    151.7246049924));
#6697 = CARTESIAN_POINT('',(-42.00241184362,-0.184287007273,
    151.68997663911));
#6698 = CARTESIAN_POINT('',(-42.00273235859,0.202041334388,
    151.68773458779));
#6699 = CARTESIAN_POINT('',(-41.99864293271,0.586091165833,
    151.71839098367));
#6700 = CARTESIAN_POINT('',(-41.9905460775,0.961394196486,
    151.78029386227));
#6701 = CARTESIAN_POINT('',(-41.96953254728,1.62861301938,
    151.94552618068));
#6702 = CARTESIAN_POINT('',(-41.95752680523,1.924457653519,
    152.04120242762));
#6703 = CARTESIAN_POINT('',(-41.94356692058,2.208052937688,
    152.15476668016));
#6704 = CARTESIAN_POINT('',(-41.92811395043,2.478074767044,
    152.28416751835));
#6705 = CARTESIAN_POINT('',(-41.91164520063,2.733479210223,
    152.42718936642));
#6706 = CARTESIAN_POINT('',(-41.8798989823,3.180758310827,
    152.71463819028));
#6707 = CARTESIAN_POINT('',(-41.8647423167,3.376883894104,
    152.85641877072));
#6708 = CARTESIAN_POINT('',(-41.84938157116,3.561944799195,
    153.00570202797));
#6709 = CARTESIAN_POINT('',(-41.83403133166,3.736052725834,
    153.16151700661));
#6710 = CARTESIAN_POINT('',(-41.81887699641,3.899367367422,
    153.32300227444));
#6711 = CARTESIAN_POINT('',(-41.78154473436,4.28451329741,
    153.74264643839));
#6712 = CARTESIAN_POINT('',(-41.75982075095,4.492482841436,
    154.0073726472));
#6713 = CARTESIAN_POINT('',(-41.7394344121,4.676839699939,
    154.28113470561));
#6714 = CARTESIAN_POINT('',(-41.72077334853,4.838436779905,
    154.56206181803));
#6715 = CARTESIAN_POINT('',(-41.70411621723,4.978038753076,
    154.84871008029));
#6716 = CARTESIAN_POINT('',(-41.67303785985,5.232274714253,
    155.4751028513));
#6717 = CARTESIAN_POINT('',(-41.65933404012,5.339955691077,
    155.81632216211));
#6718 = CARTESIAN_POINT('',(-41.64887443214,5.42012431993,
    156.16168454191));
#6719 = CARTESIAN_POINT('',(-41.6418412061,5.473370350553,
    156.50967677246));
#6720 = CARTESIAN_POINT('',(-41.63832369344,5.5,156.85899181033));
#6721 = CARTESIAN_POINT('',(-41.63832369344,5.5,157.55771444158));
#6722 = CARTESIAN_POINT('',(-41.64184127261,5.473369853059,
    157.90702953667));
#6723 = CARTESIAN_POINT('',(-41.64887450299,5.420123775204,
    158.25501989946));
#6724 = CARTESIAN_POINT('',(-41.65933403419,5.339955703899,
    158.60038018334));
#6725 = CARTESIAN_POINT('',(-41.67303778583,5.232275319733,
    158.94159872673));
#6726 = CARTESIAN_POINT('',(-41.70411621832,4.978038744139,
    159.56799301155));
#6727 = CARTESIAN_POINT('',(-41.72077334631,4.838436800458,
    159.85464121813));
#6728 = CARTESIAN_POINT('',(-41.73943441239,4.676839695808,
    160.13556836302));
#6729 = CARTESIAN_POINT('',(-41.75982075331,4.492482818929,
    160.40933045574));
#6730 = CARTESIAN_POINT('',(-41.78154473263,4.28451331523,
    160.67405661202));
#6731 = CARTESIAN_POINT('',(-41.81887699616,3.899367369986,
    161.09370079259));
#6732 = CARTESIAN_POINT('',(-41.83403133206,3.73605272105,
    161.25518606734));
#6733 = CARTESIAN_POINT('',(-41.84938157116,3.561944799642,
    161.4110010421));
#6734 = CARTESIAN_POINT('',(-41.8647423163,3.3768838991,161.5602842951)
  );
#6735 = CARTESIAN_POINT('',(-41.87989898255,3.180758307304,
    161.70206488181));
#6736 = CARTESIAN_POINT('',(-41.90591777043,2.81417417057,
    161.93765420134));
#6737 = CARTESIAN_POINT('',(-41.91696567977,2.648218519897,
    162.03500184667));
#6738 = CARTESIAN_POINT('',(-41.92762817369,2.475806661181,
    162.12667335984));
#6739 = CARTESIAN_POINT('',(-41.93777527489,2.297136209851,
    162.2120599893));
#6740 = CARTESIAN_POINT('',(-41.94727487179,2.112453363832,
    162.29055935377));
#6741 = CARTESIAN_POINT('',(-41.96950881497,1.627114371269,
    162.47158143888));
#6742 = CARTESIAN_POINT('',(-41.98118987048,1.317706239463,
    162.56391031986));
#6743 = CARTESIAN_POINT('',(-41.99045107438,0.996771751382,
    162.63543435613));
#6744 = CARTESIAN_POINT('',(-41.99680870009,0.667715574076,
    162.68398114251));
#6745 = CARTESIAN_POINT('',(-42.,0.334211316731,162.70835153491));
#6746 = CARTESIAN_POINT('',(-42.,5.329070518201E-15,162.70835153491));
#6747 = PCURVE('',#5884,#6748);
#6748 = DEFINITIONAL_REPRESENTATION('',(#6749),#6847);
#6749 = B_SPLINE_CURVE_WITH_KNOTS('',6,(#6750,#6751,#6752,#6753,#6754,
    #6755,#6756,#6757,#6758,#6759,#6760,#6761,#6762,#6763,#6764,#6765,
    #6766,#6767,#6768,#6769,#6770,#6771,#6772,#6773,#6774,#6775,#6776,
    #6777,#6778,#6779,#6780,#6781,#6782,#6783,#6784,#6785,#6786,#6787,
    #6788,#6789,#6790,#6791,#6792,#6793,#6794,#6795,#6796,#6797,#6798,
    #6799,#6800,#6801,#6802,#6803,#6804,#6805,#6806,#6807,#6808,#6809,
    #6810,#6811,#6812,#6813,#6814,#6815,#6816,#6817,#6818,#6819,#6820,
    #6821,#6822,#6823,#6824,#6825,#6826,#6827,#6828,#6829,#6830,#6831,
    #6832,#6833,#6834,#6835,#6836,#6837,#6838,#6839,#6840,#6841,#6842,
    #6843,#6844,#6845,#6846),.UNSPECIFIED.,.T.,.F.,(7,5,5,5,5,5,5,5,5,5,
    5,5,5,5,5,5,5,5,5,7),(0.,4.780365195182E-02,7.86606073417E-02,
    0.118789828622,0.17987021623,0.250170780273,0.320471984634,
    0.381552656724,0.421682065581,0.477686398417,0.532330724549,
    0.578764863141,0.618851981065,0.679868277766,0.750095081592,
    0.820322525066,0.881339110564,0.921426414479,0.952251137938,1.),
  .UNSPECIFIED.);
#6750 = CARTESIAN_POINT('',(3.14159265359,40.5));
#6751 = CARTESIAN_POINT('',(3.149551273042,40.5));
#6752 = CARTESIAN_POINT('',(3.157491802944,40.475622201025));
#6753 = CARTESIAN_POINT('',(3.16532664032,40.42707509838));
#6754 = CARTESIAN_POINT('',(3.172969824943,40.355560352645));
#6755 = CARTESIAN_POINT('',(3.180341380572,40.263241091767));
#6756 = CARTESIAN_POINT('',(3.191909905194,40.082207818854));
#6757 = CARTESIAN_POINT('',(3.196312859544,40.003708454383));
#6758 = CARTESIAN_POINT('',(3.200573685919,39.918321824923));
#6759 = CARTESIAN_POINT('',(3.204686501348,39.826650311756));
#6760 = CARTESIAN_POINT('',(3.208646534429,39.729302666428));
#6761 = CARTESIAN_POINT('',(3.217396685275,39.493713346899));
#6762 = CARTESIAN_POINT('',(3.222080173779,39.351932760183));
#6763 = CARTESIAN_POINT('',(3.226501439622,39.20264950719));
#6764 = CARTESIAN_POINT('',(3.230662877501,39.046834532428));
#6765 = CARTESIAN_POINT('',(3.234567993205,38.885349257674));
#6766 = CARTESIAN_POINT('',(3.243781112887,38.465705077106));
#6767 = CARTESIAN_POINT('',(3.248759573588,38.200978920822));
#6768 = CARTESIAN_POINT('',(3.253175677763,37.927216828107));
#6769 = CARTESIAN_POINT('',(3.257048758936,37.64628968322));
#6770 = CARTESIAN_POINT('',(3.260396175499,37.359641476638));
#6771 = CARTESIAN_POINT('',(3.266494472391,36.73324868361));
#6772 = CARTESIAN_POINT('',(3.269078952135,36.392029372798));
#6773 = CARTESIAN_POINT('',(3.271003905199,36.046666993003));
#6774 = CARTESIAN_POINT('',(3.272282679226,35.698674762458));
#6775 = CARTESIAN_POINT('',(3.272922225965,35.349359724586));
#6776 = CARTESIAN_POINT('',(3.272922225965,34.650637093337));
#6777 = CARTESIAN_POINT('',(3.272282667262,34.301321998247));
#6778 = CARTESIAN_POINT('',(3.271003892139,33.953331635455));
#6779 = CARTESIAN_POINT('',(3.269078952447,33.607971351576));
#6780 = CARTESIAN_POINT('',(3.266494486914,33.266752808187));
#6781 = CARTESIAN_POINT('',(3.260396175499,32.640358523362));
#6782 = CARTESIAN_POINT('',(3.257048758936,32.35371031678));
#6783 = CARTESIAN_POINT('',(3.253175677763,32.072783171893));
#6784 = CARTESIAN_POINT('',(3.248759573588,31.799021079178));
#6785 = CARTESIAN_POINT('',(3.243781112887,31.534294922894));
#6786 = CARTESIAN_POINT('',(3.234567993143,31.114650739531));
#6787 = CARTESIAN_POINT('',(3.230662877616,30.953165471697));
#6788 = CARTESIAN_POINT('',(3.226501439612,30.797350493056));
#6789 = CARTESIAN_POINT('',(3.22208017366,30.648067235808));
#6790 = CARTESIAN_POINT('',(3.217396685359,30.506286655364));
#6791 = CARTESIAN_POINT('',(3.205546761008,30.187238942516));
#6792 = CARTESIAN_POINT('',(3.198103195111,30.017372351894));
#6793 = CARTESIAN_POINT('',(3.190157614793,29.868037904781));
#6794 = CARTESIAN_POINT('',(3.181764864492,29.743245005212));
#6795 = CARTESIAN_POINT('',(3.172993827235,29.64645467969));
#6796 = CARTESIAN_POINT('',(3.155075998567,29.516253457491));
#6797 = CARTESIAN_POINT('',(3.145979917084,29.481625104199));
#6798 = CARTESIAN_POINT('',(3.136782509925,29.479383052873));
#6799 = CARTESIAN_POINT('',(3.127638801631,29.510039448756));
#6800 = CARTESIAN_POINT('',(3.118701372786,29.571942327356));
#6801 = CARTESIAN_POINT('',(3.102807333663,29.737174645771));
#6802 = CARTESIAN_POINT('',(3.095757908876,29.83285089271));
#6803 = CARTESIAN_POINT('',(3.088997815814,29.94641514525));
#6804 = CARTESIAN_POINT('',(3.082558476719,30.075815983435));
#6805 = CARTESIAN_POINT('',(3.076464914677,30.218837831503));
#6806 = CARTESIAN_POINT('',(3.065788621821,30.506286655364));
#6807 = CARTESIAN_POINT('',(3.061105133519,30.648067235808));
#6808 = CARTESIAN_POINT('',(3.056683867568,30.797350493056));
#6809 = CARTESIAN_POINT('',(3.052522429564,30.953165471697));
#6810 = CARTESIAN_POINT('',(3.048617314036,31.114650739531));
#6811 = CARTESIAN_POINT('',(3.039404194719,31.534294903478));
#6812 = CARTESIAN_POINT('',(3.034425733052,31.799021112289));
#6813 = CARTESIAN_POINT('',(3.030009629318,32.072783170696));
#6814 = CARTESIAN_POINT('',(3.026136548736,32.353710283114));
#6815 = CARTESIAN_POINT('',(3.022789131466,32.640358545381));
#6816 = CARTESIAN_POINT('',(3.016690834789,33.26675131639));
#6817 = CARTESIAN_POINT('',(3.014106355045,33.607970627201));
#6818 = CARTESIAN_POINT('',(3.01218140198,33.953333006997));
#6819 = CARTESIAN_POINT('',(3.010902627954,34.301325237542));
#6820 = CARTESIAN_POINT('',(3.010263081214,34.650640275414));
#6821 = CARTESIAN_POINT('',(3.010263081214,35.349362906663));
#6822 = CARTESIAN_POINT('',(3.010902639918,35.698678001753));
#6823 = CARTESIAN_POINT('',(3.012181415041,36.046668364546));
#6824 = CARTESIAN_POINT('',(3.014106354733,36.392028648424));
#6825 = CARTESIAN_POINT('',(3.016690820265,36.733247191813));
#6826 = CARTESIAN_POINT('',(3.02278913168,37.359641476637));
#6827 = CARTESIAN_POINT('',(3.026136548244,37.64628968322));
#6828 = CARTESIAN_POINT('',(3.030009629417,37.927216828107));
#6829 = CARTESIAN_POINT('',(3.034425733591,38.200978920822));
#6830 = CARTESIAN_POINT('',(3.039404194292,38.465705077106));
#6831 = CARTESIAN_POINT('',(3.048617313975,38.885349257676));
#6832 = CARTESIAN_POINT('',(3.052522429678,39.046834532427));
#6833 = CARTESIAN_POINT('',(3.056683867557,39.202649507188));
#6834 = CARTESIAN_POINT('',(3.0611051334,39.351932760183));
#6835 = CARTESIAN_POINT('',(3.065788621905,39.493713346901));
#6836 = CARTESIAN_POINT('',(3.07453877275,39.729302666428));
#6837 = CARTESIAN_POINT('',(3.078498805832,39.826650311756));
#6838 = CARTESIAN_POINT('',(3.08261162126,39.918321824923));
#6839 = CARTESIAN_POINT('',(3.086872447636,40.003708454384));
#6840 = CARTESIAN_POINT('',(3.091275401985,40.082207818854));
#6841 = CARTESIAN_POINT('',(3.102843211677,40.263229903965));
#6842 = CARTESIAN_POINT('',(3.110215081992,40.355558784947));
#6843 = CARTESIAN_POINT('',(3.11785908769,40.427082821218));
#6844 = CARTESIAN_POINT('',(3.125694663323,40.475629607593));
#6845 = CARTESIAN_POINT('',(3.133635241287,40.5));
#6846 = CARTESIAN_POINT('',(3.14159265359,40.5));
#6847 = ( GEOMETRIC_REPRESENTATION_CONTEXT(2) 
PARAMETRIC_REPRESENTATION_CONTEXT() REPRESENTATION_CONTEXT('2D SPACE',''
  ) );
#6848 = PCURVE('',#6849,#6854);
#6849 = CYLINDRICAL_SURFACE('',#6850,5.5);
#6850 = AXIS2_PLACEMENT_3D('',#6851,#6852,#6853);
#6851 = CARTESIAN_POINT('',(-52.,0.,157.20835153491));
#6852 = DIRECTION('',(1.,0.,0.));
#6853 = DIRECTION('',(0.,0.,1.));
#6854 = DEFINITIONAL_REPRESENTATION('',(#6855),#6953);
#6855 = B_SPLINE_CURVE_WITH_KNOTS('',6,(#6856,#6857,#6858,#6859,#6860,
    #6861,#6862,#6863,#6864,#6865,#6866,#6867,#6868,#6869,#6870,#6871,
    #6872,#6873,#6874,#6875,#6876,#6877,#6878,#6879,#6880,#6881,#6882,
    #6883,#6884,#6885,#6886,#6887,#6888,#6889,#6890,#6891,#6892,#6893,
    #6894,#6895,#6896,#6897,#6898,#6899,#6900,#6901,#6902,#6903,#6904,
    #6905,#6906,#6907,#6908,#6909,#6910,#6911,#6912,#6913,#6914,#6915,
    #6916,#6917,#6918,#6919,#6920,#6921,#6922,#6923,#6924,#6925,#6926,
    #6927,#6928,#6929,#6930,#6931,#6932,#6933,#6934,#6935,#6936,#6937,
    #6938,#6939,#6940,#6941,#6942,#6943,#6944,#6945,#6946,#6947,#6948,
    #6949,#6950,#6951,#6952),.UNSPECIFIED.,.F.,.F.,(7,5,5,5,5,5,5,5,5,5,
    5,5,5,5,5,5,5,5,5,7),(0.,4.780365195182E-02,7.86606073417E-02,
    0.118789828622,0.17987021623,0.250170780273,0.320471984634,
    0.381552656724,0.421682065581,0.477686398417,0.532330724549,
    0.578764863141,0.618851981065,0.679868277766,0.750095081592,
    0.820322525066,0.881339110564,0.921426414479,0.952251137938,1.),
  .UNSPECIFIED.);
#6856 = CARTESIAN_POINT('',(-8.881784197001E-16,10.));
#6857 = CARTESIAN_POINT('',(6.077491218419E-02,10.));
#6858 = CARTESIAN_POINT('',(0.121411677172,10.003192261942));
#6859 = CARTESIAN_POINT('',(0.181638525696,10.009549945555));
#6860 = CARTESIAN_POINT('',(0.241186851437,10.01880986136));
#6861 = CARTESIAN_POINT('',(0.299759533929,10.030489810887));
#6862 = CARTESIAN_POINT('',(0.393946985608,10.052725128202));
#6863 = CARTESIAN_POINT('',(0.430396316128,10.062224725102));
#6864 = CARTESIAN_POINT('',(0.466349765333,10.072371826303));
#6865 = CARTESIAN_POINT('',(0.50180576862,10.083034320224));
#6866 = CARTESIAN_POINT('',(0.536758646729,10.094082229568));
#6867 = CARTESIAN_POINT('',(0.615987628984,10.12010101745));
#6868 = CARTESIAN_POINT('',(0.659922908911,10.135257683695));
#6869 = CARTESIAN_POINT('',(0.70306478567,10.150618428835));
#6870 = CARTESIAN_POINT('',(0.7454664065,10.165968667931));
#6871 = CARTESIAN_POINT('',(0.787175828562,10.181123003832));
#6872 = CARTESIAN_POINT('',(0.890738583509,10.218455267363));
#6873 = CARTESIAN_POINT('',(0.95176775504,10.240179246688));
#6874 = CARTESIAN_POINT('',(1.011542338656,10.260565587601));
#6875 = CARTESIAN_POINT('',(1.07025661296,10.279226653683));
#6876 = CARTESIAN_POINT('',(1.128093756239,10.295883781677));
#6877 = CARTESIAN_POINT('',(1.251006593683,10.326962140148));
#6878 = CARTESIAN_POINT('',(1.315855033734,10.340665959878));
#6879 = CARTESIAN_POINT('',(1.380032066272,10.351125567853));
#6880 = CARTESIAN_POINT('',(1.443764515257,10.358158793892));
#6881 = CARTESIAN_POINT('',(1.50727637687,10.361676306556));
#6882 = CARTESIAN_POINT('',(1.634316855279,10.361676306556));
#6883 = CARTESIAN_POINT('',(1.697828732396,10.358158727387));
#6884 = CARTESIAN_POINT('',(1.761560842711,10.351125497003));
#6885 = CARTESIAN_POINT('',(1.825737499539,10.340665965803));
#6886 = CARTESIAN_POINT('',(1.890585767181,10.326962214163));
#6887 = CARTESIAN_POINT('',(2.013498897351,10.295883781677));
#6888 = CARTESIAN_POINT('',(2.07133604063,10.279226653683));
#6889 = CARTESIAN_POINT('',(2.130050314934,10.260565587601));
#6890 = CARTESIAN_POINT('',(2.18982489855,10.240179246688));
#6891 = CARTESIAN_POINT('',(2.25085407008,10.218455267363));
#6892 = CARTESIAN_POINT('',(2.354416825717,10.181123003584));
#6893 = CARTESIAN_POINT('',(2.396126245934,10.165968668333));
#6894 = CARTESIAN_POINT('',(2.438527867953,10.150618428834));
#6895 = CARTESIAN_POINT('',(2.481669745851,10.135257683292));
#6896 = CARTESIAN_POINT('',(2.525605023844,10.1201010177));
#6897 = CARTESIAN_POINT('',(2.632901167958,10.084864977367));
#6898 = CARTESIAN_POINT('',(2.697322841521,10.065127250787));
#6899 = CARTESIAN_POINT('',(2.763413671552,10.046997100288));
#6900 = CARTESIAN_POINT('',(2.831000762869,10.031348548755));
#6901 = CARTESIAN_POINT('',(2.899966778443,10.018978372016));
#6902 = CARTESIAN_POINT('',(3.038792987075,10.002173741141));
#6903 = CARTESIAN_POINT('',(3.108308939836,9.997588156377));
#6904 = CARTESIAN_POINT('',(3.178171372346,9.997267641401));
#6905 = CARTESIAN_POINT('',(3.247846286152,10.001357067286));
#6906 = CARTESIAN_POINT('',(3.316787877434,10.009453922499));
#6907 = CARTESIAN_POINT('',(3.441764923482,10.030467452713));
#6908 = CARTESIAN_POINT('',(3.498159359248,10.042473194762));
#6909 = CARTESIAN_POINT('',(3.553514000235,10.056433079416));
#6910 = CARTESIAN_POINT('',(3.607786737553,10.071886049564));
#6911 = CARTESIAN_POINT('',(3.660910885035,10.088354799366));
#6912 = CARTESIAN_POINT('',(3.757580283335,10.1201010177));
#6913 = CARTESIAN_POINT('',(3.801515561329,10.135257683292));
#6914 = CARTESIAN_POINT('',(3.844657439226,10.150618428834));
#6915 = CARTESIAN_POINT('',(3.887059061246,10.165968668333));
#6916 = CARTESIAN_POINT('',(3.928768481462,10.181123003584));
#6917 = CARTESIAN_POINT('',(4.032331232308,10.218455265636));
#6918 = CARTESIAN_POINT('',(4.093360416003,10.240179249047));
#6919 = CARTESIAN_POINT('',(4.153134992467,10.260565587897));
#6920 = CARTESIAN_POINT('',(4.211849259282,10.279226651466));
#6921 = CARTESIAN_POINT('',(4.26968641415,10.29588378277));
#6922 = CARTESIAN_POINT('',(4.392599247273,10.326962140148));
#6923 = CARTESIAN_POINT('',(4.457447687323,10.340665959878));
#6924 = CARTESIAN_POINT('',(4.521624719862,10.351125567853));
#6925 = CARTESIAN_POINT('',(4.585357168847,10.358158793892));
#6926 = CARTESIAN_POINT('',(4.64886903046,10.361676306556));
#6927 = CARTESIAN_POINT('',(4.775909508869,10.361676306556));
#6928 = CARTESIAN_POINT('',(4.839421385986,10.358158727387));
#6929 = CARTESIAN_POINT('',(4.903153496301,10.351125497003));
#6930 = CARTESIAN_POINT('',(4.967330153129,10.340665965803));
#6931 = CARTESIAN_POINT('',(5.032178420771,10.326962214163));
#6932 = CARTESIAN_POINT('',(5.15509155094,10.295883781677));
#6933 = CARTESIAN_POINT('',(5.21292869422,10.279226653683));
#6934 = CARTESIAN_POINT('',(5.271642968524,10.260565587601));
#6935 = CARTESIAN_POINT('',(5.33141755214,10.240179246688));
#6936 = CARTESIAN_POINT('',(5.39244672367,10.218455267363));
#6937 = CARTESIAN_POINT('',(5.496009478618,10.181123003832));
#6938 = CARTESIAN_POINT('',(5.53771890068,10.165968667931));
#6939 = CARTESIAN_POINT('',(5.580120521509,10.150618428835));
#6940 = CARTESIAN_POINT('',(5.623262398268,10.135257683695));
#6941 = CARTESIAN_POINT('',(5.667197678196,10.120101017449));
#6942 = CARTESIAN_POINT('',(5.74642666045,10.094082229568));
#6943 = CARTESIAN_POINT('',(5.78137953856,10.083034320224));
#6944 = CARTESIAN_POINT('',(5.816835541847,10.072371826303));
#6945 = CARTESIAN_POINT('',(5.852788991052,10.062224725102));
#6946 = CARTESIAN_POINT('',(5.889238321572,10.052725128202));
#6947 = CARTESIAN_POINT('',(5.983419952495,10.030491185023));
#6948 = CARTESIAN_POINT('',(6.041995490818,10.018810129514));
#6949 = CARTESIAN_POINT('',(6.101550177762,10.00954892562));
#6950 = CARTESIAN_POINT('',(6.161782480201,10.003191299909));
#6951 = CARTESIAN_POINT('',(6.222419613228,10.));
#6952 = CARTESIAN_POINT('',(6.28318530718,10.));
#6953 = ( GEOMETRIC_REPRESENTATION_CONTEXT(2) 
PARAMETRIC_REPRESENTATION_CONTEXT() REPRESENTATION_CONTEXT('2D SPACE',''
  ) );
#6954 = FACE_BOUND('',#6955,.T.);
#6955 = EDGE_LOOP('',(#6956));
#6956 = ORIENTED_EDGE('',*,*,#6957,.T.);
#6957 = EDGE_CURVE('',#6958,#6958,#6960,.T.);
#6958 = VERTEX_POINT('',#6959);
#6959 = CARTESIAN_POINT('',(-42.,1.347111479062E-15,217.70835153491));
#6960 = SURFACE_CURVE('',#6961,(#7064,#7170),.PCURVE_S1.);
#6961 = B_SPLINE_CURVE_WITH_KNOTS('',6,(#6962,#6963,#6964,#6965,#6966,
    #6967,#6968,#6969,#6970,#6971,#6972,#6973,#6974,#6975,#6976,#6977,
    #6978,#6979,#6980,#6981,#6982,#6983,#6984,#6985,#6986,#6987,#6988,
    #6989,#6990,#6991,#6992,#6993,#6994,#6995,#6996,#6997,#6998,#6999,
    #7000,#7001,#7002,#7003,#7004,#7005,#7006,#7007,#7008,#7009,#7010,
    #7011,#7012,#7013,#7014,#7015,#7016,#7017,#7018,#7019,#7020,#7021,
    #7022,#7023,#7024,#7025,#7026,#7027,#7028,#7029,#7030,#7031,#7032,
    #7033,#7034,#7035,#7036,#7037,#7038,#7039,#7040,#7041,#7042,#7043,
    #7044,#7045,#7046,#7047,#7048,#7049,#7050,#7051,#7052,#7053,#7054,
    #7055,#7056,#7057,#7058,#7059,#7060,#7061,#7062,#7063),
  .UNSPECIFIED.,.T.,.F.,(7,5,5,5,5,5,5,5,5,5,5,5,5,5,5,5,5,5,5,5,7),(0.,
    4.776635650393E-02,7.859923791151E-02,0.118697151172,0.179729885077,
    0.249975602017,0.320221958783,0.381254972333,0.421353072393,
    0.46779993273,0.499921347246,0.547700203895,0.578541154064,
    0.618649560685,0.679698266455,0.749962366245,0.820227106023,
    0.881276091512,0.921384685655,0.952225779493,1.),.UNSPECIFIED.);
#6962 = CARTESIAN_POINT('',(-42.,5.329070518201E-15,217.70835153491));
#6963 = CARTESIAN_POINT('',(-42.,-0.334262016854,217.70835153491));
#6964 = CARTESIAN_POINT('',(-41.99680773806,-0.667764254,217.68397373596
    ));
#6965 = CARTESIAN_POINT('',(-41.99045005443,-0.996789410687,
    217.63542663325));
#6966 = CARTESIAN_POINT('',(-41.98119013864,-1.317689422033,
    217.56391188756));
#6967 = CARTESIAN_POINT('',(-41.96951018911,-1.627084375552,
    217.4715926267));
#6968 = CARTESIAN_POINT('',(-41.94727487179,-2.112453363832,
    217.29055935377));
#6969 = CARTESIAN_POINT('',(-41.93777527489,-2.297136209852,
    217.2120599893));
#6970 = CARTESIAN_POINT('',(-41.92762817369,-2.475806661181,
    217.12667335984));
#6971 = CARTESIAN_POINT('',(-41.91696567977,-2.648218519897,
    217.03500184667));
#6972 = CARTESIAN_POINT('',(-41.90591777043,-2.81417417057,
    216.93765420134));
#6973 = CARTESIAN_POINT('',(-41.87989898255,-3.180758307304,
    216.70206488181));
#6974 = CARTESIAN_POINT('',(-41.8647423163,-3.3768838991,216.5602842951)
  );
#6975 = CARTESIAN_POINT('',(-41.84938157116,-3.561944799642,
    216.4110010421));
#6976 = CARTESIAN_POINT('',(-41.83403133206,-3.736052721049,
    216.25518606734));
#6977 = CARTESIAN_POINT('',(-41.81887699616,-3.899367369986,
    216.09370079259));
#6978 = CARTESIAN_POINT('',(-41.78154473263,-4.28451331523,
    215.67405661202));
#6979 = CARTESIAN_POINT('',(-41.75982075331,-4.492482818929,
    215.40933045573));
#6980 = CARTESIAN_POINT('',(-41.73943441239,-4.676839695808,
    215.13556836302));
#6981 = CARTESIAN_POINT('',(-41.72077334631,-4.838436800458,
    214.85464121813));
#6982 = CARTESIAN_POINT('',(-41.70411621832,-4.978038744139,
    214.56799301155));
#6983 = CARTESIAN_POINT('',(-41.67303785985,-5.232274714253,
    213.94160021852));
#6984 = CARTESIAN_POINT('',(-41.65933404012,-5.339955691077,
    213.60038090771));
#6985 = CARTESIAN_POINT('',(-41.64887443214,-5.42012431993,
    213.25501852792));
#6986 = CARTESIAN_POINT('',(-41.6418412061,-5.473370350552,
    212.90702629737));
#6987 = CARTESIAN_POINT('',(-41.63832369344,-5.5,212.5577112595));
#6988 = CARTESIAN_POINT('',(-41.63832369344,-5.5,211.85898862822));
#6989 = CARTESIAN_POINT('',(-41.64184127261,-5.473369853054,
    211.50967353321));
#6990 = CARTESIAN_POINT('',(-41.64887450299,-5.420123775221,
    211.16168317037));
#6991 = CARTESIAN_POINT('',(-41.6593340342,-5.339955703876,
    210.81632288645));
#6992 = CARTESIAN_POINT('',(-41.67303778583,-5.232275319744,
    210.47510434313));
#6993 = CARTESIAN_POINT('',(-41.70411621723,-4.978038753076,
    209.84871008029));
#6994 = CARTESIAN_POINT('',(-41.72077334853,-4.838436779905,
    209.56206181803));
#6995 = CARTESIAN_POINT('',(-41.7394344121,-4.676839699939,
    209.28113470561));
#6996 = CARTESIAN_POINT('',(-41.75982075095,-4.492482841437,
    209.0073726472));
#6997 = CARTESIAN_POINT('',(-41.78154473436,-4.284513297409,
    208.74264643839));
#6998 = CARTESIAN_POINT('',(-41.81887699616,-3.899367369986,
    208.32300227724));
#6999 = CARTESIAN_POINT('',(-41.83403133206,-3.736052721049,
    208.16151700249));
#7000 = CARTESIAN_POINT('',(-41.84938157116,-3.561944799642,
    208.00570202772));
#7001 = CARTESIAN_POINT('',(-41.8647423163,-3.3768838991,207.85641877473
    ));
#7002 = CARTESIAN_POINT('',(-41.87989898255,-3.180758307304,
    207.71463818801));
#7003 = CARTESIAN_POINT('',(-41.91164520063,-2.733479210168,
    207.42718936638));
#7004 = CARTESIAN_POINT('',(-41.92811395043,-2.478074767059,
    207.28416751837));
#7005 = CARTESIAN_POINT('',(-41.94356692058,-2.208052937748,
    207.15476668019));
#7006 = CARTESIAN_POINT('',(-41.95752680523,-1.924457653537,
    207.04120242762));
#7007 = CARTESIAN_POINT('',(-41.96953254728,-1.628613019317,
    206.94552618067));
#7008 = CARTESIAN_POINT('',(-41.98586188722,-1.11012598448,
    206.8171263036));
#7009 = CARTESIAN_POINT('',(-41.99140676041,-0.893247499561,
    206.77413702001));
#7010 = CARTESIAN_POINT('',(-41.99567379311,-0.672585048451,
    206.74138534035));
#7011 = CARTESIAN_POINT('',(-41.99855732588,-0.449331742181,
    206.71936976073));
#7012 = CARTESIAN_POINT('',(-42.,-0.224722179524,206.70835153491));
#7013 = CARTESIAN_POINT('',(-42.,0.334262016882,206.70835153491));
#7014 = CARTESIAN_POINT('',(-41.99680773806,0.667764253954,
    206.73272933387));
#7015 = CARTESIAN_POINT('',(-41.99045005444,0.996789410692,
    206.78127643656));
#7016 = CARTESIAN_POINT('',(-41.98119013863,1.317689422071,
    206.85279118228));
#7017 = CARTESIAN_POINT('',(-41.96951018911,1.627084375528,
    206.94511044312));
#7018 = CARTESIAN_POINT('',(-41.94727487179,2.112453363832,
    207.12614371606));
#7019 = CARTESIAN_POINT('',(-41.93777527489,2.297136209852,
    207.20464308053));
#7020 = CARTESIAN_POINT('',(-41.92762817369,2.475806661181,
    207.29002970999));
#7021 = CARTESIAN_POINT('',(-41.91696567977,2.648218519897,
    207.38170122316));
#7022 = CARTESIAN_POINT('',(-41.90591777043,2.81417417057,
    207.47904886848));
#7023 = CARTESIAN_POINT('',(-41.87989898255,3.180758307306,
    207.71463818801));
#7024 = CARTESIAN_POINT('',(-41.8647423163,3.3768838991,207.85641877473)
  );
#7025 = CARTESIAN_POINT('',(-41.84938157116,3.56194479964,
    208.00570202772));
#7026 = CARTESIAN_POINT('',(-41.83403133206,3.736052721049,
    208.16151700249));
#7027 = CARTESIAN_POINT('',(-41.81887699616,3.899367369988,
    208.32300227724));
#7028 = CARTESIAN_POINT('',(-41.78154473263,4.28451331523,
    208.74264645781));
#7029 = CARTESIAN_POINT('',(-41.75982075331,4.492482818929,
    209.00737261409));
#7030 = CARTESIAN_POINT('',(-41.73943441239,4.676839695808,
    209.28113470681));
#7031 = CARTESIAN_POINT('',(-41.72077334631,4.838436800458,
    209.56206185169));
#7032 = CARTESIAN_POINT('',(-41.70411621832,4.978038744139,
    209.84871005828));
#7033 = CARTESIAN_POINT('',(-41.67303785985,5.232274714266,
    210.47510285134));
#7034 = CARTESIAN_POINT('',(-41.65933404012,5.339955691052,
    210.81632216207));
#7035 = CARTESIAN_POINT('',(-41.64887443214,5.420124319948,
    211.1616845419));
#7036 = CARTESIAN_POINT('',(-41.6418412061,5.473370350548,
    211.50967677251));
#7037 = CARTESIAN_POINT('',(-41.63832369344,5.5,211.8589918103));
#7038 = CARTESIAN_POINT('',(-41.63832369344,5.5,212.5577144416));
#7039 = CARTESIAN_POINT('',(-41.64184127261,5.473369853054,
    212.90702953662));
#7040 = CARTESIAN_POINT('',(-41.64887450299,5.420123775221,
    213.25501989946));
#7041 = CARTESIAN_POINT('',(-41.6593340342,5.339955703876,
    213.60038018338));
#7042 = CARTESIAN_POINT('',(-41.67303778583,5.232275319744,
    213.9415987267));
#7043 = CARTESIAN_POINT('',(-41.70411621723,4.978038753076,
    214.56799298953));
#7044 = CARTESIAN_POINT('',(-41.72077334853,4.838436779905,
    214.8546412518));
#7045 = CARTESIAN_POINT('',(-41.7394344121,4.676839699939,
    215.13556836422));
#7046 = CARTESIAN_POINT('',(-41.75982075095,4.492482841436,
    215.40933042262));
#7047 = CARTESIAN_POINT('',(-41.78154473436,4.284513297409,
    215.67405663144));
#7048 = CARTESIAN_POINT('',(-41.81887699641,3.899367367423,
    216.09370079538));
#7049 = CARTESIAN_POINT('',(-41.83403133166,3.736052725834,
    216.25518606322));
#7050 = CARTESIAN_POINT('',(-41.84938157116,3.561944799194,
    216.41100104186));
#7051 = CARTESIAN_POINT('',(-41.8647423167,3.376883894104,
    216.56028429911));
#7052 = CARTESIAN_POINT('',(-41.8798989823,3.180758310828,
    216.70206487955));
#7053 = CARTESIAN_POINT('',(-41.90591777043,2.814174170573,
    216.93765420134));
#7054 = CARTESIAN_POINT('',(-41.91696567977,2.648218519897,
    217.03500184667));
#7055 = CARTESIAN_POINT('',(-41.92762817369,2.475806661178,
    217.12667335984));
#7056 = CARTESIAN_POINT('',(-41.93777527489,2.297136209851,
    217.2120599893));
#7057 = CARTESIAN_POINT('',(-41.94727487179,2.112453363835,
    217.29055935377));
#7058 = CARTESIAN_POINT('',(-41.96950881497,1.627114371241,
    217.47158143889));
#7059 = CARTESIAN_POINT('',(-41.98118987048,1.317706239497,
    217.56391031984));
#7060 = CARTESIAN_POINT('',(-41.99045107438,0.996771751391,
    217.63543435614));
#7061 = CARTESIAN_POINT('',(-41.99680870009,0.667715574042,
    217.6839811425));
#7062 = CARTESIAN_POINT('',(-42.,0.334211316746,217.70835153491));
#7063 = CARTESIAN_POINT('',(-42.,5.329070518201E-15,217.70835153491));
#7064 = PCURVE('',#5884,#7065);
#7065 = DEFINITIONAL_REPRESENTATION('',(#7066),#7169);
#7066 = B_SPLINE_CURVE_WITH_KNOTS('',6,(#7067,#7068,#7069,#7070,#7071,
    #7072,#7073,#7074,#7075,#7076,#7077,#7078,#7079,#7080,#7081,#7082,
    #7083,#7084,#7085,#7086,#7087,#7088,#7089,#7090,#7091,#7092,#7093,
    #7094,#7095,#7096,#7097,#7098,#7099,#7100,#7101,#7102,#7103,#7104,
    #7105,#7106,#7107,#7108,#7109,#7110,#7111,#7112,#7113,#7114,#7115,
    #7116,#7117,#7118,#7119,#7120,#7121,#7122,#7123,#7124,#7125,#7126,
    #7127,#7128,#7129,#7130,#7131,#7132,#7133,#7134,#7135,#7136,#7137,
    #7138,#7139,#7140,#7141,#7142,#7143,#7144,#7145,#7146,#7147,#7148,
    #7149,#7150,#7151,#7152,#7153,#7154,#7155,#7156,#7157,#7158,#7159,
    #7160,#7161,#7162,#7163,#7164,#7165,#7166,#7167,#7168),
  .UNSPECIFIED.,.T.,.F.,(7,5,5,5,5,5,5,5,5,5,5,5,5,5,5,5,5,5,5,5,7),(0.,
    4.776635650393E-02,7.859923791151E-02,0.118697151172,0.179729885077,
    0.249975602017,0.320221958783,0.381254972333,0.421353072393,
    0.46779993273,0.499921347246,0.547700203895,0.578541154064,
    0.618649560685,0.679698266455,0.749962366245,0.820227106023,
    0.881276091512,0.921384685655,0.952225779493,1.),.UNSPECIFIED.);
#7067 = CARTESIAN_POINT('',(3.14159265359,95.5));
#7068 = CARTESIAN_POINT('',(3.149551273039,95.5));
#7069 = CARTESIAN_POINT('',(3.157491802947,95.475622201047));
#7070 = CARTESIAN_POINT('',(3.165326640323,95.427075098336));
#7071 = CARTESIAN_POINT('',(3.172969824943,95.355560352652));
#7072 = CARTESIAN_POINT('',(3.18034138057,95.263241091789));
#7073 = CARTESIAN_POINT('',(3.191909905194,95.082207818854));
#7074 = CARTESIAN_POINT('',(3.196312859544,95.003708454383));
#7075 = CARTESIAN_POINT('',(3.200573685919,94.918321824923));
#7076 = CARTESIAN_POINT('',(3.204686501348,94.826650311756));
#7077 = CARTESIAN_POINT('',(3.208646534429,94.729302666428));
#7078 = CARTESIAN_POINT('',(3.217396685275,94.4937133469));
#7079 = CARTESIAN_POINT('',(3.222080173779,94.351932760183));
#7080 = CARTESIAN_POINT('',(3.226501439622,94.202649507188));
#7081 = CARTESIAN_POINT('',(3.230662877501,94.046834532427));
#7082 = CARTESIAN_POINT('',(3.234567993205,93.885349257676));
#7083 = CARTESIAN_POINT('',(3.243781112887,93.465705077105));
#7084 = CARTESIAN_POINT('',(3.248759573588,93.200978920822));
#7085 = CARTESIAN_POINT('',(3.253175677763,92.927216828107));
#7086 = CARTESIAN_POINT('',(3.257048758936,92.64628968322));
#7087 = CARTESIAN_POINT('',(3.260396175499,92.359641476637));
#7088 = CARTESIAN_POINT('',(3.266494472391,91.733248683611));
#7089 = CARTESIAN_POINT('',(3.269078952135,91.392029372798));
#7090 = CARTESIAN_POINT('',(3.271003905199,91.046666993003));
#7091 = CARTESIAN_POINT('',(3.272282679226,90.698674762457));
#7092 = CARTESIAN_POINT('',(3.272922225965,90.349359724586));
#7093 = CARTESIAN_POINT('',(3.272922225965,89.650637093308));
#7094 = CARTESIAN_POINT('',(3.272282667261,89.301321998295));
#7095 = CARTESIAN_POINT('',(3.271003892139,88.953331635452));
#7096 = CARTESIAN_POINT('',(3.269078952446,88.607971351532));
#7097 = CARTESIAN_POINT('',(3.266494486915,88.266752808215));
#7098 = CARTESIAN_POINT('',(3.260396175713,87.64035854538));
#7099 = CARTESIAN_POINT('',(3.257048758443,87.353710283114));
#7100 = CARTESIAN_POINT('',(3.253175677861,87.072783170697));
#7101 = CARTESIAN_POINT('',(3.248759574127,86.799021112289));
#7102 = CARTESIAN_POINT('',(3.243781112461,86.534294903478));
#7103 = CARTESIAN_POINT('',(3.234567993205,86.114650742324));
#7104 = CARTESIAN_POINT('',(3.230662877501,85.953165467573));
#7105 = CARTESIAN_POINT('',(3.226501439622,85.797350492812));
#7106 = CARTESIAN_POINT('',(3.222080173779,85.648067239818));
#7107 = CARTESIAN_POINT('',(3.217396685275,85.5062866531));
#7108 = CARTESIAN_POINT('',(3.206720392501,85.218837831467));
#7109 = CARTESIAN_POINT('',(3.200626830461,85.075815983454));
#7110 = CARTESIAN_POINT('',(3.194187491367,84.946415145276));
#7111 = CARTESIAN_POINT('',(3.187427398304,84.832850892705));
#7112 = CARTESIAN_POINT('',(3.180377973515,84.737174645755));
#7113 = CARTESIAN_POINT('',(3.168026923254,84.608774768692));
#7114 = CARTESIAN_POINT('',(3.16286155268,84.565785485097));
#7115 = CARTESIAN_POINT('',(3.157606859617,84.533033805433));
#7116 = CARTESIAN_POINT('',(3.152291028032,84.511018225821));
#7117 = CARTESIAN_POINT('',(3.146943181674,84.5));
#7118 = CARTESIAN_POINT('',(3.13363403414,84.5));
#7119 = CARTESIAN_POINT('',(3.125693504234,84.524377798956));
#7120 = CARTESIAN_POINT('',(3.117858666857,84.57292490165));
#7121 = CARTESIAN_POINT('',(3.110215482236,84.644439647367));
#7122 = CARTESIAN_POINT('',(3.10284392661,84.736758908202));
#7123 = CARTESIAN_POINT('',(3.091275401985,84.917792181146));
#7124 = CARTESIAN_POINT('',(3.086872447636,84.996291545617));
#7125 = CARTESIAN_POINT('',(3.08261162126,85.081678175077));
#7126 = CARTESIAN_POINT('',(3.078498805832,85.173349688244));
#7127 = CARTESIAN_POINT('',(3.07453877275,85.270697333572));
#7128 = CARTESIAN_POINT('',(3.065788621905,85.506286653101));
#7129 = CARTESIAN_POINT('',(3.0611051334,85.648067239817));
#7130 = CARTESIAN_POINT('',(3.056683867557,85.79735049281));
#7131 = CARTESIAN_POINT('',(3.052522429678,85.953165467572));
#7132 = CARTESIAN_POINT('',(3.048617313975,86.114650742326));
#7133 = CARTESIAN_POINT('',(3.039404194292,86.534294922894));
#7134 = CARTESIAN_POINT('',(3.034425733591,86.799021079178));
#7135 = CARTESIAN_POINT('',(3.030009629417,87.072783171893));
#7136 = CARTESIAN_POINT('',(3.026136548244,87.35371031678));
#7137 = CARTESIAN_POINT('',(3.02278913168,87.640358523362));
#7138 = CARTESIAN_POINT('',(3.016690834788,88.266751316422));
#7139 = CARTESIAN_POINT('',(3.014106355046,88.607970627152));
#7140 = CARTESIAN_POINT('',(3.01218140198,88.953333006992));
#7141 = CARTESIAN_POINT('',(3.010902627954,89.301325237595));
#7142 = CARTESIAN_POINT('',(3.010263081214,89.650640275386));
#7143 = CARTESIAN_POINT('',(3.010263081214,90.349362906691));
#7144 = CARTESIAN_POINT('',(3.010902639918,90.698678001706));
#7145 = CARTESIAN_POINT('',(3.01218141504,91.046668364547));
#7146 = CARTESIAN_POINT('',(3.014106354733,91.392028648468));
#7147 = CARTESIAN_POINT('',(3.016690820265,91.733247191785));
#7148 = CARTESIAN_POINT('',(3.022789131466,92.359641454619));
#7149 = CARTESIAN_POINT('',(3.026136548736,92.646289716886));
#7150 = CARTESIAN_POINT('',(3.030009629318,92.927216829304));
#7151 = CARTESIAN_POINT('',(3.034425733052,93.200978887711));
#7152 = CARTESIAN_POINT('',(3.039404194719,93.465705096522));
#7153 = CARTESIAN_POINT('',(3.048617314036,93.885349260469));
#7154 = CARTESIAN_POINT('',(3.052522429564,94.046834528304));
#7155 = CARTESIAN_POINT('',(3.056683867568,94.202649506945));
#7156 = CARTESIAN_POINT('',(3.061105133519,94.351932764192));
#7157 = CARTESIAN_POINT('',(3.065788621821,94.493713344636));
#7158 = CARTESIAN_POINT('',(3.07453877275,94.729302666426));
#7159 = CARTESIAN_POINT('',(3.078498805832,94.826650311756));
#7160 = CARTESIAN_POINT('',(3.08261162126,94.918321824925));
#7161 = CARTESIAN_POINT('',(3.086872447636,95.003708454384));
#7162 = CARTESIAN_POINT('',(3.091275401985,95.082207818853));
#7163 = CARTESIAN_POINT('',(3.102843211677,95.263229903975));
#7164 = CARTESIAN_POINT('',(3.110215081991,95.35555878493));
#7165 = CARTESIAN_POINT('',(3.11785908769,95.427082821228));
#7166 = CARTESIAN_POINT('',(3.125694663324,95.475629607591));
#7167 = CARTESIAN_POINT('',(3.133635241286,95.5));
#7168 = CARTESIAN_POINT('',(3.14159265359,95.5));
#7169 = ( GEOMETRIC_REPRESENTATION_CONTEXT(2) 
PARAMETRIC_REPRESENTATION_CONTEXT() REPRESENTATION_CONTEXT('2D SPACE',''
  ) );
#7170 = PCURVE('',#7171,#7176);
#7171 = CYLINDRICAL_SURFACE('',#7172,5.5);
#7172 = AXIS2_PLACEMENT_3D('',#7173,#7174,#7175);
#7173 = CARTESIAN_POINT('',(-52.,0.,212.20835153491));
#7174 = DIRECTION('',(1.,0.,0.));
#7175 = DIRECTION('',(0.,0.,1.));
#7176 = DEFINITIONAL_REPRESENTATION('',(#7177),#7280);
#7177 = B_SPLINE_CURVE_WITH_KNOTS('',6,(#7178,#7179,#7180,#7181,#7182,
    #7183,#7184,#7185,#7186,#7187,#7188,#7189,#7190,#7191,#7192,#7193,
    #7194,#7195,#7196,#7197,#7198,#7199,#7200,#7201,#7202,#7203,#7204,
    #7205,#7206,#7207,#7208,#7209,#7210,#7211,#7212,#7213,#7214,#7215,
    #7216,#7217,#7218,#7219,#7220,#7221,#7222,#7223,#7224,#7225,#7226,
    #7227,#7228,#7229,#7230,#7231,#7232,#7233,#7234,#7235,#7236,#7237,
    #7238,#7239,#7240,#7241,#7242,#7243,#7244,#7245,#7246,#7247,#7248,
    #7249,#7250,#7251,#7252,#7253,#7254,#7255,#7256,#7257,#7258,#7259,
    #7260,#7261,#7262,#7263,#7264,#7265,#7266,#7267,#7268,#7269,#7270,
    #7271,#7272,#7273,#7274,#7275,#7276,#7277,#7278,#7279),
  .UNSPECIFIED.,.F.,.F.,(7,5,5,5,5,5,5,5,5,5,5,5,5,5,5,5,5,5,5,5,7),(0.,
    4.776635650393E-02,7.859923791151E-02,0.118697151172,0.179729885077,
    0.249975602017,0.320221958783,0.381254972333,0.421353072393,
    0.46779993273,0.499921347246,0.547700203895,0.578541154064,
    0.618649560685,0.679698266455,0.749962366245,0.820227106023,
    0.881276091512,0.921384685655,0.952225779493,1.),.UNSPECIFIED.);
#7178 = CARTESIAN_POINT('',(-8.881784197001E-16,10.));
#7179 = CARTESIAN_POINT('',(6.077491215533E-02,10.));
#7180 = CARTESIAN_POINT('',(0.121411677192,10.003192261939));
#7181 = CARTESIAN_POINT('',(0.181638525715,10.009549945561));
#7182 = CARTESIAN_POINT('',(0.24118685143,10.018809861359));
#7183 = CARTESIAN_POINT('',(0.299759533917,10.030489810884));
#7184 = CARTESIAN_POINT('',(0.393946985608,10.052725128202));
#7185 = CARTESIAN_POINT('',(0.430396316128,10.062224725102));
#7186 = CARTESIAN_POINT('',(0.466349765333,10.072371826303));
#7187 = CARTESIAN_POINT('',(0.50180576862,10.083034320224));
#7188 = CARTESIAN_POINT('',(0.536758646729,10.094082229568));
#7189 = CARTESIAN_POINT('',(0.615987628984,10.120101017449));
#7190 = CARTESIAN_POINT('',(0.659922908912,10.135257683695));
#7191 = CARTESIAN_POINT('',(0.70306478567,10.150618428835));
#7192 = CARTESIAN_POINT('',(0.7454664065,10.165968667931));
#7193 = CARTESIAN_POINT('',(0.787175828562,10.181123003832));
#7194 = CARTESIAN_POINT('',(0.89073858351,10.218455267363));
#7195 = CARTESIAN_POINT('',(0.95176775504,10.240179246688));
#7196 = CARTESIAN_POINT('',(1.011542338656,10.260565587601));
#7197 = CARTESIAN_POINT('',(1.07025661296,10.279226653683));
#7198 = CARTESIAN_POINT('',(1.128093756239,10.295883781677));
#7199 = CARTESIAN_POINT('',(1.251006593683,10.326962140148));
#7200 = CARTESIAN_POINT('',(1.315855033734,10.340665959878));
#7201 = CARTESIAN_POINT('',(1.380032066272,10.351125567853));
#7202 = CARTESIAN_POINT('',(1.443764515257,10.358158793892));
#7203 = CARTESIAN_POINT('',(1.50727637687,10.361676306556));
#7204 = CARTESIAN_POINT('',(1.634316855284,10.361676306556));
#7205 = CARTESIAN_POINT('',(1.697828732388,10.358158727387));
#7206 = CARTESIAN_POINT('',(1.761560842711,10.351125497005));
#7207 = CARTESIAN_POINT('',(1.825737499548,10.3406659658));
#7208 = CARTESIAN_POINT('',(1.890585767176,10.326962214165));
#7209 = CARTESIAN_POINT('',(2.01349889303,10.29588378277));
#7210 = CARTESIAN_POINT('',(2.071336047898,10.279226651466));
#7211 = CARTESIAN_POINT('',(2.130050314713,10.260565587897));
#7212 = CARTESIAN_POINT('',(2.189824891176,10.240179249047));
#7213 = CARTESIAN_POINT('',(2.250854074872,10.218455265636));
#7214 = CARTESIAN_POINT('',(2.354416825028,10.181123003832));
#7215 = CARTESIAN_POINT('',(2.39612624709,10.165968667931));
#7216 = CARTESIAN_POINT('',(2.43852786792,10.150618428835));
#7217 = CARTESIAN_POINT('',(2.481669744678,10.135257683695));
#7218 = CARTESIAN_POINT('',(2.525605024606,10.120101017449));
#7219 = CARTESIAN_POINT('',(2.622274422157,10.088354799362));
#7220 = CARTESIAN_POINT('',(2.675398569622,10.071886049566));
#7221 = CARTESIAN_POINT('',(2.729671306932,10.056433079419));
#7222 = CARTESIAN_POINT('',(2.785025947929,10.042473194761));
#7223 = CARTESIAN_POINT('',(2.841420383709,10.030467452711));
#7224 = CARTESIAN_POINT('',(2.938538414263,10.014138112773));
#7225 = CARTESIAN_POINT('',(2.978693528245,10.008593239582));
#7226 = CARTESIAN_POINT('',(3.019181675944,10.004326206886));
#7227 = CARTESIAN_POINT('',(3.059895977259,10.001442674117));
#7228 = CARTESIAN_POINT('',(3.100734075495,10.));
#7229 = CARTESIAN_POINT('',(3.20236756575,10.));
#7230 = CARTESIAN_POINT('',(3.263004330774,10.003192261939));
#7231 = CARTESIAN_POINT('',(3.323231179305,10.009549945559));
#7232 = CARTESIAN_POINT('',(3.382779505027,10.018809861361));
#7233 = CARTESIAN_POINT('',(3.441352187502,10.030489810883));
#7234 = CARTESIAN_POINT('',(3.535539639198,10.052725128202));
#7235 = CARTESIAN_POINT('',(3.571988969717,10.062224725102));
#7236 = CARTESIAN_POINT('',(3.607942418923,10.072371826303));
#7237 = CARTESIAN_POINT('',(3.643398422209,10.083034320224));
#7238 = CARTESIAN_POINT('',(3.678351300319,10.094082229568));
#7239 = CARTESIAN_POINT('',(3.757580282574,10.12010101745));
#7240 = CARTESIAN_POINT('',(3.801515562501,10.135257683695));
#7241 = CARTESIAN_POINT('',(3.84465743926,10.150618428835));
#7242 = CARTESIAN_POINT('',(3.88705906009,10.165968667931));
#7243 = CARTESIAN_POINT('',(3.928768482152,10.181123003832));
#7244 = CARTESIAN_POINT('',(4.032331237099,10.218455267363));
#7245 = CARTESIAN_POINT('',(4.093360408629,10.240179246688));
#7246 = CARTESIAN_POINT('',(4.153134992246,10.260565587601));
#7247 = CARTESIAN_POINT('',(4.21184926655,10.279226653683));
#7248 = CARTESIAN_POINT('',(4.269686409829,10.295883781677));
#7249 = CARTESIAN_POINT('',(4.392599247279,10.32696214015));
#7250 = CARTESIAN_POINT('',(4.457447687314,10.340665959875));
#7251 = CARTESIAN_POINT('',(4.521624719862,10.351125567856));
#7252 = CARTESIAN_POINT('',(4.585357168856,10.358158793892));
#7253 = CARTESIAN_POINT('',(4.648869030455,10.361676306556));
#7254 = CARTESIAN_POINT('',(4.775909508874,10.361676306556));
#7255 = CARTESIAN_POINT('',(4.839421385978,10.358158727387));
#7256 = CARTESIAN_POINT('',(4.903153496301,10.351125497005));
#7257 = CARTESIAN_POINT('',(4.967330153138,10.3406659658));
#7258 = CARTESIAN_POINT('',(5.032178420766,10.326962214165));
#7259 = CARTESIAN_POINT('',(5.15509154662,10.29588378277));
#7260 = CARTESIAN_POINT('',(5.212928701488,10.279226651466));
#7261 = CARTESIAN_POINT('',(5.271642968303,10.260565587897));
#7262 = CARTESIAN_POINT('',(5.331417544766,10.240179249047));
#7263 = CARTESIAN_POINT('',(5.392446728462,10.218455265636));
#7264 = CARTESIAN_POINT('',(5.496009479307,10.181123003584));
#7265 = CARTESIAN_POINT('',(5.537718899523,10.165968668333));
#7266 = CARTESIAN_POINT('',(5.580120521543,10.150618428834));
#7267 = CARTESIAN_POINT('',(5.623262399441,10.135257683292));
#7268 = CARTESIAN_POINT('',(5.667197677434,10.1201010177));
#7269 = CARTESIAN_POINT('',(5.74642666045,10.094082229568));
#7270 = CARTESIAN_POINT('',(5.78137953856,10.083034320224));
#7271 = CARTESIAN_POINT('',(5.816835541847,10.072371826303));
#7272 = CARTESIAN_POINT('',(5.852788991052,10.062224725102));
#7273 = CARTESIAN_POINT('',(5.889238321571,10.052725128202));
#7274 = CARTESIAN_POINT('',(5.9834199525,10.030491185022));
#7275 = CARTESIAN_POINT('',(6.041995490811,10.018810129517));
#7276 = CARTESIAN_POINT('',(6.101550177761,10.009548925618));
#7277 = CARTESIAN_POINT('',(6.161782480207,10.003191299909));
#7278 = CARTESIAN_POINT('',(6.222419613226,10.));
#7279 = CARTESIAN_POINT('',(6.28318530718,10.));
#7280 = ( GEOMETRIC_REPRESENTATION_CONTEXT(2) 
PARAMETRIC_REPRESENTATION_CONTEXT() REPRESENTATION_CONTEXT('2D SPACE',''
  ) );
#7281 = ADVANCED_FACE('',(#7282),#5945,.F.);
#7282 = FACE_BOUND('',#7283,.F.);
#7283 = EDGE_LOOP('',(#7284,#7285,#7308,#7483,#7651,#7652));
#7284 = ORIENTED_EDGE('',*,*,#5824,.F.);
#7285 = ORIENTED_EDGE('',*,*,#7286,.F.);
#7286 = EDGE_CURVE('',#7287,#5825,#7289,.T.);
#7287 = VERTEX_POINT('',#7288);
#7288 = CARTESIAN_POINT('',(31.,-3.122849337826E-15,217.70835153491));
#7289 = SEAM_CURVE('',#7290,(#7294,#7301),.PCURVE_S1.);
#7290 = LINE('',#7291,#7292);
#7291 = CARTESIAN_POINT('',(-52.,1.347111479062E-15,217.70835153491));
#7292 = VECTOR('',#7293,1.);
#7293 = DIRECTION('',(1.,0.,0.));
#7294 = PCURVE('',#5945,#7295);
#7295 = DEFINITIONAL_REPRESENTATION('',(#7296),#7300);
#7296 = LINE('',#7297,#7298);
#7297 = CARTESIAN_POINT('',(6.28318530718,-0.));
#7298 = VECTOR('',#7299,1.);
#7299 = DIRECTION('',(0.,1.));
#7300 = ( GEOMETRIC_REPRESENTATION_CONTEXT(2) 
PARAMETRIC_REPRESENTATION_CONTEXT() REPRESENTATION_CONTEXT('2D SPACE',''
  ) );
#7301 = PCURVE('',#5945,#7302);
#7302 = DEFINITIONAL_REPRESENTATION('',(#7303),#7307);
#7303 = LINE('',#7304,#7305);
#7304 = CARTESIAN_POINT('',(0.,-0.));
#7305 = VECTOR('',#7306,1.);
#7306 = DIRECTION('',(0.,1.));
#7307 = ( GEOMETRIC_REPRESENTATION_CONTEXT(2) 
PARAMETRIC_REPRESENTATION_CONTEXT() REPRESENTATION_CONTEXT('2D SPACE',''
  ) );
#7308 = ORIENTED_EDGE('',*,*,#7309,.T.);
#7309 = EDGE_CURVE('',#7287,#7310,#7312,.T.);
#7310 = VERTEX_POINT('',#7311);
#7311 = CARTESIAN_POINT('',(31.,-7.592810154714E-15,206.70835153491));
#7312 = SURFACE_CURVE('',#7313,(#7366,#7422),.PCURVE_S1.);
#7313 = B_SPLINE_CURVE_WITH_KNOTS('',6,(#7314,#7315,#7316,#7317,#7318,
    #7319,#7320,#7321,#7322,#7323,#7324,#7325,#7326,#7327,#7328,#7329,
    #7330,#7331,#7332,#7333,#7334,#7335,#7336,#7337,#7338,#7339,#7340,
    #7341,#7342,#7343,#7344,#7345,#7346,#7347,#7348,#7349,#7350,#7351,
    #7352,#7353,#7354,#7355,#7356,#7357,#7358,#7359,#7360,#7361,#7362,
    #7363,#7364,#7365),.UNSPECIFIED.,.F.,.F.,(7,5,5,5,5,5,5,5,5,5,7),(0.
    ,9.153264441747E-02,0.152956736185,0.232867425801,0.354559968965,
    0.499999346177,0.645440174504,0.767133234559,0.847044264945,
    0.908468617601,1.),.UNSPECIFIED.);
#7314 = CARTESIAN_POINT('',(31.,-3.552713678801E-15,217.70835153491));
#7315 = CARTESIAN_POINT('',(31.,-0.32052656456,217.70835153491));
#7316 = CARTESIAN_POINT('',(30.996023122921,-0.640387719078,
    217.68593604807));
#7317 = CARTESIAN_POINT('',(30.988099994227,-0.956248470195,
    217.64128011679));
#7318 = CARTESIAN_POINT('',(30.976534605865,-1.264828610205,
    217.57542555209));
#7319 = CARTESIAN_POINT('',(30.961887191309,-1.563065644381,
    217.49025683764));
#7320 = CARTESIAN_POINT('',(30.933421045264,-2.039662622187,
    217.32020737789));
#7321 = CARTESIAN_POINT('',(30.920898555176,-2.225453766577,
    217.24435137837));
#7322 = CARTESIAN_POINT('',(30.907457615432,-2.405335188172,
    217.16152016934));
#7323 = CARTESIAN_POINT('',(30.893275623915,-2.579045665469,
    217.07231493307));
#7324 = CARTESIAN_POINT('',(30.878528415052,-2.746372553125,
    216.97734619353));
#7325 = CARTESIAN_POINT('',(30.843681518937,-3.116319929729,
    216.74699278407));
#7326 = CARTESIAN_POINT('',(30.823300069815,-3.3144758632,216.6080031418
    ));
#7327 = CARTESIAN_POINT('',(30.802571002319,-3.501652230066,
    216.46136709323));
#7328 = CARTESIAN_POINT('',(30.781787683144,-3.677951822631,
    216.3080596229));
#7329 = CARTESIAN_POINT('',(30.761205158405,-3.843526842155,
    216.14894556158));
#7330 = CARTESIAN_POINT('',(30.710330999191,-4.234648954032,
    215.73481935663));
#7331 = CARTESIAN_POINT('',(30.68057529423,-4.446400515743,
    215.47304602455));
#7332 = CARTESIAN_POINT('',(30.65251041199,-4.634644625355,
    215.20192655748));
#7333 = CARTESIAN_POINT('',(30.626682080463,-4.800216584767,
    214.92334640504));
#7334 = CARTESIAN_POINT('',(30.603488998498,-4.943868106952,
    214.63876202227));
#7335 = CARTESIAN_POINT('',(30.559012750901,-5.212359788009,
    214.00343443334));
#7336 = CARTESIAN_POINT('',(30.538986129788,-5.328054962323,
    213.65062862454));
#7337 = CARTESIAN_POINT('',(30.523666205959,-5.414185268236,
    213.29308746252));
#7338 = CARTESIAN_POINT('',(30.513353516318,-5.47138948982,
    212.93253754914));
#7339 = CARTESIAN_POINT('',(30.508195620194,-5.5,212.5704717109));
#7340 = CARTESIAN_POINT('',(30.508195620194,-5.5,211.84622774589));
#7341 = CARTESIAN_POINT('',(30.513353623527,-5.471388901026,
    211.48416166964));
#7342 = CARTESIAN_POINT('',(30.523666328463,-5.414184582442,
    211.12361392614));
#7343 = CARTESIAN_POINT('',(30.538986119671,-5.328054968947,
    210.76607538754));
#7344 = CARTESIAN_POINT('',(30.559012612152,-5.212360625605,
    210.41327061847));
#7345 = CARTESIAN_POINT('',(30.603488998498,-4.943868106952,
    209.77794104756));
#7346 = CARTESIAN_POINT('',(30.626682080463,-4.800216584767,
    209.49335666478));
#7347 = CARTESIAN_POINT('',(30.65251041199,-4.634644625355,
    209.21477651235));
#7348 = CARTESIAN_POINT('',(30.68057529423,-4.446400515743,
    208.94365704528));
#7349 = CARTESIAN_POINT('',(30.710330999191,-4.234648954032,
    208.6818837132));
#7350 = CARTESIAN_POINT('',(30.761205158745,-3.84352683954,
    208.26775750548));
#7351 = CARTESIAN_POINT('',(30.781787682598,-3.677951827492,
    208.108643451));
#7352 = CARTESIAN_POINT('',(30.802571002317,-3.501652229624,
    207.95533597685));
#7353 = CARTESIAN_POINT('',(30.823300070361,-3.314475858129,
    207.80869992408));
#7354 = CARTESIAN_POINT('',(30.843681518601,-3.116319933294,
    207.66971028798));
#7355 = CARTESIAN_POINT('',(30.878528415052,-2.746372553126,
    207.4393568763));
#7356 = CARTESIAN_POINT('',(30.893275623915,-2.579045665469,
    207.34438813675));
#7357 = CARTESIAN_POINT('',(30.907457615432,-2.405335188172,
    207.25518290049));
#7358 = CARTESIAN_POINT('',(30.920898555176,-2.225453766577,
    207.17235169146));
#7359 = CARTESIAN_POINT('',(30.933421045264,-2.039662622187,
    207.09649569193));
#7360 = CARTESIAN_POINT('',(30.961886884089,-1.563070788042,
    206.92644806744));
#7361 = CARTESIAN_POINT('',(30.976534517594,-1.264831990366,
    206.84127795452));
#7362 = CARTESIAN_POINT('',(30.988100227427,-0.956245671413,
    206.77542163183));
#7363 = CARTESIAN_POINT('',(30.996023382745,-0.640378492493,
    206.73076555667));
#7364 = CARTESIAN_POINT('',(31.,-0.320516080778,206.70835153491));
#7365 = CARTESIAN_POINT('',(31.,-2.6645352591E-15,206.70835153491));
#7366 = PCURVE('',#5945,#7367);
#7367 = DEFINITIONAL_REPRESENTATION('',(#7368),#7421);
#7368 = B_SPLINE_CURVE_WITH_KNOTS('',6,(#7369,#7370,#7371,#7372,#7373,
    #7374,#7375,#7376,#7377,#7378,#7379,#7380,#7381,#7382,#7383,#7384,
    #7385,#7386,#7387,#7388,#7389,#7390,#7391,#7392,#7393,#7394,#7395,
    #7396,#7397,#7398,#7399,#7400,#7401,#7402,#7403,#7404,#7405,#7406,
    #7407,#7408,#7409,#7410,#7411,#7412,#7413,#7414,#7415,#7416,#7417,
    #7418,#7419,#7420),.UNSPECIFIED.,.F.,.F.,(7,5,5,5,5,5,5,5,5,5,7),(0.
    ,9.153264441747E-02,0.152956736185,0.232867425801,0.354559968965,
    0.499999346177,0.645440174504,0.767133234559,0.847044264945,
    0.908468617601,1.),.UNSPECIFIED.);
#7369 = CARTESIAN_POINT('',(0.,83.));
#7370 = CARTESIAN_POINT('',(5.827755719278E-02,83.));
#7371 = CARTESIAN_POINT('',(0.116434125542,82.996023122921));
#7372 = CARTESIAN_POINT('',(0.174219651406,82.988099994227));
#7373 = CARTESIAN_POINT('',(0.231386428543,82.976534605865));
#7374 = CARTESIAN_POINT('',(0.287661652238,82.961887191309));
#7375 = CARTESIAN_POINT('',(0.379666233154,82.933421045264));
#7376 = CARTESIAN_POINT('',(0.416116736211,82.920898555176));
#7377 = CARTESIAN_POINT('',(0.452072157313,82.907457615432));
#7378 = CARTESIAN_POINT('',(0.487529727596,82.893275623915));
#7379 = CARTESIAN_POINT('',(0.522482384696,82.878528415052));
#7380 = CARTESIAN_POINT('',(0.601719189465,82.843681518937));
#7381 = CARTESIAN_POINT('',(0.645660764188,82.823300069815));
#7382 = CARTESIAN_POINT('',(0.688804190256,82.802571002319));
#7383 = CARTESIAN_POINT('',(0.731203062135,82.781787683144));
#7384 = CARTESIAN_POINT('',(0.772905874537,82.761205158405));
#7385 = CARTESIAN_POINT('',(0.876474755282,82.710330999191));
#7386 = CARTESIAN_POINT('',(0.937512617866,82.68057529423));
#7387 = CARTESIAN_POINT('',(0.997289479222,82.65251041199));
#7388 = CARTESIAN_POINT('',(1.056000275082,82.626682080463));
#7389 = CARTESIAN_POINT('',(1.113828439417,82.603488998498));
#7390 = CARTESIAN_POINT('',(1.239234085756,82.559012750901));
#7391 = CARTESIAN_POINT('',(1.306509493396,82.538986129788));
#7392 = CARTESIAN_POINT('',(1.373058067152,82.523666205959));
#7393 = CARTESIAN_POINT('',(1.439126094966,82.513353516318));
#7394 = CARTESIAN_POINT('',(1.504956294798,82.508195620194));
#7395 = CARTESIAN_POINT('',(1.636637015707,82.508195620194));
#7396 = CARTESIAN_POINT('',(1.702467265406,82.513353623527));
#7397 = CARTESIAN_POINT('',(1.768534898955,82.523666328463));
#7398 = CARTESIAN_POINT('',(1.835083005229,82.53898611967));
#7399 = CARTESIAN_POINT('',(1.902358176614,82.559012612152));
#7400 = CARTESIAN_POINT('',(2.027764214173,82.603488998498));
#7401 = CARTESIAN_POINT('',(2.085592378508,82.626682080463));
#7402 = CARTESIAN_POINT('',(2.144303174368,82.65251041199));
#7403 = CARTESIAN_POINT('',(2.204080035724,82.68057529423));
#7404 = CARTESIAN_POINT('',(2.265117898308,82.710330999191));
#7405 = CARTESIAN_POINT('',(2.368686779745,82.761205158745));
#7406 = CARTESIAN_POINT('',(2.410389590294,82.781787682598));
#7407 = CARTESIAN_POINT('',(2.452788463367,82.802571002317));
#7408 = CARTESIAN_POINT('',(2.495931890579,82.823300070361));
#7409 = CARTESIAN_POINT('',(2.539873463361,82.843681518601));
#7410 = CARTESIAN_POINT('',(2.619110268893,82.878528415052));
#7411 = CARTESIAN_POINT('',(2.654062925994,82.893275623915));
#7412 = CARTESIAN_POINT('',(2.689520496277,82.907457615432));
#7413 = CARTESIAN_POINT('',(2.725475917379,82.920898555176));
#7414 = CARTESIAN_POINT('',(2.761926420436,82.933421045264));
#7415 = CARTESIAN_POINT('',(2.853930008394,82.961886884089));
#7416 = CARTESIAN_POINT('',(2.910205619414,82.976534517594));
#7417 = CARTESIAN_POINT('',(2.967373546167,82.988100227427));
#7418 = CARTESIAN_POINT('',(3.025160205521,82.996023382745));
#7419 = CARTESIAN_POINT('',(3.083317002539,83.));
#7420 = CARTESIAN_POINT('',(3.14159265359,83.));
#7421 = ( GEOMETRIC_REPRESENTATION_CONTEXT(2) 
PARAMETRIC_REPRESENTATION_CONTEXT() REPRESENTATION_CONTEXT('2D SPACE',''
  ) );
#7422 = PCURVE('',#7423,#7428);
#7423 = CYLINDRICAL_SURFACE('',#7424,31.);
#7424 = AXIS2_PLACEMENT_3D('',#7425,#7426,#7427);
#7425 = CARTESIAN_POINT('',(0.,0.,122.20835153491));
#7426 = DIRECTION('',(0.,0.,1.));
#7427 = DIRECTION('',(1.,0.,0.));
#7428 = DEFINITIONAL_REPRESENTATION('',(#7429),#7482);
#7429 = B_SPLINE_CURVE_WITH_KNOTS('',6,(#7430,#7431,#7432,#7433,#7434,
    #7435,#7436,#7437,#7438,#7439,#7440,#7441,#7442,#7443,#7444,#7445,
    #7446,#7447,#7448,#7449,#7450,#7451,#7452,#7453,#7454,#7455,#7456,
    #7457,#7458,#7459,#7460,#7461,#7462,#7463,#7464,#7465,#7466,#7467,
    #7468,#7469,#7470,#7471,#7472,#7473,#7474,#7475,#7476,#7477,#7478,
    #7479,#7480,#7481),.UNSPECIFIED.,.F.,.F.,(7,5,5,5,5,5,5,5,5,5,7),(0.
    ,9.153264441747E-02,0.152956736185,0.232867425801,0.354559968965,
    0.499999346177,0.645440174504,0.767133234559,0.847044264945,
    0.908468617601,1.),.UNSPECIFIED.);
#7430 = CARTESIAN_POINT('',(6.28318530718,95.5));
#7431 = CARTESIAN_POINT('',(6.272845740581,95.5));
#7432 = CARTESIAN_POINT('',(6.26252763794,95.477584513157));
#7433 = CARTESIAN_POINT('',(6.252336596249,95.43292858188));
#7434 = CARTESIAN_POINT('',(6.242376457689,95.367074017176));
#7435 = CARTESIAN_POINT('',(6.23274485076,95.281905302726));
#7436 = CARTESIAN_POINT('',(6.217343356153,95.111855842981));
#7437 = CARTESIAN_POINT('',(6.211336671287,95.035999843457));
#7438 = CARTESIAN_POINT('',(6.205518089774,94.953168634422));
#7439 = CARTESIAN_POINT('',(6.199896064854,94.863963398161));
#7440 = CARTESIAN_POINT('',(6.194477597939,94.768994658617));
#7441 = CARTESIAN_POINT('',(6.182490986972,94.538641249153));
#7442 = CARTESIAN_POINT('',(6.176065373076,94.399651606883));
#7443 = CARTESIAN_POINT('',(6.169990767227,94.253015558314));
#7444 = CARTESIAN_POINT('',(6.16426448333,94.099708087982));
#7445 = CARTESIAN_POINT('',(6.158882330966,93.940594026665));
#7446 = CARTESIAN_POINT('',(6.146159205345,93.526467821717));
#7447 = CARTESIAN_POINT('',(6.139261755409,93.264694489634));
#7448 = CARTESIAN_POINT('',(6.133122521045,92.993575022563));
#7449 = CARTESIAN_POINT('',(6.127717003318,92.714994870131));
#7450 = CARTESIAN_POINT('',(6.123023120211,92.430410487353));
#7451 = CARTESIAN_POINT('',(6.114244070357,91.795082898431));
#7452 = CARTESIAN_POINT('',(6.110456566991,91.442277089632));
#7453 = CARTESIAN_POINT('',(6.107634565811,91.084735927607));
#7454 = CARTESIAN_POINT('',(6.105759523106,90.724186014223));
#7455 = CARTESIAN_POINT('',(6.10482172525,90.362120175982));
#7456 = CARTESIAN_POINT('',(6.10482172525,89.637876210982));
#7457 = CARTESIAN_POINT('',(6.105759542452,89.275810134727));
#7458 = CARTESIAN_POINT('',(6.107634588228,88.915262391229));
#7459 = CARTESIAN_POINT('',(6.11045656675,88.557723852626));
#7460 = CARTESIAN_POINT('',(6.11424404297,88.20491908356));
#7461 = CARTESIAN_POINT('',(6.123023120211,87.569589512647));
#7462 = CARTESIAN_POINT('',(6.127717003318,87.285005129869));
#7463 = CARTESIAN_POINT('',(6.133122521045,87.006424977437));
#7464 = CARTESIAN_POINT('',(6.139261755409,86.735305510366));
#7465 = CARTESIAN_POINT('',(6.146159205345,86.473532178283));
#7466 = CARTESIAN_POINT('',(6.158882331051,86.059405970566));
#7467 = CARTESIAN_POINT('',(6.164264483172,85.900291916089));
#7468 = CARTESIAN_POINT('',(6.169990767241,85.74698444194));
#7469 = CARTESIAN_POINT('',(6.17606537324,85.600348389164));
#7470 = CARTESIAN_POINT('',(6.182490986857,85.461358753067));
#7471 = CARTESIAN_POINT('',(6.194477597939,85.231005341384));
#7472 = CARTESIAN_POINT('',(6.199896064854,85.136036601839));
#7473 = CARTESIAN_POINT('',(6.205518089774,85.046831365578));
#7474 = CARTESIAN_POINT('',(6.211336671287,84.964000156543));
#7475 = CARTESIAN_POINT('',(6.217343356153,84.888144157019));
#7476 = CARTESIAN_POINT('',(6.23274468454,84.718096532529));
#7477 = CARTESIAN_POINT('',(6.242376348684,84.632926419605));
#7478 = CARTESIAN_POINT('',(6.252336686723,84.567070096914));
#7479 = CARTESIAN_POINT('',(6.262527935579,84.522414021756));
#7480 = CARTESIAN_POINT('',(6.272846078767,84.5));
#7481 = CARTESIAN_POINT('',(6.28318530718,84.5));
#7482 = ( GEOMETRIC_REPRESENTATION_CONTEXT(2) 
PARAMETRIC_REPRESENTATION_CONTEXT() REPRESENTATION_CONTEXT('2D SPACE',''
  ) );
#7483 = ORIENTED_EDGE('',*,*,#7484,.T.);
#7484 = EDGE_CURVE('',#7310,#7287,#7485,.T.);
#7485 = SURFACE_CURVE('',#7486,(#7539,#7595),.PCURVE_S1.);
#7486 = B_SPLINE_CURVE_WITH_KNOTS('',6,(#7487,#7488,#7489,#7490,#7491,
    #7492,#7493,#7494,#7495,#7496,#7497,#7498,#7499,#7500,#7501,#7502,
    #7503,#7504,#7505,#7506,#7507,#7508,#7509,#7510,#7511,#7512,#7513,
    #7514,#7515,#7516,#7517,#7518,#7519,#7520,#7521,#7522,#7523,#7524,
    #7525,#7526,#7527,#7528,#7529,#7530,#7531,#7532,#7533,#7534,#7535,
    #7536,#7537,#7538),.UNSPECIFIED.,.F.,.F.,(7,5,5,5,5,5,5,5,5,5,7),(0.
    ,9.153327670846E-02,0.152957792798,0.232869034443,0.354562418268,
    0.500002800169,0.645444633208,0.767138533924,0.847050114993,
    0.908474891985,1.),.UNSPECIFIED.);
#7487 = CARTESIAN_POINT('',(31.,8.844674573222E-16,206.70835153491));
#7488 = CARTESIAN_POINT('',(31.,0.320526564647,206.70835153491));
#7489 = CARTESIAN_POINT('',(30.996023122919,0.640387719055,
    206.73076702177));
#7490 = CARTESIAN_POINT('',(30.98809999423,0.956248470111,
    206.77542295302));
#7491 = CARTESIAN_POINT('',(30.976534605869,1.264828610183,
    206.84127751772));
#7492 = CARTESIAN_POINT('',(30.961887191304,1.563065644462,
    206.92644623222));
#7493 = CARTESIAN_POINT('',(30.933421045264,2.039662622183,
    207.09649569193));
#7494 = CARTESIAN_POINT('',(30.920898555176,2.225453766578,
    207.17235169146));
#7495 = CARTESIAN_POINT('',(30.907457615431,2.405335188176,
    207.25518290049));
#7496 = CARTESIAN_POINT('',(30.893275623915,2.579045665469,
    207.34438813675));
#7497 = CARTESIAN_POINT('',(30.878528415052,2.746372553122,
    207.43935687629));
#7498 = CARTESIAN_POINT('',(30.843681518937,3.116319929729,
    207.66971028576));
#7499 = CARTESIAN_POINT('',(30.823300069815,3.314475863199,
    207.80869992803));
#7500 = CARTESIAN_POINT('',(30.802571002319,3.501652230065,
    207.9553359766));
#7501 = CARTESIAN_POINT('',(30.781787683144,3.677951822631,
    208.10864344693));
#7502 = CARTESIAN_POINT('',(30.761205158405,3.843526842155,
    208.26775750825));
#7503 = CARTESIAN_POINT('',(30.710330999191,4.234648954032,
    208.6818837132));
#7504 = CARTESIAN_POINT('',(30.68057529423,4.446400515743,
    208.94365704528));
#7505 = CARTESIAN_POINT('',(30.65251041199,4.634644625355,
    209.21477651235));
#7506 = CARTESIAN_POINT('',(30.626682080463,4.800216584768,
    209.49335666478));
#7507 = CARTESIAN_POINT('',(30.603488998498,4.943868106952,
    209.77794104756));
#7508 = CARTESIAN_POINT('',(30.559012750904,5.212359787991,
    210.41326863644));
#7509 = CARTESIAN_POINT('',(30.538986129782,5.328054962356,
    210.76607444534));
#7510 = CARTESIAN_POINT('',(30.523666205963,5.414185268212,
    211.12361560731));
#7511 = CARTESIAN_POINT('',(30.513353516317,5.471389489825,
    211.48416552063));
#7512 = CARTESIAN_POINT('',(30.508195620194,5.5,211.84623135897));
#7513 = CARTESIAN_POINT('',(30.508195620194,5.5,212.57047532393));
#7514 = CARTESIAN_POINT('',(30.513353623527,5.471388901026,
    212.93254140019));
#7515 = CARTESIAN_POINT('',(30.523666328463,5.414184582443,
    213.29308914368));
#7516 = CARTESIAN_POINT('',(30.538986119671,5.328054968947,
    213.65062768229));
#7517 = CARTESIAN_POINT('',(30.559012612152,5.212360625605,
    214.00343245135));
#7518 = CARTESIAN_POINT('',(30.603488998498,4.943868106952,
    214.63876202227));
#7519 = CARTESIAN_POINT('',(30.626682080463,4.800216584767,
    214.92334640504));
#7520 = CARTESIAN_POINT('',(30.65251041199,4.634644625355,
    215.20192655748));
#7521 = CARTESIAN_POINT('',(30.68057529423,4.446400515743,
    215.47304602455));
#7522 = CARTESIAN_POINT('',(30.710330999191,4.234648954032,
    215.73481935663));
#7523 = CARTESIAN_POINT('',(30.761205158405,3.843526842153,
    216.14894556158));
#7524 = CARTESIAN_POINT('',(30.781787683144,3.677951822631,
    216.30805962289));
#7525 = CARTESIAN_POINT('',(30.802571002319,3.501652230068,
    216.46136709323));
#7526 = CARTESIAN_POINT('',(30.823300069815,3.314475863201,
    216.6080031418));
#7527 = CARTESIAN_POINT('',(30.843681518937,3.116319929727,
    216.74699278407));
#7528 = CARTESIAN_POINT('',(30.878528415052,2.746372553123,
    216.97734619353));
#7529 = CARTESIAN_POINT('',(30.893275623915,2.579045665469,
    217.07231493307));
#7530 = CARTESIAN_POINT('',(30.907457615431,2.405335188176,
    217.16152016933));
#7531 = CARTESIAN_POINT('',(30.920898555176,2.225453766578,
    217.24435137837));
#7532 = CARTESIAN_POINT('',(30.933421045264,2.039662622183,
    217.3202073779));
#7533 = CARTESIAN_POINT('',(30.961885598724,1.563092308374,
    217.49024732395));
#7534 = CARTESIAN_POINT('',(30.976534325659,1.264843139181,
    217.57542434834));
#7535 = CARTESIAN_POINT('',(30.988101187881,0.956232177046,
    217.64128679869));
#7536 = CARTESIAN_POINT('',(30.996024238558,0.640344033594,
    217.68594237742));
#7537 = CARTESIAN_POINT('',(31.,0.320481373282,217.70835153491));
#7538 = CARTESIAN_POINT('',(31.,6.73555739531E-16,217.70835153491));
#7539 = PCURVE('',#5945,#7540);
#7540 = DEFINITIONAL_REPRESENTATION('',(#7541),#7594);
#7541 = B_SPLINE_CURVE_WITH_KNOTS('',6,(#7542,#7543,#7544,#7545,#7546,
    #7547,#7548,#7549,#7550,#7551,#7552,#7553,#7554,#7555,#7556,#7557,
    #7558,#7559,#7560,#7561,#7562,#7563,#7564,#7565,#7566,#7567,#7568,
    #7569,#7570,#7571,#7572,#7573,#7574,#7575,#7576,#7577,#7578,#7579,
    #7580,#7581,#7582,#7583,#7584,#7585,#7586,#7587,#7588,#7589,#7590,
    #7591,#7592,#7593),.UNSPECIFIED.,.F.,.F.,(7,5,5,5,5,5,5,5,5,5,7),(0.
    ,9.153327670846E-02,0.152957792798,0.232869034443,0.354562418268,
    0.500002800169,0.645444633208,0.767138533924,0.847050114993,
    0.908474891985,1.),.UNSPECIFIED.);
#7542 = CARTESIAN_POINT('',(3.14159265359,83.));
#7543 = CARTESIAN_POINT('',(3.199870210798,83.));
#7544 = CARTESIAN_POINT('',(3.258026779127,82.996023122919));
#7545 = CARTESIAN_POINT('',(3.31581230498,82.98809999423));
#7546 = CARTESIAN_POINT('',(3.372979082128,82.976534605869));
#7547 = CARTESIAN_POINT('',(3.429254305844,82.961887191304));
#7548 = CARTESIAN_POINT('',(3.521258886743,82.933421045264));
#7549 = CARTESIAN_POINT('',(3.557709389801,82.920898555175));
#7550 = CARTESIAN_POINT('',(3.593664810903,82.907457615431));
#7551 = CARTESIAN_POINT('',(3.629122381186,82.893275623915));
#7552 = CARTESIAN_POINT('',(3.664075038285,82.878528415052));
#7553 = CARTESIAN_POINT('',(3.743311843055,82.843681518937));
#7554 = CARTESIAN_POINT('',(3.787253417777,82.823300069815));
#7555 = CARTESIAN_POINT('',(3.830396843845,82.802571002319));
#7556 = CARTESIAN_POINT('',(3.872795715725,82.781787683144));
#7557 = CARTESIAN_POINT('',(3.914498528127,82.761205158405));
#7558 = CARTESIAN_POINT('',(4.018067408871,82.710330999191));
#7559 = CARTESIAN_POINT('',(4.079105271456,82.68057529423));
#7560 = CARTESIAN_POINT('',(4.138882132812,82.65251041199));
#7561 = CARTESIAN_POINT('',(4.197592928672,82.626682080463));
#7562 = CARTESIAN_POINT('',(4.255421093007,82.603488998498));
#7563 = CARTESIAN_POINT('',(4.380826739337,82.559012750904));
#7564 = CARTESIAN_POINT('',(4.448102146998,82.538986129782));
#7565 = CARTESIAN_POINT('',(4.514650720742,82.523666205962));
#7566 = CARTESIAN_POINT('',(4.580718748545,82.513353516317));
#7567 = CARTESIAN_POINT('',(4.646548948394,82.508195620194));
#7568 = CARTESIAN_POINT('',(4.778229669297,82.508195620194));
#7569 = CARTESIAN_POINT('',(4.844059918996,82.513353623527));
#7570 = CARTESIAN_POINT('',(4.910127552544,82.523666328463));
#7571 = CARTESIAN_POINT('',(4.976675658819,82.538986119671));
#7572 = CARTESIAN_POINT('',(5.043950830204,82.559012612152));
#7573 = CARTESIAN_POINT('',(5.169356867763,82.603488998498));
#7574 = CARTESIAN_POINT('',(5.227185032097,82.626682080463));
#7575 = CARTESIAN_POINT('',(5.285895827958,82.65251041199));
#7576 = CARTESIAN_POINT('',(5.345672689313,82.68057529423));
#7577 = CARTESIAN_POINT('',(5.406710551898,82.710330999191));
#7578 = CARTESIAN_POINT('',(5.510279432643,82.761205158405));
#7579 = CARTESIAN_POINT('',(5.551982245045,82.781787683144));
#7580 = CARTESIAN_POINT('',(5.594381116923,82.802571002319));
#7581 = CARTESIAN_POINT('',(5.637524542992,82.823300069815));
#7582 = CARTESIAN_POINT('',(5.681466117715,82.843681518937));
#7583 = CARTESIAN_POINT('',(5.760702922484,82.878528415052));
#7584 = CARTESIAN_POINT('',(5.795655579584,82.893275623915));
#7585 = CARTESIAN_POINT('',(5.831113149866,82.907457615431));
#7586 = CARTESIAN_POINT('',(5.867068570969,82.920898555175));
#7587 = CARTESIAN_POINT('',(5.903519074026,82.933421045264));
#7588 = CARTESIAN_POINT('',(5.995518507595,82.961885598724));
#7589 = CARTESIAN_POINT('',(6.051796316715,82.976534325659));
#7590 = CARTESIAN_POINT('',(6.108968770234,82.988101187881));
#7591 = CARTESIAN_POINT('',(6.166759123824,82.996024238558));
#7592 = CARTESIAN_POINT('',(6.224915966583,83.));
#7593 = CARTESIAN_POINT('',(6.28318530718,83.));
#7594 = ( GEOMETRIC_REPRESENTATION_CONTEXT(2) 
PARAMETRIC_REPRESENTATION_CONTEXT() REPRESENTATION_CONTEXT('2D SPACE',''
  ) );
#7595 = PCURVE('',#7423,#7596);
#7596 = DEFINITIONAL_REPRESENTATION('',(#7597),#7650);
#7597 = B_SPLINE_CURVE_WITH_KNOTS('',6,(#7598,#7599,#7600,#7601,#7602,
    #7603,#7604,#7605,#7606,#7607,#7608,#7609,#7610,#7611,#7612,#7613,
    #7614,#7615,#7616,#7617,#7618,#7619,#7620,#7621,#7622,#7623,#7624,
    #7625,#7626,#7627,#7628,#7629,#7630,#7631,#7632,#7633,#7634,#7635,
    #7636,#7637,#7638,#7639,#7640,#7641,#7642,#7643,#7644,#7645,#7646,
    #7647,#7648,#7649),.UNSPECIFIED.,.F.,.F.,(7,5,5,5,5,5,5,5,5,5,7),(0.
    ,9.153327670846E-02,0.152957792798,0.232869034443,0.354562418268,
    0.500002800169,0.645444633208,0.767138533924,0.847050114993,
    0.908474891985,1.),.UNSPECIFIED.);
#7598 = CARTESIAN_POINT('',(0.,84.5));
#7599 = CARTESIAN_POINT('',(1.03395666015E-02,84.5));
#7600 = CARTESIAN_POINT('',(2.065766923857E-02,84.522415486855));
#7601 = CARTESIAN_POINT('',(3.084871092772E-02,84.567071418105));
#7602 = CARTESIAN_POINT('',(4.080884949014E-02,84.632925982804));
#7603 = CARTESIAN_POINT('',(5.044045642227E-02,84.718094697303));
#7604 = CARTESIAN_POINT('',(6.584195102666E-02,84.888144157017));
#7605 = CARTESIAN_POINT('',(7.184863589219E-02,84.964000156543));
#7606 = CARTESIAN_POINT('',(7.766721740585E-02,85.04683136558));
#7607 = CARTESIAN_POINT('',(8.328924232526E-02,85.13603660184));
#7608 = CARTESIAN_POINT('',(8.870770924006E-02,85.231005341382));
#7609 = CARTESIAN_POINT('',(0.100694320207,85.461358750848));
#7610 = CARTESIAN_POINT('',(0.107119934104,85.600348393117));
#7611 = CARTESIAN_POINT('',(0.113194539953,85.746984441686));
#7612 = CARTESIAN_POINT('',(0.118920823849,85.900291912018));
#7613 = CARTESIAN_POINT('',(0.124302976214,86.059405973336));
#7614 = CARTESIAN_POINT('',(0.137026101835,86.473532178283));
#7615 = CARTESIAN_POINT('',(0.143923551771,86.735305510366));
#7616 = CARTESIAN_POINT('',(0.150062786134,87.006424977437));
#7617 = CARTESIAN_POINT('',(0.155468303862,87.285005129869));
#7618 = CARTESIAN_POINT('',(0.160162186969,87.569589512647));
#7619 = CARTESIAN_POINT('',(0.168941236822,88.204917101529));
#7620 = CARTESIAN_POINT('',(0.17272874019,88.55772291043));
#7621 = CARTESIAN_POINT('',(0.175550741368,88.915264072399));
#7622 = CARTESIAN_POINT('',(0.177425784074,89.275813985713));
#7623 = CARTESIAN_POINT('',(0.17836358193,89.637879824052));
#7624 = CARTESIAN_POINT('',(0.17836358193,90.362123789018));
#7625 = CARTESIAN_POINT('',(0.177425764727,90.724189865274));
#7626 = CARTESIAN_POINT('',(0.175550718952,91.08473760877));
#7627 = CARTESIAN_POINT('',(0.17272874043,91.442276147375));
#7628 = CARTESIAN_POINT('',(0.16894126421,91.79508091644));
#7629 = CARTESIAN_POINT('',(0.160162186969,92.430410487353));
#7630 = CARTESIAN_POINT('',(0.155468303862,92.714994870131));
#7631 = CARTESIAN_POINT('',(0.150062786134,92.993575022563));
#7632 = CARTESIAN_POINT('',(0.143923551771,93.264694489634));
#7633 = CARTESIAN_POINT('',(0.137026101835,93.526467821716));
#7634 = CARTESIAN_POINT('',(0.124302976214,93.940594026667));
#7635 = CARTESIAN_POINT('',(0.118920823849,94.099708087981));
#7636 = CARTESIAN_POINT('',(0.113194539953,94.253015558312));
#7637 = CARTESIAN_POINT('',(0.107119934104,94.399651606883));
#7638 = CARTESIAN_POINT('',(0.100694320207,94.538641249154));
#7639 = CARTESIAN_POINT('',(8.870770924006E-02,94.768994658618));
#7640 = CARTESIAN_POINT('',(8.328924232526E-02,94.86396339816));
#7641 = CARTESIAN_POINT('',(7.766721740585E-02,94.95316863442));
#7642 = CARTESIAN_POINT('',(7.184863589219E-02,95.035999843457));
#7643 = CARTESIAN_POINT('',(6.584195102666E-02,95.111855842983));
#7644 = CARTESIAN_POINT('',(5.04413180813E-02,95.281895789032));
#7645 = CARTESIAN_POINT('',(4.080931779307E-02,95.36707281343));
#7646 = CARTESIAN_POINT('',(3.08481845815E-02,95.432935263776));
#7647 = CARTESIAN_POINT('',(2.065625994413E-02,95.477590842502));
#7648 = CARTESIAN_POINT('',(1.033810881556E-02,95.5));
#7649 = CARTESIAN_POINT('',(0.,95.5));
#7650 = ( GEOMETRIC_REPRESENTATION_CONTEXT(2) 
PARAMETRIC_REPRESENTATION_CONTEXT() REPRESENTATION_CONTEXT('2D SPACE',''
  ) );
#7651 = ORIENTED_EDGE('',*,*,#7286,.T.);
#7652 = ORIENTED_EDGE('',*,*,#6057,.F.);
#7653 = ADVANCED_FACE('',(#7654),#6362,.F.);
#7654 = FACE_BOUND('',#7655,.F.);
#7655 = EDGE_LOOP('',(#7656,#7657,#7680,#7850,#8018,#8019));
#7656 = ORIENTED_EDGE('',*,*,#6474,.F.);
#7657 = ORIENTED_EDGE('',*,*,#7658,.F.);
#7658 = EDGE_CURVE('',#7659,#6226,#7661,.T.);
#7659 = VERTEX_POINT('',#7660);
#7660 = CARTESIAN_POINT('',(31.,-3.122849337826E-15,162.70835153491));
#7661 = SEAM_CURVE('',#7662,(#7666,#7673),.PCURVE_S1.);
#7662 = LINE('',#7663,#7664);
#7663 = CARTESIAN_POINT('',(-52.,1.347111479062E-15,162.70835153491));
#7664 = VECTOR('',#7665,1.);
#7665 = DIRECTION('',(1.,0.,0.));
#7666 = PCURVE('',#6362,#7667);
#7667 = DEFINITIONAL_REPRESENTATION('',(#7668),#7672);
#7668 = LINE('',#7669,#7670);
#7669 = CARTESIAN_POINT('',(6.28318530718,-0.));
#7670 = VECTOR('',#7671,1.);
#7671 = DIRECTION('',(0.,1.));
#7672 = ( GEOMETRIC_REPRESENTATION_CONTEXT(2) 
PARAMETRIC_REPRESENTATION_CONTEXT() REPRESENTATION_CONTEXT('2D SPACE',''
  ) );
#7673 = PCURVE('',#6362,#7674);
#7674 = DEFINITIONAL_REPRESENTATION('',(#7675),#7679);
#7675 = LINE('',#7676,#7677);
#7676 = CARTESIAN_POINT('',(0.,-0.));
#7677 = VECTOR('',#7678,1.);
#7678 = DIRECTION('',(0.,1.));
#7679 = ( GEOMETRIC_REPRESENTATION_CONTEXT(2) 
PARAMETRIC_REPRESENTATION_CONTEXT() REPRESENTATION_CONTEXT('2D SPACE',''
  ) );
#7680 = ORIENTED_EDGE('',*,*,#7681,.T.);
#7681 = EDGE_CURVE('',#7659,#7682,#7684,.T.);
#7682 = VERTEX_POINT('',#7683);
#7683 = CARTESIAN_POINT('',(31.,-7.592810154714E-15,151.70835153491));
#7684 = SURFACE_CURVE('',#7685,(#7738,#7794),.PCURVE_S1.);
#7685 = B_SPLINE_CURVE_WITH_KNOTS('',6,(#7686,#7687,#7688,#7689,#7690,
    #7691,#7692,#7693,#7694,#7695,#7696,#7697,#7698,#7699,#7700,#7701,
    #7702,#7703,#7704,#7705,#7706,#7707,#7708,#7709,#7710,#7711,#7712,
    #7713,#7714,#7715,#7716,#7717,#7718,#7719,#7720,#7721,#7722,#7723,
    #7724,#7725,#7726,#7727,#7728,#7729,#7730,#7731,#7732,#7733,#7734,
    #7735,#7736,#7737),.UNSPECIFIED.,.F.,.F.,(7,5,5,5,5,5,5,5,5,5,7),(0.
    ,9.153264441955E-02,0.152956736188,0.232867425806,0.354559968973,
    0.499999346172,0.645440174498,0.767133234554,0.84704426494,
    0.908468617598,1.),.UNSPECIFIED.);
#7686 = CARTESIAN_POINT('',(31.,-3.552713678801E-15,162.70835153491));
#7687 = CARTESIAN_POINT('',(31.,-0.32052656456,162.70835153491));
#7688 = CARTESIAN_POINT('',(30.996023122921,-0.640387719077,
    162.68593604807));
#7689 = CARTESIAN_POINT('',(30.988099994227,-0.956248470196,
    162.64128011679));
#7690 = CARTESIAN_POINT('',(30.976534605865,-1.264828610205,
    162.57542555209));
#7691 = CARTESIAN_POINT('',(30.961887191309,-1.563065644381,
    162.49025683764));
#7692 = CARTESIAN_POINT('',(30.933421045264,-2.039662622187,
    162.32020737789));
#7693 = CARTESIAN_POINT('',(30.920898555176,-2.225453766577,
    162.24435137837));
#7694 = CARTESIAN_POINT('',(30.907457615432,-2.405335188172,
    162.16152016934));
#7695 = CARTESIAN_POINT('',(30.893275623915,-2.579045665469,
    162.07231493307));
#7696 = CARTESIAN_POINT('',(30.878528415052,-2.746372553126,
    161.97734619353));
#7697 = CARTESIAN_POINT('',(30.843681518937,-3.116319929729,
    161.74699278407));
#7698 = CARTESIAN_POINT('',(30.823300069815,-3.3144758632,161.6080031418
    ));
#7699 = CARTESIAN_POINT('',(30.802571002319,-3.501652230066,
    161.46136709323));
#7700 = CARTESIAN_POINT('',(30.781787683144,-3.677951822631,
    161.3080596229));
#7701 = CARTESIAN_POINT('',(30.761205158405,-3.843526842155,
    161.14894556158));
#7702 = CARTESIAN_POINT('',(30.710330999191,-4.234648954032,
    160.73481935663));
#7703 = CARTESIAN_POINT('',(30.68057529423,-4.446400515743,
    160.47304602455));
#7704 = CARTESIAN_POINT('',(30.65251041199,-4.634644625355,
    160.20192655748));
#7705 = CARTESIAN_POINT('',(30.626682080463,-4.800216584767,
    159.92334640504));
#7706 = CARTESIAN_POINT('',(30.603488998498,-4.943868106952,
    159.63876202227));
#7707 = CARTESIAN_POINT('',(30.559012750904,-5.212359787992,
    159.00343443338));
#7708 = CARTESIAN_POINT('',(30.538986129782,-5.328054962356,
    158.65062862448));
#7709 = CARTESIAN_POINT('',(30.523666205963,-5.414185268212,
    158.29308746251));
#7710 = CARTESIAN_POINT('',(30.513353516317,-5.471389489825,
    157.9325375492));
#7711 = CARTESIAN_POINT('',(30.508195620194,-5.5,157.57047171086));
#7712 = CARTESIAN_POINT('',(30.508195620194,-5.5,156.8462277459));
#7713 = CARTESIAN_POINT('',(30.513353623527,-5.471388901026,
    156.48416166964));
#7714 = CARTESIAN_POINT('',(30.523666328463,-5.414184582443,
    156.12361392614));
#7715 = CARTESIAN_POINT('',(30.538986119671,-5.328054968947,
    155.76607538754));
#7716 = CARTESIAN_POINT('',(30.559012612152,-5.212360625605,
    155.41327061847));
#7717 = CARTESIAN_POINT('',(30.603488998498,-4.943868106952,
    154.77794104756));
#7718 = CARTESIAN_POINT('',(30.626682080463,-4.800216584767,
    154.49335666478));
#7719 = CARTESIAN_POINT('',(30.65251041199,-4.634644625355,
    154.21477651235));
#7720 = CARTESIAN_POINT('',(30.68057529423,-4.446400515743,
    153.94365704528));
#7721 = CARTESIAN_POINT('',(30.710330999191,-4.234648954032,
    153.6818837132));
#7722 = CARTESIAN_POINT('',(30.761205158745,-3.84352683954,
    153.26775750548));
#7723 = CARTESIAN_POINT('',(30.781787682598,-3.677951827492,
    153.108643451));
#7724 = CARTESIAN_POINT('',(30.802571002317,-3.501652229624,
    152.95533597685));
#7725 = CARTESIAN_POINT('',(30.823300070361,-3.314475858129,
    152.80869992408));
#7726 = CARTESIAN_POINT('',(30.843681518601,-3.116319933294,
    152.66971028798));
#7727 = CARTESIAN_POINT('',(30.878528415052,-2.746372553123,
    152.43935687629));
#7728 = CARTESIAN_POINT('',(30.893275623915,-2.579045665469,
    152.34438813675));
#7729 = CARTESIAN_POINT('',(30.907457615432,-2.405335188176,
    152.25518290049));
#7730 = CARTESIAN_POINT('',(30.920898555175,-2.225453766578,
    152.17235169146));
#7731 = CARTESIAN_POINT('',(30.933421045264,-2.039662622183,
    152.09649569193));
#7732 = CARTESIAN_POINT('',(30.961886884089,-1.563070788042,
    151.92644806744));
#7733 = CARTESIAN_POINT('',(30.976534517594,-1.264831990366,
    151.84127795452));
#7734 = CARTESIAN_POINT('',(30.988100227427,-0.956245671413,
    151.77542163183));
#7735 = CARTESIAN_POINT('',(30.996023382745,-0.640378492493,
    151.73076555667));
#7736 = CARTESIAN_POINT('',(31.,-0.320516080778,151.70835153491));
#7737 = CARTESIAN_POINT('',(31.,-2.6645352591E-15,151.70835153491));
#7738 = PCURVE('',#6362,#7739);
#7739 = DEFINITIONAL_REPRESENTATION('',(#7740),#7793);
#7740 = B_SPLINE_CURVE_WITH_KNOTS('',6,(#7741,#7742,#7743,#7744,#7745,
    #7746,#7747,#7748,#7749,#7750,#7751,#7752,#7753,#7754,#7755,#7756,
    #7757,#7758,#7759,#7760,#7761,#7762,#7763,#7764,#7765,#7766,#7767,
    #7768,#7769,#7770,#7771,#7772,#7773,#7774,#7775,#7776,#7777,#7778,
    #7779,#7780,#7781,#7782,#7783,#7784,#7785,#7786,#7787,#7788,#7789,
    #7790,#7791,#7792),.UNSPECIFIED.,.F.,.F.,(7,5,5,5,5,5,5,5,5,5,7),(0.
    ,9.153264441955E-02,0.152956736188,0.232867425806,0.354559968973,
    0.499999346172,0.645440174498,0.767133234554,0.84704426494,
    0.908468617598,1.),.UNSPECIFIED.);
#7741 = CARTESIAN_POINT('',(0.,83.));
#7742 = CARTESIAN_POINT('',(5.827755719279E-02,83.));
#7743 = CARTESIAN_POINT('',(0.116434125542,82.996023122921));
#7744 = CARTESIAN_POINT('',(0.174219651406,82.988099994227));
#7745 = CARTESIAN_POINT('',(0.231386428543,82.976534605865));
#7746 = CARTESIAN_POINT('',(0.287661652238,82.961887191309));
#7747 = CARTESIAN_POINT('',(0.379666233154,82.933421045264));
#7748 = CARTESIAN_POINT('',(0.416116736211,82.920898555176));
#7749 = CARTESIAN_POINT('',(0.452072157313,82.907457615432));
#7750 = CARTESIAN_POINT('',(0.487529727596,82.893275623915));
#7751 = CARTESIAN_POINT('',(0.522482384696,82.878528415052));
#7752 = CARTESIAN_POINT('',(0.601719189465,82.843681518937));
#7753 = CARTESIAN_POINT('',(0.645660764188,82.823300069815));
#7754 = CARTESIAN_POINT('',(0.688804190256,82.802571002319));
#7755 = CARTESIAN_POINT('',(0.731203062135,82.781787683144));
#7756 = CARTESIAN_POINT('',(0.772905874537,82.761205158405));
#7757 = CARTESIAN_POINT('',(0.876474755282,82.710330999191));
#7758 = CARTESIAN_POINT('',(0.937512617866,82.68057529423));
#7759 = CARTESIAN_POINT('',(0.997289479222,82.65251041199));
#7760 = CARTESIAN_POINT('',(1.056000275082,82.626682080463));
#7761 = CARTESIAN_POINT('',(1.113828439417,82.603488998498));
#7762 = CARTESIAN_POINT('',(1.239234085748,82.559012750904));
#7763 = CARTESIAN_POINT('',(1.306509493408,82.538986129782));
#7764 = CARTESIAN_POINT('',(1.373058067152,82.523666205963));
#7765 = CARTESIAN_POINT('',(1.439126094955,82.513353516317));
#7766 = CARTESIAN_POINT('',(1.504956294804,82.508195620194));
#7767 = CARTESIAN_POINT('',(1.636637015707,82.508195620194));
#7768 = CARTESIAN_POINT('',(1.702467265406,82.513353623527));
#7769 = CARTESIAN_POINT('',(1.768534898955,82.523666328463));
#7770 = CARTESIAN_POINT('',(1.835083005229,82.538986119671));
#7771 = CARTESIAN_POINT('',(1.902358176614,82.559012612152));
#7772 = CARTESIAN_POINT('',(2.027764214173,82.603488998498));
#7773 = CARTESIAN_POINT('',(2.085592378508,82.626682080463));
#7774 = CARTESIAN_POINT('',(2.144303174368,82.65251041199));
#7775 = CARTESIAN_POINT('',(2.204080035724,82.68057529423));
#7776 = CARTESIAN_POINT('',(2.265117898308,82.710330999191));
#7777 = CARTESIAN_POINT('',(2.368686779745,82.761205158745));
#7778 = CARTESIAN_POINT('',(2.410389590294,82.781787682598));
#7779 = CARTESIAN_POINT('',(2.452788463367,82.802571002317));
#7780 = CARTESIAN_POINT('',(2.495931890579,82.823300070361));
#7781 = CARTESIAN_POINT('',(2.539873463361,82.843681518601));
#7782 = CARTESIAN_POINT('',(2.619110268894,82.878528415052));
#7783 = CARTESIAN_POINT('',(2.654062925994,82.893275623915));
#7784 = CARTESIAN_POINT('',(2.689520496277,82.907457615431));
#7785 = CARTESIAN_POINT('',(2.725475917379,82.920898555175));
#7786 = CARTESIAN_POINT('',(2.761926420436,82.933421045264));
#7787 = CARTESIAN_POINT('',(2.853930008394,82.961886884089));
#7788 = CARTESIAN_POINT('',(2.910205619414,82.976534517594));
#7789 = CARTESIAN_POINT('',(2.967373546167,82.988100227427));
#7790 = CARTESIAN_POINT('',(3.025160205521,82.996023382745));
#7791 = CARTESIAN_POINT('',(3.083317002539,83.));
#7792 = CARTESIAN_POINT('',(3.14159265359,83.));
#7793 = ( GEOMETRIC_REPRESENTATION_CONTEXT(2) 
PARAMETRIC_REPRESENTATION_CONTEXT() REPRESENTATION_CONTEXT('2D SPACE',''
  ) );
#7794 = PCURVE('',#7423,#7795);
#7795 = DEFINITIONAL_REPRESENTATION('',(#7796),#7849);
#7796 = B_SPLINE_CURVE_WITH_KNOTS('',6,(#7797,#7798,#7799,#7800,#7801,
    #7802,#7803,#7804,#7805,#7806,#7807,#7808,#7809,#7810,#7811,#7812,
    #7813,#7814,#7815,#7816,#7817,#7818,#7819,#7820,#7821,#7822,#7823,
    #7824,#7825,#7826,#7827,#7828,#7829,#7830,#7831,#7832,#7833,#7834,
    #7835,#7836,#7837,#7838,#7839,#7840,#7841,#7842,#7843,#7844,#7845,
    #7846,#7847,#7848),.UNSPECIFIED.,.F.,.F.,(7,5,5,5,5,5,5,5,5,5,7),(0.
    ,9.153264441955E-02,0.152956736188,0.232867425806,0.354559968973,
    0.499999346172,0.645440174498,0.767133234554,0.84704426494,
    0.908468617598,1.),.UNSPECIFIED.);
#7797 = CARTESIAN_POINT('',(6.28318530718,40.5));
#7798 = CARTESIAN_POINT('',(6.272845740581,40.5));
#7799 = CARTESIAN_POINT('',(6.26252763794,40.477584513157));
#7800 = CARTESIAN_POINT('',(6.252336596249,40.43292858188));
#7801 = CARTESIAN_POINT('',(6.242376457689,40.367074017176));
#7802 = CARTESIAN_POINT('',(6.23274485076,40.281905302726));
#7803 = CARTESIAN_POINT('',(6.217343356153,40.111855842981));
#7804 = CARTESIAN_POINT('',(6.211336671287,40.035999843457));
#7805 = CARTESIAN_POINT('',(6.205518089774,39.953168634422));
#7806 = CARTESIAN_POINT('',(6.199896064854,39.863963398161));
#7807 = CARTESIAN_POINT('',(6.194477597939,39.768994658616));
#7808 = CARTESIAN_POINT('',(6.182490986972,39.538641249153));
#7809 = CARTESIAN_POINT('',(6.176065373076,39.399651606883));
#7810 = CARTESIAN_POINT('',(6.169990767227,39.253015558314));
#7811 = CARTESIAN_POINT('',(6.16426448333,39.099708087982));
#7812 = CARTESIAN_POINT('',(6.158882330966,38.940594026665));
#7813 = CARTESIAN_POINT('',(6.146159205345,38.526467821717));
#7814 = CARTESIAN_POINT('',(6.139261755409,38.264694489634));
#7815 = CARTESIAN_POINT('',(6.133122521045,37.993575022563));
#7816 = CARTESIAN_POINT('',(6.127717003318,37.714994870131));
#7817 = CARTESIAN_POINT('',(6.123023120211,37.430410487353));
#7818 = CARTESIAN_POINT('',(6.114244070358,36.795082898471));
#7819 = CARTESIAN_POINT('',(6.11045656699,36.44227708957));
#7820 = CARTESIAN_POINT('',(6.107634565812,36.084735927602));
#7821 = CARTESIAN_POINT('',(6.105759523105,35.724186014287));
#7822 = CARTESIAN_POINT('',(6.10482172525,35.362120175948));
#7823 = CARTESIAN_POINT('',(6.10482172525,34.637876210982));
#7824 = CARTESIAN_POINT('',(6.105759542452,34.275810134727));
#7825 = CARTESIAN_POINT('',(6.107634588228,33.91526239123));
#7826 = CARTESIAN_POINT('',(6.11045656675,33.557723852625));
#7827 = CARTESIAN_POINT('',(6.11424404297,33.20491908356));
#7828 = CARTESIAN_POINT('',(6.123023120211,32.569589512647));
#7829 = CARTESIAN_POINT('',(6.127717003318,32.285005129869));
#7830 = CARTESIAN_POINT('',(6.133122521045,32.006424977437));
#7831 = CARTESIAN_POINT('',(6.139261755409,31.735305510366));
#7832 = CARTESIAN_POINT('',(6.146159205345,31.473532178283));
#7833 = CARTESIAN_POINT('',(6.158882331051,31.059405970566));
#7834 = CARTESIAN_POINT('',(6.164264483172,30.900291916089));
#7835 = CARTESIAN_POINT('',(6.169990767241,30.74698444194));
#7836 = CARTESIAN_POINT('',(6.17606537324,30.600348389164));
#7837 = CARTESIAN_POINT('',(6.182490986857,30.461358753067));
#7838 = CARTESIAN_POINT('',(6.19447759794,30.231005341382));
#7839 = CARTESIAN_POINT('',(6.199896064854,30.13603660184));
#7840 = CARTESIAN_POINT('',(6.205518089774,30.04683136558));
#7841 = CARTESIAN_POINT('',(6.211336671287,29.964000156543));
#7842 = CARTESIAN_POINT('',(6.217343356153,29.888144157017));
#7843 = CARTESIAN_POINT('',(6.23274468454,29.718096532529));
#7844 = CARTESIAN_POINT('',(6.242376348684,29.632926419605));
#7845 = CARTESIAN_POINT('',(6.252336686723,29.567070096914));
#7846 = CARTESIAN_POINT('',(6.262527935579,29.522414021756));
#7847 = CARTESIAN_POINT('',(6.272846078767,29.5));
#7848 = CARTESIAN_POINT('',(6.28318530718,29.5));
#7849 = ( GEOMETRIC_REPRESENTATION_CONTEXT(2) 
PARAMETRIC_REPRESENTATION_CONTEXT() REPRESENTATION_CONTEXT('2D SPACE',''
  ) );
#7850 = ORIENTED_EDGE('',*,*,#7851,.T.);
#7851 = EDGE_CURVE('',#7682,#7659,#7852,.T.);
#7852 = SURFACE_CURVE('',#7853,(#7906,#7962),.PCURVE_S1.);
#7853 = B_SPLINE_CURVE_WITH_KNOTS('',6,(#7854,#7855,#7856,#7857,#7858,
    #7859,#7860,#7861,#7862,#7863,#7864,#7865,#7866,#7867,#7868,#7869,
    #7870,#7871,#7872,#7873,#7874,#7875,#7876,#7877,#7878,#7879,#7880,
    #7881,#7882,#7883,#7884,#7885,#7886,#7887,#7888,#7889,#7890,#7891,
    #7892,#7893,#7894,#7895,#7896,#7897,#7898,#7899,#7900,#7901,#7902,
    #7903,#7904,#7905),.UNSPECIFIED.,.F.,.F.,(7,5,5,5,5,5,5,5,5,5,7),(0.
    ,9.15332765718E-02,0.15295779257,0.232869035457,0.354562419118,
    0.50000280084,0.645444633686,0.767138534242,0.847050115204,
    0.908474892112,1.),.UNSPECIFIED.);
#7854 = CARTESIAN_POINT('',(31.,8.844674573222E-16,151.70835153491));
#7855 = CARTESIAN_POINT('',(31.,0.320526564647,151.70835153491));
#7856 = CARTESIAN_POINT('',(30.996023122919,0.640387719055,
    151.73076702177));
#7857 = CARTESIAN_POINT('',(30.98809999423,0.95624847011,151.77542295302
    ));
#7858 = CARTESIAN_POINT('',(30.976534605869,1.264828610183,
    151.84127751772));
#7859 = CARTESIAN_POINT('',(30.961887191304,1.563065644462,
    151.92644623222));
#7860 = CARTESIAN_POINT('',(30.933421045264,2.039662622183,
    152.09649569193));
#7861 = CARTESIAN_POINT('',(30.920898555176,2.225453766578,
    152.17235169146));
#7862 = CARTESIAN_POINT('',(30.907457615432,2.405335188176,
    152.25518290049));
#7863 = CARTESIAN_POINT('',(30.893275623915,2.579045665469,
    152.34438813675));
#7864 = CARTESIAN_POINT('',(30.878528415052,2.746372553123,
    152.43935687629));
#7865 = CARTESIAN_POINT('',(30.843681518602,3.116319933292,
    152.66971028798));
#7866 = CARTESIAN_POINT('',(30.823300070361,3.31447585813,
    152.80869992408));
#7867 = CARTESIAN_POINT('',(30.802571002317,3.501652229626,
    152.95533597685));
#7868 = CARTESIAN_POINT('',(30.781787682598,3.677951827492,153.108643451
    ));
#7869 = CARTESIAN_POINT('',(30.761205158745,3.843526839538,
    153.26775750548));
#7870 = CARTESIAN_POINT('',(30.710330999191,4.234648954032,
    153.6818837132));
#7871 = CARTESIAN_POINT('',(30.68057529423,4.446400515743,
    153.94365704528));
#7872 = CARTESIAN_POINT('',(30.65251041199,4.634644625355,
    154.21477651235));
#7873 = CARTESIAN_POINT('',(30.626682080463,4.800216584768,
    154.49335666478));
#7874 = CARTESIAN_POINT('',(30.603488998498,4.943868106952,
    154.77794104756));
#7875 = CARTESIAN_POINT('',(30.559012750901,5.212359788008,
    155.41326863648));
#7876 = CARTESIAN_POINT('',(30.538986129788,5.328054962323,
    155.76607444528));
#7877 = CARTESIAN_POINT('',(30.523666205959,5.414185268236,
    156.12361560731));
#7878 = CARTESIAN_POINT('',(30.513353516318,5.47138948982,
    156.48416552069));
#7879 = CARTESIAN_POINT('',(30.508195620194,5.5,156.84623135893));
#7880 = CARTESIAN_POINT('',(30.508195620194,5.5,157.57047532393));
#7881 = CARTESIAN_POINT('',(30.513353623527,5.471388901026,
    157.93254140019));
#7882 = CARTESIAN_POINT('',(30.523666328463,5.414184582443,
    158.29308914368));
#7883 = CARTESIAN_POINT('',(30.538986119671,5.328054968947,
    158.65062768229));
#7884 = CARTESIAN_POINT('',(30.559012612152,5.212360625605,
    159.00343245135));
#7885 = CARTESIAN_POINT('',(30.603488998498,4.943868106952,
    159.63876202227));
#7886 = CARTESIAN_POINT('',(30.626682080463,4.800216584767,
    159.92334640504));
#7887 = CARTESIAN_POINT('',(30.65251041199,4.634644625355,
    160.20192655748));
#7888 = CARTESIAN_POINT('',(30.68057529423,4.446400515743,
    160.47304602455));
#7889 = CARTESIAN_POINT('',(30.710330999191,4.234648954033,
    160.73481935663));
#7890 = CARTESIAN_POINT('',(30.761205158405,3.843526842155,
    161.14894556158));
#7891 = CARTESIAN_POINT('',(30.781787683144,3.677951822631,
    161.3080596229));
#7892 = CARTESIAN_POINT('',(30.802571002319,3.501652230066,
    161.46136709323));
#7893 = CARTESIAN_POINT('',(30.823300069815,3.3144758632,161.6080031418)
  );
#7894 = CARTESIAN_POINT('',(30.843681518937,3.116319929729,
    161.74699278407));
#7895 = CARTESIAN_POINT('',(30.878528415052,2.746372553126,
    161.97734619353));
#7896 = CARTESIAN_POINT('',(30.893275623915,2.579045665469,
    162.07231493307));
#7897 = CARTESIAN_POINT('',(30.907457615432,2.405335188172,
    162.16152016934));
#7898 = CARTESIAN_POINT('',(30.920898555176,2.225453766577,
    162.24435137837));
#7899 = CARTESIAN_POINT('',(30.933421045264,2.039662622187,
    162.32020737789));
#7900 = CARTESIAN_POINT('',(30.961885598724,1.563092308374,
    162.49024732395));
#7901 = CARTESIAN_POINT('',(30.976534325659,1.264843139181,
    162.57542434834));
#7902 = CARTESIAN_POINT('',(30.988101187881,0.956232177046,
    162.64128679869));
#7903 = CARTESIAN_POINT('',(30.996024238558,0.640344033594,
    162.68594237742));
#7904 = CARTESIAN_POINT('',(31.,0.320481373282,162.70835153491));
#7905 = CARTESIAN_POINT('',(31.,6.73555739531E-16,162.70835153491));
#7906 = PCURVE('',#6362,#7907);
#7907 = DEFINITIONAL_REPRESENTATION('',(#7908),#7961);
#7908 = B_SPLINE_CURVE_WITH_KNOTS('',6,(#7909,#7910,#7911,#7912,#7913,
    #7914,#7915,#7916,#7917,#7918,#7919,#7920,#7921,#7922,#7923,#7924,
    #7925,#7926,#7927,#7928,#7929,#7930,#7931,#7932,#7933,#7934,#7935,
    #7936,#7937,#7938,#7939,#7940,#7941,#7942,#7943,#7944,#7945,#7946,
    #7947,#7948,#7949,#7950,#7951,#7952,#7953,#7954,#7955,#7956,#7957,
    #7958,#7959,#7960),.UNSPECIFIED.,.F.,.F.,(7,5,5,5,5,5,5,5,5,5,7),(0.
    ,9.15332765718E-02,0.15295779257,0.232869035457,0.354562419118,
    0.50000280084,0.645444633686,0.767138534242,0.847050115204,
    0.908474892112,1.),.UNSPECIFIED.);
#7909 = CARTESIAN_POINT('',(3.14159265359,83.));
#7910 = CARTESIAN_POINT('',(3.199870210798,83.));
#7911 = CARTESIAN_POINT('',(3.258026779127,82.996023122919));
#7912 = CARTESIAN_POINT('',(3.31581230498,82.98809999423));
#7913 = CARTESIAN_POINT('',(3.372979082128,82.976534605869));
#7914 = CARTESIAN_POINT('',(3.429254305844,82.961887191304));
#7915 = CARTESIAN_POINT('',(3.521258886743,82.933421045264));
#7916 = CARTESIAN_POINT('',(3.557709389801,82.920898555175));
#7917 = CARTESIAN_POINT('',(3.593664810903,82.907457615431));
#7918 = CARTESIAN_POINT('',(3.629122381186,82.893275623915));
#7919 = CARTESIAN_POINT('',(3.664075038286,82.878528415052));
#7920 = CARTESIAN_POINT('',(3.743311843818,82.843681518602));
#7921 = CARTESIAN_POINT('',(3.787253416601,82.823300070361));
#7922 = CARTESIAN_POINT('',(3.830396843813,82.802571002317));
#7923 = CARTESIAN_POINT('',(3.872795716886,82.781787682598));
#7924 = CARTESIAN_POINT('',(3.914498527434,82.761205158745));
#7925 = CARTESIAN_POINT('',(4.018067408871,82.710330999191));
#7926 = CARTESIAN_POINT('',(4.079105271456,82.68057529423));
#7927 = CARTESIAN_POINT('',(4.138882132812,82.65251041199));
#7928 = CARTESIAN_POINT('',(4.197592928672,82.626682080463));
#7929 = CARTESIAN_POINT('',(4.255421093007,82.603488998498));
#7930 = CARTESIAN_POINT('',(4.380826739345,82.559012750901));
#7931 = CARTESIAN_POINT('',(4.448102146986,82.538986129788));
#7932 = CARTESIAN_POINT('',(4.514650720742,82.523666205959));
#7933 = CARTESIAN_POINT('',(4.580718748556,82.513353516318));
#7934 = CARTESIAN_POINT('',(4.646548948388,82.508195620194));
#7935 = CARTESIAN_POINT('',(4.778229669297,82.508195620194));
#7936 = CARTESIAN_POINT('',(4.844059918996,82.513353623527));
#7937 = CARTESIAN_POINT('',(4.910127552545,82.523666328463));
#7938 = CARTESIAN_POINT('',(4.976675658819,82.538986119671));
#7939 = CARTESIAN_POINT('',(5.043950830204,82.559012612152));
#7940 = CARTESIAN_POINT('',(5.169356867763,82.603488998498));
#7941 = CARTESIAN_POINT('',(5.227185032097,82.626682080463));
#7942 = CARTESIAN_POINT('',(5.285895827958,82.65251041199));
#7943 = CARTESIAN_POINT('',(5.345672689313,82.68057529423));
#7944 = CARTESIAN_POINT('',(5.406710551898,82.710330999191));
#7945 = CARTESIAN_POINT('',(5.510279432642,82.761205158405));
#7946 = CARTESIAN_POINT('',(5.551982245045,82.781787683144));
#7947 = CARTESIAN_POINT('',(5.594381116924,82.802571002319));
#7948 = CARTESIAN_POINT('',(5.637524542992,82.823300069815));
#7949 = CARTESIAN_POINT('',(5.681466117714,82.843681518937));
#7950 = CARTESIAN_POINT('',(5.760702922483,82.878528415052));
#7951 = CARTESIAN_POINT('',(5.795655579584,82.893275623915));
#7952 = CARTESIAN_POINT('',(5.831113149867,82.907457615432));
#7953 = CARTESIAN_POINT('',(5.867068570969,82.920898555175));
#7954 = CARTESIAN_POINT('',(5.903519074025,82.933421045264));
#7955 = CARTESIAN_POINT('',(5.995518507595,82.961885598724));
#7956 = CARTESIAN_POINT('',(6.051796316715,82.976534325659));
#7957 = CARTESIAN_POINT('',(6.108968770234,82.988101187881));
#7958 = CARTESIAN_POINT('',(6.166759123824,82.996024238558));
#7959 = CARTESIAN_POINT('',(6.224915966583,83.));
#7960 = CARTESIAN_POINT('',(6.28318530718,83.));
#7961 = ( GEOMETRIC_REPRESENTATION_CONTEXT(2) 
PARAMETRIC_REPRESENTATION_CONTEXT() REPRESENTATION_CONTEXT('2D SPACE',''
  ) );
#7962 = PCURVE('',#7423,#7963);
#7963 = DEFINITIONAL_REPRESENTATION('',(#7964),#8017);
#7964 = B_SPLINE_CURVE_WITH_KNOTS('',6,(#7965,#7966,#7967,#7968,#7969,
    #7970,#7971,#7972,#7973,#7974,#7975,#7976,#7977,#7978,#7979,#7980,
    #7981,#7982,#7983,#7984,#7985,#7986,#7987,#7988,#7989,#7990,#7991,
    #7992,#7993,#7994,#7995,#7996,#7997,#7998,#7999,#8000,#8001,#8002,
    #8003,#8004,#8005,#8006,#8007,#8008,#8009,#8010,#8011,#8012,#8013,
    #8014,#8015,#8016),.UNSPECIFIED.,.F.,.F.,(7,5,5,5,5,5,5,5,5,5,7),(0.
    ,9.15332765718E-02,0.15295779257,0.232869035457,0.354562419118,
    0.50000280084,0.645444633686,0.767138534242,0.847050115204,
    0.908474892112,1.),.UNSPECIFIED.);
#7965 = CARTESIAN_POINT('',(0.,29.5));
#7966 = CARTESIAN_POINT('',(1.03395666015E-02,29.5));
#7967 = CARTESIAN_POINT('',(2.065766923857E-02,29.522415486855));
#7968 = CARTESIAN_POINT('',(3.084871092772E-02,29.567071418105));
#7969 = CARTESIAN_POINT('',(4.080884949014E-02,29.632925982804));
#7970 = CARTESIAN_POINT('',(5.044045642227E-02,29.718094697303));
#7971 = CARTESIAN_POINT('',(6.584195102666E-02,29.888144157017));
#7972 = CARTESIAN_POINT('',(7.184863589219E-02,29.964000156543));
#7973 = CARTESIAN_POINT('',(7.766721740585E-02,30.04683136558));
#7974 = CARTESIAN_POINT('',(8.328924232526E-02,30.13603660184));
#7975 = CARTESIAN_POINT('',(8.870770924007E-02,30.231005341382));
#7976 = CARTESIAN_POINT('',(0.100694320323,30.461358753066));
#7977 = CARTESIAN_POINT('',(0.10711993394,30.600348389164));
#7978 = CARTESIAN_POINT('',(0.113194539939,30.746984441942));
#7979 = CARTESIAN_POINT('',(0.118920824007,30.90029191609));
#7980 = CARTESIAN_POINT('',(0.124302976129,31.059405970564));
#7981 = CARTESIAN_POINT('',(0.137026101835,31.473532178284));
#7982 = CARTESIAN_POINT('',(0.143923551771,31.735305510366));
#7983 = CARTESIAN_POINT('',(0.150062786134,32.006424977437));
#7984 = CARTESIAN_POINT('',(0.155468303862,32.285005129869));
#7985 = CARTESIAN_POINT('',(0.160162186969,32.569589512647));
#7986 = CARTESIAN_POINT('',(0.168941236823,33.204917101569));
#7987 = CARTESIAN_POINT('',(0.172728740189,33.557722910369));
#7988 = CARTESIAN_POINT('',(0.175550741368,33.915264072393));
#7989 = CARTESIAN_POINT('',(0.177425784074,34.275813985777));
#7990 = CARTESIAN_POINT('',(0.17836358193,34.637879824017));
#7991 = CARTESIAN_POINT('',(0.17836358193,35.362123789018));
#7992 = CARTESIAN_POINT('',(0.177425764727,35.724189865273));
#7993 = CARTESIAN_POINT('',(0.175550718952,36.084737608771));
#7994 = CARTESIAN_POINT('',(0.17272874043,36.442276147374));
#7995 = CARTESIAN_POINT('',(0.16894126421,36.79508091644));
#7996 = CARTESIAN_POINT('',(0.160162186969,37.430410487353));
#7997 = CARTESIAN_POINT('',(0.155468303862,37.714994870131));
#7998 = CARTESIAN_POINT('',(0.150062786134,37.993575022563));
#7999 = CARTESIAN_POINT('',(0.143923551771,38.264694489634));
#8000 = CARTESIAN_POINT('',(0.137026101835,38.526467821716));
#8001 = CARTESIAN_POINT('',(0.124302976214,38.940594026665));
#8002 = CARTESIAN_POINT('',(0.118920823849,39.099708087983));
#8003 = CARTESIAN_POINT('',(0.113194539953,39.253015558314));
#8004 = CARTESIAN_POINT('',(0.107119934104,39.399651606883));
#8005 = CARTESIAN_POINT('',(0.100694320207,39.538641249153));
#8006 = CARTESIAN_POINT('',(8.870770924016E-02,39.768994658616));
#8007 = CARTESIAN_POINT('',(8.328924232523E-02,39.863963398161));
#8008 = CARTESIAN_POINT('',(7.766721740574E-02,39.953168634422));
#8009 = CARTESIAN_POINT('',(7.184863589216E-02,40.035999843457));
#8010 = CARTESIAN_POINT('',(6.584195102677E-02,40.111855842982));
#8011 = CARTESIAN_POINT('',(5.044131808132E-02,40.281895789032));
#8012 = CARTESIAN_POINT('',(4.080931779305E-02,40.36707281343));
#8013 = CARTESIAN_POINT('',(3.084818458151E-02,40.432935263776));
#8014 = CARTESIAN_POINT('',(2.065625994412E-02,40.477590842502));
#8015 = CARTESIAN_POINT('',(1.033810881556E-02,40.5));
#8016 = CARTESIAN_POINT('',(0.,40.5));
#8017 = ( GEOMETRIC_REPRESENTATION_CONTEXT(2) 
PARAMETRIC_REPRESENTATION_CONTEXT() REPRESENTATION_CONTEXT('2D SPACE',''
  ) );
#8018 = ORIENTED_EDGE('',*,*,#7658,.T.);
#8019 = ORIENTED_EDGE('',*,*,#6248,.F.);
#8020 = ADVANCED_FACE('',(#8021,#8024),#6461,.F.);
#8021 = FACE_BOUND('',#8022,.F.);
#8022 = EDGE_LOOP('',(#8023));
#8023 = ORIENTED_EDGE('',*,*,#6446,.T.);
#8024 = FACE_BOUND('',#8025,.F.);
#8025 = EDGE_LOOP('',(#8026));
#8026 = ORIENTED_EDGE('',*,*,#8027,.F.);
#8027 = EDGE_CURVE('',#8028,#8028,#8030,.T.);
#8028 = VERTEX_POINT('',#8029);
#8029 = CARTESIAN_POINT('',(31.,-7.592810154714E-15,122.20835153491));
#8030 = SURFACE_CURVE('',#8031,(#8036,#8043),.PCURVE_S1.);
#8031 = CIRCLE('',#8032,31.);
#8032 = AXIS2_PLACEMENT_3D('',#8033,#8034,#8035);
#8033 = CARTESIAN_POINT('',(0.,0.,122.20835153491));
#8034 = DIRECTION('',(0.,0.,1.));
#8035 = DIRECTION('',(1.,0.,0.));
#8036 = PCURVE('',#6461,#8037);
#8037 = DEFINITIONAL_REPRESENTATION('',(#8038),#8042);
#8038 = CIRCLE('',#8039,31.);
#8039 = AXIS2_PLACEMENT_2D('',#8040,#8041);
#8040 = CARTESIAN_POINT('',(0.,0.));
#8041 = DIRECTION('',(1.,0.));
#8042 = ( GEOMETRIC_REPRESENTATION_CONTEXT(2) 
PARAMETRIC_REPRESENTATION_CONTEXT() REPRESENTATION_CONTEXT('2D SPACE',''
  ) );
#8043 = PCURVE('',#7423,#8044);
#8044 = DEFINITIONAL_REPRESENTATION('',(#8045),#8049);
#8045 = LINE('',#8046,#8047);
#8046 = CARTESIAN_POINT('',(0.,0.));
#8047 = VECTOR('',#8048,1.);
#8048 = DIRECTION('',(1.,0.));
#8049 = ( GEOMETRIC_REPRESENTATION_CONTEXT(2) 
PARAMETRIC_REPRESENTATION_CONTEXT() REPRESENTATION_CONTEXT('2D SPACE',''
  ) );
#8050 = ADVANCED_FACE('',(#8051,#8082),#6044,.F.);
#8051 = FACE_BOUND('',#8052,.F.);
#8052 = EDGE_LOOP('',(#8053));
#8053 = ORIENTED_EDGE('',*,*,#8054,.T.);
#8054 = EDGE_CURVE('',#8055,#8055,#8057,.T.);
#8055 = VERTEX_POINT('',#8056);
#8056 = CARTESIAN_POINT('',(70.,-1.714505518806E-14,236.20835153491));
#8057 = SURFACE_CURVE('',#8058,(#8063,#8070),.PCURVE_S1.);
#8058 = CIRCLE('',#8059,70.);
#8059 = AXIS2_PLACEMENT_3D('',#8060,#8061,#8062);
#8060 = CARTESIAN_POINT('',(0.,0.,236.20835153491));
#8061 = DIRECTION('',(0.,0.,1.));
#8062 = DIRECTION('',(1.,0.,0.));
#8063 = PCURVE('',#6044,#8064);
#8064 = DEFINITIONAL_REPRESENTATION('',(#8065),#8069);
#8065 = CIRCLE('',#8066,70.);
#8066 = AXIS2_PLACEMENT_2D('',#8067,#8068);
#8067 = CARTESIAN_POINT('',(0.,0.));
#8068 = DIRECTION('',(1.,0.));
#8069 = ( GEOMETRIC_REPRESENTATION_CONTEXT(2) 
PARAMETRIC_REPRESENTATION_CONTEXT() REPRESENTATION_CONTEXT('2D SPACE',''
  ) );
#8070 = PCURVE('',#8071,#8076);
#8071 = CYLINDRICAL_SURFACE('',#8072,70.);
#8072 = AXIS2_PLACEMENT_3D('',#8073,#8074,#8075);
#8073 = CARTESIAN_POINT('',(0.,0.,236.20835153491));
#8074 = DIRECTION('',(0.,0.,1.));
#8075 = DIRECTION('',(1.,0.,0.));
#8076 = DEFINITIONAL_REPRESENTATION('',(#8077),#8081);
#8077 = LINE('',#8078,#8079);
#8078 = CARTESIAN_POINT('',(0.,0.));
#8079 = VECTOR('',#8080,1.);
#8080 = DIRECTION('',(1.,0.));
#8081 = ( GEOMETRIC_REPRESENTATION_CONTEXT(2) 
PARAMETRIC_REPRESENTATION_CONTEXT() REPRESENTATION_CONTEXT('2D SPACE',''
  ) );
#8082 = FACE_BOUND('',#8083,.F.);
#8083 = EDGE_LOOP('',(#8084));
#8084 = ORIENTED_EDGE('',*,*,#6029,.F.);
#8085 = ADVANCED_FACE('',(#8086),#6849,.F.);
#8086 = FACE_BOUND('',#8087,.F.);
#8087 = EDGE_LOOP('',(#8088,#8393,#8414,#8415));
#8088 = ORIENTED_EDGE('',*,*,#8089,.F.);
#8089 = EDGE_CURVE('',#8090,#8090,#8092,.T.);
#8090 = VERTEX_POINT('',#8091);
#8091 = CARTESIAN_POINT('',(-31.,1.347111479062E-15,162.70835153491));
#8092 = SURFACE_CURVE('',#8093,(#8191,#8292),.PCURVE_S1.);
#8093 = B_SPLINE_CURVE_WITH_KNOTS('',6,(#8094,#8095,#8096,#8097,#8098,
    #8099,#8100,#8101,#8102,#8103,#8104,#8105,#8106,#8107,#8108,#8109,
    #8110,#8111,#8112,#8113,#8114,#8115,#8116,#8117,#8118,#8119,#8120,
    #8121,#8122,#8123,#8124,#8125,#8126,#8127,#8128,#8129,#8130,#8131,
    #8132,#8133,#8134,#8135,#8136,#8137,#8138,#8139,#8140,#8141,#8142,
    #8143,#8144,#8145,#8146,#8147,#8148,#8149,#8150,#8151,#8152,#8153,
    #8154,#8155,#8156,#8157,#8158,#8159,#8160,#8161,#8162,#8163,#8164,
    #8165,#8166,#8167,#8168,#8169,#8170,#8171,#8172,#8173,#8174,#8175,
    #8176,#8177,#8178,#8179,#8180,#8181,#8182,#8183,#8184,#8185,#8186,
    #8187,#8188,#8189,#8190),.UNSPECIFIED.,.T.,.F.,(7,5,5,5,5,5,5,5,5,5,
    5,5,5,5,5,5,5,5,5,7),(0.,4.580309308359E-02,7.653981451706E-02,
    0.116527261389,0.17742241982,0.250200534946,0.322979376211,
    0.383874793294,0.423862410012,0.479653252986,0.530432212258,
    0.576676802131,0.616613752594,0.677432012222,0.750118222679,
    0.822805158359,0.883623671635,0.923560792446,0.954258829763,1.),
  .UNSPECIFIED.);
#8094 = CARTESIAN_POINT('',(-31.,2.6645352591E-15,162.70835153491));
#8095 = CARTESIAN_POINT('',(-31.,-0.320526564646,162.70835153491));
#8096 = CARTESIAN_POINT('',(-30.99602312291,-0.640387719055,
    162.68593604806));
#8097 = CARTESIAN_POINT('',(-30.98809999423,-0.95624847011,
    162.64128011681));
#8098 = CARTESIAN_POINT('',(-30.97653460586,-1.264828610184,
    162.57542555211));
#8099 = CARTESIAN_POINT('',(-30.9618871913,-1.563065644462,
    162.49025683761));
#8100 = CARTESIAN_POINT('',(-30.93342104526,-2.039662622183,
    162.3202073779));
#8101 = CARTESIAN_POINT('',(-30.92089855517,-2.225453766578,
    162.24435137837));
#8102 = CARTESIAN_POINT('',(-30.90745761543,-2.405335188175,
    162.16152016933));
#8103 = CARTESIAN_POINT('',(-30.89327562391,-2.579045665469,
    162.07231493307));
#8104 = CARTESIAN_POINT('',(-30.87852841505,-2.746372553123,
    161.97734619353));
#8105 = CARTESIAN_POINT('',(-30.84368151893,-3.116319929726,
    161.74699278407));
#8106 = CARTESIAN_POINT('',(-30.82330006981,-3.314475863201,
    161.6080031418));
#8107 = CARTESIAN_POINT('',(-30.80257100231,-3.501652230068,
    161.46136709323));
#8108 = CARTESIAN_POINT('',(-30.78178768314,-3.677951822631,
    161.30805962289));
#8109 = CARTESIAN_POINT('',(-30.7612051584,-3.843526842153,
    161.14894556158));
#8110 = CARTESIAN_POINT('',(-30.71033099919,-4.234648954032,
    160.73481935663));
#8111 = CARTESIAN_POINT('',(-30.68057529423,-4.446400515743,
    160.47304602455));
#8112 = CARTESIAN_POINT('',(-30.65251041199,-4.634644625355,
    160.20192655748));
#8113 = CARTESIAN_POINT('',(-30.62668208046,-4.800216584767,
    159.92334640504));
#8114 = CARTESIAN_POINT('',(-30.60348899849,-4.943868106952,
    159.63876202227));
#8115 = CARTESIAN_POINT('',(-30.5590127509,-5.212359787991,
    159.00343443338));
#8116 = CARTESIAN_POINT('',(-30.53898612978,-5.328054962356,
    158.65062862448));
#8117 = CARTESIAN_POINT('',(-30.52366620596,-5.414185268212,
    158.29308746251));
#8118 = CARTESIAN_POINT('',(-30.51335351631,-5.471389489825,
    157.9325375492));
#8119 = CARTESIAN_POINT('',(-30.50819562019,-5.5,157.57047171086));
#8120 = CARTESIAN_POINT('',(-30.50819562019,-5.5,156.84622774593));
#8121 = CARTESIAN_POINT('',(-30.51335362352,-5.471388901032,
    156.48416166958));
#8122 = CARTESIAN_POINT('',(-30.52366632846,-5.414184582421,
    156.12361392615));
#8123 = CARTESIAN_POINT('',(-30.53898611966,-5.328054968976,
    155.76607538759));
#8124 = CARTESIAN_POINT('',(-30.55901261215,-5.21236062559,
    155.41327061844));
#8125 = CARTESIAN_POINT('',(-30.60348899849,-4.943868106952,
    154.77794104756));
#8126 = CARTESIAN_POINT('',(-30.62668208046,-4.800216584767,
    154.49335666478));
#8127 = CARTESIAN_POINT('',(-30.65251041199,-4.634644625355,
    154.21477651235));
#8128 = CARTESIAN_POINT('',(-30.68057529423,-4.446400515743,
    153.94365704528));
#8129 = CARTESIAN_POINT('',(-30.71033099919,-4.234648954032,
    153.6818837132));
#8130 = CARTESIAN_POINT('',(-30.7612051584,-3.843526842155,
    153.26775750825));
#8131 = CARTESIAN_POINT('',(-30.78178768314,-3.677951822631,
    153.10864344693));
#8132 = CARTESIAN_POINT('',(-30.80257100231,-3.501652230065,
    152.9553359766));
#8133 = CARTESIAN_POINT('',(-30.82330006981,-3.3144758632,
    152.80869992803));
#8134 = CARTESIAN_POINT('',(-30.84368151893,-3.116319929729,
    152.66971028576));
#8135 = CARTESIAN_POINT('',(-30.89087285308,-2.615319490311,
    152.35775467623));
#8136 = CARTESIAN_POINT('',(-30.91715782398,-2.300804899719,
    152.19229359601));
#8137 = CARTESIAN_POINT('',(-30.94111607638,-1.965323222429,
    152.04768689637));
#8138 = CARTESIAN_POINT('',(-30.9615701623,-1.611315413066,
    151.92794698849));
#8139 = CARTESIAN_POINT('',(-30.9774671602,-1.241827421835,
    151.83647948427));
#8140 = CARTESIAN_POINT('',(-30.99769715685,-0.513217571535,
    151.72107902091));
#8141 = CARTESIAN_POINT('',(-31.00290015344,-0.157592935678,
    151.69204644302));
#8142 = CARTESIAN_POINT('',(-31.00310563825,0.201399586502,
    151.69102185866));
#8143 = CARTESIAN_POINT('',(-30.9981799945,0.558398858321,
    151.71836555227));
#8144 = CARTESIAN_POINT('',(-30.98853774815,0.908125082112,
    151.77277881512));
#8145 = CARTESIAN_POINT('',(-30.96259482404,1.553192316372,
    151.92278277379));
#8146 = CARTESIAN_POINT('',(-30.946975352,1.850358605653,152.0142062773)
  );
#8147 = CARTESIAN_POINT('',(-30.92862183376,2.135588321269,
    152.12371282742));
#8148 = CARTESIAN_POINT('',(-30.90814803146,2.407489446884,
    152.24926947235));
#8149 = CARTESIAN_POINT('',(-30.88619819264,2.664947392869,
    152.38865625111));
#8150 = CARTESIAN_POINT('',(-30.84368151893,3.11631992973,
    152.66971028576));
#8151 = CARTESIAN_POINT('',(-30.82330006981,3.3144758632,152.80869992803
    ));
#8152 = CARTESIAN_POINT('',(-30.80257100231,3.501652230065,
    152.9553359766));
#8153 = CARTESIAN_POINT('',(-30.78178768314,3.677951822631,
    153.10864344693));
#8154 = CARTESIAN_POINT('',(-30.7612051584,3.843526842155,
    153.26775750825));
#8155 = CARTESIAN_POINT('',(-30.71033099919,4.234648954032,
    153.6818837132));
#8156 = CARTESIAN_POINT('',(-30.68057529423,4.446400515743,
    153.94365704528));
#8157 = CARTESIAN_POINT('',(-30.65251041199,4.634644625355,
    154.21477651235));
#8158 = CARTESIAN_POINT('',(-30.62668208046,4.800216584767,
    154.49335666478));
#8159 = CARTESIAN_POINT('',(-30.60348899849,4.943868106952,
    154.77794104756));
#8160 = CARTESIAN_POINT('',(-30.5590127509,5.212359788008,
    155.41326863648));
#8161 = CARTESIAN_POINT('',(-30.53898612978,5.328054962323,
    155.76607444528));
#8162 = CARTESIAN_POINT('',(-30.52366620595,5.414185268236,
    156.12361560731));
#8163 = CARTESIAN_POINT('',(-30.51335351631,5.47138948982,
    156.48416552069));
#8164 = CARTESIAN_POINT('',(-30.50819562019,5.5,156.84623135893));
#8165 = CARTESIAN_POINT('',(-30.50819562019,5.5,157.57047532393));
#8166 = CARTESIAN_POINT('',(-30.51335362352,5.471388901026,
    157.93254140019));
#8167 = CARTESIAN_POINT('',(-30.52366632846,5.414184582443,
    158.29308914368));
#8168 = CARTESIAN_POINT('',(-30.53898611967,5.328054968947,
    158.65062768229));
#8169 = CARTESIAN_POINT('',(-30.55901261215,5.212360625605,
    159.00343245135));
#8170 = CARTESIAN_POINT('',(-30.60348899694,4.943868116359,159.638762));
#8171 = CARTESIAN_POINT('',(-30.62668208357,4.800216563379,
    159.92334643898));
#8172 = CARTESIAN_POINT('',(-30.6525104116,4.634644629535,
    160.20192655876));
#8173 = CARTESIAN_POINT('',(-30.68057529093,4.446400539108,
    160.47304599121));
#8174 = CARTESIAN_POINT('',(-30.71033100158,4.234648935635,
    160.73481937611));
#8175 = CARTESIAN_POINT('',(-30.76120515874,3.843526839538,
    161.14894556435));
#8176 = CARTESIAN_POINT('',(-30.78178768259,3.677951827492,
    161.30805961882));
#8177 = CARTESIAN_POINT('',(-30.80257100231,3.501652229626,
    161.46136709297));
#8178 = CARTESIAN_POINT('',(-30.82330007036,3.31447585813,
    161.60800314575));
#8179 = CARTESIAN_POINT('',(-30.8436815186,3.116319933291,
    161.74699278185));
#8180 = CARTESIAN_POINT('',(-30.87852841505,2.746372553126,
    161.97734619353));
#8181 = CARTESIAN_POINT('',(-30.89327562391,2.579045665469,
    162.07231493307));
#8182 = CARTESIAN_POINT('',(-30.90745761543,2.405335188172,
    162.16152016934));
#8183 = CARTESIAN_POINT('',(-30.92089855517,2.225453766577,
    162.24435137837));
#8184 = CARTESIAN_POINT('',(-30.93342104526,2.039662622187,
    162.32020737789));
#8185 = CARTESIAN_POINT('',(-30.96188559872,1.563092308374,
    162.49024732395));
#8186 = CARTESIAN_POINT('',(-30.97653432565,1.264843139181,
    162.57542434834));
#8187 = CARTESIAN_POINT('',(-30.98810118788,0.956232177046,
    162.64128679869));
#8188 = CARTESIAN_POINT('',(-30.99602423855,0.640344033594,
    162.68594237742));
#8189 = CARTESIAN_POINT('',(-31.,0.320481373283,162.70835153491));
#8190 = CARTESIAN_POINT('',(-31.,2.6645352591E-15,162.70835153491));
#8191 = PCURVE('',#6849,#8192);
#8192 = DEFINITIONAL_REPRESENTATION('',(#8193),#8291);
#8193 = B_SPLINE_CURVE_WITH_KNOTS('',6,(#8194,#8195,#8196,#8197,#8198,
    #8199,#8200,#8201,#8202,#8203,#8204,#8205,#8206,#8207,#8208,#8209,
    #8210,#8211,#8212,#8213,#8214,#8215,#8216,#8217,#8218,#8219,#8220,
    #8221,#8222,#8223,#8224,#8225,#8226,#8227,#8228,#8229,#8230,#8231,
    #8232,#8233,#8234,#8235,#8236,#8237,#8238,#8239,#8240,#8241,#8242,
    #8243,#8244,#8245,#8246,#8247,#8248,#8249,#8250,#8251,#8252,#8253,
    #8254,#8255,#8256,#8257,#8258,#8259,#8260,#8261,#8262,#8263,#8264,
    #8265,#8266,#8267,#8268,#8269,#8270,#8271,#8272,#8273,#8274,#8275,
    #8276,#8277,#8278,#8279,#8280,#8281,#8282,#8283,#8284,#8285,#8286,
    #8287,#8288,#8289,#8290),.UNSPECIFIED.,.F.,.F.,(7,5,5,5,5,5,5,5,5,5,
    5,5,5,5,5,5,5,5,5,7),(0.,4.580309308359E-02,7.653981451706E-02,
    0.116527261389,0.17742241982,0.250200534946,0.322979376211,
    0.383874793294,0.423862410012,0.479653252986,0.530432212258,
    0.576676802131,0.616613752594,0.677432012222,0.750118222679,
    0.822805158359,0.883623671635,0.923560792446,0.954258829763,1.),
  .UNSPECIFIED.);
#8194 = CARTESIAN_POINT('',(0.,21.));
#8195 = CARTESIAN_POINT('',(5.827755720845E-02,21.));
#8196 = CARTESIAN_POINT('',(0.116434125538,21.003976877081));
#8197 = CARTESIAN_POINT('',(0.17421965139,21.01190000577));
#8198 = CARTESIAN_POINT('',(0.231386428538,21.023465394131));
#8199 = CARTESIAN_POINT('',(0.287661652254,21.038112808696));
#8200 = CARTESIAN_POINT('',(0.379666233154,21.066578954736));
#8201 = CARTESIAN_POINT('',(0.416116736211,21.079101444824));
#8202 = CARTESIAN_POINT('',(0.452072157313,21.092542384568));
#8203 = CARTESIAN_POINT('',(0.487529727596,21.106724376085));
#8204 = CARTESIAN_POINT('',(0.522482384696,21.121471584948));
#8205 = CARTESIAN_POINT('',(0.601719189465,21.156318481063));
#8206 = CARTESIAN_POINT('',(0.645660764188,21.176699930185));
#8207 = CARTESIAN_POINT('',(0.688804190256,21.197428997681));
#8208 = CARTESIAN_POINT('',(0.731203062135,21.218212316856));
#8209 = CARTESIAN_POINT('',(0.772905874537,21.238794841595));
#8210 = CARTESIAN_POINT('',(0.876474755282,21.289669000809));
#8211 = CARTESIAN_POINT('',(0.937512617866,21.31942470577));
#8212 = CARTESIAN_POINT('',(0.997289479222,21.34748958801));
#8213 = CARTESIAN_POINT('',(1.056000275082,21.373317919537));
#8214 = CARTESIAN_POINT('',(1.113828439417,21.396511001502));
#8215 = CARTESIAN_POINT('',(1.239234085748,21.440987249096));
#8216 = CARTESIAN_POINT('',(1.306509493408,21.461013870218));
#8217 = CARTESIAN_POINT('',(1.373058067152,21.476333794038));
#8218 = CARTESIAN_POINT('',(1.439126094955,21.486646483683));
#8219 = CARTESIAN_POINT('',(1.504956294804,21.491804379806));
#8220 = CARTESIAN_POINT('',(1.636637015701,21.491804379806));
#8221 = CARTESIAN_POINT('',(1.702467265416,21.486646376474));
#8222 = CARTESIAN_POINT('',(1.768534898955,21.476333671533));
#8223 = CARTESIAN_POINT('',(1.835083005218,21.461013880334));
#8224 = CARTESIAN_POINT('',(1.902358176621,21.440987387846));
#8225 = CARTESIAN_POINT('',(2.027764214173,21.396511001502));
#8226 = CARTESIAN_POINT('',(2.085592378508,21.373317919537));
#8227 = CARTESIAN_POINT('',(2.144303174368,21.34748958801));
#8228 = CARTESIAN_POINT('',(2.204080035724,21.31942470577));
#8229 = CARTESIAN_POINT('',(2.265117898308,21.289669000809));
#8230 = CARTESIAN_POINT('',(2.368686779053,21.238794841595));
#8231 = CARTESIAN_POINT('',(2.410389591455,21.218212316856));
#8232 = CARTESIAN_POINT('',(2.452788463334,21.197428997681));
#8233 = CARTESIAN_POINT('',(2.495931889402,21.176699930185));
#8234 = CARTESIAN_POINT('',(2.539873464124,21.156318481063));
#8235 = CARTESIAN_POINT('',(2.647179736632,21.109127146917));
#8236 = CARTESIAN_POINT('',(2.711624193243,21.082842176013));
#8237 = CARTESIAN_POINT('',(2.777741075762,21.058883923615));
#8238 = CARTESIAN_POINT('',(2.845341815846,21.038429837693));
#8239 = CARTESIAN_POINT('',(2.914296196352,21.022532839797));
#8240 = CARTESIAN_POINT('',(3.048422026122,21.002302843141));
#8241 = CARTESIAN_POINT('',(3.113110738138,20.997099846557));
#8242 = CARTESIAN_POINT('',(3.17807757609,20.996894361744));
#8243 = CARTESIAN_POINT('',(3.242876329465,21.001820005497));
#8244 = CARTESIAN_POINT('',(3.307051210562,21.011462251846));
#8245 = CARTESIAN_POINT('',(3.427465498769,21.037405175955));
#8246 = CARTESIAN_POINT('',(3.483856629022,21.053024647994));
#8247 = CARTESIAN_POINT('',(3.539218442848,21.07137816624));
#8248 = CARTESIAN_POINT('',(3.593502625314,21.09185196854));
#8249 = CARTESIAN_POINT('',(3.646635072673,21.113801807353));
#8250 = CARTESIAN_POINT('',(3.743311843055,21.156318481063));
#8251 = CARTESIAN_POINT('',(3.787253417777,21.176699930185));
#8252 = CARTESIAN_POINT('',(3.830396843845,21.197428997681));
#8253 = CARTESIAN_POINT('',(3.872795715724,21.218212316856));
#8254 = CARTESIAN_POINT('',(3.914498528127,21.238794841595));
#8255 = CARTESIAN_POINT('',(4.018067408871,21.289669000809));
#8256 = CARTESIAN_POINT('',(4.079105271456,21.31942470577));
#8257 = CARTESIAN_POINT('',(4.138882132812,21.34748958801));
#8258 = CARTESIAN_POINT('',(4.197592928672,21.373317919537));
#8259 = CARTESIAN_POINT('',(4.255421093007,21.396511001502));
#8260 = CARTESIAN_POINT('',(4.380826739345,21.440987249099));
#8261 = CARTESIAN_POINT('',(4.448102146986,21.461013870212));
#8262 = CARTESIAN_POINT('',(4.514650720742,21.476333794041));
#8263 = CARTESIAN_POINT('',(4.580718748556,21.486646483682));
#8264 = CARTESIAN_POINT('',(4.646548948388,21.491804379806));
#8265 = CARTESIAN_POINT('',(4.778229669297,21.491804379806));
#8266 = CARTESIAN_POINT('',(4.844059918996,21.486646376473));
#8267 = CARTESIAN_POINT('',(4.910127552545,21.476333671537));
#8268 = CARTESIAN_POINT('',(4.976675658819,21.461013880329));
#8269 = CARTESIAN_POINT('',(5.043950830204,21.440987387848));
#8270 = CARTESIAN_POINT('',(5.169356863369,21.39651100306));
#8271 = CARTESIAN_POINT('',(5.227185039489,21.373317916422));
#8272 = CARTESIAN_POINT('',(5.285895827734,21.347489588399));
#8273 = CARTESIAN_POINT('',(5.345672681815,21.319424709069));
#8274 = CARTESIAN_POINT('',(5.40671055677,21.289668998416));
#8275 = CARTESIAN_POINT('',(5.510279433336,21.238794841255));
#8276 = CARTESIAN_POINT('',(5.551982243884,21.218212317402));
#8277 = CARTESIAN_POINT('',(5.594381116957,21.197428997683));
#8278 = CARTESIAN_POINT('',(5.637524544169,21.176699929639));
#8279 = CARTESIAN_POINT('',(5.681466116951,21.156318481398));
#8280 = CARTESIAN_POINT('',(5.760702922483,21.121471584948));
#8281 = CARTESIAN_POINT('',(5.795655579584,21.106724376085));
#8282 = CARTESIAN_POINT('',(5.831113149867,21.092542384568));
#8283 = CARTESIAN_POINT('',(5.867068570969,21.079101444824));
#8284 = CARTESIAN_POINT('',(5.903519074025,21.066578954736));
#8285 = CARTESIAN_POINT('',(5.995518507595,21.038114401276));
#8286 = CARTESIAN_POINT('',(6.051796316715,21.023465674341));
#8287 = CARTESIAN_POINT('',(6.108968770234,21.011898812119));
#8288 = CARTESIAN_POINT('',(6.166759123824,21.003975761442));
#8289 = CARTESIAN_POINT('',(6.224915966583,21.));
#8290 = CARTESIAN_POINT('',(6.28318530718,21.));
#8291 = ( GEOMETRIC_REPRESENTATION_CONTEXT(2) 
PARAMETRIC_REPRESENTATION_CONTEXT() REPRESENTATION_CONTEXT('2D SPACE',''
  ) );
#8292 = PCURVE('',#7423,#8293);
#8293 = DEFINITIONAL_REPRESENTATION('',(#8294),#8392);
#8294 = B_SPLINE_CURVE_WITH_KNOTS('',6,(#8295,#8296,#8297,#8298,#8299,
    #8300,#8301,#8302,#8303,#8304,#8305,#8306,#8307,#8308,#8309,#8310,
    #8311,#8312,#8313,#8314,#8315,#8316,#8317,#8318,#8319,#8320,#8321,
    #8322,#8323,#8324,#8325,#8326,#8327,#8328,#8329,#8330,#8331,#8332,
    #8333,#8334,#8335,#8336,#8337,#8338,#8339,#8340,#8341,#8342,#8343,
    #8344,#8345,#8346,#8347,#8348,#8349,#8350,#8351,#8352,#8353,#8354,
    #8355,#8356,#8357,#8358,#8359,#8360,#8361,#8362,#8363,#8364,#8365,
    #8366,#8367,#8368,#8369,#8370,#8371,#8372,#8373,#8374,#8375,#8376,
    #8377,#8378,#8379,#8380,#8381,#8382,#8383,#8384,#8385,#8386,#8387,
    #8388,#8389,#8390,#8391),.UNSPECIFIED.,.T.,.F.,(7,5,5,5,5,5,5,5,5,5,
    5,5,5,5,5,5,5,5,5,7),(0.,4.580309308359E-02,7.653981451706E-02,
    0.116527261389,0.17742241982,0.250200534946,0.322979376211,
    0.383874793294,0.423862410012,0.479653252986,0.530432212258,
    0.576676802131,0.616613752594,0.677432012222,0.750118222679,
    0.822805158359,0.883623671635,0.923560792446,0.954258829763,1.),
  .UNSPECIFIED.);
#8295 = CARTESIAN_POINT('',(3.14159265359,40.5));
#8296 = CARTESIAN_POINT('',(3.151932220191,40.5));
#8297 = CARTESIAN_POINT('',(3.162250322828,40.477584513145));
#8298 = CARTESIAN_POINT('',(3.172441364517,40.432928581895));
#8299 = CARTESIAN_POINT('',(3.18240150308,40.367074017195));
#8300 = CARTESIAN_POINT('',(3.192033110012,40.281905302697));
#8301 = CARTESIAN_POINT('',(3.207434604616,40.111855842983));
#8302 = CARTESIAN_POINT('',(3.213441289482,40.035999843457));
#8303 = CARTESIAN_POINT('',(3.219259870996,39.95316863442));
#8304 = CARTESIAN_POINT('',(3.224881895915,39.86396339816));
#8305 = CARTESIAN_POINT('',(3.23030036283,39.768994658618));
#8306 = CARTESIAN_POINT('',(3.242286973797,39.538641249154));
#8307 = CARTESIAN_POINT('',(3.248712587694,39.399651606883));
#8308 = CARTESIAN_POINT('',(3.254787193543,39.253015558312));
#8309 = CARTESIAN_POINT('',(3.260513477439,39.099708087981));
#8310 = CARTESIAN_POINT('',(3.265895629803,38.940594026667));
#8311 = CARTESIAN_POINT('',(3.278618755425,38.526467821717));
#8312 = CARTESIAN_POINT('',(3.285516205361,38.264694489634));
#8313 = CARTESIAN_POINT('',(3.291655439724,37.993575022563));
#8314 = CARTESIAN_POINT('',(3.297060957452,37.714994870131));
#8315 = CARTESIAN_POINT('',(3.301754840559,37.430410487353));
#8316 = CARTESIAN_POINT('',(3.310533890412,36.795082898471));
#8317 = CARTESIAN_POINT('',(3.314321393779,36.442277089571));
#8318 = CARTESIAN_POINT('',(3.317143394957,36.0847359276));
#8319 = CARTESIAN_POINT('',(3.319018437664,35.724186014288));
#8320 = CARTESIAN_POINT('',(3.319956235519,35.362120175948));
#8321 = CARTESIAN_POINT('',(3.319956235519,34.637876211018));
#8322 = CARTESIAN_POINT('',(3.319018418317,34.275810134669));
#8323 = CARTESIAN_POINT('',(3.317143372541,33.915262391232));
#8324 = CARTESIAN_POINT('',(3.31432139402,33.55772385268));
#8325 = CARTESIAN_POINT('',(3.310533917799,33.204919083526));
#8326 = CARTESIAN_POINT('',(3.301754840559,32.569589512647));
#8327 = CARTESIAN_POINT('',(3.297060957452,32.285005129869));
#8328 = CARTESIAN_POINT('',(3.291655439724,32.006424977437));
#8329 = CARTESIAN_POINT('',(3.285516205361,31.735305510366));
#8330 = CARTESIAN_POINT('',(3.278618755425,31.473532178283));
#8331 = CARTESIAN_POINT('',(3.265895629804,31.059405973336));
#8332 = CARTESIAN_POINT('',(3.260513477439,30.900291912018));
#8333 = CARTESIAN_POINT('',(3.254787193542,30.746984441686));
#8334 = CARTESIAN_POINT('',(3.248712587694,30.600348393117));
#8335 = CARTESIAN_POINT('',(3.242286973797,30.461358750847));
#8336 = CARTESIAN_POINT('',(3.226054131665,30.149403141316));
#8337 = CARTESIAN_POINT('',(3.215873673919,29.983942061098));
#8338 = CARTESIAN_POINT('',(3.205025437385,29.839335361452));
#8339 = CARTESIAN_POINT('',(3.193588494649,29.719595453574));
#8340 = CARTESIAN_POINT('',(3.181659909063,29.628127949353));
#8341 = CARTESIAN_POINT('',(3.158147307737,29.512727485998));
#8342 = CARTESIAN_POINT('',(3.146675302968,29.483694908107));
#8343 = CARTESIAN_POINT('',(3.135096661044,29.482670323744));
#8344 = CARTESIAN_POINT('',(3.123581157843,29.510014017361));
#8345 = CARTESIAN_POINT('',(3.112296276799,29.564427280209));
#8346 = CARTESIAN_POINT('',(3.091470834802,29.714431238878));
#8347 = CARTESIAN_POINT('',(3.081872327449,29.805854742386));
#8348 = CARTESIAN_POINT('',(3.072653230917,29.915361292502));
#8349 = CARTESIAN_POINT('',(3.063858091084,30.04091793744));
#8350 = CARTESIAN_POINT('',(3.055523189086,30.180304716193));
#8351 = CARTESIAN_POINT('',(3.040898333382,30.461358750848));
#8352 = CARTESIAN_POINT('',(3.034472719486,30.600348393117));
#8353 = CARTESIAN_POINT('',(3.028398113637,30.746984441686));
#8354 = CARTESIAN_POINT('',(3.02267182974,30.900291912018));
#8355 = CARTESIAN_POINT('',(3.017289677376,31.059405973336));
#8356 = CARTESIAN_POINT('',(3.004566551755,31.473532178283));
#8357 = CARTESIAN_POINT('',(2.997669101819,31.735305510366));
#8358 = CARTESIAN_POINT('',(2.991529867456,32.006424977437));
#8359 = CARTESIAN_POINT('',(2.986124349728,32.285005129869));
#8360 = CARTESIAN_POINT('',(2.981430466621,32.569589512647));
#8361 = CARTESIAN_POINT('',(2.972651416767,33.204917101569));
#8362 = CARTESIAN_POINT('',(2.968863913401,33.557722910369));
#8363 = CARTESIAN_POINT('',(2.966041912221,33.915264072393));
#8364 = CARTESIAN_POINT('',(2.964166869516,34.275813985777));
#8365 = CARTESIAN_POINT('',(2.96322907166,34.637879824017));
#8366 = CARTESIAN_POINT('',(2.96322907166,35.362123789018));
#8367 = CARTESIAN_POINT('',(2.964166888863,35.724189865274));
#8368 = CARTESIAN_POINT('',(2.966041934638,36.08473760877));
#8369 = CARTESIAN_POINT('',(2.96886391316,36.442276147375));
#8370 = CARTESIAN_POINT('',(2.97265138938,36.79508091644));
#8371 = CARTESIAN_POINT('',(2.981430466313,37.430410465092));
#8372 = CARTESIAN_POINT('',(2.986124350425,37.714994904067));
#8373 = CARTESIAN_POINT('',(2.99152986732,37.993575023844));
#8374 = CARTESIAN_POINT('',(2.997669101058,38.264694456293));
#8375 = CARTESIAN_POINT('',(3.004566552353,38.526467841196));
#8376 = CARTESIAN_POINT('',(3.017289677461,38.940594029436));
#8377 = CARTESIAN_POINT('',(3.022671829583,39.09970808391));
#8378 = CARTESIAN_POINT('',(3.028398113651,39.253015558058));
#8379 = CARTESIAN_POINT('',(3.03447271965,39.399651610835));
#8380 = CARTESIAN_POINT('',(3.040898333267,39.538641246935));
#8381 = CARTESIAN_POINT('',(3.05288494435,39.768994658616));
#8382 = CARTESIAN_POINT('',(3.058303411265,39.863963398161));
#8383 = CARTESIAN_POINT('',(3.063925436184,39.953168634422));
#8384 = CARTESIAN_POINT('',(3.069744017698,40.035999843457));
#8385 = CARTESIAN_POINT('',(3.075750702563,40.111855842982));
#8386 = CARTESIAN_POINT('',(3.091151335508,40.281895789032));
#8387 = CARTESIAN_POINT('',(3.100783335797,40.36707281343));
#8388 = CARTESIAN_POINT('',(3.110744469008,40.432935263776));
#8389 = CARTESIAN_POINT('',(3.120936393646,40.477590842502));
#8390 = CARTESIAN_POINT('',(3.131254544774,40.5));
#8391 = CARTESIAN_POINT('',(3.14159265359,40.5));
#8392 = ( GEOMETRIC_REPRESENTATION_CONTEXT(2) 
PARAMETRIC_REPRESENTATION_CONTEXT() REPRESENTATION_CONTEXT('2D SPACE',''
  ) );
#8393 = ORIENTED_EDGE('',*,*,#8394,.F.);
#8394 = EDGE_CURVE('',#6646,#8090,#8395,.T.);
#8395 = SEAM_CURVE('',#8396,(#8400,#8407),.PCURVE_S1.);
#8396 = LINE('',#8397,#8398);
#8397 = CARTESIAN_POINT('',(-52.,1.347111479062E-15,162.70835153491));
#8398 = VECTOR('',#8399,1.);
#8399 = DIRECTION('',(1.,0.,0.));
#8400 = PCURVE('',#6849,#8401);
#8401 = DEFINITIONAL_REPRESENTATION('',(#8402),#8406);
#8402 = LINE('',#8403,#8404);
#8403 = CARTESIAN_POINT('',(6.28318530718,-0.));
#8404 = VECTOR('',#8405,1.);
#8405 = DIRECTION('',(0.,1.));
#8406 = ( GEOMETRIC_REPRESENTATION_CONTEXT(2) 
PARAMETRIC_REPRESENTATION_CONTEXT() REPRESENTATION_CONTEXT('2D SPACE',''
  ) );
#8407 = PCURVE('',#6849,#8408);
#8408 = DEFINITIONAL_REPRESENTATION('',(#8409),#8413);
#8409 = LINE('',#8410,#8411);
#8410 = CARTESIAN_POINT('',(0.,-0.));
#8411 = VECTOR('',#8412,1.);
#8412 = DIRECTION('',(0.,1.));
#8413 = ( GEOMETRIC_REPRESENTATION_CONTEXT(2) 
PARAMETRIC_REPRESENTATION_CONTEXT() REPRESENTATION_CONTEXT('2D SPACE',''
  ) );
#8414 = ORIENTED_EDGE('',*,*,#6645,.T.);
#8415 = ORIENTED_EDGE('',*,*,#8394,.T.);
#8416 = ADVANCED_FACE('',(#8417),#7171,.F.);
#8417 = FACE_BOUND('',#8418,.F.);
#8418 = EDGE_LOOP('',(#8419,#8724,#8745,#8746));
#8419 = ORIENTED_EDGE('',*,*,#8420,.F.);
#8420 = EDGE_CURVE('',#8421,#8421,#8423,.T.);
#8421 = VERTEX_POINT('',#8422);
#8422 = CARTESIAN_POINT('',(-31.,1.347111479062E-15,217.70835153491));
#8423 = SURFACE_CURVE('',#8424,(#8522,#8623),.PCURVE_S1.);
#8424 = B_SPLINE_CURVE_WITH_KNOTS('',6,(#8425,#8426,#8427,#8428,#8429,
    #8430,#8431,#8432,#8433,#8434,#8435,#8436,#8437,#8438,#8439,#8440,
    #8441,#8442,#8443,#8444,#8445,#8446,#8447,#8448,#8449,#8450,#8451,
    #8452,#8453,#8454,#8455,#8456,#8457,#8458,#8459,#8460,#8461,#8462,
    #8463,#8464,#8465,#8466,#8467,#8468,#8469,#8470,#8471,#8472,#8473,
    #8474,#8475,#8476,#8477,#8478,#8479,#8480,#8481,#8482,#8483,#8484,
    #8485,#8486,#8487,#8488,#8489,#8490,#8491,#8492,#8493,#8494,#8495,
    #8496,#8497,#8498,#8499,#8500,#8501,#8502,#8503,#8504,#8505,#8506,
    #8507,#8508,#8509,#8510,#8511,#8512,#8513,#8514,#8515,#8516,#8517,
    #8518,#8519,#8520,#8521),.UNSPECIFIED.,.T.,.F.,(7,5,5,5,5,5,5,5,5,5,
    5,5,5,5,5,5,5,5,5,7),(0.,4.580309344591E-02,7.653981511375E-02,
    0.116527262973,0.177422417133,0.250200532761,0.322979374522,
    0.383874787336,0.423862404367,0.479653249744,0.530432209369,
    0.576676799691,0.616613750435,0.67743200575,0.750118216634,
    0.822805152741,0.883623671059,0.923560792068,0.954258829536,1.),
  .UNSPECIFIED.);
#8425 = CARTESIAN_POINT('',(-31.,2.6645352591E-15,217.70835153491));
#8426 = CARTESIAN_POINT('',(-31.,-0.32052656456,217.70835153491));
#8427 = CARTESIAN_POINT('',(-30.99602312292,-0.640387719077,
    217.68593604807));
#8428 = CARTESIAN_POINT('',(-30.98809999422,-0.956248470195,
    217.64128011679));
#8429 = CARTESIAN_POINT('',(-30.97653460586,-1.264828610205,
    217.57542555209));
#8430 = CARTESIAN_POINT('',(-30.9618871913,-1.563065644381,
    217.49025683764));
#8431 = CARTESIAN_POINT('',(-30.93342104526,-2.039662622183,
    217.3202073779));
#8432 = CARTESIAN_POINT('',(-30.92089855517,-2.225453766578,
    217.24435137837));
#8433 = CARTESIAN_POINT('',(-30.90745761543,-2.405335188176,
    217.16152016933));
#8434 = CARTESIAN_POINT('',(-30.89327562391,-2.57904566547,
    217.07231493307));
#8435 = CARTESIAN_POINT('',(-30.87852841505,-2.746372553123,
    216.97734619353));
#8436 = CARTESIAN_POINT('',(-30.8436815186,-3.116319933291,
    216.74699278185));
#8437 = CARTESIAN_POINT('',(-30.82330007036,-3.31447585813,
    216.60800314575));
#8438 = CARTESIAN_POINT('',(-30.80257100231,-3.501652229626,
    216.46136709297));
#8439 = CARTESIAN_POINT('',(-30.78178768259,-3.677951827492,
    216.30805961882));
#8440 = CARTESIAN_POINT('',(-30.76120515874,-3.843526839538,
    216.14894556435));
#8441 = CARTESIAN_POINT('',(-30.71033100158,-4.234648935635,
    215.73481937611));
#8442 = CARTESIAN_POINT('',(-30.68057529093,-4.446400539109,
    215.47304599121));
#8443 = CARTESIAN_POINT('',(-30.6525104116,-4.634644629535,
    215.20192655876));
#8444 = CARTESIAN_POINT('',(-30.62668208357,-4.800216563379,
    214.92334643898));
#8445 = CARTESIAN_POINT('',(-30.60348899694,-4.943868116359,214.638762)
  );
#8446 = CARTESIAN_POINT('',(-30.5590127509,-5.212359788008,
    214.00343443334));
#8447 = CARTESIAN_POINT('',(-30.53898612978,-5.328054962324,
    213.65062862454));
#8448 = CARTESIAN_POINT('',(-30.52366620595,-5.414185268235,
    213.29308746252));
#8449 = CARTESIAN_POINT('',(-30.51335351631,-5.47138948982,
    212.93253754914));
#8450 = CARTESIAN_POINT('',(-30.50819562019,-5.5,212.5704717109));
#8451 = CARTESIAN_POINT('',(-30.50819562019,-5.5,211.84622774593));
#8452 = CARTESIAN_POINT('',(-30.51335362352,-5.471388901032,
    211.48416166958));
#8453 = CARTESIAN_POINT('',(-30.52366632846,-5.414184582421,
    211.12361392615));
#8454 = CARTESIAN_POINT('',(-30.53898611966,-5.328054968976,
    210.76607538759));
#8455 = CARTESIAN_POINT('',(-30.55901261215,-5.21236062559,
    210.41327061844));
#8456 = CARTESIAN_POINT('',(-30.60348899694,-4.943868116359,
    209.77794106982));
#8457 = CARTESIAN_POINT('',(-30.62668208357,-4.800216563379,
    209.49335663085));
#8458 = CARTESIAN_POINT('',(-30.6525104116,-4.634644629535,
    209.21477651107));
#8459 = CARTESIAN_POINT('',(-30.68057529093,-4.446400539109,
    208.94365707862));
#8460 = CARTESIAN_POINT('',(-30.71033100158,-4.234648935635,
    208.68188369372));
#8461 = CARTESIAN_POINT('',(-30.7612051584,-3.843526842155,
    208.26775750825));
#8462 = CARTESIAN_POINT('',(-30.78178768314,-3.677951822631,
    208.10864344693));
#8463 = CARTESIAN_POINT('',(-30.80257100231,-3.501652230066,
    207.9553359766));
#8464 = CARTESIAN_POINT('',(-30.82330006981,-3.3144758632,
    207.80869992803));
#8465 = CARTESIAN_POINT('',(-30.84368151893,-3.116319929729,
    207.66971028576));
#8466 = CARTESIAN_POINT('',(-30.89087285405,-2.615319480025,
    207.35775466982));
#8467 = CARTESIAN_POINT('',(-30.9171578228,-2.300804918955,
    207.19229360351));
#8468 = CARTESIAN_POINT('',(-30.94111607611,-1.965323220796,
    207.04768689833));
#8469 = CARTESIAN_POINT('',(-30.96157016336,-1.611315393047,
    206.92794698191));
#8470 = CARTESIAN_POINT('',(-30.97746715982,-1.241827435606,
    206.83647948645));
#8471 = CARTESIAN_POINT('',(-30.99769715685,-0.513217571535,
    206.72107902091));
#8472 = CARTESIAN_POINT('',(-31.00290015344,-0.157592935679,
    206.69204644302));
#8473 = CARTESIAN_POINT('',(-31.00310563825,0.201399586502,
    206.69102185866));
#8474 = CARTESIAN_POINT('',(-30.9981799945,0.558398858321,
    206.71836555227));
#8475 = CARTESIAN_POINT('',(-30.98853774815,0.908125082112,
    206.77277881512));
#8476 = CARTESIAN_POINT('',(-30.96259482401,1.55319231722,
    206.92278277399));
#8477 = CARTESIAN_POINT('',(-30.94697535208,1.850358604413,
    207.01420627683));
#8478 = CARTESIAN_POINT('',(-30.92862183374,2.13558832118,
    207.12371282751));
#8479 = CARTESIAN_POINT('',(-30.90814803137,2.407489448081,
    207.24926947287));
#8480 = CARTESIAN_POINT('',(-30.8861981927,2.664947392212,207.3886562507
    ));
#8481 = CARTESIAN_POINT('',(-30.84368151893,3.11631992973,
    207.66971028576));
#8482 = CARTESIAN_POINT('',(-30.82330006981,3.3144758632,207.80869992803
    ));
#8483 = CARTESIAN_POINT('',(-30.80257100231,3.501652230065,
    207.9553359766));
#8484 = CARTESIAN_POINT('',(-30.78178768314,3.677951822631,
    208.10864344693));
#8485 = CARTESIAN_POINT('',(-30.7612051584,3.843526842155,
    208.26775750825));
#8486 = CARTESIAN_POINT('',(-30.71033100158,4.234648935635,
    208.68188369372));
#8487 = CARTESIAN_POINT('',(-30.68057529093,4.446400539109,
    208.94365707862));
#8488 = CARTESIAN_POINT('',(-30.6525104116,4.634644629535,
    209.21477651107));
#8489 = CARTESIAN_POINT('',(-30.62668208357,4.800216563379,
    209.49335663085));
#8490 = CARTESIAN_POINT('',(-30.60348899694,4.943868116359,
    209.77794106982));
#8491 = CARTESIAN_POINT('',(-30.5590127509,5.212359787992,
    210.41326863644));
#8492 = CARTESIAN_POINT('',(-30.53898612978,5.328054962356,
    210.76607444534));
#8493 = CARTESIAN_POINT('',(-30.52366620596,5.414185268212,
    211.12361560731));
#8494 = CARTESIAN_POINT('',(-30.51335351631,5.471389489825,
    211.48416552063));
#8495 = CARTESIAN_POINT('',(-30.50819562019,5.5,211.84623135897));
#8496 = CARTESIAN_POINT('',(-30.50819562019,5.5,212.5704753239));
#8497 = CARTESIAN_POINT('',(-30.51335362352,5.471388901032,
    212.93254140024));
#8498 = CARTESIAN_POINT('',(-30.52366632846,5.414184582421,
    213.29308914368));
#8499 = CARTESIAN_POINT('',(-30.53898611966,5.328054968976,
    213.65062768223));
#8500 = CARTESIAN_POINT('',(-30.55901261215,5.212360625591,
    214.00343245139));
#8501 = CARTESIAN_POINT('',(-30.60348899849,4.943868106952,
    214.63876202227));
#8502 = CARTESIAN_POINT('',(-30.62668208046,4.800216584768,
    214.92334640504));
#8503 = CARTESIAN_POINT('',(-30.65251041199,4.634644625355,
    215.20192655748));
#8504 = CARTESIAN_POINT('',(-30.68057529423,4.446400515742,
    215.47304602455));
#8505 = CARTESIAN_POINT('',(-30.71033099919,4.234648954032,
    215.73481935663));
#8506 = CARTESIAN_POINT('',(-30.76120515874,3.84352683954,
    216.14894556435));
#8507 = CARTESIAN_POINT('',(-30.78178768259,3.677951827492,
    216.30805961882));
#8508 = CARTESIAN_POINT('',(-30.80257100231,3.501652229624,
    216.46136709297));
#8509 = CARTESIAN_POINT('',(-30.82330007036,3.314475858129,
    216.60800314575));
#8510 = CARTESIAN_POINT('',(-30.8436815186,3.116319933294,
    216.74699278185));
#8511 = CARTESIAN_POINT('',(-30.87852841505,2.746372553126,
    216.97734619353));
#8512 = CARTESIAN_POINT('',(-30.89327562391,2.579045665469,
    217.07231493307));
#8513 = CARTESIAN_POINT('',(-30.90745761543,2.405335188172,
    217.16152016934));
#8514 = CARTESIAN_POINT('',(-30.92089855517,2.225453766577,
    217.24435137837));
#8515 = CARTESIAN_POINT('',(-30.93342104526,2.039662622187,
    217.32020737789));
#8516 = CARTESIAN_POINT('',(-30.96188559872,1.563092308374,
    217.49024732395));
#8517 = CARTESIAN_POINT('',(-30.97653432565,1.264843139181,
    217.57542434834));
#8518 = CARTESIAN_POINT('',(-30.98810118788,0.956232177047,
    217.64128679869));
#8519 = CARTESIAN_POINT('',(-30.99602423855,0.640344033594,
    217.68594237742));
#8520 = CARTESIAN_POINT('',(-31.,0.320481373282,217.70835153491));
#8521 = CARTESIAN_POINT('',(-31.,2.6645352591E-15,217.70835153491));
#8522 = PCURVE('',#7171,#8523);
#8523 = DEFINITIONAL_REPRESENTATION('',(#8524),#8622);
#8524 = B_SPLINE_CURVE_WITH_KNOTS('',6,(#8525,#8526,#8527,#8528,#8529,
    #8530,#8531,#8532,#8533,#8534,#8535,#8536,#8537,#8538,#8539,#8540,
    #8541,#8542,#8543,#8544,#8545,#8546,#8547,#8548,#8549,#8550,#8551,
    #8552,#8553,#8554,#8555,#8556,#8557,#8558,#8559,#8560,#8561,#8562,
    #8563,#8564,#8565,#8566,#8567,#8568,#8569,#8570,#8571,#8572,#8573,
    #8574,#8575,#8576,#8577,#8578,#8579,#8580,#8581,#8582,#8583,#8584,
    #8585,#8586,#8587,#8588,#8589,#8590,#8591,#8592,#8593,#8594,#8595,
    #8596,#8597,#8598,#8599,#8600,#8601,#8602,#8603,#8604,#8605,#8606,
    #8607,#8608,#8609,#8610,#8611,#8612,#8613,#8614,#8615,#8616,#8617,
    #8618,#8619,#8620,#8621),.UNSPECIFIED.,.F.,.F.,(7,5,5,5,5,5,5,5,5,5,
    5,5,5,5,5,5,5,5,5,7),(0.,4.580309344591E-02,7.653981511375E-02,
    0.116527262973,0.177422417133,0.250200532761,0.322979374522,
    0.383874787336,0.423862404367,0.479653249744,0.530432209369,
    0.576676799691,0.616613750435,0.67743200575,0.750118216634,
    0.822805152741,0.883623671059,0.923560792068,0.954258829536,1.),
  .UNSPECIFIED.);
#8525 = CARTESIAN_POINT('',(0.,21.));
#8526 = CARTESIAN_POINT('',(5.827755719278E-02,21.));
#8527 = CARTESIAN_POINT('',(0.116434125542,21.003976877079));
#8528 = CARTESIAN_POINT('',(0.174219651406,21.011900005773));
#8529 = CARTESIAN_POINT('',(0.231386428543,21.023465394135));
#8530 = CARTESIAN_POINT('',(0.287661652238,21.038112808691));
#8531 = CARTESIAN_POINT('',(0.379666233154,21.066578954736));
#8532 = CARTESIAN_POINT('',(0.416116736211,21.079101444824));
#8533 = CARTESIAN_POINT('',(0.452072157313,21.092542384569));
#8534 = CARTESIAN_POINT('',(0.487529727596,21.106724376086));
#8535 = CARTESIAN_POINT('',(0.522482384696,21.121471584948));
#8536 = CARTESIAN_POINT('',(0.601719190228,21.156318481398));
#8537 = CARTESIAN_POINT('',(0.645660763011,21.176699929639));
#8538 = CARTESIAN_POINT('',(0.688804190223,21.197428997683));
#8539 = CARTESIAN_POINT('',(0.731203063296,21.218212317402));
#8540 = CARTESIAN_POINT('',(0.772905873844,21.238794841255));
#8541 = CARTESIAN_POINT('',(0.87647475041,21.289668998416));
#8542 = CARTESIAN_POINT('',(0.937512625365,21.319424709069));
#8543 = CARTESIAN_POINT('',(0.997289479446,21.347489588399));
#8544 = CARTESIAN_POINT('',(1.056000267691,21.373317916422));
#8545 = CARTESIAN_POINT('',(1.113828443811,21.39651100306));
#8546 = CARTESIAN_POINT('',(1.239234085755,21.440987249099));
#8547 = CARTESIAN_POINT('',(1.306509493396,21.461013870212));
#8548 = CARTESIAN_POINT('',(1.373058067152,21.476333794041));
#8549 = CARTESIAN_POINT('',(1.439126094967,21.486646483682));
#8550 = CARTESIAN_POINT('',(1.504956294798,21.491804379806));
#8551 = CARTESIAN_POINT('',(1.636637015701,21.491804379806));
#8552 = CARTESIAN_POINT('',(1.702467265416,21.486646376474));
#8553 = CARTESIAN_POINT('',(1.768534898955,21.476333671533));
#8554 = CARTESIAN_POINT('',(1.835083005219,21.461013880334));
#8555 = CARTESIAN_POINT('',(1.902358176621,21.440987387846));
#8556 = CARTESIAN_POINT('',(2.027764209779,21.39651100306));
#8557 = CARTESIAN_POINT('',(2.085592385899,21.373317916422));
#8558 = CARTESIAN_POINT('',(2.144303174144,21.347489588399));
#8559 = CARTESIAN_POINT('',(2.204080028225,21.319424709069));
#8560 = CARTESIAN_POINT('',(2.26511790318,21.289668998416));
#8561 = CARTESIAN_POINT('',(2.368686779053,21.238794841595));
#8562 = CARTESIAN_POINT('',(2.410389591455,21.218212316856));
#8563 = CARTESIAN_POINT('',(2.452788463334,21.197428997681));
#8564 = CARTESIAN_POINT('',(2.495931889402,21.176699930185));
#8565 = CARTESIAN_POINT('',(2.539873464124,21.156318481063));
#8566 = CARTESIAN_POINT('',(2.647179738835,21.109127145948));
#8567 = CARTESIAN_POINT('',(2.711624189426,21.082842177197));
#8568 = CARTESIAN_POINT('',(2.777741075919,21.058883923887));
#8569 = CARTESIAN_POINT('',(2.845341819739,21.038429836638));
#8570 = CARTESIAN_POINT('',(2.914296193817,21.02253284018));
#8571 = CARTESIAN_POINT('',(3.048422026122,21.002302843141));
#8572 = CARTESIAN_POINT('',(3.113110738138,20.997099846557));
#8573 = CARTESIAN_POINT('',(3.17807757609,20.996894361744));
#8574 = CARTESIAN_POINT('',(3.242876329465,21.001820005497));
#8575 = CARTESIAN_POINT('',(3.307051210562,21.011462251846));
#8576 = CARTESIAN_POINT('',(3.427465498927,21.037405175989));
#8577 = CARTESIAN_POINT('',(3.483856628778,21.053024647919));
#8578 = CARTESIAN_POINT('',(3.53921844284,21.071378166253));
#8579 = CARTESIAN_POINT('',(3.593502625553,21.091851968621));
#8580 = CARTESIAN_POINT('',(3.646635072533,21.113801807291));
#8581 = CARTESIAN_POINT('',(3.743311843055,21.156318481063));
#8582 = CARTESIAN_POINT('',(3.787253417777,21.176699930185));
#8583 = CARTESIAN_POINT('',(3.830396843845,21.197428997681));
#8584 = CARTESIAN_POINT('',(3.872795715724,21.218212316856));
#8585 = CARTESIAN_POINT('',(3.914498528127,21.238794841595));
#8586 = CARTESIAN_POINT('',(4.018067404,21.289668998416));
#8587 = CARTESIAN_POINT('',(4.079105278955,21.319424709069));
#8588 = CARTESIAN_POINT('',(4.138882133036,21.347489588399));
#8589 = CARTESIAN_POINT('',(4.19759292128,21.373317916422));
#8590 = CARTESIAN_POINT('',(4.255421097401,21.39651100306));
#8591 = CARTESIAN_POINT('',(4.380826739337,21.440987249096));
#8592 = CARTESIAN_POINT('',(4.448102146998,21.461013870218));
#8593 = CARTESIAN_POINT('',(4.514650720742,21.476333794038));
#8594 = CARTESIAN_POINT('',(4.580718748545,21.486646483683));
#8595 = CARTESIAN_POINT('',(4.646548948394,21.491804379806));
#8596 = CARTESIAN_POINT('',(4.778229669291,21.491804379806));
#8597 = CARTESIAN_POINT('',(4.844059919006,21.486646376474));
#8598 = CARTESIAN_POINT('',(4.910127552545,21.476333671533));
#8599 = CARTESIAN_POINT('',(4.976675658808,21.461013880334));
#8600 = CARTESIAN_POINT('',(5.043950830211,21.440987387846));
#8601 = CARTESIAN_POINT('',(5.169356867763,21.396511001502));
#8602 = CARTESIAN_POINT('',(5.227185032097,21.373317919537));
#8603 = CARTESIAN_POINT('',(5.285895827958,21.34748958801));
#8604 = CARTESIAN_POINT('',(5.345672689313,21.319424705769));
#8605 = CARTESIAN_POINT('',(5.406710551898,21.289669000809));
#8606 = CARTESIAN_POINT('',(5.510279433335,21.238794841255));
#8607 = CARTESIAN_POINT('',(5.551982243884,21.218212317402));
#8608 = CARTESIAN_POINT('',(5.594381116957,21.197428997683));
#8609 = CARTESIAN_POINT('',(5.637524544169,21.176699929639));
#8610 = CARTESIAN_POINT('',(5.681466116951,21.156318481399));
#8611 = CARTESIAN_POINT('',(5.760702922483,21.121471584948));
#8612 = CARTESIAN_POINT('',(5.795655579584,21.106724376085));
#8613 = CARTESIAN_POINT('',(5.831113149867,21.092542384568));
#8614 = CARTESIAN_POINT('',(5.867068570969,21.079101444824));
#8615 = CARTESIAN_POINT('',(5.903519074025,21.066578954736));
#8616 = CARTESIAN_POINT('',(5.995518507595,21.038114401276));
#8617 = CARTESIAN_POINT('',(6.051796316715,21.023465674341));
#8618 = CARTESIAN_POINT('',(6.108968770234,21.011898812119));
#8619 = CARTESIAN_POINT('',(6.166759123824,21.003975761442));
#8620 = CARTESIAN_POINT('',(6.224915966583,21.));
#8621 = CARTESIAN_POINT('',(6.28318530718,21.));
#8622 = ( GEOMETRIC_REPRESENTATION_CONTEXT(2) 
PARAMETRIC_REPRESENTATION_CONTEXT() REPRESENTATION_CONTEXT('2D SPACE',''
  ) );
#8623 = PCURVE('',#7423,#8624);
#8624 = DEFINITIONAL_REPRESENTATION('',(#8625),#8723);
#8625 = B_SPLINE_CURVE_WITH_KNOTS('',6,(#8626,#8627,#8628,#8629,#8630,
    #8631,#8632,#8633,#8634,#8635,#8636,#8637,#8638,#8639,#8640,#8641,
    #8642,#8643,#8644,#8645,#8646,#8647,#8648,#8649,#8650,#8651,#8652,
    #8653,#8654,#8655,#8656,#8657,#8658,#8659,#8660,#8661,#8662,#8663,
    #8664,#8665,#8666,#8667,#8668,#8669,#8670,#8671,#8672,#8673,#8674,
    #8675,#8676,#8677,#8678,#8679,#8680,#8681,#8682,#8683,#8684,#8685,
    #8686,#8687,#8688,#8689,#8690,#8691,#8692,#8693,#8694,#8695,#8696,
    #8697,#8698,#8699,#8700,#8701,#8702,#8703,#8704,#8705,#8706,#8707,
    #8708,#8709,#8710,#8711,#8712,#8713,#8714,#8715,#8716,#8717,#8718,
    #8719,#8720,#8721,#8722),.UNSPECIFIED.,.T.,.F.,(7,5,5,5,5,5,5,5,5,5,
    5,5,5,5,5,5,5,5,5,7),(0.,4.580309344591E-02,7.653981511375E-02,
    0.116527262973,0.177422417133,0.250200532761,0.322979374522,
    0.383874787336,0.423862404367,0.479653249744,0.530432209369,
    0.576676799691,0.616613750435,0.67743200575,0.750118216634,
    0.822805152741,0.883623671059,0.923560792068,0.954258829536,1.),
  .UNSPECIFIED.);
#8626 = CARTESIAN_POINT('',(3.14159265359,95.5));
#8627 = CARTESIAN_POINT('',(3.151932220189,95.5));
#8628 = CARTESIAN_POINT('',(3.162250322829,95.477584513157));
#8629 = CARTESIAN_POINT('',(3.17244136452,95.43292858188));
#8630 = CARTESIAN_POINT('',(3.182401503081,95.367074017176));
#8631 = CARTESIAN_POINT('',(3.192033110009,95.281905302726));
#8632 = CARTESIAN_POINT('',(3.207434604616,95.111855842983));
#8633 = CARTESIAN_POINT('',(3.213441289482,95.035999843457));
#8634 = CARTESIAN_POINT('',(3.219259870996,94.95316863442));
#8635 = CARTESIAN_POINT('',(3.224881895915,94.86396339816));
#8636 = CARTESIAN_POINT('',(3.23030036283,94.768994658618));
#8637 = CARTESIAN_POINT('',(3.242286973913,94.538641246935));
#8638 = CARTESIAN_POINT('',(3.248712587529,94.399651610835));
#8639 = CARTESIAN_POINT('',(3.254787193528,94.253015558058));
#8640 = CARTESIAN_POINT('',(3.260513477597,94.099708083911));
#8641 = CARTESIAN_POINT('',(3.265895629718,93.940594029436));
#8642 = CARTESIAN_POINT('',(3.278618754826,93.526467841196));
#8643 = CARTESIAN_POINT('',(3.285516206122,93.264694456293));
#8644 = CARTESIAN_POINT('',(3.291655439859,92.993575023844));
#8645 = CARTESIAN_POINT('',(3.297060956754,92.714994904067));
#8646 = CARTESIAN_POINT('',(3.301754840866,92.430410465092));
#8647 = CARTESIAN_POINT('',(3.310533890412,91.795082898431));
#8648 = CARTESIAN_POINT('',(3.314321393778,91.442277089631));
#8649 = CARTESIAN_POINT('',(3.317143394958,91.084735927608));
#8650 = CARTESIAN_POINT('',(3.319018437664,90.724186014222));
#8651 = CARTESIAN_POINT('',(3.319956235519,90.362120175983));
#8652 = CARTESIAN_POINT('',(3.319956235519,89.637876211018));
#8653 = CARTESIAN_POINT('',(3.319018418317,89.275810134669));
#8654 = CARTESIAN_POINT('',(3.317143372541,88.915262391233));
#8655 = CARTESIAN_POINT('',(3.31432139402,88.557723852679));
#8656 = CARTESIAN_POINT('',(3.310533917799,88.204919083526));
#8657 = CARTESIAN_POINT('',(3.301754840866,87.569589534908));
#8658 = CARTESIAN_POINT('',(3.297060956754,87.285005095933));
#8659 = CARTESIAN_POINT('',(3.291655439859,87.006424976156));
#8660 = CARTESIAN_POINT('',(3.285516206122,86.735305543707));
#8661 = CARTESIAN_POINT('',(3.278618754826,86.473532158804));
#8662 = CARTESIAN_POINT('',(3.265895629804,86.059405973336));
#8663 = CARTESIAN_POINT('',(3.260513477439,85.900291912018));
#8664 = CARTESIAN_POINT('',(3.254787193542,85.746984441686));
#8665 = CARTESIAN_POINT('',(3.248712587694,85.600348393117));
#8666 = CARTESIAN_POINT('',(3.242286973797,85.461358750847));
#8667 = CARTESIAN_POINT('',(3.226054131331,85.149403134911));
#8668 = CARTESIAN_POINT('',(3.215873674541,84.9839420686));
#8669 = CARTESIAN_POINT('',(3.205025437333,84.839335363413));
#8670 = CARTESIAN_POINT('',(3.193588494002,84.719595446997));
#8671 = CARTESIAN_POINT('',(3.181659909508,84.628127951534));
#8672 = CARTESIAN_POINT('',(3.158147307737,84.512727485998));
#8673 = CARTESIAN_POINT('',(3.146675302968,84.483694908107));
#8674 = CARTESIAN_POINT('',(3.135096661044,84.482670323744));
#8675 = CARTESIAN_POINT('',(3.123581157843,84.510014017361));
#8676 = CARTESIAN_POINT('',(3.112296276799,84.564427280209));
#8677 = CARTESIAN_POINT('',(3.091470834775,84.714431239075));
#8678 = CARTESIAN_POINT('',(3.081872327489,84.805854741917));
#8679 = CARTESIAN_POINT('',(3.07265323092,84.9153612926));
#8680 = CARTESIAN_POINT('',(3.063858091046,85.040917937955));
#8681 = CARTESIAN_POINT('',(3.055523189107,85.180304715784));
#8682 = CARTESIAN_POINT('',(3.040898333382,85.461358750848));
#8683 = CARTESIAN_POINT('',(3.034472719486,85.600348393117));
#8684 = CARTESIAN_POINT('',(3.028398113637,85.746984441686));
#8685 = CARTESIAN_POINT('',(3.02267182974,85.900291912018));
#8686 = CARTESIAN_POINT('',(3.017289677376,86.059405973336));
#8687 = CARTESIAN_POINT('',(3.004566552353,86.473532158804));
#8688 = CARTESIAN_POINT('',(2.997669101058,86.735305543707));
#8689 = CARTESIAN_POINT('',(2.99152986732,87.006424976156));
#8690 = CARTESIAN_POINT('',(2.986124350425,87.285005095933));
#8691 = CARTESIAN_POINT('',(2.981430466313,87.569589534908));
#8692 = CARTESIAN_POINT('',(2.972651416768,88.204917101529));
#8693 = CARTESIAN_POINT('',(2.9688639134,88.55772291043));
#8694 = CARTESIAN_POINT('',(2.966041912222,88.915264072399));
#8695 = CARTESIAN_POINT('',(2.964166869516,89.275813985713));
#8696 = CARTESIAN_POINT('',(2.96322907166,89.637879824052));
#8697 = CARTESIAN_POINT('',(2.96322907166,90.362123788982));
#8698 = CARTESIAN_POINT('',(2.964166888862,90.72418986533));
#8699 = CARTESIAN_POINT('',(2.966041934639,91.084737608769));
#8700 = CARTESIAN_POINT('',(2.968863913159,91.44227614732));
#8701 = CARTESIAN_POINT('',(2.97265138938,91.795080916474));
#8702 = CARTESIAN_POINT('',(2.981430466621,92.430410487353));
#8703 = CARTESIAN_POINT('',(2.986124349728,92.714994870131));
#8704 = CARTESIAN_POINT('',(2.991529867456,92.993575022563));
#8705 = CARTESIAN_POINT('',(2.997669101819,93.264694489634));
#8706 = CARTESIAN_POINT('',(3.004566551755,93.526467821716));
#8707 = CARTESIAN_POINT('',(3.017289677461,93.940594029434));
#8708 = CARTESIAN_POINT('',(3.022671829583,94.099708083911));
#8709 = CARTESIAN_POINT('',(3.028398113651,94.25301555806));
#8710 = CARTESIAN_POINT('',(3.03447271965,94.399651610836));
#8711 = CARTESIAN_POINT('',(3.040898333267,94.538641246933));
#8712 = CARTESIAN_POINT('',(3.05288494435,94.768994658616));
#8713 = CARTESIAN_POINT('',(3.058303411265,94.863963398161));
#8714 = CARTESIAN_POINT('',(3.063925436184,94.953168634422));
#8715 = CARTESIAN_POINT('',(3.069744017698,95.035999843457));
#8716 = CARTESIAN_POINT('',(3.075750702563,95.111855842982));
#8717 = CARTESIAN_POINT('',(3.091151335508,95.281895789032));
#8718 = CARTESIAN_POINT('',(3.100783335797,95.36707281343));
#8719 = CARTESIAN_POINT('',(3.110744469008,95.432935263776));
#8720 = CARTESIAN_POINT('',(3.120936393646,95.477590842502));
#8721 = CARTESIAN_POINT('',(3.131254544774,95.5));
#8722 = CARTESIAN_POINT('',(3.14159265359,95.5));
#8723 = ( GEOMETRIC_REPRESENTATION_CONTEXT(2) 
PARAMETRIC_REPRESENTATION_CONTEXT() REPRESENTATION_CONTEXT('2D SPACE',''
  ) );
#8724 = ORIENTED_EDGE('',*,*,#8725,.F.);
#8725 = EDGE_CURVE('',#6958,#8421,#8726,.T.);
#8726 = SEAM_CURVE('',#8727,(#8731,#8738),.PCURVE_S1.);
#8727 = LINE('',#8728,#8729);
#8728 = CARTESIAN_POINT('',(-52.,1.347111479062E-15,217.70835153491));
#8729 = VECTOR('',#8730,1.);
#8730 = DIRECTION('',(1.,0.,0.));
#8731 = PCURVE('',#7171,#8732);
#8732 = DEFINITIONAL_REPRESENTATION('',(#8733),#8737);
#8733 = LINE('',#8734,#8735);
#8734 = CARTESIAN_POINT('',(6.28318530718,-0.));
#8735 = VECTOR('',#8736,1.);
#8736 = DIRECTION('',(0.,1.));
#8737 = ( GEOMETRIC_REPRESENTATION_CONTEXT(2) 
PARAMETRIC_REPRESENTATION_CONTEXT() REPRESENTATION_CONTEXT('2D SPACE',''
  ) );
#8738 = PCURVE('',#7171,#8739);
#8739 = DEFINITIONAL_REPRESENTATION('',(#8740),#8744);
#8740 = LINE('',#8741,#8742);
#8741 = CARTESIAN_POINT('',(0.,-0.));
#8742 = VECTOR('',#8743,1.);
#8743 = DIRECTION('',(0.,1.));
#8744 = ( GEOMETRIC_REPRESENTATION_CONTEXT(2) 
PARAMETRIC_REPRESENTATION_CONTEXT() REPRESENTATION_CONTEXT('2D SPACE',''
  ) );
#8745 = ORIENTED_EDGE('',*,*,#6957,.T.);
#8746 = ORIENTED_EDGE('',*,*,#8725,.T.);
#8747 = ADVANCED_FACE('',(#8748,#8850,#8853),#7423,.F.);
#8748 = FACE_BOUND('',#8749,.F.);
#8749 = EDGE_LOOP('',(#8750,#8751,#8774,#8801,#8802,#8803,#8824,#8825,
    #8846,#8847,#8848,#8849));
#8750 = ORIENTED_EDGE('',*,*,#7309,.F.);
#8751 = ORIENTED_EDGE('',*,*,#8752,.F.);
#8752 = EDGE_CURVE('',#8753,#7287,#8755,.T.);
#8753 = VERTEX_POINT('',#8754);
#8754 = CARTESIAN_POINT('',(31.,-7.592810154714E-15,242.20835153491));
#8755 = SEAM_CURVE('',#8756,(#8760,#8767),.PCURVE_S1.);
#8756 = LINE('',#8757,#8758);
#8757 = CARTESIAN_POINT('',(31.,-7.592810154714E-15,242.20835153491));
#8758 = VECTOR('',#8759,1.);
#8759 = DIRECTION('',(0.,1.824473802811E-16,-1.));
#8760 = PCURVE('',#7423,#8761);
#8761 = DEFINITIONAL_REPRESENTATION('',(#8762),#8766);
#8762 = LINE('',#8763,#8764);
#8763 = CARTESIAN_POINT('',(6.28318530718,120.));
#8764 = VECTOR('',#8765,1.);
#8765 = DIRECTION('',(-0.,-1.));
#8766 = ( GEOMETRIC_REPRESENTATION_CONTEXT(2) 
PARAMETRIC_REPRESENTATION_CONTEXT() REPRESENTATION_CONTEXT('2D SPACE',''
  ) );
#8767 = PCURVE('',#7423,#8768);
#8768 = DEFINITIONAL_REPRESENTATION('',(#8769),#8773);
#8769 = LINE('',#8770,#8771);
#8770 = CARTESIAN_POINT('',(0.,120.));
#8771 = VECTOR('',#8772,1.);
#8772 = DIRECTION('',(-0.,-1.));
#8773 = ( GEOMETRIC_REPRESENTATION_CONTEXT(2) 
PARAMETRIC_REPRESENTATION_CONTEXT() REPRESENTATION_CONTEXT('2D SPACE',''
  ) );
#8774 = ORIENTED_EDGE('',*,*,#8775,.F.);
#8775 = EDGE_CURVE('',#8753,#8753,#8776,.T.);
#8776 = SURFACE_CURVE('',#8777,(#8782,#8789),.PCURVE_S1.);
#8777 = CIRCLE('',#8778,31.);
#8778 = AXIS2_PLACEMENT_3D('',#8779,#8780,#8781);
#8779 = CARTESIAN_POINT('',(0.,0.,242.20835153491));
#8780 = DIRECTION('',(0.,0.,1.));
#8781 = DIRECTION('',(1.,0.,0.));
#8782 = PCURVE('',#7423,#8783);
#8783 = DEFINITIONAL_REPRESENTATION('',(#8784),#8788);
#8784 = LINE('',#8785,#8786);
#8785 = CARTESIAN_POINT('',(0.,120.));
#8786 = VECTOR('',#8787,1.);
#8787 = DIRECTION('',(1.,0.));
#8788 = ( GEOMETRIC_REPRESENTATION_CONTEXT(2) 
PARAMETRIC_REPRESENTATION_CONTEXT() REPRESENTATION_CONTEXT('2D SPACE',''
  ) );
#8789 = PCURVE('',#8790,#8795);
#8790 = PLANE('',#8791);
#8791 = AXIS2_PLACEMENT_3D('',#8792,#8793,#8794);
#8792 = CARTESIAN_POINT('',(0.,0.,242.20835153491));
#8793 = DIRECTION('',(0.,0.,1.));
#8794 = DIRECTION('',(1.,0.,0.));
#8795 = DEFINITIONAL_REPRESENTATION('',(#8796),#8800);
#8796 = CIRCLE('',#8797,31.);
#8797 = AXIS2_PLACEMENT_2D('',#8798,#8799);
#8798 = CARTESIAN_POINT('',(0.,0.));
#8799 = DIRECTION('',(1.,0.));
#8800 = ( GEOMETRIC_REPRESENTATION_CONTEXT(2) 
PARAMETRIC_REPRESENTATION_CONTEXT() REPRESENTATION_CONTEXT('2D SPACE',''
  ) );
#8801 = ORIENTED_EDGE('',*,*,#8752,.T.);
#8802 = ORIENTED_EDGE('',*,*,#7484,.F.);
#8803 = ORIENTED_EDGE('',*,*,#8804,.F.);
#8804 = EDGE_CURVE('',#7659,#7310,#8805,.T.);
#8805 = SEAM_CURVE('',#8806,(#8810,#8817),.PCURVE_S1.);
#8806 = LINE('',#8807,#8808);
#8807 = CARTESIAN_POINT('',(31.,-7.592810154714E-15,122.20835153491));
#8808 = VECTOR('',#8809,1.);
#8809 = DIRECTION('',(0.,0.,1.));
#8810 = PCURVE('',#7423,#8811);
#8811 = DEFINITIONAL_REPRESENTATION('',(#8812),#8816);
#8812 = LINE('',#8813,#8814);
#8813 = CARTESIAN_POINT('',(0.,-0.));
#8814 = VECTOR('',#8815,1.);
#8815 = DIRECTION('',(0.,1.));
#8816 = ( GEOMETRIC_REPRESENTATION_CONTEXT(2) 
PARAMETRIC_REPRESENTATION_CONTEXT() REPRESENTATION_CONTEXT('2D SPACE',''
  ) );
#8817 = PCURVE('',#7423,#8818);
#8818 = DEFINITIONAL_REPRESENTATION('',(#8819),#8823);
#8819 = LINE('',#8820,#8821);
#8820 = CARTESIAN_POINT('',(6.28318530718,-0.));
#8821 = VECTOR('',#8822,1.);
#8822 = DIRECTION('',(0.,1.));
#8823 = ( GEOMETRIC_REPRESENTATION_CONTEXT(2) 
PARAMETRIC_REPRESENTATION_CONTEXT() REPRESENTATION_CONTEXT('2D SPACE',''
  ) );
#8824 = ORIENTED_EDGE('',*,*,#7851,.F.);
#8825 = ORIENTED_EDGE('',*,*,#8826,.F.);
#8826 = EDGE_CURVE('',#8028,#7682,#8827,.T.);
#8827 = SEAM_CURVE('',#8828,(#8832,#8839),.PCURVE_S1.);
#8828 = LINE('',#8829,#8830);
#8829 = CARTESIAN_POINT('',(31.,-7.592810154714E-15,122.20835153491));
#8830 = VECTOR('',#8831,1.);
#8831 = DIRECTION('',(0.,0.,1.));
#8832 = PCURVE('',#7423,#8833);
#8833 = DEFINITIONAL_REPRESENTATION('',(#8834),#8838);
#8834 = LINE('',#8835,#8836);
#8835 = CARTESIAN_POINT('',(0.,-0.));
#8836 = VECTOR('',#8837,1.);
#8837 = DIRECTION('',(0.,1.));
#8838 = ( GEOMETRIC_REPRESENTATION_CONTEXT(2) 
PARAMETRIC_REPRESENTATION_CONTEXT() REPRESENTATION_CONTEXT('2D SPACE',''
  ) );
#8839 = PCURVE('',#7423,#8840);
#8840 = DEFINITIONAL_REPRESENTATION('',(#8841),#8845);
#8841 = LINE('',#8842,#8843);
#8842 = CARTESIAN_POINT('',(6.28318530718,-0.));
#8843 = VECTOR('',#8844,1.);
#8844 = DIRECTION('',(0.,1.));
#8845 = ( GEOMETRIC_REPRESENTATION_CONTEXT(2) 
PARAMETRIC_REPRESENTATION_CONTEXT() REPRESENTATION_CONTEXT('2D SPACE',''
  ) );
#8846 = ORIENTED_EDGE('',*,*,#8027,.T.);
#8847 = ORIENTED_EDGE('',*,*,#8826,.T.);
#8848 = ORIENTED_EDGE('',*,*,#7681,.F.);
#8849 = ORIENTED_EDGE('',*,*,#8804,.T.);
#8850 = FACE_BOUND('',#8851,.F.);
#8851 = EDGE_LOOP('',(#8852));
#8852 = ORIENTED_EDGE('',*,*,#8089,.T.);
#8853 = FACE_BOUND('',#8854,.F.);
#8854 = EDGE_LOOP('',(#8855));
#8855 = ORIENTED_EDGE('',*,*,#8420,.T.);
#8856 = ADVANCED_FACE('',(#8857),#8071,.T.);
#8857 = FACE_BOUND('',#8858,.T.);
#8858 = EDGE_LOOP('',(#8859,#8883,#8904,#8905));
#8859 = ORIENTED_EDGE('',*,*,#8860,.F.);
#8860 = EDGE_CURVE('',#8861,#8861,#8863,.T.);
#8861 = VERTEX_POINT('',#8862);
#8862 = CARTESIAN_POINT('',(70.,-1.714505518806E-14,242.20835153491));
#8863 = SURFACE_CURVE('',#8864,(#8869,#8876),.PCURVE_S1.);
#8864 = CIRCLE('',#8865,70.);
#8865 = AXIS2_PLACEMENT_3D('',#8866,#8867,#8868);
#8866 = CARTESIAN_POINT('',(0.,0.,242.20835153491));
#8867 = DIRECTION('',(0.,0.,1.));
#8868 = DIRECTION('',(1.,0.,0.));
#8869 = PCURVE('',#8071,#8870);
#8870 = DEFINITIONAL_REPRESENTATION('',(#8871),#8875);
#8871 = LINE('',#8872,#8873);
#8872 = CARTESIAN_POINT('',(0.,6.));
#8873 = VECTOR('',#8874,1.);
#8874 = DIRECTION('',(1.,0.));
#8875 = ( GEOMETRIC_REPRESENTATION_CONTEXT(2) 
PARAMETRIC_REPRESENTATION_CONTEXT() REPRESENTATION_CONTEXT('2D SPACE',''
  ) );
#8876 = PCURVE('',#8790,#8877);
#8877 = DEFINITIONAL_REPRESENTATION('',(#8878),#8882);
#8878 = CIRCLE('',#8879,70.);
#8879 = AXIS2_PLACEMENT_2D('',#8880,#8881);
#8880 = CARTESIAN_POINT('',(0.,0.));
#8881 = DIRECTION('',(1.,0.));
#8882 = ( GEOMETRIC_REPRESENTATION_CONTEXT(2) 
PARAMETRIC_REPRESENTATION_CONTEXT() REPRESENTATION_CONTEXT('2D SPACE',''
  ) );
#8883 = ORIENTED_EDGE('',*,*,#8884,.F.);
#8884 = EDGE_CURVE('',#8055,#8861,#8885,.T.);
#8885 = SEAM_CURVE('',#8886,(#8890,#8897),.PCURVE_S1.);
#8886 = LINE('',#8887,#8888);
#8887 = CARTESIAN_POINT('',(70.,-1.714505518806E-14,236.20835153491));
#8888 = VECTOR('',#8889,1.);
#8889 = DIRECTION('',(0.,0.,1.));
#8890 = PCURVE('',#8071,#8891);
#8891 = DEFINITIONAL_REPRESENTATION('',(#8892),#8896);
#8892 = LINE('',#8893,#8894);
#8893 = CARTESIAN_POINT('',(6.28318530718,-0.));
#8894 = VECTOR('',#8895,1.);
#8895 = DIRECTION('',(0.,1.));
#8896 = ( GEOMETRIC_REPRESENTATION_CONTEXT(2) 
PARAMETRIC_REPRESENTATION_CONTEXT() REPRESENTATION_CONTEXT('2D SPACE',''
  ) );
#8897 = PCURVE('',#8071,#8898);
#8898 = DEFINITIONAL_REPRESENTATION('',(#8899),#8903);
#8899 = LINE('',#8900,#8901);
#8900 = CARTESIAN_POINT('',(0.,-0.));
#8901 = VECTOR('',#8902,1.);
#8902 = DIRECTION('',(0.,1.));
#8903 = ( GEOMETRIC_REPRESENTATION_CONTEXT(2) 
PARAMETRIC_REPRESENTATION_CONTEXT() REPRESENTATION_CONTEXT('2D SPACE',''
  ) );
#8904 = ORIENTED_EDGE('',*,*,#8054,.T.);
#8905 = ORIENTED_EDGE('',*,*,#8884,.T.);
#8906 = ADVANCED_FACE('',(#8907,#8910),#8790,.T.);
#8907 = FACE_BOUND('',#8908,.T.);
#8908 = EDGE_LOOP('',(#8909));
#8909 = ORIENTED_EDGE('',*,*,#8860,.T.);
#8910 = FACE_BOUND('',#8911,.T.);
#8911 = EDGE_LOOP('',(#8912));
#8912 = ORIENTED_EDGE('',*,*,#8775,.F.);
#8913 = ( GEOMETRIC_REPRESENTATION_CONTEXT(3) 
GLOBAL_UNCERTAINTY_ASSIGNED_CONTEXT((#8917)) 
GLOBAL_UNIT_ASSIGNED_CONTEXT((#8914,#8915,#8916)) REPRESENTATION_CONTEXT
('Context #1','3D Context with UNIT and UNCERTAINTY') );
#8914 = ( LENGTH_UNIT() NAMED_UNIT(*) SI_UNIT(.MILLI.,.METRE.) );
#8915 = ( NAMED_UNIT(*) PLANE_ANGLE_UNIT() SI_UNIT($,.RADIAN.) );
#8916 = ( NAMED_UNIT(*) SI_UNIT($,.STERADIAN.) SOLID_ANGLE_UNIT() );
#8917 = UNCERTAINTY_MEASURE_WITH_UNIT(LENGTH_MEASURE(2.E-07),#8914,
  'distance_accuracy_value','confusion accuracy');
#8918 = CONTEXT_DEPENDENT_SHAPE_REPRESENTATION(#8919,#8921);
#8919 = ( REPRESENTATION_RELATIONSHIP('','',#5817,#10) 
REPRESENTATION_RELATIONSHIP_WITH_TRANSFORMATION(#8920) 
SHAPE_REPRESENTATION_RELATIONSHIP() );
#8920 = ITEM_DEFINED_TRANSFORMATION('','',#11,#67);
#8921 = PRODUCT_DEFINITION_SHAPE('Placement','Placement of an item',
  #8922);
#8922 = NEXT_ASSEMBLY_USAGE_OCCURRENCE('53','SV3_MAST_SOCKET','',#5,
  #5812,$);
#8923 = PRODUCT_RELATED_PRODUCT_CATEGORY('part',$,(#5814));
#8924 = SHAPE_DEFINITION_REPRESENTATION(#8925,#8931);
#8925 = PRODUCT_DEFINITION_SHAPE('','',#8926);
#8926 = PRODUCT_DEFINITION('design','',#8927,#8930);
#8927 = PRODUCT_DEFINITION_FORMATION('','',#8928);
#8928 = PRODUCT('SV3_FLOAT_COLLAR','SV3_FLOAT_COLLAR','',(#8929));
#8929 = PRODUCT_CONTEXT('',#2,'mechanical');
#8930 = PRODUCT_DEFINITION_CONTEXT('part definition',#2,'design');
#8931 = ADVANCED_BREP_SHAPE_REPRESENTATION('',(#11,#8932),#9578);
#8932 = MANIFOLD_SOLID_BREP('',#8933);
#8933 = CLOSED_SHELL('',(#8934,#9054,#9130,#9293,#9342,#9463,#9470,#9517
    ,#9544,#9571));
#8934 = ADVANCED_FACE('',(#8935),#8949,.F.);
#8935 = FACE_BOUND('',#8936,.F.);
#8936 = EDGE_LOOP('',(#8937,#8972,#9000,#9028));
#8937 = ORIENTED_EDGE('',*,*,#8938,.F.);
#8938 = EDGE_CURVE('',#8939,#8941,#8943,.T.);
#8939 = VERTEX_POINT('',#8940);
#8940 = CARTESIAN_POINT('',(-530.,-640.,-57.79164846508));
#8941 = VERTEX_POINT('',#8942);
#8942 = CARTESIAN_POINT('',(-530.,-640.,242.20835153491));
#8943 = SURFACE_CURVE('',#8944,(#8948,#8960),.PCURVE_S1.);
#8944 = LINE('',#8945,#8946);
#8945 = CARTESIAN_POINT('',(-530.,-640.,-57.79164846508));
#8946 = VECTOR('',#8947,1.);
#8947 = DIRECTION('',(0.,0.,1.));
#8948 = PCURVE('',#8949,#8954);
#8949 = PLANE('',#8950);
#8950 = AXIS2_PLACEMENT_3D('',#8951,#8952,#8953);
#8951 = CARTESIAN_POINT('',(-530.,-640.,-57.79164846508));
#8952 = DIRECTION('',(1.,0.,0.));
#8953 = DIRECTION('',(0.,0.,1.));
#8954 = DEFINITIONAL_REPRESENTATION('',(#8955),#8959);
#8955 = LINE('',#8956,#8957);
#8956 = CARTESIAN_POINT('',(0.,0.));
#8957 = VECTOR('',#8958,1.);
#8958 = DIRECTION('',(1.,0.));
#8959 = ( GEOMETRIC_REPRESENTATION_CONTEXT(2) 
PARAMETRIC_REPRESENTATION_CONTEXT() REPRESENTATION_CONTEXT('2D SPACE',''
  ) );
#8960 = PCURVE('',#8961,#8966);
#8961 = PLANE('',#8962);
#8962 = AXIS2_PLACEMENT_3D('',#8963,#8964,#8965);
#8963 = CARTESIAN_POINT('',(-530.,-640.,-57.79164846508));
#8964 = DIRECTION('',(0.,1.,0.));
#8965 = DIRECTION('',(0.,0.,1.));
#8966 = DEFINITIONAL_REPRESENTATION('',(#8967),#8971);
#8967 = LINE('',#8968,#8969);
#8968 = CARTESIAN_POINT('',(0.,0.));
#8969 = VECTOR('',#8970,1.);
#8970 = DIRECTION('',(1.,0.));
#8971 = ( GEOMETRIC_REPRESENTATION_CONTEXT(2) 
PARAMETRIC_REPRESENTATION_CONTEXT() REPRESENTATION_CONTEXT('2D SPACE',''
  ) );
#8972 = ORIENTED_EDGE('',*,*,#8973,.T.);
#8973 = EDGE_CURVE('',#8939,#8974,#8976,.T.);
#8974 = VERTEX_POINT('',#8975);
#8975 = CARTESIAN_POINT('',(-530.,640.,-57.79164846508));
#8976 = SURFACE_CURVE('',#8977,(#8981,#8988),.PCURVE_S1.);
#8977 = LINE('',#8978,#8979);
#8978 = CARTESIAN_POINT('',(-530.,-640.,-57.79164846508));
#8979 = VECTOR('',#8980,1.);
#8980 = DIRECTION('',(0.,1.,0.));
#8981 = PCURVE('',#8949,#8982);
#8982 = DEFINITIONAL_REPRESENTATION('',(#8983),#8987);
#8983 = LINE('',#8984,#8985);
#8984 = CARTESIAN_POINT('',(0.,0.));
#8985 = VECTOR('',#8986,1.);
#8986 = DIRECTION('',(0.,-1.));
#8987 = ( GEOMETRIC_REPRESENTATION_CONTEXT(2) 
PARAMETRIC_REPRESENTATION_CONTEXT() REPRESENTATION_CONTEXT('2D SPACE',''
  ) );
#8988 = PCURVE('',#8989,#8994);
#8989 = PLANE('',#8990);
#8990 = AXIS2_PLACEMENT_3D('',#8991,#8992,#8993);
#8991 = CARTESIAN_POINT('',(-530.,-640.,-57.79164846508));
#8992 = DIRECTION('',(0.,0.,1.));
#8993 = DIRECTION('',(1.,0.,0.));
#8994 = DEFINITIONAL_REPRESENTATION('',(#8995),#8999);
#8995 = LINE('',#8996,#8997);
#8996 = CARTESIAN_POINT('',(0.,0.));
#8997 = VECTOR('',#8998,1.);
#8998 = DIRECTION('',(0.,1.));
#8999 = ( GEOMETRIC_REPRESENTATION_CONTEXT(2) 
PARAMETRIC_REPRESENTATION_CONTEXT() REPRESENTATION_CONTEXT('2D SPACE',''
  ) );
#9000 = ORIENTED_EDGE('',*,*,#9001,.T.);
#9001 = EDGE_CURVE('',#8974,#9002,#9004,.T.);
#9002 = VERTEX_POINT('',#9003);
#9003 = CARTESIAN_POINT('',(-530.,640.,242.20835153491));
#9004 = SURFACE_CURVE('',#9005,(#9009,#9016),.PCURVE_S1.);
#9005 = LINE('',#9006,#9007);
#9006 = CARTESIAN_POINT('',(-530.,640.,-57.79164846508));
#9007 = VECTOR('',#9008,1.);
#9008 = DIRECTION('',(0.,0.,1.));
#9009 = PCURVE('',#8949,#9010);
#9010 = DEFINITIONAL_REPRESENTATION('',(#9011),#9015);
#9011 = LINE('',#9012,#9013);
#9012 = CARTESIAN_POINT('',(0.,-1.28E+03));
#9013 = VECTOR('',#9014,1.);
#9014 = DIRECTION('',(1.,0.));
#9015 = ( GEOMETRIC_REPRESENTATION_CONTEXT(2) 
PARAMETRIC_REPRESENTATION_CONTEXT() REPRESENTATION_CONTEXT('2D SPACE',''
  ) );
#9016 = PCURVE('',#9017,#9022);
#9017 = PLANE('',#9018);
#9018 = AXIS2_PLACEMENT_3D('',#9019,#9020,#9021);
#9019 = CARTESIAN_POINT('',(-530.,640.,-57.79164846508));
#9020 = DIRECTION('',(0.,1.,0.));
#9021 = DIRECTION('',(0.,0.,1.));
#9022 = DEFINITIONAL_REPRESENTATION('',(#9023),#9027);
#9023 = LINE('',#9024,#9025);
#9024 = CARTESIAN_POINT('',(0.,0.));
#9025 = VECTOR('',#9026,1.);
#9026 = DIRECTION('',(1.,0.));
#9027 = ( GEOMETRIC_REPRESENTATION_CONTEXT(2) 
PARAMETRIC_REPRESENTATION_CONTEXT() REPRESENTATION_CONTEXT('2D SPACE',''
  ) );
#9028 = ORIENTED_EDGE('',*,*,#9029,.F.);
#9029 = EDGE_CURVE('',#8941,#9002,#9030,.T.);
#9030 = SURFACE_CURVE('',#9031,(#9035,#9042),.PCURVE_S1.);
#9031 = LINE('',#9032,#9033);
#9032 = CARTESIAN_POINT('',(-530.,-640.,242.20835153491));
#9033 = VECTOR('',#9034,1.);
#9034 = DIRECTION('',(0.,1.,0.));
#9035 = PCURVE('',#8949,#9036);
#9036 = DEFINITIONAL_REPRESENTATION('',(#9037),#9041);
#9037 = LINE('',#9038,#9039);
#9038 = CARTESIAN_POINT('',(300.,0.));
#9039 = VECTOR('',#9040,1.);
#9040 = DIRECTION('',(0.,-1.));
#9041 = ( GEOMETRIC_REPRESENTATION_CONTEXT(2) 
PARAMETRIC_REPRESENTATION_CONTEXT() REPRESENTATION_CONTEXT('2D SPACE',''
  ) );
#9042 = PCURVE('',#9043,#9048);
#9043 = PLANE('',#9044);
#9044 = AXIS2_PLACEMENT_3D('',#9045,#9046,#9047);
#9045 = CARTESIAN_POINT('',(-530.,-640.,242.20835153491));
#9046 = DIRECTION('',(0.,0.,1.));
#9047 = DIRECTION('',(1.,0.,0.));
#9048 = DEFINITIONAL_REPRESENTATION('',(#9049),#9053);
#9049 = LINE('',#9050,#9051);
#9050 = CARTESIAN_POINT('',(0.,0.));
#9051 = VECTOR('',#9052,1.);
#9052 = DIRECTION('',(0.,1.));
#9053 = ( GEOMETRIC_REPRESENTATION_CONTEXT(2) 
PARAMETRIC_REPRESENTATION_CONTEXT() REPRESENTATION_CONTEXT('2D SPACE',''
  ) );
#9054 = ADVANCED_FACE('',(#9055),#8961,.F.);
#9055 = FACE_BOUND('',#9056,.F.);
#9056 = EDGE_LOOP('',(#9057,#9080,#9081,#9104));
#9057 = ORIENTED_EDGE('',*,*,#9058,.F.);
#9058 = EDGE_CURVE('',#8939,#9059,#9061,.T.);
#9059 = VERTEX_POINT('',#9060);
#9060 = CARTESIAN_POINT('',(530.,-640.,-57.79164846508));
#9061 = SURFACE_CURVE('',#9062,(#9066,#9073),.PCURVE_S1.);
#9062 = LINE('',#9063,#9064);
#9063 = CARTESIAN_POINT('',(-530.,-640.,-57.79164846508));
#9064 = VECTOR('',#9065,1.);
#9065 = DIRECTION('',(1.,0.,0.));
#9066 = PCURVE('',#8961,#9067);
#9067 = DEFINITIONAL_REPRESENTATION('',(#9068),#9072);
#9068 = LINE('',#9069,#9070);
#9069 = CARTESIAN_POINT('',(0.,0.));
#9070 = VECTOR('',#9071,1.);
#9071 = DIRECTION('',(0.,1.));
#9072 = ( GEOMETRIC_REPRESENTATION_CONTEXT(2) 
PARAMETRIC_REPRESENTATION_CONTEXT() REPRESENTATION_CONTEXT('2D SPACE',''
  ) );
#9073 = PCURVE('',#8989,#9074);
#9074 = DEFINITIONAL_REPRESENTATION('',(#9075),#9079);
#9075 = LINE('',#9076,#9077);
#9076 = CARTESIAN_POINT('',(0.,0.));
#9077 = VECTOR('',#9078,1.);
#9078 = DIRECTION('',(1.,0.));
#9079 = ( GEOMETRIC_REPRESENTATION_CONTEXT(2) 
PARAMETRIC_REPRESENTATION_CONTEXT() REPRESENTATION_CONTEXT('2D SPACE',''
  ) );
#9080 = ORIENTED_EDGE('',*,*,#8938,.T.);
#9081 = ORIENTED_EDGE('',*,*,#9082,.T.);
#9082 = EDGE_CURVE('',#8941,#9083,#9085,.T.);
#9083 = VERTEX_POINT('',#9084);
#9084 = CARTESIAN_POINT('',(530.,-640.,242.20835153491));
#9085 = SURFACE_CURVE('',#9086,(#9090,#9097),.PCURVE_S1.);
#9086 = LINE('',#9087,#9088);
#9087 = CARTESIAN_POINT('',(-530.,-640.,242.20835153491));
#9088 = VECTOR('',#9089,1.);
#9089 = DIRECTION('',(1.,0.,0.));
#9090 = PCURVE('',#8961,#9091);
#9091 = DEFINITIONAL_REPRESENTATION('',(#9092),#9096);
#9092 = LINE('',#9093,#9094);
#9093 = CARTESIAN_POINT('',(300.,0.));
#9094 = VECTOR('',#9095,1.);
#9095 = DIRECTION('',(0.,1.));
#9096 = ( GEOMETRIC_REPRESENTATION_CONTEXT(2) 
PARAMETRIC_REPRESENTATION_CONTEXT() REPRESENTATION_CONTEXT('2D SPACE',''
  ) );
#9097 = PCURVE('',#9043,#9098);
#9098 = DEFINITIONAL_REPRESENTATION('',(#9099),#9103);
#9099 = LINE('',#9100,#9101);
#9100 = CARTESIAN_POINT('',(0.,0.));
#9101 = VECTOR('',#9102,1.);
#9102 = DIRECTION('',(1.,0.));
#9103 = ( GEOMETRIC_REPRESENTATION_CONTEXT(2) 
PARAMETRIC_REPRESENTATION_CONTEXT() REPRESENTATION_CONTEXT('2D SPACE',''
  ) );
#9104 = ORIENTED_EDGE('',*,*,#9105,.F.);
#9105 = EDGE_CURVE('',#9059,#9083,#9106,.T.);
#9106 = SURFACE_CURVE('',#9107,(#9111,#9118),.PCURVE_S1.);
#9107 = LINE('',#9108,#9109);
#9108 = CARTESIAN_POINT('',(530.,-640.,-57.79164846508));
#9109 = VECTOR('',#9110,1.);
#9110 = DIRECTION('',(0.,0.,1.));
#9111 = PCURVE('',#8961,#9112);
#9112 = DEFINITIONAL_REPRESENTATION('',(#9113),#9117);
#9113 = LINE('',#9114,#9115);
#9114 = CARTESIAN_POINT('',(0.,1.06E+03));
#9115 = VECTOR('',#9116,1.);
#9116 = DIRECTION('',(1.,0.));
#9117 = ( GEOMETRIC_REPRESENTATION_CONTEXT(2) 
PARAMETRIC_REPRESENTATION_CONTEXT() REPRESENTATION_CONTEXT('2D SPACE',''
  ) );
#9118 = PCURVE('',#9119,#9124);
#9119 = PLANE('',#9120);
#9120 = AXIS2_PLACEMENT_3D('',#9121,#9122,#9123);
#9121 = CARTESIAN_POINT('',(530.,-640.,-57.79164846508));
#9122 = DIRECTION('',(1.,0.,0.));
#9123 = DIRECTION('',(0.,0.,1.));
#9124 = DEFINITIONAL_REPRESENTATION('',(#9125),#9129);
#9125 = LINE('',#9126,#9127);
#9126 = CARTESIAN_POINT('',(0.,0.));
#9127 = VECTOR('',#9128,1.);
#9128 = DIRECTION('',(1.,0.));
#9129 = ( GEOMETRIC_REPRESENTATION_CONTEXT(2) 
PARAMETRIC_REPRESENTATION_CONTEXT() REPRESENTATION_CONTEXT('2D SPACE',''
  ) );
#9130 = ADVANCED_FACE('',(#9131,#9179),#9043,.T.);
#9131 = FACE_BOUND('',#9132,.T.);
#9132 = EDGE_LOOP('',(#9133,#9134,#9135,#9158));
#9133 = ORIENTED_EDGE('',*,*,#9029,.F.);
#9134 = ORIENTED_EDGE('',*,*,#9082,.T.);
#9135 = ORIENTED_EDGE('',*,*,#9136,.T.);
#9136 = EDGE_CURVE('',#9083,#9137,#9139,.T.);
#9137 = VERTEX_POINT('',#9138);
#9138 = CARTESIAN_POINT('',(530.,640.,242.20835153491));
#9139 = SURFACE_CURVE('',#9140,(#9144,#9151),.PCURVE_S1.);
#9140 = LINE('',#9141,#9142);
#9141 = CARTESIAN_POINT('',(530.,-640.,242.20835153491));
#9142 = VECTOR('',#9143,1.);
#9143 = DIRECTION('',(0.,1.,0.));
#9144 = PCURVE('',#9043,#9145);
#9145 = DEFINITIONAL_REPRESENTATION('',(#9146),#9150);
#9146 = LINE('',#9147,#9148);
#9147 = CARTESIAN_POINT('',(1.06E+03,0.));
#9148 = VECTOR('',#9149,1.);
#9149 = DIRECTION('',(0.,1.));
#9150 = ( GEOMETRIC_REPRESENTATION_CONTEXT(2) 
PARAMETRIC_REPRESENTATION_CONTEXT() REPRESENTATION_CONTEXT('2D SPACE',''
  ) );
#9151 = PCURVE('',#9119,#9152);
#9152 = DEFINITIONAL_REPRESENTATION('',(#9153),#9157);
#9153 = LINE('',#9154,#9155);
#9154 = CARTESIAN_POINT('',(300.,0.));
#9155 = VECTOR('',#9156,1.);
#9156 = DIRECTION('',(0.,-1.));
#9157 = ( GEOMETRIC_REPRESENTATION_CONTEXT(2) 
PARAMETRIC_REPRESENTATION_CONTEXT() REPRESENTATION_CONTEXT('2D SPACE',''
  ) );
#9158 = ORIENTED_EDGE('',*,*,#9159,.F.);
#9159 = EDGE_CURVE('',#9002,#9137,#9160,.T.);
#9160 = SURFACE_CURVE('',#9161,(#9165,#9172),.PCURVE_S1.);
#9161 = LINE('',#9162,#9163);
#9162 = CARTESIAN_POINT('',(-530.,640.,242.20835153491));
#9163 = VECTOR('',#9164,1.);
#9164 = DIRECTION('',(1.,0.,0.));
#9165 = PCURVE('',#9043,#9166);
#9166 = DEFINITIONAL_REPRESENTATION('',(#9167),#9171);
#9167 = LINE('',#9168,#9169);
#9168 = CARTESIAN_POINT('',(0.,1.28E+03));
#9169 = VECTOR('',#9170,1.);
#9170 = DIRECTION('',(1.,0.));
#9171 = ( GEOMETRIC_REPRESENTATION_CONTEXT(2) 
PARAMETRIC_REPRESENTATION_CONTEXT() REPRESENTATION_CONTEXT('2D SPACE',''
  ) );
#9172 = PCURVE('',#9017,#9173);
#9173 = DEFINITIONAL_REPRESENTATION('',(#9174),#9178);
#9174 = LINE('',#9175,#9176);
#9175 = CARTESIAN_POINT('',(300.,0.));
#9176 = VECTOR('',#9177,1.);
#9177 = DIRECTION('',(0.,1.));
#9178 = ( GEOMETRIC_REPRESENTATION_CONTEXT(2) 
PARAMETRIC_REPRESENTATION_CONTEXT() REPRESENTATION_CONTEXT('2D SPACE',''
  ) );
#9179 = FACE_BOUND('',#9180,.T.);
#9180 = EDGE_LOOP('',(#9181,#9211,#9239,#9267));
#9181 = ORIENTED_EDGE('',*,*,#9182,.T.);
#9182 = EDGE_CURVE('',#9183,#9185,#9187,.T.);
#9183 = VERTEX_POINT('',#9184);
#9184 = CARTESIAN_POINT('',(-350.,-460.,242.20835153491));
#9185 = VERTEX_POINT('',#9186);
#9186 = CARTESIAN_POINT('',(-350.,460.,242.20835153491));
#9187 = SURFACE_CURVE('',#9188,(#9192,#9199),.PCURVE_S1.);
#9188 = LINE('',#9189,#9190);
#9189 = CARTESIAN_POINT('',(-350.,-460.,242.20835153491));
#9190 = VECTOR('',#9191,1.);
#9191 = DIRECTION('',(0.,1.,0.));
#9192 = PCURVE('',#9043,#9193);
#9193 = DEFINITIONAL_REPRESENTATION('',(#9194),#9198);
#9194 = LINE('',#9195,#9196);
#9195 = CARTESIAN_POINT('',(180.,180.));
#9196 = VECTOR('',#9197,1.);
#9197 = DIRECTION('',(0.,1.));
#9198 = ( GEOMETRIC_REPRESENTATION_CONTEXT(2) 
PARAMETRIC_REPRESENTATION_CONTEXT() REPRESENTATION_CONTEXT('2D SPACE',''
  ) );
#9199 = PCURVE('',#9200,#9205);
#9200 = PLANE('',#9201);
#9201 = AXIS2_PLACEMENT_3D('',#9202,#9203,#9204);
#9202 = CARTESIAN_POINT('',(-350.,-460.,-57.79164846508));
#9203 = DIRECTION('',(1.,0.,0.));
#9204 = DIRECTION('',(0.,0.,1.));
#9205 = DEFINITIONAL_REPRESENTATION('',(#9206),#9210);
#9206 = LINE('',#9207,#9208);
#9207 = CARTESIAN_POINT('',(300.,0.));
#9208 = VECTOR('',#9209,1.);
#9209 = DIRECTION('',(0.,-1.));
#9210 = ( GEOMETRIC_REPRESENTATION_CONTEXT(2) 
PARAMETRIC_REPRESENTATION_CONTEXT() REPRESENTATION_CONTEXT('2D SPACE',''
  ) );
#9211 = ORIENTED_EDGE('',*,*,#9212,.T.);
#9212 = EDGE_CURVE('',#9185,#9213,#9215,.T.);
#9213 = VERTEX_POINT('',#9214);
#9214 = CARTESIAN_POINT('',(350.,460.,242.20835153491));
#9215 = SURFACE_CURVE('',#9216,(#9220,#9227),.PCURVE_S1.);
#9216 = LINE('',#9217,#9218);
#9217 = CARTESIAN_POINT('',(-350.,460.,242.20835153491));
#9218 = VECTOR('',#9219,1.);
#9219 = DIRECTION('',(1.,0.,0.));
#9220 = PCURVE('',#9043,#9221);
#9221 = DEFINITIONAL_REPRESENTATION('',(#9222),#9226);
#9222 = LINE('',#9223,#9224);
#9223 = CARTESIAN_POINT('',(180.,1.1E+03));
#9224 = VECTOR('',#9225,1.);
#9225 = DIRECTION('',(1.,0.));
#9226 = ( GEOMETRIC_REPRESENTATION_CONTEXT(2) 
PARAMETRIC_REPRESENTATION_CONTEXT() REPRESENTATION_CONTEXT('2D SPACE',''
  ) );
#9227 = PCURVE('',#9228,#9233);
#9228 = PLANE('',#9229);
#9229 = AXIS2_PLACEMENT_3D('',#9230,#9231,#9232);
#9230 = CARTESIAN_POINT('',(-350.,460.,-57.79164846508));
#9231 = DIRECTION('',(0.,1.,0.));
#9232 = DIRECTION('',(0.,0.,1.));
#9233 = DEFINITIONAL_REPRESENTATION('',(#9234),#9238);
#9234 = LINE('',#9235,#9236);
#9235 = CARTESIAN_POINT('',(300.,0.));
#9236 = VECTOR('',#9237,1.);
#9237 = DIRECTION('',(0.,1.));
#9238 = ( GEOMETRIC_REPRESENTATION_CONTEXT(2) 
PARAMETRIC_REPRESENTATION_CONTEXT() REPRESENTATION_CONTEXT('2D SPACE',''
  ) );
#9239 = ORIENTED_EDGE('',*,*,#9240,.F.);
#9240 = EDGE_CURVE('',#9241,#9213,#9243,.T.);
#9241 = VERTEX_POINT('',#9242);
#9242 = CARTESIAN_POINT('',(350.,-460.,242.20835153491));
#9243 = SURFACE_CURVE('',#9244,(#9248,#9255),.PCURVE_S1.);
#9244 = LINE('',#9245,#9246);
#9245 = CARTESIAN_POINT('',(350.,-460.,242.20835153491));
#9246 = VECTOR('',#9247,1.);
#9247 = DIRECTION('',(0.,1.,0.));
#9248 = PCURVE('',#9043,#9249);
#9249 = DEFINITIONAL_REPRESENTATION('',(#9250),#9254);
#9250 = LINE('',#9251,#9252);
#9251 = CARTESIAN_POINT('',(880.,180.));
#9252 = VECTOR('',#9253,1.);
#9253 = DIRECTION('',(0.,1.));
#9254 = ( GEOMETRIC_REPRESENTATION_CONTEXT(2) 
PARAMETRIC_REPRESENTATION_CONTEXT() REPRESENTATION_CONTEXT('2D SPACE',''
  ) );
#9255 = PCURVE('',#9256,#9261);
#9256 = PLANE('',#9257);
#9257 = AXIS2_PLACEMENT_3D('',#9258,#9259,#9260);
#9258 = CARTESIAN_POINT('',(350.,-460.,-57.79164846508));
#9259 = DIRECTION('',(1.,0.,0.));
#9260 = DIRECTION('',(0.,0.,1.));
#9261 = DEFINITIONAL_REPRESENTATION('',(#9262),#9266);
#9262 = LINE('',#9263,#9264);
#9263 = CARTESIAN_POINT('',(300.,0.));
#9264 = VECTOR('',#9265,1.);
#9265 = DIRECTION('',(0.,-1.));
#9266 = ( GEOMETRIC_REPRESENTATION_CONTEXT(2) 
PARAMETRIC_REPRESENTATION_CONTEXT() REPRESENTATION_CONTEXT('2D SPACE',''
  ) );
#9267 = ORIENTED_EDGE('',*,*,#9268,.F.);
#9268 = EDGE_CURVE('',#9183,#9241,#9269,.T.);
#9269 = SURFACE_CURVE('',#9270,(#9274,#9281),.PCURVE_S1.);
#9270 = LINE('',#9271,#9272);
#9271 = CARTESIAN_POINT('',(-350.,-460.,242.20835153491));
#9272 = VECTOR('',#9273,1.);
#9273 = DIRECTION('',(1.,0.,0.));
#9274 = PCURVE('',#9043,#9275);
#9275 = DEFINITIONAL_REPRESENTATION('',(#9276),#9280);
#9276 = LINE('',#9277,#9278);
#9277 = CARTESIAN_POINT('',(180.,180.));
#9278 = VECTOR('',#9279,1.);
#9279 = DIRECTION('',(1.,0.));
#9280 = ( GEOMETRIC_REPRESENTATION_CONTEXT(2) 
PARAMETRIC_REPRESENTATION_CONTEXT() REPRESENTATION_CONTEXT('2D SPACE',''
  ) );
#9281 = PCURVE('',#9282,#9287);
#9282 = PLANE('',#9283);
#9283 = AXIS2_PLACEMENT_3D('',#9284,#9285,#9286);
#9284 = CARTESIAN_POINT('',(-350.,-460.,-57.79164846508));
#9285 = DIRECTION('',(0.,1.,0.));
#9286 = DIRECTION('',(0.,0.,1.));
#9287 = DEFINITIONAL_REPRESENTATION('',(#9288),#9292);
#9288 = LINE('',#9289,#9290);
#9289 = CARTESIAN_POINT('',(300.,0.));
#9290 = VECTOR('',#9291,1.);
#9291 = DIRECTION('',(0.,1.));
#9292 = ( GEOMETRIC_REPRESENTATION_CONTEXT(2) 
PARAMETRIC_REPRESENTATION_CONTEXT() REPRESENTATION_CONTEXT('2D SPACE',''
  ) );
#9293 = ADVANCED_FACE('',(#9294),#9017,.T.);
#9294 = FACE_BOUND('',#9295,.T.);
#9295 = EDGE_LOOP('',(#9296,#9319,#9320,#9321));
#9296 = ORIENTED_EDGE('',*,*,#9297,.F.);
#9297 = EDGE_CURVE('',#8974,#9298,#9300,.T.);
#9298 = VERTEX_POINT('',#9299);
#9299 = CARTESIAN_POINT('',(530.,640.,-57.79164846508));
#9300 = SURFACE_CURVE('',#9301,(#9305,#9312),.PCURVE_S1.);
#9301 = LINE('',#9302,#9303);
#9302 = CARTESIAN_POINT('',(-530.,640.,-57.79164846508));
#9303 = VECTOR('',#9304,1.);
#9304 = DIRECTION('',(1.,0.,0.));
#9305 = PCURVE('',#9017,#9306);
#9306 = DEFINITIONAL_REPRESENTATION('',(#9307),#9311);
#9307 = LINE('',#9308,#9309);
#9308 = CARTESIAN_POINT('',(0.,0.));
#9309 = VECTOR('',#9310,1.);
#9310 = DIRECTION('',(0.,1.));
#9311 = ( GEOMETRIC_REPRESENTATION_CONTEXT(2) 
PARAMETRIC_REPRESENTATION_CONTEXT() REPRESENTATION_CONTEXT('2D SPACE',''
  ) );
#9312 = PCURVE('',#8989,#9313);
#9313 = DEFINITIONAL_REPRESENTATION('',(#9314),#9318);
#9314 = LINE('',#9315,#9316);
#9315 = CARTESIAN_POINT('',(0.,1.28E+03));
#9316 = VECTOR('',#9317,1.);
#9317 = DIRECTION('',(1.,0.));
#9318 = ( GEOMETRIC_REPRESENTATION_CONTEXT(2) 
PARAMETRIC_REPRESENTATION_CONTEXT() REPRESENTATION_CONTEXT('2D SPACE',''
  ) );
#9319 = ORIENTED_EDGE('',*,*,#9001,.T.);
#9320 = ORIENTED_EDGE('',*,*,#9159,.T.);
#9321 = ORIENTED_EDGE('',*,*,#9322,.F.);
#9322 = EDGE_CURVE('',#9298,#9137,#9323,.T.);
#9323 = SURFACE_CURVE('',#9324,(#9328,#9335),.PCURVE_S1.);
#9324 = LINE('',#9325,#9326);
#9325 = CARTESIAN_POINT('',(530.,640.,-57.79164846508));
#9326 = VECTOR('',#9327,1.);
#9327 = DIRECTION('',(0.,0.,1.));
#9328 = PCURVE('',#9017,#9329);
#9329 = DEFINITIONAL_REPRESENTATION('',(#9330),#9334);
#9330 = LINE('',#9331,#9332);
#9331 = CARTESIAN_POINT('',(0.,1.06E+03));
#9332 = VECTOR('',#9333,1.);
#9333 = DIRECTION('',(1.,0.));
#9334 = ( GEOMETRIC_REPRESENTATION_CONTEXT(2) 
PARAMETRIC_REPRESENTATION_CONTEXT() REPRESENTATION_CONTEXT('2D SPACE',''
  ) );
#9335 = PCURVE('',#9119,#9336);
#9336 = DEFINITIONAL_REPRESENTATION('',(#9337),#9341);
#9337 = LINE('',#9338,#9339);
#9338 = CARTESIAN_POINT('',(0.,-1.28E+03));
#9339 = VECTOR('',#9340,1.);
#9340 = DIRECTION('',(1.,0.));
#9341 = ( GEOMETRIC_REPRESENTATION_CONTEXT(2) 
PARAMETRIC_REPRESENTATION_CONTEXT() REPRESENTATION_CONTEXT('2D SPACE',''
  ) );
#9342 = ADVANCED_FACE('',(#9343,#9369),#8989,.F.);
#9343 = FACE_BOUND('',#9344,.F.);
#9344 = EDGE_LOOP('',(#9345,#9346,#9347,#9368));
#9345 = ORIENTED_EDGE('',*,*,#8973,.F.);
#9346 = ORIENTED_EDGE('',*,*,#9058,.T.);
#9347 = ORIENTED_EDGE('',*,*,#9348,.T.);
#9348 = EDGE_CURVE('',#9059,#9298,#9349,.T.);
#9349 = SURFACE_CURVE('',#9350,(#9354,#9361),.PCURVE_S1.);
#9350 = LINE('',#9351,#9352);
#9351 = CARTESIAN_POINT('',(530.,-640.,-57.79164846508));
#9352 = VECTOR('',#9353,1.);
#9353 = DIRECTION('',(0.,1.,0.));
#9354 = PCURVE('',#8989,#9355);
#9355 = DEFINITIONAL_REPRESENTATION('',(#9356),#9360);
#9356 = LINE('',#9357,#9358);
#9357 = CARTESIAN_POINT('',(1.06E+03,0.));
#9358 = VECTOR('',#9359,1.);
#9359 = DIRECTION('',(0.,1.));
#9360 = ( GEOMETRIC_REPRESENTATION_CONTEXT(2) 
PARAMETRIC_REPRESENTATION_CONTEXT() REPRESENTATION_CONTEXT('2D SPACE',''
  ) );
#9361 = PCURVE('',#9119,#9362);
#9362 = DEFINITIONAL_REPRESENTATION('',(#9363),#9367);
#9363 = LINE('',#9364,#9365);
#9364 = CARTESIAN_POINT('',(0.,0.));
#9365 = VECTOR('',#9366,1.);
#9366 = DIRECTION('',(0.,-1.));
#9367 = ( GEOMETRIC_REPRESENTATION_CONTEXT(2) 
PARAMETRIC_REPRESENTATION_CONTEXT() REPRESENTATION_CONTEXT('2D SPACE',''
  ) );
#9368 = ORIENTED_EDGE('',*,*,#9297,.F.);
#9369 = FACE_BOUND('',#9370,.F.);
#9370 = EDGE_LOOP('',(#9371,#9396,#9419,#9442));
#9371 = ORIENTED_EDGE('',*,*,#9372,.T.);
#9372 = EDGE_CURVE('',#9373,#9375,#9377,.T.);
#9373 = VERTEX_POINT('',#9374);
#9374 = CARTESIAN_POINT('',(-350.,-460.,-57.79164846508));
#9375 = VERTEX_POINT('',#9376);
#9376 = CARTESIAN_POINT('',(-350.,460.,-57.79164846508));
#9377 = SURFACE_CURVE('',#9378,(#9382,#9389),.PCURVE_S1.);
#9378 = LINE('',#9379,#9380);
#9379 = CARTESIAN_POINT('',(-350.,-460.,-57.79164846508));
#9380 = VECTOR('',#9381,1.);
#9381 = DIRECTION('',(0.,1.,0.));
#9382 = PCURVE('',#8989,#9383);
#9383 = DEFINITIONAL_REPRESENTATION('',(#9384),#9388);
#9384 = LINE('',#9385,#9386);
#9385 = CARTESIAN_POINT('',(180.,180.));
#9386 = VECTOR('',#9387,1.);
#9387 = DIRECTION('',(0.,1.));
#9388 = ( GEOMETRIC_REPRESENTATION_CONTEXT(2) 
PARAMETRIC_REPRESENTATION_CONTEXT() REPRESENTATION_CONTEXT('2D SPACE',''
  ) );
#9389 = PCURVE('',#9200,#9390);
#9390 = DEFINITIONAL_REPRESENTATION('',(#9391),#9395);
#9391 = LINE('',#9392,#9393);
#9392 = CARTESIAN_POINT('',(0.,0.));
#9393 = VECTOR('',#9394,1.);
#9394 = DIRECTION('',(0.,-1.));
#9395 = ( GEOMETRIC_REPRESENTATION_CONTEXT(2) 
PARAMETRIC_REPRESENTATION_CONTEXT() REPRESENTATION_CONTEXT('2D SPACE',''
  ) );
#9396 = ORIENTED_EDGE('',*,*,#9397,.T.);
#9397 = EDGE_CURVE('',#9375,#9398,#9400,.T.);
#9398 = VERTEX_POINT('',#9399);
#9399 = CARTESIAN_POINT('',(350.,460.,-57.79164846508));
#9400 = SURFACE_CURVE('',#9401,(#9405,#9412),.PCURVE_S1.);
#9401 = LINE('',#9402,#9403);
#9402 = CARTESIAN_POINT('',(-350.,460.,-57.79164846508));
#9403 = VECTOR('',#9404,1.);
#9404 = DIRECTION('',(1.,0.,0.));
#9405 = PCURVE('',#8989,#9406);
#9406 = DEFINITIONAL_REPRESENTATION('',(#9407),#9411);
#9407 = LINE('',#9408,#9409);
#9408 = CARTESIAN_POINT('',(180.,1.1E+03));
#9409 = VECTOR('',#9410,1.);
#9410 = DIRECTION('',(1.,0.));
#9411 = ( GEOMETRIC_REPRESENTATION_CONTEXT(2) 
PARAMETRIC_REPRESENTATION_CONTEXT() REPRESENTATION_CONTEXT('2D SPACE',''
  ) );
#9412 = PCURVE('',#9228,#9413);
#9413 = DEFINITIONAL_REPRESENTATION('',(#9414),#9418);
#9414 = LINE('',#9415,#9416);
#9415 = CARTESIAN_POINT('',(0.,0.));
#9416 = VECTOR('',#9417,1.);
#9417 = DIRECTION('',(0.,1.));
#9418 = ( GEOMETRIC_REPRESENTATION_CONTEXT(2) 
PARAMETRIC_REPRESENTATION_CONTEXT() REPRESENTATION_CONTEXT('2D SPACE',''
  ) );
#9419 = ORIENTED_EDGE('',*,*,#9420,.F.);
#9420 = EDGE_CURVE('',#9421,#9398,#9423,.T.);
#9421 = VERTEX_POINT('',#9422);
#9422 = CARTESIAN_POINT('',(350.,-460.,-57.79164846508));
#9423 = SURFACE_CURVE('',#9424,(#9428,#9435),.PCURVE_S1.);
#9424 = LINE('',#9425,#9426);
#9425 = CARTESIAN_POINT('',(350.,-460.,-57.79164846508));
#9426 = VECTOR('',#9427,1.);
#9427 = DIRECTION('',(0.,1.,0.));
#9428 = PCURVE('',#8989,#9429);
#9429 = DEFINITIONAL_REPRESENTATION('',(#9430),#9434);
#9430 = LINE('',#9431,#9432);
#9431 = CARTESIAN_POINT('',(880.,180.));
#9432 = VECTOR('',#9433,1.);
#9433 = DIRECTION('',(0.,1.));
#9434 = ( GEOMETRIC_REPRESENTATION_CONTEXT(2) 
PARAMETRIC_REPRESENTATION_CONTEXT() REPRESENTATION_CONTEXT('2D SPACE',''
  ) );
#9435 = PCURVE('',#9256,#9436);
#9436 = DEFINITIONAL_REPRESENTATION('',(#9437),#9441);
#9437 = LINE('',#9438,#9439);
#9438 = CARTESIAN_POINT('',(0.,0.));
#9439 = VECTOR('',#9440,1.);
#9440 = DIRECTION('',(0.,-1.));
#9441 = ( GEOMETRIC_REPRESENTATION_CONTEXT(2) 
PARAMETRIC_REPRESENTATION_CONTEXT() REPRESENTATION_CONTEXT('2D SPACE',''
  ) );
#9442 = ORIENTED_EDGE('',*,*,#9443,.F.);
#9443 = EDGE_CURVE('',#9373,#9421,#9444,.T.);
#9444 = SURFACE_CURVE('',#9445,(#9449,#9456),.PCURVE_S1.);
#9445 = LINE('',#9446,#9447);
#9446 = CARTESIAN_POINT('',(-350.,-460.,-57.79164846508));
#9447 = VECTOR('',#9448,1.);
#9448 = DIRECTION('',(1.,0.,0.));
#9449 = PCURVE('',#8989,#9450);
#9450 = DEFINITIONAL_REPRESENTATION('',(#9451),#9455);
#9451 = LINE('',#9452,#9453);
#9452 = CARTESIAN_POINT('',(180.,180.));
#9453 = VECTOR('',#9454,1.);
#9454 = DIRECTION('',(1.,0.));
#9455 = ( GEOMETRIC_REPRESENTATION_CONTEXT(2) 
PARAMETRIC_REPRESENTATION_CONTEXT() REPRESENTATION_CONTEXT('2D SPACE',''
  ) );
#9456 = PCURVE('',#9282,#9457);
#9457 = DEFINITIONAL_REPRESENTATION('',(#9458),#9462);
#9458 = LINE('',#9459,#9460);
#9459 = CARTESIAN_POINT('',(0.,0.));
#9460 = VECTOR('',#9461,1.);
#9461 = DIRECTION('',(0.,1.));
#9462 = ( GEOMETRIC_REPRESENTATION_CONTEXT(2) 
PARAMETRIC_REPRESENTATION_CONTEXT() REPRESENTATION_CONTEXT('2D SPACE',''
  ) );
#9463 = ADVANCED_FACE('',(#9464),#9119,.T.);
#9464 = FACE_BOUND('',#9465,.T.);
#9465 = EDGE_LOOP('',(#9466,#9467,#9468,#9469));
#9466 = ORIENTED_EDGE('',*,*,#9105,.F.);
#9467 = ORIENTED_EDGE('',*,*,#9348,.T.);
#9468 = ORIENTED_EDGE('',*,*,#9322,.T.);
#9469 = ORIENTED_EDGE('',*,*,#9136,.F.);
#9470 = ADVANCED_FACE('',(#9471),#9200,.T.);
#9471 = FACE_BOUND('',#9472,.T.);
#9472 = EDGE_LOOP('',(#9473,#9494,#9495,#9516));
#9473 = ORIENTED_EDGE('',*,*,#9474,.F.);
#9474 = EDGE_CURVE('',#9373,#9183,#9475,.T.);
#9475 = SURFACE_CURVE('',#9476,(#9480,#9487),.PCURVE_S1.);
#9476 = LINE('',#9477,#9478);
#9477 = CARTESIAN_POINT('',(-350.,-460.,-57.79164846508));
#9478 = VECTOR('',#9479,1.);
#9479 = DIRECTION('',(0.,0.,1.));
#9480 = PCURVE('',#9200,#9481);
#9481 = DEFINITIONAL_REPRESENTATION('',(#9482),#9486);
#9482 = LINE('',#9483,#9484);
#9483 = CARTESIAN_POINT('',(0.,0.));
#9484 = VECTOR('',#9485,1.);
#9485 = DIRECTION('',(1.,0.));
#9486 = ( GEOMETRIC_REPRESENTATION_CONTEXT(2) 
PARAMETRIC_REPRESENTATION_CONTEXT() REPRESENTATION_CONTEXT('2D SPACE',''
  ) );
#9487 = PCURVE('',#9282,#9488);
#9488 = DEFINITIONAL_REPRESENTATION('',(#9489),#9493);
#9489 = LINE('',#9490,#9491);
#9490 = CARTESIAN_POINT('',(0.,0.));
#9491 = VECTOR('',#9492,1.);
#9492 = DIRECTION('',(1.,0.));
#9493 = ( GEOMETRIC_REPRESENTATION_CONTEXT(2) 
PARAMETRIC_REPRESENTATION_CONTEXT() REPRESENTATION_CONTEXT('2D SPACE',''
  ) );
#9494 = ORIENTED_EDGE('',*,*,#9372,.T.);
#9495 = ORIENTED_EDGE('',*,*,#9496,.T.);
#9496 = EDGE_CURVE('',#9375,#9185,#9497,.T.);
#9497 = SURFACE_CURVE('',#9498,(#9502,#9509),.PCURVE_S1.);
#9498 = LINE('',#9499,#9500);
#9499 = CARTESIAN_POINT('',(-350.,460.,-57.79164846508));
#9500 = VECTOR('',#9501,1.);
#9501 = DIRECTION('',(0.,0.,1.));
#9502 = PCURVE('',#9200,#9503);
#9503 = DEFINITIONAL_REPRESENTATION('',(#9504),#9508);
#9504 = LINE('',#9505,#9506);
#9505 = CARTESIAN_POINT('',(0.,-920.));
#9506 = VECTOR('',#9507,1.);
#9507 = DIRECTION('',(1.,0.));
#9508 = ( GEOMETRIC_REPRESENTATION_CONTEXT(2) 
PARAMETRIC_REPRESENTATION_CONTEXT() REPRESENTATION_CONTEXT('2D SPACE',''
  ) );
#9509 = PCURVE('',#9228,#9510);
#9510 = DEFINITIONAL_REPRESENTATION('',(#9511),#9515);
#9511 = LINE('',#9512,#9513);
#9512 = CARTESIAN_POINT('',(0.,0.));
#9513 = VECTOR('',#9514,1.);
#9514 = DIRECTION('',(1.,0.));
#9515 = ( GEOMETRIC_REPRESENTATION_CONTEXT(2) 
PARAMETRIC_REPRESENTATION_CONTEXT() REPRESENTATION_CONTEXT('2D SPACE',''
  ) );
#9516 = ORIENTED_EDGE('',*,*,#9182,.F.);
#9517 = ADVANCED_FACE('',(#9518),#9282,.T.);
#9518 = FACE_BOUND('',#9519,.T.);
#9519 = EDGE_LOOP('',(#9520,#9521,#9522,#9523));
#9520 = ORIENTED_EDGE('',*,*,#9443,.F.);
#9521 = ORIENTED_EDGE('',*,*,#9474,.T.);
#9522 = ORIENTED_EDGE('',*,*,#9268,.T.);
#9523 = ORIENTED_EDGE('',*,*,#9524,.F.);
#9524 = EDGE_CURVE('',#9421,#9241,#9525,.T.);
#9525 = SURFACE_CURVE('',#9526,(#9530,#9537),.PCURVE_S1.);
#9526 = LINE('',#9527,#9528);
#9527 = CARTESIAN_POINT('',(350.,-460.,-57.79164846508));
#9528 = VECTOR('',#9529,1.);
#9529 = DIRECTION('',(0.,0.,1.));
#9530 = PCURVE('',#9282,#9531);
#9531 = DEFINITIONAL_REPRESENTATION('',(#9532),#9536);
#9532 = LINE('',#9533,#9534);
#9533 = CARTESIAN_POINT('',(0.,700.));
#9534 = VECTOR('',#9535,1.);
#9535 = DIRECTION('',(1.,0.));
#9536 = ( GEOMETRIC_REPRESENTATION_CONTEXT(2) 
PARAMETRIC_REPRESENTATION_CONTEXT() REPRESENTATION_CONTEXT('2D SPACE',''
  ) );
#9537 = PCURVE('',#9256,#9538);
#9538 = DEFINITIONAL_REPRESENTATION('',(#9539),#9543);
#9539 = LINE('',#9540,#9541);
#9540 = CARTESIAN_POINT('',(0.,0.));
#9541 = VECTOR('',#9542,1.);
#9542 = DIRECTION('',(1.,0.));
#9543 = ( GEOMETRIC_REPRESENTATION_CONTEXT(2) 
PARAMETRIC_REPRESENTATION_CONTEXT() REPRESENTATION_CONTEXT('2D SPACE',''
  ) );
#9544 = ADVANCED_FACE('',(#9545),#9256,.F.);
#9545 = FACE_BOUND('',#9546,.F.);
#9546 = EDGE_LOOP('',(#9547,#9548,#9549,#9570));
#9547 = ORIENTED_EDGE('',*,*,#9524,.F.);
#9548 = ORIENTED_EDGE('',*,*,#9420,.T.);
#9549 = ORIENTED_EDGE('',*,*,#9550,.T.);
#9550 = EDGE_CURVE('',#9398,#9213,#9551,.T.);
#9551 = SURFACE_CURVE('',#9552,(#9556,#9563),.PCURVE_S1.);
#9552 = LINE('',#9553,#9554);
#9553 = CARTESIAN_POINT('',(350.,460.,-57.79164846508));
#9554 = VECTOR('',#9555,1.);
#9555 = DIRECTION('',(0.,0.,1.));
#9556 = PCURVE('',#9256,#9557);
#9557 = DEFINITIONAL_REPRESENTATION('',(#9558),#9562);
#9558 = LINE('',#9559,#9560);
#9559 = CARTESIAN_POINT('',(0.,-920.));
#9560 = VECTOR('',#9561,1.);
#9561 = DIRECTION('',(1.,0.));
#9562 = ( GEOMETRIC_REPRESENTATION_CONTEXT(2) 
PARAMETRIC_REPRESENTATION_CONTEXT() REPRESENTATION_CONTEXT('2D SPACE',''
  ) );
#9563 = PCURVE('',#9228,#9564);
#9564 = DEFINITIONAL_REPRESENTATION('',(#9565),#9569);
#9565 = LINE('',#9566,#9567);
#9566 = CARTESIAN_POINT('',(0.,700.));
#9567 = VECTOR('',#9568,1.);
#9568 = DIRECTION('',(1.,0.));
#9569 = ( GEOMETRIC_REPRESENTATION_CONTEXT(2) 
PARAMETRIC_REPRESENTATION_CONTEXT() REPRESENTATION_CONTEXT('2D SPACE',''
  ) );
#9570 = ORIENTED_EDGE('',*,*,#9240,.F.);
#9571 = ADVANCED_FACE('',(#9572),#9228,.F.);
#9572 = FACE_BOUND('',#9573,.F.);
#9573 = EDGE_LOOP('',(#9574,#9575,#9576,#9577));
#9574 = ORIENTED_EDGE('',*,*,#9397,.F.);
#9575 = ORIENTED_EDGE('',*,*,#9496,.T.);
#9576 = ORIENTED_EDGE('',*,*,#9212,.T.);
#9577 = ORIENTED_EDGE('',*,*,#9550,.F.);
#9578 = ( GEOMETRIC_REPRESENTATION_CONTEXT(3) 
GLOBAL_UNCERTAINTY_ASSIGNED_CONTEXT((#9582)) 
GLOBAL_UNIT_ASSIGNED_CONTEXT((#9579,#9580,#9581)) REPRESENTATION_CONTEXT
('Context #1','3D Context with UNIT and UNCERTAINTY') );
#9579 = ( LENGTH_UNIT() NAMED_UNIT(*) SI_UNIT(.MILLI.,.METRE.) );
#9580 = ( NAMED_UNIT(*) PLANE_ANGLE_UNIT() SI_UNIT($,.RADIAN.) );
#9581 = ( NAMED_UNIT(*) SI_UNIT($,.STERADIAN.) SOLID_ANGLE_UNIT() );
#9582 = UNCERTAINTY_MEASURE_WITH_UNIT(LENGTH_MEASURE(1.E-07),#9579,
  'distance_accuracy_value','confusion accuracy');
#9583 = CONTEXT_DEPENDENT_SHAPE_REPRESENTATION(#9584,#9586);
#9584 = ( REPRESENTATION_RELATIONSHIP('','',#8931,#10) 
REPRESENTATION_RELATIONSHIP_WITH_TRANSFORMATION(#9585) 
SHAPE_REPRESENTATION_RELATIONSHIP() );
#9585 = ITEM_DEFINED_TRANSFORMATION('','',#11,#71);
#9586 = PRODUCT_DEFINITION_SHAPE('Placement','Placement of an item',
  #9587);
#9587 = NEXT_ASSEMBLY_USAGE_OCCURRENCE('54','SV3_FLOAT_COLLAR','',#5,
  #8926,$);
#9588 = PRODUCT_RELATED_PRODUCT_CATEGORY('part',$,(#8928));
ENDSEC;
END-ISO-10303-21;
