ISO-10303-21;
HEADER;
FILE_DESCRIPTION(('Open CASCADE Model'),'2;1');
FILE_NAME('Open CASCADE Shape Model','2026-09-27T14:50:50',('Author'),(
    'Open CASCADE'),'Open CASCADE STEP processor 7.8','Open CASCADE 7.8'
  ,'Unknown');
FILE_SCHEMA(('AUTOMOTIVE_DESIGN { 1 0 10303 214 1 1 1 1 }'));
ENDSEC;
DATA;
#1 = APPLICATION_PROTOCOL_DEFINITION('international standard',
  'automotive_design',2000,#2);
#2 = APPLICATION_CONTEXT(
  'core data for automotive mechanical design processes');
#3 = SHAPE_DEFINITION_REPRESENTATION(#4,#10);
#4 = PRODUCT_DEFINITION_SHAPE('','',#5);
#5 = PRODUCT_DEFINITION('design','',#6,#9);
#6 = PRODUCT_DEFINITION_FORMATION('','',#7);
#7 = PRODUCT('Open CASCADE STEP translator 7.8 18',
  'Open CASCADE STEP translator 7.8 18','',(#8));
#8 = PRODUCT_CONTEXT('',#2,'mechanical');
#9 = PRODUCT_DEFINITION_CONTEXT('part definition',#2,'design');
#10 = SHAPE_REPRESENTATION('',(#11,#15),#19);
#11 = AXIS2_PLACEMENT_3D('',#12,#13,#14);
#12 = CARTESIAN_POINT('',(0.,0.,0.));
#13 = DIRECTION('',(0.,0.,1.));
#14 = DIRECTION('',(1.,0.,-0.));
#15 = AXIS2_PLACEMENT_3D('',#16,#17,#18);
#16 = CARTESIAN_POINT('',(0.,0.,0.));
#17 = DIRECTION('',(0.,0.,1.));
#18 = DIRECTION('',(1.,0.,-0.));
#19 = ( GEOMETRIC_REPRESENTATION_CONTEXT(3) 
GLOBAL_UNCERTAINTY_ASSIGNED_CONTEXT((#23)) GLOBAL_UNIT_ASSIGNED_CONTEXT(
(#20,#21,#22)) REPRESENTATION_CONTEXT('Context #1',
  '3D Context with UNIT and UNCERTAINTY') );
#20 = ( LENGTH_UNIT() NAMED_UNIT(*) SI_UNIT(.MILLI.,.METRE.) );
#21 = ( NAMED_UNIT(*) PLANE_ANGLE_UNIT() SI_UNIT($,.RADIAN.) );
#22 = ( NAMED_UNIT(*) SI_UNIT($,.STERADIAN.) SOLID_ANGLE_UNIT() );
#23 = UNCERTAINTY_MEASURE_WITH_UNIT(LENGTH_MEASURE(2.E-07),#20,
  'distance_accuracy_value','confusion accuracy');
#24 = PRODUCT_RELATED_PRODUCT_CATEGORY('part',$,(#7));
#25 = SHAPE_DEFINITION_REPRESENTATION(#26,#32);
#26 = PRODUCT_DEFINITION_SHAPE('','',#27);
#27 = PRODUCT_DEFINITION('design','',#28,#31);
#28 = PRODUCT_DEFINITION_FORMATION('','',#29);
#29 = PRODUCT('SV3_MAST_SOCKET','SV3_MAST_SOCKET','',(#30));
#30 = PRODUCT_CONTEXT('',#2,'mechanical');
#31 = PRODUCT_DEFINITION_CONTEXT('part definition',#2,'design');
#32 = ADVANCED_BREP_SHAPE_REPRESENTATION('',(#11,#33),#3128);
#33 = MANIFOLD_SOLID_BREP('',#34);
#34 = CLOSED_SHELL('',(#35,#1496,#1868,#2235,#2265,#2300,#2631,#2962,
    #3071,#3121));
#35 = ADVANCED_FACE('',(#36,#857,#1169),#99,.T.);
#36 = FACE_BOUND('',#37,.T.);
#37 = EDGE_LOOP('',(#38,#220,#243,#270,#271,#439,#462,#637,#660,#687,
    #688,#856));
#38 = ORIENTED_EDGE('',*,*,#39,.F.);
#39 = EDGE_CURVE('',#40,#42,#44,.T.);
#40 = VERTEX_POINT('',#41);
#41 = CARTESIAN_POINT('',(42.,-4.469960816888E-15,475.5));
#42 = VERTEX_POINT('',#43);
#43 = CARTESIAN_POINT('',(42.,-1.028703311284E-14,464.5));
#44 = SURFACE_CURVE('',#45,(#98,#159),.PCURVE_S1.);
#45 = B_SPLINE_CURVE_WITH_KNOTS('',6,(#46,#47,#48,#49,#50,#51,#52,#53,
    #54,#55,#56,#57,#58,#59,#60,#61,#62,#63,#64,#65,#66,#67,#68,#69,#70,
    #71,#72,#73,#74,#75,#76,#77,#78,#79,#80,#81,#82,#83,#84,#85,#86,#87,
    #88,#89,#90,#91,#92,#93,#94,#95,#96,#97),.UNSPECIFIED.,.F.,.F.,(7,5,
    5,5,5,5,5,5,5,5,7),(0.,9.554191592618E-02,0.157213619162,
    0.237417172516,0.359494399229,0.499999367053,0.64050561464,
    0.762583409931,0.842787335488,0.904459325974,1.),.UNSPECIFIED.);
#46 = CARTESIAN_POINT('',(42.,-1.7763568394E-15,475.5));
#47 = CARTESIAN_POINT('',(42.,-0.334262016882,475.5));
#48 = CARTESIAN_POINT('',(41.996807738061,-0.667764253954,
    475.47562220104));
#49 = CARTESIAN_POINT('',(41.990450054441,-0.996789410692,
    475.42707509835));
#50 = CARTESIAN_POINT('',(41.981190138639,-1.317689422071,
    475.35556035263));
#51 = CARTESIAN_POINT('',(41.969510189117,-1.627084375528,
    475.26324109179));
#52 = CARTESIAN_POINT('',(41.947274871798,-2.112453363832,
    475.08220781885));
#53 = CARTESIAN_POINT('',(41.937775274898,-2.297136209851,
    475.00370845438));
#54 = CARTESIAN_POINT('',(41.927628173697,-2.475806661181,
    474.91832182492));
#55 = CARTESIAN_POINT('',(41.916965679776,-2.648218519897,
    474.82665031175));
#56 = CARTESIAN_POINT('',(41.905917770432,-2.81417417057,474.72930266642
    ));
#57 = CARTESIAN_POINT('',(41.8798989823,-3.180758310827,474.49371334463)
  );
#58 = CARTESIAN_POINT('',(41.864742316708,-3.376883894104,
    474.35193276419));
#59 = CARTESIAN_POINT('',(41.849381571166,-3.561944799195,
    474.20264950694));
#60 = CARTESIAN_POINT('',(41.834031331667,-3.736052725834,474.0468345283
    ));
#61 = CARTESIAN_POINT('',(41.818876996416,-3.899367367422,
    473.88534926046));
#62 = CARTESIAN_POINT('',(41.781544732637,-4.28451331523,473.4657050771)
  );
#63 = CARTESIAN_POINT('',(41.759820753312,-4.492482818929,
    473.20097892082));
#64 = CARTESIAN_POINT('',(41.739434412399,-4.676839695808,472.9272168281
    ));
#65 = CARTESIAN_POINT('',(41.720773346317,-4.838436800458,
    472.64628968322));
#66 = CARTESIAN_POINT('',(41.704116218323,-4.978038744139,
    472.35964147663));
#67 = CARTESIAN_POINT('',(41.67303785985,-5.232274714266,471.73324868357
    ));
#68 = CARTESIAN_POINT('',(41.659334040125,-5.339955691051,
    471.39202937284));
#69 = CARTESIAN_POINT('',(41.648874432144,-5.420124319948,471.046666993)
  );
#70 = CARTESIAN_POINT('',(41.641841206108,-5.473370350548,470.6986747624
    ));
#71 = CARTESIAN_POINT('',(41.638323693444,-5.5,470.34935972461));
#72 = CARTESIAN_POINT('',(41.638323693444,-5.5,469.6506370933));
#73 = CARTESIAN_POINT('',(41.641841272613,-5.473369853054,
    469.30132199829));
#74 = CARTESIAN_POINT('',(41.648874502995,-5.420123775221,
    468.95333163545));
#75 = CARTESIAN_POINT('',(41.6593340342,-5.339955703876,468.60797135153)
  );
#76 = CARTESIAN_POINT('',(41.673037785835,-5.232275319744,
    468.26675280821));
#77 = CARTESIAN_POINT('',(41.704116218323,-4.978038744139,
    467.64035852336));
#78 = CARTESIAN_POINT('',(41.720773346317,-4.838436800458,
    467.35371031678));
#79 = CARTESIAN_POINT('',(41.739434412399,-4.676839695808,
    467.07278317189));
#80 = CARTESIAN_POINT('',(41.759820753312,-4.492482818929,
    466.79902107917));
#81 = CARTESIAN_POINT('',(41.781544732637,-4.28451331523,466.53429492289
    ));
#82 = CARTESIAN_POINT('',(41.818876996168,-3.899367369986,
    466.11465074232));
#83 = CARTESIAN_POINT('',(41.834031332069,-3.736052721049,
    465.95316546757));
#84 = CARTESIAN_POINT('',(41.849381571165,-3.561944799642,
    465.79735049281));
#85 = CARTESIAN_POINT('',(41.864742316305,-3.3768838991,465.64806723981)
  );
#86 = CARTESIAN_POINT('',(41.879898982551,-3.180758307304,465.5062866531
    ));
#87 = CARTESIAN_POINT('',(41.905917770432,-2.814174170573,
    465.27069733357));
#88 = CARTESIAN_POINT('',(41.916965679776,-2.648218519897,
    465.17334968824));
#89 = CARTESIAN_POINT('',(41.927628173697,-2.475806661178,
    465.08167817507));
#90 = CARTESIAN_POINT('',(41.937775274898,-2.297136209851,
    464.99629154561));
#91 = CARTESIAN_POINT('',(41.947274871798,-2.112453363835,
    464.91779218114));
#92 = CARTESIAN_POINT('',(41.969509950532,-1.627089583524,
    464.73676085068));
#93 = CARTESIAN_POINT('',(41.981190064529,-1.317692950651,
    464.64444014454));
#94 = CARTESIAN_POINT('',(41.990450235051,-0.996786673053,
    464.57292351329));
#95 = CARTESIAN_POINT('',(41.99680794377,-0.667754873609,464.52437622751
    ));
#96 = CARTESIAN_POINT('',(42.,-0.334251230675,464.5));
#97 = CARTESIAN_POINT('',(42.,-2.6645352591E-15,464.5));
#98 = PCURVE('',#99,#104);
#99 = CYLINDRICAL_SURFACE('',#100,42.);
#100 = AXIS2_PLACEMENT_3D('',#101,#102,#103);
#101 = CARTESIAN_POINT('',(0.,0.,380.));
#102 = DIRECTION('',(0.,0.,1.));
#103 = DIRECTION('',(1.,0.,0.));
#104 = DEFINITIONAL_REPRESENTATION('',(#105),#158);
#105 = B_SPLINE_CURVE_WITH_KNOTS('',6,(#106,#107,#108,#109,#110,#111,
    #112,#113,#114,#115,#116,#117,#118,#119,#120,#121,#122,#123,#124,
    #125,#126,#127,#128,#129,#130,#131,#132,#133,#134,#135,#136,#137,
    #138,#139,#140,#141,#142,#143,#144,#145,#146,#147,#148,#149,#150,
    #151,#152,#153,#154,#155,#156,#157),.UNSPECIFIED.,.F.,.F.,(7,5,5,5,5
    ,5,5,5,5,5,7),(0.,9.554191592618E-02,0.157213619162,0.237417172516,
    0.359494399229,0.499999367053,0.64050561464,0.762583409931,
    0.842787335488,0.904459325974,1.),.UNSPECIFIED.);
#106 = CARTESIAN_POINT('',(6.28318530718,95.5));
#107 = CARTESIAN_POINT('',(6.27522668773,95.5));
#108 = CARTESIAN_POINT('',(6.267286157823,95.475622201044));
#109 = CARTESIAN_POINT('',(6.259451320447,95.42707509835));
#110 = CARTESIAN_POINT('',(6.251808135826,95.355560352633));
#111 = CARTESIAN_POINT('',(6.2444365802,95.263241091798));
#112 = CARTESIAN_POINT('',(6.232868055575,95.082207818854));
#113 = CARTESIAN_POINT('',(6.228465101225,95.003708454384));
#114 = CARTESIAN_POINT('',(6.22420427485,94.918321824923));
#115 = CARTESIAN_POINT('',(6.220091459421,94.826650311756));
#116 = CARTESIAN_POINT('',(6.21613142634,94.729302666428));
#117 = CARTESIAN_POINT('',(6.207381275411,94.493713344636));
#118 = CARTESIAN_POINT('',(6.202697787109,94.351932764192));
#119 = CARTESIAN_POINT('',(6.198276521158,94.202649506944));
#120 = CARTESIAN_POINT('',(6.194115083154,94.046834528303));
#121 = CARTESIAN_POINT('',(6.190209967626,93.885349260469));
#122 = CARTESIAN_POINT('',(6.180996847882,93.465705077105));
#123 = CARTESIAN_POINT('',(6.176018387181,93.200978920822));
#124 = CARTESIAN_POINT('',(6.171602283007,92.927216828107));
#125 = CARTESIAN_POINT('',(6.167729201834,92.64628968322));
#126 = CARTESIAN_POINT('',(6.16438178527,92.359641476638));
#127 = CARTESIAN_POINT('',(6.158283488378,91.733248683577));
#128 = CARTESIAN_POINT('',(6.155699008635,91.392029372849));
#129 = CARTESIAN_POINT('',(6.15377405557,91.046666993006));
#130 = CARTESIAN_POINT('',(6.152495281544,90.698674762406));
#131 = CARTESIAN_POINT('',(6.151855734804,90.349359724614));
#132 = CARTESIAN_POINT('',(6.151855734804,89.650637093308));
#133 = CARTESIAN_POINT('',(6.152495293508,89.301321998295));
#134 = CARTESIAN_POINT('',(6.15377406863,88.953331635452));
#135 = CARTESIAN_POINT('',(6.155699008323,88.607971351532));
#136 = CARTESIAN_POINT('',(6.158283473855,88.266752808215));
#137 = CARTESIAN_POINT('',(6.16438178527,87.640358523363));
#138 = CARTESIAN_POINT('',(6.167729201834,87.35371031678));
#139 = CARTESIAN_POINT('',(6.171602283007,87.072783171893));
#140 = CARTESIAN_POINT('',(6.176018387181,86.799021079178));
#141 = CARTESIAN_POINT('',(6.180996847882,86.534294922894));
#142 = CARTESIAN_POINT('',(6.190209967565,86.114650742324));
#143 = CARTESIAN_POINT('',(6.194115083268,85.953165467573));
#144 = CARTESIAN_POINT('',(6.198276521147,85.797350492812));
#145 = CARTESIAN_POINT('',(6.20269778699,85.648067239817));
#146 = CARTESIAN_POINT('',(6.207381275495,85.5062866531));
#147 = CARTESIAN_POINT('',(6.21613142634,85.270697333574));
#148 = CARTESIAN_POINT('',(6.220091459421,85.173349688244));
#149 = CARTESIAN_POINT('',(6.22420427485,85.081678175075));
#150 = CARTESIAN_POINT('',(6.228465101226,84.996291545616));
#151 = CARTESIAN_POINT('',(6.232868055575,84.917792181147));
#152 = CARTESIAN_POINT('',(6.24443645607,84.736760850684));
#153 = CARTESIAN_POINT('',(6.251808051823,84.644440144548));
#154 = CARTESIAN_POINT('',(6.259451385714,84.572923513293));
#155 = CARTESIAN_POINT('',(6.267286381168,84.524376227516));
#156 = CARTESIAN_POINT('',(6.275226944544,84.5));
#157 = CARTESIAN_POINT('',(6.28318530718,84.5));
#158 = ( GEOMETRIC_REPRESENTATION_CONTEXT(2) 
PARAMETRIC_REPRESENTATION_CONTEXT() REPRESENTATION_CONTEXT('2D SPACE',''
  ) );
#159 = PCURVE('',#160,#165);
#160 = CYLINDRICAL_SURFACE('',#161,5.5);
#161 = AXIS2_PLACEMENT_3D('',#162,#163,#164);
#162 = CARTESIAN_POINT('',(-52.,0.,470.));
#163 = DIRECTION('',(1.,0.,0.));
#164 = DIRECTION('',(0.,0.,1.));
#165 = DEFINITIONAL_REPRESENTATION('',(#166),#219);
#166 = B_SPLINE_CURVE_WITH_KNOTS('',6,(#167,#168,#169,#170,#171,#172,
    #173,#174,#175,#176,#177,#178,#179,#180,#181,#182,#183,#184,#185,
    #186,#187,#188,#189,#190,#191,#192,#193,#194,#195,#196,#197,#198,
    #199,#200,#201,#202,#203,#204,#205,#206,#207,#208,#209,#210,#211,
    #212,#213,#214,#215,#216,#217,#218),.UNSPECIFIED.,.F.,.F.,(7,5,5,5,5
    ,5,5,5,5,5,7),(0.,9.554191592618E-02,0.157213619162,0.237417172516,
    0.359494399229,0.499999367053,0.64050561464,0.762583409931,
    0.842787335488,0.904459325974,1.),.UNSPECIFIED.);
#167 = CARTESIAN_POINT('',(-8.881784197001E-16,94.));
#168 = CARTESIAN_POINT('',(6.077491216037E-02,94.));
#169 = CARTESIAN_POINT('',(0.121411677184,93.996807738061));
#170 = CARTESIAN_POINT('',(0.181638525715,93.990450054441));
#171 = CARTESIAN_POINT('',(0.241186851438,93.981190138639));
#172 = CARTESIAN_POINT('',(0.299759533912,93.969510189117));
#173 = CARTESIAN_POINT('',(0.393946985608,93.947274871798));
#174 = CARTESIAN_POINT('',(0.430396316128,93.937775274898));
#175 = CARTESIAN_POINT('',(0.466349765333,93.927628173697));
#176 = CARTESIAN_POINT('',(0.50180576862,93.916965679776));
#177 = CARTESIAN_POINT('',(0.536758646729,93.905917770432));
#178 = CARTESIAN_POINT('',(0.615987629745,93.8798989823));
#179 = CARTESIAN_POINT('',(0.659922907739,93.864742316708));
#180 = CARTESIAN_POINT('',(0.703064785636,93.849381571166));
#181 = CARTESIAN_POINT('',(0.745466407656,93.834031331667));
#182 = CARTESIAN_POINT('',(0.787175827872,93.818876996416));
#183 = CARTESIAN_POINT('',(0.89073858351,93.781544732637));
#184 = CARTESIAN_POINT('',(0.95176775504,93.759820753312));
#185 = CARTESIAN_POINT('',(1.011542338656,93.739434412399));
#186 = CARTESIAN_POINT('',(1.07025661296,93.720773346317));
#187 = CARTESIAN_POINT('',(1.128093756239,93.704116218323));
#188 = CARTESIAN_POINT('',(1.251006593689,93.67303785985));
#189 = CARTESIAN_POINT('',(1.315855033723,93.659334040125));
#190 = CARTESIAN_POINT('',(1.380032066272,93.648874432144));
#191 = CARTESIAN_POINT('',(1.443764515266,93.641841206108));
#192 = CARTESIAN_POINT('',(1.507276376865,93.638323693444));
#193 = CARTESIAN_POINT('',(1.634316855284,93.638323693444));
#194 = CARTESIAN_POINT('',(1.697828732388,93.641841272613));
#195 = CARTESIAN_POINT('',(1.761560842711,93.648874502995));
#196 = CARTESIAN_POINT('',(1.825737499548,93.6593340342));
#197 = CARTESIAN_POINT('',(1.890585767176,93.673037785835));
#198 = CARTESIAN_POINT('',(2.01349889735,93.704116218323));
#199 = CARTESIAN_POINT('',(2.07133604063,93.720773346317));
#200 = CARTESIAN_POINT('',(2.130050314934,93.739434412399));
#201 = CARTESIAN_POINT('',(2.18982489855,93.759820753312));
#202 = CARTESIAN_POINT('',(2.25085407008,93.781544732637));
#203 = CARTESIAN_POINT('',(2.354416825028,93.818876996168));
#204 = CARTESIAN_POINT('',(2.39612624709,93.834031332069));
#205 = CARTESIAN_POINT('',(2.43852786792,93.849381571165));
#206 = CARTESIAN_POINT('',(2.481669744678,93.864742316305));
#207 = CARTESIAN_POINT('',(2.525605024606,93.879898982551));
#208 = CARTESIAN_POINT('',(2.60483400686,93.905917770432));
#209 = CARTESIAN_POINT('',(2.63978688497,93.916965679776));
#210 = CARTESIAN_POINT('',(2.675242888258,93.927628173697));
#211 = CARTESIAN_POINT('',(2.711196337462,93.937775274898));
#212 = CARTESIAN_POINT('',(2.747645667981,93.947274871798));
#213 = CARTESIAN_POINT('',(2.841832109049,93.969509950532));
#214 = CARTESIAN_POINT('',(2.900405169315,93.981190064529));
#215 = CARTESIAN_POINT('',(2.959954664884,93.990450235051));
#216 = CARTESIAN_POINT('',(3.020182681837,93.99680794377));
#217 = CARTESIAN_POINT('',(3.080819702558,94.));
#218 = CARTESIAN_POINT('',(3.14159265359,94.));
#219 = ( GEOMETRIC_REPRESENTATION_CONTEXT(2) 
PARAMETRIC_REPRESENTATION_CONTEXT() REPRESENTATION_CONTEXT('2D SPACE',''
  ) );
#220 = ORIENTED_EDGE('',*,*,#221,.T.);
#221 = EDGE_CURVE('',#40,#222,#224,.T.);
#222 = VERTEX_POINT('',#223);
#223 = CARTESIAN_POINT('',(42.,-1.028703311284E-14,494.));
#224 = SEAM_CURVE('',#225,(#229,#236),.PCURVE_S1.);
#225 = LINE('',#226,#227);
#226 = CARTESIAN_POINT('',(42.,-1.028703311284E-14,380.));
#227 = VECTOR('',#228,1.);
#228 = DIRECTION('',(0.,0.,1.));
#229 = PCURVE('',#99,#230);
#230 = DEFINITIONAL_REPRESENTATION('',(#231),#235);
#231 = LINE('',#232,#233);
#232 = CARTESIAN_POINT('',(0.,-0.));
#233 = VECTOR('',#234,1.);
#234 = DIRECTION('',(0.,1.));
#235 = ( GEOMETRIC_REPRESENTATION_CONTEXT(2) 
PARAMETRIC_REPRESENTATION_CONTEXT() REPRESENTATION_CONTEXT('2D SPACE',''
  ) );
#236 = PCURVE('',#99,#237);
#237 = DEFINITIONAL_REPRESENTATION('',(#238),#242);
#238 = LINE('',#239,#240);
#239 = CARTESIAN_POINT('',(6.28318530718,-0.));
#240 = VECTOR('',#241,1.);
#241 = DIRECTION('',(0.,1.));
#242 = ( GEOMETRIC_REPRESENTATION_CONTEXT(2) 
PARAMETRIC_REPRESENTATION_CONTEXT() REPRESENTATION_CONTEXT('2D SPACE',''
  ) );
#243 = ORIENTED_EDGE('',*,*,#244,.F.);
#244 = EDGE_CURVE('',#222,#222,#245,.T.);
#245 = SURFACE_CURVE('',#246,(#251,#258),.PCURVE_S1.);
#246 = CIRCLE('',#247,42.);
#247 = AXIS2_PLACEMENT_3D('',#248,#249,#250);
#248 = CARTESIAN_POINT('',(0.,0.,494.));
#249 = DIRECTION('',(0.,0.,1.));
#250 = DIRECTION('',(1.,0.,0.));
#251 = PCURVE('',#99,#252);
#252 = DEFINITIONAL_REPRESENTATION('',(#253),#257);
#253 = LINE('',#254,#255);
#254 = CARTESIAN_POINT('',(0.,114.));
#255 = VECTOR('',#256,1.);
#256 = DIRECTION('',(1.,0.));
#257 = ( GEOMETRIC_REPRESENTATION_CONTEXT(2) 
PARAMETRIC_REPRESENTATION_CONTEXT() REPRESENTATION_CONTEXT('2D SPACE',''
  ) );
#258 = PCURVE('',#259,#264);
#259 = PLANE('',#260);
#260 = AXIS2_PLACEMENT_3D('',#261,#262,#263);
#261 = CARTESIAN_POINT('',(0.,0.,494.));
#262 = DIRECTION('',(0.,0.,1.));
#263 = DIRECTION('',(1.,0.,0.));
#264 = DEFINITIONAL_REPRESENTATION('',(#265),#269);
#265 = CIRCLE('',#266,42.);
#266 = AXIS2_PLACEMENT_2D('',#267,#268);
#267 = CARTESIAN_POINT('',(0.,0.));
#268 = DIRECTION('',(1.,0.));
#269 = ( GEOMETRIC_REPRESENTATION_CONTEXT(2) 
PARAMETRIC_REPRESENTATION_CONTEXT() REPRESENTATION_CONTEXT('2D SPACE',''
  ) );
#270 = ORIENTED_EDGE('',*,*,#221,.F.);
#271 = ORIENTED_EDGE('',*,*,#272,.F.);
#272 = EDGE_CURVE('',#42,#40,#273,.T.);
#273 = SURFACE_CURVE('',#274,(#327,#383),.PCURVE_S1.);
#274 = B_SPLINE_CURVE_WITH_KNOTS('',6,(#275,#276,#277,#278,#279,#280,
    #281,#282,#283,#284,#285,#286,#287,#288,#289,#290,#291,#292,#293,
    #294,#295,#296,#297,#298,#299,#300,#301,#302,#303,#304,#305,#306,
    #307,#308,#309,#310,#311,#312,#313,#314,#315,#316,#317,#318,#319,
    #320,#321,#322,#323,#324,#325,#326),.UNSPECIFIED.,.F.,.F.,(7,5,5,5,5
    ,5,5,5,5,5,7),(0.,9.554268384744E-02,0.157214882794,0.237419080817,
    0.359497288773,0.50000338596,0.640510762921,0.762589530229,
    0.842794100541,0.904466586805,1.),.UNSPECIFIED.);
#275 = CARTESIAN_POINT('',(42.,2.10571278441E-15,464.5));
#276 = CARTESIAN_POINT('',(42.,0.334262016992,464.5));
#277 = CARTESIAN_POINT('',(41.996807738059,0.667764253925,
    464.52437779897));
#278 = CARTESIAN_POINT('',(41.990450054444,0.996789410585,
    464.57292490163));
#279 = CARTESIAN_POINT('',(41.981190138642,1.317689422043,
    464.64443964734));
#280 = CARTESIAN_POINT('',(41.969510189112,1.627084375631,
    464.73675890824));
#281 = CARTESIAN_POINT('',(41.947274871798,2.112453363835,
    464.91779218114));
#282 = CARTESIAN_POINT('',(41.937775274898,2.297136209851,
    464.99629154561));
#283 = CARTESIAN_POINT('',(41.927628173697,2.475806661178,
    465.08167817507));
#284 = CARTESIAN_POINT('',(41.916965679776,2.648218519897,
    465.17334968824));
#285 = CARTESIAN_POINT('',(41.905917770432,2.814174170573,
    465.27069733357));
#286 = CARTESIAN_POINT('',(41.879898982301,3.180758310825,
    465.50628665536));
#287 = CARTESIAN_POINT('',(41.864742316708,3.376883894105,465.6480672358
    ));
#288 = CARTESIAN_POINT('',(41.849381571166,3.561944799197,
    465.79735049305));
#289 = CARTESIAN_POINT('',(41.834031331667,3.736052725834,
    465.95316547169));
#290 = CARTESIAN_POINT('',(41.818876996416,3.89936736742,466.11465073952
    ));
#291 = CARTESIAN_POINT('',(41.781544732637,4.284513315229,
    466.53429492289));
#292 = CARTESIAN_POINT('',(41.759820753312,4.492482818929,
    466.79902107917));
#293 = CARTESIAN_POINT('',(41.739434412399,4.676839695808,
    467.07278317189));
#294 = CARTESIAN_POINT('',(41.720773346317,4.838436800458,
    467.35371031678));
#295 = CARTESIAN_POINT('',(41.704116218323,4.978038744139,
    467.64035852336));
#296 = CARTESIAN_POINT('',(41.67303785985,5.232274714266,468.26675131642
    ));
#297 = CARTESIAN_POINT('',(41.659334040125,5.339955691052,
    468.60797062715));
#298 = CARTESIAN_POINT('',(41.648874432144,5.420124319948,
    468.95333300699));
#299 = CARTESIAN_POINT('',(41.641841206108,5.473370350548,
    469.30132523759));
#300 = CARTESIAN_POINT('',(41.638323693444,5.5,469.65064027538));
#301 = CARTESIAN_POINT('',(41.638323693444,5.5,470.34936290669));
#302 = CARTESIAN_POINT('',(41.641841272613,5.473369853054,470.6986780017
    ));
#303 = CARTESIAN_POINT('',(41.648874502995,5.420123775221,
    471.04666836454));
#304 = CARTESIAN_POINT('',(41.6593340342,5.339955703876,471.39202864846)
  );
#305 = CARTESIAN_POINT('',(41.673037785835,5.232275319744,
    471.73324719178));
#306 = CARTESIAN_POINT('',(41.70411621723,4.978038753076,472.35964145462
    ));
#307 = CARTESIAN_POINT('',(41.720773348534,4.838436779905,
    472.64628971688));
#308 = CARTESIAN_POINT('',(41.739434412103,4.676839699939,472.9272168293
    ));
#309 = CARTESIAN_POINT('',(41.759820750953,4.492482841437,
    473.20097888771));
#310 = CARTESIAN_POINT('',(41.781544734364,4.284513297409,
    473.46570509652));
#311 = CARTESIAN_POINT('',(41.818876996168,3.899367369986,
    473.88534925767));
#312 = CARTESIAN_POINT('',(41.834031332069,3.736052721049,
    474.04683453242));
#313 = CARTESIAN_POINT('',(41.849381571165,3.561944799641,
    474.20264950718));
#314 = CARTESIAN_POINT('',(41.864742316305,3.3768838991,474.35193276018)
  );
#315 = CARTESIAN_POINT('',(41.87989898255,3.180758307304,474.4937133469)
  );
#316 = CARTESIAN_POINT('',(41.905917770432,2.81417417057,474.72930266642
    ));
#317 = CARTESIAN_POINT('',(41.916965679776,2.648218519897,
    474.82665031175));
#318 = CARTESIAN_POINT('',(41.927628173697,2.475806661181,
    474.91832182492));
#319 = CARTESIAN_POINT('',(41.937775274898,2.297136209852,
    475.00370845438));
#320 = CARTESIAN_POINT('',(41.947274871798,2.112453363832,
    475.08220781885));
#321 = CARTESIAN_POINT('',(41.969508814992,1.627114370947,
    475.26322990408));
#322 = CARTESIAN_POINT('',(41.981189870476,1.317706239543,
    475.35555878486));
#323 = CARTESIAN_POINT('',(41.990451074373,0.996771751695,
    475.42708282116));
#324 = CARTESIAN_POINT('',(41.996808700096,0.667715574175,
    475.47562960763));
#325 = CARTESIAN_POINT('',(42.,0.33421131647,475.5));
#326 = CARTESIAN_POINT('',(42.,3.116046393706E-15,475.5));
#327 = PCURVE('',#99,#328);
#328 = DEFINITIONAL_REPRESENTATION('',(#329),#382);
#329 = B_SPLINE_CURVE_WITH_KNOTS('',6,(#330,#331,#332,#333,#334,#335,
    #336,#337,#338,#339,#340,#341,#342,#343,#344,#345,#346,#347,#348,
    #349,#350,#351,#352,#353,#354,#355,#356,#357,#358,#359,#360,#361,
    #362,#363,#364,#365,#366,#367,#368,#369,#370,#371,#372,#373,#374,
    #375,#376,#377,#378,#379,#380,#381),.UNSPECIFIED.,.F.,.F.,(7,5,5,5,5
    ,5,5,5,5,5,7),(0.,9.554268384744E-02,0.157214882794,0.237419080817,
    0.359497288773,0.50000338596,0.640510762921,0.762589530229,
    0.842794100541,0.904466586805,1.),.UNSPECIFIED.);
#330 = CARTESIAN_POINT('',(0.,84.5));
#331 = CARTESIAN_POINT('',(7.958619452183E-03,84.5));
#332 = CARTESIAN_POINT('',(1.589914935543E-02,84.524377798972));
#333 = CARTESIAN_POINT('',(2.373398673028E-02,84.572924901631));
#334 = CARTESIAN_POINT('',(3.137717135296E-02,84.64443964734));
#335 = CARTESIAN_POINT('',(3.874872698233E-02,84.73675890824));
#336 = CARTESIAN_POINT('',(5.031725160437E-02,84.917792181147));
#337 = CARTESIAN_POINT('',(5.472020595407E-02,84.996291545616));
#338 = CARTESIAN_POINT('',(5.898103232945E-02,85.081678175075));
#339 = CARTESIAN_POINT('',(6.309384775817E-02,85.173349688244));
#340 = CARTESIAN_POINT('',(6.705388083972E-02,85.270697333574));
#341 = CARTESIAN_POINT('',(7.580403176878E-02,85.506286655362));
#342 = CARTESIAN_POINT('',(8.048752007034E-02,85.648067235808));
#343 = CARTESIAN_POINT('',(8.490878602185E-02,85.797350493058));
#344 = CARTESIAN_POINT('',(8.907022402585E-02,85.953165471697));
#345 = CARTESIAN_POINT('',(9.297533955343E-02,86.114650739529));
#346 = CARTESIAN_POINT('',(0.102188459297,86.534294922894));
#347 = CARTESIAN_POINT('',(0.107166919999,86.799021079178));
#348 = CARTESIAN_POINT('',(0.111583024173,87.072783171893));
#349 = CARTESIAN_POINT('',(0.115456105346,87.35371031678));
#350 = CARTESIAN_POINT('',(0.118803521909,87.640358523363));
#351 = CARTESIAN_POINT('',(0.124901818801,88.266751316422));
#352 = CARTESIAN_POINT('',(0.127486298544,88.607970627152));
#353 = CARTESIAN_POINT('',(0.12941125161,88.953333006993));
#354 = CARTESIAN_POINT('',(0.130690025636,89.301325237594));
#355 = CARTESIAN_POINT('',(0.131329572375,89.650640275386));
#356 = CARTESIAN_POINT('',(0.131329572375,90.349362906692));
#357 = CARTESIAN_POINT('',(0.130690013672,90.698678001706));
#358 = CARTESIAN_POINT('',(0.12941123855,91.046668364546));
#359 = CARTESIAN_POINT('',(0.127486298857,91.392028648468));
#360 = CARTESIAN_POINT('',(0.124901833325,91.733247191785));
#361 = CARTESIAN_POINT('',(0.118803522124,92.35964145462));
#362 = CARTESIAN_POINT('',(0.115456104854,92.646289716886));
#363 = CARTESIAN_POINT('',(0.111583024271,92.927216829303));
#364 = CARTESIAN_POINT('',(0.107166920538,93.20097888771));
#365 = CARTESIAN_POINT('',(0.102188458871,93.465705096522));
#366 = CARTESIAN_POINT('',(9.297533961482E-02,93.885349257675));
#367 = CARTESIAN_POINT('',(8.907022391152E-02,94.046834532427));
#368 = CARTESIAN_POINT('',(8.490878603239E-02,94.202649507189));
#369 = CARTESIAN_POINT('',(8.048752018966E-02,94.351932760183));
#370 = CARTESIAN_POINT('',(7.580403168474E-02,94.4937133469));
#371 = CARTESIAN_POINT('',(6.705388083965E-02,94.729302666428));
#372 = CARTESIAN_POINT('',(6.309384775819E-02,94.826650311756));
#373 = CARTESIAN_POINT('',(5.898103232952E-02,94.918321824923));
#374 = CARTESIAN_POINT('',(5.472020595409E-02,95.003708454383));
#375 = CARTESIAN_POINT('',(5.031725160429E-02,95.082207818854));
#376 = CARTESIAN_POINT('',(3.874944190552E-02,95.263229904085));
#377 = CARTESIAN_POINT('',(3.137757160008E-02,95.355558784868));
#378 = CARTESIAN_POINT('',(2.373356590743E-02,95.427082821164));
#379 = CARTESIAN_POINT('',(1.589799026931E-02,95.47562960763));
#380 = CARTESIAN_POINT('',(7.957412296898E-03,95.5));
#381 = CARTESIAN_POINT('',(0.,95.5));
#382 = ( GEOMETRIC_REPRESENTATION_CONTEXT(2) 
PARAMETRIC_REPRESENTATION_CONTEXT() REPRESENTATION_CONTEXT('2D SPACE',''
  ) );
#383 = PCURVE('',#160,#384);
#384 = DEFINITIONAL_REPRESENTATION('',(#385),#438);
#385 = B_SPLINE_CURVE_WITH_KNOTS('',6,(#386,#387,#388,#389,#390,#391,
    #392,#393,#394,#395,#396,#397,#398,#399,#400,#401,#402,#403,#404,
    #405,#406,#407,#408,#409,#410,#411,#412,#413,#414,#415,#416,#417,
    #418,#419,#420,#421,#422,#423,#424,#425,#426,#427,#428,#429,#430,
    #431,#432,#433,#434,#435,#436,#437),.UNSPECIFIED.,.F.,.F.,(7,5,5,5,5
    ,5,5,5,5,5,7),(0.,9.554268384744E-02,0.157214882794,0.237419080817,
    0.359497288773,0.50000338596,0.640510762921,0.762589530229,
    0.842794100541,0.904466586805,1.),.UNSPECIFIED.);
#386 = CARTESIAN_POINT('',(3.14159265359,94.));
#387 = CARTESIAN_POINT('',(3.20236756577,94.));
#388 = CARTESIAN_POINT('',(3.263004330768,93.996807738059));
#389 = CARTESIAN_POINT('',(3.323231179286,93.990450054444));
#390 = CARTESIAN_POINT('',(3.382779505021,93.981190138642));
#391 = CARTESIAN_POINT('',(3.441352187522,93.969510189112));
#392 = CARTESIAN_POINT('',(3.535539639198,93.947274871798));
#393 = CARTESIAN_POINT('',(3.571988969717,93.937775274898));
#394 = CARTESIAN_POINT('',(3.607942418922,93.927628173697));
#395 = CARTESIAN_POINT('',(3.643398422209,93.916965679776));
#396 = CARTESIAN_POINT('',(3.67835130032,93.905917770432));
#397 = CARTESIAN_POINT('',(3.757580283335,93.879898982301));
#398 = CARTESIAN_POINT('',(3.801515561329,93.864742316708));
#399 = CARTESIAN_POINT('',(3.844657439227,93.849381571166));
#400 = CARTESIAN_POINT('',(3.887059061246,93.834031331667));
#401 = CARTESIAN_POINT('',(3.928768481462,93.818876996416));
#402 = CARTESIAN_POINT('',(4.032331237099,93.781544732637));
#403 = CARTESIAN_POINT('',(4.093360408629,93.759820753312));
#404 = CARTESIAN_POINT('',(4.153134992246,93.739434412399));
#405 = CARTESIAN_POINT('',(4.21184926655,93.720773346317));
#406 = CARTESIAN_POINT('',(4.269686409829,93.704116218323));
#407 = CARTESIAN_POINT('',(4.392599247279,93.67303785985));
#408 = CARTESIAN_POINT('',(4.457447687313,93.659334040125));
#409 = CARTESIAN_POINT('',(4.521624719862,93.648874432144));
#410 = CARTESIAN_POINT('',(4.585357168856,93.641841206108));
#411 = CARTESIAN_POINT('',(4.648869030455,93.638323693444));
#412 = CARTESIAN_POINT('',(4.775909508874,93.638323693444));
#413 = CARTESIAN_POINT('',(4.839421385978,93.641841272613));
#414 = CARTESIAN_POINT('',(4.903153496301,93.648874502995));
#415 = CARTESIAN_POINT('',(4.967330153138,93.6593340342));
#416 = CARTESIAN_POINT('',(5.032178420766,93.673037785835));
#417 = CARTESIAN_POINT('',(5.15509154662,93.70411621723));
#418 = CARTESIAN_POINT('',(5.212928701488,93.720773348534));
#419 = CARTESIAN_POINT('',(5.271642968303,93.739434412103));
#420 = CARTESIAN_POINT('',(5.331417544766,93.759820750953));
#421 = CARTESIAN_POINT('',(5.392446728462,93.781544734364));
#422 = CARTESIAN_POINT('',(5.496009478618,93.818876996168));
#423 = CARTESIAN_POINT('',(5.53771890068,93.834031332069));
#424 = CARTESIAN_POINT('',(5.580120521509,93.849381571165));
#425 = CARTESIAN_POINT('',(5.623262398268,93.864742316305));
#426 = CARTESIAN_POINT('',(5.667197678196,93.879898982551));
#427 = CARTESIAN_POINT('',(5.74642666045,93.905917770432));
#428 = CARTESIAN_POINT('',(5.78137953856,93.916965679776));
#429 = CARTESIAN_POINT('',(5.816835541847,93.927628173697));
#430 = CARTESIAN_POINT('',(5.852788991052,93.937775274898));
#431 = CARTESIAN_POINT('',(5.889238321572,93.947274871798));
#432 = CARTESIAN_POINT('',(5.983419952557,93.969508814992));
#433 = CARTESIAN_POINT('',(6.0419954908,93.981189870476));
#434 = CARTESIAN_POINT('',(6.101550177706,93.990451074373));
#435 = CARTESIAN_POINT('',(6.161782480183,93.996808700096));
#436 = CARTESIAN_POINT('',(6.222419613276,94.));
#437 = CARTESIAN_POINT('',(6.28318530718,94.));
#438 = ( GEOMETRIC_REPRESENTATION_CONTEXT(2) 
PARAMETRIC_REPRESENTATION_CONTEXT() REPRESENTATION_CONTEXT('2D SPACE',''
  ) );
#439 = ORIENTED_EDGE('',*,*,#440,.F.);
#440 = EDGE_CURVE('',#441,#42,#443,.T.);
#441 = VERTEX_POINT('',#442);
#442 = CARTESIAN_POINT('',(42.,-4.469960816888E-15,420.5));
#443 = SEAM_CURVE('',#444,(#448,#455),.PCURVE_S1.);
#444 = LINE('',#445,#446);
#445 = CARTESIAN_POINT('',(42.,-1.028703311284E-14,380.));
#446 = VECTOR('',#447,1.);
#447 = DIRECTION('',(0.,0.,1.));
#448 = PCURVE('',#99,#449);
#449 = DEFINITIONAL_REPRESENTATION('',(#450),#454);
#450 = LINE('',#451,#452);
#451 = CARTESIAN_POINT('',(6.28318530718,-0.));
#452 = VECTOR('',#453,1.);
#453 = DIRECTION('',(0.,1.));
#454 = ( GEOMETRIC_REPRESENTATION_CONTEXT(2) 
PARAMETRIC_REPRESENTATION_CONTEXT() REPRESENTATION_CONTEXT('2D SPACE',''
  ) );
#455 = PCURVE('',#99,#456);
#456 = DEFINITIONAL_REPRESENTATION('',(#457),#461);
#457 = LINE('',#458,#459);
#458 = CARTESIAN_POINT('',(0.,-0.));
#459 = VECTOR('',#460,1.);
#460 = DIRECTION('',(0.,1.));
#461 = ( GEOMETRIC_REPRESENTATION_CONTEXT(2) 
PARAMETRIC_REPRESENTATION_CONTEXT() REPRESENTATION_CONTEXT('2D SPACE',''
  ) );
#462 = ORIENTED_EDGE('',*,*,#463,.F.);
#463 = EDGE_CURVE('',#464,#441,#466,.T.);
#464 = VERTEX_POINT('',#465);
#465 = CARTESIAN_POINT('',(42.,-1.028703311284E-14,409.5));
#466 = SURFACE_CURVE('',#467,(#520,#576),.PCURVE_S1.);
#467 = B_SPLINE_CURVE_WITH_KNOTS('',6,(#468,#469,#470,#471,#472,#473,
    #474,#475,#476,#477,#478,#479,#480,#481,#482,#483,#484,#485,#486,
    #487,#488,#489,#490,#491,#492,#493,#494,#495,#496,#497,#498,#499,
    #500,#501,#502,#503,#504,#505,#506,#507,#508,#509,#510,#511,#512,
    #513,#514,#515,#516,#517,#518,#519),.UNSPECIFIED.,.F.,.F.,(7,5,5,5,5
    ,5,5,5,5,5,7),(0.,9.554268316325E-02,0.157214881651,0.237419077712,
    0.359497284734,0.500003380833,0.640510756704,0.762589532307,
    0.842794101919,0.904466587645,1.),.UNSPECIFIED.);
#468 = CARTESIAN_POINT('',(42.,2.10571278441E-15,409.5));
#469 = CARTESIAN_POINT('',(42.,0.334262016854,409.5));
#470 = CARTESIAN_POINT('',(41.996807738061,0.667764254,409.52437779895)
  );
#471 = CARTESIAN_POINT('',(41.990450054439,0.996789410687,
    409.57292490166));
#472 = CARTESIAN_POINT('',(41.981190138641,1.317689422033,
    409.64443964734));
#473 = CARTESIAN_POINT('',(41.969510189116,1.627084375552,
    409.73675890821));
#474 = CARTESIAN_POINT('',(41.947274871798,2.112453363832,
    409.91779218114));
#475 = CARTESIAN_POINT('',(41.937775274898,2.297136209852,
    409.99629154561));
#476 = CARTESIAN_POINT('',(41.927628173697,2.475806661181,
    410.08167817507));
#477 = CARTESIAN_POINT('',(41.916965679776,2.648218519897,
    410.17334968824));
#478 = CARTESIAN_POINT('',(41.905917770432,2.81417417057,410.27069733357
    ));
#479 = CARTESIAN_POINT('',(41.879898982551,3.180758307304,
    410.50628665309));
#480 = CARTESIAN_POINT('',(41.864742316305,3.3768838991,410.64806723981)
  );
#481 = CARTESIAN_POINT('',(41.849381571165,3.561944799642,
    410.79735049281));
#482 = CARTESIAN_POINT('',(41.834031332069,3.736052721049,
    410.95316546757));
#483 = CARTESIAN_POINT('',(41.818876996168,3.899367369986,
    411.11465074232));
#484 = CARTESIAN_POINT('',(41.781544732637,4.28451331523,411.53429492289
    ));
#485 = CARTESIAN_POINT('',(41.759820753312,4.492482818929,
    411.79902107917));
#486 = CARTESIAN_POINT('',(41.739434412399,4.676839695808,
    412.07278317189));
#487 = CARTESIAN_POINT('',(41.720773346317,4.838436800458,
    412.35371031678));
#488 = CARTESIAN_POINT('',(41.704116218323,4.978038744139,
    412.64035852336));
#489 = CARTESIAN_POINT('',(41.673037859852,5.232274714253,
    413.26675131639));
#490 = CARTESIAN_POINT('',(41.659334040122,5.339955691077,413.6079706272
    ));
#491 = CARTESIAN_POINT('',(41.648874432147,5.42012431993,413.95333300699
    ));
#492 = CARTESIAN_POINT('',(41.641841206108,5.473370350552,
    414.30132523754));
#493 = CARTESIAN_POINT('',(41.638323693444,5.5,414.65064027541));
#494 = CARTESIAN_POINT('',(41.638323693444,5.5,415.34936290666));
#495 = CARTESIAN_POINT('',(41.641841272613,5.473369853059,
    415.69867800175));
#496 = CARTESIAN_POINT('',(41.648874502997,5.420123775204,
    416.04666836454));
#497 = CARTESIAN_POINT('',(41.659334034197,5.339955703899,
    416.39202864842));
#498 = CARTESIAN_POINT('',(41.673037785837,5.232275319733,
    416.73324719181));
#499 = CARTESIAN_POINT('',(41.704116218323,4.978038744139,
    417.35964147663));
#500 = CARTESIAN_POINT('',(41.720773346317,4.838436800458,
    417.64628968322));
#501 = CARTESIAN_POINT('',(41.739434412399,4.676839695808,417.9272168281
    ));
#502 = CARTESIAN_POINT('',(41.759820753312,4.492482818929,
    418.20097892082));
#503 = CARTESIAN_POINT('',(41.781544732637,4.28451331523,418.4657050771)
  );
#504 = CARTESIAN_POINT('',(41.818876996168,3.899367369986,
    418.88534925767));
#505 = CARTESIAN_POINT('',(41.834031332069,3.736052721049,
    419.04683453242));
#506 = CARTESIAN_POINT('',(41.849381571165,3.561944799641,
    419.20264950718));
#507 = CARTESIAN_POINT('',(41.864742316305,3.3768838991,419.35193276018)
  );
#508 = CARTESIAN_POINT('',(41.879898982551,3.180758307304,419.4937133469
    ));
#509 = CARTESIAN_POINT('',(41.905917770432,2.81417417057,419.72930266642
    ));
#510 = CARTESIAN_POINT('',(41.916965679776,2.648218519897,
    419.82665031175));
#511 = CARTESIAN_POINT('',(41.927628173697,2.475806661181,
    419.91832182492));
#512 = CARTESIAN_POINT('',(41.937775274898,2.297136209851,
    420.00370845438));
#513 = CARTESIAN_POINT('',(41.947274871798,2.112453363832,
    420.08220781885));
#514 = CARTESIAN_POINT('',(41.969508814991,1.627114370964,
    420.26322990407));
#515 = CARTESIAN_POINT('',(41.981189870478,1.317706239516,
    420.35555878488));
#516 = CARTESIAN_POINT('',(41.990451074372,0.99677175169,420.42708282115
    ));
#517 = CARTESIAN_POINT('',(41.996808700096,0.667715574206,
    420.47562960763));
#518 = CARTESIAN_POINT('',(42.,0.334211316453,420.5));
#519 = CARTESIAN_POINT('',(42.,3.116046393706E-15,420.5));
#520 = PCURVE('',#99,#521);
#521 = DEFINITIONAL_REPRESENTATION('',(#522),#575);
#522 = B_SPLINE_CURVE_WITH_KNOTS('',6,(#523,#524,#525,#526,#527,#528,
    #529,#530,#531,#532,#533,#534,#535,#536,#537,#538,#539,#540,#541,
    #542,#543,#544,#545,#546,#547,#548,#549,#550,#551,#552,#553,#554,
    #555,#556,#557,#558,#559,#560,#561,#562,#563,#564,#565,#566,#567,
    #568,#569,#570,#571,#572,#573,#574),.UNSPECIFIED.,.F.,.F.,(7,5,5,5,5
    ,5,5,5,5,5,7),(0.,9.554268316325E-02,0.157214881651,0.237419077712,
    0.359497284734,0.500003380833,0.640510756704,0.762589532307,
    0.842794101919,0.904466587645,1.),.UNSPECIFIED.);
#523 = CARTESIAN_POINT('',(0.,29.5));
#524 = CARTESIAN_POINT('',(7.958619448915E-03,29.5));
#525 = CARTESIAN_POINT('',(1.58991493572E-02,29.524377798953));
#526 = CARTESIAN_POINT('',(2.373398673272E-02,29.572924901664));
#527 = CARTESIAN_POINT('',(3.137717135272E-02,29.644439647348));
#528 = CARTESIAN_POINT('',(3.874872698045E-02,29.736758908211));
#529 = CARTESIAN_POINT('',(5.03172516043E-02,29.917792181146));
#530 = CARTESIAN_POINT('',(5.472020595409E-02,29.996291545616));
#531 = CARTESIAN_POINT('',(5.898103232951E-02,30.081678175077));
#532 = CARTESIAN_POINT('',(6.309384775819E-02,30.173349688244));
#533 = CARTESIAN_POINT('',(6.705388083965E-02,30.270697333572));
#534 = CARTESIAN_POINT('',(7.580403168473E-02,30.506286653099));
#535 = CARTESIAN_POINT('',(8.048752018967E-02,30.648067239817));
#536 = CARTESIAN_POINT('',(8.490878603241E-02,30.797350492812));
#537 = CARTESIAN_POINT('',(8.907022391152E-02,30.953165467573));
#538 = CARTESIAN_POINT('',(9.29753396148E-02,31.114650742324));
#539 = CARTESIAN_POINT('',(0.102188459297,31.534294922894));
#540 = CARTESIAN_POINT('',(0.107166919999,31.799021079178));
#541 = CARTESIAN_POINT('',(0.111583024173,32.072783171893));
#542 = CARTESIAN_POINT('',(0.115456105346,32.35371031678));
#543 = CARTESIAN_POINT('',(0.118803521909,32.640358523362));
#544 = CARTESIAN_POINT('',(0.124901818801,33.26675131639));
#545 = CARTESIAN_POINT('',(0.127486298545,33.607970627201));
#546 = CARTESIAN_POINT('',(0.129411251609,33.953333006998));
#547 = CARTESIAN_POINT('',(0.130690025636,34.301325237542));
#548 = CARTESIAN_POINT('',(0.131329572375,34.650640275414));
#549 = CARTESIAN_POINT('',(0.131329572375,35.349362906662));
#550 = CARTESIAN_POINT('',(0.130690013672,35.698678001753));
#551 = CARTESIAN_POINT('',(0.129411238549,36.046668364545));
#552 = CARTESIAN_POINT('',(0.127486298857,36.392028648424));
#553 = CARTESIAN_POINT('',(0.124901833325,36.733247191813));
#554 = CARTESIAN_POINT('',(0.118803521909,37.359641476638));
#555 = CARTESIAN_POINT('',(0.115456105346,37.64628968322));
#556 = CARTESIAN_POINT('',(0.111583024173,37.927216828107));
#557 = CARTESIAN_POINT('',(0.107166919999,38.200978920822));
#558 = CARTESIAN_POINT('',(0.102188459297,38.465705077106));
#559 = CARTESIAN_POINT('',(9.297533961481E-02,38.885349257675));
#560 = CARTESIAN_POINT('',(8.907022391152E-02,39.046834532427));
#561 = CARTESIAN_POINT('',(8.490878603239E-02,39.202649507189));
#562 = CARTESIAN_POINT('',(8.048752018966E-02,39.351932760183));
#563 = CARTESIAN_POINT('',(7.580403168474E-02,39.4937133469));
#564 = CARTESIAN_POINT('',(6.705388083965E-02,39.729302666428));
#565 = CARTESIAN_POINT('',(6.309384775819E-02,39.826650311756));
#566 = CARTESIAN_POINT('',(5.898103232952E-02,39.918321824923));
#567 = CARTESIAN_POINT('',(5.472020595409E-02,40.003708454384));
#568 = CARTESIAN_POINT('',(5.03172516043E-02,40.082207818854));
#569 = CARTESIAN_POINT('',(3.874944190595E-02,40.263229904079));
#570 = CARTESIAN_POINT('',(3.137757159944E-02,40.355558784881));
#571 = CARTESIAN_POINT('',(2.373356590732E-02,40.427082821155));
#572 = CARTESIAN_POINT('',(1.589799027007E-02,40.475629607633));
#573 = CARTESIAN_POINT('',(7.95741229649E-03,40.5));
#574 = CARTESIAN_POINT('',(0.,40.5));
#575 = ( GEOMETRIC_REPRESENTATION_CONTEXT(2) 
PARAMETRIC_REPRESENTATION_CONTEXT() REPRESENTATION_CONTEXT('2D SPACE',''
  ) );
#576 = PCURVE('',#577,#582);
#577 = CYLINDRICAL_SURFACE('',#578,5.5);
#578 = AXIS2_PLACEMENT_3D('',#579,#580,#581);
#579 = CARTESIAN_POINT('',(-52.,0.,415.));
#580 = DIRECTION('',(1.,0.,0.));
#581 = DIRECTION('',(0.,0.,1.));
#582 = DEFINITIONAL_REPRESENTATION('',(#583),#636);
#583 = B_SPLINE_CURVE_WITH_KNOTS('',6,(#584,#585,#586,#587,#588,#589,
    #590,#591,#592,#593,#594,#595,#596,#597,#598,#599,#600,#601,#602,
    #603,#604,#605,#606,#607,#608,#609,#610,#611,#612,#613,#614,#615,
    #616,#617,#618,#619,#620,#621,#622,#623,#624,#625,#626,#627,#628,
    #629,#630,#631,#632,#633,#634,#635),.UNSPECIFIED.,.F.,.F.,(7,5,5,5,5
    ,5,5,5,5,5,7),(0.,9.554268316325E-02,0.157214881651,0.237419077712,
    0.359497284734,0.500003380833,0.640510756704,0.762589532307,
    0.842794101919,0.904466587645,1.),.UNSPECIFIED.);
#584 = CARTESIAN_POINT('',(3.14159265359,94.));
#585 = CARTESIAN_POINT('',(3.202367565745,94.));
#586 = CARTESIAN_POINT('',(3.263004330782,93.996807738061));
#587 = CARTESIAN_POINT('',(3.323231179304,93.990450054439));
#588 = CARTESIAN_POINT('',(3.38277950502,93.981190138641));
#589 = CARTESIAN_POINT('',(3.441352187507,93.969510189116));
#590 = CARTESIAN_POINT('',(3.535539639198,93.947274871798));
#591 = CARTESIAN_POINT('',(3.571988969717,93.937775274898));
#592 = CARTESIAN_POINT('',(3.607942418923,93.927628173697));
#593 = CARTESIAN_POINT('',(3.643398422209,93.916965679776));
#594 = CARTESIAN_POINT('',(3.678351300319,93.905917770432));
#595 = CARTESIAN_POINT('',(3.757580282574,93.879898982551));
#596 = CARTESIAN_POINT('',(3.801515562501,93.864742316305));
#597 = CARTESIAN_POINT('',(3.84465743926,93.849381571165));
#598 = CARTESIAN_POINT('',(3.88705906009,93.834031332069));
#599 = CARTESIAN_POINT('',(3.928768482152,93.818876996168));
#600 = CARTESIAN_POINT('',(4.032331237099,93.781544732637));
#601 = CARTESIAN_POINT('',(4.093360408629,93.759820753312));
#602 = CARTESIAN_POINT('',(4.153134992246,93.739434412399));
#603 = CARTESIAN_POINT('',(4.21184926655,93.720773346317));
#604 = CARTESIAN_POINT('',(4.269686409829,93.704116218323));
#605 = CARTESIAN_POINT('',(4.392599247273,93.673037859852));
#606 = CARTESIAN_POINT('',(4.457447687323,93.659334040122));
#607 = CARTESIAN_POINT('',(4.521624719862,93.648874432146));
#608 = CARTESIAN_POINT('',(4.585357168847,93.641841206108));
#609 = CARTESIAN_POINT('',(4.64886903046,93.638323693444));
#610 = CARTESIAN_POINT('',(4.775909508869,93.638323693444));
#611 = CARTESIAN_POINT('',(4.839421385986,93.641841272613));
#612 = CARTESIAN_POINT('',(4.903153496301,93.648874502997));
#613 = CARTESIAN_POINT('',(4.967330153129,93.659334034197));
#614 = CARTESIAN_POINT('',(5.032178420771,93.673037785837));
#615 = CARTESIAN_POINT('',(5.15509155094,93.704116218323));
#616 = CARTESIAN_POINT('',(5.21292869422,93.720773346317));
#617 = CARTESIAN_POINT('',(5.271642968524,93.739434412399));
#618 = CARTESIAN_POINT('',(5.33141755214,93.759820753312));
#619 = CARTESIAN_POINT('',(5.39244672367,93.781544732637));
#620 = CARTESIAN_POINT('',(5.496009478618,93.818876996168));
#621 = CARTESIAN_POINT('',(5.53771890068,93.834031332069));
#622 = CARTESIAN_POINT('',(5.580120521509,93.849381571165));
#623 = CARTESIAN_POINT('',(5.623262398268,93.864742316305));
#624 = CARTESIAN_POINT('',(5.667197678196,93.879898982551));
#625 = CARTESIAN_POINT('',(5.74642666045,93.905917770432));
#626 = CARTESIAN_POINT('',(5.78137953856,93.916965679776));
#627 = CARTESIAN_POINT('',(5.816835541847,93.927628173697));
#628 = CARTESIAN_POINT('',(5.852788991052,93.937775274898));
#629 = CARTESIAN_POINT('',(5.889238321572,93.947274871798));
#630 = CARTESIAN_POINT('',(5.983419952554,93.969508814991));
#631 = CARTESIAN_POINT('',(6.041995490805,93.981189870478));
#632 = CARTESIAN_POINT('',(6.101550177707,93.990451074372));
#633 = CARTESIAN_POINT('',(6.161782480177,93.996808700096));
#634 = CARTESIAN_POINT('',(6.222419613279,94.));
#635 = CARTESIAN_POINT('',(6.28318530718,94.));
#636 = ( GEOMETRIC_REPRESENTATION_CONTEXT(2) 
PARAMETRIC_REPRESENTATION_CONTEXT() REPRESENTATION_CONTEXT('2D SPACE',''
  ) );
#637 = ORIENTED_EDGE('',*,*,#638,.F.);
#638 = EDGE_CURVE('',#639,#464,#641,.T.);
#639 = VERTEX_POINT('',#640);
#640 = CARTESIAN_POINT('',(42.,-1.028703311284E-14,380.));
#641 = SEAM_CURVE('',#642,(#646,#653),.PCURVE_S1.);
#642 = LINE('',#643,#644);
#643 = CARTESIAN_POINT('',(42.,-1.028703311284E-14,380.));
#644 = VECTOR('',#645,1.);
#645 = DIRECTION('',(0.,0.,1.));
#646 = PCURVE('',#99,#647);
#647 = DEFINITIONAL_REPRESENTATION('',(#648),#652);
#648 = LINE('',#649,#650);
#649 = CARTESIAN_POINT('',(6.28318530718,-0.));
#650 = VECTOR('',#651,1.);
#651 = DIRECTION('',(0.,1.));
#652 = ( GEOMETRIC_REPRESENTATION_CONTEXT(2) 
PARAMETRIC_REPRESENTATION_CONTEXT() REPRESENTATION_CONTEXT('2D SPACE',''
  ) );
#653 = PCURVE('',#99,#654);
#654 = DEFINITIONAL_REPRESENTATION('',(#655),#659);
#655 = LINE('',#656,#657);
#656 = CARTESIAN_POINT('',(0.,-0.));
#657 = VECTOR('',#658,1.);
#658 = DIRECTION('',(0.,1.));
#659 = ( GEOMETRIC_REPRESENTATION_CONTEXT(2) 
PARAMETRIC_REPRESENTATION_CONTEXT() REPRESENTATION_CONTEXT('2D SPACE',''
  ) );
#660 = ORIENTED_EDGE('',*,*,#661,.T.);
#661 = EDGE_CURVE('',#639,#639,#662,.T.);
#662 = SURFACE_CURVE('',#663,(#668,#675),.PCURVE_S1.);
#663 = CIRCLE('',#664,42.);
#664 = AXIS2_PLACEMENT_3D('',#665,#666,#667);
#665 = CARTESIAN_POINT('',(0.,0.,380.));
#666 = DIRECTION('',(0.,0.,1.));
#667 = DIRECTION('',(1.,0.,0.));
#668 = PCURVE('',#99,#669);
#669 = DEFINITIONAL_REPRESENTATION('',(#670),#674);
#670 = LINE('',#671,#672);
#671 = CARTESIAN_POINT('',(0.,0.));
#672 = VECTOR('',#673,1.);
#673 = DIRECTION('',(1.,0.));
#674 = ( GEOMETRIC_REPRESENTATION_CONTEXT(2) 
PARAMETRIC_REPRESENTATION_CONTEXT() REPRESENTATION_CONTEXT('2D SPACE',''
  ) );
#675 = PCURVE('',#676,#681);
#676 = PLANE('',#677);
#677 = AXIS2_PLACEMENT_3D('',#678,#679,#680);
#678 = CARTESIAN_POINT('',(0.,0.,380.));
#679 = DIRECTION('',(0.,0.,1.));
#680 = DIRECTION('',(1.,0.,0.));
#681 = DEFINITIONAL_REPRESENTATION('',(#682),#686);
#682 = CIRCLE('',#683,42.);
#683 = AXIS2_PLACEMENT_2D('',#684,#685);
#684 = CARTESIAN_POINT('',(0.,0.));
#685 = DIRECTION('',(1.,0.));
#686 = ( GEOMETRIC_REPRESENTATION_CONTEXT(2) 
PARAMETRIC_REPRESENTATION_CONTEXT() REPRESENTATION_CONTEXT('2D SPACE',''
  ) );
#687 = ORIENTED_EDGE('',*,*,#638,.T.);
#688 = ORIENTED_EDGE('',*,*,#689,.F.);
#689 = EDGE_CURVE('',#441,#464,#690,.T.);
#690 = SURFACE_CURVE('',#691,(#744,#800),.PCURVE_S1.);
#691 = B_SPLINE_CURVE_WITH_KNOTS('',6,(#692,#693,#694,#695,#696,#697,
    #698,#699,#700,#701,#702,#703,#704,#705,#706,#707,#708,#709,#710,
    #711,#712,#713,#714,#715,#716,#717,#718,#719,#720,#721,#722,#723,
    #724,#725,#726,#727,#728,#729,#730,#731,#732,#733,#734,#735,#736,
    #737,#738,#739,#740,#741,#742,#743),.UNSPECIFIED.,.F.,.F.,(7,5,5,5,5
    ,5,5,5,5,5,7),(0.,9.554191770458E-02,0.157213622115,0.237417176997,
    0.359494396676,0.499999367027,0.640505617142,0.762583405399,
    0.842787332484,0.904459324145,1.),.UNSPECIFIED.);
#692 = CARTESIAN_POINT('',(42.,-1.7763568394E-15,420.5));
#693 = CARTESIAN_POINT('',(42.,-0.334262016964,420.5));
#694 = CARTESIAN_POINT('',(41.996807738059,-0.667764253972,
    420.47562220103));
#695 = CARTESIAN_POINT('',(41.990450054442,-0.996789410579,
    420.42707509835));
#696 = CARTESIAN_POINT('',(41.981190138644,-1.317689422006,
    420.35556035267));
#697 = CARTESIAN_POINT('',(41.969510189111,-1.627084375655,
    420.26324109175));
#698 = CARTESIAN_POINT('',(41.947274871798,-2.112453363832,
    420.08220781885));
#699 = CARTESIAN_POINT('',(41.937775274898,-2.297136209851,
    420.00370845438));
#700 = CARTESIAN_POINT('',(41.927628173697,-2.475806661181,
    419.91832182492));
#701 = CARTESIAN_POINT('',(41.916965679776,-2.648218519897,
    419.82665031175));
#702 = CARTESIAN_POINT('',(41.905917770432,-2.81417417057,
    419.72930266642));
#703 = CARTESIAN_POINT('',(41.8798989823,-3.180758310827,419.49371334463
    ));
#704 = CARTESIAN_POINT('',(41.864742316708,-3.376883894104,
    419.35193276419));
#705 = CARTESIAN_POINT('',(41.849381571166,-3.561944799195,
    419.20264950694));
#706 = CARTESIAN_POINT('',(41.834031331667,-3.736052725834,
    419.0468345283));
#707 = CARTESIAN_POINT('',(41.818876996416,-3.899367367422,
    418.88534926046));
#708 = CARTESIAN_POINT('',(41.781544734364,-4.28451329741,
    418.46570509652));
#709 = CARTESIAN_POINT('',(41.759820750953,-4.492482841436,
    418.20097888771));
#710 = CARTESIAN_POINT('',(41.739434412103,-4.676839699939,
    417.9272168293));
#711 = CARTESIAN_POINT('',(41.720773348534,-4.838436779905,
    417.64628971688));
#712 = CARTESIAN_POINT('',(41.70411621723,-4.978038753076,
    417.35964145461));
#713 = CARTESIAN_POINT('',(41.67303785985,-5.232274714266,
    416.73324868357));
#714 = CARTESIAN_POINT('',(41.659334040125,-5.339955691051,
    416.39202937284));
#715 = CARTESIAN_POINT('',(41.648874432144,-5.420124319948,416.046666993
    ));
#716 = CARTESIAN_POINT('',(41.641841206108,-5.473370350548,
    415.6986747624));
#717 = CARTESIAN_POINT('',(41.638323693444,-5.5,415.34935972461));
#718 = CARTESIAN_POINT('',(41.638323693444,-5.5,414.6506370933));
#719 = CARTESIAN_POINT('',(41.641841272613,-5.473369853054,
    414.30132199829));
#720 = CARTESIAN_POINT('',(41.648874502995,-5.420123775221,
    413.95333163545));
#721 = CARTESIAN_POINT('',(41.6593340342,-5.339955703876,413.60797135153
    ));
#722 = CARTESIAN_POINT('',(41.673037785835,-5.232275319744,
    413.26675280821));
#723 = CARTESIAN_POINT('',(41.70411621723,-4.978038753076,
    412.64035854538));
#724 = CARTESIAN_POINT('',(41.720773348534,-4.838436779905,
    412.35371028311));
#725 = CARTESIAN_POINT('',(41.739434412103,-4.676839699939,
    412.07278317069));
#726 = CARTESIAN_POINT('',(41.759820750953,-4.492482841437,
    411.79902111228));
#727 = CARTESIAN_POINT('',(41.781544734364,-4.284513297409,
    411.53429490347));
#728 = CARTESIAN_POINT('',(41.818876996168,-3.899367369986,
    411.11465074232));
#729 = CARTESIAN_POINT('',(41.834031332069,-3.736052721049,
    410.95316546757));
#730 = CARTESIAN_POINT('',(41.849381571165,-3.561944799642,
    410.79735049281));
#731 = CARTESIAN_POINT('',(41.864742316305,-3.3768838991,410.64806723981
    ));
#732 = CARTESIAN_POINT('',(41.879898982551,-3.180758307304,
    410.5062866531));
#733 = CARTESIAN_POINT('',(41.905917770432,-2.81417417057,
    410.27069733357));
#734 = CARTESIAN_POINT('',(41.916965679776,-2.648218519897,
    410.17334968824));
#735 = CARTESIAN_POINT('',(41.927628173697,-2.475806661181,
    410.08167817507));
#736 = CARTESIAN_POINT('',(41.937775274898,-2.297136209852,
    409.99629154561));
#737 = CARTESIAN_POINT('',(41.947274871798,-2.112453363832,
    409.91779218114));
#738 = CARTESIAN_POINT('',(41.969509950533,-1.627089583508,
    409.73676085067));
#739 = CARTESIAN_POINT('',(41.981190064527,-1.317692950677,
    409.64444014456));
#740 = CARTESIAN_POINT('',(41.990450235052,-0.996786673057,
    409.57292351328));
#741 = CARTESIAN_POINT('',(41.99680794377,-0.667754873579,
    409.52437622751));
#742 = CARTESIAN_POINT('',(42.,-0.334251230691,409.5));
#743 = CARTESIAN_POINT('',(42.,-2.6645352591E-15,409.5));
#744 = PCURVE('',#99,#745);
#745 = DEFINITIONAL_REPRESENTATION('',(#746),#799);
#746 = B_SPLINE_CURVE_WITH_KNOTS('',6,(#747,#748,#749,#750,#751,#752,
    #753,#754,#755,#756,#757,#758,#759,#760,#761,#762,#763,#764,#765,
    #766,#767,#768,#769,#770,#771,#772,#773,#774,#775,#776,#777,#778,
    #779,#780,#781,#782,#783,#784,#785,#786,#787,#788,#789,#790,#791,
    #792,#793,#794,#795,#796,#797,#798),.UNSPECIFIED.,.F.,.F.,(7,5,5,5,5
    ,5,5,5,5,5,7),(0.,9.554191770458E-02,0.157213622115,0.237417176997,
    0.359494396676,0.499999367027,0.640505617142,0.762583405399,
    0.842787332484,0.904459324145,1.),.UNSPECIFIED.);
#747 = CARTESIAN_POINT('',(6.28318530718,40.5));
#748 = CARTESIAN_POINT('',(6.275226687728,40.5));
#749 = CARTESIAN_POINT('',(6.267286157823,40.475622201032));
#750 = CARTESIAN_POINT('',(6.259451320449,40.427075098355));
#751 = CARTESIAN_POINT('',(6.251808135828,40.355560352678));
#752 = CARTESIAN_POINT('',(6.244436580197,40.263241091751));
#753 = CARTESIAN_POINT('',(6.232868055575,40.082207818854));
#754 = CARTESIAN_POINT('',(6.228465101225,40.003708454384));
#755 = CARTESIAN_POINT('',(6.22420427485,39.918321824923));
#756 = CARTESIAN_POINT('',(6.220091459421,39.826650311756));
#757 = CARTESIAN_POINT('',(6.21613142634,39.729302666428));
#758 = CARTESIAN_POINT('',(6.207381275411,39.493713344636));
#759 = CARTESIAN_POINT('',(6.202697787109,39.351932764192));
#760 = CARTESIAN_POINT('',(6.198276521158,39.202649506944));
#761 = CARTESIAN_POINT('',(6.194115083154,39.046834528303));
#762 = CARTESIAN_POINT('',(6.190209967626,38.885349260469));
#763 = CARTESIAN_POINT('',(6.180996848309,38.465705096521));
#764 = CARTESIAN_POINT('',(6.176018386642,38.200978887711));
#765 = CARTESIAN_POINT('',(6.171602282908,37.927216829304));
#766 = CARTESIAN_POINT('',(6.167729202326,37.646289716886));
#767 = CARTESIAN_POINT('',(6.164381785056,37.359641454619));
#768 = CARTESIAN_POINT('',(6.158283488378,36.733248683577));
#769 = CARTESIAN_POINT('',(6.155699008635,36.392029372849));
#770 = CARTESIAN_POINT('',(6.15377405557,36.046666993006));
#771 = CARTESIAN_POINT('',(6.152495281544,35.698674762406));
#772 = CARTESIAN_POINT('',(6.151855734804,35.349359724614));
#773 = CARTESIAN_POINT('',(6.151855734804,34.650637093309));
#774 = CARTESIAN_POINT('',(6.152495293508,34.301321998294));
#775 = CARTESIAN_POINT('',(6.15377406863,33.953331635453));
#776 = CARTESIAN_POINT('',(6.155699008323,33.607971351532));
#777 = CARTESIAN_POINT('',(6.158283473855,33.266752808215));
#778 = CARTESIAN_POINT('',(6.164381785056,32.640358545381));
#779 = CARTESIAN_POINT('',(6.167729202326,32.353710283114));
#780 = CARTESIAN_POINT('',(6.171602282908,32.072783170696));
#781 = CARTESIAN_POINT('',(6.176018386642,31.799021112289));
#782 = CARTESIAN_POINT('',(6.180996848309,31.534294903478));
#783 = CARTESIAN_POINT('',(6.190209967565,31.114650742324));
#784 = CARTESIAN_POINT('',(6.194115083268,30.953165467573));
#785 = CARTESIAN_POINT('',(6.198276521147,30.797350492812));
#786 = CARTESIAN_POINT('',(6.20269778699,30.648067239817));
#787 = CARTESIAN_POINT('',(6.207381275495,30.5062866531));
#788 = CARTESIAN_POINT('',(6.21613142634,30.270697333572));
#789 = CARTESIAN_POINT('',(6.220091459421,30.173349688244));
#790 = CARTESIAN_POINT('',(6.22420427485,30.081678175077));
#791 = CARTESIAN_POINT('',(6.228465101225,29.996291545617));
#792 = CARTESIAN_POINT('',(6.232868055575,29.917792181146));
#793 = CARTESIAN_POINT('',(6.24443645607,29.736760850678));
#794 = CARTESIAN_POINT('',(6.251808051823,29.644440144561));
#795 = CARTESIAN_POINT('',(6.259451385714,29.572923513284));
#796 = CARTESIAN_POINT('',(6.267286381169,29.524376227518));
#797 = CARTESIAN_POINT('',(6.275226944544,29.5));
#798 = CARTESIAN_POINT('',(6.28318530718,29.5));
#799 = ( GEOMETRIC_REPRESENTATION_CONTEXT(2) 
PARAMETRIC_REPRESENTATION_CONTEXT() REPRESENTATION_CONTEXT('2D SPACE',''
  ) );
#800 = PCURVE('',#577,#801);
#801 = DEFINITIONAL_REPRESENTATION('',(#802),#855);
#802 = B_SPLINE_CURVE_WITH_KNOTS('',6,(#803,#804,#805,#806,#807,#808,
    #809,#810,#811,#812,#813,#814,#815,#816,#817,#818,#819,#820,#821,
    #822,#823,#824,#825,#826,#827,#828,#829,#830,#831,#832,#833,#834,
    #835,#836,#837,#838,#839,#840,#841,#842,#843,#844,#845,#846,#847,
    #848,#849,#850,#851,#852,#853,#854),.UNSPECIFIED.,.F.,.F.,(7,5,5,5,5
    ,5,5,5,5,5,7),(0.,9.554191770458E-02,0.157213622115,0.237417176997,
    0.359494396676,0.499999367027,0.640505617142,0.762583405399,
    0.842787332484,0.904459324145,1.),.UNSPECIFIED.);
#803 = CARTESIAN_POINT('',(-8.881784197001E-16,94.));
#804 = CARTESIAN_POINT('',(6.077491217521E-02,94.));
#805 = CARTESIAN_POINT('',(0.121411677187,93.996807738059));
#806 = CARTESIAN_POINT('',(0.181638525695,93.990450054442));
#807 = CARTESIAN_POINT('',(0.241186851424,93.981190138644));
#808 = CARTESIAN_POINT('',(0.299759533937,93.969510189111));
#809 = CARTESIAN_POINT('',(0.393946985608,93.947274871798));
#810 = CARTESIAN_POINT('',(0.430396316128,93.937775274898));
#811 = CARTESIAN_POINT('',(0.466349765333,93.927628173697));
#812 = CARTESIAN_POINT('',(0.50180576862,93.916965679776));
#813 = CARTESIAN_POINT('',(0.536758646729,93.905917770432));
#814 = CARTESIAN_POINT('',(0.615987629746,93.8798989823));
#815 = CARTESIAN_POINT('',(0.659922907739,93.864742316708));
#816 = CARTESIAN_POINT('',(0.703064785636,93.849381571166));
#817 = CARTESIAN_POINT('',(0.745466407656,93.834031331667));
#818 = CARTESIAN_POINT('',(0.787175827872,93.818876996416));
#819 = CARTESIAN_POINT('',(0.890738578718,93.781544734364));
#820 = CARTESIAN_POINT('',(0.951767762414,93.759820750953));
#821 = CARTESIAN_POINT('',(1.011542338877,93.739434412103));
#822 = CARTESIAN_POINT('',(1.070256605692,93.720773348534));
#823 = CARTESIAN_POINT('',(1.12809376056,93.70411621723));
#824 = CARTESIAN_POINT('',(1.251006593689,93.67303785985));
#825 = CARTESIAN_POINT('',(1.315855033723,93.659334040125));
#826 = CARTESIAN_POINT('',(1.380032066272,93.648874432144));
#827 = CARTESIAN_POINT('',(1.443764515266,93.641841206108));
#828 = CARTESIAN_POINT('',(1.507276376865,93.638323693444));
#829 = CARTESIAN_POINT('',(1.634316855284,93.638323693444));
#830 = CARTESIAN_POINT('',(1.697828732388,93.641841272613));
#831 = CARTESIAN_POINT('',(1.761560842711,93.648874502995));
#832 = CARTESIAN_POINT('',(1.825737499548,93.6593340342));
#833 = CARTESIAN_POINT('',(1.890585767176,93.673037785835));
#834 = CARTESIAN_POINT('',(2.01349889303,93.70411621723));
#835 = CARTESIAN_POINT('',(2.071336047898,93.720773348534));
#836 = CARTESIAN_POINT('',(2.130050314713,93.739434412103));
#837 = CARTESIAN_POINT('',(2.189824891176,93.759820750953));
#838 = CARTESIAN_POINT('',(2.250854074872,93.781544734364));
#839 = CARTESIAN_POINT('',(2.354416825028,93.818876996168));
#840 = CARTESIAN_POINT('',(2.39612624709,93.834031332069));
#841 = CARTESIAN_POINT('',(2.43852786792,93.849381571165));
#842 = CARTESIAN_POINT('',(2.481669744678,93.864742316305));
#843 = CARTESIAN_POINT('',(2.525605024606,93.879898982551));
#844 = CARTESIAN_POINT('',(2.60483400686,93.905917770432));
#845 = CARTESIAN_POINT('',(2.63978688497,93.916965679776));
#846 = CARTESIAN_POINT('',(2.675242888257,93.927628173697));
#847 = CARTESIAN_POINT('',(2.711196337462,93.937775274898));
#848 = CARTESIAN_POINT('',(2.747645667982,93.947274871798));
#849 = CARTESIAN_POINT('',(2.841832109052,93.969509950533));
#850 = CARTESIAN_POINT('',(2.90040516931,93.981190064527));
#851 = CARTESIAN_POINT('',(2.959954664884,93.990450235052));
#852 = CARTESIAN_POINT('',(3.020182681843,93.99680794377));
#853 = CARTESIAN_POINT('',(3.080819702555,94.));
#854 = CARTESIAN_POINT('',(3.14159265359,94.));
#855 = ( GEOMETRIC_REPRESENTATION_CONTEXT(2) 
PARAMETRIC_REPRESENTATION_CONTEXT() REPRESENTATION_CONTEXT('2D SPACE',''
  ) );
#856 = ORIENTED_EDGE('',*,*,#440,.T.);
#857 = FACE_BOUND('',#858,.T.);
#858 = EDGE_LOOP('',(#859));
#859 = ORIENTED_EDGE('',*,*,#860,.T.);
#860 = EDGE_CURVE('',#861,#861,#863,.T.);
#861 = VERTEX_POINT('',#862);
#862 = CARTESIAN_POINT('',(-42.,1.347111479062E-15,420.5));
#863 = SURFACE_CURVE('',#864,(#962,#1063),.PCURVE_S1.);
#864 = B_SPLINE_CURVE_WITH_KNOTS('',6,(#865,#866,#867,#868,#869,#870,
    #871,#872,#873,#874,#875,#876,#877,#878,#879,#880,#881,#882,#883,
    #884,#885,#886,#887,#888,#889,#890,#891,#892,#893,#894,#895,#896,
    #897,#898,#899,#900,#901,#902,#903,#904,#905,#906,#907,#908,#909,
    #910,#911,#912,#913,#914,#915,#916,#917,#918,#919,#920,#921,#922,
    #923,#924,#925,#926,#927,#928,#929,#930,#931,#932,#933,#934,#935,
    #936,#937,#938,#939,#940,#941,#942,#943,#944,#945,#946,#947,#948,
    #949,#950,#951,#952,#953,#954,#955,#956,#957,#958,#959,#960,#961),
  .UNSPECIFIED.,.T.,.F.,(7,5,5,5,5,5,5,5,5,5,5,5,5,5,5,5,5,5,5,7),(0.,
    4.780365195182E-02,7.86606073417E-02,0.118789828622,0.17987021623,
    0.250170780273,0.320471984634,0.381552656724,0.421682065581,
    0.477686398417,0.532330724549,0.578764863141,0.618851981065,
    0.679868277766,0.750095081592,0.820322525066,0.881339110564,
    0.921426414479,0.952251137938,1.),.UNSPECIFIED.);
#865 = CARTESIAN_POINT('',(-42.,5.329070518201E-15,420.5));
#866 = CARTESIAN_POINT('',(-42.,-0.334262017013,420.5));
#867 = CARTESIAN_POINT('',(-41.99680773805,-0.66776425389,
    420.47562220102));
#868 = CARTESIAN_POINT('',(-41.99045005444,-0.996789410588,
    420.42707509838));
#869 = CARTESIAN_POINT('',(-41.98119013864,-1.317689422073,
    420.35556035264));
#870 = CARTESIAN_POINT('',(-41.96951018911,-1.627084375612,
    420.26324109176));
#871 = CARTESIAN_POINT('',(-41.94727487179,-2.112453363832,
    420.08220781885));
#872 = CARTESIAN_POINT('',(-41.93777527489,-2.297136209852,
    420.00370845438));
#873 = CARTESIAN_POINT('',(-41.92762817369,-2.475806661181,
    419.91832182492));
#874 = CARTESIAN_POINT('',(-41.91696567977,-2.648218519897,
    419.82665031175));
#875 = CARTESIAN_POINT('',(-41.90591777043,-2.81417417057,
    419.72930266642));
#876 = CARTESIAN_POINT('',(-41.87989898255,-3.180758307306,
    419.49371334689));
#877 = CARTESIAN_POINT('',(-41.8647423163,-3.376883899099,
    419.35193276018));
#878 = CARTESIAN_POINT('',(-41.84938157116,-3.56194479964,
    419.20264950719));
#879 = CARTESIAN_POINT('',(-41.83403133206,-3.736052721049,
    419.04683453242));
#880 = CARTESIAN_POINT('',(-41.81887699616,-3.899367369987,
    418.88534925767));
#881 = CARTESIAN_POINT('',(-41.78154473263,-4.28451331523,418.4657050771
    ));
#882 = CARTESIAN_POINT('',(-41.75982075331,-4.492482818929,
    418.20097892082));
#883 = CARTESIAN_POINT('',(-41.73943441239,-4.676839695808,
    417.9272168281));
#884 = CARTESIAN_POINT('',(-41.72077334631,-4.838436800458,
    417.64628968322));
#885 = CARTESIAN_POINT('',(-41.70411621832,-4.978038744139,
    417.35964147663));
#886 = CARTESIAN_POINT('',(-41.67303785985,-5.232274714253,
    416.73324868361));
#887 = CARTESIAN_POINT('',(-41.65933404012,-5.339955691077,
    416.39202937279));
#888 = CARTESIAN_POINT('',(-41.64887443214,-5.42012431993,416.046666993)
  );
#889 = CARTESIAN_POINT('',(-41.6418412061,-5.473370350552,
    415.69867476245));
#890 = CARTESIAN_POINT('',(-41.63832369344,-5.5,415.34935972458));
#891 = CARTESIAN_POINT('',(-41.63832369344,-5.5,414.65063709333));
#892 = CARTESIAN_POINT('',(-41.64184127261,-5.473369853059,
    414.30132199824));
#893 = CARTESIAN_POINT('',(-41.64887450299,-5.420123775204,
    413.95333163545));
#894 = CARTESIAN_POINT('',(-41.65933403419,-5.339955703899,
    413.60797135157));
#895 = CARTESIAN_POINT('',(-41.67303778583,-5.232275319733,
    413.26675280818));
#896 = CARTESIAN_POINT('',(-41.70411621832,-4.978038744139,
    412.64035852336));
#897 = CARTESIAN_POINT('',(-41.72077334631,-4.838436800458,
    412.35371031678));
#898 = CARTESIAN_POINT('',(-41.73943441239,-4.676839695808,
    412.07278317189));
#899 = CARTESIAN_POINT('',(-41.75982075331,-4.492482818929,
    411.79902107917));
#900 = CARTESIAN_POINT('',(-41.78154473263,-4.284513315229,
    411.53429492289));
#901 = CARTESIAN_POINT('',(-41.81887699641,-3.899367367422,
    411.11465073953));
#902 = CARTESIAN_POINT('',(-41.83403133166,-3.736052725834,
    410.95316547169));
#903 = CARTESIAN_POINT('',(-41.84938157116,-3.561944799195,
    410.79735049305));
#904 = CARTESIAN_POINT('',(-41.8647423167,-3.376883894104,410.6480672358
    ));
#905 = CARTESIAN_POINT('',(-41.8798989823,-3.180758310827,
    410.50628665536));
#906 = CARTESIAN_POINT('',(-41.91513502263,-2.684310379207,
    410.18723894251));
#907 = CARTESIAN_POINT('',(-41.93487274921,-2.372295421179,
    410.01737235189));
#908 = CARTESIAN_POINT('',(-41.95300289971,-2.03905228707,
    409.86803790478));
#909 = CARTESIAN_POINT('',(-41.96865145124,-1.686875884478,
    409.74324500521));
#910 = CARTESIAN_POINT('',(-41.98102162798,-1.31867635395,
    409.64645467969));
#911 = CARTESIAN_POINT('',(-41.99782625885,-0.566315199395,
    409.51625345749));
#912 = CARTESIAN_POINT('',(-42.00241184362,-0.184287007273,
    409.48162510419));
#913 = CARTESIAN_POINT('',(-42.00273235859,0.202041334388,
    409.47938305287));
#914 = CARTESIAN_POINT('',(-41.99864293271,0.586091165833,
    409.51003944875));
#915 = CARTESIAN_POINT('',(-41.9905460775,0.961394196486,409.57194232735
    ));
#916 = CARTESIAN_POINT('',(-41.96953254728,1.62861301938,409.73717464577
    ));
#917 = CARTESIAN_POINT('',(-41.95752680523,1.924457653519,
    409.83285089271));
#918 = CARTESIAN_POINT('',(-41.94356692058,2.208052937688,
    409.94641514525));
#919 = CARTESIAN_POINT('',(-41.92811395043,2.478074767044,
    410.07581598343));
#920 = CARTESIAN_POINT('',(-41.91164520063,2.733479210223,410.2188378315
    ));
#921 = CARTESIAN_POINT('',(-41.8798989823,3.180758310827,410.50628665536
    ));
#922 = CARTESIAN_POINT('',(-41.8647423167,3.376883894104,410.6480672358)
  );
#923 = CARTESIAN_POINT('',(-41.84938157116,3.561944799195,
    410.79735049305));
#924 = CARTESIAN_POINT('',(-41.83403133166,3.736052725834,
    410.95316547169));
#925 = CARTESIAN_POINT('',(-41.81887699641,3.899367367422,
    411.11465073953));
#926 = CARTESIAN_POINT('',(-41.78154473436,4.28451329741,411.53429490347
    ));
#927 = CARTESIAN_POINT('',(-41.75982075095,4.492482841436,
    411.79902111228));
#928 = CARTESIAN_POINT('',(-41.7394344121,4.676839699939,412.07278317069
    ));
#929 = CARTESIAN_POINT('',(-41.72077334853,4.838436779905,
    412.35371028311));
#930 = CARTESIAN_POINT('',(-41.70411621723,4.978038753076,
    412.64035854538));
#931 = CARTESIAN_POINT('',(-41.67303785985,5.232274714253,
    413.26675131639));
#932 = CARTESIAN_POINT('',(-41.65933404012,5.339955691077,413.6079706272
    ));
#933 = CARTESIAN_POINT('',(-41.64887443214,5.42012431993,413.95333300699
    ));
#934 = CARTESIAN_POINT('',(-41.6418412061,5.473370350553,414.30132523754
    ));
#935 = CARTESIAN_POINT('',(-41.63832369344,5.5,414.65064027541));
#936 = CARTESIAN_POINT('',(-41.63832369344,5.5,415.34936290666));
#937 = CARTESIAN_POINT('',(-41.64184127261,5.473369853059,
    415.69867800175));
#938 = CARTESIAN_POINT('',(-41.64887450299,5.420123775204,
    416.04666836454));
#939 = CARTESIAN_POINT('',(-41.65933403419,5.339955703899,
    416.39202864842));
#940 = CARTESIAN_POINT('',(-41.67303778583,5.232275319733,
    416.73324719181));
#941 = CARTESIAN_POINT('',(-41.70411621832,4.978038744139,
    417.35964147663));
#942 = CARTESIAN_POINT('',(-41.72077334631,4.838436800458,
    417.64628968322));
#943 = CARTESIAN_POINT('',(-41.73943441239,4.676839695808,417.9272168281
    ));
#944 = CARTESIAN_POINT('',(-41.75982075331,4.492482818929,
    418.20097892082));
#945 = CARTESIAN_POINT('',(-41.78154473263,4.28451331523,418.4657050771)
  );
#946 = CARTESIAN_POINT('',(-41.81887699616,3.899367369986,
    418.88534925767));
#947 = CARTESIAN_POINT('',(-41.83403133206,3.73605272105,419.04683453242
    ));
#948 = CARTESIAN_POINT('',(-41.84938157116,3.561944799642,
    419.20264950718));
#949 = CARTESIAN_POINT('',(-41.8647423163,3.3768838991,419.35193276018)
  );
#950 = CARTESIAN_POINT('',(-41.87989898255,3.180758307304,419.4937133469
    ));
#951 = CARTESIAN_POINT('',(-41.90591777043,2.81417417057,419.72930266642
    ));
#952 = CARTESIAN_POINT('',(-41.91696567977,2.648218519897,
    419.82665031175));
#953 = CARTESIAN_POINT('',(-41.92762817369,2.475806661181,
    419.91832182492));
#954 = CARTESIAN_POINT('',(-41.93777527489,2.297136209851,
    420.00370845438));
#955 = CARTESIAN_POINT('',(-41.94727487179,2.112453363832,
    420.08220781885));
#956 = CARTESIAN_POINT('',(-41.96950881497,1.627114371269,
    420.26322990396));
#957 = CARTESIAN_POINT('',(-41.98118987048,1.317706239463,
    420.35555878494));
#958 = CARTESIAN_POINT('',(-41.99045107438,0.996771751382,
    420.42708282121));
#959 = CARTESIAN_POINT('',(-41.99680870009,0.667715574076,
    420.47562960759));
#960 = CARTESIAN_POINT('',(-42.,0.334211316731,420.5));
#961 = CARTESIAN_POINT('',(-42.,5.329070518201E-15,420.5));
#962 = PCURVE('',#99,#963);
#963 = DEFINITIONAL_REPRESENTATION('',(#964),#1062);
#964 = B_SPLINE_CURVE_WITH_KNOTS('',6,(#965,#966,#967,#968,#969,#970,
    #971,#972,#973,#974,#975,#976,#977,#978,#979,#980,#981,#982,#983,
    #984,#985,#986,#987,#988,#989,#990,#991,#992,#993,#994,#995,#996,
    #997,#998,#999,#1000,#1001,#1002,#1003,#1004,#1005,#1006,#1007,#1008
    ,#1009,#1010,#1011,#1012,#1013,#1014,#1015,#1016,#1017,#1018,#1019,
    #1020,#1021,#1022,#1023,#1024,#1025,#1026,#1027,#1028,#1029,#1030,
    #1031,#1032,#1033,#1034,#1035,#1036,#1037,#1038,#1039,#1040,#1041,
    #1042,#1043,#1044,#1045,#1046,#1047,#1048,#1049,#1050,#1051,#1052,
    #1053,#1054,#1055,#1056,#1057,#1058,#1059,#1060,#1061),
  .UNSPECIFIED.,.T.,.F.,(7,5,5,5,5,5,5,5,5,5,5,5,5,5,5,5,5,5,5,7),(0.,
    4.780365195182E-02,7.86606073417E-02,0.118789828622,0.17987021623,
    0.250170780273,0.320471984634,0.381552656724,0.421682065581,
    0.477686398417,0.532330724549,0.578764863141,0.618851981065,
    0.679868277766,0.750095081592,0.820322525066,0.881339110564,
    0.921426414479,0.952251137938,1.),.UNSPECIFIED.);
#965 = CARTESIAN_POINT('',(3.14159265359,40.5));
#966 = CARTESIAN_POINT('',(3.149551273042,40.5));
#967 = CARTESIAN_POINT('',(3.157491802944,40.475622201025));
#968 = CARTESIAN_POINT('',(3.16532664032,40.42707509838));
#969 = CARTESIAN_POINT('',(3.172969824943,40.355560352645));
#970 = CARTESIAN_POINT('',(3.180341380572,40.263241091767));
#971 = CARTESIAN_POINT('',(3.191909905194,40.082207818854));
#972 = CARTESIAN_POINT('',(3.196312859544,40.003708454383));
#973 = CARTESIAN_POINT('',(3.200573685919,39.918321824923));
#974 = CARTESIAN_POINT('',(3.204686501348,39.826650311756));
#975 = CARTESIAN_POINT('',(3.208646534429,39.729302666428));
#976 = CARTESIAN_POINT('',(3.217396685275,39.493713346899));
#977 = CARTESIAN_POINT('',(3.222080173779,39.351932760183));
#978 = CARTESIAN_POINT('',(3.226501439622,39.20264950719));
#979 = CARTESIAN_POINT('',(3.230662877501,39.046834532428));
#980 = CARTESIAN_POINT('',(3.234567993205,38.885349257674));
#981 = CARTESIAN_POINT('',(3.243781112887,38.465705077106));
#982 = CARTESIAN_POINT('',(3.248759573588,38.200978920822));
#983 = CARTESIAN_POINT('',(3.253175677763,37.927216828107));
#984 = CARTESIAN_POINT('',(3.257048758936,37.64628968322));
#985 = CARTESIAN_POINT('',(3.260396175499,37.359641476638));
#986 = CARTESIAN_POINT('',(3.266494472391,36.73324868361));
#987 = CARTESIAN_POINT('',(3.269078952135,36.392029372798));
#988 = CARTESIAN_POINT('',(3.271003905199,36.046666993003));
#989 = CARTESIAN_POINT('',(3.272282679226,35.698674762458));
#990 = CARTESIAN_POINT('',(3.272922225965,35.349359724586));
#991 = CARTESIAN_POINT('',(3.272922225965,34.650637093337));
#992 = CARTESIAN_POINT('',(3.272282667262,34.301321998247));
#993 = CARTESIAN_POINT('',(3.271003892139,33.953331635455));
#994 = CARTESIAN_POINT('',(3.269078952447,33.607971351576));
#995 = CARTESIAN_POINT('',(3.266494486914,33.266752808187));
#996 = CARTESIAN_POINT('',(3.260396175499,32.640358523362));
#997 = CARTESIAN_POINT('',(3.257048758936,32.35371031678));
#998 = CARTESIAN_POINT('',(3.253175677763,32.072783171893));
#999 = CARTESIAN_POINT('',(3.248759573588,31.799021079178));
#1000 = CARTESIAN_POINT('',(3.243781112887,31.534294922894));
#1001 = CARTESIAN_POINT('',(3.234567993143,31.114650739531));
#1002 = CARTESIAN_POINT('',(3.230662877616,30.953165471697));
#1003 = CARTESIAN_POINT('',(3.226501439612,30.797350493056));
#1004 = CARTESIAN_POINT('',(3.22208017366,30.648067235808));
#1005 = CARTESIAN_POINT('',(3.217396685359,30.506286655364));
#1006 = CARTESIAN_POINT('',(3.205546761008,30.187238942516));
#1007 = CARTESIAN_POINT('',(3.198103195111,30.017372351894));
#1008 = CARTESIAN_POINT('',(3.190157614793,29.868037904781));
#1009 = CARTESIAN_POINT('',(3.181764864492,29.743245005212));
#1010 = CARTESIAN_POINT('',(3.172993827235,29.64645467969));
#1011 = CARTESIAN_POINT('',(3.155075998567,29.516253457491));
#1012 = CARTESIAN_POINT('',(3.145979917084,29.481625104199));
#1013 = CARTESIAN_POINT('',(3.136782509925,29.479383052873));
#1014 = CARTESIAN_POINT('',(3.127638801631,29.510039448756));
#1015 = CARTESIAN_POINT('',(3.118701372786,29.571942327356));
#1016 = CARTESIAN_POINT('',(3.102807333663,29.737174645771));
#1017 = CARTESIAN_POINT('',(3.095757908876,29.83285089271));
#1018 = CARTESIAN_POINT('',(3.088997815814,29.94641514525));
#1019 = CARTESIAN_POINT('',(3.082558476719,30.075815983435));
#1020 = CARTESIAN_POINT('',(3.076464914677,30.218837831503));
#1021 = CARTESIAN_POINT('',(3.065788621821,30.506286655364));
#1022 = CARTESIAN_POINT('',(3.061105133519,30.648067235808));
#1023 = CARTESIAN_POINT('',(3.056683867568,30.797350493056));
#1024 = CARTESIAN_POINT('',(3.052522429564,30.953165471697));
#1025 = CARTESIAN_POINT('',(3.048617314036,31.114650739531));
#1026 = CARTESIAN_POINT('',(3.039404194719,31.534294903478));
#1027 = CARTESIAN_POINT('',(3.034425733052,31.799021112289));
#1028 = CARTESIAN_POINT('',(3.030009629318,32.072783170696));
#1029 = CARTESIAN_POINT('',(3.026136548736,32.353710283114));
#1030 = CARTESIAN_POINT('',(3.022789131466,32.640358545381));
#1031 = CARTESIAN_POINT('',(3.016690834789,33.26675131639));
#1032 = CARTESIAN_POINT('',(3.014106355045,33.607970627201));
#1033 = CARTESIAN_POINT('',(3.01218140198,33.953333006997));
#1034 = CARTESIAN_POINT('',(3.010902627954,34.301325237542));
#1035 = CARTESIAN_POINT('',(3.010263081214,34.650640275414));
#1036 = CARTESIAN_POINT('',(3.010263081214,35.349362906663));
#1037 = CARTESIAN_POINT('',(3.010902639918,35.698678001753));
#1038 = CARTESIAN_POINT('',(3.012181415041,36.046668364546));
#1039 = CARTESIAN_POINT('',(3.014106354733,36.392028648424));
#1040 = CARTESIAN_POINT('',(3.016690820265,36.733247191813));
#1041 = CARTESIAN_POINT('',(3.02278913168,37.359641476637));
#1042 = CARTESIAN_POINT('',(3.026136548244,37.64628968322));
#1043 = CARTESIAN_POINT('',(3.030009629417,37.927216828107));
#1044 = CARTESIAN_POINT('',(3.034425733591,38.200978920822));
#1045 = CARTESIAN_POINT('',(3.039404194292,38.465705077106));
#1046 = CARTESIAN_POINT('',(3.048617313975,38.885349257676));
#1047 = CARTESIAN_POINT('',(3.052522429678,39.046834532427));
#1048 = CARTESIAN_POINT('',(3.056683867557,39.202649507188));
#1049 = CARTESIAN_POINT('',(3.0611051334,39.351932760183));
#1050 = CARTESIAN_POINT('',(3.065788621905,39.493713346901));
#1051 = CARTESIAN_POINT('',(3.07453877275,39.729302666428));
#1052 = CARTESIAN_POINT('',(3.078498805832,39.826650311756));
#1053 = CARTESIAN_POINT('',(3.08261162126,39.918321824923));
#1054 = CARTESIAN_POINT('',(3.086872447636,40.003708454384));
#1055 = CARTESIAN_POINT('',(3.091275401985,40.082207818854));
#1056 = CARTESIAN_POINT('',(3.102843211677,40.263229903965));
#1057 = CARTESIAN_POINT('',(3.110215081992,40.355558784947));
#1058 = CARTESIAN_POINT('',(3.11785908769,40.427082821218));
#1059 = CARTESIAN_POINT('',(3.125694663323,40.475629607593));
#1060 = CARTESIAN_POINT('',(3.133635241287,40.5));
#1061 = CARTESIAN_POINT('',(3.14159265359,40.5));
#1062 = ( GEOMETRIC_REPRESENTATION_CONTEXT(2) 
PARAMETRIC_REPRESENTATION_CONTEXT() REPRESENTATION_CONTEXT('2D SPACE',''
  ) );
#1063 = PCURVE('',#1064,#1069);
#1064 = CYLINDRICAL_SURFACE('',#1065,5.5);
#1065 = AXIS2_PLACEMENT_3D('',#1066,#1067,#1068);
#1066 = CARTESIAN_POINT('',(-52.,0.,415.));
#1067 = DIRECTION('',(1.,0.,0.));
#1068 = DIRECTION('',(0.,0.,1.));
#1069 = DEFINITIONAL_REPRESENTATION('',(#1070),#1168);
#1070 = B_SPLINE_CURVE_WITH_KNOTS('',6,(#1071,#1072,#1073,#1074,#1075,
    #1076,#1077,#1078,#1079,#1080,#1081,#1082,#1083,#1084,#1085,#1086,
    #1087,#1088,#1089,#1090,#1091,#1092,#1093,#1094,#1095,#1096,#1097,
    #1098,#1099,#1100,#1101,#1102,#1103,#1104,#1105,#1106,#1107,#1108,
    #1109,#1110,#1111,#1112,#1113,#1114,#1115,#1116,#1117,#1118,#1119,
    #1120,#1121,#1122,#1123,#1124,#1125,#1126,#1127,#1128,#1129,#1130,
    #1131,#1132,#1133,#1134,#1135,#1136,#1137,#1138,#1139,#1140,#1141,
    #1142,#1143,#1144,#1145,#1146,#1147,#1148,#1149,#1150,#1151,#1152,
    #1153,#1154,#1155,#1156,#1157,#1158,#1159,#1160,#1161,#1162,#1163,
    #1164,#1165,#1166,#1167),.UNSPECIFIED.,.F.,.F.,(7,5,5,5,5,5,5,5,5,5,
    5,5,5,5,5,5,5,5,5,7),(0.,4.780365195182E-02,7.86606073417E-02,
    0.118789828622,0.17987021623,0.250170780273,0.320471984634,
    0.381552656724,0.421682065581,0.477686398417,0.532330724549,
    0.578764863141,0.618851981065,0.679868277766,0.750095081592,
    0.820322525066,0.881339110564,0.921426414479,0.952251137938,1.),
  .UNSPECIFIED.);
#1071 = CARTESIAN_POINT('',(-8.881784197001E-16,10.));
#1072 = CARTESIAN_POINT('',(6.077491218419E-02,10.));
#1073 = CARTESIAN_POINT('',(0.121411677172,10.003192261942));
#1074 = CARTESIAN_POINT('',(0.181638525696,10.009549945555));
#1075 = CARTESIAN_POINT('',(0.241186851437,10.01880986136));
#1076 = CARTESIAN_POINT('',(0.299759533929,10.030489810887));
#1077 = CARTESIAN_POINT('',(0.393946985608,10.052725128202));
#1078 = CARTESIAN_POINT('',(0.430396316128,10.062224725102));
#1079 = CARTESIAN_POINT('',(0.466349765333,10.072371826303));
#1080 = CARTESIAN_POINT('',(0.50180576862,10.083034320224));
#1081 = CARTESIAN_POINT('',(0.536758646729,10.094082229568));
#1082 = CARTESIAN_POINT('',(0.615987628984,10.12010101745));
#1083 = CARTESIAN_POINT('',(0.659922908911,10.135257683695));
#1084 = CARTESIAN_POINT('',(0.70306478567,10.150618428835));
#1085 = CARTESIAN_POINT('',(0.7454664065,10.165968667931));
#1086 = CARTESIAN_POINT('',(0.787175828562,10.181123003832));
#1087 = CARTESIAN_POINT('',(0.890738583509,10.218455267363));
#1088 = CARTESIAN_POINT('',(0.95176775504,10.240179246688));
#1089 = CARTESIAN_POINT('',(1.011542338656,10.260565587601));
#1090 = CARTESIAN_POINT('',(1.07025661296,10.279226653683));
#1091 = CARTESIAN_POINT('',(1.128093756239,10.295883781677));
#1092 = CARTESIAN_POINT('',(1.251006593683,10.326962140148));
#1093 = CARTESIAN_POINT('',(1.315855033734,10.340665959878));
#1094 = CARTESIAN_POINT('',(1.380032066272,10.351125567853));
#1095 = CARTESIAN_POINT('',(1.443764515257,10.358158793892));
#1096 = CARTESIAN_POINT('',(1.50727637687,10.361676306556));
#1097 = CARTESIAN_POINT('',(1.634316855279,10.361676306556));
#1098 = CARTESIAN_POINT('',(1.697828732396,10.358158727387));
#1099 = CARTESIAN_POINT('',(1.761560842711,10.351125497003));
#1100 = CARTESIAN_POINT('',(1.825737499539,10.340665965803));
#1101 = CARTESIAN_POINT('',(1.890585767181,10.326962214163));
#1102 = CARTESIAN_POINT('',(2.013498897351,10.295883781677));
#1103 = CARTESIAN_POINT('',(2.07133604063,10.279226653683));
#1104 = CARTESIAN_POINT('',(2.130050314934,10.260565587601));
#1105 = CARTESIAN_POINT('',(2.18982489855,10.240179246688));
#1106 = CARTESIAN_POINT('',(2.25085407008,10.218455267363));
#1107 = CARTESIAN_POINT('',(2.354416825717,10.181123003584));
#1108 = CARTESIAN_POINT('',(2.396126245934,10.165968668333));
#1109 = CARTESIAN_POINT('',(2.438527867953,10.150618428834));
#1110 = CARTESIAN_POINT('',(2.481669745851,10.135257683292));
#1111 = CARTESIAN_POINT('',(2.525605023844,10.1201010177));
#1112 = CARTESIAN_POINT('',(2.632901167958,10.084864977367));
#1113 = CARTESIAN_POINT('',(2.697322841521,10.065127250787));
#1114 = CARTESIAN_POINT('',(2.763413671552,10.046997100288));
#1115 = CARTESIAN_POINT('',(2.831000762869,10.031348548755));
#1116 = CARTESIAN_POINT('',(2.899966778443,10.018978372016));
#1117 = CARTESIAN_POINT('',(3.038792987075,10.002173741141));
#1118 = CARTESIAN_POINT('',(3.108308939836,9.997588156377));
#1119 = CARTESIAN_POINT('',(3.178171372346,9.997267641401));
#1120 = CARTESIAN_POINT('',(3.247846286152,10.001357067286));
#1121 = CARTESIAN_POINT('',(3.316787877434,10.009453922499));
#1122 = CARTESIAN_POINT('',(3.441764923482,10.030467452713));
#1123 = CARTESIAN_POINT('',(3.498159359248,10.042473194762));
#1124 = CARTESIAN_POINT('',(3.553514000235,10.056433079416));
#1125 = CARTESIAN_POINT('',(3.607786737553,10.071886049564));
#1126 = CARTESIAN_POINT('',(3.660910885035,10.088354799366));
#1127 = CARTESIAN_POINT('',(3.757580283335,10.1201010177));
#1128 = CARTESIAN_POINT('',(3.801515561329,10.135257683292));
#1129 = CARTESIAN_POINT('',(3.844657439226,10.150618428834));
#1130 = CARTESIAN_POINT('',(3.887059061246,10.165968668333));
#1131 = CARTESIAN_POINT('',(3.928768481462,10.181123003584));
#1132 = CARTESIAN_POINT('',(4.032331232308,10.218455265636));
#1133 = CARTESIAN_POINT('',(4.093360416003,10.240179249047));
#1134 = CARTESIAN_POINT('',(4.153134992467,10.260565587897));
#1135 = CARTESIAN_POINT('',(4.211849259282,10.279226651466));
#1136 = CARTESIAN_POINT('',(4.26968641415,10.29588378277));
#1137 = CARTESIAN_POINT('',(4.392599247273,10.326962140148));
#1138 = CARTESIAN_POINT('',(4.457447687323,10.340665959878));
#1139 = CARTESIAN_POINT('',(4.521624719862,10.351125567853));
#1140 = CARTESIAN_POINT('',(4.585357168847,10.358158793892));
#1141 = CARTESIAN_POINT('',(4.64886903046,10.361676306556));
#1142 = CARTESIAN_POINT('',(4.775909508869,10.361676306556));
#1143 = CARTESIAN_POINT('',(4.839421385986,10.358158727387));
#1144 = CARTESIAN_POINT('',(4.903153496301,10.351125497003));
#1145 = CARTESIAN_POINT('',(4.967330153129,10.340665965803));
#1146 = CARTESIAN_POINT('',(5.032178420771,10.326962214163));
#1147 = CARTESIAN_POINT('',(5.15509155094,10.295883781677));
#1148 = CARTESIAN_POINT('',(5.21292869422,10.279226653683));
#1149 = CARTESIAN_POINT('',(5.271642968524,10.260565587601));
#1150 = CARTESIAN_POINT('',(5.33141755214,10.240179246688));
#1151 = CARTESIAN_POINT('',(5.39244672367,10.218455267363));
#1152 = CARTESIAN_POINT('',(5.496009478618,10.181123003832));
#1153 = CARTESIAN_POINT('',(5.53771890068,10.165968667931));
#1154 = CARTESIAN_POINT('',(5.580120521509,10.150618428835));
#1155 = CARTESIAN_POINT('',(5.623262398268,10.135257683695));
#1156 = CARTESIAN_POINT('',(5.667197678196,10.120101017449));
#1157 = CARTESIAN_POINT('',(5.74642666045,10.094082229568));
#1158 = CARTESIAN_POINT('',(5.78137953856,10.083034320224));
#1159 = CARTESIAN_POINT('',(5.816835541847,10.072371826303));
#1160 = CARTESIAN_POINT('',(5.852788991052,10.062224725102));
#1161 = CARTESIAN_POINT('',(5.889238321572,10.052725128202));
#1162 = CARTESIAN_POINT('',(5.983419952495,10.030491185023));
#1163 = CARTESIAN_POINT('',(6.041995490818,10.018810129514));
#1164 = CARTESIAN_POINT('',(6.101550177762,10.00954892562));
#1165 = CARTESIAN_POINT('',(6.161782480201,10.003191299909));
#1166 = CARTESIAN_POINT('',(6.222419613228,10.));
#1167 = CARTESIAN_POINT('',(6.28318530718,10.));
#1168 = ( GEOMETRIC_REPRESENTATION_CONTEXT(2) 
PARAMETRIC_REPRESENTATION_CONTEXT() REPRESENTATION_CONTEXT('2D SPACE',''
  ) );
#1169 = FACE_BOUND('',#1170,.T.);
#1170 = EDGE_LOOP('',(#1171));
#1171 = ORIENTED_EDGE('',*,*,#1172,.T.);
#1172 = EDGE_CURVE('',#1173,#1173,#1175,.T.);
#1173 = VERTEX_POINT('',#1174);
#1174 = CARTESIAN_POINT('',(-42.,1.347111479062E-15,475.5));
#1175 = SURFACE_CURVE('',#1176,(#1279,#1385),.PCURVE_S1.);
#1176 = B_SPLINE_CURVE_WITH_KNOTS('',6,(#1177,#1178,#1179,#1180,#1181,
    #1182,#1183,#1184,#1185,#1186,#1187,#1188,#1189,#1190,#1191,#1192,
    #1193,#1194,#1195,#1196,#1197,#1198,#1199,#1200,#1201,#1202,#1203,
    #1204,#1205,#1206,#1207,#1208,#1209,#1210,#1211,#1212,#1213,#1214,
    #1215,#1216,#1217,#1218,#1219,#1220,#1221,#1222,#1223,#1224,#1225,
    #1226,#1227,#1228,#1229,#1230,#1231,#1232,#1233,#1234,#1235,#1236,
    #1237,#1238,#1239,#1240,#1241,#1242,#1243,#1244,#1245,#1246,#1247,
    #1248,#1249,#1250,#1251,#1252,#1253,#1254,#1255,#1256,#1257,#1258,
    #1259,#1260,#1261,#1262,#1263,#1264,#1265,#1266,#1267,#1268,#1269,
    #1270,#1271,#1272,#1273,#1274,#1275,#1276,#1277,#1278),
  .UNSPECIFIED.,.T.,.F.,(7,5,5,5,5,5,5,5,5,5,5,5,5,5,5,5,5,5,5,5,7),(0.,
    4.776635650393E-02,7.859923791151E-02,0.118697151172,0.179729885077,
    0.249975602017,0.320221958783,0.381254972333,0.421353072393,
    0.46779993273,0.499921347246,0.547700203895,0.578541154064,
    0.618649560685,0.679698266455,0.749962366245,0.820227106023,
    0.881276091512,0.921384685655,0.952225779493,1.),.UNSPECIFIED.);
#1177 = CARTESIAN_POINT('',(-42.,5.329070518201E-15,475.5));
#1178 = CARTESIAN_POINT('',(-42.,-0.334262016854,475.5));
#1179 = CARTESIAN_POINT('',(-41.99680773806,-0.667764254,475.47562220104
    ));
#1180 = CARTESIAN_POINT('',(-41.99045005443,-0.996789410687,
    475.42707509833));
#1181 = CARTESIAN_POINT('',(-41.98119013864,-1.317689422033,
    475.35556035265));
#1182 = CARTESIAN_POINT('',(-41.96951018911,-1.627084375552,
    475.26324109178));
#1183 = CARTESIAN_POINT('',(-41.94727487179,-2.112453363832,
    475.08220781885));
#1184 = CARTESIAN_POINT('',(-41.93777527489,-2.297136209852,
    475.00370845438));
#1185 = CARTESIAN_POINT('',(-41.92762817369,-2.475806661181,
    474.91832182492));
#1186 = CARTESIAN_POINT('',(-41.91696567977,-2.648218519897,
    474.82665031175));
#1187 = CARTESIAN_POINT('',(-41.90591777043,-2.81417417057,
    474.72930266642));
#1188 = CARTESIAN_POINT('',(-41.87989898255,-3.180758307304,
    474.4937133469));
#1189 = CARTESIAN_POINT('',(-41.8647423163,-3.3768838991,474.35193276018
    ));
#1190 = CARTESIAN_POINT('',(-41.84938157116,-3.561944799642,
    474.20264950718));
#1191 = CARTESIAN_POINT('',(-41.83403133206,-3.736052721049,
    474.04683453242));
#1192 = CARTESIAN_POINT('',(-41.81887699616,-3.899367369986,
    473.88534925767));
#1193 = CARTESIAN_POINT('',(-41.78154473263,-4.28451331523,
    473.4657050771));
#1194 = CARTESIAN_POINT('',(-41.75982075331,-4.492482818929,
    473.20097892082));
#1195 = CARTESIAN_POINT('',(-41.73943441239,-4.676839695808,
    472.9272168281));
#1196 = CARTESIAN_POINT('',(-41.72077334631,-4.838436800458,
    472.64628968322));
#1197 = CARTESIAN_POINT('',(-41.70411621832,-4.978038744139,
    472.35964147663));
#1198 = CARTESIAN_POINT('',(-41.67303785985,-5.232274714253,
    471.73324868361));
#1199 = CARTESIAN_POINT('',(-41.65933404012,-5.339955691077,
    471.39202937279));
#1200 = CARTESIAN_POINT('',(-41.64887443214,-5.42012431993,471.046666993
    ));
#1201 = CARTESIAN_POINT('',(-41.6418412061,-5.473370350552,
    470.69867476245));
#1202 = CARTESIAN_POINT('',(-41.63832369344,-5.5,470.34935972458));
#1203 = CARTESIAN_POINT('',(-41.63832369344,-5.5,469.6506370933));
#1204 = CARTESIAN_POINT('',(-41.64184127261,-5.473369853054,
    469.30132199829));
#1205 = CARTESIAN_POINT('',(-41.64887450299,-5.420123775221,
    468.95333163545));
#1206 = CARTESIAN_POINT('',(-41.6593340342,-5.339955703876,
    468.60797135153));
#1207 = CARTESIAN_POINT('',(-41.67303778583,-5.232275319744,
    468.26675280821));
#1208 = CARTESIAN_POINT('',(-41.70411621723,-4.978038753076,
    467.64035854538));
#1209 = CARTESIAN_POINT('',(-41.72077334853,-4.838436779905,
    467.35371028311));
#1210 = CARTESIAN_POINT('',(-41.7394344121,-4.676839699939,
    467.07278317069));
#1211 = CARTESIAN_POINT('',(-41.75982075095,-4.492482841437,
    466.79902111228));
#1212 = CARTESIAN_POINT('',(-41.78154473436,-4.284513297409,
    466.53429490347));
#1213 = CARTESIAN_POINT('',(-41.81887699616,-3.899367369986,
    466.11465074232));
#1214 = CARTESIAN_POINT('',(-41.83403133206,-3.736052721049,
    465.95316546757));
#1215 = CARTESIAN_POINT('',(-41.84938157116,-3.561944799642,
    465.79735049281));
#1216 = CARTESIAN_POINT('',(-41.8647423163,-3.3768838991,465.64806723981
    ));
#1217 = CARTESIAN_POINT('',(-41.87989898255,-3.180758307304,
    465.5062866531));
#1218 = CARTESIAN_POINT('',(-41.91164520063,-2.733479210168,
    465.21883783146));
#1219 = CARTESIAN_POINT('',(-41.92811395043,-2.478074767059,
    465.07581598345));
#1220 = CARTESIAN_POINT('',(-41.94356692058,-2.208052937748,
    464.94641514527));
#1221 = CARTESIAN_POINT('',(-41.95752680523,-1.924457653537,
    464.8328508927));
#1222 = CARTESIAN_POINT('',(-41.96953254728,-1.628613019317,
    464.73717464575));
#1223 = CARTESIAN_POINT('',(-41.98586188722,-1.11012598448,
    464.60877476869));
#1224 = CARTESIAN_POINT('',(-41.99140676041,-0.893247499561,
    464.56578548509));
#1225 = CARTESIAN_POINT('',(-41.99567379311,-0.672585048451,
    464.53303380543));
#1226 = CARTESIAN_POINT('',(-41.99855732588,-0.449331742181,
    464.51101822582));
#1227 = CARTESIAN_POINT('',(-42.,-0.224722179524,464.5));
#1228 = CARTESIAN_POINT('',(-42.,0.334262016882,464.5));
#1229 = CARTESIAN_POINT('',(-41.99680773806,0.667764253954,
    464.52437779895));
#1230 = CARTESIAN_POINT('',(-41.99045005444,0.996789410692,
    464.57292490165));
#1231 = CARTESIAN_POINT('',(-41.98119013863,1.317689422071,
    464.64443964736));
#1232 = CARTESIAN_POINT('',(-41.96951018911,1.627084375528,
    464.7367589082));
#1233 = CARTESIAN_POINT('',(-41.94727487179,2.112453363832,
    464.91779218114));
#1234 = CARTESIAN_POINT('',(-41.93777527489,2.297136209852,
    464.99629154561));
#1235 = CARTESIAN_POINT('',(-41.92762817369,2.475806661181,
    465.08167817507));
#1236 = CARTESIAN_POINT('',(-41.91696567977,2.648218519897,
    465.17334968824));
#1237 = CARTESIAN_POINT('',(-41.90591777043,2.81417417057,
    465.27069733357));
#1238 = CARTESIAN_POINT('',(-41.87989898255,3.180758307306,
    465.5062866531));
#1239 = CARTESIAN_POINT('',(-41.8647423163,3.3768838991,465.64806723981)
  );
#1240 = CARTESIAN_POINT('',(-41.84938157116,3.56194479964,
    465.79735049281));
#1241 = CARTESIAN_POINT('',(-41.83403133206,3.736052721049,
    465.95316546757));
#1242 = CARTESIAN_POINT('',(-41.81887699616,3.899367369988,
    466.11465074232));
#1243 = CARTESIAN_POINT('',(-41.78154473263,4.28451331523,
    466.53429492289));
#1244 = CARTESIAN_POINT('',(-41.75982075331,4.492482818929,
    466.79902107917));
#1245 = CARTESIAN_POINT('',(-41.73943441239,4.676839695808,
    467.07278317189));
#1246 = CARTESIAN_POINT('',(-41.72077334631,4.838436800458,
    467.35371031678));
#1247 = CARTESIAN_POINT('',(-41.70411621832,4.978038744139,
    467.64035852336));
#1248 = CARTESIAN_POINT('',(-41.67303785985,5.232274714266,
    468.26675131642));
#1249 = CARTESIAN_POINT('',(-41.65933404012,5.339955691052,
    468.60797062715));
#1250 = CARTESIAN_POINT('',(-41.64887443214,5.420124319948,
    468.95333300699));
#1251 = CARTESIAN_POINT('',(-41.6418412061,5.473370350548,
    469.30132523759));
#1252 = CARTESIAN_POINT('',(-41.63832369344,5.5,469.65064027538));
#1253 = CARTESIAN_POINT('',(-41.63832369344,5.5,470.34936290669));
#1254 = CARTESIAN_POINT('',(-41.64184127261,5.473369853054,
    470.6986780017));
#1255 = CARTESIAN_POINT('',(-41.64887450299,5.420123775221,
    471.04666836454));
#1256 = CARTESIAN_POINT('',(-41.6593340342,5.339955703876,
    471.39202864846));
#1257 = CARTESIAN_POINT('',(-41.67303778583,5.232275319744,
    471.73324719178));
#1258 = CARTESIAN_POINT('',(-41.70411621723,4.978038753076,
    472.35964145461));
#1259 = CARTESIAN_POINT('',(-41.72077334853,4.838436779905,
    472.64628971688));
#1260 = CARTESIAN_POINT('',(-41.7394344121,4.676839699939,472.9272168293
    ));
#1261 = CARTESIAN_POINT('',(-41.75982075095,4.492482841436,
    473.20097888771));
#1262 = CARTESIAN_POINT('',(-41.78154473436,4.284513297409,
    473.46570509652));
#1263 = CARTESIAN_POINT('',(-41.81887699641,3.899367367423,
    473.88534926046));
#1264 = CARTESIAN_POINT('',(-41.83403133166,3.736052725834,
    474.0468345283));
#1265 = CARTESIAN_POINT('',(-41.84938157116,3.561944799194,
    474.20264950694));
#1266 = CARTESIAN_POINT('',(-41.8647423167,3.376883894104,
    474.35193276419));
#1267 = CARTESIAN_POINT('',(-41.8798989823,3.180758310828,
    474.49371334463));
#1268 = CARTESIAN_POINT('',(-41.90591777043,2.814174170573,
    474.72930266642));
#1269 = CARTESIAN_POINT('',(-41.91696567977,2.648218519897,
    474.82665031175));
#1270 = CARTESIAN_POINT('',(-41.92762817369,2.475806661178,
    474.91832182492));
#1271 = CARTESIAN_POINT('',(-41.93777527489,2.297136209851,
    475.00370845438));
#1272 = CARTESIAN_POINT('',(-41.94727487179,2.112453363835,
    475.08220781885));
#1273 = CARTESIAN_POINT('',(-41.96950881497,1.627114371241,
    475.26322990397));
#1274 = CARTESIAN_POINT('',(-41.98118987048,1.317706239497,
    475.35555878493));
#1275 = CARTESIAN_POINT('',(-41.99045107438,0.996771751391,
    475.42708282122));
#1276 = CARTESIAN_POINT('',(-41.99680870009,0.667715574042,
    475.47562960759));
#1277 = CARTESIAN_POINT('',(-42.,0.334211316746,475.5));
#1278 = CARTESIAN_POINT('',(-42.,5.329070518201E-15,475.5));
#1279 = PCURVE('',#99,#1280);
#1280 = DEFINITIONAL_REPRESENTATION('',(#1281),#1384);
#1281 = B_SPLINE_CURVE_WITH_KNOTS('',6,(#1282,#1283,#1284,#1285,#1286,
    #1287,#1288,#1289,#1290,#1291,#1292,#1293,#1294,#1295,#1296,#1297,
    #1298,#1299,#1300,#1301,#1302,#1303,#1304,#1305,#1306,#1307,#1308,
    #1309,#1310,#1311,#1312,#1313,#1314,#1315,#1316,#1317,#1318,#1319,
    #1320,#1321,#1322,#1323,#1324,#1325,#1326,#1327,#1328,#1329,#1330,
    #1331,#1332,#1333,#1334,#1335,#1336,#1337,#1338,#1339,#1340,#1341,
    #1342,#1343,#1344,#1345,#1346,#1347,#1348,#1349,#1350,#1351,#1352,
    #1353,#1354,#1355,#1356,#1357,#1358,#1359,#1360,#1361,#1362,#1363,
    #1364,#1365,#1366,#1367,#1368,#1369,#1370,#1371,#1372,#1373,#1374,
    #1375,#1376,#1377,#1378,#1379,#1380,#1381,#1382,#1383),
  .UNSPECIFIED.,.T.,.F.,(7,5,5,5,5,5,5,5,5,5,5,5,5,5,5,5,5,5,5,5,7),(0.,
    4.776635650393E-02,7.859923791151E-02,0.118697151172,0.179729885077,
    0.249975602017,0.320221958783,0.381254972333,0.421353072393,
    0.46779993273,0.499921347246,0.547700203895,0.578541154064,
    0.618649560685,0.679698266455,0.749962366245,0.820227106023,
    0.881276091512,0.921384685655,0.952225779493,1.),.UNSPECIFIED.);
#1282 = CARTESIAN_POINT('',(3.14159265359,95.5));
#1283 = CARTESIAN_POINT('',(3.149551273039,95.5));
#1284 = CARTESIAN_POINT('',(3.157491802947,95.475622201047));
#1285 = CARTESIAN_POINT('',(3.165326640323,95.427075098336));
#1286 = CARTESIAN_POINT('',(3.172969824943,95.355560352652));
#1287 = CARTESIAN_POINT('',(3.18034138057,95.263241091789));
#1288 = CARTESIAN_POINT('',(3.191909905194,95.082207818854));
#1289 = CARTESIAN_POINT('',(3.196312859544,95.003708454383));
#1290 = CARTESIAN_POINT('',(3.200573685919,94.918321824923));
#1291 = CARTESIAN_POINT('',(3.204686501348,94.826650311756));
#1292 = CARTESIAN_POINT('',(3.208646534429,94.729302666428));
#1293 = CARTESIAN_POINT('',(3.217396685275,94.4937133469));
#1294 = CARTESIAN_POINT('',(3.222080173779,94.351932760183));
#1295 = CARTESIAN_POINT('',(3.226501439622,94.202649507188));
#1296 = CARTESIAN_POINT('',(3.230662877501,94.046834532427));
#1297 = CARTESIAN_POINT('',(3.234567993205,93.885349257676));
#1298 = CARTESIAN_POINT('',(3.243781112887,93.465705077105));
#1299 = CARTESIAN_POINT('',(3.248759573588,93.200978920822));
#1300 = CARTESIAN_POINT('',(3.253175677763,92.927216828107));
#1301 = CARTESIAN_POINT('',(3.257048758936,92.64628968322));
#1302 = CARTESIAN_POINT('',(3.260396175499,92.359641476637));
#1303 = CARTESIAN_POINT('',(3.266494472391,91.733248683611));
#1304 = CARTESIAN_POINT('',(3.269078952135,91.392029372798));
#1305 = CARTESIAN_POINT('',(3.271003905199,91.046666993003));
#1306 = CARTESIAN_POINT('',(3.272282679226,90.698674762457));
#1307 = CARTESIAN_POINT('',(3.272922225965,90.349359724586));
#1308 = CARTESIAN_POINT('',(3.272922225965,89.650637093308));
#1309 = CARTESIAN_POINT('',(3.272282667261,89.301321998295));
#1310 = CARTESIAN_POINT('',(3.271003892139,88.953331635452));
#1311 = CARTESIAN_POINT('',(3.269078952446,88.607971351532));
#1312 = CARTESIAN_POINT('',(3.266494486915,88.266752808215));
#1313 = CARTESIAN_POINT('',(3.260396175713,87.64035854538));
#1314 = CARTESIAN_POINT('',(3.257048758443,87.353710283114));
#1315 = CARTESIAN_POINT('',(3.253175677861,87.072783170697));
#1316 = CARTESIAN_POINT('',(3.248759574127,86.799021112289));
#1317 = CARTESIAN_POINT('',(3.243781112461,86.534294903478));
#1318 = CARTESIAN_POINT('',(3.234567993205,86.114650742324));
#1319 = CARTESIAN_POINT('',(3.230662877501,85.953165467573));
#1320 = CARTESIAN_POINT('',(3.226501439622,85.797350492812));
#1321 = CARTESIAN_POINT('',(3.222080173779,85.648067239818));
#1322 = CARTESIAN_POINT('',(3.217396685275,85.5062866531));
#1323 = CARTESIAN_POINT('',(3.206720392501,85.218837831467));
#1324 = CARTESIAN_POINT('',(3.200626830461,85.075815983454));
#1325 = CARTESIAN_POINT('',(3.194187491367,84.946415145276));
#1326 = CARTESIAN_POINT('',(3.187427398304,84.832850892705));
#1327 = CARTESIAN_POINT('',(3.180377973515,84.737174645755));
#1328 = CARTESIAN_POINT('',(3.168026923254,84.608774768692));
#1329 = CARTESIAN_POINT('',(3.16286155268,84.565785485097));
#1330 = CARTESIAN_POINT('',(3.157606859617,84.533033805433));
#1331 = CARTESIAN_POINT('',(3.152291028032,84.511018225821));
#1332 = CARTESIAN_POINT('',(3.146943181674,84.5));
#1333 = CARTESIAN_POINT('',(3.13363403414,84.5));
#1334 = CARTESIAN_POINT('',(3.125693504234,84.524377798956));
#1335 = CARTESIAN_POINT('',(3.117858666857,84.57292490165));
#1336 = CARTESIAN_POINT('',(3.110215482236,84.644439647367));
#1337 = CARTESIAN_POINT('',(3.10284392661,84.736758908202));
#1338 = CARTESIAN_POINT('',(3.091275401985,84.917792181146));
#1339 = CARTESIAN_POINT('',(3.086872447636,84.996291545617));
#1340 = CARTESIAN_POINT('',(3.08261162126,85.081678175077));
#1341 = CARTESIAN_POINT('',(3.078498805832,85.173349688244));
#1342 = CARTESIAN_POINT('',(3.07453877275,85.270697333572));
#1343 = CARTESIAN_POINT('',(3.065788621905,85.506286653101));
#1344 = CARTESIAN_POINT('',(3.0611051334,85.648067239817));
#1345 = CARTESIAN_POINT('',(3.056683867557,85.79735049281));
#1346 = CARTESIAN_POINT('',(3.052522429678,85.953165467572));
#1347 = CARTESIAN_POINT('',(3.048617313975,86.114650742326));
#1348 = CARTESIAN_POINT('',(3.039404194292,86.534294922894));
#1349 = CARTESIAN_POINT('',(3.034425733591,86.799021079178));
#1350 = CARTESIAN_POINT('',(3.030009629417,87.072783171893));
#1351 = CARTESIAN_POINT('',(3.026136548244,87.35371031678));
#1352 = CARTESIAN_POINT('',(3.02278913168,87.640358523362));
#1353 = CARTESIAN_POINT('',(3.016690834788,88.266751316422));
#1354 = CARTESIAN_POINT('',(3.014106355046,88.607970627152));
#1355 = CARTESIAN_POINT('',(3.01218140198,88.953333006992));
#1356 = CARTESIAN_POINT('',(3.010902627954,89.301325237595));
#1357 = CARTESIAN_POINT('',(3.010263081214,89.650640275386));
#1358 = CARTESIAN_POINT('',(3.010263081214,90.349362906691));
#1359 = CARTESIAN_POINT('',(3.010902639918,90.698678001706));
#1360 = CARTESIAN_POINT('',(3.01218141504,91.046668364547));
#1361 = CARTESIAN_POINT('',(3.014106354733,91.392028648468));
#1362 = CARTESIAN_POINT('',(3.016690820265,91.733247191785));
#1363 = CARTESIAN_POINT('',(3.022789131466,92.359641454619));
#1364 = CARTESIAN_POINT('',(3.026136548736,92.646289716886));
#1365 = CARTESIAN_POINT('',(3.030009629318,92.927216829304));
#1366 = CARTESIAN_POINT('',(3.034425733052,93.200978887711));
#1367 = CARTESIAN_POINT('',(3.039404194719,93.465705096522));
#1368 = CARTESIAN_POINT('',(3.048617314036,93.885349260469));
#1369 = CARTESIAN_POINT('',(3.052522429564,94.046834528304));
#1370 = CARTESIAN_POINT('',(3.056683867568,94.202649506945));
#1371 = CARTESIAN_POINT('',(3.061105133519,94.351932764192));
#1372 = CARTESIAN_POINT('',(3.065788621821,94.493713344636));
#1373 = CARTESIAN_POINT('',(3.07453877275,94.729302666426));
#1374 = CARTESIAN_POINT('',(3.078498805832,94.826650311756));
#1375 = CARTESIAN_POINT('',(3.08261162126,94.918321824925));
#1376 = CARTESIAN_POINT('',(3.086872447636,95.003708454384));
#1377 = CARTESIAN_POINT('',(3.091275401985,95.082207818853));
#1378 = CARTESIAN_POINT('',(3.102843211677,95.263229903975));
#1379 = CARTESIAN_POINT('',(3.110215081991,95.35555878493));
#1380 = CARTESIAN_POINT('',(3.11785908769,95.427082821228));
#1381 = CARTESIAN_POINT('',(3.125694663324,95.475629607591));
#1382 = CARTESIAN_POINT('',(3.133635241286,95.5));
#1383 = CARTESIAN_POINT('',(3.14159265359,95.5));
#1384 = ( GEOMETRIC_REPRESENTATION_CONTEXT(2) 
PARAMETRIC_REPRESENTATION_CONTEXT() REPRESENTATION_CONTEXT('2D SPACE',''
  ) );
#1385 = PCURVE('',#1386,#1391);
#1386 = CYLINDRICAL_SURFACE('',#1387,5.5);
#1387 = AXIS2_PLACEMENT_3D('',#1388,#1389,#1390);
#1388 = CARTESIAN_POINT('',(-52.,0.,470.));
#1389 = DIRECTION('',(1.,0.,0.));
#1390 = DIRECTION('',(0.,0.,1.));
#1391 = DEFINITIONAL_REPRESENTATION('',(#1392),#1495);
#1392 = B_SPLINE_CURVE_WITH_KNOTS('',6,(#1393,#1394,#1395,#1396,#1397,
    #1398,#1399,#1400,#1401,#1402,#1403,#1404,#1405,#1406,#1407,#1408,
    #1409,#1410,#1411,#1412,#1413,#1414,#1415,#1416,#1417,#1418,#1419,
    #1420,#1421,#1422,#1423,#1424,#1425,#1426,#1427,#1428,#1429,#1430,
    #1431,#1432,#1433,#1434,#1435,#1436,#1437,#1438,#1439,#1440,#1441,
    #1442,#1443,#1444,#1445,#1446,#1447,#1448,#1449,#1450,#1451,#1452,
    #1453,#1454,#1455,#1456,#1457,#1458,#1459,#1460,#1461,#1462,#1463,
    #1464,#1465,#1466,#1467,#1468,#1469,#1470,#1471,#1472,#1473,#1474,
    #1475,#1476,#1477,#1478,#1479,#1480,#1481,#1482,#1483,#1484,#1485,
    #1486,#1487,#1488,#1489,#1490,#1491,#1492,#1493,#1494),
  .UNSPECIFIED.,.F.,.F.,(7,5,5,5,5,5,5,5,5,5,5,5,5,5,5,5,5,5,5,5,7),(0.,
    4.776635650393E-02,7.859923791151E-02,0.118697151172,0.179729885077,
    0.249975602017,0.320221958783,0.381254972333,0.421353072393,
    0.46779993273,0.499921347246,0.547700203895,0.578541154064,
    0.618649560685,0.679698266455,0.749962366245,0.820227106023,
    0.881276091512,0.921384685655,0.952225779493,1.),.UNSPECIFIED.);
#1393 = CARTESIAN_POINT('',(-8.881784197001E-16,10.));
#1394 = CARTESIAN_POINT('',(6.077491215533E-02,10.));
#1395 = CARTESIAN_POINT('',(0.121411677192,10.003192261939));
#1396 = CARTESIAN_POINT('',(0.181638525715,10.009549945561));
#1397 = CARTESIAN_POINT('',(0.24118685143,10.018809861359));
#1398 = CARTESIAN_POINT('',(0.299759533917,10.030489810884));
#1399 = CARTESIAN_POINT('',(0.393946985608,10.052725128202));
#1400 = CARTESIAN_POINT('',(0.430396316128,10.062224725102));
#1401 = CARTESIAN_POINT('',(0.466349765333,10.072371826303));
#1402 = CARTESIAN_POINT('',(0.50180576862,10.083034320224));
#1403 = CARTESIAN_POINT('',(0.536758646729,10.094082229568));
#1404 = CARTESIAN_POINT('',(0.615987628984,10.120101017449));
#1405 = CARTESIAN_POINT('',(0.659922908912,10.135257683695));
#1406 = CARTESIAN_POINT('',(0.70306478567,10.150618428835));
#1407 = CARTESIAN_POINT('',(0.7454664065,10.165968667931));
#1408 = CARTESIAN_POINT('',(0.787175828562,10.181123003832));
#1409 = CARTESIAN_POINT('',(0.89073858351,10.218455267363));
#1410 = CARTESIAN_POINT('',(0.95176775504,10.240179246688));
#1411 = CARTESIAN_POINT('',(1.011542338656,10.260565587601));
#1412 = CARTESIAN_POINT('',(1.07025661296,10.279226653683));
#1413 = CARTESIAN_POINT('',(1.128093756239,10.295883781677));
#1414 = CARTESIAN_POINT('',(1.251006593683,10.326962140148));
#1415 = CARTESIAN_POINT('',(1.315855033734,10.340665959878));
#1416 = CARTESIAN_POINT('',(1.380032066272,10.351125567853));
#1417 = CARTESIAN_POINT('',(1.443764515257,10.358158793892));
#1418 = CARTESIAN_POINT('',(1.50727637687,10.361676306556));
#1419 = CARTESIAN_POINT('',(1.634316855284,10.361676306556));
#1420 = CARTESIAN_POINT('',(1.697828732388,10.358158727387));
#1421 = CARTESIAN_POINT('',(1.761560842711,10.351125497005));
#1422 = CARTESIAN_POINT('',(1.825737499548,10.3406659658));
#1423 = CARTESIAN_POINT('',(1.890585767176,10.326962214165));
#1424 = CARTESIAN_POINT('',(2.01349889303,10.29588378277));
#1425 = CARTESIAN_POINT('',(2.071336047898,10.279226651466));
#1426 = CARTESIAN_POINT('',(2.130050314713,10.260565587897));
#1427 = CARTESIAN_POINT('',(2.189824891176,10.240179249047));
#1428 = CARTESIAN_POINT('',(2.250854074872,10.218455265636));
#1429 = CARTESIAN_POINT('',(2.354416825028,10.181123003832));
#1430 = CARTESIAN_POINT('',(2.39612624709,10.165968667931));
#1431 = CARTESIAN_POINT('',(2.43852786792,10.150618428835));
#1432 = CARTESIAN_POINT('',(2.481669744678,10.135257683695));
#1433 = CARTESIAN_POINT('',(2.525605024606,10.120101017449));
#1434 = CARTESIAN_POINT('',(2.622274422157,10.088354799362));
#1435 = CARTESIAN_POINT('',(2.675398569622,10.071886049566));
#1436 = CARTESIAN_POINT('',(2.729671306932,10.056433079419));
#1437 = CARTESIAN_POINT('',(2.785025947929,10.042473194761));
#1438 = CARTESIAN_POINT('',(2.841420383709,10.030467452711));
#1439 = CARTESIAN_POINT('',(2.938538414263,10.014138112773));
#1440 = CARTESIAN_POINT('',(2.978693528245,10.008593239582));
#1441 = CARTESIAN_POINT('',(3.019181675944,10.004326206886));
#1442 = CARTESIAN_POINT('',(3.059895977259,10.001442674117));
#1443 = CARTESIAN_POINT('',(3.100734075495,10.));
#1444 = CARTESIAN_POINT('',(3.20236756575,10.));
#1445 = CARTESIAN_POINT('',(3.263004330774,10.003192261939));
#1446 = CARTESIAN_POINT('',(3.323231179305,10.009549945559));
#1447 = CARTESIAN_POINT('',(3.382779505027,10.018809861361));
#1448 = CARTESIAN_POINT('',(3.441352187502,10.030489810883));
#1449 = CARTESIAN_POINT('',(3.535539639198,10.052725128202));
#1450 = CARTESIAN_POINT('',(3.571988969717,10.062224725102));
#1451 = CARTESIAN_POINT('',(3.607942418923,10.072371826303));
#1452 = CARTESIAN_POINT('',(3.643398422209,10.083034320224));
#1453 = CARTESIAN_POINT('',(3.678351300319,10.094082229568));
#1454 = CARTESIAN_POINT('',(3.757580282574,10.12010101745));
#1455 = CARTESIAN_POINT('',(3.801515562501,10.135257683695));
#1456 = CARTESIAN_POINT('',(3.84465743926,10.150618428835));
#1457 = CARTESIAN_POINT('',(3.88705906009,10.165968667931));
#1458 = CARTESIAN_POINT('',(3.928768482152,10.181123003832));
#1459 = CARTESIAN_POINT('',(4.032331237099,10.218455267363));
#1460 = CARTESIAN_POINT('',(4.093360408629,10.240179246688));
#1461 = CARTESIAN_POINT('',(4.153134992246,10.260565587601));
#1462 = CARTESIAN_POINT('',(4.21184926655,10.279226653683));
#1463 = CARTESIAN_POINT('',(4.269686409829,10.295883781677));
#1464 = CARTESIAN_POINT('',(4.392599247279,10.32696214015));
#1465 = CARTESIAN_POINT('',(4.457447687314,10.340665959875));
#1466 = CARTESIAN_POINT('',(4.521624719862,10.351125567856));
#1467 = CARTESIAN_POINT('',(4.585357168856,10.358158793892));
#1468 = CARTESIAN_POINT('',(4.648869030455,10.361676306556));
#1469 = CARTESIAN_POINT('',(4.775909508874,10.361676306556));
#1470 = CARTESIAN_POINT('',(4.839421385978,10.358158727387));
#1471 = CARTESIAN_POINT('',(4.903153496301,10.351125497005));
#1472 = CARTESIAN_POINT('',(4.967330153138,10.3406659658));
#1473 = CARTESIAN_POINT('',(5.032178420766,10.326962214165));
#1474 = CARTESIAN_POINT('',(5.15509154662,10.29588378277));
#1475 = CARTESIAN_POINT('',(5.212928701488,10.279226651466));
#1476 = CARTESIAN_POINT('',(5.271642968303,10.260565587897));
#1477 = CARTESIAN_POINT('',(5.331417544766,10.240179249047));
#1478 = CARTESIAN_POINT('',(5.392446728462,10.218455265636));
#1479 = CARTESIAN_POINT('',(5.496009479307,10.181123003584));
#1480 = CARTESIAN_POINT('',(5.537718899523,10.165968668333));
#1481 = CARTESIAN_POINT('',(5.580120521543,10.150618428834));
#1482 = CARTESIAN_POINT('',(5.623262399441,10.135257683292));
#1483 = CARTESIAN_POINT('',(5.667197677434,10.1201010177));
#1484 = CARTESIAN_POINT('',(5.74642666045,10.094082229568));
#1485 = CARTESIAN_POINT('',(5.78137953856,10.083034320224));
#1486 = CARTESIAN_POINT('',(5.816835541847,10.072371826303));
#1487 = CARTESIAN_POINT('',(5.852788991052,10.062224725102));
#1488 = CARTESIAN_POINT('',(5.889238321571,10.052725128202));
#1489 = CARTESIAN_POINT('',(5.9834199525,10.030491185022));
#1490 = CARTESIAN_POINT('',(6.041995490811,10.018810129517));
#1491 = CARTESIAN_POINT('',(6.101550177761,10.009548925618));
#1492 = CARTESIAN_POINT('',(6.161782480207,10.003191299909));
#1493 = CARTESIAN_POINT('',(6.222419613226,10.));
#1494 = CARTESIAN_POINT('',(6.28318530718,10.));
#1495 = ( GEOMETRIC_REPRESENTATION_CONTEXT(2) 
PARAMETRIC_REPRESENTATION_CONTEXT() REPRESENTATION_CONTEXT('2D SPACE',''
  ) );
#1496 = ADVANCED_FACE('',(#1497),#160,.F.);
#1497 = FACE_BOUND('',#1498,.F.);
#1498 = EDGE_LOOP('',(#1499,#1500,#1523,#1698,#1866,#1867));
#1499 = ORIENTED_EDGE('',*,*,#39,.F.);
#1500 = ORIENTED_EDGE('',*,*,#1501,.F.);
#1501 = EDGE_CURVE('',#1502,#40,#1504,.T.);
#1502 = VERTEX_POINT('',#1503);
#1503 = CARTESIAN_POINT('',(31.,-3.122849337826E-15,475.5));
#1504 = SEAM_CURVE('',#1505,(#1509,#1516),.PCURVE_S1.);
#1505 = LINE('',#1506,#1507);
#1506 = CARTESIAN_POINT('',(-52.,1.347111479062E-15,475.5));
#1507 = VECTOR('',#1508,1.);
#1508 = DIRECTION('',(1.,0.,0.));
#1509 = PCURVE('',#160,#1510);
#1510 = DEFINITIONAL_REPRESENTATION('',(#1511),#1515);
#1511 = LINE('',#1512,#1513);
#1512 = CARTESIAN_POINT('',(6.28318530718,-0.));
#1513 = VECTOR('',#1514,1.);
#1514 = DIRECTION('',(0.,1.));
#1515 = ( GEOMETRIC_REPRESENTATION_CONTEXT(2) 
PARAMETRIC_REPRESENTATION_CONTEXT() REPRESENTATION_CONTEXT('2D SPACE',''
  ) );
#1516 = PCURVE('',#160,#1517);
#1517 = DEFINITIONAL_REPRESENTATION('',(#1518),#1522);
#1518 = LINE('',#1519,#1520);
#1519 = CARTESIAN_POINT('',(0.,-0.));
#1520 = VECTOR('',#1521,1.);
#1521 = DIRECTION('',(0.,1.));
#1522 = ( GEOMETRIC_REPRESENTATION_CONTEXT(2) 
PARAMETRIC_REPRESENTATION_CONTEXT() REPRESENTATION_CONTEXT('2D SPACE',''
  ) );
#1523 = ORIENTED_EDGE('',*,*,#1524,.T.);
#1524 = EDGE_CURVE('',#1502,#1525,#1527,.T.);
#1525 = VERTEX_POINT('',#1526);
#1526 = CARTESIAN_POINT('',(31.,-7.592810154714E-15,464.5));
#1527 = SURFACE_CURVE('',#1528,(#1581,#1637),.PCURVE_S1.);
#1528 = B_SPLINE_CURVE_WITH_KNOTS('',6,(#1529,#1530,#1531,#1532,#1533,
    #1534,#1535,#1536,#1537,#1538,#1539,#1540,#1541,#1542,#1543,#1544,
    #1545,#1546,#1547,#1548,#1549,#1550,#1551,#1552,#1553,#1554,#1555,
    #1556,#1557,#1558,#1559,#1560,#1561,#1562,#1563,#1564,#1565,#1566,
    #1567,#1568,#1569,#1570,#1571,#1572,#1573,#1574,#1575,#1576,#1577,
    #1578,#1579,#1580),.UNSPECIFIED.,.F.,.F.,(7,5,5,5,5,5,5,5,5,5,7),(0.
    ,9.153264441747E-02,0.152956736185,0.232867425801,0.354559968965,
    0.499999346177,0.645440174504,0.767133234559,0.847044264945,
    0.908468617601,1.),.UNSPECIFIED.);
#1529 = CARTESIAN_POINT('',(31.,-3.552713678801E-15,475.5));
#1530 = CARTESIAN_POINT('',(31.,-0.32052656456,475.5));
#1531 = CARTESIAN_POINT('',(30.996023122921,-0.640387719078,
    475.47758451315));
#1532 = CARTESIAN_POINT('',(30.988099994227,-0.956248470195,
    475.43292858188));
#1533 = CARTESIAN_POINT('',(30.976534605865,-1.264828610205,
    475.36707401717));
#1534 = CARTESIAN_POINT('',(30.961887191309,-1.563065644381,
    475.28190530272));
#1535 = CARTESIAN_POINT('',(30.933421045264,-2.039662622187,
    475.11185584298));
#1536 = CARTESIAN_POINT('',(30.920898555176,-2.225453766577,
    475.03599984345));
#1537 = CARTESIAN_POINT('',(30.907457615432,-2.405335188172,
    474.95316863442));
#1538 = CARTESIAN_POINT('',(30.893275623915,-2.579045665469,
    474.86396339816));
#1539 = CARTESIAN_POINT('',(30.878528415052,-2.746372553125,
    474.76899465861));
#1540 = CARTESIAN_POINT('',(30.843681518937,-3.116319929729,
    474.53864124915));
#1541 = CARTESIAN_POINT('',(30.823300069815,-3.3144758632,
    474.39965160688));
#1542 = CARTESIAN_POINT('',(30.802571002319,-3.501652230066,
    474.25301555831));
#1543 = CARTESIAN_POINT('',(30.781787683144,-3.677951822631,
    474.09970808798));
#1544 = CARTESIAN_POINT('',(30.761205158405,-3.843526842155,
    473.94059402666));
#1545 = CARTESIAN_POINT('',(30.710330999191,-4.234648954032,
    473.52646782171));
#1546 = CARTESIAN_POINT('',(30.68057529423,-4.446400515743,
    473.26469448963));
#1547 = CARTESIAN_POINT('',(30.65251041199,-4.634644625355,
    472.99357502256));
#1548 = CARTESIAN_POINT('',(30.626682080463,-4.800216584767,
    472.71499487013));
#1549 = CARTESIAN_POINT('',(30.603488998498,-4.943868106952,
    472.43041048735));
#1550 = CARTESIAN_POINT('',(30.559012750901,-5.212359788009,
    471.79508289843));
#1551 = CARTESIAN_POINT('',(30.538986129788,-5.328054962323,
    471.44227708963));
#1552 = CARTESIAN_POINT('',(30.523666205959,-5.414185268236,
    471.0847359276));
#1553 = CARTESIAN_POINT('',(30.513353516318,-5.47138948982,
    470.72418601422));
#1554 = CARTESIAN_POINT('',(30.508195620194,-5.5,470.36212017598));
#1555 = CARTESIAN_POINT('',(30.508195620194,-5.5,469.63787621098));
#1556 = CARTESIAN_POINT('',(30.513353623527,-5.471388901026,
    469.27581013472));
#1557 = CARTESIAN_POINT('',(30.523666328463,-5.414184582442,
    468.91526239122));
#1558 = CARTESIAN_POINT('',(30.538986119671,-5.328054968947,
    468.55772385262));
#1559 = CARTESIAN_POINT('',(30.559012612152,-5.212360625605,
    468.20491908356));
#1560 = CARTESIAN_POINT('',(30.603488998498,-4.943868106952,
    467.56958951264));
#1561 = CARTESIAN_POINT('',(30.626682080463,-4.800216584767,
    467.28500512986));
#1562 = CARTESIAN_POINT('',(30.65251041199,-4.634644625355,
    467.00642497743));
#1563 = CARTESIAN_POINT('',(30.68057529423,-4.446400515743,
    466.73530551036));
#1564 = CARTESIAN_POINT('',(30.710330999191,-4.234648954032,
    466.47353217828));
#1565 = CARTESIAN_POINT('',(30.761205158745,-3.84352683954,
    466.05940597056));
#1566 = CARTESIAN_POINT('',(30.781787682598,-3.677951827492,
    465.90029191608));
#1567 = CARTESIAN_POINT('',(30.802571002317,-3.501652229624,
    465.74698444194));
#1568 = CARTESIAN_POINT('',(30.823300070361,-3.314475858129,
    465.60034838916));
#1569 = CARTESIAN_POINT('',(30.843681518601,-3.116319933294,
    465.46135875306));
#1570 = CARTESIAN_POINT('',(30.878528415052,-2.746372553126,
    465.23100534138));
#1571 = CARTESIAN_POINT('',(30.893275623915,-2.579045665469,
    465.13603660183));
#1572 = CARTESIAN_POINT('',(30.907457615432,-2.405335188172,
    465.04683136557));
#1573 = CARTESIAN_POINT('',(30.920898555176,-2.225453766577,
    464.96400015654));
#1574 = CARTESIAN_POINT('',(30.933421045264,-2.039662622187,
    464.88814415701));
#1575 = CARTESIAN_POINT('',(30.961886884089,-1.563070788042,
    464.71809653252));
#1576 = CARTESIAN_POINT('',(30.976534517594,-1.264831990366,
    464.6329264196));
#1577 = CARTESIAN_POINT('',(30.988100227427,-0.956245671413,
    464.56707009691));
#1578 = CARTESIAN_POINT('',(30.996023382745,-0.640378492493,
    464.52241402175));
#1579 = CARTESIAN_POINT('',(31.,-0.320516080778,464.5));
#1580 = CARTESIAN_POINT('',(31.,-2.6645352591E-15,464.5));
#1581 = PCURVE('',#160,#1582);
#1582 = DEFINITIONAL_REPRESENTATION('',(#1583),#1636);
#1583 = B_SPLINE_CURVE_WITH_KNOTS('',6,(#1584,#1585,#1586,#1587,#1588,
    #1589,#1590,#1591,#1592,#1593,#1594,#1595,#1596,#1597,#1598,#1599,
    #1600,#1601,#1602,#1603,#1604,#1605,#1606,#1607,#1608,#1609,#1610,
    #1611,#1612,#1613,#1614,#1615,#1616,#1617,#1618,#1619,#1620,#1621,
    #1622,#1623,#1624,#1625,#1626,#1627,#1628,#1629,#1630,#1631,#1632,
    #1633,#1634,#1635),.UNSPECIFIED.,.F.,.F.,(7,5,5,5,5,5,5,5,5,5,7),(0.
    ,9.153264441747E-02,0.152956736185,0.232867425801,0.354559968965,
    0.499999346177,0.645440174504,0.767133234559,0.847044264945,
    0.908468617601,1.),.UNSPECIFIED.);
#1584 = CARTESIAN_POINT('',(0.,83.));
#1585 = CARTESIAN_POINT('',(5.827755719278E-02,83.));
#1586 = CARTESIAN_POINT('',(0.116434125542,82.996023122921));
#1587 = CARTESIAN_POINT('',(0.174219651406,82.988099994227));
#1588 = CARTESIAN_POINT('',(0.231386428543,82.976534605865));
#1589 = CARTESIAN_POINT('',(0.287661652238,82.961887191309));
#1590 = CARTESIAN_POINT('',(0.379666233154,82.933421045264));
#1591 = CARTESIAN_POINT('',(0.416116736211,82.920898555176));
#1592 = CARTESIAN_POINT('',(0.452072157313,82.907457615432));
#1593 = CARTESIAN_POINT('',(0.487529727596,82.893275623915));
#1594 = CARTESIAN_POINT('',(0.522482384696,82.878528415052));
#1595 = CARTESIAN_POINT('',(0.601719189465,82.843681518937));
#1596 = CARTESIAN_POINT('',(0.645660764188,82.823300069815));
#1597 = CARTESIAN_POINT('',(0.688804190256,82.802571002319));
#1598 = CARTESIAN_POINT('',(0.731203062135,82.781787683144));
#1599 = CARTESIAN_POINT('',(0.772905874537,82.761205158405));
#1600 = CARTESIAN_POINT('',(0.876474755282,82.710330999191));
#1601 = CARTESIAN_POINT('',(0.937512617866,82.68057529423));
#1602 = CARTESIAN_POINT('',(0.997289479222,82.65251041199));
#1603 = CARTESIAN_POINT('',(1.056000275082,82.626682080463));
#1604 = CARTESIAN_POINT('',(1.113828439417,82.603488998498));
#1605 = CARTESIAN_POINT('',(1.239234085756,82.559012750901));
#1606 = CARTESIAN_POINT('',(1.306509493396,82.538986129788));
#1607 = CARTESIAN_POINT('',(1.373058067152,82.523666205959));
#1608 = CARTESIAN_POINT('',(1.439126094966,82.513353516318));
#1609 = CARTESIAN_POINT('',(1.504956294798,82.508195620194));
#1610 = CARTESIAN_POINT('',(1.636637015707,82.508195620194));
#1611 = CARTESIAN_POINT('',(1.702467265406,82.513353623527));
#1612 = CARTESIAN_POINT('',(1.768534898955,82.523666328463));
#1613 = CARTESIAN_POINT('',(1.835083005229,82.53898611967));
#1614 = CARTESIAN_POINT('',(1.902358176614,82.559012612152));
#1615 = CARTESIAN_POINT('',(2.027764214173,82.603488998498));
#1616 = CARTESIAN_POINT('',(2.085592378508,82.626682080463));
#1617 = CARTESIAN_POINT('',(2.144303174368,82.65251041199));
#1618 = CARTESIAN_POINT('',(2.204080035724,82.68057529423));
#1619 = CARTESIAN_POINT('',(2.265117898308,82.710330999191));
#1620 = CARTESIAN_POINT('',(2.368686779745,82.761205158745));
#1621 = CARTESIAN_POINT('',(2.410389590294,82.781787682598));
#1622 = CARTESIAN_POINT('',(2.452788463367,82.802571002317));
#1623 = CARTESIAN_POINT('',(2.495931890579,82.823300070361));
#1624 = CARTESIAN_POINT('',(2.539873463361,82.843681518601));
#1625 = CARTESIAN_POINT('',(2.619110268893,82.878528415052));
#1626 = CARTESIAN_POINT('',(2.654062925994,82.893275623915));
#1627 = CARTESIAN_POINT('',(2.689520496277,82.907457615432));
#1628 = CARTESIAN_POINT('',(2.725475917379,82.920898555176));
#1629 = CARTESIAN_POINT('',(2.761926420436,82.933421045264));
#1630 = CARTESIAN_POINT('',(2.853930008394,82.961886884089));
#1631 = CARTESIAN_POINT('',(2.910205619414,82.976534517594));
#1632 = CARTESIAN_POINT('',(2.967373546167,82.988100227427));
#1633 = CARTESIAN_POINT('',(3.025160205521,82.996023382745));
#1634 = CARTESIAN_POINT('',(3.083317002539,83.));
#1635 = CARTESIAN_POINT('',(3.14159265359,83.));
#1636 = ( GEOMETRIC_REPRESENTATION_CONTEXT(2) 
PARAMETRIC_REPRESENTATION_CONTEXT() REPRESENTATION_CONTEXT('2D SPACE',''
  ) );
#1637 = PCURVE('',#1638,#1643);
#1638 = CYLINDRICAL_SURFACE('',#1639,31.);
#1639 = AXIS2_PLACEMENT_3D('',#1640,#1641,#1642);
#1640 = CARTESIAN_POINT('',(0.,0.,380.));
#1641 = DIRECTION('',(0.,0.,1.));
#1642 = DIRECTION('',(1.,0.,0.));
#1643 = DEFINITIONAL_REPRESENTATION('',(#1644),#1697);
#1644 = B_SPLINE_CURVE_WITH_KNOTS('',6,(#1645,#1646,#1647,#1648,#1649,
    #1650,#1651,#1652,#1653,#1654,#1655,#1656,#1657,#1658,#1659,#1660,
    #1661,#1662,#1663,#1664,#1665,#1666,#1667,#1668,#1669,#1670,#1671,
    #1672,#1673,#1674,#1675,#1676,#1677,#1678,#1679,#1680,#1681,#1682,
    #1683,#1684,#1685,#1686,#1687,#1688,#1689,#1690,#1691,#1692,#1693,
    #1694,#1695,#1696),.UNSPECIFIED.,.F.,.F.,(7,5,5,5,5,5,5,5,5,5,7),(0.
    ,9.153264441747E-02,0.152956736185,0.232867425801,0.354559968965,
    0.499999346177,0.645440174504,0.767133234559,0.847044264945,
    0.908468617601,1.),.UNSPECIFIED.);
#1645 = CARTESIAN_POINT('',(6.28318530718,95.5));
#1646 = CARTESIAN_POINT('',(6.272845740581,95.5));
#1647 = CARTESIAN_POINT('',(6.26252763794,95.477584513157));
#1648 = CARTESIAN_POINT('',(6.252336596249,95.43292858188));
#1649 = CARTESIAN_POINT('',(6.242376457689,95.367074017176));
#1650 = CARTESIAN_POINT('',(6.23274485076,95.281905302726));
#1651 = CARTESIAN_POINT('',(6.217343356153,95.111855842981));
#1652 = CARTESIAN_POINT('',(6.211336671287,95.035999843457));
#1653 = CARTESIAN_POINT('',(6.205518089774,94.953168634422));
#1654 = CARTESIAN_POINT('',(6.199896064854,94.863963398161));
#1655 = CARTESIAN_POINT('',(6.194477597939,94.768994658617));
#1656 = CARTESIAN_POINT('',(6.182490986972,94.538641249153));
#1657 = CARTESIAN_POINT('',(6.176065373076,94.399651606883));
#1658 = CARTESIAN_POINT('',(6.169990767227,94.253015558314));
#1659 = CARTESIAN_POINT('',(6.16426448333,94.099708087982));
#1660 = CARTESIAN_POINT('',(6.158882330966,93.940594026665));
#1661 = CARTESIAN_POINT('',(6.146159205345,93.526467821717));
#1662 = CARTESIAN_POINT('',(6.139261755409,93.264694489634));
#1663 = CARTESIAN_POINT('',(6.133122521045,92.993575022563));
#1664 = CARTESIAN_POINT('',(6.127717003318,92.714994870131));
#1665 = CARTESIAN_POINT('',(6.123023120211,92.430410487353));
#1666 = CARTESIAN_POINT('',(6.114244070357,91.795082898431));
#1667 = CARTESIAN_POINT('',(6.110456566991,91.442277089632));
#1668 = CARTESIAN_POINT('',(6.107634565811,91.084735927607));
#1669 = CARTESIAN_POINT('',(6.105759523106,90.724186014223));
#1670 = CARTESIAN_POINT('',(6.10482172525,90.362120175982));
#1671 = CARTESIAN_POINT('',(6.10482172525,89.637876210982));
#1672 = CARTESIAN_POINT('',(6.105759542452,89.275810134727));
#1673 = CARTESIAN_POINT('',(6.107634588228,88.915262391229));
#1674 = CARTESIAN_POINT('',(6.11045656675,88.557723852626));
#1675 = CARTESIAN_POINT('',(6.11424404297,88.20491908356));
#1676 = CARTESIAN_POINT('',(6.123023120211,87.569589512647));
#1677 = CARTESIAN_POINT('',(6.127717003318,87.285005129869));
#1678 = CARTESIAN_POINT('',(6.133122521045,87.006424977437));
#1679 = CARTESIAN_POINT('',(6.139261755409,86.735305510366));
#1680 = CARTESIAN_POINT('',(6.146159205345,86.473532178283));
#1681 = CARTESIAN_POINT('',(6.158882331051,86.059405970566));
#1682 = CARTESIAN_POINT('',(6.164264483172,85.900291916089));
#1683 = CARTESIAN_POINT('',(6.169990767241,85.74698444194));
#1684 = CARTESIAN_POINT('',(6.17606537324,85.600348389164));
#1685 = CARTESIAN_POINT('',(6.182490986857,85.461358753067));
#1686 = CARTESIAN_POINT('',(6.194477597939,85.231005341384));
#1687 = CARTESIAN_POINT('',(6.199896064854,85.136036601839));
#1688 = CARTESIAN_POINT('',(6.205518089774,85.046831365578));
#1689 = CARTESIAN_POINT('',(6.211336671287,84.964000156543));
#1690 = CARTESIAN_POINT('',(6.217343356153,84.888144157019));
#1691 = CARTESIAN_POINT('',(6.23274468454,84.718096532529));
#1692 = CARTESIAN_POINT('',(6.242376348684,84.632926419605));
#1693 = CARTESIAN_POINT('',(6.252336686723,84.567070096914));
#1694 = CARTESIAN_POINT('',(6.262527935579,84.522414021756));
#1695 = CARTESIAN_POINT('',(6.272846078767,84.5));
#1696 = CARTESIAN_POINT('',(6.28318530718,84.5));
#1697 = ( GEOMETRIC_REPRESENTATION_CONTEXT(2) 
PARAMETRIC_REPRESENTATION_CONTEXT() REPRESENTATION_CONTEXT('2D SPACE',''
  ) );
#1698 = ORIENTED_EDGE('',*,*,#1699,.T.);
#1699 = EDGE_CURVE('',#1525,#1502,#1700,.T.);
#1700 = SURFACE_CURVE('',#1701,(#1754,#1810),.PCURVE_S1.);
#1701 = B_SPLINE_CURVE_WITH_KNOTS('',6,(#1702,#1703,#1704,#1705,#1706,
    #1707,#1708,#1709,#1710,#1711,#1712,#1713,#1714,#1715,#1716,#1717,
    #1718,#1719,#1720,#1721,#1722,#1723,#1724,#1725,#1726,#1727,#1728,
    #1729,#1730,#1731,#1732,#1733,#1734,#1735,#1736,#1737,#1738,#1739,
    #1740,#1741,#1742,#1743,#1744,#1745,#1746,#1747,#1748,#1749,#1750,
    #1751,#1752,#1753),.UNSPECIFIED.,.F.,.F.,(7,5,5,5,5,5,5,5,5,5,7),(0.
    ,9.153327670846E-02,0.152957792798,0.232869034443,0.354562418268,
    0.500002800169,0.645444633208,0.767138533924,0.847050114993,
    0.908474891985,1.),.UNSPECIFIED.);
#1702 = CARTESIAN_POINT('',(31.,8.844674573222E-16,464.5));
#1703 = CARTESIAN_POINT('',(31.,0.320526564647,464.5));
#1704 = CARTESIAN_POINT('',(30.996023122919,0.640387719055,
    464.52241548685));
#1705 = CARTESIAN_POINT('',(30.98809999423,0.956248470111,464.5670714181
    ));
#1706 = CARTESIAN_POINT('',(30.976534605869,1.264828610183,
    464.6329259828));
#1707 = CARTESIAN_POINT('',(30.961887191304,1.563065644462,
    464.7180946973));
#1708 = CARTESIAN_POINT('',(30.933421045264,2.039662622183,
    464.88814415701));
#1709 = CARTESIAN_POINT('',(30.920898555176,2.225453766578,
    464.96400015654));
#1710 = CARTESIAN_POINT('',(30.907457615431,2.405335188176,
    465.04683136558));
#1711 = CARTESIAN_POINT('',(30.893275623915,2.579045665469,
    465.13603660184));
#1712 = CARTESIAN_POINT('',(30.878528415052,2.746372553122,
    465.23100534138));
#1713 = CARTESIAN_POINT('',(30.843681518937,3.116319929729,
    465.46135875084));
#1714 = CARTESIAN_POINT('',(30.823300069815,3.314475863199,
    465.60034839311));
#1715 = CARTESIAN_POINT('',(30.802571002319,3.501652230065,
    465.74698444168));
#1716 = CARTESIAN_POINT('',(30.781787683144,3.677951822631,
    465.90029191201));
#1717 = CARTESIAN_POINT('',(30.761205158405,3.843526842155,
    466.05940597333));
#1718 = CARTESIAN_POINT('',(30.710330999191,4.234648954032,
    466.47353217828));
#1719 = CARTESIAN_POINT('',(30.68057529423,4.446400515743,
    466.73530551036));
#1720 = CARTESIAN_POINT('',(30.65251041199,4.634644625355,
    467.00642497743));
#1721 = CARTESIAN_POINT('',(30.626682080463,4.800216584768,
    467.28500512986));
#1722 = CARTESIAN_POINT('',(30.603488998498,4.943868106952,
    467.56958951264));
#1723 = CARTESIAN_POINT('',(30.559012750904,5.212359787991,
    468.20491710152));
#1724 = CARTESIAN_POINT('',(30.538986129782,5.328054962356,
    468.55772291043));
#1725 = CARTESIAN_POINT('',(30.523666205963,5.414185268212,
    468.91526407239));
#1726 = CARTESIAN_POINT('',(30.513353516317,5.471389489825,
    469.27581398571));
#1727 = CARTESIAN_POINT('',(30.508195620194,5.5,469.63787982405));
#1728 = CARTESIAN_POINT('',(30.508195620194,5.5,470.36212378901));
#1729 = CARTESIAN_POINT('',(30.513353623527,5.471388901026,
    470.72418986527));
#1730 = CARTESIAN_POINT('',(30.523666328463,5.414184582443,
    471.08473760877));
#1731 = CARTESIAN_POINT('',(30.538986119671,5.328054968947,
    471.44227614737));
#1732 = CARTESIAN_POINT('',(30.559012612152,5.212360625605,
    471.79508091644));
#1733 = CARTESIAN_POINT('',(30.603488998498,4.943868106952,
    472.43041048735));
#1734 = CARTESIAN_POINT('',(30.626682080463,4.800216584767,
    472.71499487013));
#1735 = CARTESIAN_POINT('',(30.65251041199,4.634644625355,
    472.99357502256));
#1736 = CARTESIAN_POINT('',(30.68057529423,4.446400515743,
    473.26469448963));
#1737 = CARTESIAN_POINT('',(30.710330999191,4.234648954032,
    473.52646782171));
#1738 = CARTESIAN_POINT('',(30.761205158405,3.843526842153,
    473.94059402666));
#1739 = CARTESIAN_POINT('',(30.781787683144,3.677951822631,
    474.09970808798));
#1740 = CARTESIAN_POINT('',(30.802571002319,3.501652230068,
    474.25301555831));
#1741 = CARTESIAN_POINT('',(30.823300069815,3.314475863201,
    474.39965160688));
#1742 = CARTESIAN_POINT('',(30.843681518937,3.116319929727,
    474.53864124915));
#1743 = CARTESIAN_POINT('',(30.878528415052,2.746372553123,
    474.76899465861));
#1744 = CARTESIAN_POINT('',(30.893275623915,2.579045665469,
    474.86396339816));
#1745 = CARTESIAN_POINT('',(30.907457615431,2.405335188176,
    474.95316863442));
#1746 = CARTESIAN_POINT('',(30.920898555176,2.225453766578,
    475.03599984345));
#1747 = CARTESIAN_POINT('',(30.933421045264,2.039662622183,
    475.11185584298));
#1748 = CARTESIAN_POINT('',(30.961885598724,1.563092308374,
    475.28189578903));
#1749 = CARTESIAN_POINT('',(30.976534325659,1.264843139181,
    475.36707281343));
#1750 = CARTESIAN_POINT('',(30.988101187881,0.956232177046,
    475.43293526377));
#1751 = CARTESIAN_POINT('',(30.996024238558,0.640344033594,
    475.4775908425));
#1752 = CARTESIAN_POINT('',(31.,0.320481373282,475.5));
#1753 = CARTESIAN_POINT('',(31.,6.73555739531E-16,475.5));
#1754 = PCURVE('',#160,#1755);
#1755 = DEFINITIONAL_REPRESENTATION('',(#1756),#1809);
#1756 = B_SPLINE_CURVE_WITH_KNOTS('',6,(#1757,#1758,#1759,#1760,#1761,
    #1762,#1763,#1764,#1765,#1766,#1767,#1768,#1769,#1770,#1771,#1772,
    #1773,#1774,#1775,#1776,#1777,#1778,#1779,#1780,#1781,#1782,#1783,
    #1784,#1785,#1786,#1787,#1788,#1789,#1790,#1791,#1792,#1793,#1794,
    #1795,#1796,#1797,#1798,#1799,#1800,#1801,#1802,#1803,#1804,#1805,
    #1806,#1807,#1808),.UNSPECIFIED.,.F.,.F.,(7,5,5,5,5,5,5,5,5,5,7),(0.
    ,9.153327670846E-02,0.152957792798,0.232869034443,0.354562418268,
    0.500002800169,0.645444633208,0.767138533924,0.847050114993,
    0.908474891985,1.),.UNSPECIFIED.);
#1757 = CARTESIAN_POINT('',(3.14159265359,83.));
#1758 = CARTESIAN_POINT('',(3.199870210798,83.));
#1759 = CARTESIAN_POINT('',(3.258026779127,82.996023122919));
#1760 = CARTESIAN_POINT('',(3.31581230498,82.98809999423));
#1761 = CARTESIAN_POINT('',(3.372979082128,82.976534605869));
#1762 = CARTESIAN_POINT('',(3.429254305844,82.961887191304));
#1763 = CARTESIAN_POINT('',(3.521258886743,82.933421045264));
#1764 = CARTESIAN_POINT('',(3.557709389801,82.920898555175));
#1765 = CARTESIAN_POINT('',(3.593664810903,82.907457615431));
#1766 = CARTESIAN_POINT('',(3.629122381186,82.893275623915));
#1767 = CARTESIAN_POINT('',(3.664075038285,82.878528415052));
#1768 = CARTESIAN_POINT('',(3.743311843055,82.843681518937));
#1769 = CARTESIAN_POINT('',(3.787253417777,82.823300069815));
#1770 = CARTESIAN_POINT('',(3.830396843845,82.802571002319));
#1771 = CARTESIAN_POINT('',(3.872795715725,82.781787683144));
#1772 = CARTESIAN_POINT('',(3.914498528127,82.761205158405));
#1773 = CARTESIAN_POINT('',(4.018067408871,82.710330999191));
#1774 = CARTESIAN_POINT('',(4.079105271456,82.68057529423));
#1775 = CARTESIAN_POINT('',(4.138882132812,82.65251041199));
#1776 = CARTESIAN_POINT('',(4.197592928672,82.626682080463));
#1777 = CARTESIAN_POINT('',(4.255421093007,82.603488998498));
#1778 = CARTESIAN_POINT('',(4.380826739337,82.559012750904));
#1779 = CARTESIAN_POINT('',(4.448102146998,82.538986129782));
#1780 = CARTESIAN_POINT('',(4.514650720742,82.523666205962));
#1781 = CARTESIAN_POINT('',(4.580718748545,82.513353516317));
#1782 = CARTESIAN_POINT('',(4.646548948394,82.508195620194));
#1783 = CARTESIAN_POINT('',(4.778229669297,82.508195620194));
#1784 = CARTESIAN_POINT('',(4.844059918996,82.513353623527));
#1785 = CARTESIAN_POINT('',(4.910127552544,82.523666328463));
#1786 = CARTESIAN_POINT('',(4.976675658819,82.538986119671));
#1787 = CARTESIAN_POINT('',(5.043950830204,82.559012612152));
#1788 = CARTESIAN_POINT('',(5.169356867763,82.603488998498));
#1789 = CARTESIAN_POINT('',(5.227185032097,82.626682080463));
#1790 = CARTESIAN_POINT('',(5.285895827958,82.65251041199));
#1791 = CARTESIAN_POINT('',(5.345672689313,82.68057529423));
#1792 = CARTESIAN_POINT('',(5.406710551898,82.710330999191));
#1793 = CARTESIAN_POINT('',(5.510279432643,82.761205158405));
#1794 = CARTESIAN_POINT('',(5.551982245045,82.781787683144));
#1795 = CARTESIAN_POINT('',(5.594381116923,82.802571002319));
#1796 = CARTESIAN_POINT('',(5.637524542992,82.823300069815));
#1797 = CARTESIAN_POINT('',(5.681466117715,82.843681518937));
#1798 = CARTESIAN_POINT('',(5.760702922484,82.878528415052));
#1799 = CARTESIAN_POINT('',(5.795655579584,82.893275623915));
#1800 = CARTESIAN_POINT('',(5.831113149866,82.907457615431));
#1801 = CARTESIAN_POINT('',(5.867068570969,82.920898555175));
#1802 = CARTESIAN_POINT('',(5.903519074026,82.933421045264));
#1803 = CARTESIAN_POINT('',(5.995518507595,82.961885598724));
#1804 = CARTESIAN_POINT('',(6.051796316715,82.976534325659));
#1805 = CARTESIAN_POINT('',(6.108968770234,82.988101187881));
#1806 = CARTESIAN_POINT('',(6.166759123824,82.996024238558));
#1807 = CARTESIAN_POINT('',(6.224915966583,83.));
#1808 = CARTESIAN_POINT('',(6.28318530718,83.));
#1809 = ( GEOMETRIC_REPRESENTATION_CONTEXT(2) 
PARAMETRIC_REPRESENTATION_CONTEXT() REPRESENTATION_CONTEXT('2D SPACE',''
  ) );
#1810 = PCURVE('',#1638,#1811);
#1811 = DEFINITIONAL_REPRESENTATION('',(#1812),#1865);
#1812 = B_SPLINE_CURVE_WITH_KNOTS('',6,(#1813,#1814,#1815,#1816,#1817,
    #1818,#1819,#1820,#1821,#1822,#1823,#1824,#1825,#1826,#1827,#1828,
    #1829,#1830,#1831,#1832,#1833,#1834,#1835,#1836,#1837,#1838,#1839,
    #1840,#1841,#1842,#1843,#1844,#1845,#1846,#1847,#1848,#1849,#1850,
    #1851,#1852,#1853,#1854,#1855,#1856,#1857,#1858,#1859,#1860,#1861,
    #1862,#1863,#1864),.UNSPECIFIED.,.F.,.F.,(7,5,5,5,5,5,5,5,5,5,7),(0.
    ,9.153327670846E-02,0.152957792798,0.232869034443,0.354562418268,
    0.500002800169,0.645444633208,0.767138533924,0.847050114993,
    0.908474891985,1.),.UNSPECIFIED.);
#1813 = CARTESIAN_POINT('',(0.,84.5));
#1814 = CARTESIAN_POINT('',(1.03395666015E-02,84.5));
#1815 = CARTESIAN_POINT('',(2.065766923857E-02,84.522415486855));
#1816 = CARTESIAN_POINT('',(3.084871092772E-02,84.567071418105));
#1817 = CARTESIAN_POINT('',(4.080884949014E-02,84.632925982804));
#1818 = CARTESIAN_POINT('',(5.044045642227E-02,84.718094697303));
#1819 = CARTESIAN_POINT('',(6.584195102666E-02,84.888144157017));
#1820 = CARTESIAN_POINT('',(7.184863589219E-02,84.964000156543));
#1821 = CARTESIAN_POINT('',(7.766721740585E-02,85.04683136558));
#1822 = CARTESIAN_POINT('',(8.328924232526E-02,85.13603660184));
#1823 = CARTESIAN_POINT('',(8.870770924006E-02,85.231005341382));
#1824 = CARTESIAN_POINT('',(0.100694320207,85.461358750848));
#1825 = CARTESIAN_POINT('',(0.107119934104,85.600348393117));
#1826 = CARTESIAN_POINT('',(0.113194539953,85.746984441686));
#1827 = CARTESIAN_POINT('',(0.118920823849,85.900291912018));
#1828 = CARTESIAN_POINT('',(0.124302976214,86.059405973336));
#1829 = CARTESIAN_POINT('',(0.137026101835,86.473532178283));
#1830 = CARTESIAN_POINT('',(0.143923551771,86.735305510366));
#1831 = CARTESIAN_POINT('',(0.150062786134,87.006424977437));
#1832 = CARTESIAN_POINT('',(0.155468303862,87.285005129869));
#1833 = CARTESIAN_POINT('',(0.160162186969,87.569589512647));
#1834 = CARTESIAN_POINT('',(0.168941236822,88.204917101529));
#1835 = CARTESIAN_POINT('',(0.17272874019,88.55772291043));
#1836 = CARTESIAN_POINT('',(0.175550741368,88.915264072399));
#1837 = CARTESIAN_POINT('',(0.177425784074,89.275813985713));
#1838 = CARTESIAN_POINT('',(0.17836358193,89.637879824052));
#1839 = CARTESIAN_POINT('',(0.17836358193,90.362123789018));
#1840 = CARTESIAN_POINT('',(0.177425764727,90.724189865274));
#1841 = CARTESIAN_POINT('',(0.175550718952,91.08473760877));
#1842 = CARTESIAN_POINT('',(0.17272874043,91.442276147375));
#1843 = CARTESIAN_POINT('',(0.16894126421,91.79508091644));
#1844 = CARTESIAN_POINT('',(0.160162186969,92.430410487353));
#1845 = CARTESIAN_POINT('',(0.155468303862,92.714994870131));
#1846 = CARTESIAN_POINT('',(0.150062786134,92.993575022563));
#1847 = CARTESIAN_POINT('',(0.143923551771,93.264694489634));
#1848 = CARTESIAN_POINT('',(0.137026101835,93.526467821716));
#1849 = CARTESIAN_POINT('',(0.124302976214,93.940594026667));
#1850 = CARTESIAN_POINT('',(0.118920823849,94.099708087981));
#1851 = CARTESIAN_POINT('',(0.113194539953,94.253015558312));
#1852 = CARTESIAN_POINT('',(0.107119934104,94.399651606883));
#1853 = CARTESIAN_POINT('',(0.100694320207,94.538641249154));
#1854 = CARTESIAN_POINT('',(8.870770924006E-02,94.768994658618));
#1855 = CARTESIAN_POINT('',(8.328924232526E-02,94.86396339816));
#1856 = CARTESIAN_POINT('',(7.766721740585E-02,94.95316863442));
#1857 = CARTESIAN_POINT('',(7.184863589219E-02,95.035999843457));
#1858 = CARTESIAN_POINT('',(6.584195102666E-02,95.111855842983));
#1859 = CARTESIAN_POINT('',(5.04413180813E-02,95.281895789032));
#1860 = CARTESIAN_POINT('',(4.080931779307E-02,95.36707281343));
#1861 = CARTESIAN_POINT('',(3.08481845815E-02,95.432935263776));
#1862 = CARTESIAN_POINT('',(2.065625994413E-02,95.477590842502));
#1863 = CARTESIAN_POINT('',(1.033810881556E-02,95.5));
#1864 = CARTESIAN_POINT('',(0.,95.5));
#1865 = ( GEOMETRIC_REPRESENTATION_CONTEXT(2) 
PARAMETRIC_REPRESENTATION_CONTEXT() REPRESENTATION_CONTEXT('2D SPACE',''
  ) );
#1866 = ORIENTED_EDGE('',*,*,#1501,.T.);
#1867 = ORIENTED_EDGE('',*,*,#272,.F.);
#1868 = ADVANCED_FACE('',(#1869),#577,.F.);
#1869 = FACE_BOUND('',#1870,.F.);
#1870 = EDGE_LOOP('',(#1871,#1872,#1895,#2065,#2233,#2234));
#1871 = ORIENTED_EDGE('',*,*,#689,.F.);
#1872 = ORIENTED_EDGE('',*,*,#1873,.F.);
#1873 = EDGE_CURVE('',#1874,#441,#1876,.T.);
#1874 = VERTEX_POINT('',#1875);
#1875 = CARTESIAN_POINT('',(31.,-3.122849337826E-15,420.5));
#1876 = SEAM_CURVE('',#1877,(#1881,#1888),.PCURVE_S1.);
#1877 = LINE('',#1878,#1879);
#1878 = CARTESIAN_POINT('',(-52.,1.347111479062E-15,420.5));
#1879 = VECTOR('',#1880,1.);
#1880 = DIRECTION('',(1.,0.,0.));
#1881 = PCURVE('',#577,#1882);
#1882 = DEFINITIONAL_REPRESENTATION('',(#1883),#1887);
#1883 = LINE('',#1884,#1885);
#1884 = CARTESIAN_POINT('',(6.28318530718,-0.));
#1885 = VECTOR('',#1886,1.);
#1886 = DIRECTION('',(0.,1.));
#1887 = ( GEOMETRIC_REPRESENTATION_CONTEXT(2) 
PARAMETRIC_REPRESENTATION_CONTEXT() REPRESENTATION_CONTEXT('2D SPACE',''
  ) );
#1888 = PCURVE('',#577,#1889);
#1889 = DEFINITIONAL_REPRESENTATION('',(#1890),#1894);
#1890 = LINE('',#1891,#1892);
#1891 = CARTESIAN_POINT('',(0.,-0.));
#1892 = VECTOR('',#1893,1.);
#1893 = DIRECTION('',(0.,1.));
#1894 = ( GEOMETRIC_REPRESENTATION_CONTEXT(2) 
PARAMETRIC_REPRESENTATION_CONTEXT() REPRESENTATION_CONTEXT('2D SPACE',''
  ) );
#1895 = ORIENTED_EDGE('',*,*,#1896,.T.);
#1896 = EDGE_CURVE('',#1874,#1897,#1899,.T.);
#1897 = VERTEX_POINT('',#1898);
#1898 = CARTESIAN_POINT('',(31.,-7.592810154714E-15,409.5));
#1899 = SURFACE_CURVE('',#1900,(#1953,#2009),.PCURVE_S1.);
#1900 = B_SPLINE_CURVE_WITH_KNOTS('',6,(#1901,#1902,#1903,#1904,#1905,
    #1906,#1907,#1908,#1909,#1910,#1911,#1912,#1913,#1914,#1915,#1916,
    #1917,#1918,#1919,#1920,#1921,#1922,#1923,#1924,#1925,#1926,#1927,
    #1928,#1929,#1930,#1931,#1932,#1933,#1934,#1935,#1936,#1937,#1938,
    #1939,#1940,#1941,#1942,#1943,#1944,#1945,#1946,#1947,#1948,#1949,
    #1950,#1951,#1952),.UNSPECIFIED.,.F.,.F.,(7,5,5,5,5,5,5,5,5,5,7),(0.
    ,9.153264441955E-02,0.152956736188,0.232867425806,0.354559968973,
    0.499999346172,0.645440174498,0.767133234554,0.84704426494,
    0.908468617598,1.),.UNSPECIFIED.);
#1901 = CARTESIAN_POINT('',(31.,-3.552713678801E-15,420.5));
#1902 = CARTESIAN_POINT('',(31.,-0.32052656456,420.5));
#1903 = CARTESIAN_POINT('',(30.996023122921,-0.640387719077,
    420.47758451315));
#1904 = CARTESIAN_POINT('',(30.988099994227,-0.956248470196,
    420.43292858188));
#1905 = CARTESIAN_POINT('',(30.976534605865,-1.264828610205,
    420.36707401717));
#1906 = CARTESIAN_POINT('',(30.961887191309,-1.563065644381,
    420.28190530272));
#1907 = CARTESIAN_POINT('',(30.933421045264,-2.039662622187,
    420.11185584298));
#1908 = CARTESIAN_POINT('',(30.920898555176,-2.225453766577,
    420.03599984345));
#1909 = CARTESIAN_POINT('',(30.907457615432,-2.405335188172,
    419.95316863442));
#1910 = CARTESIAN_POINT('',(30.893275623915,-2.579045665469,
    419.86396339816));
#1911 = CARTESIAN_POINT('',(30.878528415052,-2.746372553126,
    419.76899465861));
#1912 = CARTESIAN_POINT('',(30.843681518937,-3.116319929729,
    419.53864124915));
#1913 = CARTESIAN_POINT('',(30.823300069815,-3.3144758632,
    419.39965160688));
#1914 = CARTESIAN_POINT('',(30.802571002319,-3.501652230066,
    419.25301555831));
#1915 = CARTESIAN_POINT('',(30.781787683144,-3.677951822631,
    419.09970808798));
#1916 = CARTESIAN_POINT('',(30.761205158405,-3.843526842155,
    418.94059402666));
#1917 = CARTESIAN_POINT('',(30.710330999191,-4.234648954032,
    418.52646782171));
#1918 = CARTESIAN_POINT('',(30.68057529423,-4.446400515743,
    418.26469448963));
#1919 = CARTESIAN_POINT('',(30.65251041199,-4.634644625355,
    417.99357502256));
#1920 = CARTESIAN_POINT('',(30.626682080463,-4.800216584767,
    417.71499487013));
#1921 = CARTESIAN_POINT('',(30.603488998498,-4.943868106952,
    417.43041048735));
#1922 = CARTESIAN_POINT('',(30.559012750904,-5.212359787992,
    416.79508289847));
#1923 = CARTESIAN_POINT('',(30.538986129782,-5.328054962356,
    416.44227708957));
#1924 = CARTESIAN_POINT('',(30.523666205963,-5.414185268212,
    416.0847359276));
#1925 = CARTESIAN_POINT('',(30.513353516317,-5.471389489825,
    415.72418601428));
#1926 = CARTESIAN_POINT('',(30.508195620194,-5.5,415.36212017594));
#1927 = CARTESIAN_POINT('',(30.508195620194,-5.5,414.63787621098));
#1928 = CARTESIAN_POINT('',(30.513353623527,-5.471388901026,
    414.27581013472));
#1929 = CARTESIAN_POINT('',(30.523666328463,-5.414184582443,
    413.91526239123));
#1930 = CARTESIAN_POINT('',(30.538986119671,-5.328054968947,
    413.55772385262));
#1931 = CARTESIAN_POINT('',(30.559012612152,-5.212360625605,
    413.20491908356));
#1932 = CARTESIAN_POINT('',(30.603488998498,-4.943868106952,
    412.56958951264));
#1933 = CARTESIAN_POINT('',(30.626682080463,-4.800216584767,
    412.28500512986));
#1934 = CARTESIAN_POINT('',(30.65251041199,-4.634644625355,
    412.00642497743));
#1935 = CARTESIAN_POINT('',(30.68057529423,-4.446400515743,
    411.73530551036));
#1936 = CARTESIAN_POINT('',(30.710330999191,-4.234648954032,
    411.47353217828));
#1937 = CARTESIAN_POINT('',(30.761205158745,-3.84352683954,
    411.05940597056));
#1938 = CARTESIAN_POINT('',(30.781787682598,-3.677951827492,
    410.90029191608));
#1939 = CARTESIAN_POINT('',(30.802571002317,-3.501652229624,
    410.74698444194));
#1940 = CARTESIAN_POINT('',(30.823300070361,-3.314475858129,
    410.60034838916));
#1941 = CARTESIAN_POINT('',(30.843681518601,-3.116319933294,
    410.46135875306));
#1942 = CARTESIAN_POINT('',(30.878528415052,-2.746372553123,
    410.23100534138));
#1943 = CARTESIAN_POINT('',(30.893275623915,-2.579045665469,
    410.13603660184));
#1944 = CARTESIAN_POINT('',(30.907457615432,-2.405335188176,
    410.04683136558));
#1945 = CARTESIAN_POINT('',(30.920898555175,-2.225453766578,
    409.96400015654));
#1946 = CARTESIAN_POINT('',(30.933421045264,-2.039662622183,
    409.88814415701));
#1947 = CARTESIAN_POINT('',(30.961886884089,-1.563070788042,
    409.71809653252));
#1948 = CARTESIAN_POINT('',(30.976534517594,-1.264831990366,
    409.6329264196));
#1949 = CARTESIAN_POINT('',(30.988100227427,-0.956245671413,
    409.56707009691));
#1950 = CARTESIAN_POINT('',(30.996023382745,-0.640378492493,
    409.52241402175));
#1951 = CARTESIAN_POINT('',(31.,-0.320516080778,409.5));
#1952 = CARTESIAN_POINT('',(31.,-2.6645352591E-15,409.5));
#1953 = PCURVE('',#577,#1954);
#1954 = DEFINITIONAL_REPRESENTATION('',(#1955),#2008);
#1955 = B_SPLINE_CURVE_WITH_KNOTS('',6,(#1956,#1957,#1958,#1959,#1960,
    #1961,#1962,#1963,#1964,#1965,#1966,#1967,#1968,#1969,#1970,#1971,
    #1972,#1973,#1974,#1975,#1976,#1977,#1978,#1979,#1980,#1981,#1982,
    #1983,#1984,#1985,#1986,#1987,#1988,#1989,#1990,#1991,#1992,#1993,
    #1994,#1995,#1996,#1997,#1998,#1999,#2000,#2001,#2002,#2003,#2004,
    #2005,#2006,#2007),.UNSPECIFIED.,.F.,.F.,(7,5,5,5,5,5,5,5,5,5,7),(0.
    ,9.153264441955E-02,0.152956736188,0.232867425806,0.354559968973,
    0.499999346172,0.645440174498,0.767133234554,0.84704426494,
    0.908468617598,1.),.UNSPECIFIED.);
#1956 = CARTESIAN_POINT('',(0.,83.));
#1957 = CARTESIAN_POINT('',(5.827755719279E-02,83.));
#1958 = CARTESIAN_POINT('',(0.116434125542,82.996023122921));
#1959 = CARTESIAN_POINT('',(0.174219651406,82.988099994227));
#1960 = CARTESIAN_POINT('',(0.231386428543,82.976534605865));
#1961 = CARTESIAN_POINT('',(0.287661652238,82.961887191309));
#1962 = CARTESIAN_POINT('',(0.379666233154,82.933421045264));
#1963 = CARTESIAN_POINT('',(0.416116736211,82.920898555176));
#1964 = CARTESIAN_POINT('',(0.452072157313,82.907457615432));
#1965 = CARTESIAN_POINT('',(0.487529727596,82.893275623915));
#1966 = CARTESIAN_POINT('',(0.522482384696,82.878528415052));
#1967 = CARTESIAN_POINT('',(0.601719189465,82.843681518937));
#1968 = CARTESIAN_POINT('',(0.645660764188,82.823300069815));
#1969 = CARTESIAN_POINT('',(0.688804190256,82.802571002319));
#1970 = CARTESIAN_POINT('',(0.731203062135,82.781787683144));
#1971 = CARTESIAN_POINT('',(0.772905874537,82.761205158405));
#1972 = CARTESIAN_POINT('',(0.876474755282,82.710330999191));
#1973 = CARTESIAN_POINT('',(0.937512617866,82.68057529423));
#1974 = CARTESIAN_POINT('',(0.997289479222,82.65251041199));
#1975 = CARTESIAN_POINT('',(1.056000275082,82.626682080463));
#1976 = CARTESIAN_POINT('',(1.113828439417,82.603488998498));
#1977 = CARTESIAN_POINT('',(1.239234085748,82.559012750904));
#1978 = CARTESIAN_POINT('',(1.306509493408,82.538986129782));
#1979 = CARTESIAN_POINT('',(1.373058067152,82.523666205963));
#1980 = CARTESIAN_POINT('',(1.439126094955,82.513353516317));
#1981 = CARTESIAN_POINT('',(1.504956294804,82.508195620194));
#1982 = CARTESIAN_POINT('',(1.636637015707,82.508195620194));
#1983 = CARTESIAN_POINT('',(1.702467265406,82.513353623527));
#1984 = CARTESIAN_POINT('',(1.768534898955,82.523666328463));
#1985 = CARTESIAN_POINT('',(1.835083005229,82.538986119671));
#1986 = CARTESIAN_POINT('',(1.902358176614,82.559012612152));
#1987 = CARTESIAN_POINT('',(2.027764214173,82.603488998498));
#1988 = CARTESIAN_POINT('',(2.085592378508,82.626682080463));
#1989 = CARTESIAN_POINT('',(2.144303174368,82.65251041199));
#1990 = CARTESIAN_POINT('',(2.204080035724,82.68057529423));
#1991 = CARTESIAN_POINT('',(2.265117898308,82.710330999191));
#1992 = CARTESIAN_POINT('',(2.368686779745,82.761205158745));
#1993 = CARTESIAN_POINT('',(2.410389590294,82.781787682598));
#1994 = CARTESIAN_POINT('',(2.452788463367,82.802571002317));
#1995 = CARTESIAN_POINT('',(2.495931890579,82.823300070361));
#1996 = CARTESIAN_POINT('',(2.539873463361,82.843681518601));
#1997 = CARTESIAN_POINT('',(2.619110268894,82.878528415052));
#1998 = CARTESIAN_POINT('',(2.654062925994,82.893275623915));
#1999 = CARTESIAN_POINT('',(2.689520496277,82.907457615431));
#2000 = CARTESIAN_POINT('',(2.725475917379,82.920898555175));
#2001 = CARTESIAN_POINT('',(2.761926420436,82.933421045264));
#2002 = CARTESIAN_POINT('',(2.853930008394,82.961886884089));
#2003 = CARTESIAN_POINT('',(2.910205619414,82.976534517594));
#2004 = CARTESIAN_POINT('',(2.967373546167,82.988100227427));
#2005 = CARTESIAN_POINT('',(3.025160205521,82.996023382745));
#2006 = CARTESIAN_POINT('',(3.083317002539,83.));
#2007 = CARTESIAN_POINT('',(3.14159265359,83.));
#2008 = ( GEOMETRIC_REPRESENTATION_CONTEXT(2) 
PARAMETRIC_REPRESENTATION_CONTEXT() REPRESENTATION_CONTEXT('2D SPACE',''
  ) );
#2009 = PCURVE('',#1638,#2010);
#2010 = DEFINITIONAL_REPRESENTATION('',(#2011),#2064);
#2011 = B_SPLINE_CURVE_WITH_KNOTS('',6,(#2012,#2013,#2014,#2015,#2016,
    #2017,#2018,#2019,#2020,#2021,#2022,#2023,#2024,#2025,#2026,#2027,
    #2028,#2029,#2030,#2031,#2032,#2033,#2034,#2035,#2036,#2037,#2038,
    #2039,#2040,#2041,#2042,#2043,#2044,#2045,#2046,#2047,#2048,#2049,
    #2050,#2051,#2052,#2053,#2054,#2055,#2056,#2057,#2058,#2059,#2060,
    #2061,#2062,#2063),.UNSPECIFIED.,.F.,.F.,(7,5,5,5,5,5,5,5,5,5,7),(0.
    ,9.153264441955E-02,0.152956736188,0.232867425806,0.354559968973,
    0.499999346172,0.645440174498,0.767133234554,0.84704426494,
    0.908468617598,1.),.UNSPECIFIED.);
#2012 = CARTESIAN_POINT('',(6.28318530718,40.5));
#2013 = CARTESIAN_POINT('',(6.272845740581,40.5));
#2014 = CARTESIAN_POINT('',(6.26252763794,40.477584513157));
#2015 = CARTESIAN_POINT('',(6.252336596249,40.43292858188));
#2016 = CARTESIAN_POINT('',(6.242376457689,40.367074017176));
#2017 = CARTESIAN_POINT('',(6.23274485076,40.281905302726));
#2018 = CARTESIAN_POINT('',(6.217343356153,40.111855842981));
#2019 = CARTESIAN_POINT('',(6.211336671287,40.035999843457));
#2020 = CARTESIAN_POINT('',(6.205518089774,39.953168634422));
#2021 = CARTESIAN_POINT('',(6.199896064854,39.863963398161));
#2022 = CARTESIAN_POINT('',(6.194477597939,39.768994658616));
#2023 = CARTESIAN_POINT('',(6.182490986972,39.538641249153));
#2024 = CARTESIAN_POINT('',(6.176065373076,39.399651606883));
#2025 = CARTESIAN_POINT('',(6.169990767227,39.253015558314));
#2026 = CARTESIAN_POINT('',(6.16426448333,39.099708087982));
#2027 = CARTESIAN_POINT('',(6.158882330966,38.940594026665));
#2028 = CARTESIAN_POINT('',(6.146159205345,38.526467821717));
#2029 = CARTESIAN_POINT('',(6.139261755409,38.264694489634));
#2030 = CARTESIAN_POINT('',(6.133122521045,37.993575022563));
#2031 = CARTESIAN_POINT('',(6.127717003318,37.714994870131));
#2032 = CARTESIAN_POINT('',(6.123023120211,37.430410487353));
#2033 = CARTESIAN_POINT('',(6.114244070358,36.795082898471));
#2034 = CARTESIAN_POINT('',(6.11045656699,36.44227708957));
#2035 = CARTESIAN_POINT('',(6.107634565812,36.084735927602));
#2036 = CARTESIAN_POINT('',(6.105759523105,35.724186014287));
#2037 = CARTESIAN_POINT('',(6.10482172525,35.362120175948));
#2038 = CARTESIAN_POINT('',(6.10482172525,34.637876210982));
#2039 = CARTESIAN_POINT('',(6.105759542452,34.275810134727));
#2040 = CARTESIAN_POINT('',(6.107634588228,33.91526239123));
#2041 = CARTESIAN_POINT('',(6.11045656675,33.557723852625));
#2042 = CARTESIAN_POINT('',(6.11424404297,33.20491908356));
#2043 = CARTESIAN_POINT('',(6.123023120211,32.569589512647));
#2044 = CARTESIAN_POINT('',(6.127717003318,32.285005129869));
#2045 = CARTESIAN_POINT('',(6.133122521045,32.006424977437));
#2046 = CARTESIAN_POINT('',(6.139261755409,31.735305510366));
#2047 = CARTESIAN_POINT('',(6.146159205345,31.473532178283));
#2048 = CARTESIAN_POINT('',(6.158882331051,31.059405970566));
#2049 = CARTESIAN_POINT('',(6.164264483172,30.900291916089));
#2050 = CARTESIAN_POINT('',(6.169990767241,30.74698444194));
#2051 = CARTESIAN_POINT('',(6.17606537324,30.600348389164));
#2052 = CARTESIAN_POINT('',(6.182490986857,30.461358753067));
#2053 = CARTESIAN_POINT('',(6.19447759794,30.231005341382));
#2054 = CARTESIAN_POINT('',(6.199896064854,30.13603660184));
#2055 = CARTESIAN_POINT('',(6.205518089774,30.04683136558));
#2056 = CARTESIAN_POINT('',(6.211336671287,29.964000156543));
#2057 = CARTESIAN_POINT('',(6.217343356153,29.888144157017));
#2058 = CARTESIAN_POINT('',(6.23274468454,29.718096532529));
#2059 = CARTESIAN_POINT('',(6.242376348684,29.632926419605));
#2060 = CARTESIAN_POINT('',(6.252336686723,29.567070096914));
#2061 = CARTESIAN_POINT('',(6.262527935579,29.522414021756));
#2062 = CARTESIAN_POINT('',(6.272846078767,29.5));
#2063 = CARTESIAN_POINT('',(6.28318530718,29.5));
#2064 = ( GEOMETRIC_REPRESENTATION_CONTEXT(2) 
PARAMETRIC_REPRESENTATION_CONTEXT() REPRESENTATION_CONTEXT('2D SPACE',''
  ) );
#2065 = ORIENTED_EDGE('',*,*,#2066,.T.);
#2066 = EDGE_CURVE('',#1897,#1874,#2067,.T.);
#2067 = SURFACE_CURVE('',#2068,(#2121,#2177),.PCURVE_S1.);
#2068 = B_SPLINE_CURVE_WITH_KNOTS('',6,(#2069,#2070,#2071,#2072,#2073,
    #2074,#2075,#2076,#2077,#2078,#2079,#2080,#2081,#2082,#2083,#2084,
    #2085,#2086,#2087,#2088,#2089,#2090,#2091,#2092,#2093,#2094,#2095,
    #2096,#2097,#2098,#2099,#2100,#2101,#2102,#2103,#2104,#2105,#2106,
    #2107,#2108,#2109,#2110,#2111,#2112,#2113,#2114,#2115,#2116,#2117,
    #2118,#2119,#2120),.UNSPECIFIED.,.F.,.F.,(7,5,5,5,5,5,5,5,5,5,7),(0.
    ,9.15332765718E-02,0.15295779257,0.232869035457,0.354562419118,
    0.50000280084,0.645444633686,0.767138534242,0.847050115204,
    0.908474892112,1.),.UNSPECIFIED.);
#2069 = CARTESIAN_POINT('',(31.,8.844674573222E-16,409.5));
#2070 = CARTESIAN_POINT('',(31.,0.320526564647,409.5));
#2071 = CARTESIAN_POINT('',(30.996023122919,0.640387719055,
    409.52241548685));
#2072 = CARTESIAN_POINT('',(30.98809999423,0.95624847011,409.5670714181)
  );
#2073 = CARTESIAN_POINT('',(30.976534605869,1.264828610183,
    409.6329259828));
#2074 = CARTESIAN_POINT('',(30.961887191304,1.563065644462,
    409.7180946973));
#2075 = CARTESIAN_POINT('',(30.933421045264,2.039662622183,
    409.88814415701));
#2076 = CARTESIAN_POINT('',(30.920898555176,2.225453766578,
    409.96400015654));
#2077 = CARTESIAN_POINT('',(30.907457615432,2.405335188176,
    410.04683136558));
#2078 = CARTESIAN_POINT('',(30.893275623915,2.579045665469,
    410.13603660184));
#2079 = CARTESIAN_POINT('',(30.878528415052,2.746372553123,
    410.23100534138));
#2080 = CARTESIAN_POINT('',(30.843681518602,3.116319933292,
    410.46135875306));
#2081 = CARTESIAN_POINT('',(30.823300070361,3.31447585813,
    410.60034838916));
#2082 = CARTESIAN_POINT('',(30.802571002317,3.501652229626,
    410.74698444194));
#2083 = CARTESIAN_POINT('',(30.781787682598,3.677951827492,
    410.90029191609));
#2084 = CARTESIAN_POINT('',(30.761205158745,3.843526839538,
    411.05940597056));
#2085 = CARTESIAN_POINT('',(30.710330999191,4.234648954032,
    411.47353217828));
#2086 = CARTESIAN_POINT('',(30.68057529423,4.446400515743,
    411.73530551036));
#2087 = CARTESIAN_POINT('',(30.65251041199,4.634644625355,
    412.00642497743));
#2088 = CARTESIAN_POINT('',(30.626682080463,4.800216584768,
    412.28500512986));
#2089 = CARTESIAN_POINT('',(30.603488998498,4.943868106952,
    412.56958951264));
#2090 = CARTESIAN_POINT('',(30.559012750901,5.212359788008,
    413.20491710156));
#2091 = CARTESIAN_POINT('',(30.538986129788,5.328054962323,
    413.55772291036));
#2092 = CARTESIAN_POINT('',(30.523666205959,5.414185268236,
    413.91526407239));
#2093 = CARTESIAN_POINT('',(30.513353516318,5.47138948982,
    414.27581398577));
#2094 = CARTESIAN_POINT('',(30.508195620194,5.5,414.63787982401));
#2095 = CARTESIAN_POINT('',(30.508195620194,5.5,415.36212378901));
#2096 = CARTESIAN_POINT('',(30.513353623527,5.471388901026,
    415.72418986527));
#2097 = CARTESIAN_POINT('',(30.523666328463,5.414184582443,
    416.08473760877));
#2098 = CARTESIAN_POINT('',(30.538986119671,5.328054968947,
    416.44227614737));
#2099 = CARTESIAN_POINT('',(30.559012612152,5.212360625605,
    416.79508091644));
#2100 = CARTESIAN_POINT('',(30.603488998498,4.943868106952,
    417.43041048735));
#2101 = CARTESIAN_POINT('',(30.626682080463,4.800216584767,
    417.71499487013));
#2102 = CARTESIAN_POINT('',(30.65251041199,4.634644625355,
    417.99357502256));
#2103 = CARTESIAN_POINT('',(30.68057529423,4.446400515743,
    418.26469448963));
#2104 = CARTESIAN_POINT('',(30.710330999191,4.234648954033,
    418.52646782171));
#2105 = CARTESIAN_POINT('',(30.761205158405,3.843526842155,
    418.94059402666));
#2106 = CARTESIAN_POINT('',(30.781787683144,3.677951822631,
    419.09970808798));
#2107 = CARTESIAN_POINT('',(30.802571002319,3.501652230066,
    419.25301555831));
#2108 = CARTESIAN_POINT('',(30.823300069815,3.3144758632,419.39965160688
    ));
#2109 = CARTESIAN_POINT('',(30.843681518937,3.116319929729,
    419.53864124915));
#2110 = CARTESIAN_POINT('',(30.878528415052,2.746372553126,
    419.76899465861));
#2111 = CARTESIAN_POINT('',(30.893275623915,2.579045665469,
    419.86396339816));
#2112 = CARTESIAN_POINT('',(30.907457615432,2.405335188172,
    419.95316863442));
#2113 = CARTESIAN_POINT('',(30.920898555176,2.225453766577,
    420.03599984345));
#2114 = CARTESIAN_POINT('',(30.933421045264,2.039662622187,
    420.11185584298));
#2115 = CARTESIAN_POINT('',(30.961885598724,1.563092308374,
    420.28189578903));
#2116 = CARTESIAN_POINT('',(30.976534325659,1.264843139181,
    420.36707281343));
#2117 = CARTESIAN_POINT('',(30.988101187881,0.956232177046,
    420.43293526377));
#2118 = CARTESIAN_POINT('',(30.996024238558,0.640344033594,
    420.4775908425));
#2119 = CARTESIAN_POINT('',(31.,0.320481373282,420.5));
#2120 = CARTESIAN_POINT('',(31.,6.73555739531E-16,420.5));
#2121 = PCURVE('',#577,#2122);
#2122 = DEFINITIONAL_REPRESENTATION('',(#2123),#2176);
#2123 = B_SPLINE_CURVE_WITH_KNOTS('',6,(#2124,#2125,#2126,#2127,#2128,
    #2129,#2130,#2131,#2132,#2133,#2134,#2135,#2136,#2137,#2138,#2139,
    #2140,#2141,#2142,#2143,#2144,#2145,#2146,#2147,#2148,#2149,#2150,
    #2151,#2152,#2153,#2154,#2155,#2156,#2157,#2158,#2159,#2160,#2161,
    #2162,#2163,#2164,#2165,#2166,#2167,#2168,#2169,#2170,#2171,#2172,
    #2173,#2174,#2175),.UNSPECIFIED.,.F.,.F.,(7,5,5,5,5,5,5,5,5,5,7),(0.
    ,9.15332765718E-02,0.15295779257,0.232869035457,0.354562419118,
    0.50000280084,0.645444633686,0.767138534242,0.847050115204,
    0.908474892112,1.),.UNSPECIFIED.);
#2124 = CARTESIAN_POINT('',(3.14159265359,83.));
#2125 = CARTESIAN_POINT('',(3.199870210798,83.));
#2126 = CARTESIAN_POINT('',(3.258026779127,82.996023122919));
#2127 = CARTESIAN_POINT('',(3.31581230498,82.98809999423));
#2128 = CARTESIAN_POINT('',(3.372979082128,82.976534605869));
#2129 = CARTESIAN_POINT('',(3.429254305844,82.961887191304));
#2130 = CARTESIAN_POINT('',(3.521258886743,82.933421045264));
#2131 = CARTESIAN_POINT('',(3.557709389801,82.920898555175));
#2132 = CARTESIAN_POINT('',(3.593664810903,82.907457615431));
#2133 = CARTESIAN_POINT('',(3.629122381186,82.893275623915));
#2134 = CARTESIAN_POINT('',(3.664075038286,82.878528415052));
#2135 = CARTESIAN_POINT('',(3.743311843818,82.843681518602));
#2136 = CARTESIAN_POINT('',(3.787253416601,82.823300070361));
#2137 = CARTESIAN_POINT('',(3.830396843813,82.802571002317));
#2138 = CARTESIAN_POINT('',(3.872795716886,82.781787682598));
#2139 = CARTESIAN_POINT('',(3.914498527434,82.761205158745));
#2140 = CARTESIAN_POINT('',(4.018067408871,82.710330999191));
#2141 = CARTESIAN_POINT('',(4.079105271456,82.68057529423));
#2142 = CARTESIAN_POINT('',(4.138882132812,82.65251041199));
#2143 = CARTESIAN_POINT('',(4.197592928672,82.626682080463));
#2144 = CARTESIAN_POINT('',(4.255421093007,82.603488998498));
#2145 = CARTESIAN_POINT('',(4.380826739345,82.559012750901));
#2146 = CARTESIAN_POINT('',(4.448102146986,82.538986129788));
#2147 = CARTESIAN_POINT('',(4.514650720742,82.523666205959));
#2148 = CARTESIAN_POINT('',(4.580718748556,82.513353516318));
#2149 = CARTESIAN_POINT('',(4.646548948388,82.508195620194));
#2150 = CARTESIAN_POINT('',(4.778229669297,82.508195620194));
#2151 = CARTESIAN_POINT('',(4.844059918996,82.513353623527));
#2152 = CARTESIAN_POINT('',(4.910127552545,82.523666328463));
#2153 = CARTESIAN_POINT('',(4.976675658819,82.538986119671));
#2154 = CARTESIAN_POINT('',(5.043950830204,82.559012612152));
#2155 = CARTESIAN_POINT('',(5.169356867763,82.603488998498));
#2156 = CARTESIAN_POINT('',(5.227185032097,82.626682080463));
#2157 = CARTESIAN_POINT('',(5.285895827958,82.65251041199));
#2158 = CARTESIAN_POINT('',(5.345672689313,82.68057529423));
#2159 = CARTESIAN_POINT('',(5.406710551898,82.710330999191));
#2160 = CARTESIAN_POINT('',(5.510279432642,82.761205158405));
#2161 = CARTESIAN_POINT('',(5.551982245045,82.781787683144));
#2162 = CARTESIAN_POINT('',(5.594381116924,82.802571002319));
#2163 = CARTESIAN_POINT('',(5.637524542992,82.823300069815));
#2164 = CARTESIAN_POINT('',(5.681466117714,82.843681518937));
#2165 = CARTESIAN_POINT('',(5.760702922483,82.878528415052));
#2166 = CARTESIAN_POINT('',(5.795655579584,82.893275623915));
#2167 = CARTESIAN_POINT('',(5.831113149867,82.907457615432));
#2168 = CARTESIAN_POINT('',(5.867068570969,82.920898555175));
#2169 = CARTESIAN_POINT('',(5.903519074025,82.933421045264));
#2170 = CARTESIAN_POINT('',(5.995518507595,82.961885598724));
#2171 = CARTESIAN_POINT('',(6.051796316715,82.976534325659));
#2172 = CARTESIAN_POINT('',(6.108968770234,82.988101187881));
#2173 = CARTESIAN_POINT('',(6.166759123824,82.996024238558));
#2174 = CARTESIAN_POINT('',(6.224915966583,83.));
#2175 = CARTESIAN_POINT('',(6.28318530718,83.));
#2176 = ( GEOMETRIC_REPRESENTATION_CONTEXT(2) 
PARAMETRIC_REPRESENTATION_CONTEXT() REPRESENTATION_CONTEXT('2D SPACE',''
  ) );
#2177 = PCURVE('',#1638,#2178);
#2178 = DEFINITIONAL_REPRESENTATION('',(#2179),#2232);
#2179 = B_SPLINE_CURVE_WITH_KNOTS('',6,(#2180,#2181,#2182,#2183,#2184,
    #2185,#2186,#2187,#2188,#2189,#2190,#2191,#2192,#2193,#2194,#2195,
    #2196,#2197,#2198,#2199,#2200,#2201,#2202,#2203,#2204,#2205,#2206,
    #2207,#2208,#2209,#2210,#2211,#2212,#2213,#2214,#2215,#2216,#2217,
    #2218,#2219,#2220,#2221,#2222,#2223,#2224,#2225,#2226,#2227,#2228,
    #2229,#2230,#2231),.UNSPECIFIED.,.F.,.F.,(7,5,5,5,5,5,5,5,5,5,7),(0.
    ,9.15332765718E-02,0.15295779257,0.232869035457,0.354562419118,
    0.50000280084,0.645444633686,0.767138534242,0.847050115204,
    0.908474892112,1.),.UNSPECIFIED.);
#2180 = CARTESIAN_POINT('',(0.,29.5));
#2181 = CARTESIAN_POINT('',(1.03395666015E-02,29.5));
#2182 = CARTESIAN_POINT('',(2.065766923857E-02,29.522415486855));
#2183 = CARTESIAN_POINT('',(3.084871092772E-02,29.567071418105));
#2184 = CARTESIAN_POINT('',(4.080884949014E-02,29.632925982804));
#2185 = CARTESIAN_POINT('',(5.044045642227E-02,29.718094697303));
#2186 = CARTESIAN_POINT('',(6.584195102666E-02,29.888144157017));
#2187 = CARTESIAN_POINT('',(7.184863589219E-02,29.964000156543));
#2188 = CARTESIAN_POINT('',(7.766721740585E-02,30.04683136558));
#2189 = CARTESIAN_POINT('',(8.328924232526E-02,30.13603660184));
#2190 = CARTESIAN_POINT('',(8.870770924007E-02,30.231005341382));
#2191 = CARTESIAN_POINT('',(0.100694320323,30.461358753066));
#2192 = CARTESIAN_POINT('',(0.10711993394,30.600348389164));
#2193 = CARTESIAN_POINT('',(0.113194539939,30.746984441942));
#2194 = CARTESIAN_POINT('',(0.118920824007,30.90029191609));
#2195 = CARTESIAN_POINT('',(0.124302976129,31.059405970564));
#2196 = CARTESIAN_POINT('',(0.137026101835,31.473532178284));
#2197 = CARTESIAN_POINT('',(0.143923551771,31.735305510366));
#2198 = CARTESIAN_POINT('',(0.150062786134,32.006424977437));
#2199 = CARTESIAN_POINT('',(0.155468303862,32.285005129869));
#2200 = CARTESIAN_POINT('',(0.160162186969,32.569589512647));
#2201 = CARTESIAN_POINT('',(0.168941236823,33.204917101569));
#2202 = CARTESIAN_POINT('',(0.172728740189,33.557722910369));
#2203 = CARTESIAN_POINT('',(0.175550741368,33.915264072393));
#2204 = CARTESIAN_POINT('',(0.177425784074,34.275813985777));
#2205 = CARTESIAN_POINT('',(0.17836358193,34.637879824017));
#2206 = CARTESIAN_POINT('',(0.17836358193,35.362123789018));
#2207 = CARTESIAN_POINT('',(0.177425764727,35.724189865273));
#2208 = CARTESIAN_POINT('',(0.175550718952,36.084737608771));
#2209 = CARTESIAN_POINT('',(0.17272874043,36.442276147374));
#2210 = CARTESIAN_POINT('',(0.16894126421,36.79508091644));
#2211 = CARTESIAN_POINT('',(0.160162186969,37.430410487353));
#2212 = CARTESIAN_POINT('',(0.155468303862,37.714994870131));
#2213 = CARTESIAN_POINT('',(0.150062786134,37.993575022563));
#2214 = CARTESIAN_POINT('',(0.143923551771,38.264694489634));
#2215 = CARTESIAN_POINT('',(0.137026101835,38.526467821716));
#2216 = CARTESIAN_POINT('',(0.124302976214,38.940594026665));
#2217 = CARTESIAN_POINT('',(0.118920823849,39.099708087983));
#2218 = CARTESIAN_POINT('',(0.113194539953,39.253015558314));
#2219 = CARTESIAN_POINT('',(0.107119934104,39.399651606883));
#2220 = CARTESIAN_POINT('',(0.100694320207,39.538641249153));
#2221 = CARTESIAN_POINT('',(8.870770924016E-02,39.768994658616));
#2222 = CARTESIAN_POINT('',(8.328924232523E-02,39.863963398161));
#2223 = CARTESIAN_POINT('',(7.766721740574E-02,39.953168634422));
#2224 = CARTESIAN_POINT('',(7.184863589216E-02,40.035999843457));
#2225 = CARTESIAN_POINT('',(6.584195102677E-02,40.111855842982));
#2226 = CARTESIAN_POINT('',(5.044131808132E-02,40.281895789032));
#2227 = CARTESIAN_POINT('',(4.080931779305E-02,40.36707281343));
#2228 = CARTESIAN_POINT('',(3.084818458151E-02,40.432935263776));
#2229 = CARTESIAN_POINT('',(2.065625994412E-02,40.477590842502));
#2230 = CARTESIAN_POINT('',(1.033810881556E-02,40.5));
#2231 = CARTESIAN_POINT('',(0.,40.5));
#2232 = ( GEOMETRIC_REPRESENTATION_CONTEXT(2) 
PARAMETRIC_REPRESENTATION_CONTEXT() REPRESENTATION_CONTEXT('2D SPACE',''
  ) );
#2233 = ORIENTED_EDGE('',*,*,#1873,.T.);
#2234 = ORIENTED_EDGE('',*,*,#463,.F.);
#2235 = ADVANCED_FACE('',(#2236,#2239),#676,.F.);
#2236 = FACE_BOUND('',#2237,.F.);
#2237 = EDGE_LOOP('',(#2238));
#2238 = ORIENTED_EDGE('',*,*,#661,.T.);
#2239 = FACE_BOUND('',#2240,.F.);
#2240 = EDGE_LOOP('',(#2241));
#2241 = ORIENTED_EDGE('',*,*,#2242,.F.);
#2242 = EDGE_CURVE('',#2243,#2243,#2245,.T.);
#2243 = VERTEX_POINT('',#2244);
#2244 = CARTESIAN_POINT('',(31.,-7.592810154714E-15,380.));
#2245 = SURFACE_CURVE('',#2246,(#2251,#2258),.PCURVE_S1.);
#2246 = CIRCLE('',#2247,31.);
#2247 = AXIS2_PLACEMENT_3D('',#2248,#2249,#2250);
#2248 = CARTESIAN_POINT('',(0.,0.,380.));
#2249 = DIRECTION('',(0.,0.,1.));
#2250 = DIRECTION('',(1.,0.,0.));
#2251 = PCURVE('',#676,#2252);
#2252 = DEFINITIONAL_REPRESENTATION('',(#2253),#2257);
#2253 = CIRCLE('',#2254,31.);
#2254 = AXIS2_PLACEMENT_2D('',#2255,#2256);
#2255 = CARTESIAN_POINT('',(0.,0.));
#2256 = DIRECTION('',(1.,0.));
#2257 = ( GEOMETRIC_REPRESENTATION_CONTEXT(2) 
PARAMETRIC_REPRESENTATION_CONTEXT() REPRESENTATION_CONTEXT('2D SPACE',''
  ) );
#2258 = PCURVE('',#1638,#2259);
#2259 = DEFINITIONAL_REPRESENTATION('',(#2260),#2264);
#2260 = LINE('',#2261,#2262);
#2261 = CARTESIAN_POINT('',(0.,0.));
#2262 = VECTOR('',#2263,1.);
#2263 = DIRECTION('',(1.,0.));
#2264 = ( GEOMETRIC_REPRESENTATION_CONTEXT(2) 
PARAMETRIC_REPRESENTATION_CONTEXT() REPRESENTATION_CONTEXT('2D SPACE',''
  ) );
#2265 = ADVANCED_FACE('',(#2266,#2297),#259,.F.);
#2266 = FACE_BOUND('',#2267,.F.);
#2267 = EDGE_LOOP('',(#2268));
#2268 = ORIENTED_EDGE('',*,*,#2269,.T.);
#2269 = EDGE_CURVE('',#2270,#2270,#2272,.T.);
#2270 = VERTEX_POINT('',#2271);
#2271 = CARTESIAN_POINT('',(70.,-1.714505518806E-14,494.));
#2272 = SURFACE_CURVE('',#2273,(#2278,#2285),.PCURVE_S1.);
#2273 = CIRCLE('',#2274,70.);
#2274 = AXIS2_PLACEMENT_3D('',#2275,#2276,#2277);
#2275 = CARTESIAN_POINT('',(0.,0.,494.));
#2276 = DIRECTION('',(0.,0.,1.));
#2277 = DIRECTION('',(1.,0.,0.));
#2278 = PCURVE('',#259,#2279);
#2279 = DEFINITIONAL_REPRESENTATION('',(#2280),#2284);
#2280 = CIRCLE('',#2281,70.);
#2281 = AXIS2_PLACEMENT_2D('',#2282,#2283);
#2282 = CARTESIAN_POINT('',(0.,0.));
#2283 = DIRECTION('',(1.,0.));
#2284 = ( GEOMETRIC_REPRESENTATION_CONTEXT(2) 
PARAMETRIC_REPRESENTATION_CONTEXT() REPRESENTATION_CONTEXT('2D SPACE',''
  ) );
#2285 = PCURVE('',#2286,#2291);
#2286 = CYLINDRICAL_SURFACE('',#2287,70.);
#2287 = AXIS2_PLACEMENT_3D('',#2288,#2289,#2290);
#2288 = CARTESIAN_POINT('',(0.,0.,494.));
#2289 = DIRECTION('',(0.,0.,1.));
#2290 = DIRECTION('',(1.,0.,0.));
#2291 = DEFINITIONAL_REPRESENTATION('',(#2292),#2296);
#2292 = LINE('',#2293,#2294);
#2293 = CARTESIAN_POINT('',(0.,0.));
#2294 = VECTOR('',#2295,1.);
#2295 = DIRECTION('',(1.,0.));
#2296 = ( GEOMETRIC_REPRESENTATION_CONTEXT(2) 
PARAMETRIC_REPRESENTATION_CONTEXT() REPRESENTATION_CONTEXT('2D SPACE',''
  ) );
#2297 = FACE_BOUND('',#2298,.F.);
#2298 = EDGE_LOOP('',(#2299));
#2299 = ORIENTED_EDGE('',*,*,#244,.F.);
#2300 = ADVANCED_FACE('',(#2301),#1064,.F.);
#2301 = FACE_BOUND('',#2302,.F.);
#2302 = EDGE_LOOP('',(#2303,#2608,#2629,#2630));
#2303 = ORIENTED_EDGE('',*,*,#2304,.F.);
#2304 = EDGE_CURVE('',#2305,#2305,#2307,.T.);
#2305 = VERTEX_POINT('',#2306);
#2306 = CARTESIAN_POINT('',(-31.,1.347111479062E-15,420.5));
#2307 = SURFACE_CURVE('',#2308,(#2406,#2507),.PCURVE_S1.);
#2308 = B_SPLINE_CURVE_WITH_KNOTS('',6,(#2309,#2310,#2311,#2312,#2313,
    #2314,#2315,#2316,#2317,#2318,#2319,#2320,#2321,#2322,#2323,#2324,
    #2325,#2326,#2327,#2328,#2329,#2330,#2331,#2332,#2333,#2334,#2335,
    #2336,#2337,#2338,#2339,#2340,#2341,#2342,#2343,#2344,#2345,#2346,
    #2347,#2348,#2349,#2350,#2351,#2352,#2353,#2354,#2355,#2356,#2357,
    #2358,#2359,#2360,#2361,#2362,#2363,#2364,#2365,#2366,#2367,#2368,
    #2369,#2370,#2371,#2372,#2373,#2374,#2375,#2376,#2377,#2378,#2379,
    #2380,#2381,#2382,#2383,#2384,#2385,#2386,#2387,#2388,#2389,#2390,
    #2391,#2392,#2393,#2394,#2395,#2396,#2397,#2398,#2399,#2400,#2401,
    #2402,#2403,#2404,#2405),.UNSPECIFIED.,.T.,.F.,(7,5,5,5,5,5,5,5,5,5,
    5,5,5,5,5,5,5,5,5,7),(0.,4.580309308359E-02,7.653981451706E-02,
    0.116527261389,0.17742241982,0.250200534946,0.322979376211,
    0.383874793294,0.423862410012,0.479653252986,0.530432212258,
    0.576676802131,0.616613752594,0.677432012222,0.750118222679,
    0.822805158359,0.883623671635,0.923560792446,0.954258829763,1.),
  .UNSPECIFIED.);
#2309 = CARTESIAN_POINT('',(-31.,2.6645352591E-15,420.5));
#2310 = CARTESIAN_POINT('',(-31.,-0.320526564646,420.5));
#2311 = CARTESIAN_POINT('',(-30.99602312291,-0.640387719055,
    420.47758451314));
#2312 = CARTESIAN_POINT('',(-30.98809999423,-0.95624847011,
    420.43292858189));
#2313 = CARTESIAN_POINT('',(-30.97653460586,-1.264828610184,
    420.36707401719));
#2314 = CARTESIAN_POINT('',(-30.9618871913,-1.563065644462,
    420.28190530269));
#2315 = CARTESIAN_POINT('',(-30.93342104526,-2.039662622183,
    420.11185584298));
#2316 = CARTESIAN_POINT('',(-30.92089855517,-2.225453766578,
    420.03599984345));
#2317 = CARTESIAN_POINT('',(-30.90745761543,-2.405335188175,
    419.95316863442));
#2318 = CARTESIAN_POINT('',(-30.89327562391,-2.579045665469,
    419.86396339816));
#2319 = CARTESIAN_POINT('',(-30.87852841505,-2.746372553123,
    419.76899465861));
#2320 = CARTESIAN_POINT('',(-30.84368151893,-3.116319929726,
    419.53864124915));
#2321 = CARTESIAN_POINT('',(-30.82330006981,-3.314475863201,
    419.39965160688));
#2322 = CARTESIAN_POINT('',(-30.80257100231,-3.501652230068,
    419.25301555831));
#2323 = CARTESIAN_POINT('',(-30.78178768314,-3.677951822631,
    419.09970808798));
#2324 = CARTESIAN_POINT('',(-30.7612051584,-3.843526842153,
    418.94059402666));
#2325 = CARTESIAN_POINT('',(-30.71033099919,-4.234648954032,
    418.52646782171));
#2326 = CARTESIAN_POINT('',(-30.68057529423,-4.446400515743,
    418.26469448963));
#2327 = CARTESIAN_POINT('',(-30.65251041199,-4.634644625355,
    417.99357502256));
#2328 = CARTESIAN_POINT('',(-30.62668208046,-4.800216584767,
    417.71499487013));
#2329 = CARTESIAN_POINT('',(-30.60348899849,-4.943868106952,
    417.43041048735));
#2330 = CARTESIAN_POINT('',(-30.5590127509,-5.212359787991,
    416.79508289847));
#2331 = CARTESIAN_POINT('',(-30.53898612978,-5.328054962356,
    416.44227708957));
#2332 = CARTESIAN_POINT('',(-30.52366620596,-5.414185268212,
    416.0847359276));
#2333 = CARTESIAN_POINT('',(-30.51335351631,-5.471389489825,
    415.72418601428));
#2334 = CARTESIAN_POINT('',(-30.50819562019,-5.5,415.36212017594));
#2335 = CARTESIAN_POINT('',(-30.50819562019,-5.5,414.63787621101));
#2336 = CARTESIAN_POINT('',(-30.51335362352,-5.471388901032,
    414.27581013466));
#2337 = CARTESIAN_POINT('',(-30.52366632846,-5.414184582421,
    413.91526239123));
#2338 = CARTESIAN_POINT('',(-30.53898611966,-5.328054968976,
    413.55772385268));
#2339 = CARTESIAN_POINT('',(-30.55901261215,-5.21236062559,
    413.20491908352));
#2340 = CARTESIAN_POINT('',(-30.60348899849,-4.943868106952,
    412.56958951264));
#2341 = CARTESIAN_POINT('',(-30.62668208046,-4.800216584767,
    412.28500512986));
#2342 = CARTESIAN_POINT('',(-30.65251041199,-4.634644625355,
    412.00642497743));
#2343 = CARTESIAN_POINT('',(-30.68057529423,-4.446400515743,
    411.73530551036));
#2344 = CARTESIAN_POINT('',(-30.71033099919,-4.234648954032,
    411.47353217828));
#2345 = CARTESIAN_POINT('',(-30.7612051584,-3.843526842155,
    411.05940597333));
#2346 = CARTESIAN_POINT('',(-30.78178768314,-3.677951822631,
    410.90029191201));
#2347 = CARTESIAN_POINT('',(-30.80257100231,-3.501652230065,
    410.74698444168));
#2348 = CARTESIAN_POINT('',(-30.82330006981,-3.3144758632,
    410.60034839311));
#2349 = CARTESIAN_POINT('',(-30.84368151893,-3.116319929729,
    410.46135875084));
#2350 = CARTESIAN_POINT('',(-30.89087285308,-2.615319490311,
    410.14940314131));
#2351 = CARTESIAN_POINT('',(-30.91715782398,-2.300804899719,
    409.98394206109));
#2352 = CARTESIAN_POINT('',(-30.94111607638,-1.965323222429,
    409.83933536145));
#2353 = CARTESIAN_POINT('',(-30.9615701623,-1.611315413066,
    409.71959545357));
#2354 = CARTESIAN_POINT('',(-30.9774671602,-1.241827421835,
    409.62812794935));
#2355 = CARTESIAN_POINT('',(-30.99769715685,-0.513217571535,
    409.51272748599));
#2356 = CARTESIAN_POINT('',(-31.00290015344,-0.157592935678,
    409.4836949081));
#2357 = CARTESIAN_POINT('',(-31.00310563825,0.201399586502,
    409.48267032374));
#2358 = CARTESIAN_POINT('',(-30.9981799945,0.558398858321,
    409.51001401736));
#2359 = CARTESIAN_POINT('',(-30.98853774815,0.908125082112,
    409.5644272802));
#2360 = CARTESIAN_POINT('',(-30.96259482404,1.553192316372,
    409.71443123887));
#2361 = CARTESIAN_POINT('',(-30.946975352,1.850358605653,409.80585474238
    ));
#2362 = CARTESIAN_POINT('',(-30.92862183376,2.135588321269,
    409.9153612925));
#2363 = CARTESIAN_POINT('',(-30.90814803146,2.407489446884,
    410.04091793744));
#2364 = CARTESIAN_POINT('',(-30.88619819264,2.664947392869,
    410.18030471619));
#2365 = CARTESIAN_POINT('',(-30.84368151893,3.11631992973,
    410.46135875084));
#2366 = CARTESIAN_POINT('',(-30.82330006981,3.3144758632,410.60034839311
    ));
#2367 = CARTESIAN_POINT('',(-30.80257100231,3.501652230065,
    410.74698444168));
#2368 = CARTESIAN_POINT('',(-30.78178768314,3.677951822631,
    410.90029191201));
#2369 = CARTESIAN_POINT('',(-30.7612051584,3.843526842155,
    411.05940597333));
#2370 = CARTESIAN_POINT('',(-30.71033099919,4.234648954032,
    411.47353217828));
#2371 = CARTESIAN_POINT('',(-30.68057529423,4.446400515743,
    411.73530551036));
#2372 = CARTESIAN_POINT('',(-30.65251041199,4.634644625355,
    412.00642497743));
#2373 = CARTESIAN_POINT('',(-30.62668208046,4.800216584767,
    412.28500512986));
#2374 = CARTESIAN_POINT('',(-30.60348899849,4.943868106952,
    412.56958951264));
#2375 = CARTESIAN_POINT('',(-30.5590127509,5.212359788008,
    413.20491710156));
#2376 = CARTESIAN_POINT('',(-30.53898612978,5.328054962323,
    413.55772291036));
#2377 = CARTESIAN_POINT('',(-30.52366620595,5.414185268236,
    413.91526407239));
#2378 = CARTESIAN_POINT('',(-30.51335351631,5.47138948982,
    414.27581398577));
#2379 = CARTESIAN_POINT('',(-30.50819562019,5.5,414.63787982401));
#2380 = CARTESIAN_POINT('',(-30.50819562019,5.5,415.36212378901));
#2381 = CARTESIAN_POINT('',(-30.51335362352,5.471388901026,
    415.72418986527));
#2382 = CARTESIAN_POINT('',(-30.52366632846,5.414184582443,
    416.08473760877));
#2383 = CARTESIAN_POINT('',(-30.53898611967,5.328054968947,
    416.44227614737));
#2384 = CARTESIAN_POINT('',(-30.55901261215,5.212360625605,
    416.79508091644));
#2385 = CARTESIAN_POINT('',(-30.60348899694,4.943868116359,
    417.43041046509));
#2386 = CARTESIAN_POINT('',(-30.62668208357,4.800216563379,
    417.71499490406));
#2387 = CARTESIAN_POINT('',(-30.6525104116,4.634644629535,
    417.99357502384));
#2388 = CARTESIAN_POINT('',(-30.68057529093,4.446400539108,
    418.26469445629));
#2389 = CARTESIAN_POINT('',(-30.71033100158,4.234648935635,
    418.52646784119));
#2390 = CARTESIAN_POINT('',(-30.76120515874,3.843526839538,
    418.94059402943));
#2391 = CARTESIAN_POINT('',(-30.78178768259,3.677951827492,
    419.09970808391));
#2392 = CARTESIAN_POINT('',(-30.80257100231,3.501652229626,
    419.25301555805));
#2393 = CARTESIAN_POINT('',(-30.82330007036,3.31447585813,
    419.39965161083));
#2394 = CARTESIAN_POINT('',(-30.8436815186,3.116319933291,
    419.53864124693));
#2395 = CARTESIAN_POINT('',(-30.87852841505,2.746372553126,
    419.76899465861));
#2396 = CARTESIAN_POINT('',(-30.89327562391,2.579045665469,
    419.86396339816));
#2397 = CARTESIAN_POINT('',(-30.90745761543,2.405335188172,
    419.95316863442));
#2398 = CARTESIAN_POINT('',(-30.92089855517,2.225453766577,
    420.03599984345));
#2399 = CARTESIAN_POINT('',(-30.93342104526,2.039662622187,
    420.11185584298));
#2400 = CARTESIAN_POINT('',(-30.96188559872,1.563092308374,
    420.28189578903));
#2401 = CARTESIAN_POINT('',(-30.97653432565,1.264843139181,
    420.36707281343));
#2402 = CARTESIAN_POINT('',(-30.98810118788,0.956232177046,
    420.43293526377));
#2403 = CARTESIAN_POINT('',(-30.99602423855,0.640344033594,
    420.4775908425));
#2404 = CARTESIAN_POINT('',(-31.,0.320481373283,420.5));
#2405 = CARTESIAN_POINT('',(-31.,2.6645352591E-15,420.5));
#2406 = PCURVE('',#1064,#2407);
#2407 = DEFINITIONAL_REPRESENTATION('',(#2408),#2506);
#2408 = B_SPLINE_CURVE_WITH_KNOTS('',6,(#2409,#2410,#2411,#2412,#2413,
    #2414,#2415,#2416,#2417,#2418,#2419,#2420,#2421,#2422,#2423,#2424,
    #2425,#2426,#2427,#2428,#2429,#2430,#2431,#2432,#2433,#2434,#2435,
    #2436,#2437,#2438,#2439,#2440,#2441,#2442,#2443,#2444,#2445,#2446,
    #2447,#2448,#2449,#2450,#2451,#2452,#2453,#2454,#2455,#2456,#2457,
    #2458,#2459,#2460,#2461,#2462,#2463,#2464,#2465,#2466,#2467,#2468,
    #2469,#2470,#2471,#2472,#2473,#2474,#2475,#2476,#2477,#2478,#2479,
    #2480,#2481,#2482,#2483,#2484,#2485,#2486,#2487,#2488,#2489,#2490,
    #2491,#2492,#2493,#2494,#2495,#2496,#2497,#2498,#2499,#2500,#2501,
    #2502,#2503,#2504,#2505),.UNSPECIFIED.,.F.,.F.,(7,5,5,5,5,5,5,5,5,5,
    5,5,5,5,5,5,5,5,5,7),(0.,4.580309308359E-02,7.653981451706E-02,
    0.116527261389,0.17742241982,0.250200534946,0.322979376211,
    0.383874793294,0.423862410012,0.479653252986,0.530432212258,
    0.576676802131,0.616613752594,0.677432012222,0.750118222679,
    0.822805158359,0.883623671635,0.923560792446,0.954258829763,1.),
  .UNSPECIFIED.);
#2409 = CARTESIAN_POINT('',(0.,21.));
#2410 = CARTESIAN_POINT('',(5.827755720845E-02,21.));
#2411 = CARTESIAN_POINT('',(0.116434125538,21.003976877081));
#2412 = CARTESIAN_POINT('',(0.17421965139,21.01190000577));
#2413 = CARTESIAN_POINT('',(0.231386428538,21.023465394131));
#2414 = CARTESIAN_POINT('',(0.287661652254,21.038112808696));
#2415 = CARTESIAN_POINT('',(0.379666233154,21.066578954736));
#2416 = CARTESIAN_POINT('',(0.416116736211,21.079101444824));
#2417 = CARTESIAN_POINT('',(0.452072157313,21.092542384568));
#2418 = CARTESIAN_POINT('',(0.487529727596,21.106724376085));
#2419 = CARTESIAN_POINT('',(0.522482384696,21.121471584948));
#2420 = CARTESIAN_POINT('',(0.601719189465,21.156318481063));
#2421 = CARTESIAN_POINT('',(0.645660764188,21.176699930185));
#2422 = CARTESIAN_POINT('',(0.688804190256,21.197428997681));
#2423 = CARTESIAN_POINT('',(0.731203062135,21.218212316856));
#2424 = CARTESIAN_POINT('',(0.772905874537,21.238794841595));
#2425 = CARTESIAN_POINT('',(0.876474755282,21.289669000809));
#2426 = CARTESIAN_POINT('',(0.937512617866,21.31942470577));
#2427 = CARTESIAN_POINT('',(0.997289479222,21.34748958801));
#2428 = CARTESIAN_POINT('',(1.056000275082,21.373317919537));
#2429 = CARTESIAN_POINT('',(1.113828439417,21.396511001502));
#2430 = CARTESIAN_POINT('',(1.239234085748,21.440987249096));
#2431 = CARTESIAN_POINT('',(1.306509493408,21.461013870218));
#2432 = CARTESIAN_POINT('',(1.373058067152,21.476333794038));
#2433 = CARTESIAN_POINT('',(1.439126094955,21.486646483683));
#2434 = CARTESIAN_POINT('',(1.504956294804,21.491804379806));
#2435 = CARTESIAN_POINT('',(1.636637015701,21.491804379806));
#2436 = CARTESIAN_POINT('',(1.702467265416,21.486646376474));
#2437 = CARTESIAN_POINT('',(1.768534898955,21.476333671533));
#2438 = CARTESIAN_POINT('',(1.835083005218,21.461013880334));
#2439 = CARTESIAN_POINT('',(1.902358176621,21.440987387846));
#2440 = CARTESIAN_POINT('',(2.027764214173,21.396511001502));
#2441 = CARTESIAN_POINT('',(2.085592378508,21.373317919537));
#2442 = CARTESIAN_POINT('',(2.144303174368,21.34748958801));
#2443 = CARTESIAN_POINT('',(2.204080035724,21.31942470577));
#2444 = CARTESIAN_POINT('',(2.265117898308,21.289669000809));
#2445 = CARTESIAN_POINT('',(2.368686779053,21.238794841595));
#2446 = CARTESIAN_POINT('',(2.410389591455,21.218212316856));
#2447 = CARTESIAN_POINT('',(2.452788463334,21.197428997681));
#2448 = CARTESIAN_POINT('',(2.495931889402,21.176699930185));
#2449 = CARTESIAN_POINT('',(2.539873464124,21.156318481063));
#2450 = CARTESIAN_POINT('',(2.647179736632,21.109127146917));
#2451 = CARTESIAN_POINT('',(2.711624193243,21.082842176013));
#2452 = CARTESIAN_POINT('',(2.777741075762,21.058883923615));
#2453 = CARTESIAN_POINT('',(2.845341815846,21.038429837693));
#2454 = CARTESIAN_POINT('',(2.914296196352,21.022532839797));
#2455 = CARTESIAN_POINT('',(3.048422026122,21.002302843141));
#2456 = CARTESIAN_POINT('',(3.113110738138,20.997099846557));
#2457 = CARTESIAN_POINT('',(3.17807757609,20.996894361744));
#2458 = CARTESIAN_POINT('',(3.242876329465,21.001820005497));
#2459 = CARTESIAN_POINT('',(3.307051210562,21.011462251846));
#2460 = CARTESIAN_POINT('',(3.427465498769,21.037405175955));
#2461 = CARTESIAN_POINT('',(3.483856629022,21.053024647994));
#2462 = CARTESIAN_POINT('',(3.539218442848,21.07137816624));
#2463 = CARTESIAN_POINT('',(3.593502625314,21.09185196854));
#2464 = CARTESIAN_POINT('',(3.646635072673,21.113801807353));
#2465 = CARTESIAN_POINT('',(3.743311843055,21.156318481063));
#2466 = CARTESIAN_POINT('',(3.787253417777,21.176699930185));
#2467 = CARTESIAN_POINT('',(3.830396843845,21.197428997681));
#2468 = CARTESIAN_POINT('',(3.872795715724,21.218212316856));
#2469 = CARTESIAN_POINT('',(3.914498528127,21.238794841595));
#2470 = CARTESIAN_POINT('',(4.018067408871,21.289669000809));
#2471 = CARTESIAN_POINT('',(4.079105271456,21.31942470577));
#2472 = CARTESIAN_POINT('',(4.138882132812,21.34748958801));
#2473 = CARTESIAN_POINT('',(4.197592928672,21.373317919537));
#2474 = CARTESIAN_POINT('',(4.255421093007,21.396511001502));
#2475 = CARTESIAN_POINT('',(4.380826739345,21.440987249099));
#2476 = CARTESIAN_POINT('',(4.448102146986,21.461013870212));
#2477 = CARTESIAN_POINT('',(4.514650720742,21.476333794041));
#2478 = CARTESIAN_POINT('',(4.580718748556,21.486646483682));
#2479 = CARTESIAN_POINT('',(4.646548948388,21.491804379806));
#2480 = CARTESIAN_POINT('',(4.778229669297,21.491804379806));
#2481 = CARTESIAN_POINT('',(4.844059918996,21.486646376473));
#2482 = CARTESIAN_POINT('',(4.910127552545,21.476333671537));
#2483 = CARTESIAN_POINT('',(4.976675658819,21.461013880329));
#2484 = CARTESIAN_POINT('',(5.043950830204,21.440987387848));
#2485 = CARTESIAN_POINT('',(5.169356863369,21.39651100306));
#2486 = CARTESIAN_POINT('',(5.227185039489,21.373317916422));
#2487 = CARTESIAN_POINT('',(5.285895827734,21.347489588399));
#2488 = CARTESIAN_POINT('',(5.345672681815,21.319424709069));
#2489 = CARTESIAN_POINT('',(5.40671055677,21.289668998416));
#2490 = CARTESIAN_POINT('',(5.510279433336,21.238794841255));
#2491 = CARTESIAN_POINT('',(5.551982243884,21.218212317402));
#2492 = CARTESIAN_POINT('',(5.594381116957,21.197428997683));
#2493 = CARTESIAN_POINT('',(5.637524544169,21.176699929639));
#2494 = CARTESIAN_POINT('',(5.681466116951,21.156318481398));
#2495 = CARTESIAN_POINT('',(5.760702922483,21.121471584948));
#2496 = CARTESIAN_POINT('',(5.795655579584,21.106724376085));
#2497 = CARTESIAN_POINT('',(5.831113149867,21.092542384568));
#2498 = CARTESIAN_POINT('',(5.867068570969,21.079101444824));
#2499 = CARTESIAN_POINT('',(5.903519074025,21.066578954736));
#2500 = CARTESIAN_POINT('',(5.995518507595,21.038114401276));
#2501 = CARTESIAN_POINT('',(6.051796316715,21.023465674341));
#2502 = CARTESIAN_POINT('',(6.108968770234,21.011898812119));
#2503 = CARTESIAN_POINT('',(6.166759123824,21.003975761442));
#2504 = CARTESIAN_POINT('',(6.224915966583,21.));
#2505 = CARTESIAN_POINT('',(6.28318530718,21.));
#2506 = ( GEOMETRIC_REPRESENTATION_CONTEXT(2) 
PARAMETRIC_REPRESENTATION_CONTEXT() REPRESENTATION_CONTEXT('2D SPACE',''
  ) );
#2507 = PCURVE('',#1638,#2508);
#2508 = DEFINITIONAL_REPRESENTATION('',(#2509),#2607);
#2509 = B_SPLINE_CURVE_WITH_KNOTS('',6,(#2510,#2511,#2512,#2513,#2514,
    #2515,#2516,#2517,#2518,#2519,#2520,#2521,#2522,#2523,#2524,#2525,
    #2526,#2527,#2528,#2529,#2530,#2531,#2532,#2533,#2534,#2535,#2536,
    #2537,#2538,#2539,#2540,#2541,#2542,#2543,#2544,#2545,#2546,#2547,
    #2548,#2549,#2550,#2551,#2552,#2553,#2554,#2555,#2556,#2557,#2558,
    #2559,#2560,#2561,#2562,#2563,#2564,#2565,#2566,#2567,#2568,#2569,
    #2570,#2571,#2572,#2573,#2574,#2575,#2576,#2577,#2578,#2579,#2580,
    #2581,#2582,#2583,#2584,#2585,#2586,#2587,#2588,#2589,#2590,#2591,
    #2592,#2593,#2594,#2595,#2596,#2597,#2598,#2599,#2600,#2601,#2602,
    #2603,#2604,#2605,#2606),.UNSPECIFIED.,.T.,.F.,(7,5,5,5,5,5,5,5,5,5,
    5,5,5,5,5,5,5,5,5,7),(0.,4.580309308359E-02,7.653981451706E-02,
    0.116527261389,0.17742241982,0.250200534946,0.322979376211,
    0.383874793294,0.423862410012,0.479653252986,0.530432212258,
    0.576676802131,0.616613752594,0.677432012222,0.750118222679,
    0.822805158359,0.883623671635,0.923560792446,0.954258829763,1.),
  .UNSPECIFIED.);
#2510 = CARTESIAN_POINT('',(3.14159265359,40.5));
#2511 = CARTESIAN_POINT('',(3.151932220191,40.5));
#2512 = CARTESIAN_POINT('',(3.162250322828,40.477584513145));
#2513 = CARTESIAN_POINT('',(3.172441364517,40.432928581895));
#2514 = CARTESIAN_POINT('',(3.18240150308,40.367074017195));
#2515 = CARTESIAN_POINT('',(3.192033110012,40.281905302697));
#2516 = CARTESIAN_POINT('',(3.207434604616,40.111855842983));
#2517 = CARTESIAN_POINT('',(3.213441289482,40.035999843457));
#2518 = CARTESIAN_POINT('',(3.219259870996,39.95316863442));
#2519 = CARTESIAN_POINT('',(3.224881895915,39.86396339816));
#2520 = CARTESIAN_POINT('',(3.23030036283,39.768994658618));
#2521 = CARTESIAN_POINT('',(3.242286973797,39.538641249154));
#2522 = CARTESIAN_POINT('',(3.248712587694,39.399651606883));
#2523 = CARTESIAN_POINT('',(3.254787193543,39.253015558312));
#2524 = CARTESIAN_POINT('',(3.260513477439,39.099708087981));
#2525 = CARTESIAN_POINT('',(3.265895629803,38.940594026667));
#2526 = CARTESIAN_POINT('',(3.278618755425,38.526467821717));
#2527 = CARTESIAN_POINT('',(3.285516205361,38.264694489634));
#2528 = CARTESIAN_POINT('',(3.291655439724,37.993575022563));
#2529 = CARTESIAN_POINT('',(3.297060957452,37.714994870131));
#2530 = CARTESIAN_POINT('',(3.301754840559,37.430410487353));
#2531 = CARTESIAN_POINT('',(3.310533890412,36.795082898471));
#2532 = CARTESIAN_POINT('',(3.314321393779,36.442277089571));
#2533 = CARTESIAN_POINT('',(3.317143394957,36.0847359276));
#2534 = CARTESIAN_POINT('',(3.319018437664,35.724186014288));
#2535 = CARTESIAN_POINT('',(3.319956235519,35.362120175948));
#2536 = CARTESIAN_POINT('',(3.319956235519,34.637876211018));
#2537 = CARTESIAN_POINT('',(3.319018418317,34.275810134669));
#2538 = CARTESIAN_POINT('',(3.317143372541,33.915262391232));
#2539 = CARTESIAN_POINT('',(3.31432139402,33.55772385268));
#2540 = CARTESIAN_POINT('',(3.310533917799,33.204919083526));
#2541 = CARTESIAN_POINT('',(3.301754840559,32.569589512647));
#2542 = CARTESIAN_POINT('',(3.297060957452,32.285005129869));
#2543 = CARTESIAN_POINT('',(3.291655439724,32.006424977437));
#2544 = CARTESIAN_POINT('',(3.285516205361,31.735305510366));
#2545 = CARTESIAN_POINT('',(3.278618755425,31.473532178283));
#2546 = CARTESIAN_POINT('',(3.265895629804,31.059405973336));
#2547 = CARTESIAN_POINT('',(3.260513477439,30.900291912018));
#2548 = CARTESIAN_POINT('',(3.254787193542,30.746984441686));
#2549 = CARTESIAN_POINT('',(3.248712587694,30.600348393117));
#2550 = CARTESIAN_POINT('',(3.242286973797,30.461358750847));
#2551 = CARTESIAN_POINT('',(3.226054131665,30.149403141316));
#2552 = CARTESIAN_POINT('',(3.215873673919,29.983942061098));
#2553 = CARTESIAN_POINT('',(3.205025437385,29.839335361452));
#2554 = CARTESIAN_POINT('',(3.193588494649,29.719595453574));
#2555 = CARTESIAN_POINT('',(3.181659909063,29.628127949353));
#2556 = CARTESIAN_POINT('',(3.158147307737,29.512727485998));
#2557 = CARTESIAN_POINT('',(3.146675302968,29.483694908107));
#2558 = CARTESIAN_POINT('',(3.135096661044,29.482670323744));
#2559 = CARTESIAN_POINT('',(3.123581157843,29.510014017361));
#2560 = CARTESIAN_POINT('',(3.112296276799,29.564427280209));
#2561 = CARTESIAN_POINT('',(3.091470834802,29.714431238878));
#2562 = CARTESIAN_POINT('',(3.081872327449,29.805854742386));
#2563 = CARTESIAN_POINT('',(3.072653230917,29.915361292502));
#2564 = CARTESIAN_POINT('',(3.063858091084,30.04091793744));
#2565 = CARTESIAN_POINT('',(3.055523189086,30.180304716193));
#2566 = CARTESIAN_POINT('',(3.040898333382,30.461358750848));
#2567 = CARTESIAN_POINT('',(3.034472719486,30.600348393117));
#2568 = CARTESIAN_POINT('',(3.028398113637,30.746984441686));
#2569 = CARTESIAN_POINT('',(3.02267182974,30.900291912018));
#2570 = CARTESIAN_POINT('',(3.017289677376,31.059405973336));
#2571 = CARTESIAN_POINT('',(3.004566551755,31.473532178283));
#2572 = CARTESIAN_POINT('',(2.997669101819,31.735305510366));
#2573 = CARTESIAN_POINT('',(2.991529867456,32.006424977437));
#2574 = CARTESIAN_POINT('',(2.986124349728,32.285005129869));
#2575 = CARTESIAN_POINT('',(2.981430466621,32.569589512647));
#2576 = CARTESIAN_POINT('',(2.972651416767,33.204917101569));
#2577 = CARTESIAN_POINT('',(2.968863913401,33.557722910369));
#2578 = CARTESIAN_POINT('',(2.966041912221,33.915264072393));
#2579 = CARTESIAN_POINT('',(2.964166869516,34.275813985777));
#2580 = CARTESIAN_POINT('',(2.96322907166,34.637879824017));
#2581 = CARTESIAN_POINT('',(2.96322907166,35.362123789018));
#2582 = CARTESIAN_POINT('',(2.964166888863,35.724189865274));
#2583 = CARTESIAN_POINT('',(2.966041934638,36.08473760877));
#2584 = CARTESIAN_POINT('',(2.96886391316,36.442276147375));
#2585 = CARTESIAN_POINT('',(2.97265138938,36.79508091644));
#2586 = CARTESIAN_POINT('',(2.981430466313,37.430410465092));
#2587 = CARTESIAN_POINT('',(2.986124350425,37.714994904067));
#2588 = CARTESIAN_POINT('',(2.99152986732,37.993575023844));
#2589 = CARTESIAN_POINT('',(2.997669101058,38.264694456293));
#2590 = CARTESIAN_POINT('',(3.004566552353,38.526467841196));
#2591 = CARTESIAN_POINT('',(3.017289677461,38.940594029436));
#2592 = CARTESIAN_POINT('',(3.022671829583,39.09970808391));
#2593 = CARTESIAN_POINT('',(3.028398113651,39.253015558058));
#2594 = CARTESIAN_POINT('',(3.03447271965,39.399651610835));
#2595 = CARTESIAN_POINT('',(3.040898333267,39.538641246935));
#2596 = CARTESIAN_POINT('',(3.05288494435,39.768994658616));
#2597 = CARTESIAN_POINT('',(3.058303411265,39.863963398161));
#2598 = CARTESIAN_POINT('',(3.063925436184,39.953168634422));
#2599 = CARTESIAN_POINT('',(3.069744017698,40.035999843457));
#2600 = CARTESIAN_POINT('',(3.075750702563,40.111855842982));
#2601 = CARTESIAN_POINT('',(3.091151335508,40.281895789032));
#2602 = CARTESIAN_POINT('',(3.100783335797,40.36707281343));
#2603 = CARTESIAN_POINT('',(3.110744469008,40.432935263776));
#2604 = CARTESIAN_POINT('',(3.120936393646,40.477590842502));
#2605 = CARTESIAN_POINT('',(3.131254544774,40.5));
#2606 = CARTESIAN_POINT('',(3.14159265359,40.5));
#2607 = ( GEOMETRIC_REPRESENTATION_CONTEXT(2) 
PARAMETRIC_REPRESENTATION_CONTEXT() REPRESENTATION_CONTEXT('2D SPACE',''
  ) );
#2608 = ORIENTED_EDGE('',*,*,#2609,.F.);
#2609 = EDGE_CURVE('',#861,#2305,#2610,.T.);
#2610 = SEAM_CURVE('',#2611,(#2615,#2622),.PCURVE_S1.);
#2611 = LINE('',#2612,#2613);
#2612 = CARTESIAN_POINT('',(-52.,1.347111479062E-15,420.5));
#2613 = VECTOR('',#2614,1.);
#2614 = DIRECTION('',(1.,0.,0.));
#2615 = PCURVE('',#1064,#2616);
#2616 = DEFINITIONAL_REPRESENTATION('',(#2617),#2621);
#2617 = LINE('',#2618,#2619);
#2618 = CARTESIAN_POINT('',(6.28318530718,-0.));
#2619 = VECTOR('',#2620,1.);
#2620 = DIRECTION('',(0.,1.));
#2621 = ( GEOMETRIC_REPRESENTATION_CONTEXT(2) 
PARAMETRIC_REPRESENTATION_CONTEXT() REPRESENTATION_CONTEXT('2D SPACE',''
  ) );
#2622 = PCURVE('',#1064,#2623);
#2623 = DEFINITIONAL_REPRESENTATION('',(#2624),#2628);
#2624 = LINE('',#2625,#2626);
#2625 = CARTESIAN_POINT('',(0.,-0.));
#2626 = VECTOR('',#2627,1.);
#2627 = DIRECTION('',(0.,1.));
#2628 = ( GEOMETRIC_REPRESENTATION_CONTEXT(2) 
PARAMETRIC_REPRESENTATION_CONTEXT() REPRESENTATION_CONTEXT('2D SPACE',''
  ) );
#2629 = ORIENTED_EDGE('',*,*,#860,.T.);
#2630 = ORIENTED_EDGE('',*,*,#2609,.T.);
#2631 = ADVANCED_FACE('',(#2632),#1386,.F.);
#2632 = FACE_BOUND('',#2633,.F.);
#2633 = EDGE_LOOP('',(#2634,#2939,#2960,#2961));
#2634 = ORIENTED_EDGE('',*,*,#2635,.F.);
#2635 = EDGE_CURVE('',#2636,#2636,#2638,.T.);
#2636 = VERTEX_POINT('',#2637);
#2637 = CARTESIAN_POINT('',(-31.,1.347111479062E-15,475.5));
#2638 = SURFACE_CURVE('',#2639,(#2737,#2838),.PCURVE_S1.);
#2639 = B_SPLINE_CURVE_WITH_KNOTS('',6,(#2640,#2641,#2642,#2643,#2644,
    #2645,#2646,#2647,#2648,#2649,#2650,#2651,#2652,#2653,#2654,#2655,
    #2656,#2657,#2658,#2659,#2660,#2661,#2662,#2663,#2664,#2665,#2666,
    #2667,#2668,#2669,#2670,#2671,#2672,#2673,#2674,#2675,#2676,#2677,
    #2678,#2679,#2680,#2681,#2682,#2683,#2684,#2685,#2686,#2687,#2688,
    #2689,#2690,#2691,#2692,#2693,#2694,#2695,#2696,#2697,#2698,#2699,
    #2700,#2701,#2702,#2703,#2704,#2705,#2706,#2707,#2708,#2709,#2710,
    #2711,#2712,#2713,#2714,#2715,#2716,#2717,#2718,#2719,#2720,#2721,
    #2722,#2723,#2724,#2725,#2726,#2727,#2728,#2729,#2730,#2731,#2732,
    #2733,#2734,#2735,#2736),.UNSPECIFIED.,.T.,.F.,(7,5,5,5,5,5,5,5,5,5,
    5,5,5,5,5,5,5,5,5,7),(0.,4.580309344591E-02,7.653981511375E-02,
    0.116527262973,0.177422417133,0.250200532761,0.322979374522,
    0.383874787336,0.423862404367,0.479653249744,0.530432209369,
    0.576676799691,0.616613750435,0.67743200575,0.750118216634,
    0.822805152741,0.883623671059,0.923560792068,0.954258829536,1.),
  .UNSPECIFIED.);
#2640 = CARTESIAN_POINT('',(-31.,2.6645352591E-15,475.5));
#2641 = CARTESIAN_POINT('',(-31.,-0.32052656456,475.5));
#2642 = CARTESIAN_POINT('',(-30.99602312292,-0.640387719077,
    475.47758451315));
#2643 = CARTESIAN_POINT('',(-30.98809999422,-0.956248470195,
    475.43292858188));
#2644 = CARTESIAN_POINT('',(-30.97653460586,-1.264828610205,
    475.36707401717));
#2645 = CARTESIAN_POINT('',(-30.9618871913,-1.563065644381,
    475.28190530272));
#2646 = CARTESIAN_POINT('',(-30.93342104526,-2.039662622183,
    475.11185584298));
#2647 = CARTESIAN_POINT('',(-30.92089855517,-2.225453766578,
    475.03599984345));
#2648 = CARTESIAN_POINT('',(-30.90745761543,-2.405335188176,
    474.95316863442));
#2649 = CARTESIAN_POINT('',(-30.89327562391,-2.57904566547,
    474.86396339816));
#2650 = CARTESIAN_POINT('',(-30.87852841505,-2.746372553123,
    474.76899465861));
#2651 = CARTESIAN_POINT('',(-30.8436815186,-3.116319933291,
    474.53864124693));
#2652 = CARTESIAN_POINT('',(-30.82330007036,-3.31447585813,
    474.39965161083));
#2653 = CARTESIAN_POINT('',(-30.80257100231,-3.501652229626,
    474.25301555805));
#2654 = CARTESIAN_POINT('',(-30.78178768259,-3.677951827492,
    474.09970808391));
#2655 = CARTESIAN_POINT('',(-30.76120515874,-3.843526839538,
    473.94059402943));
#2656 = CARTESIAN_POINT('',(-30.71033100158,-4.234648935635,
    473.52646784119));
#2657 = CARTESIAN_POINT('',(-30.68057529093,-4.446400539109,
    473.26469445629));
#2658 = CARTESIAN_POINT('',(-30.6525104116,-4.634644629535,
    472.99357502384));
#2659 = CARTESIAN_POINT('',(-30.62668208357,-4.800216563379,
    472.71499490406));
#2660 = CARTESIAN_POINT('',(-30.60348899694,-4.943868116359,
    472.43041046509));
#2661 = CARTESIAN_POINT('',(-30.5590127509,-5.212359788008,
    471.79508289843));
#2662 = CARTESIAN_POINT('',(-30.53898612978,-5.328054962324,
    471.44227708963));
#2663 = CARTESIAN_POINT('',(-30.52366620595,-5.414185268235,
    471.0847359276));
#2664 = CARTESIAN_POINT('',(-30.51335351631,-5.47138948982,
    470.72418601422));
#2665 = CARTESIAN_POINT('',(-30.50819562019,-5.5,470.36212017598));
#2666 = CARTESIAN_POINT('',(-30.50819562019,-5.5,469.63787621101));
#2667 = CARTESIAN_POINT('',(-30.51335362352,-5.471388901032,
    469.27581013466));
#2668 = CARTESIAN_POINT('',(-30.52366632846,-5.414184582421,
    468.91526239123));
#2669 = CARTESIAN_POINT('',(-30.53898611966,-5.328054968976,
    468.55772385267));
#2670 = CARTESIAN_POINT('',(-30.55901261215,-5.21236062559,
    468.20491908352));
#2671 = CARTESIAN_POINT('',(-30.60348899694,-4.943868116359,
    467.5695895349));
#2672 = CARTESIAN_POINT('',(-30.62668208357,-4.800216563379,
    467.28500509593));
#2673 = CARTESIAN_POINT('',(-30.6525104116,-4.634644629535,
    467.00642497615));
#2674 = CARTESIAN_POINT('',(-30.68057529093,-4.446400539109,
    466.7353055437));
#2675 = CARTESIAN_POINT('',(-30.71033100158,-4.234648935635,
    466.4735321588));
#2676 = CARTESIAN_POINT('',(-30.7612051584,-3.843526842155,
    466.05940597333));
#2677 = CARTESIAN_POINT('',(-30.78178768314,-3.677951822631,
    465.90029191201));
#2678 = CARTESIAN_POINT('',(-30.80257100231,-3.501652230066,
    465.74698444168));
#2679 = CARTESIAN_POINT('',(-30.82330006981,-3.3144758632,
    465.60034839311));
#2680 = CARTESIAN_POINT('',(-30.84368151893,-3.116319929729,
    465.46135875084));
#2681 = CARTESIAN_POINT('',(-30.89087285405,-2.615319480025,
    465.14940313491));
#2682 = CARTESIAN_POINT('',(-30.9171578228,-2.300804918955,
    464.9839420686));
#2683 = CARTESIAN_POINT('',(-30.94111607611,-1.965323220796,
    464.83933536341));
#2684 = CARTESIAN_POINT('',(-30.96157016336,-1.611315393047,
    464.71959544699));
#2685 = CARTESIAN_POINT('',(-30.97746715982,-1.241827435606,
    464.62812795153));
#2686 = CARTESIAN_POINT('',(-30.99769715685,-0.513217571535,
    464.51272748599));
#2687 = CARTESIAN_POINT('',(-31.00290015344,-0.157592935679,
    464.4836949081));
#2688 = CARTESIAN_POINT('',(-31.00310563825,0.201399586502,
    464.48267032374));
#2689 = CARTESIAN_POINT('',(-30.9981799945,0.558398858321,
    464.51001401736));
#2690 = CARTESIAN_POINT('',(-30.98853774815,0.908125082112,
    464.5644272802));
#2691 = CARTESIAN_POINT('',(-30.96259482401,1.55319231722,
    464.71443123907));
#2692 = CARTESIAN_POINT('',(-30.94697535208,1.850358604413,
    464.80585474191));
#2693 = CARTESIAN_POINT('',(-30.92862183374,2.13558832118,464.9153612926
    ));
#2694 = CARTESIAN_POINT('',(-30.90814803137,2.407489448081,
    465.04091793795));
#2695 = CARTESIAN_POINT('',(-30.8861981927,2.664947392212,
    465.18030471578));
#2696 = CARTESIAN_POINT('',(-30.84368151893,3.11631992973,
    465.46135875084));
#2697 = CARTESIAN_POINT('',(-30.82330006981,3.3144758632,465.60034839311
    ));
#2698 = CARTESIAN_POINT('',(-30.80257100231,3.501652230065,
    465.74698444168));
#2699 = CARTESIAN_POINT('',(-30.78178768314,3.677951822631,
    465.90029191201));
#2700 = CARTESIAN_POINT('',(-30.7612051584,3.843526842155,
    466.05940597333));
#2701 = CARTESIAN_POINT('',(-30.71033100158,4.234648935635,
    466.4735321588));
#2702 = CARTESIAN_POINT('',(-30.68057529093,4.446400539109,
    466.7353055437));
#2703 = CARTESIAN_POINT('',(-30.6525104116,4.634644629535,
    467.00642497615));
#2704 = CARTESIAN_POINT('',(-30.62668208357,4.800216563379,
    467.28500509593));
#2705 = CARTESIAN_POINT('',(-30.60348899694,4.943868116359,
    467.5695895349));
#2706 = CARTESIAN_POINT('',(-30.5590127509,5.212359787992,
    468.20491710152));
#2707 = CARTESIAN_POINT('',(-30.53898612978,5.328054962356,
    468.55772291043));
#2708 = CARTESIAN_POINT('',(-30.52366620596,5.414185268212,
    468.91526407239));
#2709 = CARTESIAN_POINT('',(-30.51335351631,5.471389489825,
    469.27581398571));
#2710 = CARTESIAN_POINT('',(-30.50819562019,5.5,469.63787982405));
#2711 = CARTESIAN_POINT('',(-30.50819562019,5.5,470.36212378898));
#2712 = CARTESIAN_POINT('',(-30.51335362352,5.471388901032,
    470.72418986533));
#2713 = CARTESIAN_POINT('',(-30.52366632846,5.414184582421,
    471.08473760876));
#2714 = CARTESIAN_POINT('',(-30.53898611966,5.328054968976,
    471.44227614732));
#2715 = CARTESIAN_POINT('',(-30.55901261215,5.212360625591,
    471.79508091647));
#2716 = CARTESIAN_POINT('',(-30.60348899849,4.943868106952,
    472.43041048735));
#2717 = CARTESIAN_POINT('',(-30.62668208046,4.800216584768,
    472.71499487013));
#2718 = CARTESIAN_POINT('',(-30.65251041199,4.634644625355,
    472.99357502256));
#2719 = CARTESIAN_POINT('',(-30.68057529423,4.446400515742,
    473.26469448963));
#2720 = CARTESIAN_POINT('',(-30.71033099919,4.234648954032,
    473.52646782171));
#2721 = CARTESIAN_POINT('',(-30.76120515874,3.84352683954,
    473.94059402943));
#2722 = CARTESIAN_POINT('',(-30.78178768259,3.677951827492,
    474.09970808391));
#2723 = CARTESIAN_POINT('',(-30.80257100231,3.501652229624,
    474.25301555806));
#2724 = CARTESIAN_POINT('',(-30.82330007036,3.314475858129,
    474.39965161083));
#2725 = CARTESIAN_POINT('',(-30.8436815186,3.116319933294,
    474.53864124693));
#2726 = CARTESIAN_POINT('',(-30.87852841505,2.746372553126,
    474.76899465861));
#2727 = CARTESIAN_POINT('',(-30.89327562391,2.579045665469,
    474.86396339816));
#2728 = CARTESIAN_POINT('',(-30.90745761543,2.405335188172,
    474.95316863442));
#2729 = CARTESIAN_POINT('',(-30.92089855517,2.225453766577,
    475.03599984345));
#2730 = CARTESIAN_POINT('',(-30.93342104526,2.039662622187,
    475.11185584298));
#2731 = CARTESIAN_POINT('',(-30.96188559872,1.563092308374,
    475.28189578903));
#2732 = CARTESIAN_POINT('',(-30.97653432565,1.264843139181,
    475.36707281343));
#2733 = CARTESIAN_POINT('',(-30.98810118788,0.956232177047,
    475.43293526377));
#2734 = CARTESIAN_POINT('',(-30.99602423855,0.640344033594,
    475.4775908425));
#2735 = CARTESIAN_POINT('',(-31.,0.320481373282,475.5));
#2736 = CARTESIAN_POINT('',(-31.,2.6645352591E-15,475.5));
#2737 = PCURVE('',#1386,#2738);
#2738 = DEFINITIONAL_REPRESENTATION('',(#2739),#2837);
#2739 = B_SPLINE_CURVE_WITH_KNOTS('',6,(#2740,#2741,#2742,#2743,#2744,
    #2745,#2746,#2747,#2748,#2749,#2750,#2751,#2752,#2753,#2754,#2755,
    #2756,#2757,#2758,#2759,#2760,#2761,#2762,#2763,#2764,#2765,#2766,
    #2767,#2768,#2769,#2770,#2771,#2772,#2773,#2774,#2775,#2776,#2777,
    #2778,#2779,#2780,#2781,#2782,#2783,#2784,#2785,#2786,#2787,#2788,
    #2789,#2790,#2791,#2792,#2793,#2794,#2795,#2796,#2797,#2798,#2799,
    #2800,#2801,#2802,#2803,#2804,#2805,#2806,#2807,#2808,#2809,#2810,
    #2811,#2812,#2813,#2814,#2815,#2816,#2817,#2818,#2819,#2820,#2821,
    #2822,#2823,#2824,#2825,#2826,#2827,#2828,#2829,#2830,#2831,#2832,
    #2833,#2834,#2835,#2836),.UNSPECIFIED.,.F.,.F.,(7,5,5,5,5,5,5,5,5,5,
    5,5,5,5,5,5,5,5,5,7),(0.,4.580309344591E-02,7.653981511375E-02,
    0.116527262973,0.177422417133,0.250200532761,0.322979374522,
    0.383874787336,0.423862404367,0.479653249744,0.530432209369,
    0.576676799691,0.616613750435,0.67743200575,0.750118216634,
    0.822805152741,0.883623671059,0.923560792068,0.954258829536,1.),
  .UNSPECIFIED.);
#2740 = CARTESIAN_POINT('',(0.,21.));
#2741 = CARTESIAN_POINT('',(5.827755719278E-02,21.));
#2742 = CARTESIAN_POINT('',(0.116434125542,21.003976877079));
#2743 = CARTESIAN_POINT('',(0.174219651406,21.011900005773));
#2744 = CARTESIAN_POINT('',(0.231386428543,21.023465394135));
#2745 = CARTESIAN_POINT('',(0.287661652238,21.038112808691));
#2746 = CARTESIAN_POINT('',(0.379666233154,21.066578954736));
#2747 = CARTESIAN_POINT('',(0.416116736211,21.079101444824));
#2748 = CARTESIAN_POINT('',(0.452072157313,21.092542384569));
#2749 = CARTESIAN_POINT('',(0.487529727596,21.106724376086));
#2750 = CARTESIAN_POINT('',(0.522482384696,21.121471584948));
#2751 = CARTESIAN_POINT('',(0.601719190228,21.156318481398));
#2752 = CARTESIAN_POINT('',(0.645660763011,21.176699929639));
#2753 = CARTESIAN_POINT('',(0.688804190223,21.197428997683));
#2754 = CARTESIAN_POINT('',(0.731203063296,21.218212317402));
#2755 = CARTESIAN_POINT('',(0.772905873844,21.238794841255));
#2756 = CARTESIAN_POINT('',(0.87647475041,21.289668998416));
#2757 = CARTESIAN_POINT('',(0.937512625365,21.319424709069));
#2758 = CARTESIAN_POINT('',(0.997289479446,21.347489588399));
#2759 = CARTESIAN_POINT('',(1.056000267691,21.373317916422));
#2760 = CARTESIAN_POINT('',(1.113828443811,21.39651100306));
#2761 = CARTESIAN_POINT('',(1.239234085755,21.440987249099));
#2762 = CARTESIAN_POINT('',(1.306509493396,21.461013870212));
#2763 = CARTESIAN_POINT('',(1.373058067152,21.476333794041));
#2764 = CARTESIAN_POINT('',(1.439126094967,21.486646483682));
#2765 = CARTESIAN_POINT('',(1.504956294798,21.491804379806));
#2766 = CARTESIAN_POINT('',(1.636637015701,21.491804379806));
#2767 = CARTESIAN_POINT('',(1.702467265416,21.486646376474));
#2768 = CARTESIAN_POINT('',(1.768534898955,21.476333671533));
#2769 = CARTESIAN_POINT('',(1.835083005219,21.461013880334));
#2770 = CARTESIAN_POINT('',(1.902358176621,21.440987387846));
#2771 = CARTESIAN_POINT('',(2.027764209779,21.39651100306));
#2772 = CARTESIAN_POINT('',(2.085592385899,21.373317916422));
#2773 = CARTESIAN_POINT('',(2.144303174144,21.347489588399));
#2774 = CARTESIAN_POINT('',(2.204080028225,21.319424709069));
#2775 = CARTESIAN_POINT('',(2.26511790318,21.289668998416));
#2776 = CARTESIAN_POINT('',(2.368686779053,21.238794841595));
#2777 = CARTESIAN_POINT('',(2.410389591455,21.218212316856));
#2778 = CARTESIAN_POINT('',(2.452788463334,21.197428997681));
#2779 = CARTESIAN_POINT('',(2.495931889402,21.176699930185));
#2780 = CARTESIAN_POINT('',(2.539873464124,21.156318481063));
#2781 = CARTESIAN_POINT('',(2.647179738835,21.109127145948));
#2782 = CARTESIAN_POINT('',(2.711624189426,21.082842177197));
#2783 = CARTESIAN_POINT('',(2.777741075919,21.058883923887));
#2784 = CARTESIAN_POINT('',(2.845341819739,21.038429836638));
#2785 = CARTESIAN_POINT('',(2.914296193817,21.02253284018));
#2786 = CARTESIAN_POINT('',(3.048422026122,21.002302843141));
#2787 = CARTESIAN_POINT('',(3.113110738138,20.997099846557));
#2788 = CARTESIAN_POINT('',(3.17807757609,20.996894361744));
#2789 = CARTESIAN_POINT('',(3.242876329465,21.001820005497));
#2790 = CARTESIAN_POINT('',(3.307051210562,21.011462251846));
#2791 = CARTESIAN_POINT('',(3.427465498927,21.037405175989));
#2792 = CARTESIAN_POINT('',(3.483856628778,21.053024647919));
#2793 = CARTESIAN_POINT('',(3.53921844284,21.071378166253));
#2794 = CARTESIAN_POINT('',(3.593502625553,21.091851968621));
#2795 = CARTESIAN_POINT('',(3.646635072533,21.113801807291));
#2796 = CARTESIAN_POINT('',(3.743311843055,21.156318481063));
#2797 = CARTESIAN_POINT('',(3.787253417777,21.176699930185));
#2798 = CARTESIAN_POINT('',(3.830396843845,21.197428997681));
#2799 = CARTESIAN_POINT('',(3.872795715724,21.218212316856));
#2800 = CARTESIAN_POINT('',(3.914498528127,21.238794841595));
#2801 = CARTESIAN_POINT('',(4.018067404,21.289668998416));
#2802 = CARTESIAN_POINT('',(4.079105278955,21.319424709069));
#2803 = CARTESIAN_POINT('',(4.138882133036,21.347489588399));
#2804 = CARTESIAN_POINT('',(4.19759292128,21.373317916422));
#2805 = CARTESIAN_POINT('',(4.255421097401,21.39651100306));
#2806 = CARTESIAN_POINT('',(4.380826739337,21.440987249096));
#2807 = CARTESIAN_POINT('',(4.448102146998,21.461013870218));
#2808 = CARTESIAN_POINT('',(4.514650720742,21.476333794038));
#2809 = CARTESIAN_POINT('',(4.580718748545,21.486646483683));
#2810 = CARTESIAN_POINT('',(4.646548948394,21.491804379806));
#2811 = CARTESIAN_POINT('',(4.778229669291,21.491804379806));
#2812 = CARTESIAN_POINT('',(4.844059919006,21.486646376474));
#2813 = CARTESIAN_POINT('',(4.910127552545,21.476333671533));
#2814 = CARTESIAN_POINT('',(4.976675658808,21.461013880334));
#2815 = CARTESIAN_POINT('',(5.043950830211,21.440987387846));
#2816 = CARTESIAN_POINT('',(5.169356867763,21.396511001502));
#2817 = CARTESIAN_POINT('',(5.227185032097,21.373317919537));
#2818 = CARTESIAN_POINT('',(5.285895827958,21.34748958801));
#2819 = CARTESIAN_POINT('',(5.345672689313,21.319424705769));
#2820 = CARTESIAN_POINT('',(5.406710551898,21.289669000809));
#2821 = CARTESIAN_POINT('',(5.510279433335,21.238794841255));
#2822 = CARTESIAN_POINT('',(5.551982243884,21.218212317402));
#2823 = CARTESIAN_POINT('',(5.594381116957,21.197428997683));
#2824 = CARTESIAN_POINT('',(5.637524544169,21.176699929639));
#2825 = CARTESIAN_POINT('',(5.681466116951,21.156318481399));
#2826 = CARTESIAN_POINT('',(5.760702922483,21.121471584948));
#2827 = CARTESIAN_POINT('',(5.795655579584,21.106724376085));
#2828 = CARTESIAN_POINT('',(5.831113149867,21.092542384568));
#2829 = CARTESIAN_POINT('',(5.867068570969,21.079101444824));
#2830 = CARTESIAN_POINT('',(5.903519074025,21.066578954736));
#2831 = CARTESIAN_POINT('',(5.995518507595,21.038114401276));
#2832 = CARTESIAN_POINT('',(6.051796316715,21.023465674341));
#2833 = CARTESIAN_POINT('',(6.108968770234,21.011898812119));
#2834 = CARTESIAN_POINT('',(6.166759123824,21.003975761442));
#2835 = CARTESIAN_POINT('',(6.224915966583,21.));
#2836 = CARTESIAN_POINT('',(6.28318530718,21.));
#2837 = ( GEOMETRIC_REPRESENTATION_CONTEXT(2) 
PARAMETRIC_REPRESENTATION_CONTEXT() REPRESENTATION_CONTEXT('2D SPACE',''
  ) );
#2838 = PCURVE('',#1638,#2839);
#2839 = DEFINITIONAL_REPRESENTATION('',(#2840),#2938);
#2840 = B_SPLINE_CURVE_WITH_KNOTS('',6,(#2841,#2842,#2843,#2844,#2845,
    #2846,#2847,#2848,#2849,#2850,#2851,#2852,#2853,#2854,#2855,#2856,
    #2857,#2858,#2859,#2860,#2861,#2862,#2863,#2864,#2865,#2866,#2867,
    #2868,#2869,#2870,#2871,#2872,#2873,#2874,#2875,#2876,#2877,#2878,
    #2879,#2880,#2881,#2882,#2883,#2884,#2885,#2886,#2887,#2888,#2889,
    #2890,#2891,#2892,#2893,#2894,#2895,#2896,#2897,#2898,#2899,#2900,
    #2901,#2902,#2903,#2904,#2905,#2906,#2907,#2908,#2909,#2910,#2911,
    #2912,#2913,#2914,#2915,#2916,#2917,#2918,#2919,#2920,#2921,#2922,
    #2923,#2924,#2925,#2926,#2927,#2928,#2929,#2930,#2931,#2932,#2933,
    #2934,#2935,#2936,#2937),.UNSPECIFIED.,.T.,.F.,(7,5,5,5,5,5,5,5,5,5,
    5,5,5,5,5,5,5,5,5,7),(0.,4.580309344591E-02,7.653981511375E-02,
    0.116527262973,0.177422417133,0.250200532761,0.322979374522,
    0.383874787336,0.423862404367,0.479653249744,0.530432209369,
    0.576676799691,0.616613750435,0.67743200575,0.750118216634,
    0.822805152741,0.883623671059,0.923560792068,0.954258829536,1.),
  .UNSPECIFIED.);
#2841 = CARTESIAN_POINT('',(3.14159265359,95.5));
#2842 = CARTESIAN_POINT('',(3.151932220189,95.5));
#2843 = CARTESIAN_POINT('',(3.162250322829,95.477584513157));
#2844 = CARTESIAN_POINT('',(3.17244136452,95.43292858188));
#2845 = CARTESIAN_POINT('',(3.182401503081,95.367074017176));
#2846 = CARTESIAN_POINT('',(3.192033110009,95.281905302726));
#2847 = CARTESIAN_POINT('',(3.207434604616,95.111855842983));
#2848 = CARTESIAN_POINT('',(3.213441289482,95.035999843457));
#2849 = CARTESIAN_POINT('',(3.219259870996,94.95316863442));
#2850 = CARTESIAN_POINT('',(3.224881895915,94.86396339816));
#2851 = CARTESIAN_POINT('',(3.23030036283,94.768994658618));
#2852 = CARTESIAN_POINT('',(3.242286973913,94.538641246935));
#2853 = CARTESIAN_POINT('',(3.248712587529,94.399651610835));
#2854 = CARTESIAN_POINT('',(3.254787193528,94.253015558058));
#2855 = CARTESIAN_POINT('',(3.260513477597,94.099708083911));
#2856 = CARTESIAN_POINT('',(3.265895629718,93.940594029436));
#2857 = CARTESIAN_POINT('',(3.278618754826,93.526467841196));
#2858 = CARTESIAN_POINT('',(3.285516206122,93.264694456293));
#2859 = CARTESIAN_POINT('',(3.291655439859,92.993575023844));
#2860 = CARTESIAN_POINT('',(3.297060956754,92.714994904067));
#2861 = CARTESIAN_POINT('',(3.301754840866,92.430410465092));
#2862 = CARTESIAN_POINT('',(3.310533890412,91.795082898431));
#2863 = CARTESIAN_POINT('',(3.314321393778,91.442277089631));
#2864 = CARTESIAN_POINT('',(3.317143394958,91.084735927608));
#2865 = CARTESIAN_POINT('',(3.319018437664,90.724186014222));
#2866 = CARTESIAN_POINT('',(3.319956235519,90.362120175983));
#2867 = CARTESIAN_POINT('',(3.319956235519,89.637876211018));
#2868 = CARTESIAN_POINT('',(3.319018418317,89.275810134669));
#2869 = CARTESIAN_POINT('',(3.317143372541,88.915262391233));
#2870 = CARTESIAN_POINT('',(3.31432139402,88.557723852679));
#2871 = CARTESIAN_POINT('',(3.310533917799,88.204919083526));
#2872 = CARTESIAN_POINT('',(3.301754840866,87.569589534908));
#2873 = CARTESIAN_POINT('',(3.297060956754,87.285005095933));
#2874 = CARTESIAN_POINT('',(3.291655439859,87.006424976156));
#2875 = CARTESIAN_POINT('',(3.285516206122,86.735305543707));
#2876 = CARTESIAN_POINT('',(3.278618754826,86.473532158804));
#2877 = CARTESIAN_POINT('',(3.265895629804,86.059405973336));
#2878 = CARTESIAN_POINT('',(3.260513477439,85.900291912018));
#2879 = CARTESIAN_POINT('',(3.254787193542,85.746984441686));
#2880 = CARTESIAN_POINT('',(3.248712587694,85.600348393117));
#2881 = CARTESIAN_POINT('',(3.242286973797,85.461358750847));
#2882 = CARTESIAN_POINT('',(3.226054131331,85.149403134911));
#2883 = CARTESIAN_POINT('',(3.215873674541,84.9839420686));
#2884 = CARTESIAN_POINT('',(3.205025437333,84.839335363413));
#2885 = CARTESIAN_POINT('',(3.193588494002,84.719595446997));
#2886 = CARTESIAN_POINT('',(3.181659909508,84.628127951534));
#2887 = CARTESIAN_POINT('',(3.158147307737,84.512727485998));
#2888 = CARTESIAN_POINT('',(3.146675302968,84.483694908107));
#2889 = CARTESIAN_POINT('',(3.135096661044,84.482670323744));
#2890 = CARTESIAN_POINT('',(3.123581157843,84.510014017361));
#2891 = CARTESIAN_POINT('',(3.112296276799,84.564427280209));
#2892 = CARTESIAN_POINT('',(3.091470834775,84.714431239075));
#2893 = CARTESIAN_POINT('',(3.081872327489,84.805854741917));
#2894 = CARTESIAN_POINT('',(3.07265323092,84.9153612926));
#2895 = CARTESIAN_POINT('',(3.063858091046,85.040917937955));
#2896 = CARTESIAN_POINT('',(3.055523189107,85.180304715784));
#2897 = CARTESIAN_POINT('',(3.040898333382,85.461358750848));
#2898 = CARTESIAN_POINT('',(3.034472719486,85.600348393117));
#2899 = CARTESIAN_POINT('',(3.028398113637,85.746984441686));
#2900 = CARTESIAN_POINT('',(3.02267182974,85.900291912018));
#2901 = CARTESIAN_POINT('',(3.017289677376,86.059405973336));
#2902 = CARTESIAN_POINT('',(3.004566552353,86.473532158804));
#2903 = CARTESIAN_POINT('',(2.997669101058,86.735305543707));
#2904 = CARTESIAN_POINT('',(2.99152986732,87.006424976156));
#2905 = CARTESIAN_POINT('',(2.986124350425,87.285005095933));
#2906 = CARTESIAN_POINT('',(2.981430466313,87.569589534908));
#2907 = CARTESIAN_POINT('',(2.972651416768,88.204917101529));
#2908 = CARTESIAN_POINT('',(2.9688639134,88.55772291043));
#2909 = CARTESIAN_POINT('',(2.966041912222,88.915264072399));
#2910 = CARTESIAN_POINT('',(2.964166869516,89.275813985713));
#2911 = CARTESIAN_POINT('',(2.96322907166,89.637879824052));
#2912 = CARTESIAN_POINT('',(2.96322907166,90.362123788982));
#2913 = CARTESIAN_POINT('',(2.964166888862,90.72418986533));
#2914 = CARTESIAN_POINT('',(2.966041934639,91.084737608769));
#2915 = CARTESIAN_POINT('',(2.968863913159,91.44227614732));
#2916 = CARTESIAN_POINT('',(2.97265138938,91.795080916474));
#2917 = CARTESIAN_POINT('',(2.981430466621,92.430410487353));
#2918 = CARTESIAN_POINT('',(2.986124349728,92.714994870131));
#2919 = CARTESIAN_POINT('',(2.991529867456,92.993575022563));
#2920 = CARTESIAN_POINT('',(2.997669101819,93.264694489634));
#2921 = CARTESIAN_POINT('',(3.004566551755,93.526467821716));
#2922 = CARTESIAN_POINT('',(3.017289677461,93.940594029434));
#2923 = CARTESIAN_POINT('',(3.022671829583,94.099708083911));
#2924 = CARTESIAN_POINT('',(3.028398113651,94.25301555806));
#2925 = CARTESIAN_POINT('',(3.03447271965,94.399651610836));
#2926 = CARTESIAN_POINT('',(3.040898333267,94.538641246933));
#2927 = CARTESIAN_POINT('',(3.05288494435,94.768994658616));
#2928 = CARTESIAN_POINT('',(3.058303411265,94.863963398161));
#2929 = CARTESIAN_POINT('',(3.063925436184,94.953168634422));
#2930 = CARTESIAN_POINT('',(3.069744017698,95.035999843457));
#2931 = CARTESIAN_POINT('',(3.075750702563,95.111855842982));
#2932 = CARTESIAN_POINT('',(3.091151335508,95.281895789032));
#2933 = CARTESIAN_POINT('',(3.100783335797,95.36707281343));
#2934 = CARTESIAN_POINT('',(3.110744469008,95.432935263776));
#2935 = CARTESIAN_POINT('',(3.120936393646,95.477590842502));
#2936 = CARTESIAN_POINT('',(3.131254544774,95.5));
#2937 = CARTESIAN_POINT('',(3.14159265359,95.5));
#2938 = ( GEOMETRIC_REPRESENTATION_CONTEXT(2) 
PARAMETRIC_REPRESENTATION_CONTEXT() REPRESENTATION_CONTEXT('2D SPACE',''
  ) );
#2939 = ORIENTED_EDGE('',*,*,#2940,.F.);
#2940 = EDGE_CURVE('',#1173,#2636,#2941,.T.);
#2941 = SEAM_CURVE('',#2942,(#2946,#2953),.PCURVE_S1.);
#2942 = LINE('',#2943,#2944);
#2943 = CARTESIAN_POINT('',(-52.,1.347111479062E-15,475.5));
#2944 = VECTOR('',#2945,1.);
#2945 = DIRECTION('',(1.,0.,0.));
#2946 = PCURVE('',#1386,#2947);
#2947 = DEFINITIONAL_REPRESENTATION('',(#2948),#2952);
#2948 = LINE('',#2949,#2950);
#2949 = CARTESIAN_POINT('',(6.28318530718,-0.));
#2950 = VECTOR('',#2951,1.);
#2951 = DIRECTION('',(0.,1.));
#2952 = ( GEOMETRIC_REPRESENTATION_CONTEXT(2) 
PARAMETRIC_REPRESENTATION_CONTEXT() REPRESENTATION_CONTEXT('2D SPACE',''
  ) );
#2953 = PCURVE('',#1386,#2954);
#2954 = DEFINITIONAL_REPRESENTATION('',(#2955),#2959);
#2955 = LINE('',#2956,#2957);
#2956 = CARTESIAN_POINT('',(0.,-0.));
#2957 = VECTOR('',#2958,1.);
#2958 = DIRECTION('',(0.,1.));
#2959 = ( GEOMETRIC_REPRESENTATION_CONTEXT(2) 
PARAMETRIC_REPRESENTATION_CONTEXT() REPRESENTATION_CONTEXT('2D SPACE',''
  ) );
#2960 = ORIENTED_EDGE('',*,*,#1172,.T.);
#2961 = ORIENTED_EDGE('',*,*,#2940,.T.);
#2962 = ADVANCED_FACE('',(#2963,#3065,#3068),#1638,.F.);
#2963 = FACE_BOUND('',#2964,.F.);
#2964 = EDGE_LOOP('',(#2965,#2966,#2989,#3016,#3017,#3018,#3039,#3040,
    #3061,#3062,#3063,#3064));
#2965 = ORIENTED_EDGE('',*,*,#1524,.F.);
#2966 = ORIENTED_EDGE('',*,*,#2967,.F.);
#2967 = EDGE_CURVE('',#2968,#1502,#2970,.T.);
#2968 = VERTEX_POINT('',#2969);
#2969 = CARTESIAN_POINT('',(31.,-7.592810154714E-15,500.));
#2970 = SEAM_CURVE('',#2971,(#2975,#2982),.PCURVE_S1.);
#2971 = LINE('',#2972,#2973);
#2972 = CARTESIAN_POINT('',(31.,-7.592810154714E-15,500.));
#2973 = VECTOR('',#2974,1.);
#2974 = DIRECTION('',(0.,1.824473802811E-16,-1.));
#2975 = PCURVE('',#1638,#2976);
#2976 = DEFINITIONAL_REPRESENTATION('',(#2977),#2981);
#2977 = LINE('',#2978,#2979);
#2978 = CARTESIAN_POINT('',(6.28318530718,120.));
#2979 = VECTOR('',#2980,1.);
#2980 = DIRECTION('',(-0.,-1.));
#2981 = ( GEOMETRIC_REPRESENTATION_CONTEXT(2) 
PARAMETRIC_REPRESENTATION_CONTEXT() REPRESENTATION_CONTEXT('2D SPACE',''
  ) );
#2982 = PCURVE('',#1638,#2983);
#2983 = DEFINITIONAL_REPRESENTATION('',(#2984),#2988);
#2984 = LINE('',#2985,#2986);
#2985 = CARTESIAN_POINT('',(0.,120.));
#2986 = VECTOR('',#2987,1.);
#2987 = DIRECTION('',(-0.,-1.));
#2988 = ( GEOMETRIC_REPRESENTATION_CONTEXT(2) 
PARAMETRIC_REPRESENTATION_CONTEXT() REPRESENTATION_CONTEXT('2D SPACE',''
  ) );
#2989 = ORIENTED_EDGE('',*,*,#2990,.F.);
#2990 = EDGE_CURVE('',#2968,#2968,#2991,.T.);
#2991 = SURFACE_CURVE('',#2992,(#2997,#3004),.PCURVE_S1.);
#2992 = CIRCLE('',#2993,31.);
#2993 = AXIS2_PLACEMENT_3D('',#2994,#2995,#2996);
#2994 = CARTESIAN_POINT('',(0.,0.,500.));
#2995 = DIRECTION('',(0.,0.,1.));
#2996 = DIRECTION('',(1.,0.,0.));
#2997 = PCURVE('',#1638,#2998);
#2998 = DEFINITIONAL_REPRESENTATION('',(#2999),#3003);
#2999 = LINE('',#3000,#3001);
#3000 = CARTESIAN_POINT('',(0.,120.));
#3001 = VECTOR('',#3002,1.);
#3002 = DIRECTION('',(1.,0.));
#3003 = ( GEOMETRIC_REPRESENTATION_CONTEXT(2) 
PARAMETRIC_REPRESENTATION_CONTEXT() REPRESENTATION_CONTEXT('2D SPACE',''
  ) );
#3004 = PCURVE('',#3005,#3010);
#3005 = PLANE('',#3006);
#3006 = AXIS2_PLACEMENT_3D('',#3007,#3008,#3009);
#3007 = CARTESIAN_POINT('',(0.,0.,500.));
#3008 = DIRECTION('',(0.,0.,1.));
#3009 = DIRECTION('',(1.,0.,0.));
#3010 = DEFINITIONAL_REPRESENTATION('',(#3011),#3015);
#3011 = CIRCLE('',#3012,31.);
#3012 = AXIS2_PLACEMENT_2D('',#3013,#3014);
#3013 = CARTESIAN_POINT('',(0.,0.));
#3014 = DIRECTION('',(1.,0.));
#3015 = ( GEOMETRIC_REPRESENTATION_CONTEXT(2) 
PARAMETRIC_REPRESENTATION_CONTEXT() REPRESENTATION_CONTEXT('2D SPACE',''
  ) );
#3016 = ORIENTED_EDGE('',*,*,#2967,.T.);
#3017 = ORIENTED_EDGE('',*,*,#1699,.F.);
#3018 = ORIENTED_EDGE('',*,*,#3019,.F.);
#3019 = EDGE_CURVE('',#1874,#1525,#3020,.T.);
#3020 = SEAM_CURVE('',#3021,(#3025,#3032),.PCURVE_S1.);
#3021 = LINE('',#3022,#3023);
#3022 = CARTESIAN_POINT('',(31.,-7.592810154714E-15,380.));
#3023 = VECTOR('',#3024,1.);
#3024 = DIRECTION('',(0.,0.,1.));
#3025 = PCURVE('',#1638,#3026);
#3026 = DEFINITIONAL_REPRESENTATION('',(#3027),#3031);
#3027 = LINE('',#3028,#3029);
#3028 = CARTESIAN_POINT('',(0.,-0.));
#3029 = VECTOR('',#3030,1.);
#3030 = DIRECTION('',(0.,1.));
#3031 = ( GEOMETRIC_REPRESENTATION_CONTEXT(2) 
PARAMETRIC_REPRESENTATION_CONTEXT() REPRESENTATION_CONTEXT('2D SPACE',''
  ) );
#3032 = PCURVE('',#1638,#3033);
#3033 = DEFINITIONAL_REPRESENTATION('',(#3034),#3038);
#3034 = LINE('',#3035,#3036);
#3035 = CARTESIAN_POINT('',(6.28318530718,-0.));
#3036 = VECTOR('',#3037,1.);
#3037 = DIRECTION('',(0.,1.));
#3038 = ( GEOMETRIC_REPRESENTATION_CONTEXT(2) 
PARAMETRIC_REPRESENTATION_CONTEXT() REPRESENTATION_CONTEXT('2D SPACE',''
  ) );
#3039 = ORIENTED_EDGE('',*,*,#2066,.F.);
#3040 = ORIENTED_EDGE('',*,*,#3041,.F.);
#3041 = EDGE_CURVE('',#2243,#1897,#3042,.T.);
#3042 = SEAM_CURVE('',#3043,(#3047,#3054),.PCURVE_S1.);
#3043 = LINE('',#3044,#3045);
#3044 = CARTESIAN_POINT('',(31.,-7.592810154714E-15,380.));
#3045 = VECTOR('',#3046,1.);
#3046 = DIRECTION('',(0.,0.,1.));
#3047 = PCURVE('',#1638,#3048);
#3048 = DEFINITIONAL_REPRESENTATION('',(#3049),#3053);
#3049 = LINE('',#3050,#3051);
#3050 = CARTESIAN_POINT('',(0.,-0.));
#3051 = VECTOR('',#3052,1.);
#3052 = DIRECTION('',(0.,1.));
#3053 = ( GEOMETRIC_REPRESENTATION_CONTEXT(2) 
PARAMETRIC_REPRESENTATION_CONTEXT() REPRESENTATION_CONTEXT('2D SPACE',''
  ) );
#3054 = PCURVE('',#1638,#3055);
#3055 = DEFINITIONAL_REPRESENTATION('',(#3056),#3060);
#3056 = LINE('',#3057,#3058);
#3057 = CARTESIAN_POINT('',(6.28318530718,-0.));
#3058 = VECTOR('',#3059,1.);
#3059 = DIRECTION('',(0.,1.));
#3060 = ( GEOMETRIC_REPRESENTATION_CONTEXT(2) 
PARAMETRIC_REPRESENTATION_CONTEXT() REPRESENTATION_CONTEXT('2D SPACE',''
  ) );
#3061 = ORIENTED_EDGE('',*,*,#2242,.T.);
#3062 = ORIENTED_EDGE('',*,*,#3041,.T.);
#3063 = ORIENTED_EDGE('',*,*,#1896,.F.);
#3064 = ORIENTED_EDGE('',*,*,#3019,.T.);
#3065 = FACE_BOUND('',#3066,.F.);
#3066 = EDGE_LOOP('',(#3067));
#3067 = ORIENTED_EDGE('',*,*,#2304,.T.);
#3068 = FACE_BOUND('',#3069,.F.);
#3069 = EDGE_LOOP('',(#3070));
#3070 = ORIENTED_EDGE('',*,*,#2635,.T.);
#3071 = ADVANCED_FACE('',(#3072),#2286,.T.);
#3072 = FACE_BOUND('',#3073,.T.);
#3073 = EDGE_LOOP('',(#3074,#3098,#3119,#3120));
#3074 = ORIENTED_EDGE('',*,*,#3075,.F.);
#3075 = EDGE_CURVE('',#3076,#3076,#3078,.T.);
#3076 = VERTEX_POINT('',#3077);
#3077 = CARTESIAN_POINT('',(70.,-1.714505518806E-14,500.));
#3078 = SURFACE_CURVE('',#3079,(#3084,#3091),.PCURVE_S1.);
#3079 = CIRCLE('',#3080,70.);
#3080 = AXIS2_PLACEMENT_3D('',#3081,#3082,#3083);
#3081 = CARTESIAN_POINT('',(0.,0.,500.));
#3082 = DIRECTION('',(0.,0.,1.));
#3083 = DIRECTION('',(1.,0.,0.));
#3084 = PCURVE('',#2286,#3085);
#3085 = DEFINITIONAL_REPRESENTATION('',(#3086),#3090);
#3086 = LINE('',#3087,#3088);
#3087 = CARTESIAN_POINT('',(0.,6.));
#3088 = VECTOR('',#3089,1.);
#3089 = DIRECTION('',(1.,0.));
#3090 = ( GEOMETRIC_REPRESENTATION_CONTEXT(2) 
PARAMETRIC_REPRESENTATION_CONTEXT() REPRESENTATION_CONTEXT('2D SPACE',''
  ) );
#3091 = PCURVE('',#3005,#3092);
#3092 = DEFINITIONAL_REPRESENTATION('',(#3093),#3097);
#3093 = CIRCLE('',#3094,70.);
#3094 = AXIS2_PLACEMENT_2D('',#3095,#3096);
#3095 = CARTESIAN_POINT('',(0.,0.));
#3096 = DIRECTION('',(1.,0.));
#3097 = ( GEOMETRIC_REPRESENTATION_CONTEXT(2) 
PARAMETRIC_REPRESENTATION_CONTEXT() REPRESENTATION_CONTEXT('2D SPACE',''
  ) );
#3098 = ORIENTED_EDGE('',*,*,#3099,.F.);
#3099 = EDGE_CURVE('',#2270,#3076,#3100,.T.);
#3100 = SEAM_CURVE('',#3101,(#3105,#3112),.PCURVE_S1.);
#3101 = LINE('',#3102,#3103);
#3102 = CARTESIAN_POINT('',(70.,-1.714505518806E-14,494.));
#3103 = VECTOR('',#3104,1.);
#3104 = DIRECTION('',(0.,0.,1.));
#3105 = PCURVE('',#2286,#3106);
#3106 = DEFINITIONAL_REPRESENTATION('',(#3107),#3111);
#3107 = LINE('',#3108,#3109);
#3108 = CARTESIAN_POINT('',(6.28318530718,-0.));
#3109 = VECTOR('',#3110,1.);
#3110 = DIRECTION('',(0.,1.));
#3111 = ( GEOMETRIC_REPRESENTATION_CONTEXT(2) 
PARAMETRIC_REPRESENTATION_CONTEXT() REPRESENTATION_CONTEXT('2D SPACE',''
  ) );
#3112 = PCURVE('',#2286,#3113);
#3113 = DEFINITIONAL_REPRESENTATION('',(#3114),#3118);
#3114 = LINE('',#3115,#3116);
#3115 = CARTESIAN_POINT('',(0.,-0.));
#3116 = VECTOR('',#3117,1.);
#3117 = DIRECTION('',(0.,1.));
#3118 = ( GEOMETRIC_REPRESENTATION_CONTEXT(2) 
PARAMETRIC_REPRESENTATION_CONTEXT() REPRESENTATION_CONTEXT('2D SPACE',''
  ) );
#3119 = ORIENTED_EDGE('',*,*,#2269,.T.);
#3120 = ORIENTED_EDGE('',*,*,#3099,.T.);
#3121 = ADVANCED_FACE('',(#3122,#3125),#3005,.T.);
#3122 = FACE_BOUND('',#3123,.T.);
#3123 = EDGE_LOOP('',(#3124));
#3124 = ORIENTED_EDGE('',*,*,#3075,.T.);
#3125 = FACE_BOUND('',#3126,.T.);
#3126 = EDGE_LOOP('',(#3127));
#3127 = ORIENTED_EDGE('',*,*,#2990,.F.);
#3128 = ( GEOMETRIC_REPRESENTATION_CONTEXT(3) 
GLOBAL_UNCERTAINTY_ASSIGNED_CONTEXT((#3132)) 
GLOBAL_UNIT_ASSIGNED_CONTEXT((#3129,#3130,#3131)) REPRESENTATION_CONTEXT
('Context #1','3D Context with UNIT and UNCERTAINTY') );
#3129 = ( LENGTH_UNIT() NAMED_UNIT(*) SI_UNIT(.MILLI.,.METRE.) );
#3130 = ( NAMED_UNIT(*) PLANE_ANGLE_UNIT() SI_UNIT($,.RADIAN.) );
#3131 = ( NAMED_UNIT(*) SI_UNIT($,.STERADIAN.) SOLID_ANGLE_UNIT() );
#3132 = UNCERTAINTY_MEASURE_WITH_UNIT(LENGTH_MEASURE(2.E-07),#3129,
  'distance_accuracy_value','confusion accuracy');
#3133 = CONTEXT_DEPENDENT_SHAPE_REPRESENTATION(#3134,#3136);
#3134 = ( REPRESENTATION_RELATIONSHIP('','',#32,#10) 
REPRESENTATION_RELATIONSHIP_WITH_TRANSFORMATION(#3135) 
SHAPE_REPRESENTATION_RELATIONSHIP() );
#3135 = ITEM_DEFINED_TRANSFORMATION('','',#11,#15);
#3136 = PRODUCT_DEFINITION_SHAPE('Placement','Placement of an item',
  #3137);
#3137 = NEXT_ASSEMBLY_USAGE_OCCURRENCE('18','SV3_MAST_SOCKET','',#5,#27,
  $);
#3138 = PRODUCT_RELATED_PRODUCT_CATEGORY('part',$,(#29));
ENDSEC;
END-ISO-10303-21;
