  0
SECTION
  2
HEADER
  9
$ACADVER
  1
AC1032
  9
$ACADMAINTVER
 90
4
  9
$DWGCODEPAGE
  3
ANSI_1252
  9
$LASTSAVEDBY
  1
ezdxf
  9
$REQUIREDVERSIONS
160
0
  9
$INSBASE
 10
0.0
 20
0.0
 30
0.0
  9
$EXTMIN
 10
1e+20
 20
1e+20
 30
1e+20
  9
$EXTMAX
 10
-1e+20
 20
-1e+20
 30
-1e+20
  9
$LIMMIN
 10
0.0
 20
0.0
  9
$LIMMAX
 10
420.0
 20
297.0
  9
$ORTHOMODE
 70
0
  9
$REGENMODE
 70
1
  9
$FILLMODE
 70
1
  9
$QTEXTMODE
 70
0
  9
$MIRRTEXT
 70
1
  9
$LTSCALE
 40
1.0
  9
$ATTMODE
 70
1
  9
$TEXTSIZE
 40
2.5
  9
$TRACEWID
 40
1.0
  9
$TEXTSTYLE
  7
Standard
  9
$CLAYER
  8
0
  9
$CELTYPE
  6
ByLayer
  9
$CECOLOR
 62
256
  9
$CELTSCALE
 40
1.0
  9
$DISPSILH
 70
0
  9
$DIMSCALE
 40
1.0
  9
$DIMASZ
 40
2.5
  9
$DIMEXO
 40
0.625
  9
$DIMDLI
 40
3.75
  9
$DIMRND
 40
0.0
  9
$DIMDLE
 40
0.0
  9
$DIMEXE
 40
1.25
  9
$DIMTP
 40
0.0
  9
$DIMTM
 40
0.0
  9
$DIMTXT
 40
2.5
  9
$DIMCEN
 40
2.5
  9
$DIMTSZ
 40
0.0
  9
$DIMTOL
 70
0
  9
$DIMLIM
 70
0
  9
$DIMTIH
 70
0
  9
$DIMTOH
 70
0
  9
$DIMSE1
 70
0
  9
$DIMSE2
 70
0
  9
$DIMTAD
 70
1
  9
$DIMZIN
 70
8
  9
$DIMBLK
  1

  9
$DIMASO
 70
1
  9
$DIMSHO
 70
1
  9
$DIMPOST
  1

  9
$DIMAPOST
  1

  9
$DIMALT
 70
0
  9
$DIMALTD
 70
3
  9
$DIMALTF
 40
0.03937007874
  9
$DIMLFAC
 40
1.0
  9
$DIMTOFL
 70
1
  9
$DIMTVP
 40
0.0
  9
$DIMTIX
 70
0
  9
$DIMSOXD
 70
0
  9
$DIMSAH
 70
0
  9
$DIMBLK1
  1

  9
$DIMBLK2
  1

  9
$DIMSTYLE
  2
ISO-25
  9
$DIMCLRD
 70
0
  9
$DIMCLRE
 70
0
  9
$DIMCLRT
 70
0
  9
$DIMTFAC
 40
1.0
  9
$DIMGAP
 40
0.625
  9
$DIMJUST
 70
0
  9
$DIMSD1
 70
0
  9
$DIMSD2
 70
0
  9
$DIMTOLJ
 70
0
  9
$DIMTZIN
 70
8
  9
$DIMALTZ
 70
0
  9
$DIMALTTZ
 70
0
  9
$DIMUPT
 70
0
  9
$DIMDEC
 70
2
  9
$DIMTDEC
 70
2
  9
$DIMALTU
 70
2
  9
$DIMALTTD
 70
3
  9
$DIMTXSTY
  7
Standard
  9
$DIMAUNIT
 70
0
  9
$DIMADEC
 70
0
  9
$DIMALTRND
 40
0.0
  9
$DIMAZIN
 70
0
  9
$DIMDSEP
 70
44
  9
$DIMATFIT
 70
3
  9
$DIMFRAC
 70
0
  9
$DIMLDRBLK
  1

  9
$DIMLUNIT
 70
2
  9
$DIMLWD
 70
-2
  9
$DIMLWE
 70
-2
  9
$DIMTMOVE
 70
0
  9
$DIMFXL
 40
1.0
  9
$DIMFXLON
 70
0
  9
$DIMJOGANG
 40
0.785398163397
  9
$DIMTFILL
 70
0
  9
$DIMTFILLCLR
 70
0
  9
$DIMARCSYM
 70
0
  9
$DIMLTYPE
  6

  9
$DIMLTEX1
  6

  9
$DIMLTEX2
  6

  9
$DIMTXTDIRECTION
 70
0
  9
$LUNITS
 70
2
  9
$LUPREC
 70
4
  9
$SKETCHINC
 40
1.0
  9
$FILLETRAD
 40
10.0
  9
$AUNITS
 70
0
  9
$AUPREC
 70
2
  9
$MENU
  1
.
  9
$ELEVATION
 40
0.0
  9
$PELEVATION
 40
0.0
  9
$THICKNESS
 40
0.0
  9
$LIMCHECK
 70
0
  9
$CHAMFERA
 40
0.0
  9
$CHAMFERB
 40
0.0
  9
$CHAMFERC
 40
0.0
  9
$CHAMFERD
 40
0.0
  9
$SKPOLY
 70
0
  9
$TDCREATE
 40
2461311.585752315
  9
$TDUCREATE
 40
2458532.153996898
  9
$TDUPDATE
 40
2461311.585752315
  9
$TDUUPDATE
 40
2458532.1544311
  9
$TDINDWG
 40
0.0
  9
$TDUSRTIMER
 40
0.0
  9
$USRTIMER
 70
1
  9
$ANGBASE
 50
0.0
  9
$ANGDIR
 70
0
  9
$PDMODE
 70
0
  9
$PDSIZE
 40
0.0
  9
$PLINEWID
 40
0.0
  9
$SPLFRAME
 70
0
  9
$SPLINETYPE
 70
6
  9
$SPLINESEGS
 70
8
  9
$HANDSEED
  5
2BE
  9
$SURFTAB1
 70
6
  9
$SURFTAB2
 70
6
  9
$SURFTYPE
 70
6
  9
$SURFU
 70
6
  9
$SURFV
 70
6
  9
$UCSBASE
  2

  9
$UCSNAME
  2

  9
$UCSORG
 10
0.0
 20
0.0
 30
0.0
  9
$UCSXDIR
 10
1.0
 20
0.0
 30
0.0
  9
$UCSYDIR
 10
0.0
 20
1.0
 30
0.0
  9
$UCSORTHOREF
  2

  9
$UCSORTHOVIEW
 70
0
  9
$UCSORGTOP
 10
0.0
 20
0.0
 30
0.0
  9
$UCSORGBOTTOM
 10
0.0
 20
0.0
 30
0.0
  9
$UCSORGLEFT
 10
0.0
 20
0.0
 30
0.0
  9
$UCSORGRIGHT
 10
0.0
 20
0.0
 30
0.0
  9
$UCSORGFRONT
 10
0.0
 20
0.0
 30
0.0
  9
$UCSORGBACK
 10
0.0
 20
0.0
 30
0.0
  9
$PUCSBASE
  2

  9
$PUCSNAME
  2

  9
$PUCSORG
 10
0.0
 20
0.0
 30
0.0
  9
$PUCSXDIR
 10
1.0
 20
0.0
 30
0.0
  9
$PUCSYDIR
 10
0.0
 20
1.0
 30
0.0
  9
$PUCSORTHOREF
  2

  9
$PUCSORTHOVIEW
 70
0
  9
$PUCSORGTOP
 10
0.0
 20
0.0
 30
0.0
  9
$PUCSORGBOTTOM
 10
0.0
 20
0.0
 30
0.0
  9
$PUCSORGLEFT
 10
0.0
 20
0.0
 30
0.0
  9
$PUCSORGRIGHT
 10
0.0
 20
0.0
 30
0.0
  9
$PUCSORGFRONT
 10
0.0
 20
0.0
 30
0.0
  9
$PUCSORGBACK
 10
0.0
 20
0.0
 30
0.0
  9
$USERI1
 70
0
  9
$USERI2
 70
0
  9
$USERI3
 70
0
  9
$USERI4
 70
0
  9
$USERI5
 70
0
  9
$USERR1
 40
0.0
  9
$USERR2
 40
0.0
  9
$USERR3
 40
0.0
  9
$USERR4
 40
0.0
  9
$USERR5
 40
0.0
  9
$WORLDVIEW
 70
1
  9
$SHADEDGE
 70
3
  9
$SHADEDIF
 70
70
  9
$TILEMODE
 70
1
  9
$MAXACTVP
 70
64
  9
$PINSBASE
 10
0.0
 20
0.0
 30
0.0
  9
$PLIMCHECK
 70
0
  9
$PEXTMIN
 10
1e+20
 20
1e+20
 30
1e+20
  9
$PEXTMAX
 10
-1e+20
 20
-1e+20
 30
-1e+20
  9
$PLIMMIN
 10
0.0
 20
0.0
  9
$PLIMMAX
 10
420.0
 20
297.0
  9
$UNITMODE
 70
0
  9
$VISRETAIN
 70
1
  9
$PLINEGEN
 70
0
  9
$PSLTSCALE
 70
1
  9
$TREEDEPTH
 70
3020
  9
$CMLSTYLE
  2
Standard
  9
$CMLJUST
 70
0
  9
$CMLSCALE
 40
20.0
  9
$PROXYGRAPHICS
 70
1
  9
$MEASUREMENT
 70
1
  9
$CELWEIGHT
370
-1
  9
$ENDCAPS
280
0
  9
$JOINSTYLE
280
0
  9
$LWDISPLAY
290
0
  9
$INSUNITS
 70
4
  9
$HYPERLINKBASE
  1

  9
$STYLESHEET
  1

  9
$XEDIT
290
1
  9
$CEPSNTYPE
380
0
  9
$PSTYLEMODE
290
1
  9
$FINGERPRINTGUID
  2
{3A5AB2CC-024D-4AA1-96DB-B8A0DA8CDC40}
  9
$VERSIONGUID
  2
{F8B8D53B-DEE8-421A-963D-2B7298CF0B4E}
  9
$EXTNAMES
290
1
  9
$PSVPSCALE
 40
0.0
  9
$OLESTARTUP
290
0
  9
$SORTENTS
280
127
  9
$INDEXCTL
280
0
  9
$HIDETEXT
280
1
  9
$XCLIPFRAME
280
1
  9
$HALOGAP
280
0
  9
$OBSCOLOR
 70
257
  9
$OBSLTYPE
280
0
  9
$INTERSECTIONDISPLAY
280
0
  9
$INTERSECTIONCOLOR
 70
257
  9
$DIMASSOC
280
2
  9
$PROJECTNAME
  1

  9
$CAMERADISPLAY
290
0
  9
$LENSLENGTH
 40
50.0
  9
$CAMERAHEIGHT
 40
0.0
  9
$STEPSPERSEC
 40
24.0
  9
$STEPSIZE
 40
100.0
  9
$3DDWFPREC
 40
2.0
  9
$PSOLWIDTH
 40
0.005
  9
$PSOLHEIGHT
 40
0.08
  9
$LOFTANG1
 40
1.570796326795
  9
$LOFTANG2
 40
1.570796326795
  9
$LOFTMAG1
 40
0.0
  9
$LOFTMAG2
 40
0.0
  9
$LOFTPARAM
 70
7
  9
$LOFTNORMALS
280
1
  9
$LATITUDE
 40
37.795
  9
$LONGITUDE
 40
-122.394
  9
$NORTHDIRECTION
 40
0.0
  9
$TIMEZONE
 70
-8000
  9
$LIGHTGLYPHDISPLAY
280
1
  9
$TILEMODELIGHTSYNCH
280
1
  9
$CMATERIAL
347
20
  9
$SOLIDHIST
280
0
  9
$SHOWHIST
280
1
  9
$DWFFRAME
280
2
  9
$DGNFRAME
280
2
  9
$REALWORLDSCALE
290
1
  9
$INTERFERECOLOR
 62
256
  9
$CSHADOW
280
0
  9
$SHADOWPLANELOCATION
 40
0.0
  0
ENDSEC
  0
SECTION
  2
CLASSES
  0
CLASS
  1
ACDBDICTIONARYWDFLT
  2
AcDbDictionaryWithDefault
  3
ObjectDBX Classes
 90
0
 91
0
280
0
281
0
  0
CLASS
  1
SUN
  2
AcDbSun
  3
SCENEOE
 90
1153
 91
0
280
0
281
0
  0
CLASS
  1
VISUALSTYLE
  2
AcDbVisualStyle
  3
ObjectDBX Classes
 90
4095
 91
0
280
0
281
0
  0
CLASS
  1
MATERIAL
  2
AcDbMaterial
  3
ObjectDBX Classes
 90
1153
 91
0
280
0
281
0
  0
CLASS
  1
SCALE
  2
AcDbScale
  3
ObjectDBX Classes
 90
1153
 91
0
280
0
281
0
  0
CLASS
  1
TABLESTYLE
  2
AcDbTableStyle
  3
ObjectDBX Classes
 90
4095
 91
0
280
0
281
0
  0
CLASS
  1
MLEADERSTYLE
  2
AcDbMLeaderStyle
  3
ACDB_MLEADERSTYLE_CLASS
 90
4095
 91
0
280
0
281
0
  0
CLASS
  1
DICTIONARYVAR
  2
AcDbDictionaryVar
  3
ObjectDBX Classes
 90
0
 91
0
280
0
281
0
  0
CLASS
  1
CELLSTYLEMAP
  2
AcDbCellStyleMap
  3
ObjectDBX Classes
 90
1152
 91
0
280
0
281
0
  0
CLASS
  1
MENTALRAYRENDERSETTINGS
  2
AcDbMentalRayRenderSettings
  3
SCENEOE
 90
1024
 91
0
280
0
281
0
  0
CLASS
  1
ACDBDETAILVIEWSTYLE
  2
AcDbDetailViewStyle
  3
ObjectDBX Classes
 90
1025
 91
0
280
0
281
0
  0
CLASS
  1
ACDBSECTIONVIEWSTYLE
  2
AcDbSectionViewStyle
  3
ObjectDBX Classes
 90
1025
 91
0
280
0
281
0
  0
CLASS
  1
RASTERVARIABLES
  2
AcDbRasterVariables
  3
ISM
 90
0
 91
0
280
0
281
0
  0
CLASS
  1
LAYOUT
  2
AcDbLayout
  3
ObjectDBX Classes
 90
0
 91
0
280
0
281
0
  0
CLASS
  1
ACDBPLACEHOLDER
  2
AcDbPlaceHolder
  3
ObjectDBX Classes
 90
0
 91
0
280
0
281
0
  0
ENDSEC
  0
SECTION
  2
TABLES
  0
TABLE
  2
VPORT
  5
8
330
0
100
AcDbSymbolTable
 70
1
  0
VPORT
  5
23
330
8
100
AcDbSymbolTableRecord
100
AcDbViewportTableRecord
  2
*Active
 70
0
 10
0.0
 20
0.0
 11
1.0
 21
1.0
 12
0.0
 22
0.0
 13
0.0
 23
0.0
 14
0.5
 24
0.5
 15
0.5
 25
0.5
 16
0.0
 26
0.0
 36
1.0
 17
0.0
 27
0.0
 37
0.0
 40
1000.0
 41
1.34
 42
50.0
 43
0.0
 44
0.0
 50
0.0
 51
0.0
 71
0
 72
1000
 73
1
 74
3
 75
0
 76
0
 77
0
 78
0
281
0
 65
0
146
0.0
  0
ENDTAB
  0
TABLE
  2
LTYPE
  5
2
330
0
100
AcDbSymbolTable
 70
3
  0
LTYPE
  5
24
330
2
100
AcDbSymbolTableRecord
100
AcDbLinetypeTableRecord
  2
ByBlock
 70
0
  3

 72
65
 73
0
 40
0.0
  0
LTYPE
  5
25
330
2
100
AcDbSymbolTableRecord
100
AcDbLinetypeTableRecord
  2
ByLayer
 70
0
  3

 72
65
 73
0
 40
0.0
  0
LTYPE
  5
26
330
2
100
AcDbSymbolTableRecord
100
AcDbLinetypeTableRecord
  2
Continuous
 70
0
  3

 72
65
 73
0
 40
0.0
  0
ENDTAB
  0
TABLE
  2
LAYER
  5
1
330
0
100
AcDbSymbolTable
 70
7
  0
LAYER
  5
27
330
1
100
AcDbSymbolTableRecord
100
AcDbLayerTableRecord
  2
0
 70
0
 62
7
  6
Continuous
370
-3
390
13
347
21
  0
LAYER
  5
28
330
1
100
AcDbSymbolTableRecord
100
AcDbLayerTableRecord
  2
Defpoints
 70
0
 62
7
  6
Continuous
290
0
370
-3
390
13
347
21
  0
LAYER
  5
2F
330
1
100
AcDbSymbolTableRecord
100
AcDbLayerTableRecord
  2
TOP
 70
0
 62
7
  6
Continuous
370
-3
390
13
347
21
  0
LAYER
  5
30
330
1
100
AcDbSymbolTableRecord
100
AcDbLayerTableRecord
  2
FRONT
 70
0
 62
7
  6
Continuous
370
-3
390
13
347
21
  0
LAYER
  5
31
330
1
100
AcDbSymbolTableRecord
100
AcDbLayerTableRecord
  2
RIGHT
 70
0
 62
7
  6
Continuous
370
-3
390
13
347
21
  0
LAYER
  5
32
330
1
100
AcDbSymbolTableRecord
100
AcDbLayerTableRecord
  2
DIMENSIONS
 70
0
 62
7
  6
Continuous
370
-3
390
13
347
21
  0
LAYER
  5
33
330
1
100
AcDbSymbolTableRecord
100
AcDbLayerTableRecord
  2
NOTES
 70
0
 62
7
  6
Continuous
370
-3
390
13
347
21
  0
ENDTAB
  0
TABLE
  2
STYLE
  5
5
330
0
100
AcDbSymbolTable
 70
1
  0
STYLE
  5
29
330
5
100
AcDbSymbolTableRecord
100
AcDbTextStyleTableRecord
  2
Standard
 70
0
 40
0.0
 41
1.0
 50
0.0
 71
0
 42
2.5
  3
txt
  4

  0
ENDTAB
  0
TABLE
  2
VIEW
  5
7
330
0
100
AcDbSymbolTable
 70
0
  0
ENDTAB
  0
TABLE
  2
UCS
  5
6
330
0
100
AcDbSymbolTable
 70
0
  0
ENDTAB
  0
TABLE
  2
APPID
  5
3
330
0
100
AcDbSymbolTable
 70
3
  0
APPID
  5
2A
330
3
100
AcDbSymbolTableRecord
100
AcDbRegAppTableRecord
  2
ACAD
 70
0
  0
APPID
  5
2BB
330
3
100
AcDbSymbolTableRecord
100
AcDbRegAppTableRecord
  2
HATCHBACKGROUNDCOLOR
 70
0
  0
APPID
  5
2BC
330
3
100
AcDbSymbolTableRecord
100
AcDbRegAppTableRecord
  2
EZDXF
 70
0
  0
ENDTAB
  0
TABLE
  2
DIMSTYLE
  5
4
330
0
100
AcDbSymbolTable
 70
1
100
AcDbDimStyleTable
  0
DIMSTYLE
105
2B
330
4
100
AcDbSymbolTableRecord
100
AcDbDimStyleTableRecord
  2
Standard
 70
0
 40
1.0
 41
2.5
 42
0.625
 43
3.75
 44
1.25
 45
0.0
 46
0.0
 47
0.0
 48
0.0
 49
2.5
140
2.5
141
2.5
142
0.0
143
0.03937007874
144
1.0
145
0.0
146
1.0
147
0.625
148
0.0
 69
0
 70
0
 71
0
 72
0
 73
0
 74
0
 75
0
 76
0
 77
1
 78
8
 79
3
170
0
171
3
172
1
173
0
174
0
175
0
176
0
177
0
178
0
179
2
271
2
272
2
273
2
274
3
275
0
276
0
277
2
278
44
279
0
280
0
281
0
282
0
283
0
284
8
285
0
286
0
288
0
289
3
290
0
371
-2
372
-2
  0
ENDTAB
  0
TABLE
  2
BLOCK_RECORD
  5
9
330
0
100
AcDbSymbolTable
 70
9
  0
BLOCK_RECORD
  5
17
330
9
100
AcDbSymbolTableRecord
100
AcDbBlockTableRecord
  2
*Model_Space
340
1A
 70
0
280
1
281
0
  0
BLOCK_RECORD
  5
1B
330
9
100
AcDbSymbolTableRecord
100
AcDbBlockTableRecord
  2
*Paper_Space
340
1E
 70
0
280
1
281
0
  0
BLOCK_RECORD
  5
D7
330
9
100
AcDbSymbolTableRecord
100
AcDbBlockTableRecord
  2
*D1
340
0
 70
0
280
1
281
0
  0
BLOCK_RECORD
  5
DC
330
9
100
AcDbSymbolTableRecord
100
AcDbBlockTableRecord
  2
_CLOSEDFILLED
340
0
 70
0
280
1
281
0
  0
BLOCK_RECORD
  5
EB
330
9
100
AcDbSymbolTableRecord
100
AcDbBlockTableRecord
  2
*D2
340
0
 70
0
280
1
281
0
  0
BLOCK_RECORD
  5
1B8
330
9
100
AcDbSymbolTableRecord
100
AcDbBlockTableRecord
  2
*D3
340
0
 70
0
280
1
281
0
  0
BLOCK_RECORD
  5
1C8
330
9
100
AcDbSymbolTableRecord
100
AcDbBlockTableRecord
  2
*D4
340
0
 70
0
280
1
281
0
  0
BLOCK_RECORD
  5
295
330
9
100
AcDbSymbolTableRecord
100
AcDbBlockTableRecord
  2
*D5
340
0
 70
0
280
1
281
0
  0
BLOCK_RECORD
  5
2A5
330
9
100
AcDbSymbolTableRecord
100
AcDbBlockTableRecord
  2
*D6
340
0
 70
0
280
1
281
0
  0
ENDTAB
  0
ENDSEC
  0
SECTION
  2
BLOCKS
  0
BLOCK
  5
18
330
17
100
AcDbEntity
  8
0
100
AcDbBlockBegin
  2
*Model_Space
 70
0
 10
0.0
 20
0.0
 30
0.0
  3
*Model_Space
  1

  0
ENDBLK
  5
19
330
17
100
AcDbEntity
  8
0
100
AcDbBlockEnd
  0
BLOCK
  5
1C
330
1B
100
AcDbEntity
  8
0
100
AcDbBlockBegin
  2
*Paper_Space
 70
0
 10
0.0
 20
0.0
 30
0.0
  3
*Paper_Space
  1

  0
ENDBLK
  5
1D
330
1B
100
AcDbEntity
  8
0
100
AcDbBlockEnd
  0
BLOCK
  5
D8
330
D7
100
AcDbEntity
  8
0
100
AcDbBlockBegin
  2
*D1
 70
1
 10
0.0
 20
0.0
 30
0.0
  3
*D1
  1

  0
LINE
  5
DA
330
D7
100
AcDbEntity
  8
0
 62
7
100
AcDbLine
 10
0.0
 20
0.0
 30
0.0
 11
0.0
 21
-35.0
 31
0.0
  0
LINE
  5
DB
330
D7
100
AcDbEntity
  8
0
 62
7
100
AcDbLine
 10
400.0
 20
0.0
 30
0.0
 11
400.0
 21
-35.0
 31
0.0
  0
INSERT
  5
E0
330
D7
100
AcDbEntity
  8
DIMENSIONS
 62
7
100
AcDbBlockReference
  2
_CLOSEDFILLED
 10
0.0
 20
-35.0
 30
0.0
 41
2.5
 42
2.5
 50
180.0
  0
INSERT
  5
E2
330
D7
100
AcDbEntity
  8
DIMENSIONS
 62
7
100
AcDbBlockReference
  2
_CLOSEDFILLED
 10
400.0
 20
-35.0
 30
0.0
 41
2.5
 42
2.5
  0
LINE
  5
E4
330
D7
100
AcDbEntity
  8
0
 62
7
100
AcDbLine
 10
2.5
 20
-35.0
 30
0.0
 11
195.3846153846154
 21
-35.0
 31
0.0
  0
LINE
  5
E5
330
D7
100
AcDbEntity
  8
0
 62
7
100
AcDbLine
 10
204.61538461538464
 20
-35.0
 30
0.0
 11
397.5
 21
-35.0
 31
0.0
  0
MTEXT
  5
E6
330
D7
100
AcDbEntity
  8
DIMENSIONS
 62
7
100
AcDbMText
 10
200.0
 20
-35.0
 30
0.0
 40
3.076923076923077
 71
5
  1
400
  0
POINT
  5
E7
330
D7
100
AcDbEntity
  8
Defpoints
100
AcDbPoint
 10
0.0
 20
-35.0
 30
0.0
  0
POINT
  5
E8
330
D7
100
AcDbEntity
  8
Defpoints
100
AcDbPoint
 10
0.0
 20
0.0
 30
0.0
  0
POINT
  5
E9
330
D7
100
AcDbEntity
  8
Defpoints
100
AcDbPoint
 10
400.0
 20
0.0
 30
0.0
  0
ENDBLK
  5
D9
330
D7
100
AcDbEntity
  8
0
100
AcDbBlockEnd
  0
BLOCK
  5
DD
330
DC
100
AcDbEntity
  8
0
100
AcDbBlockBegin
  2
_CLOSEDFILLED
 70
0
 10
0.0
 20
0.0
 30
0.0
  3
_CLOSEDFILLED
  1

  0
SOLID
  5
DF
330
DC
100
AcDbEntity
  8
0
  6
BYBLOCK
 62
0
100
AcDbTrace
 10
-1.0
 20
0.16439898372402537
 30
0.0
 11
0.0
 21
0.0
 31
0.0
 12
-1.0
 22
-0.16439898372402537
 32
0.0
 13
-1.0
 23
-0.16439898372402537
 33
0.0
  0
ENDBLK
  5
DE
330
DC
100
AcDbEntity
  8
0
100
AcDbBlockEnd
  0
BLOCK
  5
EC
330
EB
100
AcDbEntity
  8
0
100
AcDbBlockBegin
  2
*D2
 70
1
 10
0.0
 20
0.0
 30
0.0
  3
*D2
  1

  0
LINE
  5
EE
330
EB
100
AcDbEntity
  8
0
 62
7
100
AcDbLine
 10
0.0
 20
0.0
 30
0.0
 11
-35.0
 21
0.0
 31
0.0
  0
LINE
  5
EF
330
EB
100
AcDbEntity
  8
0
 62
7
100
AcDbLine
 10
0.0
 20
300.0
 30
0.0
 11
-35.0
 21
300.0
 31
0.0
  0
INSERT
  5
F0
330
EB
100
AcDbEntity
  8
DIMENSIONS
 62
7
100
AcDbBlockReference
  2
_CLOSEDFILLED
 10
-35.0
 20
0.0
 30
0.0
 41
2.5
 42
2.5
 50
270.0
  0
INSERT
  5
F2
330
EB
100
AcDbEntity
  8
DIMENSIONS
 62
7
100
AcDbBlockReference
  2
_CLOSEDFILLED
 10
-35.0
 20
300.0
 30
0.0
 41
2.5
 42
2.5
 50
90.0
  0
LINE
  5
F4
330
EB
100
AcDbEntity
  8
0
 62
7
100
AcDbLine
 10
-35.0
 20
2.5
 30
0.0
 11
-35.0
 21
145.3846153846154
 31
0.0
  0
LINE
  5
F5
330
EB
100
AcDbEntity
  8
0
 62
7
100
AcDbLine
 10
-35.0
 20
154.6153846153846
 30
0.0
 11
-35.0
 21
297.5
 31
0.0
  0
MTEXT
  5
F6
330
EB
100
AcDbEntity
  8
DIMENSIONS
 62
7
100
AcDbMText
 10
-35.0
 20
150.0
 30
0.0
 40
3.076923076923077
 71
5
  1
300
 50
90.0
  0
POINT
  5
F7
330
EB
100
AcDbEntity
  8
Defpoints
100
AcDbPoint
 10
-35.0
 20
0.0
 30
0.0
  0
POINT
  5
F8
330
EB
100
AcDbEntity
  8
Defpoints
100
AcDbPoint
 10
0.0
 20
0.0
 30
0.0
  0
POINT
  5
F9
330
EB
100
AcDbEntity
  8
Defpoints
100
AcDbPoint
 10
0.0
 20
300.0
 30
0.0
  0
ENDBLK
  5
ED
330
EB
100
AcDbEntity
  8
0
100
AcDbBlockEnd
  0
BLOCK
  5
1B9
330
1B8
100
AcDbEntity
  8
0
100
AcDbBlockBegin
  2
*D3
 70
1
 10
0.0
 20
0.0
 30
0.0
  3
*D3
  1

  0
LINE
  5
1BB
330
1B8
100
AcDbEntity
  8
0
 62
7
100
AcDbLine
 10
0.0
 20
-330.0
 30
0.0
 11
0.0
 21
-365.0
 31
0.0
  0
LINE
  5
1BC
330
1B8
100
AcDbEntity
  8
0
 62
7
100
AcDbLine
 10
400.0
 20
-330.0
 30
0.0
 11
400.0
 21
-365.0
 31
0.0
  0
INSERT
  5
1BD
330
1B8
100
AcDbEntity
  8
DIMENSIONS
 62
7
100
AcDbBlockReference
  2
_CLOSEDFILLED
 10
0.0
 20
-365.0
 30
0.0
 41
2.5
 42
2.5
 50
180.0
  0
INSERT
  5
1BF
330
1B8
100
AcDbEntity
  8
DIMENSIONS
 62
7
100
AcDbBlockReference
  2
_CLOSEDFILLED
 10
400.0
 20
-365.0
 30
0.0
 41
2.5
 42
2.5
  0
LINE
  5
1C1
330
1B8
100
AcDbEntity
  8
0
 62
7
100
AcDbLine
 10
2.5
 20
-365.0
 30
0.0
 11
195.3846153846154
 21
-365.0
 31
0.0
  0
LINE
  5
1C2
330
1B8
100
AcDbEntity
  8
0
 62
7
100
AcDbLine
 10
204.6153846153846
 20
-365.0
 30
0.0
 11
397.5
 21
-365.0
 31
0.0
  0
MTEXT
  5
1C3
330
1B8
100
AcDbEntity
  8
DIMENSIONS
 62
7
100
AcDbMText
 10
200.0
 20
-365.0
 30
0.0
 40
3.076923076923077
 71
5
  1
400
  0
POINT
  5
1C4
330
1B8
100
AcDbEntity
  8
Defpoints
100
AcDbPoint
 10
0.0
 20
-365.0
 30
0.0
  0
POINT
  5
1C5
330
1B8
100
AcDbEntity
  8
Defpoints
100
AcDbPoint
 10
0.0
 20
-330.0
 30
0.0
  0
POINT
  5
1C6
330
1B8
100
AcDbEntity
  8
Defpoints
100
AcDbPoint
 10
400.0
 20
-330.0
 30
0.0
  0
ENDBLK
  5
1BA
330
1B8
100
AcDbEntity
  8
0
100
AcDbBlockEnd
  0
BLOCK
  5
1C9
330
1C8
100
AcDbEntity
  8
0
100
AcDbBlockBegin
  2
*D4
 70
1
 10
0.0
 20
0.0
 30
0.0
  3
*D4
  1

  0
LINE
  5
1CB
330
1C8
100
AcDbEntity
  8
0
 62
7
100
AcDbLine
 10
0.0
 20
-330.0
 30
0.0
 11
-35.0
 21
-330.0
 31
0.0
  0
LINE
  5
1CC
330
1C8
100
AcDbEntity
  8
0
 62
7
100
AcDbLine
 10
0.0
 20
-150.0
 30
0.0
 11
-35.0
 21
-150.0
 31
0.0
  0
INSERT
  5
1CD
330
1C8
100
AcDbEntity
  8
DIMENSIONS
 62
7
100
AcDbBlockReference
  2
_CLOSEDFILLED
 10
-35.0
 20
-330.0
 30
0.0
 41
2.5
 42
2.5
 50
270.0
  0
INSERT
  5
1CF
330
1C8
100
AcDbEntity
  8
DIMENSIONS
 62
7
100
AcDbBlockReference
  2
_CLOSEDFILLED
 10
-35.0
 20
-150.0
 30
0.0
 41
2.5
 42
2.5
 50
90.0
  0
LINE
  5
1D1
330
1C8
100
AcDbEntity
  8
0
 62
7
100
AcDbLine
 10
-35.0
 20
-327.5
 30
0.0
 11
-35.0
 21
-244.6153846153846
 31
0.0
  0
LINE
  5
1D2
330
1C8
100
AcDbEntity
  8
0
 62
7
100
AcDbLine
 10
-35.0
 20
-235.3846153846154
 30
0.0
 11
-35.0
 21
-152.5
 31
0.0
  0
MTEXT
  5
1D3
330
1C8
100
AcDbEntity
  8
DIMENSIONS
 62
7
100
AcDbMText
 10
-35.0
 20
-240.0
 30
0.0
 40
3.076923076923077
 71
5
  1
180
 50
90.0
  0
POINT
  5
1D4
330
1C8
100
AcDbEntity
  8
Defpoints
100
AcDbPoint
 10
-35.0
 20
-330.0
 30
0.0
  0
POINT
  5
1D5
330
1C8
100
AcDbEntity
  8
Defpoints
100
AcDbPoint
 10
0.0
 20
-330.0
 30
0.0
  0
POINT
  5
1D6
330
1C8
100
AcDbEntity
  8
Defpoints
100
AcDbPoint
 10
0.0
 20
-150.0
 30
0.0
  0
ENDBLK
  5
1CA
330
1C8
100
AcDbEntity
  8
0
100
AcDbBlockEnd
  0
BLOCK
  5
296
330
295
100
AcDbEntity
  8
0
100
AcDbBlockBegin
  2
*D5
 70
1
 10
0.0
 20
0.0
 30
0.0
  3
*D5
  1

  0
LINE
  5
298
330
295
100
AcDbEntity
  8
0
 62
7
100
AcDbLine
 10
550.0
 20
0.0
 30
0.0
 11
550.0
 21
-35.0
 31
0.0
  0
LINE
  5
299
330
295
100
AcDbEntity
  8
0
 62
7
100
AcDbLine
 10
850.0
 20
0.0
 30
0.0
 11
850.0
 21
-35.0
 31
0.0
  0
INSERT
  5
29A
330
295
100
AcDbEntity
  8
DIMENSIONS
 62
7
100
AcDbBlockReference
  2
_CLOSEDFILLED
 10
550.0
 20
-35.0
 30
0.0
 41
2.5
 42
2.5
 50
180.0
  0
INSERT
  5
29C
330
295
100
AcDbEntity
  8
DIMENSIONS
 62
7
100
AcDbBlockReference
  2
_CLOSEDFILLED
 10
850.0
 20
-35.0
 30
0.0
 41
2.5
 42
2.5
  0
LINE
  5
29E
330
295
100
AcDbEntity
  8
0
 62
7
100
AcDbLine
 10
552.5
 20
-35.0
 30
0.0
 11
695.3846153846154
 21
-35.0
 31
0.0
  0
LINE
  5
29F
330
295
100
AcDbEntity
  8
0
 62
7
100
AcDbLine
 10
704.6153846153846
 20
-35.0
 30
0.0
 11
847.5
 21
-35.0
 31
0.0
  0
MTEXT
  5
2A0
330
295
100
AcDbEntity
  8
DIMENSIONS
 62
7
100
AcDbMText
 10
700.0
 20
-35.0
 30
0.0
 40
3.076923076923077
 71
5
  1
300
  0
POINT
  5
2A1
330
295
100
AcDbEntity
  8
Defpoints
100
AcDbPoint
 10
550.0
 20
-35.0
 30
0.0
  0
POINT
  5
2A2
330
295
100
AcDbEntity
  8
Defpoints
100
AcDbPoint
 10
550.0
 20
0.0
 30
0.0
  0
POINT
  5
2A3
330
295
100
AcDbEntity
  8
Defpoints
100
AcDbPoint
 10
850.0
 20
0.0
 30
0.0
  0
ENDBLK
  5
297
330
295
100
AcDbEntity
  8
0
100
AcDbBlockEnd
  0
BLOCK
  5
2A6
330
2A5
100
AcDbEntity
  8
0
100
AcDbBlockBegin
  2
*D6
 70
1
 10
0.0
 20
0.0
 30
0.0
  3
*D6
  1

  0
LINE
  5
2A8
330
2A5
100
AcDbEntity
  8
0
 62
7
100
AcDbLine
 10
550.0
 20
0.0
 30
0.0
 11
515.0
 21
0.0
 31
0.0
  0
LINE
  5
2A9
330
2A5
100
AcDbEntity
  8
0
 62
7
100
AcDbLine
 10
550.0
 20
180.0
 30
0.0
 11
515.0
 21
180.0
 31
0.0
  0
INSERT
  5
2AA
330
2A5
100
AcDbEntity
  8
DIMENSIONS
 62
7
100
AcDbBlockReference
  2
_CLOSEDFILLED
 10
515.0
 20
0.0
 30
0.0
 41
2.5
 42
2.5
 50
270.0
  0
INSERT
  5
2AC
330
2A5
100
AcDbEntity
  8
DIMENSIONS
 62
7
100
AcDbBlockReference
  2
_CLOSEDFILLED
 10
515.0
 20
180.0
 30
0.0
 41
2.5
 42
2.5
 50
90.0
  0
LINE
  5
2AE
330
2A5
100
AcDbEntity
  8
0
 62
7
100
AcDbLine
 10
515.0
 20
2.5
 30
0.0
 11
515.0
 21
85.38461538461539
 31
0.0
  0
LINE
  5
2AF
330
2A5
100
AcDbEntity
  8
0
 62
7
100
AcDbLine
 10
515.0
 20
94.61538461538461
 30
0.0
 11
515.0
 21
177.5
 31
0.0
  0
MTEXT
  5
2B0
330
2A5
100
AcDbEntity
  8
DIMENSIONS
 62
7
100
AcDbMText
 10
515.0
 20
90.0
 30
0.0
 40
3.076923076923077
 71
5
  1
180
 50
90.0
  0
POINT
  5
2B1
330
2A5
100
AcDbEntity
  8
Defpoints
100
AcDbPoint
 10
515.0
 20
0.0
 30
0.0
  0
POINT
  5
2B2
330
2A5
100
AcDbEntity
  8
Defpoints
100
AcDbPoint
 10
550.0
 20
0.0
 30
0.0
  0
POINT
  5
2B3
330
2A5
100
AcDbEntity
  8
Defpoints
100
AcDbPoint
 10
550.0
 20
180.0
 30
0.0
  0
ENDBLK
  5
2A7
330
2A5
100
AcDbEntity
  8
0
100
AcDbBlockEnd
  0
ENDSEC
  0
SECTION
  2
ENTITIES
  0
LWPOLYLINE
  5
34
330
17
100
AcDbEntity
  8
TOP
100
AcDbPolyline
 90
2
 70
0
 10
0.0
 20
0.0
 10
0.0
 20
300.0
  0
LWPOLYLINE
  5
35
330
17
100
AcDbEntity
  8
TOP
100
AcDbPolyline
 90
2
 70
0
 10
0.0
 20
0.0
 10
0.0
 20
300.0
  0
LWPOLYLINE
  5
36
330
17
100
AcDbEntity
  8
TOP
100
AcDbPolyline
 90
2
 70
0
 10
0.0
 20
0.0
 10
400.0
 20
0.0
  0
LWPOLYLINE
  5
37
330
17
100
AcDbEntity
  8
TOP
100
AcDbPolyline
 90
2
 70
0
 10
0.0
 20
0.0
 10
400.0
 20
0.0
  0
LWPOLYLINE
  5
38
330
17
100
AcDbEntity
  8
TOP
100
AcDbPolyline
 90
2
 70
0
 10
0.0
 20
300.0
 10
400.0
 20
300.0
  0
LWPOLYLINE
  5
39
330
17
100
AcDbEntity
  8
TOP
100
AcDbPolyline
 90
2
 70
0
 10
400.0
 20
0.0
 10
400.0
 20
300.0
  0
LWPOLYLINE
  5
3A
330
17
100
AcDbEntity
  8
TOP
100
AcDbPolyline
 90
2
 70
0
 10
380.0
 20
20.0
 10
20.0
 20
20.0
  0
LWPOLYLINE
  5
3B
330
17
100
AcDbEntity
  8
TOP
100
AcDbPolyline
 90
2
 70
0
 10
380.0
 20
20.0
 10
380.0
 20
280.0
  0
LWPOLYLINE
  5
3C
330
17
100
AcDbEntity
  8
TOP
100
AcDbPolyline
 90
2
 70
0
 10
380.0
 20
280.0
 10
20.0
 20
280.0
  0
LWPOLYLINE
  5
3D
330
17
100
AcDbEntity
  8
TOP
100
AcDbPolyline
 90
2
 70
0
 10
20.0
 20
20.0
 10
20.0
 20
280.0
  0
LWPOLYLINE
  5
3E
330
17
100
AcDbEntity
  8
TOP
100
AcDbPolyline
 90
2
 70
0
 10
0.0
 20
300.0
 10
400.0
 20
300.0
  0
LWPOLYLINE
  5
3F
330
17
100
AcDbEntity
  8
TOP
100
AcDbPolyline
 90
2
 70
0
 10
400.0
 20
0.0
 10
400.0
 20
300.0
  0
LWPOLYLINE
  5
40
330
17
100
AcDbEntity
  8
TOP
100
AcDbPolyline
 90
2
 70
0
 10
20.0
 20
20.0
 10
380.0
 20
20.0
  0
LWPOLYLINE
  5
41
330
17
100
AcDbEntity
  8
TOP
100
AcDbPolyline
 90
2
 70
0
 10
380.0
 20
20.0
 10
380.0
 20
280.0
  0
LWPOLYLINE
  5
42
330
17
100
AcDbEntity
  8
TOP
100
AcDbPolyline
 90
2
 70
0
 10
20.0
 20
280.0
 10
380.0
 20
280.0
  0
LWPOLYLINE
  5
43
330
17
100
AcDbEntity
  8
TOP
100
AcDbPolyline
 90
2
 70
0
 10
20.0
 20
20.0
 10
20.0
 20
280.0
  0
LWPOLYLINE
  5
44
330
17
100
AcDbEntity
  8
TOP
100
AcDbPolyline
 90
2
 70
0
 10
0.0
 20
0.0
 10
0.0
 20
300.0
  0
LWPOLYLINE
  5
45
330
17
100
AcDbEntity
  8
TOP
100
AcDbPolyline
 90
2
 70
0
 10
0.0
 20
0.0
 10
0.0
 20
300.0
  0
LWPOLYLINE
  5
46
330
17
100
AcDbEntity
  8
TOP
100
AcDbPolyline
 90
2
 70
0
 10
400.0
 20
0.0
 10
400.0
 20
300.0
  0
LWPOLYLINE
  5
47
330
17
100
AcDbEntity
  8
TOP
100
AcDbPolyline
 90
2
 70
0
 10
400.0
 20
0.0
 10
400.0
 20
300.0
  0
LWPOLYLINE
  5
48
330
17
100
AcDbEntity
  8
TOP
100
AcDbPolyline
 90
2
 70
0
 10
0.0
 20
0.0
 10
400.0
 20
0.0
  0
LWPOLYLINE
  5
49
330
17
100
AcDbEntity
  8
TOP
100
AcDbPolyline
 90
2
 70
0
 10
0.0
 20
0.0
 10
400.0
 20
0.0
  0
LWPOLYLINE
  5
4A
330
17
100
AcDbEntity
  8
TOP
100
AcDbPolyline
 90
2
 70
0
 10
0.0
 20
300.0
 10
400.0
 20
300.0
  0
LWPOLYLINE
  5
4B
330
17
100
AcDbEntity
  8
TOP
100
AcDbPolyline
 90
2
 70
0
 10
0.0
 20
300.0
 10
400.0
 20
300.0
  0
LWPOLYLINE
  5
4C
330
17
100
AcDbEntity
  8
TOP
100
AcDbPolyline
 90
2
 70
0
 10
30.0
 20
30.0
 10
30.0
 20
270.0
  0
LWPOLYLINE
  5
4D
330
17
100
AcDbEntity
  8
TOP
100
AcDbPolyline
 90
2
 70
0
 10
30.0
 20
30.0
 10
30.0
 20
270.0
  0
LWPOLYLINE
  5
4E
330
17
100
AcDbEntity
  8
TOP
100
AcDbPolyline
 90
2
 70
0
 10
30.0
 20
30.0
 10
370.0
 20
30.0
  0
LWPOLYLINE
  5
4F
330
17
100
AcDbEntity
  8
TOP
100
AcDbPolyline
 90
2
 70
0
 10
30.0
 20
30.0
 10
370.0
 20
30.0
  0
LWPOLYLINE
  5
50
330
17
100
AcDbEntity
  8
TOP
100
AcDbPolyline
 90
2
 70
0
 10
30.0
 20
270.0
 10
370.0
 20
270.0
  0
LWPOLYLINE
  5
51
330
17
100
AcDbEntity
  8
TOP
100
AcDbPolyline
 90
2
 70
0
 10
370.0
 20
30.0
 10
370.0
 20
270.0
  0
LWPOLYLINE
  5
52
330
17
100
AcDbEntity
  8
TOP
100
AcDbPolyline
 90
16
 70
0
 10
48.30000000000001
 20
45.0
 10
48.014700010220594
 20
43.65776907784986
 10
47.208131000984224
 20
42.54762207592459
 10
46.01975608143732
 20
41.861513496225996
 10
44.655056071216734
 20
41.7180777452847
 10
43.349999999999994
 20
42.14211616751135
 10
42.33024391856267
 20
43.06030866743484
 10
41.772112917578454
 20
44.31389142030139
 10
41.772112917578454
 20
45.68610857969861
 10
42.33024391856267
 20
46.93969133256516
 10
43.349999999999994
 20
47.85788383248865
 10
44.655056071216734
 20
48.2819222547153
 10
46.01975608143732
 20
48.138486503774004
 10
47.208131000984224
 20
47.45237792407541
 10
48.014700010220594
 20
46.34223092215014
 10
48.30000000000001
 20
45.0
  0
LWPOLYLINE
  5
53
330
17
100
AcDbEntity
  8
TOP
100
AcDbPolyline
 90
16
 70
0
 10
57.599999999999994
 20
65.5
 10
57.46167273222815
 20
64.84922137107873
 10
57.07060897017416
 20
64.31096827923616
 10
56.494427190999915
 20
63.97830957392776
 10
55.832754458771745
 20
63.90876496741076
 10
55.19999999999999
 20
64.11435935394489
 10
54.705572809000074
 20
64.55954359633205
 10
54.43496383882592
 20
65.16734129469158
 10
54.43496383882592
 20
65.83265870530842
 10
54.705572809000074
 20
66.44045640366795
 10
55.19999999999999
 20
66.8856406460551
 10
55.832754458771745
 20
67.09123503258924
 10
56.494427190999915
 20
67.02169042607224
 10
57.07060897017416
 20
66.68903172076384
 10
57.46167273222815
 20
66.15077862892127
 10
57.599999999999994
 20
65.5
  0
LWPOLYLINE
  5
54
330
17
100
AcDbEntity
  8
TOP
100
AcDbPolyline
 90
16
 70
0
 10
115.6
 20
65.5
 10
115.46167273222817
 20
64.84922137107873
 10
115.07060897017418
 20
64.31096827923616
 10
114.49442719099991
 20
63.97830957392776
 10
113.83275445877176
 20
63.90876496741076
 10
113.2
 20
64.11435935394489
 10
112.70557280900009
 20
64.55954359633205
 10
112.43496383882591
 20
65.16734129469158
 10
112.43496383882591
 20
65.83265870530842
 10
112.70557280900009
 20
66.44045640366795
 10
113.2
 20
66.8856406460551
 10
113.83275445877176
 20
67.09123503258924
 10
114.49442719099991
 20
67.02169042607224
 10
115.07060897017418
 20
66.68903172076384
 10
115.46167273222817
 20
66.15077862892127
 10
115.6
 20
65.5
  0
LWPOLYLINE
  5
55
330
17
100
AcDbEntity
  8
TOP
100
AcDbPolyline
 90
16
 70
0
 10
57.599999999999994
 20
114.5
 10
57.46167273222815
 20
113.84922137107873
 10
57.07060897017416
 20
113.31096827923616
 10
56.494427190999915
 20
112.97830957392776
 10
55.832754458771745
 20
112.90876496741076
 10
55.19999999999999
 20
113.1143593539449
 10
54.705572809000074
 20
113.55954359633205
 10
54.43496383882592
 20
114.16734129469158
 10
54.43496383882592
 20
114.8326587053084
 10
54.705572809000074
 20
115.44045640366795
 10
55.19999999999999
 20
115.8856406460551
 10
55.832754458771745
 20
116.09123503258924
 10
56.494427190999915
 20
116.02169042607224
 10
57.07060897017416
 20
115.68903172076384
 10
57.46167273222815
 20
115.15077862892127
 10
57.599999999999994
 20
114.5
  0
LWPOLYLINE
  5
56
330
17
100
AcDbEntity
  8
TOP
100
AcDbPolyline
 90
16
 70
0
 10
115.6
 20
114.5
 10
115.46167273222817
 20
113.84922137107873
 10
115.07060897017418
 20
113.31096827923616
 10
114.49442719099991
 20
112.97830957392776
 10
113.83275445877176
 20
112.90876496741076
 10
113.2
 20
113.1143593539449
 10
112.70557280900009
 20
113.55954359633205
 10
112.43496383882591
 20
114.16734129469158
 10
112.43496383882591
 20
114.8326587053084
 10
112.70557280900009
 20
115.44045640366795
 10
113.2
 20
115.8856406460551
 10
113.83275445877176
 20
116.09123503258924
 10
114.49442719099991
 20
116.02169042607224
 10
115.07060897017418
 20
115.68903172076384
 10
115.46167273222817
 20
115.15077862892127
 10
115.6
 20
114.5
  0
LWPOLYLINE
  5
57
330
17
100
AcDbEntity
  8
TOP
100
AcDbPolyline
 90
16
 70
0
 10
358.3
 20
45.0
 10
358.0147000102206
 20
43.65776907784986
 10
357.2081310009842
 20
42.54762207592459
 10
356.0197560814373
 20
41.861513496225996
 10
354.65505607121673
 20
41.7180777452847
 10
353.35
 20
42.14211616751135
 10
352.3302439185627
 20
43.06030866743484
 10
351.77211291757845
 20
44.31389142030139
 10
351.77211291757845
 20
45.68610857969861
 10
352.3302439185627
 20
46.93969133256516
 10
353.35
 20
47.85788383248865
 10
354.65505607121673
 20
48.2819222547153
 10
356.0197560814373
 20
48.138486503774004
 10
357.2081310009842
 20
47.45237792407541
 10
358.0147000102206
 20
46.34223092215014
 10
358.3
 20
45.0
  0
LWPOLYLINE
  5
58
330
17
100
AcDbEntity
  8
TOP
100
AcDbPolyline
 90
16
 70
0
 10
48.30000000000001
 20
255.0
 10
48.014700010220594
 20
253.65776907784988
 10
47.208131000984224
 20
252.5476220759246
 10
46.01975608143732
 20
251.861513496226
 10
44.655056071216734
 20
251.7180777452847
 10
43.349999999999994
 20
252.14211616751135
 10
42.33024391856267
 20
253.06030866743484
 10
41.772112917578454
 20
254.3138914203014
 10
41.772112917578454
 20
255.6861085796986
 10
42.33024391856267
 20
256.9396913325652
 10
43.349999999999994
 20
257.85788383248865
 10
44.655056071216734
 20
258.2819222547153
 10
46.01975608143732
 20
258.138486503774
 10
47.208131000984224
 20
257.4523779240754
 10
48.014700010220594
 20
256.3422309221501
 10
48.30000000000001
 20
255.0
  0
LWPOLYLINE
  5
59
330
17
100
AcDbEntity
  8
TOP
100
AcDbPolyline
 90
16
 70
0
 10
358.3
 20
255.0
 10
358.0147000102206
 20
253.65776907784988
 10
357.2081310009842
 20
252.5476220759246
 10
356.0197560814373
 20
251.861513496226
 10
354.65505607121673
 20
251.7180777452847
 10
353.35
 20
252.14211616751135
 10
352.3302439185627
 20
253.06030866743484
 10
351.77211291757845
 20
254.3138914203014
 10
351.77211291757845
 20
255.6861085796986
 10
352.3302439185627
 20
256.9396913325652
 10
353.35
 20
257.85788383248865
 10
354.65505607121673
 20
258.2819222547153
 10
356.0197560814373
 20
258.138486503774
 10
357.2081310009842
 20
257.4523779240754
 10
358.0147000102206
 20
256.3422309221501
 10
358.3
 20
255.0
  0
LWPOLYLINE
  5
5A
330
17
100
AcDbEntity
  8
TOP
100
AcDbPolyline
 90
2
 70
0
 10
30.0
 20
270.0
 10
370.0
 20
270.0
  0
LWPOLYLINE
  5
5B
330
17
100
AcDbEntity
  8
TOP
100
AcDbPolyline
 90
2
 70
0
 10
370.0
 20
30.0
 10
370.0
 20
270.0
  0
LWPOLYLINE
  5
5C
330
17
100
AcDbEntity
  8
TOP
100
AcDbPolyline
 90
16
 70
0
 10
48.30000000000001
 20
45.0
 10
48.014700010220594
 20
43.65776907784986
 10
47.208131000984224
 20
42.54762207592459
 10
46.01975608143732
 20
41.861513496225996
 10
44.655056071216734
 20
41.7180777452847
 10
43.349999999999994
 20
42.14211616751135
 10
42.33024391856267
 20
43.06030866743484
 10
41.772112917578454
 20
44.31389142030139
 10
41.772112917578454
 20
45.68610857969861
 10
42.33024391856267
 20
46.93969133256516
 10
43.349999999999994
 20
47.85788383248865
 10
44.655056071216734
 20
48.2819222547153
 10
46.01975608143732
 20
48.138486503774004
 10
47.208131000984224
 20
47.45237792407541
 10
48.014700010220594
 20
46.34223092215014
 10
48.30000000000001
 20
45.0
  0
LWPOLYLINE
  5
5D
330
17
100
AcDbEntity
  8
TOP
100
AcDbPolyline
 90
16
 70
0
 10
57.599999999999994
 20
65.5
 10
57.46167273222815
 20
64.84922137107873
 10
57.07060897017416
 20
64.31096827923616
 10
56.494427190999915
 20
63.97830957392776
 10
55.832754458771745
 20
63.90876496741076
 10
55.19999999999999
 20
64.11435935394489
 10
54.705572809000074
 20
64.55954359633205
 10
54.43496383882592
 20
65.16734129469158
 10
54.43496383882592
 20
65.83265870530842
 10
54.705572809000074
 20
66.44045640366795
 10
55.19999999999999
 20
66.8856406460551
 10
55.832754458771745
 20
67.09123503258924
 10
56.494427190999915
 20
67.02169042607224
 10
57.07060897017416
 20
66.68903172076384
 10
57.46167273222815
 20
66.15077862892127
 10
57.599999999999994
 20
65.5
  0
LWPOLYLINE
  5
5E
330
17
100
AcDbEntity
  8
TOP
100
AcDbPolyline
 90
16
 70
0
 10
115.6
 20
65.5
 10
115.46167273222817
 20
64.84922137107873
 10
115.07060897017418
 20
64.31096827923616
 10
114.49442719099991
 20
63.97830957392776
 10
113.83275445877176
 20
63.90876496741076
 10
113.2
 20
64.11435935394489
 10
112.70557280900009
 20
64.55954359633205
 10
112.43496383882591
 20
65.16734129469158
 10
112.43496383882591
 20
65.83265870530842
 10
112.70557280900009
 20
66.44045640366795
 10
113.2
 20
66.8856406460551
 10
113.83275445877176
 20
67.09123503258924
 10
114.49442719099991
 20
67.02169042607224
 10
115.07060897017418
 20
66.68903172076384
 10
115.46167273222817
 20
66.15077862892127
 10
115.6
 20
65.5
  0
LWPOLYLINE
  5
5F
330
17
100
AcDbEntity
  8
TOP
100
AcDbPolyline
 90
16
 70
0
 10
57.599999999999994
 20
114.5
 10
57.46167273222815
 20
113.84922137107873
 10
57.07060897017416
 20
113.31096827923616
 10
56.494427190999915
 20
112.97830957392776
 10
55.832754458771745
 20
112.90876496741076
 10
55.19999999999999
 20
113.1143593539449
 10
54.705572809000074
 20
113.55954359633205
 10
54.43496383882592
 20
114.16734129469158
 10
54.43496383882592
 20
114.8326587053084
 10
54.705572809000074
 20
115.44045640366795
 10
55.19999999999999
 20
115.8856406460551
 10
55.832754458771745
 20
116.09123503258924
 10
56.494427190999915
 20
116.02169042607224
 10
57.07060897017416
 20
115.68903172076384
 10
57.46167273222815
 20
115.15077862892127
 10
57.599999999999994
 20
114.5
  0
LWPOLYLINE
  5
60
330
17
100
AcDbEntity
  8
TOP
100
AcDbPolyline
 90
16
 70
0
 10
115.6
 20
114.5
 10
115.46167273222817
 20
113.84922137107873
 10
115.07060897017418
 20
113.31096827923616
 10
114.49442719099991
 20
112.97830957392776
 10
113.83275445877176
 20
112.90876496741076
 10
113.2
 20
113.1143593539449
 10
112.70557280900009
 20
113.55954359633205
 10
112.43496383882591
 20
114.16734129469158
 10
112.43496383882591
 20
114.8326587053084
 10
112.70557280900009
 20
115.44045640366795
 10
113.2
 20
115.8856406460551
 10
113.83275445877176
 20
116.09123503258924
 10
114.49442719099991
 20
116.02169042607224
 10
115.07060897017418
 20
115.68903172076384
 10
115.46167273222817
 20
115.15077862892127
 10
115.6
 20
114.5
  0
LWPOLYLINE
  5
61
330
17
100
AcDbEntity
  8
TOP
100
AcDbPolyline
 90
16
 70
0
 10
358.3
 20
45.0
 10
358.0147000102206
 20
43.65776907784986
 10
357.2081310009842
 20
42.54762207592459
 10
356.0197560814373
 20
41.861513496225996
 10
354.65505607121673
 20
41.7180777452847
 10
353.35
 20
42.14211616751135
 10
352.3302439185627
 20
43.06030866743484
 10
351.77211291757845
 20
44.31389142030139
 10
351.77211291757845
 20
45.68610857969861
 10
352.3302439185627
 20
46.93969133256516
 10
353.35
 20
47.85788383248865
 10
354.65505607121673
 20
48.2819222547153
 10
356.0197560814373
 20
48.138486503774004
 10
357.2081310009842
 20
47.45237792407541
 10
358.0147000102206
 20
46.34223092215014
 10
358.3
 20
45.0
  0
LWPOLYLINE
  5
62
330
17
100
AcDbEntity
  8
TOP
100
AcDbPolyline
 90
16
 70
0
 10
48.30000000000001
 20
255.0
 10
48.014700010220594
 20
253.65776907784988
 10
47.208131000984224
 20
252.5476220759246
 10
46.01975608143732
 20
251.861513496226
 10
44.655056071216734
 20
251.7180777452847
 10
43.349999999999994
 20
252.14211616751135
 10
42.33024391856267
 20
253.06030866743484
 10
41.772112917578454
 20
254.3138914203014
 10
41.772112917578454
 20
255.6861085796986
 10
42.33024391856267
 20
256.9396913325652
 10
43.349999999999994
 20
257.85788383248865
 10
44.655056071216734
 20
258.2819222547153
 10
46.01975608143732
 20
258.138486503774
 10
47.208131000984224
 20
257.4523779240754
 10
48.014700010220594
 20
256.3422309221501
 10
48.30000000000001
 20
255.0
  0
LWPOLYLINE
  5
63
330
17
100
AcDbEntity
  8
TOP
100
AcDbPolyline
 90
16
 70
0
 10
358.3
 20
255.0
 10
358.0147000102206
 20
253.65776907784988
 10
357.2081310009842
 20
252.5476220759246
 10
356.0197560814373
 20
251.861513496226
 10
354.65505607121673
 20
251.7180777452847
 10
353.35
 20
252.14211616751135
 10
352.3302439185627
 20
253.06030866743484
 10
351.77211291757845
 20
254.3138914203014
 10
351.77211291757845
 20
255.6861085796986
 10
352.3302439185627
 20
256.9396913325652
 10
353.35
 20
257.85788383248865
 10
354.65505607121673
 20
258.2819222547153
 10
356.0197560814373
 20
258.138486503774
 10
357.2081310009842
 20
257.4523779240754
 10
358.0147000102206
 20
256.3422309221501
 10
358.3
 20
255.0
  0
LWPOLYLINE
  5
64
330
17
100
AcDbEntity
  8
TOP
100
AcDbPolyline
 90
16
 70
0
 10
51.0
 20
45.0
 10
50.48127274585562
 20
47.4404198584548
 10
49.01478363815315
 20
49.458868952864364
 10
46.85410196624969
 20
50.70633909777092
 10
44.37282922039407
 20
50.967131372209636
 10
42.0
 20
50.19615242270663
 10
40.14589803375031
 20
48.52671151375483
 10
39.131114395597166
 20
46.24747014490656
 10
39.131114395597166
 20
43.75252985509344
 10
40.14589803375031
 20
41.47328848624517
 10
42.0
 20
39.80384757729337
 10
44.37282922039407
 20
39.032868627790364
 10
46.85410196624969
 20
39.29366090222908
 10
49.01478363815315
 20
40.541131047135636
 10
50.48127274585562
 20
42.5595801415452
 10
51.0
 20
45.0
  0
LWPOLYLINE
  5
65
330
17
100
AcDbEntity
  8
TOP
100
AcDbPolyline
 90
16
 70
0
 10
51.0
 20
45.0
 10
50.48127274585562
 20
47.4404198584548
 10
49.01478363815315
 20
49.458868952864364
 10
46.85410196624969
 20
50.70633909777092
 10
44.37282922039407
 20
50.967131372209636
 10
42.0
 20
50.19615242270663
 10
40.14589803375031
 20
48.52671151375483
 10
39.131114395597166
 20
46.24747014490656
 10
39.131114395597166
 20
43.75252985509344
 10
40.14589803375031
 20
41.47328848624517
 10
42.0
 20
39.80384757729337
 10
44.37282922039407
 20
39.032868627790364
 10
46.85410196624969
 20
39.29366090222908
 10
49.01478363815315
 20
40.541131047135636
 10
50.48127274585562
 20
42.5595801415452
 10
51.0
 20
45.0
  0
LWPOLYLINE
  5
66
330
17
100
AcDbEntity
  8
TOP
100
AcDbPolyline
 90
16
 70
0
 10
48.30000000000001
 20
45.0
 10
48.014700010220594
 20
46.34223092215014
 10
47.208131000984224
 20
47.45237792407541
 10
46.01975608143732
 20
48.138486503774004
 10
44.655056071216734
 20
48.2819222547153
 10
43.349999999999994
 20
47.85788383248865
 10
42.33024391856267
 20
46.93969133256516
 10
41.772112917578454
 20
45.68610857969861
 10
41.772112917578454
 20
44.31389142030139
 10
42.33024391856267
 20
43.06030866743484
 10
43.349999999999994
 20
42.14211616751135
 10
44.655056071216734
 20
41.7180777452847
 10
46.01975608143732
 20
41.861513496225996
 10
47.208131000984224
 20
42.54762207592459
 10
48.014700010220594
 20
43.65776907784986
 10
48.30000000000001
 20
45.0
  0
LWPOLYLINE
  5
67
330
17
100
AcDbEntity
  8
TOP
100
AcDbPolyline
 90
16
 70
0
 10
48.30000000000001
 20
45.0
 10
48.014700010220594
 20
46.34223092215014
 10
47.208131000984224
 20
47.45237792407541
 10
46.01975608143732
 20
48.138486503774004
 10
44.655056071216734
 20
48.2819222547153
 10
43.349999999999994
 20
47.85788383248865
 10
42.33024391856267
 20
46.93969133256516
 10
41.772112917578454
 20
45.68610857969861
 10
41.772112917578454
 20
44.31389142030139
 10
42.33024391856267
 20
43.06030866743484
 10
43.349999999999994
 20
42.14211616751135
 10
44.655056071216734
 20
41.7180777452847
 10
46.01975608143732
 20
41.861513496225996
 10
47.208131000984224
 20
42.54762207592459
 10
48.014700010220594
 20
43.65776907784986
 10
48.30000000000001
 20
45.0
  0
LWPOLYLINE
  5
68
330
17
100
AcDbEntity
  8
TOP
100
AcDbPolyline
 90
16
 70
0
 10
361.0
 20
45.0
 10
360.4812727458556
 20
47.4404198584548
 10
359.0147836381532
 20
49.458868952864364
 10
356.8541019662497
 20
50.70633909777092
 10
354.37282922039407
 20
50.967131372209636
 10
352.0
 20
50.19615242270663
 10
350.1458980337503
 20
48.52671151375483
 10
349.13111439559714
 20
46.24747014490656
 10
349.13111439559714
 20
43.75252985509344
 10
350.1458980337503
 20
41.47328848624517
 10
352.0
 20
39.80384757729337
 10
354.37282922039407
 20
39.032868627790364
 10
356.8541019662497
 20
39.29366090222908
 10
359.0147836381532
 20
40.541131047135636
 10
360.4812727458556
 20
42.5595801415452
 10
361.0
 20
45.0
  0
LWPOLYLINE
  5
69
330
17
100
AcDbEntity
  8
TOP
100
AcDbPolyline
 90
16
 70
0
 10
361.0
 20
45.0
 10
360.4812727458556
 20
47.4404198584548
 10
359.0147836381532
 20
49.458868952864364
 10
356.8541019662497
 20
50.70633909777092
 10
354.37282922039407
 20
50.967131372209636
 10
352.0
 20
50.19615242270663
 10
350.1458980337503
 20
48.52671151375483
 10
349.13111439559714
 20
46.24747014490656
 10
349.13111439559714
 20
43.75252985509344
 10
350.1458980337503
 20
41.47328848624517
 10
352.0
 20
39.80384757729337
 10
354.37282922039407
 20
39.032868627790364
 10
356.8541019662497
 20
39.29366090222908
 10
359.0147836381532
 20
40.541131047135636
 10
360.4812727458556
 20
42.5595801415452
 10
361.0
 20
45.0
  0
LWPOLYLINE
  5
6A
330
17
100
AcDbEntity
  8
TOP
100
AcDbPolyline
 90
16
 70
0
 10
358.3
 20
45.0
 10
358.0147000102206
 20
46.34223092215014
 10
357.2081310009842
 20
47.45237792407541
 10
356.0197560814373
 20
48.138486503774004
 10
354.65505607121673
 20
48.2819222547153
 10
353.35
 20
47.85788383248865
 10
352.3302439185627
 20
46.93969133256516
 10
351.77211291757845
 20
45.68610857969861
 10
351.77211291757845
 20
44.31389142030139
 10
352.3302439185627
 20
43.06030866743484
 10
353.35
 20
42.14211616751135
 10
354.65505607121673
 20
41.7180777452847
 10
356.0197560814373
 20
41.861513496225996
 10
357.2081310009842
 20
42.54762207592459
 10
358.0147000102206
 20
43.65776907784986
 10
358.3
 20
45.0
  0
LWPOLYLINE
  5
6B
330
17
100
AcDbEntity
  8
TOP
100
AcDbPolyline
 90
16
 70
0
 10
358.3
 20
45.0
 10
358.0147000102206
 20
46.34223092215014
 10
357.2081310009842
 20
47.45237792407541
 10
356.0197560814373
 20
48.138486503774004
 10
354.65505607121673
 20
48.2819222547153
 10
353.35
 20
47.85788383248865
 10
352.3302439185627
 20
46.93969133256516
 10
351.77211291757845
 20
45.68610857969861
 10
351.77211291757845
 20
44.31389142030139
 10
352.3302439185627
 20
43.06030866743484
 10
353.35
 20
42.14211616751135
 10
354.65505607121673
 20
41.7180777452847
 10
356.0197560814373
 20
41.861513496225996
 10
357.2081310009842
 20
42.54762207592459
 10
358.0147000102206
 20
43.65776907784986
 10
358.3
 20
45.0
  0
LWPOLYLINE
  5
6C
330
17
100
AcDbEntity
  8
TOP
100
AcDbPolyline
 90
16
 70
0
 10
51.0
 20
255.0
 10
50.48127274585562
 20
257.4404198584548
 10
49.01478363815315
 20
259.45886895286435
 10
46.85410196624969
 20
260.7063390977709
 10
44.37282922039407
 20
260.9671313722096
 10
42.0
 20
260.19615242270663
 10
40.14589803375031
 20
258.52671151375483
 10
39.131114395597166
 20
256.2474701449066
 10
39.131114395597166
 20
253.75252985509343
 10
40.14589803375031
 20
251.47328848624517
 10
42.0
 20
249.80384757729337
 10
44.37282922039407
 20
249.03286862779038
 10
46.85410196624969
 20
249.29366090222908
 10
49.01478363815315
 20
250.54113104713565
 10
50.48127274585562
 20
252.5595801415452
 10
51.0
 20
255.0
  0
LWPOLYLINE
  5
6D
330
17
100
AcDbEntity
  8
TOP
100
AcDbPolyline
 90
16
 70
0
 10
51.0
 20
255.0
 10
50.48127274585562
 20
257.4404198584548
 10
49.01478363815315
 20
259.45886895286435
 10
46.85410196624969
 20
260.7063390977709
 10
44.37282922039407
 20
260.9671313722096
 10
42.0
 20
260.19615242270663
 10
40.14589803375031
 20
258.52671151375483
 10
39.131114395597166
 20
256.2474701449066
 10
39.131114395597166
 20
253.75252985509343
 10
40.14589803375031
 20
251.47328848624517
 10
42.0
 20
249.80384757729337
 10
44.37282922039407
 20
249.03286862779038
 10
46.85410196624969
 20
249.29366090222908
 10
49.01478363815315
 20
250.54113104713565
 10
50.48127274585562
 20
252.5595801415452
 10
51.0
 20
255.0
  0
LWPOLYLINE
  5
6E
330
17
100
AcDbEntity
  8
TOP
100
AcDbPolyline
 90
16
 70
0
 10
48.30000000000001
 20
255.0
 10
48.014700010220594
 20
256.3422309221501
 10
47.208131000984224
 20
257.4523779240754
 10
46.01975608143732
 20
258.138486503774
 10
44.655056071216734
 20
258.2819222547153
 10
43.349999999999994
 20
257.85788383248865
 10
42.33024391856267
 20
256.9396913325652
 10
41.772112917578454
 20
255.6861085796986
 10
41.772112917578454
 20
254.3138914203014
 10
42.33024391856267
 20
253.06030866743484
 10
43.349999999999994
 20
252.14211616751135
 10
44.655056071216734
 20
251.7180777452847
 10
46.01975608143732
 20
251.861513496226
 10
47.208131000984224
 20
252.5476220759246
 10
48.014700010220594
 20
253.65776907784988
 10
48.30000000000001
 20
255.0
  0
LWPOLYLINE
  5
6F
330
17
100
AcDbEntity
  8
TOP
100
AcDbPolyline
 90
16
 70
0
 10
48.30000000000001
 20
255.0
 10
48.014700010220594
 20
256.3422309221501
 10
47.208131000984224
 20
257.4523779240754
 10
46.01975608143732
 20
258.138486503774
 10
44.655056071216734
 20
258.2819222547153
 10
43.349999999999994
 20
257.85788383248865
 10
42.33024391856267
 20
256.9396913325652
 10
41.772112917578454
 20
255.6861085796986
 10
41.772112917578454
 20
254.3138914203014
 10
42.33024391856267
 20
253.06030866743484
 10
43.349999999999994
 20
252.14211616751135
 10
44.655056071216734
 20
251.7180777452847
 10
46.01975608143732
 20
251.861513496226
 10
47.208131000984224
 20
252.5476220759246
 10
48.014700010220594
 20
253.65776907784988
 10
48.30000000000001
 20
255.0
  0
LWPOLYLINE
  5
70
330
17
100
AcDbEntity
  8
TOP
100
AcDbPolyline
 90
16
 70
0
 10
361.0
 20
255.0
 10
360.4812727458556
 20
257.4404198584548
 10
359.0147836381532
 20
259.45886895286435
 10
356.8541019662497
 20
260.7063390977709
 10
354.37282922039407
 20
260.9671313722096
 10
352.0
 20
260.19615242270663
 10
350.1458980337503
 20
258.52671151375483
 10
349.13111439559714
 20
256.2474701449066
 10
349.13111439559714
 20
253.75252985509343
 10
350.1458980337503
 20
251.47328848624517
 10
352.0
 20
249.80384757729337
 10
354.37282922039407
 20
249.03286862779038
 10
356.8541019662497
 20
249.29366090222908
 10
359.0147836381532
 20
250.54113104713565
 10
360.4812727458556
 20
252.5595801415452
 10
361.0
 20
255.0
  0
LWPOLYLINE
  5
71
330
17
100
AcDbEntity
  8
TOP
100
AcDbPolyline
 90
16
 70
0
 10
361.0
 20
255.0
 10
360.4812727458556
 20
257.4404198584548
 10
359.0147836381532
 20
259.45886895286435
 10
356.8541019662497
 20
260.7063390977709
 10
354.37282922039407
 20
260.9671313722096
 10
352.0
 20
260.19615242270663
 10
350.1458980337503
 20
258.52671151375483
 10
349.13111439559714
 20
256.2474701449066
 10
349.13111439559714
 20
253.75252985509343
 10
350.1458980337503
 20
251.47328848624517
 10
352.0
 20
249.80384757729337
 10
354.37282922039407
 20
249.03286862779038
 10
356.8541019662497
 20
249.29366090222908
 10
359.0147836381532
 20
250.54113104713565
 10
360.4812727458556
 20
252.5595801415452
 10
361.0
 20
255.0
  0
LWPOLYLINE
  5
72
330
17
100
AcDbEntity
  8
TOP
100
AcDbPolyline
 90
16
 70
0
 10
358.3
 20
255.0
 10
358.0147000102206
 20
256.3422309221501
 10
357.2081310009842
 20
257.4523779240754
 10
356.0197560814373
 20
258.138486503774
 10
354.65505607121673
 20
258.2819222547153
 10
353.35
 20
257.85788383248865
 10
352.3302439185627
 20
256.9396913325652
 10
351.77211291757845
 20
255.6861085796986
 10
351.77211291757845
 20
254.3138914203014
 10
352.3302439185627
 20
253.06030866743484
 10
353.35
 20
252.14211616751135
 10
354.65505607121673
 20
251.7180777452847
 10
356.0197560814373
 20
251.861513496226
 10
357.2081310009842
 20
252.5476220759246
 10
358.0147000102206
 20
253.65776907784988
 10
358.3
 20
255.0
  0
LWPOLYLINE
  5
73
330
17
100
AcDbEntity
  8
TOP
100
AcDbPolyline
 90
16
 70
0
 10
358.3
 20
255.0
 10
358.0147000102206
 20
256.3422309221501
 10
357.2081310009842
 20
257.4523779240754
 10
356.0197560814373
 20
258.138486503774
 10
354.65505607121673
 20
258.2819222547153
 10
353.35
 20
257.85788383248865
 10
352.3302439185627
 20
256.9396913325652
 10
351.77211291757845
 20
255.6861085796986
 10
351.77211291757845
 20
254.3138914203014
 10
352.3302439185627
 20
253.06030866743484
 10
353.35
 20
252.14211616751135
 10
354.65505607121673
 20
251.7180777452847
 10
356.0197560814373
 20
251.861513496226
 10
357.2081310009842
 20
252.5476220759246
 10
358.0147000102206
 20
253.65776907784988
 10
358.3
 20
255.0
  0
LWPOLYLINE
  5
74
330
17
100
AcDbEntity
  8
TOP
100
AcDbPolyline
 90
16
 70
0
 10
59.0
 20
65.5
 10
58.74063637292781
 20
66.7202099292274
 10
58.00739181907659
 20
67.72943447643219
 10
56.92705098312484
 20
68.35316954888546
 10
55.68641461019703
 20
68.48356568610482
 10
54.5
 20
68.09807621135332
 10
53.57294901687516
 20
67.26335575687742
 10
53.06555719779857
 20
66.12373507245327
 10
53.06555719779857
 20
64.87626492754673
 10
53.57294901687516
 20
63.73664424312258
 10
54.5
 20
62.901923788646684
 10
55.68641461019703
 20
62.516434313895175
 10
56.92705098312484
 20
62.64683045111454
 10
58.00739181907656
 20
63.27056552356781
 10
58.74063637292781
 20
64.2797900707726
 10
59.0
 20
65.5
  0
LWPOLYLINE
  5
75
330
17
100
AcDbEntity
  8
TOP
100
AcDbPolyline
 90
16
 70
0
 10
59.0
 20
65.5
 10
58.74063637292781
 20
66.7202099292274
 10
58.00739181907659
 20
67.72943447643219
 10
56.92705098312484
 20
68.35316954888546
 10
55.68641461019703
 20
68.48356568610482
 10
54.5
 20
68.09807621135332
 10
53.57294901687516
 20
67.26335575687742
 10
53.06555719779857
 20
66.12373507245327
 10
53.06555719779857
 20
64.87626492754673
 10
53.57294901687516
 20
63.73664424312258
 10
54.5
 20
62.901923788646684
 10
55.68641461019703
 20
62.516434313895175
 10
56.92705098312484
 20
62.64683045111454
 10
58.00739181907656
 20
63.27056552356781
 10
58.74063637292781
 20
64.2797900707726
 10
59.0
 20
65.5
  0
LWPOLYLINE
  5
76
330
17
100
AcDbEntity
  8
TOP
100
AcDbPolyline
 90
16
 70
0
 10
57.349999999999994
 20
65.5
 10
57.2332863678175
 20
66.04909446815233
 10
56.90332631858445
 20
66.50324551439448
 10
56.41717294240618
 20
66.78392629699846
 10
55.85888657458867
 20
66.84260455874717
 10
55.32499999999999
 20
66.66913429510899
 10
54.907827057593835
 20
66.29351009059484
 10
54.67950073900937
 20
65.78068078260398
 10
54.67950073900937
 20
65.21931921739602
 10
54.907827057593806
 20
64.70648990940516
 10
55.32499999999999
 20
64.33086570489101
 10
55.85888657458867
 20
64.15739544125283
 10
56.41717294240618
 20
64.21607370300154
 10
56.90332631858445
 20
64.49675448560552
 10
57.2332863678175
 20
64.95090553184767
 10
57.349999999999994
 20
65.5
  0
LWPOLYLINE
  5
77
330
17
100
AcDbEntity
  8
TOP
100
AcDbPolyline
 90
16
 70
0
 10
57.349999999999994
 20
65.5
 10
57.2332863678175
 20
66.04909446815233
 10
56.90332631858445
 20
66.50324551439448
 10
56.41717294240618
 20
66.78392629699846
 10
55.85888657458867
 20
66.84260455874717
 10
55.32499999999999
 20
66.66913429510899
 10
54.907827057593835
 20
66.29351009059484
 10
54.67950073900937
 20
65.78068078260398
 10
54.67950073900937
 20
65.21931921739602
 10
54.907827057593806
 20
64.70648990940516
 10
55.32499999999999
 20
64.33086570489101
 10
55.85888657458867
 20
64.15739544125283
 10
56.41717294240618
 20
64.21607370300154
 10
56.90332631858445
 20
64.49675448560552
 10
57.2332863678175
 20
64.95090553184767
 10
57.349999999999994
 20
65.5
  0
LWPOLYLINE
  5
78
330
17
100
AcDbEntity
  8
TOP
100
AcDbPolyline
 90
16
 70
0
 10
117.0
 20
65.5
 10
116.74063637292781
 20
66.7202099292274
 10
116.00739181907657
 20
67.72943447643219
 10
114.92705098312484
 20
68.35316954888546
 10
113.68641461019703
 20
68.48356568610482
 10
112.5
 20
68.09807621135332
 10
111.57294901687516
 20
67.26335575687742
 10
111.06555719779858
 20
66.12373507245327
 10
111.06555719779858
 20
64.87626492754673
 10
111.57294901687516
 20
63.73664424312258
 10
112.5
 20
62.901923788646684
 10
113.68641461019703
 20
62.516434313895175
 10
114.92705098312484
 20
62.64683045111454
 10
116.00739181907657
 20
63.27056552356781
 10
116.74063637292781
 20
64.2797900707726
 10
117.0
 20
65.5
  0
LWPOLYLINE
  5
79
330
17
100
AcDbEntity
  8
TOP
100
AcDbPolyline
 90
16
 70
0
 10
117.0
 20
65.5
 10
116.74063637292781
 20
66.7202099292274
 10
116.00739181907657
 20
67.72943447643219
 10
114.92705098312484
 20
68.35316954888546
 10
113.68641461019703
 20
68.48356568610482
 10
112.5
 20
68.09807621135332
 10
111.57294901687516
 20
67.26335575687742
 10
111.06555719779858
 20
66.12373507245327
 10
111.06555719779858
 20
64.87626492754673
 10
111.57294901687516
 20
63.73664424312258
 10
112.5
 20
62.901923788646684
 10
113.68641461019703
 20
62.516434313895175
 10
114.92705098312484
 20
62.64683045111454
 10
116.00739181907657
 20
63.27056552356781
 10
116.74063637292781
 20
64.2797900707726
 10
117.0
 20
65.5
  0
LWPOLYLINE
  5
7A
330
17
100
AcDbEntity
  8
TOP
100
AcDbPolyline
 90
16
 70
0
 10
115.35
 20
65.5
 10
115.23328636781751
 20
66.04909446815233
 10
114.90332631858446
 20
66.50324551439448
 10
114.41717294240618
 20
66.78392629699846
 10
113.85888657458867
 20
66.84260455874717
 10
113.325
 20
66.66913429510899
 10
112.90782705759382
 20
66.29351009059484
 10
112.67950073900936
 20
65.78068078260398
 10
112.67950073900936
 20
65.21931921739602
 10
112.90782705759382
 20
64.70648990940516
 10
113.325
 20
64.33086570489101
 10
113.85888657458867
 20
64.15739544125283
 10
114.41717294240618
 20
64.21607370300154
 10
114.90332631858446
 20
64.49675448560552
 10
115.23328636781751
 20
64.95090553184767
 10
115.35
 20
65.5
  0
LWPOLYLINE
  5
7B
330
17
100
AcDbEntity
  8
TOP
100
AcDbPolyline
 90
16
 70
0
 10
115.35
 20
65.5
 10
115.23328636781751
 20
66.04909446815233
 10
114.90332631858446
 20
66.50324551439448
 10
114.41717294240618
 20
66.78392629699846
 10
113.85888657458867
 20
66.84260455874717
 10
113.325
 20
66.66913429510899
 10
112.90782705759382
 20
66.29351009059484
 10
112.67950073900936
 20
65.78068078260398
 10
112.67950073900936
 20
65.21931921739602
 10
112.90782705759382
 20
64.70648990940516
 10
113.325
 20
64.33086570489101
 10
113.85888657458867
 20
64.15739544125283
 10
114.41717294240618
 20
64.21607370300154
 10
114.90332631858446
 20
64.49675448560552
 10
115.23328636781751
 20
64.95090553184767
 10
115.35
 20
65.5
  0
LWPOLYLINE
  5
7C
330
17
100
AcDbEntity
  8
TOP
100
AcDbPolyline
 90
16
 70
0
 10
59.0
 20
114.5
 10
58.74063637292781
 20
115.7202099292274
 10
58.00739181907659
 20
116.72943447643217
 10
56.92705098312484
 20
117.35316954888546
 10
55.68641461019703
 20
117.48356568610481
 10
54.5
 20
117.09807621135332
 10
53.57294901687516
 20
116.26335575687742
 10
53.06555719779857
 20
115.12373507245329
 10
53.06555719779857
 20
113.87626492754671
 10
53.57294901687516
 20
112.73664424312258
 10
54.5
 20
111.90192378864668
 10
55.68641461019703
 20
111.51643431389519
 10
56.92705098312484
 20
111.64683045111454
 10
58.00739181907656
 20
112.27056552356783
 10
58.74063637292781
 20
113.2797900707726
 10
59.0
 20
114.5
  0
LWPOLYLINE
  5
7D
330
17
100
AcDbEntity
  8
TOP
100
AcDbPolyline
 90
16
 70
0
 10
59.0
 20
114.5
 10
58.74063637292781
 20
115.7202099292274
 10
58.00739181907659
 20
116.72943447643217
 10
56.92705098312484
 20
117.35316954888546
 10
55.68641461019703
 20
117.48356568610481
 10
54.5
 20
117.09807621135332
 10
53.57294901687516
 20
116.26335575687742
 10
53.06555719779857
 20
115.12373507245329
 10
53.06555719779857
 20
113.87626492754671
 10
53.57294901687516
 20
112.73664424312258
 10
54.5
 20
111.90192378864668
 10
55.68641461019703
 20
111.51643431389519
 10
56.92705098312484
 20
111.64683045111454
 10
58.00739181907656
 20
112.27056552356783
 10
58.74063637292781
 20
113.2797900707726
 10
59.0
 20
114.5
  0
LWPOLYLINE
  5
7E
330
17
100
AcDbEntity
  8
TOP
100
AcDbPolyline
 90
16
 70
0
 10
57.349999999999994
 20
114.5
 10
57.2332863678175
 20
115.04909446815233
 10
56.90332631858445
 20
115.50324551439448
 10
56.41717294240618
 20
115.78392629699846
 10
55.85888657458867
 20
115.84260455874717
 10
55.32499999999999
 20
115.66913429510899
 10
54.907827057593835
 20
115.29351009059484
 10
54.67950073900937
 20
114.78068078260398
 10
54.67950073900937
 20
114.21931921739602
 10
54.907827057593806
 20
113.70648990940516
 10
55.32499999999999
 20
113.33086570489101
 10
55.85888657458867
 20
113.15739544125283
 10
56.41717294240618
 20
113.21607370300154
 10
56.90332631858445
 20
113.49675448560552
 10
57.2332863678175
 20
113.95090553184767
 10
57.349999999999994
 20
114.5
  0
LWPOLYLINE
  5
7F
330
17
100
AcDbEntity
  8
TOP
100
AcDbPolyline
 90
16
 70
0
 10
57.349999999999994
 20
114.5
 10
57.2332863678175
 20
115.04909446815233
 10
56.90332631858445
 20
115.50324551439448
 10
56.41717294240618
 20
115.78392629699846
 10
55.85888657458867
 20
115.84260455874717
 10
55.32499999999999
 20
115.66913429510899
 10
54.907827057593835
 20
115.29351009059484
 10
54.67950073900937
 20
114.78068078260398
 10
54.67950073900937
 20
114.21931921739602
 10
54.907827057593806
 20
113.70648990940516
 10
55.32499999999999
 20
113.33086570489101
 10
55.85888657458867
 20
113.15739544125283
 10
56.41717294240618
 20
113.21607370300154
 10
56.90332631858445
 20
113.49675448560552
 10
57.2332863678175
 20
113.95090553184767
 10
57.349999999999994
 20
114.5
  0
LWPOLYLINE
  5
80
330
17
100
AcDbEntity
  8
TOP
100
AcDbPolyline
 90
16
 70
0
 10
117.0
 20
114.5
 10
116.74063637292781
 20
115.7202099292274
 10
116.00739181907657
 20
116.72943447643217
 10
114.92705098312484
 20
117.35316954888546
 10
113.68641461019703
 20
117.48356568610481
 10
112.5
 20
117.09807621135332
 10
111.57294901687516
 20
116.26335575687742
 10
111.06555719779858
 20
115.12373507245329
 10
111.06555719779858
 20
113.87626492754671
 10
111.57294901687516
 20
112.73664424312258
 10
112.5
 20
111.90192378864668
 10
113.68641461019703
 20
111.51643431389519
 10
114.92705098312484
 20
111.64683045111454
 10
116.00739181907657
 20
112.27056552356783
 10
116.74063637292781
 20
113.2797900707726
 10
117.0
 20
114.5
  0
LWPOLYLINE
  5
81
330
17
100
AcDbEntity
  8
TOP
100
AcDbPolyline
 90
16
 70
0
 10
117.0
 20
114.5
 10
116.74063637292781
 20
115.7202099292274
 10
116.00739181907657
 20
116.72943447643217
 10
114.92705098312484
 20
117.35316954888546
 10
113.68641461019703
 20
117.48356568610481
 10
112.5
 20
117.09807621135332
 10
111.57294901687516
 20
116.26335575687742
 10
111.06555719779858
 20
115.12373507245329
 10
111.06555719779858
 20
113.87626492754671
 10
111.57294901687516
 20
112.73664424312258
 10
112.5
 20
111.90192378864668
 10
113.68641461019703
 20
111.51643431389519
 10
114.92705098312484
 20
111.64683045111454
 10
116.00739181907657
 20
112.27056552356783
 10
116.74063637292781
 20
113.2797900707726
 10
117.0
 20
114.5
  0
LWPOLYLINE
  5
82
330
17
100
AcDbEntity
  8
TOP
100
AcDbPolyline
 90
16
 70
0
 10
115.35
 20
114.5
 10
115.23328636781751
 20
115.04909446815233
 10
114.90332631858446
 20
115.50324551439448
 10
114.41717294240618
 20
115.78392629699846
 10
113.85888657458867
 20
115.84260455874717
 10
113.325
 20
115.66913429510899
 10
112.90782705759382
 20
115.29351009059484
 10
112.67950073900936
 20
114.78068078260398
 10
112.67950073900936
 20
114.21931921739602
 10
112.90782705759382
 20
113.70648990940516
 10
113.325
 20
113.33086570489101
 10
113.85888657458867
 20
113.15739544125283
 10
114.41717294240618
 20
113.21607370300154
 10
114.90332631858446
 20
113.49675448560552
 10
115.23328636781751
 20
113.95090553184767
 10
115.35
 20
114.5
  0
LWPOLYLINE
  5
83
330
17
100
AcDbEntity
  8
TOP
100
AcDbPolyline
 90
16
 70
0
 10
115.35
 20
114.5
 10
115.23328636781751
 20
115.04909446815233
 10
114.90332631858446
 20
115.50324551439448
 10
114.41717294240618
 20
115.78392629699846
 10
113.85888657458867
 20
115.84260455874717
 10
113.325
 20
115.66913429510899
 10
112.90782705759382
 20
115.29351009059484
 10
112.67950073900936
 20
114.78068078260398
 10
112.67950073900936
 20
114.21931921739602
 10
112.90782705759382
 20
113.70648990940516
 10
113.325
 20
113.33086570489101
 10
113.85888657458867
 20
113.15739544125283
 10
114.41717294240618
 20
113.21607370300154
 10
114.90332631858446
 20
113.49675448560552
 10
115.23328636781751
 20
113.95090553184767
 10
115.35
 20
114.5
  0
LWPOLYLINE
  5
84
330
17
100
AcDbEntity
  8
TOP
100
AcDbPolyline
 90
2
 70
0
 10
52.5
 20
65.0
 10
52.5
 20
115.0
  0
LWPOLYLINE
  5
85
330
17
100
AcDbEntity
  8
TOP
100
AcDbPolyline
 90
2
 70
0
 10
52.5
 20
65.0
 10
52.5
 20
115.0
  0
LWPOLYLINE
  5
86
330
17
100
AcDbEntity
  8
TOP
100
AcDbPolyline
 90
16
 70
0
 10
52.5
 20
65.0
 10
52.51643431389519
 20
64.68641461019705
 10
52.5655571977986
 20
64.37626492754673
 10
52.64683045111454
 20
64.07294901687516
 10
52.75936362707219
 20
63.779790070772606
 10
52.901923788646684
 20
63.5
 10
53.07294901687516
 20
63.23664424312258
 10
53.270565523567825
 20
62.992608180923426
 10
53.49260818092341
 20
62.77056552356781
 10
53.73664424312258
 20
62.57294901687516
 10
54.0
 20
62.401923788646684
 10
54.279790070772606
 20
62.259363627072204
 10
54.57294901687516
 20
62.14683045111454
 10
54.876264927546714
 20
62.06555719779858
 10
55.18641461019703
 20
62.016434313895175
 10
55.5
 20
62.0
  0
LWPOLYLINE
  5
87
330
17
100
AcDbEntity
  8
TOP
100
AcDbPolyline
 90
16
 70
0
 10
52.5
 20
115.0
 10
52.51643431389519
 20
115.31358538980297
 10
52.56555719779857
 20
115.62373507245329
 10
52.64683045111454
 20
115.92705098312484
 10
52.75936362707219
 20
116.2202099292274
 10
52.901923788646684
 20
116.5
 10
53.07294901687516
 20
116.76335575687742
 10
53.270565523567825
 20
117.00739181907657
 10
53.49260818092341
 20
117.22943447643217
 10
53.73664424312258
 20
117.42705098312484
 10
54.0
 20
117.59807621135332
 10
54.279790070772606
 20
117.74063637292781
 10
54.57294901687516
 20
117.85316954888546
 10
54.876264927546714
 20
117.93444280220142
 10
55.18641461019703
 20
117.98356568610481
 10
55.5
 20
118.0
  0
LWPOLYLINE
  5
88
330
17
100
AcDbEntity
  8
TOP
100
AcDbPolyline
 90
2
 70
0
 10
55.5
 20
62.0
 10
134.5
 20
62.0
  0
LWPOLYLINE
  5
89
330
17
100
AcDbEntity
  8
TOP
100
AcDbPolyline
 90
2
 70
0
 10
55.5
 20
118.0
 10
134.5
 20
118.0
  0
LWPOLYLINE
  5
8A
330
17
100
AcDbEntity
  8
TOP
100
AcDbPolyline
 90
16
 70
0
 10
137.5
 20
65.0
 10
137.4835656861048
 20
64.68641461019705
 10
137.43444280220143
 20
64.37626492754673
 10
137.35316954888546
 20
64.07294901687516
 10
137.2406363729278
 20
63.779790070772606
 10
137.09807621135332
 20
63.5
 10
136.92705098312484
 20
63.23664424312258
 10
136.72943447643217
 20
62.992608180923426
 10
136.5073918190766
 20
62.77056552356781
 10
136.26335575687742
 20
62.57294901687516
 10
136.0
 20
62.401923788646684
 10
135.7202099292274
 20
62.259363627072204
 10
135.42705098312484
 20
62.14683045111454
 10
135.1237350724533
 20
62.06555719779858
 10
134.81358538980297
 20
62.016434313895175
 10
134.5
 20
62.0
  0
LWPOLYLINE
  5
8B
330
17
100
AcDbEntity
  8
TOP
100
AcDbPolyline
 90
16
 70
0
 10
137.5
 20
115.0
 10
137.4835656861048
 20
115.31358538980297
 10
137.43444280220143
 20
115.62373507245329
 10
137.35316954888546
 20
115.92705098312484
 10
137.2406363729278
 20
116.2202099292274
 10
137.09807621135332
 20
116.5
 10
136.92705098312484
 20
116.76335575687742
 10
136.72943447643217
 20
117.00739181907657
 10
136.5073918190766
 20
117.22943447643217
 10
136.26335575687742
 20
117.42705098312484
 10
136.0
 20
117.59807621135332
 10
135.7202099292274
 20
117.74063637292781
 10
135.42705098312484
 20
117.85316954888546
 10
135.1237350724533
 20
117.93444280220142
 10
134.81358538980297
 20
117.98356568610481
 10
134.5
 20
118.0
  0
LWPOLYLINE
  5
8C
330
17
100
AcDbEntity
  8
TOP
100
AcDbPolyline
 90
2
 70
0
 10
137.5
 20
65.0
 10
137.5
 20
115.0
  0
LWPOLYLINE
  5
8D
330
17
100
AcDbEntity
  8
TOP
100
AcDbPolyline
 90
16
 70
0
 10
57.349999999999994
 20
65.5
 10
57.2332863678175
 20
64.95090553184767
 10
56.90332631858445
 20
64.49675448560552
 10
56.41717294240618
 20
64.21607370300154
 10
55.85888657458867
 20
64.15739544125283
 10
55.32499999999999
 20
64.33086570489101
 10
54.907827057593835
 20
64.70648990940516
 10
54.67950073900937
 20
65.21931921739602
 10
54.67950073900937
 20
65.78068078260398
 10
54.907827057593806
 20
66.29351009059484
 10
55.32499999999999
 20
66.66913429510899
 10
55.85888657458867
 20
66.84260455874717
 10
56.41717294240618
 20
66.78392629699846
 10
56.90332631858445
 20
66.50324551439448
 10
57.2332863678175
 20
66.04909446815233
 10
57.349999999999994
 20
65.5
  0
LWPOLYLINE
  5
8E
330
17
100
AcDbEntity
  8
TOP
100
AcDbPolyline
 90
16
 70
0
 10
115.35
 20
65.5
 10
115.23328636781751
 20
64.95090553184767
 10
114.90332631858446
 20
64.49675448560552
 10
114.41717294240618
 20
64.21607370300154
 10
113.85888657458867
 20
64.15739544125283
 10
113.325
 20
64.33086570489101
 10
112.90782705759382
 20
64.70648990940516
 10
112.67950073900936
 20
65.21931921739602
 10
112.67950073900936
 20
65.78068078260398
 10
112.90782705759382
 20
66.29351009059484
 10
113.325
 20
66.66913429510899
 10
113.85888657458867
 20
66.84260455874717
 10
114.41717294240618
 20
66.78392629699846
 10
114.90332631858446
 20
66.50324551439448
 10
115.23328636781751
 20
66.04909446815233
 10
115.35
 20
65.5
  0
LWPOLYLINE
  5
8F
330
17
100
AcDbEntity
  8
TOP
100
AcDbPolyline
 90
16
 70
0
 10
57.349999999999994
 20
114.5
 10
57.2332863678175
 20
113.95090553184767
 10
56.90332631858445
 20
113.49675448560552
 10
56.41717294240618
 20
113.21607370300154
 10
55.85888657458867
 20
113.15739544125283
 10
55.32499999999999
 20
113.33086570489101
 10
54.907827057593835
 20
113.70648990940516
 10
54.67950073900937
 20
114.21931921739602
 10
54.67950073900937
 20
114.78068078260398
 10
54.907827057593806
 20
115.29351009059484
 10
55.32499999999999
 20
115.66913429510899
 10
55.85888657458867
 20
115.84260455874717
 10
56.41717294240618
 20
115.78392629699846
 10
56.90332631858445
 20
115.50324551439448
 10
57.2332863678175
 20
115.04909446815233
 10
57.349999999999994
 20
114.5
  0
LWPOLYLINE
  5
90
330
17
100
AcDbEntity
  8
TOP
100
AcDbPolyline
 90
16
 70
0
 10
115.35
 20
114.5
 10
115.23328636781751
 20
113.95090553184767
 10
114.90332631858446
 20
113.49675448560552
 10
114.41717294240618
 20
113.21607370300154
 10
113.85888657458867
 20
113.15739544125283
 10
113.325
 20
113.33086570489101
 10
112.90782705759382
 20
113.70648990940516
 10
112.67950073900936
 20
114.21931921739602
 10
112.67950073900936
 20
114.78068078260398
 10
112.90782705759382
 20
115.29351009059484
 10
113.325
 20
115.66913429510899
 10
113.85888657458867
 20
115.84260455874717
 10
114.41717294240618
 20
115.78392629699846
 10
114.90332631858446
 20
115.50324551439448
 10
115.23328636781751
 20
115.04909446815233
 10
115.35
 20
114.5
  0
LWPOLYLINE
  5
91
330
17
100
AcDbEntity
  8
TOP
100
AcDbPolyline
 90
16
 70
0
 10
52.5
 20
65.0
 10
52.51643431389519
 20
64.68641461019705
 10
52.5655571977986
 20
64.37626492754673
 10
52.64683045111454
 20
64.07294901687516
 10
52.75936362707219
 20
63.779790070772606
 10
52.901923788646684
 20
63.5
 10
53.07294901687516
 20
63.23664424312258
 10
53.270565523567825
 20
62.992608180923426
 10
53.49260818092341
 20
62.77056552356781
 10
53.73664424312258
 20
62.57294901687516
 10
54.0
 20
62.401923788646684
 10
54.279790070772606
 20
62.259363627072204
 10
54.57294901687516
 20
62.14683045111454
 10
54.876264927546714
 20
62.06555719779858
 10
55.18641461019703
 20
62.016434313895175
 10
55.5
 20
62.0
  0
LWPOLYLINE
  5
92
330
17
100
AcDbEntity
  8
TOP
100
AcDbPolyline
 90
16
 70
0
 10
52.5
 20
115.0
 10
52.51643431389519
 20
115.31358538980297
 10
52.56555719779857
 20
115.62373507245329
 10
52.64683045111454
 20
115.92705098312484
 10
52.75936362707219
 20
116.2202099292274
 10
52.901923788646684
 20
116.5
 10
53.07294901687516
 20
116.76335575687742
 10
53.270565523567825
 20
117.00739181907657
 10
53.49260818092341
 20
117.22943447643217
 10
53.73664424312258
 20
117.42705098312484
 10
54.0
 20
117.59807621135332
 10
54.279790070772606
 20
117.74063637292781
 10
54.57294901687516
 20
117.85316954888546
 10
54.876264927546714
 20
117.93444280220142
 10
55.18641461019703
 20
117.98356568610481
 10
55.5
 20
118.0
  0
LWPOLYLINE
  5
93
330
17
100
AcDbEntity
  8
TOP
100
AcDbPolyline
 90
2
 70
0
 10
55.5
 20
62.0
 10
134.5
 20
62.0
  0
LWPOLYLINE
  5
94
330
17
100
AcDbEntity
  8
TOP
100
AcDbPolyline
 90
2
 70
0
 10
55.5
 20
118.0
 10
134.5
 20
118.0
  0
LWPOLYLINE
  5
95
330
17
100
AcDbEntity
  8
TOP
100
AcDbPolyline
 90
16
 70
0
 10
137.5
 20
65.0
 10
137.4835656861048
 20
64.68641461019705
 10
137.43444280220143
 20
64.37626492754673
 10
137.35316954888546
 20
64.07294901687516
 10
137.2406363729278
 20
63.779790070772606
 10
137.09807621135332
 20
63.5
 10
136.92705098312484
 20
63.23664424312258
 10
136.72943447643217
 20
62.992608180923426
 10
136.5073918190766
 20
62.77056552356781
 10
136.26335575687742
 20
62.57294901687516
 10
136.0
 20
62.401923788646684
 10
135.7202099292274
 20
62.259363627072204
 10
135.42705098312484
 20
62.14683045111454
 10
135.1237350724533
 20
62.06555719779858
 10
134.81358538980297
 20
62.016434313895175
 10
134.5
 20
62.0
  0
LWPOLYLINE
  5
96
330
17
100
AcDbEntity
  8
TOP
100
AcDbPolyline
 90
16
 70
0
 10
137.5
 20
115.0
 10
137.4835656861048
 20
115.31358538980297
 10
137.43444280220143
 20
115.62373507245329
 10
137.35316954888546
 20
115.92705098312484
 10
137.2406363729278
 20
116.2202099292274
 10
137.09807621135332
 20
116.5
 10
136.92705098312484
 20
116.76335575687742
 10
136.72943447643217
 20
117.00739181907657
 10
136.5073918190766
 20
117.22943447643217
 10
136.26335575687742
 20
117.42705098312484
 10
136.0
 20
117.59807621135332
 10
135.7202099292274
 20
117.74063637292781
 10
135.42705098312484
 20
117.85316954888546
 10
135.1237350724533
 20
117.93444280220142
 10
134.81358538980297
 20
117.98356568610481
 10
134.5
 20
118.0
  0
LWPOLYLINE
  5
97
330
17
100
AcDbEntity
  8
TOP
100
AcDbPolyline
 90
2
 70
0
 10
137.5
 20
65.0
 10
137.5
 20
115.0
  0
LWPOLYLINE
  5
98
330
17
100
AcDbEntity
  8
TOP
100
AcDbPolyline
 90
16
 70
0
 10
57.349999999999994
 20
65.5
 10
57.2332863678175
 20
64.95090553184767
 10
56.90332631858445
 20
64.49675448560552
 10
56.41717294240618
 20
64.21607370300154
 10
55.85888657458867
 20
64.15739544125283
 10
55.32499999999999
 20
64.33086570489101
 10
54.907827057593835
 20
64.70648990940516
 10
54.67950073900937
 20
65.21931921739602
 10
54.67950073900937
 20
65.78068078260398
 10
54.907827057593806
 20
66.29351009059484
 10
55.32499999999999
 20
66.66913429510899
 10
55.85888657458867
 20
66.84260455874717
 10
56.41717294240618
 20
66.78392629699846
 10
56.90332631858445
 20
66.50324551439448
 10
57.2332863678175
 20
66.04909446815233
 10
57.349999999999994
 20
65.5
  0
LWPOLYLINE
  5
99
330
17
100
AcDbEntity
  8
TOP
100
AcDbPolyline
 90
16
 70
0
 10
115.35
 20
65.5
 10
115.23328636781751
 20
64.95090553184767
 10
114.90332631858446
 20
64.49675448560552
 10
114.41717294240618
 20
64.21607370300154
 10
113.85888657458867
 20
64.15739544125283
 10
113.325
 20
64.33086570489101
 10
112.90782705759382
 20
64.70648990940516
 10
112.67950073900936
 20
65.21931921739602
 10
112.67950073900936
 20
65.78068078260398
 10
112.90782705759382
 20
66.29351009059484
 10
113.325
 20
66.66913429510899
 10
113.85888657458867
 20
66.84260455874717
 10
114.41717294240618
 20
66.78392629699846
 10
114.90332631858446
 20
66.50324551439448
 10
115.23328636781751
 20
66.04909446815233
 10
115.35
 20
65.5
  0
LWPOLYLINE
  5
9A
330
17
100
AcDbEntity
  8
TOP
100
AcDbPolyline
 90
16
 70
0
 10
57.349999999999994
 20
114.5
 10
57.2332863678175
 20
113.95090553184767
 10
56.90332631858445
 20
113.49675448560552
 10
56.41717294240618
 20
113.21607370300154
 10
55.85888657458867
 20
113.15739544125283
 10
55.32499999999999
 20
113.33086570489101
 10
54.907827057593835
 20
113.70648990940516
 10
54.67950073900937
 20
114.21931921739602
 10
54.67950073900937
 20
114.78068078260398
 10
54.907827057593806
 20
115.29351009059484
 10
55.32499999999999
 20
115.66913429510899
 10
55.85888657458867
 20
115.84260455874717
 10
56.41717294240618
 20
115.78392629699846
 10
56.90332631858445
 20
115.50324551439448
 10
57.2332863678175
 20
115.04909446815233
 10
57.349999999999994
 20
114.5
  0
LWPOLYLINE
  5
9B
330
17
100
AcDbEntity
  8
TOP
100
AcDbPolyline
 90
16
 70
0
 10
115.35
 20
114.5
 10
115.23328636781751
 20
113.95090553184767
 10
114.90332631858446
 20
113.49675448560552
 10
114.41717294240618
 20
113.21607370300154
 10
113.85888657458867
 20
113.15739544125283
 10
113.325
 20
113.33086570489101
 10
112.90782705759382
 20
113.70648990940516
 10
112.67950073900936
 20
114.21931921739602
 10
112.67950073900936
 20
114.78068078260398
 10
112.90782705759382
 20
115.29351009059484
 10
113.325
 20
115.66913429510899
 10
113.85888657458867
 20
115.84260455874717
 10
114.41717294240618
 20
115.78392629699846
 10
114.90332631858446
 20
115.50324551439448
 10
115.23328636781751
 20
115.04909446815233
 10
115.35
 20
114.5
  0
LWPOLYLINE
  5
9C
330
17
100
AcDbEntity
  8
TOP
100
AcDbPolyline
 90
2
 70
0
 10
52.5
 20
62.0
 10
52.5
 20
118.0
  0
LWPOLYLINE
  5
9D
330
17
100
AcDbEntity
  8
TOP
100
AcDbPolyline
 90
2
 70
0
 10
52.5
 20
62.0
 10
52.5
 20
118.0
  0
LWPOLYLINE
  5
9E
330
17
100
AcDbEntity
  8
TOP
100
AcDbPolyline
 90
2
 70
0
 10
137.5
 20
62.0
 10
137.5
 20
118.0
  0
LWPOLYLINE
  5
9F
330
17
100
AcDbEntity
  8
TOP
100
AcDbPolyline
 90
2
 70
0
 10
137.5
 20
62.0
 10
137.5
 20
118.0
  0
LWPOLYLINE
  5
A0
330
17
100
AcDbEntity
  8
TOP
100
AcDbPolyline
 90
2
 70
0
 10
52.5
 20
62.0
 10
137.5
 20
62.0
  0
LWPOLYLINE
  5
A1
330
17
100
AcDbEntity
  8
TOP
100
AcDbPolyline
 90
2
 70
0
 10
52.5
 20
62.0
 10
137.5
 20
62.0
  0
LWPOLYLINE
  5
A2
330
17
100
AcDbEntity
  8
TOP
100
AcDbPolyline
 90
2
 70
0
 10
52.5
 20
118.0
 10
137.5
 20
118.0
  0
LWPOLYLINE
  5
A3
330
17
100
AcDbEntity
  8
TOP
100
AcDbPolyline
 90
2
 70
0
 10
52.5
 20
118.0
 10
137.5
 20
118.0
  0
LWPOLYLINE
  5
A4
330
17
100
AcDbEntity
  8
TOP
100
AcDbPolyline
 90
2
 70
0
 10
172.5
 20
60.0
 10
172.5
 20
120.0
  0
LWPOLYLINE
  5
A5
330
17
100
AcDbEntity
  8
TOP
100
AcDbPolyline
 90
2
 70
0
 10
172.5
 20
60.0
 10
172.5
 20
120.0
  0
LWPOLYLINE
  5
A6
330
17
100
AcDbEntity
  8
TOP
100
AcDbPolyline
 90
2
 70
0
 10
267.5
 20
60.0
 10
267.5
 20
120.0
  0
LWPOLYLINE
  5
A7
330
17
100
AcDbEntity
  8
TOP
100
AcDbPolyline
 90
2
 70
0
 10
267.5
 20
60.0
 10
267.5
 20
120.0
  0
LWPOLYLINE
  5
A8
330
17
100
AcDbEntity
  8
TOP
100
AcDbPolyline
 90
2
 70
0
 10
172.5
 20
60.0
 10
267.5
 20
60.0
  0
LWPOLYLINE
  5
A9
330
17
100
AcDbEntity
  8
TOP
100
AcDbPolyline
 90
2
 70
0
 10
172.5
 20
60.0
 10
267.5
 20
60.0
  0
LWPOLYLINE
  5
AA
330
17
100
AcDbEntity
  8
TOP
100
AcDbPolyline
 90
2
 70
0
 10
172.5
 20
120.0
 10
267.5
 20
120.0
  0
LWPOLYLINE
  5
AB
330
17
100
AcDbEntity
  8
TOP
100
AcDbPolyline
 90
2
 70
0
 10
172.5
 20
120.0
 10
267.5
 20
120.0
  0
LWPOLYLINE
  5
AC
330
17
100
AcDbEntity
  8
TOP
100
AcDbPolyline
 90
2
 70
0
 10
190.5
 20
151.5
 10
190.5
 20
248.5
  0
LWPOLYLINE
  5
AD
330
17
100
AcDbEntity
  8
TOP
100
AcDbPolyline
 90
2
 70
0
 10
190.5
 20
151.5
 10
190.5
 20
248.5
  0
LWPOLYLINE
  5
AE
330
17
100
AcDbEntity
  8
TOP
100
AcDbPolyline
 90
2
 70
0
 10
349.5
 20
151.5
 10
349.5
 20
248.5
  0
LWPOLYLINE
  5
AF
330
17
100
AcDbEntity
  8
TOP
100
AcDbPolyline
 90
2
 70
0
 10
349.5
 20
151.5
 10
349.5
 20
248.5
  0
LWPOLYLINE
  5
B0
330
17
100
AcDbEntity
  8
TOP
100
AcDbPolyline
 90
2
 70
0
 10
190.5
 20
151.5
 10
349.5
 20
151.5
  0
LWPOLYLINE
  5
B1
330
17
100
AcDbEntity
  8
TOP
100
AcDbPolyline
 90
2
 70
0
 10
190.5
 20
151.5
 10
349.5
 20
151.5
  0
LWPOLYLINE
  5
B2
330
17
100
AcDbEntity
  8
TOP
100
AcDbPolyline
 90
2
 70
0
 10
190.5
 20
248.5
 10
349.5
 20
248.5
  0
LWPOLYLINE
  5
B3
330
17
100
AcDbEntity
  8
TOP
100
AcDbPolyline
 90
2
 70
0
 10
190.5
 20
248.5
 10
349.5
 20
248.5
  0
LWPOLYLINE
  5
B4
330
17
100
AcDbEntity
  8
TOP
100
AcDbPolyline
 90
2
 70
0
 10
70.0
 20
152.5
 10
70.0
 20
207.5
  0
LWPOLYLINE
  5
B5
330
17
100
AcDbEntity
  8
TOP
100
AcDbPolyline
 90
2
 70
0
 10
70.0
 20
152.5
 10
70.0
 20
207.5
  0
LWPOLYLINE
  5
B6
330
17
100
AcDbEntity
  8
TOP
100
AcDbPolyline
 90
2
 70
0
 10
150.0
 20
152.5
 10
150.0
 20
207.5
  0
LWPOLYLINE
  5
B7
330
17
100
AcDbEntity
  8
TOP
100
AcDbPolyline
 90
2
 70
0
 10
150.0
 20
152.5
 10
150.0
 20
207.5
  0
LWPOLYLINE
  5
B8
330
17
100
AcDbEntity
  8
TOP
100
AcDbPolyline
 90
2
 70
0
 10
70.0
 20
152.5
 10
150.0
 20
152.5
  0
LWPOLYLINE
  5
B9
330
17
100
AcDbEntity
  8
TOP
100
AcDbPolyline
 90
2
 70
0
 10
70.0
 20
152.5
 10
150.0
 20
152.5
  0
LWPOLYLINE
  5
BA
330
17
100
AcDbEntity
  8
TOP
100
AcDbPolyline
 90
2
 70
0
 10
70.0
 20
207.5
 10
150.0
 20
207.5
  0
LWPOLYLINE
  5
BB
330
17
100
AcDbEntity
  8
TOP
100
AcDbPolyline
 90
2
 70
0
 10
70.0
 20
207.5
 10
150.0
 20
207.5
  0
LWPOLYLINE
  5
BC
330
17
100
AcDbEntity
  8
TOP
100
AcDbPolyline
 90
2
 70
0
 10
67.5
 20
244.0
 10
67.5
 20
266.0
  0
LWPOLYLINE
  5
BD
330
17
100
AcDbEntity
  8
TOP
100
AcDbPolyline
 90
2
 70
0
 10
67.5
 20
244.0
 10
67.5
 20
266.0
  0
LWPOLYLINE
  5
BE
330
17
100
AcDbEntity
  8
TOP
100
AcDbPolyline
 90
16
 70
0
 10
105.0
 20
244.0
 10
105.10926199633097
 20
244.0
 10
105.432272711787
 20
244.0
 10
105.95491502812526
 20
244.0
 10
106.65434696820572
 20
244.0
 10
107.5
 20
244.0
 10
108.45491502812526
 20
244.0
 10
109.47735768366172
 20
244.0
 10
110.52264231633826
 20
244.0
 10
111.54508497187473
 20
244.0
 10
112.5
 20
244.0
 10
113.34565303179428
 20
244.0
 10
114.04508497187473
 20
244.0
 10
114.567727288213
 20
244.0
 10
114.89073800366903
 20
244.0
 10
115.0
 20
244.0
  0
LWPOLYLINE
  5
BF
330
17
100
AcDbEntity
  8
TOP
100
AcDbPolyline
 90
2
 70
0
 10
100.0
 20
244.0
 10
105.0
 20
244.0
  0
LWPOLYLINE
  5
C0
330
17
100
AcDbEntity
  8
TOP
100
AcDbPolyline
 90
16
 70
0
 10
90.0
 20
244.0
 10
90.10926199633097
 20
244.0
 10
90.432272711787
 20
244.0
 10
90.95491502812526
 20
244.0
 10
91.65434696820572
 20
244.0
 10
92.5
 20
244.0
 10
93.45491502812526
 20
244.0
 10
94.47735768366172
 20
244.0
 10
95.52264231633826
 20
244.0
 10
96.54508497187473
 20
244.0
 10
97.5
 20
244.0
 10
98.34565303179428
 20
244.0
 10
99.04508497187473
 20
244.0
 10
99.567727288213
 20
244.0
 10
99.89073800366903
 20
244.0
 10
100.0
 20
244.0
  0
LWPOLYLINE
  5
C1
330
17
100
AcDbEntity
  8
TOP
100
AcDbPolyline
 90
2
 70
0
 10
85.0
 20
244.0
 10
90.0
 20
244.0
  0
LWPOLYLINE
  5
C2
330
17
100
AcDbEntity
  8
TOP
100
AcDbPolyline
 90
16
 70
0
 10
75.0
 20
244.0
 10
75.10926199633097
 20
244.0
 10
75.432272711787
 20
244.0
 10
75.95491502812526
 20
244.0
 10
76.65434696820572
 20
244.0
 10
77.5
 20
244.0
 10
78.45491502812526
 20
244.0
 10
79.47735768366172
 20
244.0
 10
80.52264231633826
 20
244.0
 10
81.54508497187473
 20
244.0
 10
82.5
 20
244.0
 10
83.34565303179428
 20
244.0
 10
84.04508497187473
 20
244.0
 10
84.567727288213
 20
244.0
 10
84.89073800366903
 20
244.0
 10
85.0
 20
244.0
  0
LWPOLYLINE
  5
C3
330
17
100
AcDbEntity
  8
TOP
100
AcDbPolyline
 90
2
 70
0
 10
67.5
 20
244.0
 10
75.0
 20
244.0
  0
LWPOLYLINE
  5
C4
330
17
100
AcDbEntity
  8
TOP
100
AcDbPolyline
 90
2
 70
0
 10
67.5
 20
244.0
 10
122.5
 20
244.0
  0
LWPOLYLINE
  5
C5
330
17
100
AcDbEntity
  8
TOP
100
AcDbPolyline
 90
2
 70
0
 10
115.0
 20
244.0
 10
122.5
 20
244.0
  0
LWPOLYLINE
  5
C6
330
17
100
AcDbEntity
  8
TOP
100
AcDbPolyline
 90
2
 70
0
 10
67.5
 20
266.0
 10
75.0
 20
266.0
  0
LWPOLYLINE
  5
C7
330
17
100
AcDbEntity
  8
TOP
100
AcDbPolyline
 90
2
 70
0
 10
75.0
 20
266.0
 10
75.0
 20
244.0
  0
LWPOLYLINE
  5
C8
330
17
100
AcDbEntity
  8
TOP
100
AcDbPolyline
 90
16
 70
0
 10
105.0
 20
266.0
 10
105.10926199633097
 20
266.0
 10
105.432272711787
 20
266.0
 10
105.95491502812526
 20
266.0
 10
106.65434696820572
 20
266.0
 10
107.5
 20
266.0
 10
108.45491502812526
 20
266.0
 10
109.47735768366172
 20
266.0
 10
110.52264231633826
 20
266.0
 10
111.54508497187473
 20
266.0
 10
112.5
 20
266.0
 10
113.34565303179428
 20
266.0
 10
114.04508497187473
 20
266.0
 10
114.567727288213
 20
266.0
 10
114.89073800366903
 20
266.0
 10
115.0
 20
266.0
  0
LWPOLYLINE
  5
C9
330
17
100
AcDbEntity
  8
TOP
100
AcDbPolyline
 90
2
 70
0
 10
100.0
 20
266.0
 10
105.0
 20
266.0
  0
LWPOLYLINE
  5
CA
330
17
100
AcDbEntity
  8
TOP
100
AcDbPolyline
 90
16
 70
0
 10
90.0
 20
266.0
 10
90.10926199633097
 20
266.0
 10
90.432272711787
 20
266.0
 10
90.95491502812526
 20
266.0
 10
91.65434696820572
 20
266.0
 10
92.5
 20
266.0
 10
93.45491502812526
 20
266.0
 10
94.47735768366172
 20
266.0
 10
95.52264231633826
 20
266.0
 10
96.54508497187473
 20
266.0
 10
97.5
 20
266.0
 10
98.34565303179428
 20
266.0
 10
99.04508497187473
 20
266.0
 10
99.567727288213
 20
266.0
 10
99.89073800366903
 20
266.0
 10
100.0
 20
266.0
  0
LWPOLYLINE
  5
CB
330
17
100
AcDbEntity
  8
TOP
100
AcDbPolyline
 90
2
 70
0
 10
85.0
 20
266.0
 10
90.0
 20
266.0
  0
LWPOLYLINE
  5
CC
330
17
100
AcDbEntity
  8
TOP
100
AcDbPolyline
 90
16
 70
0
 10
75.0
 20
266.0
 10
75.10926199633097
 20
266.0
 10
75.432272711787
 20
266.0
 10
75.95491502812526
 20
266.0
 10
76.65434696820572
 20
266.0
 10
77.5
 20
266.0
 10
78.45491502812526
 20
266.0
 10
79.47735768366172
 20
266.0
 10
80.52264231633826
 20
266.0
 10
81.54508497187473
 20
266.0
 10
82.5
 20
266.0
 10
83.34565303179428
 20
266.0
 10
84.04508497187473
 20
266.0
 10
84.567727288213
 20
266.0
 10
84.89073800366903
 20
266.0
 10
85.0
 20
266.0
  0
LWPOLYLINE
  5
CD
330
17
100
AcDbEntity
  8
TOP
100
AcDbPolyline
 90
2
 70
0
 10
67.5
 20
266.0
 10
122.5
 20
266.0
  0
LWPOLYLINE
  5
CE
330
17
100
AcDbEntity
  8
TOP
100
AcDbPolyline
 90
2
 70
0
 10
115.0
 20
266.0
 10
122.5
 20
266.0
  0
LWPOLYLINE
  5
CF
330
17
100
AcDbEntity
  8
TOP
100
AcDbPolyline
 90
2
 70
0
 10
122.5
 20
244.0
 10
122.5
 20
266.0
  0
LWPOLYLINE
  5
D0
330
17
100
AcDbEntity
  8
TOP
100
AcDbPolyline
 90
2
 70
0
 10
105.0
 20
266.0
 10
105.0
 20
244.0
  0
LWPOLYLINE
  5
D1
330
17
100
AcDbEntity
  8
TOP
100
AcDbPolyline
 90
2
 70
0
 10
115.0
 20
244.0
 10
115.0
 20
266.0
  0
LWPOLYLINE
  5
D2
330
17
100
AcDbEntity
  8
TOP
100
AcDbPolyline
 90
2
 70
0
 10
100.0
 20
244.0
 10
100.0
 20
266.0
  0
LWPOLYLINE
  5
D3
330
17
100
AcDbEntity
  8
TOP
100
AcDbPolyline
 90
2
 70
0
 10
90.0
 20
266.0
 10
90.0
 20
244.0
  0
LWPOLYLINE
  5
D4
330
17
100
AcDbEntity
  8
TOP
100
AcDbPolyline
 90
2
 70
0
 10
85.0
 20
244.0
 10
85.0
 20
266.0
  0
LWPOLYLINE
  5
D5
330
17
100
AcDbEntity
  8
TOP
100
AcDbPolyline
 90
2
 70
0
 10
122.5
 20
244.0
 10
122.5
 20
266.0
  0
DIMENSION
  5
D6
330
17
100
AcDbEntity
  8
DIMENSIONS
100
AcDbDimension
280
0
  2
*D1
  3
Standard
 10
0.0
 20
-35.0
 30
0.0
 11
200.0
 21
-35.0
 31
0.0
 70
32
 71
5
  1
<>
100
AcDbAlignedDimension
 13
0.0
 23
0.0
 33
0.0
 14
400.0
 24
0.0
 34
0.0
 50
0.0
100
AcDbRotatedDimension
1001
ACAD
1000
DSTYLE
1002
{
1070
140
1040
3.076923076923077
1070
41
1040
2.5
1070
176
1070
7
1070
177
1070
7
1070
178
1070
7
1070
271
1070
2
1002
}
  0
DIMENSION
  5
EA
330
17
100
AcDbEntity
  8
DIMENSIONS
100
AcDbDimension
280
0
  2
*D2
  3
Standard
 10
-35.0
 20
0.0
 30
0.0
 11
-35.0
 21
150.0
 31
0.0
 70
32
 71
5
  1
<>
100
AcDbAlignedDimension
 13
0.0
 23
0.0
 33
0.0
 14
0.0
 24
300.0
 34
0.0
 50
90.0
100
AcDbRotatedDimension
1001
ACAD
1000
DSTYLE
1002
{
1070
140
1040
3.076923076923077
1070
41
1040
2.5
1070
176
1070
7
1070
177
1070
7
1070
178
1070
7
1070
271
1070
2
1002
}
  0
TEXT
  5
FA
330
17
100
AcDbEntity
  8
NOTES
100
AcDbText
 10
0.0
 20
320.0
 30
0.0
 40
4.0
  1
TOP
100
AcDbText
  0
LWPOLYLINE
  5
FB
330
17
100
AcDbEntity
  8
FRONT
100
AcDbPolyline
 90
2
 70
0
 10
0.0
 20
-330.0
 10
0.0
 20
-158.0
  0
LWPOLYLINE
  5
FC
330
17
100
AcDbEntity
  8
FRONT
100
AcDbPolyline
 90
2
 70
0
 10
0.0
 20
-330.0
 10
0.0
 20
-158.0
  0
LWPOLYLINE
  5
FD
330
17
100
AcDbEntity
  8
FRONT
100
AcDbPolyline
 90
2
 70
0
 10
0.0
 20
-330.0
 10
400.0
 20
-330.0
  0
LWPOLYLINE
  5
FE
330
17
100
AcDbEntity
  8
FRONT
100
AcDbPolyline
 90
2
 70
0
 10
400.0
 20
-330.0
 10
400.0
 20
-158.0
  0
LWPOLYLINE
  5
FF
330
17
100
AcDbEntity
  8
FRONT
100
AcDbPolyline
 90
2
 70
0
 10
0.0
 20
-158.0
 10
400.0
 20
-158.0
  0
LWPOLYLINE
  5
100
330
17
100
AcDbEntity
  8
FRONT
100
AcDbPolyline
 90
2
 70
0
 10
0.0
 20
-158.0
 10
400.0
 20
-158.0
  0
LWPOLYLINE
  5
101
330
17
100
AcDbEntity
  8
FRONT
100
AcDbPolyline
 90
2
 70
0
 10
380.0
 20
-158.0
 10
20.0
 20
-158.0
  0
LWPOLYLINE
  5
102
330
17
100
AcDbEntity
  8
FRONT
100
AcDbPolyline
 90
2
 70
0
 10
380.0
 20
-158.0
 10
20.0
 20
-158.0
  0
LWPOLYLINE
  5
103
330
17
100
AcDbEntity
  8
FRONT
100
AcDbPolyline
 90
2
 70
0
 10
0.0
 20
-330.0
 10
400.0
 20
-330.0
  0
LWPOLYLINE
  5
104
330
17
100
AcDbEntity
  8
FRONT
100
AcDbPolyline
 90
2
 70
0
 10
400.0
 20
-330.0
 10
400.0
 20
-158.0
  0
LWPOLYLINE
  5
105
330
17
100
AcDbEntity
  8
FRONT
100
AcDbPolyline
 90
2
 70
0
 10
380.0
 20
-310.0
 10
380.0
 20
-158.0
  0
LWPOLYLINE
  5
106
330
17
100
AcDbEntity
  8
FRONT
100
AcDbPolyline
 90
2
 70
0
 10
20.0
 20
-310.0
 10
20.0
 20
-158.0
  0
LWPOLYLINE
  5
107
330
17
100
AcDbEntity
  8
FRONT
100
AcDbPolyline
 90
2
 70
0
 10
20.0
 20
-310.0
 10
380.0
 20
-310.0
  0
LWPOLYLINE
  5
108
330
17
100
AcDbEntity
  8
FRONT
100
AcDbPolyline
 90
2
 70
0
 10
380.0
 20
-310.0
 10
380.0
 20
-158.0
  0
LWPOLYLINE
  5
109
330
17
100
AcDbEntity
  8
FRONT
100
AcDbPolyline
 90
2
 70
0
 10
20.0
 20
-310.0
 10
20.0
 20
-158.0
  0
LWPOLYLINE
  5
10A
330
17
100
AcDbEntity
  8
FRONT
100
AcDbPolyline
 90
2
 70
0
 10
20.0
 20
-310.0
 10
380.0
 20
-310.0
  0
LWPOLYLINE
  5
10B
330
17
100
AcDbEntity
  8
FRONT
100
AcDbPolyline
 90
2
 70
0
 10
0.0
 20
-158.0
 10
0.0
 20
-150.0
  0
LWPOLYLINE
  5
10C
330
17
100
AcDbEntity
  8
FRONT
100
AcDbPolyline
 90
2
 70
0
 10
0.0
 20
-158.0
 10
0.0
 20
-150.0
  0
LWPOLYLINE
  5
10D
330
17
100
AcDbEntity
  8
FRONT
100
AcDbPolyline
 90
2
 70
0
 10
400.0
 20
-158.0
 10
400.0
 20
-150.0
  0
LWPOLYLINE
  5
10E
330
17
100
AcDbEntity
  8
FRONT
100
AcDbPolyline
 90
2
 70
0
 10
400.0
 20
-158.0
 10
400.0
 20
-150.0
  0
LWPOLYLINE
  5
10F
330
17
100
AcDbEntity
  8
FRONT
100
AcDbPolyline
 90
2
 70
0
 10
0.0
 20
-158.0
 10
400.0
 20
-158.0
  0
LWPOLYLINE
  5
110
330
17
100
AcDbEntity
  8
FRONT
100
AcDbPolyline
 90
2
 70
0
 10
0.0
 20
-150.0
 10
400.0
 20
-150.0
  0
LWPOLYLINE
  5
111
330
17
100
AcDbEntity
  8
FRONT
100
AcDbPolyline
 90
2
 70
0
 10
0.0
 20
-158.0
 10
400.0
 20
-158.0
  0
LWPOLYLINE
  5
112
330
17
100
AcDbEntity
  8
FRONT
100
AcDbPolyline
 90
2
 70
0
 10
0.0
 20
-150.0
 10
400.0
 20
-150.0
  0
LWPOLYLINE
  5
113
330
17
100
AcDbEntity
  8
FRONT
100
AcDbPolyline
 90
2
 70
0
 10
30.0
 20
-306.0
 10
30.0
 20
-302.0
  0
LWPOLYLINE
  5
114
330
17
100
AcDbEntity
  8
FRONT
100
AcDbPolyline
 90
2
 70
0
 10
30.0
 20
-306.0
 10
30.0
 20
-302.0
  0
LWPOLYLINE
  5
115
330
17
100
AcDbEntity
  8
FRONT
100
AcDbPolyline
 90
2
 70
0
 10
30.0
 20
-306.0
 10
370.0
 20
-306.0
  0
LWPOLYLINE
  5
116
330
17
100
AcDbEntity
  8
FRONT
100
AcDbPolyline
 90
2
 70
0
 10
370.0
 20
-306.0
 10
370.0
 20
-302.0
  0
LWPOLYLINE
  5
117
330
17
100
AcDbEntity
  8
FRONT
100
AcDbPolyline
 90
2
 70
0
 10
30.0
 20
-302.0
 10
370.0
 20
-302.0
  0
LWPOLYLINE
  5
118
330
17
100
AcDbEntity
  8
FRONT
100
AcDbPolyline
 90
2
 70
0
 10
30.0
 20
-302.0
 10
370.0
 20
-302.0
  0
LWPOLYLINE
  5
119
330
17
100
AcDbEntity
  8
FRONT
100
AcDbPolyline
 90
16
 70
0
 10
48.30000000000001
 20
-302.0
 10
48.014700010220594
 20
-302.0
 10
47.208131000984224
 20
-302.0
 10
46.01975608143732
 20
-302.0
 10
44.655056071216734
 20
-302.0
 10
43.349999999999994
 20
-302.0
 10
42.33024391856267
 20
-302.0
 10
41.772112917578454
 20
-302.0
 10
41.772112917578454
 20
-302.0
 10
42.33024391856267
 20
-302.0
 10
43.349999999999994
 20
-302.0
 10
44.655056071216734
 20
-302.0
 10
46.01975608143732
 20
-302.0
 10
47.208131000984224
 20
-302.0
 10
48.014700010220594
 20
-302.0
 10
48.30000000000001
 20
-302.0
  0
LWPOLYLINE
  5
11A
330
17
100
AcDbEntity
  8
FRONT
100
AcDbPolyline
 90
16
 70
0
 10
57.599999999999994
 20
-302.0
 10
57.46167273222815
 20
-302.0
 10
57.07060897017416
 20
-302.0
 10
56.494427190999915
 20
-302.0
 10
55.832754458771745
 20
-302.0
 10
55.19999999999999
 20
-302.0
 10
54.705572809000074
 20
-302.0
 10
54.43496383882592
 20
-302.0
 10
54.43496383882592
 20
-302.0
 10
54.705572809000074
 20
-302.0
 10
55.19999999999999
 20
-302.0
 10
55.832754458771745
 20
-302.0
 10
56.494427190999915
 20
-302.0
 10
57.07060897017416
 20
-302.0
 10
57.46167273222815
 20
-302.0
 10
57.599999999999994
 20
-302.0
  0
LWPOLYLINE
  5
11B
330
17
100
AcDbEntity
  8
FRONT
100
AcDbPolyline
 90
16
 70
0
 10
115.6
 20
-302.0
 10
115.46167273222817
 20
-302.0
 10
115.07060897017418
 20
-302.0
 10
114.49442719099991
 20
-302.0
 10
113.83275445877176
 20
-302.0
 10
113.2
 20
-302.0
 10
112.70557280900009
 20
-302.0
 10
112.43496383882591
 20
-302.0
 10
112.43496383882591
 20
-302.0
 10
112.70557280900009
 20
-302.0
 10
113.2
 20
-302.0
 10
113.83275445877176
 20
-302.0
 10
114.49442719099991
 20
-302.0
 10
115.07060897017418
 20
-302.0
 10
115.46167273222817
 20
-302.0
 10
115.6
 20
-302.0
  0
LWPOLYLINE
  5
11C
330
17
100
AcDbEntity
  8
FRONT
100
AcDbPolyline
 90
16
 70
0
 10
57.599999999999994
 20
-302.0
 10
57.46167273222815
 20
-302.0
 10
57.07060897017416
 20
-302.0
 10
56.494427190999915
 20
-302.0
 10
55.832754458771745
 20
-302.0
 10
55.19999999999999
 20
-302.0
 10
54.705572809000074
 20
-302.0
 10
54.43496383882592
 20
-302.0
 10
54.43496383882592
 20
-302.0
 10
54.705572809000074
 20
-302.0
 10
55.19999999999999
 20
-302.0
 10
55.832754458771745
 20
-302.0
 10
56.494427190999915
 20
-302.0
 10
57.07060897017416
 20
-302.0
 10
57.46167273222815
 20
-302.0
 10
57.599999999999994
 20
-302.0
  0
LWPOLYLINE
  5
11D
330
17
100
AcDbEntity
  8
FRONT
100
AcDbPolyline
 90
16
 70
0
 10
115.6
 20
-302.0
 10
115.46167273222817
 20
-302.0
 10
115.07060897017418
 20
-302.0
 10
114.49442719099991
 20
-302.0
 10
113.83275445877176
 20
-302.0
 10
113.2
 20
-302.0
 10
112.70557280900009
 20
-302.0
 10
112.43496383882591
 20
-302.0
 10
112.43496383882591
 20
-302.0
 10
112.70557280900009
 20
-302.0
 10
113.2
 20
-302.0
 10
113.83275445877176
 20
-302.0
 10
114.49442719099991
 20
-302.0
 10
115.07060897017418
 20
-302.0
 10
115.46167273222817
 20
-302.0
 10
115.6
 20
-302.0
  0
LWPOLYLINE
  5
11E
330
17
100
AcDbEntity
  8
FRONT
100
AcDbPolyline
 90
16
 70
0
 10
358.3
 20
-302.0
 10
358.0147000102206
 20
-302.0
 10
357.2081310009842
 20
-302.0
 10
356.0197560814373
 20
-302.0
 10
354.65505607121673
 20
-302.0
 10
353.35
 20
-302.0
 10
352.3302439185627
 20
-302.0
 10
351.77211291757845
 20
-302.0
 10
351.77211291757845
 20
-302.0
 10
352.3302439185627
 20
-302.0
 10
353.35
 20
-302.0
 10
354.65505607121673
 20
-302.0
 10
356.0197560814373
 20
-302.0
 10
357.2081310009842
 20
-302.0
 10
358.0147000102206
 20
-302.0
 10
358.3
 20
-302.0
  0
LWPOLYLINE
  5
11F
330
17
100
AcDbEntity
  8
FRONT
100
AcDbPolyline
 90
16
 70
0
 10
48.30000000000001
 20
-302.0
 10
48.014700010220594
 20
-302.0
 10
47.208131000984224
 20
-302.0
 10
46.01975608143732
 20
-302.0
 10
44.655056071216734
 20
-302.0
 10
43.349999999999994
 20
-302.0
 10
42.33024391856267
 20
-302.0
 10
41.772112917578454
 20
-302.0
 10
41.772112917578454
 20
-302.0
 10
42.33024391856267
 20
-302.0
 10
43.349999999999994
 20
-302.0
 10
44.655056071216734
 20
-302.0
 10
46.01975608143732
 20
-302.0
 10
47.208131000984224
 20
-302.0
 10
48.014700010220594
 20
-302.0
 10
48.30000000000001
 20
-302.0
  0
LWPOLYLINE
  5
120
330
17
100
AcDbEntity
  8
FRONT
100
AcDbPolyline
 90
16
 70
0
 10
358.3
 20
-302.0
 10
358.0147000102206
 20
-302.0
 10
357.2081310009842
 20
-302.0
 10
356.0197560814373
 20
-302.0
 10
354.65505607121673
 20
-302.0
 10
353.35
 20
-302.0
 10
352.3302439185627
 20
-302.0
 10
351.77211291757845
 20
-302.0
 10
351.77211291757845
 20
-302.0
 10
352.3302439185627
 20
-302.0
 10
353.35
 20
-302.0
 10
354.65505607121673
 20
-302.0
 10
356.0197560814373
 20
-302.0
 10
357.2081310009842
 20
-302.0
 10
358.0147000102206
 20
-302.0
 10
358.3
 20
-302.0
  0
LWPOLYLINE
  5
121
330
17
100
AcDbEntity
  8
FRONT
100
AcDbPolyline
 90
2
 70
0
 10
30.0
 20
-306.0
 10
370.0
 20
-306.0
  0
LWPOLYLINE
  5
122
330
17
100
AcDbEntity
  8
FRONT
100
AcDbPolyline
 90
2
 70
0
 10
370.0
 20
-306.0
 10
370.0
 20
-302.0
  0
LWPOLYLINE
  5
123
330
17
100
AcDbEntity
  8
FRONT
100
AcDbPolyline
 90
16
 70
0
 10
48.30000000000001
 20
-306.0
 10
48.014700010220594
 20
-306.0
 10
47.208131000984224
 20
-306.0
 10
46.01975608143732
 20
-306.0
 10
44.655056071216734
 20
-306.0
 10
43.349999999999994
 20
-306.0
 10
42.33024391856267
 20
-306.0
 10
41.772112917578454
 20
-306.0
 10
41.772112917578454
 20
-306.0
 10
42.33024391856267
 20
-306.0
 10
43.349999999999994
 20
-306.0
 10
44.655056071216734
 20
-306.0
 10
46.01975608143732
 20
-306.0
 10
47.208131000984224
 20
-306.0
 10
48.014700010220594
 20
-306.0
 10
48.30000000000001
 20
-306.0
  0
LWPOLYLINE
  5
124
330
17
100
AcDbEntity
  8
FRONT
100
AcDbPolyline
 90
16
 70
0
 10
57.599999999999994
 20
-306.0
 10
57.46167273222815
 20
-306.0
 10
57.07060897017416
 20
-306.0
 10
56.494427190999915
 20
-306.0
 10
55.832754458771745
 20
-306.0
 10
55.19999999999999
 20
-306.0
 10
54.705572809000074
 20
-306.0
 10
54.43496383882592
 20
-306.0
 10
54.43496383882592
 20
-306.0
 10
54.705572809000074
 20
-306.0
 10
55.19999999999999
 20
-306.0
 10
55.832754458771745
 20
-306.0
 10
56.494427190999915
 20
-306.0
 10
57.07060897017416
 20
-306.0
 10
57.46167273222815
 20
-306.0
 10
57.599999999999994
 20
-306.0
  0
LWPOLYLINE
  5
125
330
17
100
AcDbEntity
  8
FRONT
100
AcDbPolyline
 90
16
 70
0
 10
115.6
 20
-306.0
 10
115.46167273222817
 20
-306.0
 10
115.07060897017418
 20
-306.0
 10
114.49442719099991
 20
-306.0
 10
113.83275445877176
 20
-306.0
 10
113.2
 20
-306.0
 10
112.70557280900009
 20
-306.0
 10
112.43496383882591
 20
-306.0
 10
112.43496383882591
 20
-306.0
 10
112.70557280900009
 20
-306.0
 10
113.2
 20
-306.0
 10
113.83275445877176
 20
-306.0
 10
114.49442719099991
 20
-306.0
 10
115.07060897017418
 20
-306.0
 10
115.46167273222817
 20
-306.0
 10
115.6
 20
-306.0
  0
LWPOLYLINE
  5
126
330
17
100
AcDbEntity
  8
FRONT
100
AcDbPolyline
 90
16
 70
0
 10
57.599999999999994
 20
-306.0
 10
57.46167273222815
 20
-306.0
 10
57.07060897017416
 20
-306.0
 10
56.494427190999915
 20
-306.0
 10
55.832754458771745
 20
-306.0
 10
55.19999999999999
 20
-306.0
 10
54.705572809000074
 20
-306.0
 10
54.43496383882592
 20
-306.0
 10
54.43496383882592
 20
-306.0
 10
54.705572809000074
 20
-306.0
 10
55.19999999999999
 20
-306.0
 10
55.832754458771745
 20
-306.0
 10
56.494427190999915
 20
-306.0
 10
57.07060897017416
 20
-306.0
 10
57.46167273222815
 20
-306.0
 10
57.599999999999994
 20
-306.0
  0
LWPOLYLINE
  5
127
330
17
100
AcDbEntity
  8
FRONT
100
AcDbPolyline
 90
16
 70
0
 10
115.6
 20
-306.0
 10
115.46167273222817
 20
-306.0
 10
115.07060897017418
 20
-306.0
 10
114.49442719099991
 20
-306.0
 10
113.83275445877176
 20
-306.0
 10
113.2
 20
-306.0
 10
112.70557280900009
 20
-306.0
 10
112.43496383882591
 20
-306.0
 10
112.43496383882591
 20
-306.0
 10
112.70557280900009
 20
-306.0
 10
113.2
 20
-306.0
 10
113.83275445877176
 20
-306.0
 10
114.49442719099991
 20
-306.0
 10
115.07060897017418
 20
-306.0
 10
115.46167273222817
 20
-306.0
 10
115.6
 20
-306.0
  0
LWPOLYLINE
  5
128
330
17
100
AcDbEntity
  8
FRONT
100
AcDbPolyline
 90
16
 70
0
 10
358.3
 20
-306.0
 10
358.0147000102206
 20
-306.0
 10
357.2081310009842
 20
-306.0
 10
356.0197560814373
 20
-306.0
 10
354.65505607121673
 20
-306.0
 10
353.35
 20
-306.0
 10
352.3302439185627
 20
-306.0
 10
351.77211291757845
 20
-306.0
 10
351.77211291757845
 20
-306.0
 10
352.3302439185627
 20
-306.0
 10
353.35
 20
-306.0
 10
354.65505607121673
 20
-306.0
 10
356.0197560814373
 20
-306.0
 10
357.2081310009842
 20
-306.0
 10
358.0147000102206
 20
-306.0
 10
358.3
 20
-306.0
  0
LWPOLYLINE
  5
129
330
17
100
AcDbEntity
  8
FRONT
100
AcDbPolyline
 90
16
 70
0
 10
48.30000000000001
 20
-306.0
 10
48.014700010220594
 20
-306.0
 10
47.208131000984224
 20
-306.0
 10
46.01975608143732
 20
-306.0
 10
44.655056071216734
 20
-306.0
 10
43.349999999999994
 20
-306.0
 10
42.33024391856267
 20
-306.0
 10
41.772112917578454
 20
-306.0
 10
41.772112917578454
 20
-306.0
 10
42.33024391856267
 20
-306.0
 10
43.349999999999994
 20
-306.0
 10
44.655056071216734
 20
-306.0
 10
46.01975608143732
 20
-306.0
 10
47.208131000984224
 20
-306.0
 10
48.014700010220594
 20
-306.0
 10
48.30000000000001
 20
-306.0
  0
LWPOLYLINE
  5
12A
330
17
100
AcDbEntity
  8
FRONT
100
AcDbPolyline
 90
16
 70
0
 10
358.3
 20
-306.0
 10
358.0147000102206
 20
-306.0
 10
357.2081310009842
 20
-306.0
 10
356.0197560814373
 20
-306.0
 10
354.65505607121673
 20
-306.0
 10
353.35
 20
-306.0
 10
352.3302439185627
 20
-306.0
 10
351.77211291757845
 20
-306.0
 10
351.77211291757845
 20
-306.0
 10
352.3302439185627
 20
-306.0
 10
353.35
 20
-306.0
 10
354.65505607121673
 20
-306.0
 10
356.0197560814373
 20
-306.0
 10
357.2081310009842
 20
-306.0
 10
358.0147000102206
 20
-306.0
 10
358.3
 20
-306.0
  0
LWPOLYLINE
  5
12B
330
17
100
AcDbEntity
  8
FRONT
100
AcDbPolyline
 90
2
 70
0
 10
48.30000000000001
 20
-306.0
 10
48.30000000000001
 20
-302.0
  0
LWPOLYLINE
  5
12C
330
17
100
AcDbEntity
  8
FRONT
100
AcDbPolyline
 90
2
 70
0
 10
57.599999999999994
 20
-306.0
 10
57.599999999999994
 20
-302.0
  0
LWPOLYLINE
  5
12D
330
17
100
AcDbEntity
  8
FRONT
100
AcDbPolyline
 90
2
 70
0
 10
115.6
 20
-306.0
 10
115.6
 20
-302.0
  0
LWPOLYLINE
  5
12E
330
17
100
AcDbEntity
  8
FRONT
100
AcDbPolyline
 90
2
 70
0
 10
57.599999999999994
 20
-306.0
 10
57.599999999999994
 20
-302.0
  0
LWPOLYLINE
  5
12F
330
17
100
AcDbEntity
  8
FRONT
100
AcDbPolyline
 90
2
 70
0
 10
115.6
 20
-306.0
 10
115.6
 20
-302.0
  0
LWPOLYLINE
  5
130
330
17
100
AcDbEntity
  8
FRONT
100
AcDbPolyline
 90
2
 70
0
 10
358.3
 20
-306.0
 10
358.3
 20
-302.0
  0
LWPOLYLINE
  5
131
330
17
100
AcDbEntity
  8
FRONT
100
AcDbPolyline
 90
2
 70
0
 10
48.30000000000001
 20
-306.0
 10
48.30000000000001
 20
-302.0
  0
LWPOLYLINE
  5
132
330
17
100
AcDbEntity
  8
FRONT
100
AcDbPolyline
 90
2
 70
0
 10
358.3
 20
-306.0
 10
358.3
 20
-302.0
  0
LWPOLYLINE
  5
133
330
17
100
AcDbEntity
  8
FRONT
100
AcDbPolyline
 90
2
 70
0
 10
51.0
 20
-310.0
 10
51.0
 20
-306.0
  0
LWPOLYLINE
  5
134
330
17
100
AcDbEntity
  8
FRONT
100
AcDbPolyline
 90
16
 70
0
 10
51.0
 20
-310.0
 10
50.48127274585562
 20
-310.0
 10
49.01478363815315
 20
-310.0
 10
46.85410196624969
 20
-310.0
 10
44.37282922039407
 20
-310.0
 10
42.0
 20
-310.0
 10
40.14589803375031
 20
-310.0
 10
39.131114395597166
 20
-310.0
 10
39.131114395597166
 20
-310.0
 10
40.14589803375031
 20
-310.0
 10
42.0
 20
-310.0
 10
44.37282922039407
 20
-310.0
 10
46.85410196624969
 20
-310.0
 10
49.01478363815315
 20
-310.0
 10
50.48127274585562
 20
-310.0
 10
51.0
 20
-310.0
  0
LWPOLYLINE
  5
135
330
17
100
AcDbEntity
  8
FRONT
100
AcDbPolyline
 90
16
 70
0
 10
51.0
 20
-306.0
 10
50.48127274585562
 20
-306.0
 10
49.01478363815315
 20
-306.0
 10
46.85410196624969
 20
-306.0
 10
44.37282922039407
 20
-306.0
 10
42.0
 20
-306.0
 10
40.14589803375031
 20
-306.0
 10
39.131114395597166
 20
-306.0
 10
39.131114395597166
 20
-306.0
 10
40.14589803375031
 20
-306.0
 10
42.0
 20
-306.0
 10
44.37282922039407
 20
-306.0
 10
46.85410196624969
 20
-306.0
 10
49.01478363815315
 20
-306.0
 10
50.48127274585562
 20
-306.0
 10
51.0
 20
-306.0
  0
LWPOLYLINE
  5
136
330
17
100
AcDbEntity
  8
FRONT
100
AcDbPolyline
 90
16
 70
0
 10
48.30000000000001
 20
-310.0
 10
48.014700010220594
 20
-310.0
 10
47.208131000984224
 20
-310.0
 10
46.01975608143732
 20
-310.0
 10
44.655056071216734
 20
-310.0
 10
43.349999999999994
 20
-310.0
 10
42.33024391856267
 20
-310.0
 10
41.772112917578454
 20
-310.0
 10
41.772112917578454
 20
-310.0
 10
42.33024391856267
 20
-310.0
 10
43.349999999999994
 20
-310.0
 10
44.655056071216734
 20
-310.0
 10
46.01975608143732
 20
-310.0
 10
47.208131000984224
 20
-310.0
 10
48.014700010220594
 20
-310.0
 10
48.30000000000001
 20
-310.0
  0
LWPOLYLINE
  5
137
330
17
100
AcDbEntity
  8
FRONT
100
AcDbPolyline
 90
16
 70
0
 10
48.30000000000001
 20
-306.0
 10
48.014700010220594
 20
-306.0
 10
47.208131000984224
 20
-306.0
 10
46.01975608143732
 20
-306.0
 10
44.655056071216734
 20
-306.0
 10
43.349999999999994
 20
-306.0
 10
42.33024391856267
 20
-306.0
 10
41.772112917578454
 20
-306.0
 10
41.772112917578454
 20
-306.0
 10
42.33024391856267
 20
-306.0
 10
43.349999999999994
 20
-306.0
 10
44.655056071216734
 20
-306.0
 10
46.01975608143732
 20
-306.0
 10
47.208131000984224
 20
-306.0
 10
48.014700010220594
 20
-306.0
 10
48.30000000000001
 20
-306.0
  0
LWPOLYLINE
  5
138
330
17
100
AcDbEntity
  8
FRONT
100
AcDbPolyline
 90
2
 70
0
 10
48.30000000000001
 20
-310.0
 10
48.30000000000001
 20
-306.0
  0
LWPOLYLINE
  5
139
330
17
100
AcDbEntity
  8
FRONT
100
AcDbPolyline
 90
2
 70
0
 10
361.0
 20
-310.0
 10
361.0
 20
-306.0
  0
LWPOLYLINE
  5
13A
330
17
100
AcDbEntity
  8
FRONT
100
AcDbPolyline
 90
16
 70
0
 10
361.0
 20
-310.0
 10
360.4812727458556
 20
-310.0
 10
359.0147836381532
 20
-310.0
 10
356.8541019662497
 20
-310.0
 10
354.37282922039407
 20
-310.0
 10
352.0
 20
-310.0
 10
350.1458980337503
 20
-310.0
 10
349.13111439559714
 20
-310.0
 10
349.13111439559714
 20
-310.0
 10
350.1458980337503
 20
-310.0
 10
352.0
 20
-310.0
 10
354.37282922039407
 20
-310.0
 10
356.8541019662497
 20
-310.0
 10
359.0147836381532
 20
-310.0
 10
360.4812727458556
 20
-310.0
 10
361.0
 20
-310.0
  0
LWPOLYLINE
  5
13B
330
17
100
AcDbEntity
  8
FRONT
100
AcDbPolyline
 90
16
 70
0
 10
361.0
 20
-306.0
 10
360.4812727458556
 20
-306.0
 10
359.0147836381532
 20
-306.0
 10
356.8541019662497
 20
-306.0
 10
354.37282922039407
 20
-306.0
 10
352.0
 20
-306.0
 10
350.1458980337503
 20
-306.0
 10
349.13111439559714
 20
-306.0
 10
349.13111439559714
 20
-306.0
 10
350.1458980337503
 20
-306.0
 10
352.0
 20
-306.0
 10
354.37282922039407
 20
-306.0
 10
356.8541019662497
 20
-306.0
 10
359.0147836381532
 20
-306.0
 10
360.4812727458556
 20
-306.0
 10
361.0
 20
-306.0
  0
LWPOLYLINE
  5
13C
330
17
100
AcDbEntity
  8
FRONT
100
AcDbPolyline
 90
16
 70
0
 10
358.3
 20
-310.0
 10
358.0147000102206
 20
-310.0
 10
357.2081310009842
 20
-310.0
 10
356.0197560814373
 20
-310.0
 10
354.65505607121673
 20
-310.0
 10
353.35
 20
-310.0
 10
352.3302439185627
 20
-310.0
 10
351.77211291757845
 20
-310.0
 10
351.77211291757845
 20
-310.0
 10
352.3302439185627
 20
-310.0
 10
353.35
 20
-310.0
 10
354.65505607121673
 20
-310.0
 10
356.0197560814373
 20
-310.0
 10
357.2081310009842
 20
-310.0
 10
358.0147000102206
 20
-310.0
 10
358.3
 20
-310.0
  0
LWPOLYLINE
  5
13D
330
17
100
AcDbEntity
  8
FRONT
100
AcDbPolyline
 90
16
 70
0
 10
358.3
 20
-306.0
 10
358.0147000102206
 20
-306.0
 10
357.2081310009842
 20
-306.0
 10
356.0197560814373
 20
-306.0
 10
354.65505607121673
 20
-306.0
 10
353.35
 20
-306.0
 10
352.3302439185627
 20
-306.0
 10
351.77211291757845
 20
-306.0
 10
351.77211291757845
 20
-306.0
 10
352.3302439185627
 20
-306.0
 10
353.35
 20
-306.0
 10
354.65505607121673
 20
-306.0
 10
356.0197560814373
 20
-306.0
 10
357.2081310009842
 20
-306.0
 10
358.0147000102206
 20
-306.0
 10
358.3
 20
-306.0
  0
LWPOLYLINE
  5
13E
330
17
100
AcDbEntity
  8
FRONT
100
AcDbPolyline
 90
2
 70
0
 10
358.3
 20
-310.0
 10
358.3
 20
-306.0
  0
LWPOLYLINE
  5
13F
330
17
100
AcDbEntity
  8
FRONT
100
AcDbPolyline
 90
2
 70
0
 10
51.0
 20
-310.0
 10
51.0
 20
-306.0
  0
LWPOLYLINE
  5
140
330
17
100
AcDbEntity
  8
FRONT
100
AcDbPolyline
 90
16
 70
0
 10
51.0
 20
-310.0
 10
50.48127274585562
 20
-310.0
 10
49.01478363815315
 20
-310.0
 10
46.85410196624969
 20
-310.0
 10
44.37282922039407
 20
-310.0
 10
42.0
 20
-310.0
 10
40.14589803375031
 20
-310.0
 10
39.131114395597166
 20
-310.0
 10
39.131114395597166
 20
-310.0
 10
40.14589803375031
 20
-310.0
 10
42.0
 20
-310.0
 10
44.37282922039407
 20
-310.0
 10
46.85410196624969
 20
-310.0
 10
49.01478363815315
 20
-310.0
 10
50.48127274585562
 20
-310.0
 10
51.0
 20
-310.0
  0
LWPOLYLINE
  5
141
330
17
100
AcDbEntity
  8
FRONT
100
AcDbPolyline
 90
16
 70
0
 10
51.0
 20
-306.0
 10
50.48127274585562
 20
-306.0
 10
49.01478363815315
 20
-306.0
 10
46.85410196624969
 20
-306.0
 10
44.37282922039407
 20
-306.0
 10
42.0
 20
-306.0
 10
40.14589803375031
 20
-306.0
 10
39.131114395597166
 20
-306.0
 10
39.131114395597166
 20
-306.0
 10
40.14589803375031
 20
-306.0
 10
42.0
 20
-306.0
 10
44.37282922039407
 20
-306.0
 10
46.85410196624969
 20
-306.0
 10
49.01478363815315
 20
-306.0
 10
50.48127274585562
 20
-306.0
 10
51.0
 20
-306.0
  0
LWPOLYLINE
  5
142
330
17
100
AcDbEntity
  8
FRONT
100
AcDbPolyline
 90
16
 70
0
 10
48.30000000000001
 20
-310.0
 10
48.014700010220594
 20
-310.0
 10
47.208131000984224
 20
-310.0
 10
46.01975608143732
 20
-310.0
 10
44.655056071216734
 20
-310.0
 10
43.349999999999994
 20
-310.0
 10
42.33024391856267
 20
-310.0
 10
41.772112917578454
 20
-310.0
 10
41.772112917578454
 20
-310.0
 10
42.33024391856267
 20
-310.0
 10
43.349999999999994
 20
-310.0
 10
44.655056071216734
 20
-310.0
 10
46.01975608143732
 20
-310.0
 10
47.208131000984224
 20
-310.0
 10
48.014700010220594
 20
-310.0
 10
48.30000000000001
 20
-310.0
  0
LWPOLYLINE
  5
143
330
17
100
AcDbEntity
  8
FRONT
100
AcDbPolyline
 90
16
 70
0
 10
48.30000000000001
 20
-306.0
 10
48.014700010220594
 20
-306.0
 10
47.208131000984224
 20
-306.0
 10
46.01975608143732
 20
-306.0
 10
44.655056071216734
 20
-306.0
 10
43.349999999999994
 20
-306.0
 10
42.33024391856267
 20
-306.0
 10
41.772112917578454
 20
-306.0
 10
41.772112917578454
 20
-306.0
 10
42.33024391856267
 20
-306.0
 10
43.349999999999994
 20
-306.0
 10
44.655056071216734
 20
-306.0
 10
46.01975608143732
 20
-306.0
 10
47.208131000984224
 20
-306.0
 10
48.014700010220594
 20
-306.0
 10
48.30000000000001
 20
-306.0
  0
LWPOLYLINE
  5
144
330
17
100
AcDbEntity
  8
FRONT
100
AcDbPolyline
 90
2
 70
0
 10
48.30000000000001
 20
-310.0
 10
48.30000000000001
 20
-306.0
  0
LWPOLYLINE
  5
145
330
17
100
AcDbEntity
  8
FRONT
100
AcDbPolyline
 90
2
 70
0
 10
361.0
 20
-310.0
 10
361.0
 20
-306.0
  0
LWPOLYLINE
  5
146
330
17
100
AcDbEntity
  8
FRONT
100
AcDbPolyline
 90
16
 70
0
 10
361.0
 20
-310.0
 10
360.4812727458556
 20
-310.0
 10
359.0147836381532
 20
-310.0
 10
356.8541019662497
 20
-310.0
 10
354.37282922039407
 20
-310.0
 10
352.0
 20
-310.0
 10
350.1458980337503
 20
-310.0
 10
349.13111439559714
 20
-310.0
 10
349.13111439559714
 20
-310.0
 10
350.1458980337503
 20
-310.0
 10
352.0
 20
-310.0
 10
354.37282922039407
 20
-310.0
 10
356.8541019662497
 20
-310.0
 10
359.0147836381532
 20
-310.0
 10
360.4812727458556
 20
-310.0
 10
361.0
 20
-310.0
  0
LWPOLYLINE
  5
147
330
17
100
AcDbEntity
  8
FRONT
100
AcDbPolyline
 90
16
 70
0
 10
361.0
 20
-306.0
 10
360.4812727458556
 20
-306.0
 10
359.0147836381532
 20
-306.0
 10
356.8541019662497
 20
-306.0
 10
354.37282922039407
 20
-306.0
 10
352.0
 20
-306.0
 10
350.1458980337503
 20
-306.0
 10
349.13111439559714
 20
-306.0
 10
349.13111439559714
 20
-306.0
 10
350.1458980337503
 20
-306.0
 10
352.0
 20
-306.0
 10
354.37282922039407
 20
-306.0
 10
356.8541019662497
 20
-306.0
 10
359.0147836381532
 20
-306.0
 10
360.4812727458556
 20
-306.0
 10
361.0
 20
-306.0
  0
LWPOLYLINE
  5
148
330
17
100
AcDbEntity
  8
FRONT
100
AcDbPolyline
 90
16
 70
0
 10
358.3
 20
-310.0
 10
358.0147000102206
 20
-310.0
 10
357.2081310009842
 20
-310.0
 10
356.0197560814373
 20
-310.0
 10
354.65505607121673
 20
-310.0
 10
353.35
 20
-310.0
 10
352.3302439185627
 20
-310.0
 10
351.77211291757845
 20
-310.0
 10
351.77211291757845
 20
-310.0
 10
352.3302439185627
 20
-310.0
 10
353.35
 20
-310.0
 10
354.65505607121673
 20
-310.0
 10
356.0197560814373
 20
-310.0
 10
357.2081310009842
 20
-310.0
 10
358.0147000102206
 20
-310.0
 10
358.3
 20
-310.0
  0
LWPOLYLINE
  5
149
330
17
100
AcDbEntity
  8
FRONT
100
AcDbPolyline
 90
16
 70
0
 10
358.3
 20
-306.0
 10
358.0147000102206
 20
-306.0
 10
357.2081310009842
 20
-306.0
 10
356.0197560814373
 20
-306.0
 10
354.65505607121673
 20
-306.0
 10
353.35
 20
-306.0
 10
352.3302439185627
 20
-306.0
 10
351.77211291757845
 20
-306.0
 10
351.77211291757845
 20
-306.0
 10
352.3302439185627
 20
-306.0
 10
353.35
 20
-306.0
 10
354.65505607121673
 20
-306.0
 10
356.0197560814373
 20
-306.0
 10
357.2081310009842
 20
-306.0
 10
358.0147000102206
 20
-306.0
 10
358.3
 20
-306.0
  0
LWPOLYLINE
  5
14A
330
17
100
AcDbEntity
  8
FRONT
100
AcDbPolyline
 90
2
 70
0
 10
358.3
 20
-310.0
 10
358.3
 20
-306.0
  0
LWPOLYLINE
  5
14B
330
17
100
AcDbEntity
  8
FRONT
100
AcDbPolyline
 90
2
 70
0
 10
59.0
 20
-302.0
 10
59.0
 20
-294.0
  0
LWPOLYLINE
  5
14C
330
17
100
AcDbEntity
  8
FRONT
100
AcDbPolyline
 90
16
 70
0
 10
59.0
 20
-302.0
 10
58.74063637292781
 20
-302.0
 10
58.00739181907659
 20
-302.0
 10
56.92705098312484
 20
-302.0
 10
55.68641461019703
 20
-302.0
 10
54.5
 20
-302.0
 10
53.57294901687516
 20
-302.0
 10
53.06555719779857
 20
-302.0
 10
53.06555719779857
 20
-302.0
 10
53.57294901687516
 20
-302.0
 10
54.5
 20
-302.0
 10
55.68641461019703
 20
-302.0
 10
56.92705098312484
 20
-302.0
 10
58.00739181907656
 20
-302.0
 10
58.74063637292781
 20
-302.0
 10
59.0
 20
-302.0
  0
LWPOLYLINE
  5
14D
330
17
100
AcDbEntity
  8
FRONT
100
AcDbPolyline
 90
16
 70
0
 10
59.0
 20
-294.0
 10
58.74063637292781
 20
-294.0
 10
58.00739181907659
 20
-294.0
 10
56.92705098312484
 20
-294.0
 10
55.68641461019703
 20
-294.0
 10
54.5
 20
-294.0
 10
53.57294901687516
 20
-294.0
 10
53.06555719779857
 20
-294.0
 10
53.06555719779857
 20
-294.0
 10
53.57294901687516
 20
-294.0
 10
54.5
 20
-294.0
 10
55.68641461019703
 20
-294.0
 10
56.92705098312484
 20
-294.0
 10
58.00739181907656
 20
-294.0
 10
58.74063637292781
 20
-294.0
 10
59.0
 20
-294.0
  0
LWPOLYLINE
  5
14E
330
17
100
AcDbEntity
  8
FRONT
100
AcDbPolyline
 90
16
 70
0
 10
57.349999999999994
 20
-302.0
 10
57.2332863678175
 20
-302.0
 10
56.90332631858445
 20
-302.0
 10
56.41717294240618
 20
-302.0
 10
55.85888657458867
 20
-302.0
 10
55.32499999999999
 20
-302.0
 10
54.907827057593835
 20
-302.0
 10
54.67950073900937
 20
-302.0
 10
54.67950073900937
 20
-302.0
 10
54.907827057593806
 20
-302.0
 10
55.32499999999999
 20
-302.0
 10
55.85888657458867
 20
-302.0
 10
56.41717294240618
 20
-302.0
 10
56.90332631858445
 20
-302.0
 10
57.2332863678175
 20
-302.0
 10
57.349999999999994
 20
-302.0
  0
LWPOLYLINE
  5
14F
330
17
100
AcDbEntity
  8
FRONT
100
AcDbPolyline
 90
16
 70
0
 10
57.349999999999994
 20
-294.0
 10
57.2332863678175
 20
-294.0
 10
56.90332631858445
 20
-294.0
 10
56.41717294240618
 20
-294.0
 10
55.85888657458867
 20
-294.0
 10
55.32499999999999
 20
-294.0
 10
54.907827057593835
 20
-294.0
 10
54.67950073900937
 20
-294.0
 10
54.67950073900937
 20
-294.0
 10
54.907827057593806
 20
-294.0
 10
55.32499999999999
 20
-294.0
 10
55.85888657458867
 20
-294.0
 10
56.41717294240618
 20
-294.0
 10
56.90332631858445
 20
-294.0
 10
57.2332863678175
 20
-294.0
 10
57.349999999999994
 20
-294.0
  0
LWPOLYLINE
  5
150
330
17
100
AcDbEntity
  8
FRONT
100
AcDbPolyline
 90
2
 70
0
 10
57.349999999999994
 20
-302.0
 10
57.349999999999994
 20
-294.0
  0
LWPOLYLINE
  5
151
330
17
100
AcDbEntity
  8
FRONT
100
AcDbPolyline
 90
2
 70
0
 10
117.0
 20
-302.0
 10
117.0
 20
-294.0
  0
LWPOLYLINE
  5
152
330
17
100
AcDbEntity
  8
FRONT
100
AcDbPolyline
 90
16
 70
0
 10
117.0
 20
-302.0
 10
116.74063637292781
 20
-302.0
 10
116.00739181907657
 20
-302.0
 10
114.92705098312484
 20
-302.0
 10
113.68641461019703
 20
-302.0
 10
112.5
 20
-302.0
 10
111.57294901687516
 20
-302.0
 10
111.06555719779858
 20
-302.0
 10
111.06555719779858
 20
-302.0
 10
111.57294901687516
 20
-302.0
 10
112.5
 20
-302.0
 10
113.68641461019703
 20
-302.0
 10
114.92705098312484
 20
-302.0
 10
116.00739181907657
 20
-302.0
 10
116.74063637292781
 20
-302.0
 10
117.0
 20
-302.0
  0
LWPOLYLINE
  5
153
330
17
100
AcDbEntity
  8
FRONT
100
AcDbPolyline
 90
16
 70
0
 10
117.0
 20
-294.0
 10
116.74063637292781
 20
-294.0
 10
116.00739181907657
 20
-294.0
 10
114.92705098312484
 20
-294.0
 10
113.68641461019703
 20
-294.0
 10
112.5
 20
-294.0
 10
111.57294901687516
 20
-294.0
 10
111.06555719779858
 20
-294.0
 10
111.06555719779858
 20
-294.0
 10
111.57294901687516
 20
-294.0
 10
112.5
 20
-294.0
 10
113.68641461019703
 20
-294.0
 10
114.92705098312484
 20
-294.0
 10
116.00739181907657
 20
-294.0
 10
116.74063637292781
 20
-294.0
 10
117.0
 20
-294.0
  0
LWPOLYLINE
  5
154
330
17
100
AcDbEntity
  8
FRONT
100
AcDbPolyline
 90
16
 70
0
 10
115.35
 20
-302.0
 10
115.23328636781751
 20
-302.0
 10
114.90332631858446
 20
-302.0
 10
114.41717294240618
 20
-302.0
 10
113.85888657458867
 20
-302.0
 10
113.325
 20
-302.0
 10
112.90782705759382
 20
-302.0
 10
112.67950073900936
 20
-302.0
 10
112.67950073900936
 20
-302.0
 10
112.90782705759382
 20
-302.0
 10
113.325
 20
-302.0
 10
113.85888657458867
 20
-302.0
 10
114.41717294240618
 20
-302.0
 10
114.90332631858446
 20
-302.0
 10
115.23328636781751
 20
-302.0
 10
115.35
 20
-302.0
  0
LWPOLYLINE
  5
155
330
17
100
AcDbEntity
  8
FRONT
100
AcDbPolyline
 90
16
 70
0
 10
115.35
 20
-294.0
 10
115.23328636781751
 20
-294.0
 10
114.90332631858446
 20
-294.0
 10
114.41717294240618
 20
-294.0
 10
113.85888657458867
 20
-294.0
 10
113.325
 20
-294.0
 10
112.90782705759382
 20
-294.0
 10
112.67950073900936
 20
-294.0
 10
112.67950073900936
 20
-294.0
 10
112.90782705759382
 20
-294.0
 10
113.325
 20
-294.0
 10
113.85888657458867
 20
-294.0
 10
114.41717294240618
 20
-294.0
 10
114.90332631858446
 20
-294.0
 10
115.23328636781751
 20
-294.0
 10
115.35
 20
-294.0
  0
LWPOLYLINE
  5
156
330
17
100
AcDbEntity
  8
FRONT
100
AcDbPolyline
 90
2
 70
0
 10
115.35
 20
-302.0
 10
115.35
 20
-294.0
  0
LWPOLYLINE
  5
157
330
17
100
AcDbEntity
  8
FRONT
100
AcDbPolyline
 90
2
 70
0
 10
59.0
 20
-302.0
 10
59.0
 20
-294.0
  0
LWPOLYLINE
  5
158
330
17
100
AcDbEntity
  8
FRONT
100
AcDbPolyline
 90
16
 70
0
 10
59.0
 20
-302.0
 10
58.74063637292781
 20
-302.0
 10
58.00739181907659
 20
-302.0
 10
56.92705098312484
 20
-302.0
 10
55.68641461019703
 20
-302.0
 10
54.5
 20
-302.0
 10
53.57294901687516
 20
-302.0
 10
53.06555719779857
 20
-302.0
 10
53.06555719779857
 20
-302.0
 10
53.57294901687516
 20
-302.0
 10
54.5
 20
-302.0
 10
55.68641461019703
 20
-302.0
 10
56.92705098312484
 20
-302.0
 10
58.00739181907656
 20
-302.0
 10
58.74063637292781
 20
-302.0
 10
59.0
 20
-302.0
  0
LWPOLYLINE
  5
159
330
17
100
AcDbEntity
  8
FRONT
100
AcDbPolyline
 90
16
 70
0
 10
59.0
 20
-294.0
 10
58.74063637292781
 20
-294.0
 10
58.00739181907659
 20
-294.0
 10
56.92705098312484
 20
-294.0
 10
55.68641461019703
 20
-294.0
 10
54.5
 20
-294.0
 10
53.57294901687516
 20
-294.0
 10
53.06555719779857
 20
-294.0
 10
53.06555719779857
 20
-294.0
 10
53.57294901687516
 20
-294.0
 10
54.5
 20
-294.0
 10
55.68641461019703
 20
-294.0
 10
56.92705098312484
 20
-294.0
 10
58.00739181907656
 20
-294.0
 10
58.74063637292781
 20
-294.0
 10
59.0
 20
-294.0
  0
LWPOLYLINE
  5
15A
330
17
100
AcDbEntity
  8
FRONT
100
AcDbPolyline
 90
16
 70
0
 10
57.349999999999994
 20
-302.0
 10
57.2332863678175
 20
-302.0
 10
56.90332631858445
 20
-302.0
 10
56.41717294240618
 20
-302.0
 10
55.85888657458867
 20
-302.0
 10
55.32499999999999
 20
-302.0
 10
54.907827057593835
 20
-302.0
 10
54.67950073900937
 20
-302.0
 10
54.67950073900937
 20
-302.0
 10
54.907827057593806
 20
-302.0
 10
55.32499999999999
 20
-302.0
 10
55.85888657458867
 20
-302.0
 10
56.41717294240618
 20
-302.0
 10
56.90332631858445
 20
-302.0
 10
57.2332863678175
 20
-302.0
 10
57.349999999999994
 20
-302.0
  0
LWPOLYLINE
  5
15B
330
17
100
AcDbEntity
  8
FRONT
100
AcDbPolyline
 90
16
 70
0
 10
57.349999999999994
 20
-294.0
 10
57.2332863678175
 20
-294.0
 10
56.90332631858445
 20
-294.0
 10
56.41717294240618
 20
-294.0
 10
55.85888657458867
 20
-294.0
 10
55.32499999999999
 20
-294.0
 10
54.907827057593835
 20
-294.0
 10
54.67950073900937
 20
-294.0
 10
54.67950073900937
 20
-294.0
 10
54.907827057593806
 20
-294.0
 10
55.32499999999999
 20
-294.0
 10
55.85888657458867
 20
-294.0
 10
56.41717294240618
 20
-294.0
 10
56.90332631858445
 20
-294.0
 10
57.2332863678175
 20
-294.0
 10
57.349999999999994
 20
-294.0
  0
LWPOLYLINE
  5
15C
330
17
100
AcDbEntity
  8
FRONT
100
AcDbPolyline
 90
2
 70
0
 10
57.349999999999994
 20
-302.0
 10
57.349999999999994
 20
-294.0
  0
LWPOLYLINE
  5
15D
330
17
100
AcDbEntity
  8
FRONT
100
AcDbPolyline
 90
2
 70
0
 10
117.0
 20
-302.0
 10
117.0
 20
-294.0
  0
LWPOLYLINE
  5
15E
330
17
100
AcDbEntity
  8
FRONT
100
AcDbPolyline
 90
16
 70
0
 10
117.0
 20
-302.0
 10
116.74063637292781
 20
-302.0
 10
116.00739181907657
 20
-302.0
 10
114.92705098312484
 20
-302.0
 10
113.68641461019703
 20
-302.0
 10
112.5
 20
-302.0
 10
111.57294901687516
 20
-302.0
 10
111.06555719779858
 20
-302.0
 10
111.06555719779858
 20
-302.0
 10
111.57294901687516
 20
-302.0
 10
112.5
 20
-302.0
 10
113.68641461019703
 20
-302.0
 10
114.92705098312484
 20
-302.0
 10
116.00739181907657
 20
-302.0
 10
116.74063637292781
 20
-302.0
 10
117.0
 20
-302.0
  0
LWPOLYLINE
  5
15F
330
17
100
AcDbEntity
  8
FRONT
100
AcDbPolyline
 90
16
 70
0
 10
117.0
 20
-294.0
 10
116.74063637292781
 20
-294.0
 10
116.00739181907657
 20
-294.0
 10
114.92705098312484
 20
-294.0
 10
113.68641461019703
 20
-294.0
 10
112.5
 20
-294.0
 10
111.57294901687516
 20
-294.0
 10
111.06555719779858
 20
-294.0
 10
111.06555719779858
 20
-294.0
 10
111.57294901687516
 20
-294.0
 10
112.5
 20
-294.0
 10
113.68641461019703
 20
-294.0
 10
114.92705098312484
 20
-294.0
 10
116.00739181907657
 20
-294.0
 10
116.74063637292781
 20
-294.0
 10
117.0
 20
-294.0
  0
LWPOLYLINE
  5
160
330
17
100
AcDbEntity
  8
FRONT
100
AcDbPolyline
 90
16
 70
0
 10
115.35
 20
-302.0
 10
115.23328636781751
 20
-302.0
 10
114.90332631858446
 20
-302.0
 10
114.41717294240618
 20
-302.0
 10
113.85888657458867
 20
-302.0
 10
113.325
 20
-302.0
 10
112.90782705759382
 20
-302.0
 10
112.67950073900936
 20
-302.0
 10
112.67950073900936
 20
-302.0
 10
112.90782705759382
 20
-302.0
 10
113.325
 20
-302.0
 10
113.85888657458867
 20
-302.0
 10
114.41717294240618
 20
-302.0
 10
114.90332631858446
 20
-302.0
 10
115.23328636781751
 20
-302.0
 10
115.35
 20
-302.0
  0
LWPOLYLINE
  5
161
330
17
100
AcDbEntity
  8
FRONT
100
AcDbPolyline
 90
16
 70
0
 10
115.35
 20
-294.0
 10
115.23328636781751
 20
-294.0
 10
114.90332631858446
 20
-294.0
 10
114.41717294240618
 20
-294.0
 10
113.85888657458867
 20
-294.0
 10
113.325
 20
-294.0
 10
112.90782705759382
 20
-294.0
 10
112.67950073900936
 20
-294.0
 10
112.67950073900936
 20
-294.0
 10
112.90782705759382
 20
-294.0
 10
113.325
 20
-294.0
 10
113.85888657458867
 20
-294.0
 10
114.41717294240618
 20
-294.0
 10
114.90332631858446
 20
-294.0
 10
115.23328636781751
 20
-294.0
 10
115.35
 20
-294.0
  0
LWPOLYLINE
  5
162
330
17
100
AcDbEntity
  8
FRONT
100
AcDbPolyline
 90
2
 70
0
 10
115.35
 20
-302.0
 10
115.35
 20
-294.0
  0
LWPOLYLINE
  5
163
330
17
100
AcDbEntity
  8
FRONT
100
AcDbPolyline
 90
2
 70
0
 10
52.5
 20
-294.0
 10
52.5
 20
-292.4
  0
LWPOLYLINE
  5
164
330
17
100
AcDbEntity
  8
FRONT
100
AcDbPolyline
 90
2
 70
0
 10
52.5
 20
-294.0
 10
52.5
 20
-292.4
  0
LWPOLYLINE
  5
165
330
17
100
AcDbEntity
  8
FRONT
100
AcDbPolyline
 90
16
 70
0
 10
52.5
 20
-292.4
 10
52.51643431389519
 20
-292.4
 10
52.5655571977986
 20
-292.4
 10
52.64683045111454
 20
-292.4
 10
52.75936362707219
 20
-292.4
 10
52.901923788646684
 20
-292.4
 10
53.07294901687516
 20
-292.4
 10
53.270565523567825
 20
-292.4
 10
53.49260818092341
 20
-292.4
 10
53.73664424312258
 20
-292.4
 10
54.0
 20
-292.4
 10
54.279790070772606
 20
-292.4
 10
54.57294901687516
 20
-292.4
 10
54.876264927546714
 20
-292.4
 10
55.18641461019703
 20
-292.4
 10
55.5
 20
-292.4
  0
LWPOLYLINE
  5
166
330
17
100
AcDbEntity
  8
FRONT
100
AcDbPolyline
 90
16
 70
0
 10
52.5
 20
-292.4
 10
52.51643431389519
 20
-292.4
 10
52.56555719779857
 20
-292.4
 10
52.64683045111454
 20
-292.4
 10
52.75936362707219
 20
-292.4
 10
52.901923788646684
 20
-292.4
 10
53.07294901687516
 20
-292.4
 10
53.270565523567825
 20
-292.4
 10
53.49260818092341
 20
-292.4
 10
53.73664424312258
 20
-292.4
 10
54.0
 20
-292.4
 10
54.279790070772606
 20
-292.4
 10
54.57294901687516
 20
-292.4
 10
54.876264927546714
 20
-292.4
 10
55.18641461019703
 20
-292.4
 10
55.5
 20
-292.4
  0
LWPOLYLINE
  5
167
330
17
100
AcDbEntity
  8
FRONT
100
AcDbPolyline
 90
2
 70
0
 10
55.5
 20
-292.4
 10
134.5
 20
-292.4
  0
LWPOLYLINE
  5
168
330
17
100
AcDbEntity
  8
FRONT
100
AcDbPolyline
 90
2
 70
0
 10
55.5
 20
-292.4
 10
134.5
 20
-292.4
  0
LWPOLYLINE
  5
169
330
17
100
AcDbEntity
  8
FRONT
100
AcDbPolyline
 90
16
 70
0
 10
137.5
 20
-292.4
 10
137.4835656861048
 20
-292.4
 10
137.43444280220143
 20
-292.4
 10
137.35316954888546
 20
-292.4
 10
137.2406363729278
 20
-292.4
 10
137.09807621135332
 20
-292.4
 10
136.92705098312484
 20
-292.4
 10
136.72943447643217
 20
-292.4
 10
136.5073918190766
 20
-292.4
 10
136.26335575687742
 20
-292.4
 10
136.0
 20
-292.4
 10
135.7202099292274
 20
-292.4
 10
135.42705098312484
 20
-292.4
 10
135.1237350724533
 20
-292.4
 10
134.81358538980297
 20
-292.4
 10
134.5
 20
-292.4
  0
LWPOLYLINE
  5
16A
330
17
100
AcDbEntity
  8
FRONT
100
AcDbPolyline
 90
16
 70
0
 10
137.5
 20
-292.4
 10
137.4835656861048
 20
-292.4
 10
137.43444280220143
 20
-292.4
 10
137.35316954888546
 20
-292.4
 10
137.2406363729278
 20
-292.4
 10
137.09807621135332
 20
-292.4
 10
136.92705098312484
 20
-292.4
 10
136.72943447643217
 20
-292.4
 10
136.5073918190766
 20
-292.4
 10
136.26335575687742
 20
-292.4
 10
136.0
 20
-292.4
 10
135.7202099292274
 20
-292.4
 10
135.42705098312484
 20
-292.4
 10
135.1237350724533
 20
-292.4
 10
134.81358538980297
 20
-292.4
 10
134.5
 20
-292.4
  0
LWPOLYLINE
  5
16B
330
17
100
AcDbEntity
  8
FRONT
100
AcDbPolyline
 90
16
 70
0
 10
57.349999999999994
 20
-292.4
 10
57.2332863678175
 20
-292.4
 10
56.90332631858445
 20
-292.4
 10
56.41717294240618
 20
-292.4
 10
55.85888657458867
 20
-292.4
 10
55.32499999999999
 20
-292.4
 10
54.907827057593835
 20
-292.4
 10
54.67950073900937
 20
-292.4
 10
54.67950073900937
 20
-292.4
 10
54.907827057593806
 20
-292.4
 10
55.32499999999999
 20
-292.4
 10
55.85888657458867
 20
-292.4
 10
56.41717294240618
 20
-292.4
 10
56.90332631858445
 20
-292.4
 10
57.2332863678175
 20
-292.4
 10
57.349999999999994
 20
-292.4
  0
LWPOLYLINE
  5
16C
330
17
100
AcDbEntity
  8
FRONT
100
AcDbPolyline
 90
16
 70
0
 10
115.35
 20
-292.4
 10
115.23328636781751
 20
-292.4
 10
114.90332631858446
 20
-292.4
 10
114.41717294240618
 20
-292.4
 10
113.85888657458867
 20
-292.4
 10
113.325
 20
-292.4
 10
112.90782705759382
 20
-292.4
 10
112.67950073900936
 20
-292.4
 10
112.67950073900936
 20
-292.4
 10
112.90782705759382
 20
-292.4
 10
113.325
 20
-292.4
 10
113.85888657458867
 20
-292.4
 10
114.41717294240618
 20
-292.4
 10
114.90332631858446
 20
-292.4
 10
115.23328636781751
 20
-292.4
 10
115.35
 20
-292.4
  0
LWPOLYLINE
  5
16D
330
17
100
AcDbEntity
  8
FRONT
100
AcDbPolyline
 90
16
 70
0
 10
57.349999999999994
 20
-292.4
 10
57.2332863678175
 20
-292.4
 10
56.90332631858445
 20
-292.4
 10
56.41717294240618
 20
-292.4
 10
55.85888657458867
 20
-292.4
 10
55.32499999999999
 20
-292.4
 10
54.907827057593835
 20
-292.4
 10
54.67950073900937
 20
-292.4
 10
54.67950073900937
 20
-292.4
 10
54.907827057593806
 20
-292.4
 10
55.32499999999999
 20
-292.4
 10
55.85888657458867
 20
-292.4
 10
56.41717294240618
 20
-292.4
 10
56.90332631858445
 20
-292.4
 10
57.2332863678175
 20
-292.4
 10
57.349999999999994
 20
-292.4
  0
LWPOLYLINE
  5
16E
330
17
100
AcDbEntity
  8
FRONT
100
AcDbPolyline
 90
16
 70
0
 10
115.35
 20
-292.4
 10
115.23328636781751
 20
-292.4
 10
114.90332631858446
 20
-292.4
 10
114.41717294240618
 20
-292.4
 10
113.85888657458867
 20
-292.4
 10
113.325
 20
-292.4
 10
112.90782705759382
 20
-292.4
 10
112.67950073900936
 20
-292.4
 10
112.67950073900936
 20
-292.4
 10
112.90782705759382
 20
-292.4
 10
113.325
 20
-292.4
 10
113.85888657458867
 20
-292.4
 10
114.41717294240618
 20
-292.4
 10
114.90332631858446
 20
-292.4
 10
115.23328636781751
 20
-292.4
 10
115.35
 20
-292.4
  0
LWPOLYLINE
  5
16F
330
17
100
AcDbEntity
  8
FRONT
100
AcDbPolyline
 90
16
 70
0
 10
52.5
 20
-294.0
 10
52.51643431389519
 20
-294.0
 10
52.5655571977986
 20
-294.0
 10
52.64683045111454
 20
-294.0
 10
52.75936362707219
 20
-294.0
 10
52.901923788646684
 20
-294.0
 10
53.07294901687516
 20
-294.0
 10
53.270565523567825
 20
-294.0
 10
53.49260818092341
 20
-294.0
 10
53.73664424312258
 20
-294.0
 10
54.0
 20
-294.0
 10
54.279790070772606
 20
-294.0
 10
54.57294901687516
 20
-294.0
 10
54.876264927546714
 20
-294.0
 10
55.18641461019703
 20
-294.0
 10
55.5
 20
-294.0
  0
LWPOLYLINE
  5
170
330
17
100
AcDbEntity
  8
FRONT
100
AcDbPolyline
 90
2
 70
0
 10
55.5
 20
-294.0
 10
55.5
 20
-292.4
  0
LWPOLYLINE
  5
171
330
17
100
AcDbEntity
  8
FRONT
100
AcDbPolyline
 90
16
 70
0
 10
52.5
 20
-294.0
 10
52.51643431389519
 20
-294.0
 10
52.56555719779857
 20
-294.0
 10
52.64683045111454
 20
-294.0
 10
52.75936362707219
 20
-294.0
 10
52.901923788646684
 20
-294.0
 10
53.07294901687516
 20
-294.0
 10
53.270565523567825
 20
-294.0
 10
53.49260818092341
 20
-294.0
 10
53.73664424312258
 20
-294.0
 10
54.0
 20
-294.0
 10
54.279790070772606
 20
-294.0
 10
54.57294901687516
 20
-294.0
 10
54.876264927546714
 20
-294.0
 10
55.18641461019703
 20
-294.0
 10
55.5
 20
-294.0
  0
LWPOLYLINE
  5
172
330
17
100
AcDbEntity
  8
FRONT
100
AcDbPolyline
 90
2
 70
0
 10
55.5
 20
-294.0
 10
55.5
 20
-292.4
  0
LWPOLYLINE
  5
173
330
17
100
AcDbEntity
  8
FRONT
100
AcDbPolyline
 90
2
 70
0
 10
55.5
 20
-294.0
 10
134.5
 20
-294.0
  0
LWPOLYLINE
  5
174
330
17
100
AcDbEntity
  8
FRONT
100
AcDbPolyline
 90
2
 70
0
 10
55.5
 20
-294.0
 10
134.5
 20
-294.0
  0
LWPOLYLINE
  5
175
330
17
100
AcDbEntity
  8
FRONT
100
AcDbPolyline
 90
16
 70
0
 10
137.5
 20
-294.0
 10
137.4835656861048
 20
-294.0
 10
137.43444280220143
 20
-294.0
 10
137.35316954888546
 20
-294.0
 10
137.2406363729278
 20
-294.0
 10
137.09807621135332
 20
-294.0
 10
136.92705098312484
 20
-294.0
 10
136.72943447643217
 20
-294.0
 10
136.5073918190766
 20
-294.0
 10
136.26335575687742
 20
-294.0
 10
136.0
 20
-294.0
 10
135.7202099292274
 20
-294.0
 10
135.42705098312484
 20
-294.0
 10
135.1237350724533
 20
-294.0
 10
134.81358538980297
 20
-294.0
 10
134.5
 20
-294.0
  0
LWPOLYLINE
  5
176
330
17
100
AcDbEntity
  8
FRONT
100
AcDbPolyline
 90
16
 70
0
 10
137.5
 20
-294.0
 10
137.4835656861048
 20
-294.0
 10
137.43444280220143
 20
-294.0
 10
137.35316954888546
 20
-294.0
 10
137.2406363729278
 20
-294.0
 10
137.09807621135332
 20
-294.0
 10
136.92705098312484
 20
-294.0
 10
136.72943447643217
 20
-294.0
 10
136.5073918190766
 20
-294.0
 10
136.26335575687742
 20
-294.0
 10
136.0
 20
-294.0
 10
135.7202099292274
 20
-294.0
 10
135.42705098312484
 20
-294.0
 10
135.1237350724533
 20
-294.0
 10
134.81358538980297
 20
-294.0
 10
134.5
 20
-294.0
  0
LWPOLYLINE
  5
177
330
17
100
AcDbEntity
  8
FRONT
100
AcDbPolyline
 90
16
 70
0
 10
57.349999999999994
 20
-294.0
 10
57.2332863678175
 20
-294.0
 10
56.90332631858445
 20
-294.0
 10
56.41717294240618
 20
-294.0
 10
55.85888657458867
 20
-294.0
 10
55.32499999999999
 20
-294.0
 10
54.907827057593835
 20
-294.0
 10
54.67950073900937
 20
-294.0
 10
54.67950073900937
 20
-294.0
 10
54.907827057593806
 20
-294.0
 10
55.32499999999999
 20
-294.0
 10
55.85888657458867
 20
-294.0
 10
56.41717294240618
 20
-294.0
 10
56.90332631858445
 20
-294.0
 10
57.2332863678175
 20
-294.0
 10
57.349999999999994
 20
-294.0
  0
LWPOLYLINE
  5
178
330
17
100
AcDbEntity
  8
FRONT
100
AcDbPolyline
 90
16
 70
0
 10
115.35
 20
-294.0
 10
115.23328636781751
 20
-294.0
 10
114.90332631858446
 20
-294.0
 10
114.41717294240618
 20
-294.0
 10
113.85888657458867
 20
-294.0
 10
113.325
 20
-294.0
 10
112.90782705759382
 20
-294.0
 10
112.67950073900936
 20
-294.0
 10
112.67950073900936
 20
-294.0
 10
112.90782705759382
 20
-294.0
 10
113.325
 20
-294.0
 10
113.85888657458867
 20
-294.0
 10
114.41717294240618
 20
-294.0
 10
114.90332631858446
 20
-294.0
 10
115.23328636781751
 20
-294.0
 10
115.35
 20
-294.0
  0
LWPOLYLINE
  5
179
330
17
100
AcDbEntity
  8
FRONT
100
AcDbPolyline
 90
16
 70
0
 10
57.349999999999994
 20
-294.0
 10
57.2332863678175
 20
-294.0
 10
56.90332631858445
 20
-294.0
 10
56.41717294240618
 20
-294.0
 10
55.85888657458867
 20
-294.0
 10
55.32499999999999
 20
-294.0
 10
54.907827057593835
 20
-294.0
 10
54.67950073900937
 20
-294.0
 10
54.67950073900937
 20
-294.0
 10
54.907827057593806
 20
-294.0
 10
55.32499999999999
 20
-294.0
 10
55.85888657458867
 20
-294.0
 10
56.41717294240618
 20
-294.0
 10
56.90332631858445
 20
-294.0
 10
57.2332863678175
 20
-294.0
 10
57.349999999999994
 20
-294.0
  0
LWPOLYLINE
  5
17A
330
17
100
AcDbEntity
  8
FRONT
100
AcDbPolyline
 90
16
 70
0
 10
115.35
 20
-294.0
 10
115.23328636781751
 20
-294.0
 10
114.90332631858446
 20
-294.0
 10
114.41717294240618
 20
-294.0
 10
113.85888657458867
 20
-294.0
 10
113.325
 20
-294.0
 10
112.90782705759382
 20
-294.0
 10
112.67950073900936
 20
-294.0
 10
112.67950073900936
 20
-294.0
 10
112.90782705759382
 20
-294.0
 10
113.325
 20
-294.0
 10
113.85888657458867
 20
-294.0
 10
114.41717294240618
 20
-294.0
 10
114.90332631858446
 20
-294.0
 10
115.23328636781751
 20
-294.0
 10
115.35
 20
-294.0
  0
LWPOLYLINE
  5
17B
330
17
100
AcDbEntity
  8
FRONT
100
AcDbPolyline
 90
2
 70
0
 10
134.5
 20
-294.0
 10
134.5
 20
-292.4
  0
LWPOLYLINE
  5
17C
330
17
100
AcDbEntity
  8
FRONT
100
AcDbPolyline
 90
2
 70
0
 10
134.5
 20
-294.0
 10
134.5
 20
-292.4
  0
LWPOLYLINE
  5
17D
330
17
100
AcDbEntity
  8
FRONT
100
AcDbPolyline
 90
2
 70
0
 10
137.5
 20
-294.0
 10
137.5
 20
-292.4
  0
LWPOLYLINE
  5
17E
330
17
100
AcDbEntity
  8
FRONT
100
AcDbPolyline
 90
2
 70
0
 10
137.5
 20
-294.0
 10
137.5
 20
-292.4
  0
LWPOLYLINE
  5
17F
330
17
100
AcDbEntity
  8
FRONT
100
AcDbPolyline
 90
2
 70
0
 10
57.349999999999994
 20
-294.0
 10
57.349999999999994
 20
-292.4
  0
LWPOLYLINE
  5
180
330
17
100
AcDbEntity
  8
FRONT
100
AcDbPolyline
 90
2
 70
0
 10
115.35
 20
-294.0
 10
115.35
 20
-292.4
  0
LWPOLYLINE
  5
181
330
17
100
AcDbEntity
  8
FRONT
100
AcDbPolyline
 90
2
 70
0
 10
57.349999999999994
 20
-294.0
 10
57.349999999999994
 20
-292.4
  0
LWPOLYLINE
  5
182
330
17
100
AcDbEntity
  8
FRONT
100
AcDbPolyline
 90
2
 70
0
 10
115.35
 20
-294.0
 10
115.35
 20
-292.4
  0
LWPOLYLINE
  5
183
330
17
100
AcDbEntity
  8
FRONT
100
AcDbPolyline
 90
2
 70
0
 10
52.5
 20
-292.0
 10
52.5
 20
-271.0
  0
LWPOLYLINE
  5
184
330
17
100
AcDbEntity
  8
FRONT
100
AcDbPolyline
 90
2
 70
0
 10
52.5
 20
-292.0
 10
52.5
 20
-271.0
  0
LWPOLYLINE
  5
185
330
17
100
AcDbEntity
  8
FRONT
100
AcDbPolyline
 90
2
 70
0
 10
137.5
 20
-292.0
 10
137.5
 20
-271.0
  0
LWPOLYLINE
  5
186
330
17
100
AcDbEntity
  8
FRONT
100
AcDbPolyline
 90
2
 70
0
 10
137.5
 20
-292.0
 10
137.5
 20
-271.0
  0
LWPOLYLINE
  5
187
330
17
100
AcDbEntity
  8
FRONT
100
AcDbPolyline
 90
2
 70
0
 10
52.5
 20
-292.0
 10
137.5
 20
-292.0
  0
LWPOLYLINE
  5
188
330
17
100
AcDbEntity
  8
FRONT
100
AcDbPolyline
 90
2
 70
0
 10
52.5
 20
-271.0
 10
137.5
 20
-271.0
  0
LWPOLYLINE
  5
189
330
17
100
AcDbEntity
  8
FRONT
100
AcDbPolyline
 90
2
 70
0
 10
52.5
 20
-292.0
 10
137.5
 20
-292.0
  0
LWPOLYLINE
  5
18A
330
17
100
AcDbEntity
  8
FRONT
100
AcDbPolyline
 90
2
 70
0
 10
52.5
 20
-271.0
 10
137.5
 20
-271.0
  0
LWPOLYLINE
  5
18B
330
17
100
AcDbEntity
  8
FRONT
100
AcDbPolyline
 90
2
 70
0
 10
172.5
 20
-302.0
 10
172.5
 20
-272.0
  0
LWPOLYLINE
  5
18C
330
17
100
AcDbEntity
  8
FRONT
100
AcDbPolyline
 90
2
 70
0
 10
172.5
 20
-302.0
 10
172.5
 20
-272.0
  0
LWPOLYLINE
  5
18D
330
17
100
AcDbEntity
  8
FRONT
100
AcDbPolyline
 90
2
 70
0
 10
267.5
 20
-302.0
 10
267.5
 20
-272.0
  0
LWPOLYLINE
  5
18E
330
17
100
AcDbEntity
  8
FRONT
100
AcDbPolyline
 90
2
 70
0
 10
267.5
 20
-302.0
 10
267.5
 20
-272.0
  0
LWPOLYLINE
  5
18F
330
17
100
AcDbEntity
  8
FRONT
100
AcDbPolyline
 90
2
 70
0
 10
172.5
 20
-302.0
 10
267.5
 20
-302.0
  0
LWPOLYLINE
  5
190
330
17
100
AcDbEntity
  8
FRONT
100
AcDbPolyline
 90
2
 70
0
 10
172.5
 20
-272.0
 10
267.5
 20
-272.0
  0
LWPOLYLINE
  5
191
330
17
100
AcDbEntity
  8
FRONT
100
AcDbPolyline
 90
2
 70
0
 10
172.5
 20
-302.0
 10
267.5
 20
-302.0
  0
LWPOLYLINE
  5
192
330
17
100
AcDbEntity
  8
FRONT
100
AcDbPolyline
 90
2
 70
0
 10
172.5
 20
-272.0
 10
267.5
 20
-272.0
  0
LWPOLYLINE
  5
193
330
17
100
AcDbEntity
  8
FRONT
100
AcDbPolyline
 90
2
 70
0
 10
190.5
 20
-302.0
 10
190.5
 20
-264.0
  0
LWPOLYLINE
  5
194
330
17
100
AcDbEntity
  8
FRONT
100
AcDbPolyline
 90
2
 70
0
 10
190.5
 20
-302.0
 10
190.5
 20
-264.0
  0
LWPOLYLINE
  5
195
330
17
100
AcDbEntity
  8
FRONT
100
AcDbPolyline
 90
2
 70
0
 10
349.5
 20
-302.0
 10
349.5
 20
-264.0
  0
LWPOLYLINE
  5
196
330
17
100
AcDbEntity
  8
FRONT
100
AcDbPolyline
 90
2
 70
0
 10
349.5
 20
-302.0
 10
349.5
 20
-264.0
  0
LWPOLYLINE
  5
197
330
17
100
AcDbEntity
  8
FRONT
100
AcDbPolyline
 90
2
 70
0
 10
190.5
 20
-302.0
 10
349.5
 20
-302.0
  0
LWPOLYLINE
  5
198
330
17
100
AcDbEntity
  8
FRONT
100
AcDbPolyline
 90
2
 70
0
 10
190.5
 20
-264.0
 10
349.5
 20
-264.0
  0
LWPOLYLINE
  5
199
330
17
100
AcDbEntity
  8
FRONT
100
AcDbPolyline
 90
2
 70
0
 10
190.5
 20
-302.0
 10
349.5
 20
-302.0
  0
LWPOLYLINE
  5
19A
330
17
100
AcDbEntity
  8
FRONT
100
AcDbPolyline
 90
2
 70
0
 10
190.5
 20
-264.0
 10
349.5
 20
-264.0
  0
LWPOLYLINE
  5
19B
330
17
100
AcDbEntity
  8
FRONT
100
AcDbPolyline
 90
2
 70
0
 10
70.0
 20
-302.0
 10
70.0
 20
-287.0
  0
LWPOLYLINE
  5
19C
330
17
100
AcDbEntity
  8
FRONT
100
AcDbPolyline
 90
2
 70
0
 10
70.0
 20
-302.0
 10
70.0
 20
-287.0
  0
LWPOLYLINE
  5
19D
330
17
100
AcDbEntity
  8
FRONT
100
AcDbPolyline
 90
2
 70
0
 10
150.0
 20
-302.0
 10
150.0
 20
-287.0
  0
LWPOLYLINE
  5
19E
330
17
100
AcDbEntity
  8
FRONT
100
AcDbPolyline
 90
2
 70
0
 10
150.0
 20
-302.0
 10
150.0
 20
-287.0
  0
LWPOLYLINE
  5
19F
330
17
100
AcDbEntity
  8
FRONT
100
AcDbPolyline
 90
2
 70
0
 10
70.0
 20
-302.0
 10
150.0
 20
-302.0
  0
LWPOLYLINE
  5
1A0
330
17
100
AcDbEntity
  8
FRONT
100
AcDbPolyline
 90
2
 70
0
 10
70.0
 20
-287.0
 10
150.0
 20
-287.0
  0
LWPOLYLINE
  5
1A1
330
17
100
AcDbEntity
  8
FRONT
100
AcDbPolyline
 90
2
 70
0
 10
70.0
 20
-302.0
 10
150.0
 20
-302.0
  0
LWPOLYLINE
  5
1A2
330
17
100
AcDbEntity
  8
FRONT
100
AcDbPolyline
 90
2
 70
0
 10
70.0
 20
-287.0
 10
150.0
 20
-287.0
  0
LWPOLYLINE
  5
1A3
330
17
100
AcDbEntity
  8
FRONT
100
AcDbPolyline
 90
2
 70
0
 10
67.5
 20
-302.0
 10
67.5
 20
-290.0
  0
LWPOLYLINE
  5
1A4
330
17
100
AcDbEntity
  8
FRONT
100
AcDbPolyline
 90
2
 70
0
 10
67.5
 20
-302.0
 10
67.5
 20
-290.0
  0
LWPOLYLINE
  5
1A5
330
17
100
AcDbEntity
  8
FRONT
100
AcDbPolyline
 90
16
 70
0
 10
105.0
 20
-290.0
 10
105.10926199633097
 20
-291.0395584540888
 10
105.432272711787
 20
-292.033683215379
 10
105.95491502812526
 20
-292.93892626146237
 10
106.65434696820572
 20
-293.715724127387
 10
107.5
 20
-294.3301270189222
 10
108.45491502812526
 20
-294.75528258147574
 10
109.47735768366172
 20
-294.9726094768414
 10
110.52264231633826
 20
-294.9726094768414
 10
111.54508497187473
 20
-294.75528258147574
 10
112.5
 20
-294.3301270189222
 10
113.34565303179428
 20
-293.715724127387
 10
114.04508497187473
 20
-292.93892626146237
 10
114.567727288213
 20
-292.033683215379
 10
114.89073800366903
 20
-291.0395584540888
 10
115.0
 20
-290.0
  0
LWPOLYLINE
  5
1A6
330
17
100
AcDbEntity
  8
FRONT
100
AcDbPolyline
 90
2
 70
0
 10
100.0
 20
-290.0
 10
105.0
 20
-290.0
  0
LWPOLYLINE
  5
1A7
330
17
100
AcDbEntity
  8
FRONT
100
AcDbPolyline
 90
16
 70
0
 10
90.0
 20
-290.0
 10
90.10926199633097
 20
-291.0395584540888
 10
90.432272711787
 20
-292.033683215379
 10
90.95491502812526
 20
-292.93892626146237
 10
91.65434696820572
 20
-293.715724127387
 10
92.5
 20
-294.3301270189222
 10
93.45491502812526
 20
-294.75528258147574
 10
94.47735768366172
 20
-294.9726094768414
 10
95.52264231633826
 20
-294.9726094768414
 10
96.54508497187473
 20
-294.75528258147574
 10
97.5
 20
-294.3301270189222
 10
98.34565303179428
 20
-293.715724127387
 10
99.04508497187473
 20
-292.93892626146237
 10
99.567727288213
 20
-292.033683215379
 10
99.89073800366903
 20
-291.0395584540888
 10
100.0
 20
-290.0
  0
LWPOLYLINE
  5
1A8
330
17
100
AcDbEntity
  8
FRONT
100
AcDbPolyline
 90
2
 70
0
 10
85.0
 20
-290.0
 10
90.0
 20
-290.0
  0
LWPOLYLINE
  5
1A9
330
17
100
AcDbEntity
  8
FRONT
100
AcDbPolyline
 90
16
 70
0
 10
75.0
 20
-290.0
 10
75.10926199633097
 20
-291.0395584540888
 10
75.432272711787
 20
-292.033683215379
 10
75.95491502812526
 20
-292.93892626146237
 10
76.65434696820572
 20
-293.715724127387
 10
77.5
 20
-294.3301270189222
 10
78.45491502812526
 20
-294.75528258147574
 10
79.47735768366172
 20
-294.9726094768414
 10
80.52264231633826
 20
-294.9726094768414
 10
81.54508497187473
 20
-294.75528258147574
 10
82.5
 20
-294.3301270189222
 10
83.34565303179428
 20
-293.715724127387
 10
84.04508497187473
 20
-292.93892626146237
 10
84.567727288213
 20
-292.033683215379
 10
84.89073800366903
 20
-291.0395584540888
 10
85.0
 20
-290.0
  0
LWPOLYLINE
  5
1AA
330
17
100
AcDbEntity
  8
FRONT
100
AcDbPolyline
 90
2
 70
0
 10
67.5
 20
-290.0
 10
75.0
 20
-290.0
  0
LWPOLYLINE
  5
1AB
330
17
100
AcDbEntity
  8
FRONT
100
AcDbPolyline
 90
2
 70
0
 10
67.5
 20
-302.0
 10
122.5
 20
-302.0
  0
LWPOLYLINE
  5
1AC
330
17
100
AcDbEntity
  8
FRONT
100
AcDbPolyline
 90
2
 70
0
 10
122.5
 20
-302.0
 10
122.5
 20
-290.0
  0
LWPOLYLINE
  5
1AD
330
17
100
AcDbEntity
  8
FRONT
100
AcDbPolyline
 90
2
 70
0
 10
115.0
 20
-290.0
 10
122.5
 20
-290.0
  0
LWPOLYLINE
  5
1AE
330
17
100
AcDbEntity
  8
FRONT
100
AcDbPolyline
 90
2
 70
0
 10
67.5
 20
-290.0
 10
75.0
 20
-290.0
  0
LWPOLYLINE
  5
1AF
330
17
100
AcDbEntity
  8
FRONT
100
AcDbPolyline
 90
16
 70
0
 10
105.0
 20
-290.0
 10
105.10926199633097
 20
-291.0395584540888
 10
105.432272711787
 20
-292.033683215379
 10
105.95491502812526
 20
-292.93892626146237
 10
106.65434696820572
 20
-293.715724127387
 10
107.5
 20
-294.3301270189222
 10
108.45491502812526
 20
-294.75528258147574
 10
109.47735768366172
 20
-294.9726094768414
 10
110.52264231633826
 20
-294.9726094768414
 10
111.54508497187473
 20
-294.75528258147574
 10
112.5
 20
-294.3301270189222
 10
113.34565303179428
 20
-293.715724127387
 10
114.04508497187473
 20
-292.93892626146237
 10
114.567727288213
 20
-292.033683215379
 10
114.89073800366903
 20
-291.0395584540888
 10
115.0
 20
-290.0
  0
LWPOLYLINE
  5
1B0
330
17
100
AcDbEntity
  8
FRONT
100
AcDbPolyline
 90
2
 70
0
 10
100.0
 20
-290.0
 10
105.0
 20
-290.0
  0
LWPOLYLINE
  5
1B1
330
17
100
AcDbEntity
  8
FRONT
100
AcDbPolyline
 90
16
 70
0
 10
90.0
 20
-290.0
 10
90.10926199633097
 20
-291.0395584540888
 10
90.432272711787
 20
-292.033683215379
 10
90.95491502812526
 20
-292.93892626146237
 10
91.65434696820572
 20
-293.715724127387
 10
92.5
 20
-294.3301270189222
 10
93.45491502812526
 20
-294.75528258147574
 10
94.47735768366172
 20
-294.9726094768414
 10
95.52264231633826
 20
-294.9726094768414
 10
96.54508497187473
 20
-294.75528258147574
 10
97.5
 20
-294.3301270189222
 10
98.34565303179428
 20
-293.715724127387
 10
99.04508497187473
 20
-292.93892626146237
 10
99.567727288213
 20
-292.033683215379
 10
99.89073800366903
 20
-291.0395584540888
 10
100.0
 20
-290.0
  0
LWPOLYLINE
  5
1B2
330
17
100
AcDbEntity
  8
FRONT
100
AcDbPolyline
 90
2
 70
0
 10
85.0
 20
-290.0
 10
90.0
 20
-290.0
  0
LWPOLYLINE
  5
1B3
330
17
100
AcDbEntity
  8
FRONT
100
AcDbPolyline
 90
16
 70
0
 10
75.0
 20
-290.0
 10
75.10926199633097
 20
-291.0395584540888
 10
75.432272711787
 20
-292.033683215379
 10
75.95491502812526
 20
-292.93892626146237
 10
76.65434696820572
 20
-293.715724127387
 10
77.5
 20
-294.3301270189222
 10
78.45491502812526
 20
-294.75528258147574
 10
79.47735768366172
 20
-294.9726094768414
 10
80.52264231633826
 20
-294.9726094768414
 10
81.54508497187473
 20
-294.75528258147574
 10
82.5
 20
-294.3301270189222
 10
83.34565303179428
 20
-293.715724127387
 10
84.04508497187473
 20
-292.93892626146237
 10
84.567727288213
 20
-292.033683215379
 10
84.89073800366903
 20
-291.0395584540888
 10
85.0
 20
-290.0
  0
LWPOLYLINE
  5
1B4
330
17
100
AcDbEntity
  8
FRONT
100
AcDbPolyline
 90
2
 70
0
 10
67.5
 20
-302.0
 10
122.5
 20
-302.0
  0
LWPOLYLINE
  5
1B5
330
17
100
AcDbEntity
  8
FRONT
100
AcDbPolyline
 90
2
 70
0
 10
122.5
 20
-302.0
 10
122.5
 20
-290.0
  0
LWPOLYLINE
  5
1B6
330
17
100
AcDbEntity
  8
FRONT
100
AcDbPolyline
 90
2
 70
0
 10
115.0
 20
-290.0
 10
122.5
 20
-290.0
  0
DIMENSION
  5
1B7
330
17
100
AcDbEntity
  8
DIMENSIONS
100
AcDbDimension
280
0
  2
*D3
  3
Standard
 10
0.0
 20
-365.0
 30
0.0
 11
200.0
 21
-365.0
 31
0.0
 70
32
 71
5
  1
<>
100
AcDbAlignedDimension
 13
0.0
 23
-330.0
 33
0.0
 14
400.0
 24
-330.0
 34
0.0
 50
0.0
100
AcDbRotatedDimension
1001
ACAD
1000
DSTYLE
1002
{
1070
140
1040
3.076923076923077
1070
41
1040
2.5
1070
176
1070
7
1070
177
1070
7
1070
178
1070
7
1070
271
1070
2
1002
}
  0
DIMENSION
  5
1C7
330
17
100
AcDbEntity
  8
DIMENSIONS
100
AcDbDimension
280
0
  2
*D4
  3
Standard
 10
-35.0
 20
-330.0
 30
0.0
 11
-35.0
 21
-240.0
 31
0.0
 70
32
 71
5
  1
<>
100
AcDbAlignedDimension
 13
0.0
 23
-330.0
 33
0.0
 14
0.0
 24
-150.0
 34
0.0
 50
90.0
100
AcDbRotatedDimension
1001
ACAD
1000
DSTYLE
1002
{
1070
140
1040
3.076923076923077
1070
41
1040
2.5
1070
176
1070
7
1070
177
1070
7
1070
178
1070
7
1070
271
1070
2
1002
}
  0
TEXT
  5
1D7
330
17
100
AcDbEntity
  8
NOTES
100
AcDbText
 10
0.0
 20
-130.0
 30
0.0
 40
4.0
  1
FRONT
100
AcDbText
  0
LWPOLYLINE
  5
1D8
330
17
100
AcDbEntity
  8
RIGHT
100
AcDbPolyline
 90
2
 70
0
 10
550.0
 20
0.0
 10
550.0
 20
172.0
  0
LWPOLYLINE
  5
1D9
330
17
100
AcDbEntity
  8
RIGHT
100
AcDbPolyline
 90
2
 70
0
 10
550.0
 20
172.0
 10
850.0
 20
172.0
  0
LWPOLYLINE
  5
1DA
330
17
100
AcDbEntity
  8
RIGHT
100
AcDbPolyline
 90
2
 70
0
 10
850.0
 20
0.0
 10
850.0
 20
172.0
  0
LWPOLYLINE
  5
1DB
330
17
100
AcDbEntity
  8
RIGHT
100
AcDbPolyline
 90
2
 70
0
 10
550.0
 20
0.0
 10
850.0
 20
0.0
  0
LWPOLYLINE
  5
1DC
330
17
100
AcDbEntity
  8
RIGHT
100
AcDbPolyline
 90
2
 70
0
 10
550.0
 20
0.0
 10
550.0
 20
172.0
  0
LWPOLYLINE
  5
1DD
330
17
100
AcDbEntity
  8
RIGHT
100
AcDbPolyline
 90
2
 70
0
 10
550.0
 20
172.0
 10
850.0
 20
172.0
  0
LWPOLYLINE
  5
1DE
330
17
100
AcDbEntity
  8
RIGHT
100
AcDbPolyline
 90
2
 70
0
 10
570.0
 20
172.0
 10
830.0
 20
172.0
  0
LWPOLYLINE
  5
1DF
330
17
100
AcDbEntity
  8
RIGHT
100
AcDbPolyline
 90
2
 70
0
 10
570.0
 20
172.0
 10
830.0
 20
172.0
  0
LWPOLYLINE
  5
1E0
330
17
100
AcDbEntity
  8
RIGHT
100
AcDbPolyline
 90
2
 70
0
 10
850.0
 20
0.0
 10
850.0
 20
172.0
  0
LWPOLYLINE
  5
1E1
330
17
100
AcDbEntity
  8
RIGHT
100
AcDbPolyline
 90
2
 70
0
 10
550.0
 20
0.0
 10
850.0
 20
0.0
  0
LWPOLYLINE
  5
1E2
330
17
100
AcDbEntity
  8
RIGHT
100
AcDbPolyline
 90
2
 70
0
 10
570.0
 20
20.0
 10
570.0
 20
172.0
  0
LWPOLYLINE
  5
1E3
330
17
100
AcDbEntity
  8
RIGHT
100
AcDbPolyline
 90
2
 70
0
 10
570.0
 20
20.0
 10
570.0
 20
172.0
  0
LWPOLYLINE
  5
1E4
330
17
100
AcDbEntity
  8
RIGHT
100
AcDbPolyline
 90
2
 70
0
 10
830.0
 20
20.0
 10
830.0
 20
172.0
  0
LWPOLYLINE
  5
1E5
330
17
100
AcDbEntity
  8
RIGHT
100
AcDbPolyline
 90
2
 70
0
 10
570.0
 20
20.0
 10
830.0
 20
20.0
  0
LWPOLYLINE
  5
1E6
330
17
100
AcDbEntity
  8
RIGHT
100
AcDbPolyline
 90
2
 70
0
 10
830.0
 20
20.0
 10
830.0
 20
172.0
  0
LWPOLYLINE
  5
1E7
330
17
100
AcDbEntity
  8
RIGHT
100
AcDbPolyline
 90
2
 70
0
 10
570.0
 20
20.0
 10
830.0
 20
20.0
  0
LWPOLYLINE
  5
1E8
330
17
100
AcDbEntity
  8
RIGHT
100
AcDbPolyline
 90
2
 70
0
 10
550.0
 20
172.0
 10
550.0
 20
180.0
  0
LWPOLYLINE
  5
1E9
330
17
100
AcDbEntity
  8
RIGHT
100
AcDbPolyline
 90
2
 70
0
 10
550.0
 20
180.0
 10
850.0
 20
180.0
  0
LWPOLYLINE
  5
1EA
330
17
100
AcDbEntity
  8
RIGHT
100
AcDbPolyline
 90
2
 70
0
 10
850.0
 20
172.0
 10
850.0
 20
180.0
  0
LWPOLYLINE
  5
1EB
330
17
100
AcDbEntity
  8
RIGHT
100
AcDbPolyline
 90
2
 70
0
 10
550.0
 20
172.0
 10
850.0
 20
172.0
  0
LWPOLYLINE
  5
1EC
330
17
100
AcDbEntity
  8
RIGHT
100
AcDbPolyline
 90
2
 70
0
 10
550.0
 20
172.0
 10
550.0
 20
180.0
  0
LWPOLYLINE
  5
1ED
330
17
100
AcDbEntity
  8
RIGHT
100
AcDbPolyline
 90
2
 70
0
 10
550.0
 20
180.0
 10
850.0
 20
180.0
  0
LWPOLYLINE
  5
1EE
330
17
100
AcDbEntity
  8
RIGHT
100
AcDbPolyline
 90
2
 70
0
 10
850.0
 20
172.0
 10
850.0
 20
180.0
  0
LWPOLYLINE
  5
1EF
330
17
100
AcDbEntity
  8
RIGHT
100
AcDbPolyline
 90
2
 70
0
 10
550.0
 20
172.0
 10
850.0
 20
172.0
  0
LWPOLYLINE
  5
1F0
330
17
100
AcDbEntity
  8
RIGHT
100
AcDbPolyline
 90
2
 70
0
 10
580.0
 20
24.0
 10
580.0
 20
28.0
  0
LWPOLYLINE
  5
1F1
330
17
100
AcDbEntity
  8
RIGHT
100
AcDbPolyline
 90
2
 70
0
 10
580.0
 20
28.0
 10
820.0
 20
28.0
  0
LWPOLYLINE
  5
1F2
330
17
100
AcDbEntity
  8
RIGHT
100
AcDbPolyline
 90
2
 70
0
 10
820.0
 20
24.0
 10
820.0
 20
28.0
  0
LWPOLYLINE
  5
1F3
330
17
100
AcDbEntity
  8
RIGHT
100
AcDbPolyline
 90
2
 70
0
 10
580.0
 20
24.0
 10
820.0
 20
24.0
  0
LWPOLYLINE
  5
1F4
330
17
100
AcDbEntity
  8
RIGHT
100
AcDbPolyline
 90
2
 70
0
 10
580.0
 20
24.0
 10
580.0
 20
28.0
  0
LWPOLYLINE
  5
1F5
330
17
100
AcDbEntity
  8
RIGHT
100
AcDbPolyline
 90
2
 70
0
 10
580.0
 20
28.0
 10
820.0
 20
28.0
  0
LWPOLYLINE
  5
1F6
330
17
100
AcDbEntity
  8
RIGHT
100
AcDbPolyline
 90
16
 70
0
 10
595.0
 20
28.0
 10
593.6577690778498
 20
28.0
 10
592.5476220759246
 20
28.0
 10
591.861513496226
 20
28.0
 10
591.7180777452847
 20
28.0
 10
592.1421161675114
 20
28.0
 10
593.0603086674348
 20
28.0
 10
594.3138914203014
 20
28.0
 10
595.6861085796986
 20
28.0
 10
596.9396913325652
 20
28.0
 10
597.8578838324886
 20
28.0
 10
598.2819222547153
 20
28.0
 10
598.138486503774
 20
28.0
 10
597.4523779240754
 20
28.0
 10
596.3422309221502
 20
28.0
 10
595.0
 20
28.0
  0
LWPOLYLINE
  5
1F7
330
17
100
AcDbEntity
  8
RIGHT
100
AcDbPolyline
 90
16
 70
0
 10
615.5
 20
28.0
 10
614.8492213710788
 20
28.0
 10
614.3109682792361
 20
28.0
 10
613.9783095739277
 20
28.0
 10
613.9087649674108
 20
28.0
 10
614.1143593539449
 20
28.0
 10
614.5595435963321
 20
28.0
 10
615.1673412946916
 20
28.0
 10
615.8326587053084
 20
28.0
 10
616.4404564036679
 20
28.0
 10
616.8856406460551
 20
28.0
 10
617.0912350325892
 20
28.0
 10
617.0216904260723
 20
28.0
 10
616.6890317207639
 20
28.0
 10
616.1507786289212
 20
28.0
 10
615.5
 20
28.0
  0
LWPOLYLINE
  5
1F8
330
17
100
AcDbEntity
  8
RIGHT
100
AcDbPolyline
 90
16
 70
0
 10
615.5
 20
28.0
 10
614.8492213710788
 20
28.0
 10
614.3109682792361
 20
28.0
 10
613.9783095739277
 20
28.0
 10
613.9087649674108
 20
28.0
 10
614.1143593539449
 20
28.0
 10
614.5595435963321
 20
28.0
 10
615.1673412946916
 20
28.0
 10
615.8326587053084
 20
28.0
 10
616.4404564036679
 20
28.0
 10
616.8856406460551
 20
28.0
 10
617.0912350325892
 20
28.0
 10
617.0216904260723
 20
28.0
 10
616.6890317207639
 20
28.0
 10
616.1507786289212
 20
28.0
 10
615.5
 20
28.0
  0
LWPOLYLINE
  5
1F9
330
17
100
AcDbEntity
  8
RIGHT
100
AcDbPolyline
 90
16
 70
0
 10
664.5
 20
28.0
 10
663.8492213710788
 20
28.0
 10
663.3109682792361
 20
28.0
 10
662.9783095739277
 20
28.0
 10
662.9087649674108
 20
28.0
 10
663.1143593539449
 20
28.0
 10
663.5595435963321
 20
28.0
 10
664.1673412946916
 20
28.0
 10
664.8326587053084
 20
28.0
 10
665.4404564036679
 20
28.0
 10
665.8856406460551
 20
28.0
 10
666.0912350325892
 20
28.0
 10
666.0216904260723
 20
28.0
 10
665.6890317207639
 20
28.0
 10
665.1507786289212
 20
28.0
 10
664.5
 20
28.0
  0
LWPOLYLINE
  5
1FA
330
17
100
AcDbEntity
  8
RIGHT
100
AcDbPolyline
 90
16
 70
0
 10
664.5
 20
28.0
 10
663.8492213710788
 20
28.0
 10
663.3109682792361
 20
28.0
 10
662.9783095739277
 20
28.0
 10
662.9087649674108
 20
28.0
 10
663.1143593539449
 20
28.0
 10
663.5595435963321
 20
28.0
 10
664.1673412946916
 20
28.0
 10
664.8326587053084
 20
28.0
 10
665.4404564036679
 20
28.0
 10
665.8856406460551
 20
28.0
 10
666.0912350325892
 20
28.0
 10
666.0216904260723
 20
28.0
 10
665.6890317207639
 20
28.0
 10
665.1507786289212
 20
28.0
 10
664.5
 20
28.0
  0
LWPOLYLINE
  5
1FB
330
17
100
AcDbEntity
  8
RIGHT
100
AcDbPolyline
 90
16
 70
0
 10
595.0
 20
28.0
 10
593.6577690778498
 20
28.0
 10
592.5476220759246
 20
28.0
 10
591.861513496226
 20
28.0
 10
591.7180777452847
 20
28.0
 10
592.1421161675114
 20
28.0
 10
593.0603086674348
 20
28.0
 10
594.3138914203014
 20
28.0
 10
595.6861085796986
 20
28.0
 10
596.9396913325652
 20
28.0
 10
597.8578838324886
 20
28.0
 10
598.2819222547153
 20
28.0
 10
598.138486503774
 20
28.0
 10
597.4523779240754
 20
28.0
 10
596.3422309221502
 20
28.0
 10
595.0
 20
28.0
  0
LWPOLYLINE
  5
1FC
330
17
100
AcDbEntity
  8
RIGHT
100
AcDbPolyline
 90
16
 70
0
 10
805.0
 20
28.0
 10
803.6577690778499
 20
28.0
 10
802.5476220759247
 20
28.0
 10
801.861513496226
 20
28.0
 10
801.7180777452847
 20
28.0
 10
802.1421161675114
 20
28.0
 10
803.0603086674348
 20
28.0
 10
804.3138914203014
 20
28.0
 10
805.6861085796986
 20
28.0
 10
806.9396913325652
 20
28.0
 10
807.8578838324886
 20
28.0
 10
808.2819222547153
 20
28.0
 10
808.138486503774
 20
28.0
 10
807.4523779240753
 20
28.0
 10
806.3422309221501
 20
28.0
 10
805.0
 20
28.0
  0
LWPOLYLINE
  5
1FD
330
17
100
AcDbEntity
  8
RIGHT
100
AcDbPolyline
 90
16
 70
0
 10
805.0
 20
28.0
 10
803.6577690778499
 20
28.0
 10
802.5476220759247
 20
28.0
 10
801.861513496226
 20
28.0
 10
801.7180777452847
 20
28.0
 10
802.1421161675114
 20
28.0
 10
803.0603086674348
 20
28.0
 10
804.3138914203014
 20
28.0
 10
805.6861085796986
 20
28.0
 10
806.9396913325652
 20
28.0
 10
807.8578838324886
 20
28.0
 10
808.2819222547153
 20
28.0
 10
808.138486503774
 20
28.0
 10
807.4523779240753
 20
28.0
 10
806.3422309221501
 20
28.0
 10
805.0
 20
28.0
  0
LWPOLYLINE
  5
1FE
330
17
100
AcDbEntity
  8
RIGHT
100
AcDbPolyline
 90
2
 70
0
 10
820.0
 20
24.0
 10
820.0
 20
28.0
  0
LWPOLYLINE
  5
1FF
330
17
100
AcDbEntity
  8
RIGHT
100
AcDbPolyline
 90
2
 70
0
 10
580.0
 20
24.0
 10
820.0
 20
24.0
  0
LWPOLYLINE
  5
200
330
17
100
AcDbEntity
  8
RIGHT
100
AcDbPolyline
 90
16
 70
0
 10
595.0
 20
24.0
 10
593.6577690778498
 20
24.0
 10
592.5476220759246
 20
24.0
 10
591.861513496226
 20
24.0
 10
591.7180777452847
 20
24.0
 10
592.1421161675114
 20
24.0
 10
593.0603086674348
 20
24.0
 10
594.3138914203014
 20
24.0
 10
595.6861085796986
 20
24.0
 10
596.9396913325652
 20
24.0
 10
597.8578838324886
 20
24.0
 10
598.2819222547153
 20
24.0
 10
598.138486503774
 20
24.0
 10
597.4523779240754
 20
24.0
 10
596.3422309221502
 20
24.0
 10
595.0
 20
24.0
  0
LWPOLYLINE
  5
201
330
17
100
AcDbEntity
  8
RIGHT
100
AcDbPolyline
 90
16
 70
0
 10
615.5
 20
24.0
 10
614.8492213710788
 20
24.0
 10
614.3109682792361
 20
24.0
 10
613.9783095739277
 20
24.0
 10
613.9087649674108
 20
24.0
 10
614.1143593539449
 20
24.0
 10
614.5595435963321
 20
24.0
 10
615.1673412946916
 20
24.0
 10
615.8326587053084
 20
24.0
 10
616.4404564036679
 20
24.0
 10
616.8856406460551
 20
24.0
 10
617.0912350325892
 20
24.0
 10
617.0216904260723
 20
24.0
 10
616.6890317207639
 20
24.0
 10
616.1507786289212
 20
24.0
 10
615.5
 20
24.0
  0
LWPOLYLINE
  5
202
330
17
100
AcDbEntity
  8
RIGHT
100
AcDbPolyline
 90
16
 70
0
 10
615.5
 20
24.0
 10
614.8492213710788
 20
24.0
 10
614.3109682792361
 20
24.0
 10
613.9783095739277
 20
24.0
 10
613.9087649674108
 20
24.0
 10
614.1143593539449
 20
24.0
 10
614.5595435963321
 20
24.0
 10
615.1673412946916
 20
24.0
 10
615.8326587053084
 20
24.0
 10
616.4404564036679
 20
24.0
 10
616.8856406460551
 20
24.0
 10
617.0912350325892
 20
24.0
 10
617.0216904260723
 20
24.0
 10
616.6890317207639
 20
24.0
 10
616.1507786289212
 20
24.0
 10
615.5
 20
24.0
  0
LWPOLYLINE
  5
203
330
17
100
AcDbEntity
  8
RIGHT
100
AcDbPolyline
 90
16
 70
0
 10
664.5
 20
24.0
 10
663.8492213710788
 20
24.0
 10
663.3109682792361
 20
24.0
 10
662.9783095739277
 20
24.0
 10
662.9087649674108
 20
24.0
 10
663.1143593539449
 20
24.0
 10
663.5595435963321
 20
24.0
 10
664.1673412946916
 20
24.0
 10
664.8326587053084
 20
24.0
 10
665.4404564036679
 20
24.0
 10
665.8856406460551
 20
24.0
 10
666.0912350325892
 20
24.0
 10
666.0216904260723
 20
24.0
 10
665.6890317207639
 20
24.0
 10
665.1507786289212
 20
24.0
 10
664.5
 20
24.0
  0
LWPOLYLINE
  5
204
330
17
100
AcDbEntity
  8
RIGHT
100
AcDbPolyline
 90
16
 70
0
 10
664.5
 20
24.0
 10
663.8492213710788
 20
24.0
 10
663.3109682792361
 20
24.0
 10
662.9783095739277
 20
24.0
 10
662.9087649674108
 20
24.0
 10
663.1143593539449
 20
24.0
 10
663.5595435963321
 20
24.0
 10
664.1673412946916
 20
24.0
 10
664.8326587053084
 20
24.0
 10
665.4404564036679
 20
24.0
 10
665.8856406460551
 20
24.0
 10
666.0912350325892
 20
24.0
 10
666.0216904260723
 20
24.0
 10
665.6890317207639
 20
24.0
 10
665.1507786289212
 20
24.0
 10
664.5
 20
24.0
  0
LWPOLYLINE
  5
205
330
17
100
AcDbEntity
  8
RIGHT
100
AcDbPolyline
 90
16
 70
0
 10
595.0
 20
24.0
 10
593.6577690778498
 20
24.0
 10
592.5476220759246
 20
24.0
 10
591.861513496226
 20
24.0
 10
591.7180777452847
 20
24.0
 10
592.1421161675114
 20
24.0
 10
593.0603086674348
 20
24.0
 10
594.3138914203014
 20
24.0
 10
595.6861085796986
 20
24.0
 10
596.9396913325652
 20
24.0
 10
597.8578838324886
 20
24.0
 10
598.2819222547153
 20
24.0
 10
598.138486503774
 20
24.0
 10
597.4523779240754
 20
24.0
 10
596.3422309221502
 20
24.0
 10
595.0
 20
24.0
  0
LWPOLYLINE
  5
206
330
17
100
AcDbEntity
  8
RIGHT
100
AcDbPolyline
 90
16
 70
0
 10
805.0
 20
24.0
 10
803.6577690778499
 20
24.0
 10
802.5476220759247
 20
24.0
 10
801.861513496226
 20
24.0
 10
801.7180777452847
 20
24.0
 10
802.1421161675114
 20
24.0
 10
803.0603086674348
 20
24.0
 10
804.3138914203014
 20
24.0
 10
805.6861085796986
 20
24.0
 10
806.9396913325652
 20
24.0
 10
807.8578838324886
 20
24.0
 10
808.2819222547153
 20
24.0
 10
808.138486503774
 20
24.0
 10
807.4523779240753
 20
24.0
 10
806.3422309221501
 20
24.0
 10
805.0
 20
24.0
  0
LWPOLYLINE
  5
207
330
17
100
AcDbEntity
  8
RIGHT
100
AcDbPolyline
 90
16
 70
0
 10
805.0
 20
24.0
 10
803.6577690778499
 20
24.0
 10
802.5476220759247
 20
24.0
 10
801.861513496226
 20
24.0
 10
801.7180777452847
 20
24.0
 10
802.1421161675114
 20
24.0
 10
803.0603086674348
 20
24.0
 10
804.3138914203014
 20
24.0
 10
805.6861085796986
 20
24.0
 10
806.9396913325652
 20
24.0
 10
807.8578838324886
 20
24.0
 10
808.2819222547153
 20
24.0
 10
808.138486503774
 20
24.0
 10
807.4523779240753
 20
24.0
 10
806.3422309221501
 20
24.0
 10
805.0
 20
24.0
  0
LWPOLYLINE
  5
208
330
17
100
AcDbEntity
  8
RIGHT
100
AcDbPolyline
 90
2
 70
0
 10
595.0
 20
24.0
 10
595.0
 20
28.0
  0
LWPOLYLINE
  5
209
330
17
100
AcDbEntity
  8
RIGHT
100
AcDbPolyline
 90
2
 70
0
 10
615.5
 20
24.0
 10
615.5
 20
28.0
  0
LWPOLYLINE
  5
20A
330
17
100
AcDbEntity
  8
RIGHT
100
AcDbPolyline
 90
2
 70
0
 10
615.5
 20
24.0
 10
615.5
 20
28.0
  0
LWPOLYLINE
  5
20B
330
17
100
AcDbEntity
  8
RIGHT
100
AcDbPolyline
 90
2
 70
0
 10
664.5
 20
24.0
 10
664.5
 20
28.0
  0
LWPOLYLINE
  5
20C
330
17
100
AcDbEntity
  8
RIGHT
100
AcDbPolyline
 90
2
 70
0
 10
664.5
 20
24.0
 10
664.5
 20
28.0
  0
LWPOLYLINE
  5
20D
330
17
100
AcDbEntity
  8
RIGHT
100
AcDbPolyline
 90
2
 70
0
 10
595.0
 20
24.0
 10
595.0
 20
28.0
  0
LWPOLYLINE
  5
20E
330
17
100
AcDbEntity
  8
RIGHT
100
AcDbPolyline
 90
2
 70
0
 10
805.0
 20
24.0
 10
805.0
 20
28.0
  0
LWPOLYLINE
  5
20F
330
17
100
AcDbEntity
  8
RIGHT
100
AcDbPolyline
 90
2
 70
0
 10
805.0
 20
24.0
 10
805.0
 20
28.0
  0
LWPOLYLINE
  5
210
330
17
100
AcDbEntity
  8
RIGHT
100
AcDbPolyline
 90
2
 70
0
 10
595.0
 20
20.0
 10
595.0
 20
24.0
  0
LWPOLYLINE
  5
211
330
17
100
AcDbEntity
  8
RIGHT
100
AcDbPolyline
 90
16
 70
0
 10
595.0
 20
20.0
 10
597.4404198584548
 20
20.0
 10
599.4588689528643
 20
20.0
 10
600.706339097771
 20
20.0
 10
600.9671313722097
 20
20.0
 10
600.1961524227066
 20
20.0
 10
598.5267115137549
 20
20.0
 10
596.2474701449065
 20
20.0
 10
593.7525298550935
 20
20.0
 10
591.4732884862451
 20
20.0
 10
589.8038475772934
 20
20.0
 10
589.0328686277903
 20
20.0
 10
589.293660902229
 20
20.0
 10
590.5411310471357
 20
20.0
 10
592.5595801415452
 20
20.0
 10
595.0
 20
20.0
  0
LWPOLYLINE
  5
212
330
17
100
AcDbEntity
  8
RIGHT
100
AcDbPolyline
 90
16
 70
0
 10
595.0
 20
24.0
 10
597.4404198584548
 20
24.0
 10
599.4588689528643
 20
24.0
 10
600.706339097771
 20
24.0
 10
600.9671313722097
 20
24.0
 10
600.1961524227066
 20
24.0
 10
598.5267115137549
 20
24.0
 10
596.2474701449065
 20
24.0
 10
593.7525298550935
 20
24.0
 10
591.4732884862451
 20
24.0
 10
589.8038475772934
 20
24.0
 10
589.0328686277903
 20
24.0
 10
589.293660902229
 20
24.0
 10
590.5411310471357
 20
24.0
 10
592.5595801415452
 20
24.0
 10
595.0
 20
24.0
  0
LWPOLYLINE
  5
213
330
17
100
AcDbEntity
  8
RIGHT
100
AcDbPolyline
 90
16
 70
0
 10
595.0
 20
20.0
 10
596.3422309221502
 20
20.0
 10
597.4523779240754
 20
20.0
 10
598.138486503774
 20
20.0
 10
598.2819222547153
 20
20.0
 10
597.8578838324886
 20
20.0
 10
596.9396913325652
 20
20.0
 10
595.6861085796986
 20
20.0
 10
594.3138914203014
 20
20.0
 10
593.0603086674348
 20
20.0
 10
592.1421161675114
 20
20.0
 10
591.7180777452847
 20
20.0
 10
591.861513496226
 20
20.0
 10
592.5476220759246
 20
20.0
 10
593.6577690778498
 20
20.0
 10
595.0
 20
20.0
  0
LWPOLYLINE
  5
214
330
17
100
AcDbEntity
  8
RIGHT
100
AcDbPolyline
 90
16
 70
0
 10
595.0
 20
24.0
 10
596.3422309221502
 20
24.0
 10
597.4523779240754
 20
24.0
 10
598.138486503774
 20
24.0
 10
598.2819222547153
 20
24.0
 10
597.8578838324886
 20
24.0
 10
596.9396913325652
 20
24.0
 10
595.6861085796986
 20
24.0
 10
594.3138914203014
 20
24.0
 10
593.0603086674348
 20
24.0
 10
592.1421161675114
 20
24.0
 10
591.7180777452847
 20
24.0
 10
591.861513496226
 20
24.0
 10
592.5476220759246
 20
24.0
 10
593.6577690778498
 20
24.0
 10
595.0
 20
24.0
  0
LWPOLYLINE
  5
215
330
17
100
AcDbEntity
  8
RIGHT
100
AcDbPolyline
 90
2
 70
0
 10
595.0
 20
20.0
 10
595.0
 20
24.0
  0
LWPOLYLINE
  5
216
330
17
100
AcDbEntity
  8
RIGHT
100
AcDbPolyline
 90
2
 70
0
 10
595.0
 20
20.0
 10
595.0
 20
24.0
  0
LWPOLYLINE
  5
217
330
17
100
AcDbEntity
  8
RIGHT
100
AcDbPolyline
 90
16
 70
0
 10
595.0
 20
20.0
 10
597.4404198584548
 20
20.0
 10
599.4588689528643
 20
20.0
 10
600.706339097771
 20
20.0
 10
600.9671313722097
 20
20.0
 10
600.1961524227066
 20
20.0
 10
598.5267115137549
 20
20.0
 10
596.2474701449065
 20
20.0
 10
593.7525298550935
 20
20.0
 10
591.4732884862451
 20
20.0
 10
589.8038475772934
 20
20.0
 10
589.0328686277903
 20
20.0
 10
589.293660902229
 20
20.0
 10
590.5411310471357
 20
20.0
 10
592.5595801415452
 20
20.0
 10
595.0
 20
20.0
  0
LWPOLYLINE
  5
218
330
17
100
AcDbEntity
  8
RIGHT
100
AcDbPolyline
 90
16
 70
0
 10
595.0
 20
24.0
 10
597.4404198584548
 20
24.0
 10
599.4588689528643
 20
24.0
 10
600.706339097771
 20
24.0
 10
600.9671313722097
 20
24.0
 10
600.1961524227066
 20
24.0
 10
598.5267115137549
 20
24.0
 10
596.2474701449065
 20
24.0
 10
593.7525298550935
 20
24.0
 10
591.4732884862451
 20
24.0
 10
589.8038475772934
 20
24.0
 10
589.0328686277903
 20
24.0
 10
589.293660902229
 20
24.0
 10
590.5411310471357
 20
24.0
 10
592.5595801415452
 20
24.0
 10
595.0
 20
24.0
  0
LWPOLYLINE
  5
219
330
17
100
AcDbEntity
  8
RIGHT
100
AcDbPolyline
 90
16
 70
0
 10
595.0
 20
20.0
 10
596.3422309221502
 20
20.0
 10
597.4523779240754
 20
20.0
 10
598.138486503774
 20
20.0
 10
598.2819222547153
 20
20.0
 10
597.8578838324886
 20
20.0
 10
596.9396913325652
 20
20.0
 10
595.6861085796986
 20
20.0
 10
594.3138914203014
 20
20.0
 10
593.0603086674348
 20
20.0
 10
592.1421161675114
 20
20.0
 10
591.7180777452847
 20
20.0
 10
591.861513496226
 20
20.0
 10
592.5476220759246
 20
20.0
 10
593.6577690778498
 20
20.0
 10
595.0
 20
20.0
  0
LWPOLYLINE
  5
21A
330
17
100
AcDbEntity
  8
RIGHT
100
AcDbPolyline
 90
16
 70
0
 10
595.0
 20
24.0
 10
596.3422309221502
 20
24.0
 10
597.4523779240754
 20
24.0
 10
598.138486503774
 20
24.0
 10
598.2819222547153
 20
24.0
 10
597.8578838324886
 20
24.0
 10
596.9396913325652
 20
24.0
 10
595.6861085796986
 20
24.0
 10
594.3138914203014
 20
24.0
 10
593.0603086674348
 20
24.0
 10
592.1421161675114
 20
24.0
 10
591.7180777452847
 20
24.0
 10
591.861513496226
 20
24.0
 10
592.5476220759246
 20
24.0
 10
593.6577690778498
 20
24.0
 10
595.0
 20
24.0
  0
LWPOLYLINE
  5
21B
330
17
100
AcDbEntity
  8
RIGHT
100
AcDbPolyline
 90
2
 70
0
 10
595.0
 20
20.0
 10
595.0
 20
24.0
  0
LWPOLYLINE
  5
21C
330
17
100
AcDbEntity
  8
RIGHT
100
AcDbPolyline
 90
2
 70
0
 10
805.0
 20
20.0
 10
805.0
 20
24.0
  0
LWPOLYLINE
  5
21D
330
17
100
AcDbEntity
  8
RIGHT
100
AcDbPolyline
 90
16
 70
0
 10
805.0
 20
20.0
 10
807.4404198584548
 20
20.0
 10
809.4588689528643
 20
20.0
 10
810.706339097771
 20
20.0
 10
810.9671313722097
 20
20.0
 10
810.1961524227066
 20
20.0
 10
808.5267115137549
 20
20.0
 10
806.2474701449066
 20
20.0
 10
803.7525298550934
 20
20.0
 10
801.4732884862451
 20
20.0
 10
799.8038475772934
 20
20.0
 10
799.0328686277903
 20
20.0
 10
799.293660902229
 20
20.0
 10
800.5411310471357
 20
20.0
 10
802.5595801415452
 20
20.0
 10
805.0
 20
20.0
  0
LWPOLYLINE
  5
21E
330
17
100
AcDbEntity
  8
RIGHT
100
AcDbPolyline
 90
16
 70
0
 10
805.0
 20
24.0
 10
807.4404198584548
 20
24.0
 10
809.4588689528643
 20
24.0
 10
810.706339097771
 20
24.0
 10
810.9671313722097
 20
24.0
 10
810.1961524227066
 20
24.0
 10
808.5267115137549
 20
24.0
 10
806.2474701449066
 20
24.0
 10
803.7525298550934
 20
24.0
 10
801.4732884862451
 20
24.0
 10
799.8038475772934
 20
24.0
 10
799.0328686277903
 20
24.0
 10
799.293660902229
 20
24.0
 10
800.5411310471357
 20
24.0
 10
802.5595801415452
 20
24.0
 10
805.0
 20
24.0
  0
LWPOLYLINE
  5
21F
330
17
100
AcDbEntity
  8
RIGHT
100
AcDbPolyline
 90
16
 70
0
 10
805.0
 20
20.0
 10
806.3422309221501
 20
20.0
 10
807.4523779240753
 20
20.0
 10
808.138486503774
 20
20.0
 10
808.2819222547153
 20
20.0
 10
807.8578838324886
 20
20.0
 10
806.9396913325652
 20
20.0
 10
805.6861085796986
 20
20.0
 10
804.3138914203014
 20
20.0
 10
803.0603086674348
 20
20.0
 10
802.1421161675114
 20
20.0
 10
801.7180777452847
 20
20.0
 10
801.861513496226
 20
20.0
 10
802.5476220759247
 20
20.0
 10
803.6577690778499
 20
20.0
 10
805.0
 20
20.0
  0
LWPOLYLINE
  5
220
330
17
100
AcDbEntity
  8
RIGHT
100
AcDbPolyline
 90
16
 70
0
 10
805.0
 20
24.0
 10
806.3422309221501
 20
24.0
 10
807.4523779240753
 20
24.0
 10
808.138486503774
 20
24.0
 10
808.2819222547153
 20
24.0
 10
807.8578838324886
 20
24.0
 10
806.9396913325652
 20
24.0
 10
805.6861085796986
 20
24.0
 10
804.3138914203014
 20
24.0
 10
803.0603086674348
 20
24.0
 10
802.1421161675114
 20
24.0
 10
801.7180777452847
 20
24.0
 10
801.861513496226
 20
24.0
 10
802.5476220759247
 20
24.0
 10
803.6577690778499
 20
24.0
 10
805.0
 20
24.0
  0
LWPOLYLINE
  5
221
330
17
100
AcDbEntity
  8
RIGHT
100
AcDbPolyline
 90
2
 70
0
 10
805.0
 20
20.0
 10
805.0
 20
24.0
  0
LWPOLYLINE
  5
222
330
17
100
AcDbEntity
  8
RIGHT
100
AcDbPolyline
 90
2
 70
0
 10
805.0
 20
20.0
 10
805.0
 20
24.0
  0
LWPOLYLINE
  5
223
330
17
100
AcDbEntity
  8
RIGHT
100
AcDbPolyline
 90
16
 70
0
 10
805.0
 20
20.0
 10
807.4404198584548
 20
20.0
 10
809.4588689528643
 20
20.0
 10
810.706339097771
 20
20.0
 10
810.9671313722097
 20
20.0
 10
810.1961524227066
 20
20.0
 10
808.5267115137549
 20
20.0
 10
806.2474701449066
 20
20.0
 10
803.7525298550934
 20
20.0
 10
801.4732884862451
 20
20.0
 10
799.8038475772934
 20
20.0
 10
799.0328686277903
 20
20.0
 10
799.293660902229
 20
20.0
 10
800.5411310471357
 20
20.0
 10
802.5595801415452
 20
20.0
 10
805.0
 20
20.0
  0
LWPOLYLINE
  5
224
330
17
100
AcDbEntity
  8
RIGHT
100
AcDbPolyline
 90
16
 70
0
 10
805.0
 20
24.0
 10
807.4404198584548
 20
24.0
 10
809.4588689528643
 20
24.0
 10
810.706339097771
 20
24.0
 10
810.9671313722097
 20
24.0
 10
810.1961524227066
 20
24.0
 10
808.5267115137549
 20
24.0
 10
806.2474701449066
 20
24.0
 10
803.7525298550934
 20
24.0
 10
801.4732884862451
 20
24.0
 10
799.8038475772934
 20
24.0
 10
799.0328686277903
 20
24.0
 10
799.293660902229
 20
24.0
 10
800.5411310471357
 20
24.0
 10
802.5595801415452
 20
24.0
 10
805.0
 20
24.0
  0
LWPOLYLINE
  5
225
330
17
100
AcDbEntity
  8
RIGHT
100
AcDbPolyline
 90
16
 70
0
 10
805.0
 20
20.0
 10
806.3422309221501
 20
20.0
 10
807.4523779240753
 20
20.0
 10
808.138486503774
 20
20.0
 10
808.2819222547153
 20
20.0
 10
807.8578838324886
 20
20.0
 10
806.9396913325652
 20
20.0
 10
805.6861085796986
 20
20.0
 10
804.3138914203014
 20
20.0
 10
803.0603086674348
 20
20.0
 10
802.1421161675114
 20
20.0
 10
801.7180777452847
 20
20.0
 10
801.861513496226
 20
20.0
 10
802.5476220759247
 20
20.0
 10
803.6577690778499
 20
20.0
 10
805.0
 20
20.0
  0
LWPOLYLINE
  5
226
330
17
100
AcDbEntity
  8
RIGHT
100
AcDbPolyline
 90
16
 70
0
 10
805.0
 20
24.0
 10
806.3422309221501
 20
24.0
 10
807.4523779240753
 20
24.0
 10
808.138486503774
 20
24.0
 10
808.2819222547153
 20
24.0
 10
807.8578838324886
 20
24.0
 10
806.9396913325652
 20
24.0
 10
805.6861085796986
 20
24.0
 10
804.3138914203014
 20
24.0
 10
803.0603086674348
 20
24.0
 10
802.1421161675114
 20
24.0
 10
801.7180777452847
 20
24.0
 10
801.861513496226
 20
24.0
 10
802.5476220759247
 20
24.0
 10
803.6577690778499
 20
24.0
 10
805.0
 20
24.0
  0
LWPOLYLINE
  5
227
330
17
100
AcDbEntity
  8
RIGHT
100
AcDbPolyline
 90
2
 70
0
 10
805.0
 20
20.0
 10
805.0
 20
24.0
  0
LWPOLYLINE
  5
228
330
17
100
AcDbEntity
  8
RIGHT
100
AcDbPolyline
 90
2
 70
0
 10
615.5
 20
28.0
 10
615.5
 20
36.0
  0
LWPOLYLINE
  5
229
330
17
100
AcDbEntity
  8
RIGHT
100
AcDbPolyline
 90
16
 70
0
 10
615.5
 20
28.0
 10
616.7202099292274
 20
28.0
 10
617.7294344764322
 20
28.0
 10
618.3531695488855
 20
28.0
 10
618.4835656861048
 20
28.0
 10
618.0980762113534
 20
28.0
 10
617.2633557568774
 20
28.0
 10
616.1237350724533
 20
28.0
 10
614.8762649275467
 20
28.0
 10
613.7366442431226
 20
28.0
 10
612.9019237886466
 20
28.0
 10
612.5164343138952
 20
28.0
 10
612.6468304511145
 20
28.0
 10
613.2705655235678
 20
28.0
 10
614.2797900707726
 20
28.0
 10
615.5
 20
28.0
  0
LWPOLYLINE
  5
22A
330
17
100
AcDbEntity
  8
RIGHT
100
AcDbPolyline
 90
16
 70
0
 10
615.5
 20
36.0
 10
616.7202099292274
 20
36.0
 10
617.7294344764322
 20
36.0
 10
618.3531695488855
 20
36.0
 10
618.4835656861048
 20
36.0
 10
618.0980762113534
 20
36.0
 10
617.2633557568774
 20
36.0
 10
616.1237350724533
 20
36.0
 10
614.8762649275467
 20
36.0
 10
613.7366442431226
 20
36.0
 10
612.9019237886466
 20
36.0
 10
612.5164343138952
 20
36.0
 10
612.6468304511145
 20
36.0
 10
613.2705655235678
 20
36.0
 10
614.2797900707726
 20
36.0
 10
615.5
 20
36.0
  0
LWPOLYLINE
  5
22B
330
17
100
AcDbEntity
  8
RIGHT
100
AcDbPolyline
 90
16
 70
0
 10
615.5
 20
28.0
 10
616.0490944681524
 20
28.0
 10
616.5032455143945
 20
28.0
 10
616.7839262969985
 20
28.0
 10
616.8426045587472
 20
28.0
 10
616.669134295109
 20
28.0
 10
616.2935100905949
 20
28.0
 10
615.780680782604
 20
28.0
 10
615.219319217396
 20
28.0
 10
614.7064899094051
 20
28.0
 10
614.330865704891
 20
28.0
 10
614.1573954412528
 20
28.0
 10
614.2160737030015
 20
28.0
 10
614.4967544856055
 20
28.0
 10
614.9509055318476
 20
28.0
 10
615.5
 20
28.0
  0
LWPOLYLINE
  5
22C
330
17
100
AcDbEntity
  8
RIGHT
100
AcDbPolyline
 90
16
 70
0
 10
615.5
 20
36.0
 10
616.0490944681524
 20
36.0
 10
616.5032455143945
 20
36.0
 10
616.7839262969985
 20
36.0
 10
616.8426045587472
 20
36.0
 10
616.669134295109
 20
36.0
 10
616.2935100905949
 20
36.0
 10
615.780680782604
 20
36.0
 10
615.219319217396
 20
36.0
 10
614.7064899094051
 20
36.0
 10
614.330865704891
 20
36.0
 10
614.1573954412528
 20
36.0
 10
614.2160737030015
 20
36.0
 10
614.4967544856055
 20
36.0
 10
614.9509055318476
 20
36.0
 10
615.5
 20
36.0
  0
LWPOLYLINE
  5
22D
330
17
100
AcDbEntity
  8
RIGHT
100
AcDbPolyline
 90
2
 70
0
 10
615.5
 20
28.0
 10
615.5
 20
36.0
  0
LWPOLYLINE
  5
22E
330
17
100
AcDbEntity
  8
RIGHT
100
AcDbPolyline
 90
2
 70
0
 10
615.5
 20
28.0
 10
615.5
 20
36.0
  0
LWPOLYLINE
  5
22F
330
17
100
AcDbEntity
  8
RIGHT
100
AcDbPolyline
 90
16
 70
0
 10
615.5
 20
28.0
 10
616.7202099292274
 20
28.0
 10
617.7294344764322
 20
28.0
 10
618.3531695488855
 20
28.0
 10
618.4835656861048
 20
28.0
 10
618.0980762113534
 20
28.0
 10
617.2633557568774
 20
28.0
 10
616.1237350724533
 20
28.0
 10
614.8762649275467
 20
28.0
 10
613.7366442431226
 20
28.0
 10
612.9019237886466
 20
28.0
 10
612.5164343138952
 20
28.0
 10
612.6468304511145
 20
28.0
 10
613.2705655235678
 20
28.0
 10
614.2797900707726
 20
28.0
 10
615.5
 20
28.0
  0
LWPOLYLINE
  5
230
330
17
100
AcDbEntity
  8
RIGHT
100
AcDbPolyline
 90
16
 70
0
 10
615.5
 20
36.0
 10
616.7202099292274
 20
36.0
 10
617.7294344764322
 20
36.0
 10
618.3531695488855
 20
36.0
 10
618.4835656861048
 20
36.0
 10
618.0980762113534
 20
36.0
 10
617.2633557568774
 20
36.0
 10
616.1237350724533
 20
36.0
 10
614.8762649275467
 20
36.0
 10
613.7366442431226
 20
36.0
 10
612.9019237886466
 20
36.0
 10
612.5164343138952
 20
36.0
 10
612.6468304511145
 20
36.0
 10
613.2705655235678
 20
36.0
 10
614.2797900707726
 20
36.0
 10
615.5
 20
36.0
  0
LWPOLYLINE
  5
231
330
17
100
AcDbEntity
  8
RIGHT
100
AcDbPolyline
 90
16
 70
0
 10
615.5
 20
28.0
 10
616.0490944681524
 20
28.0
 10
616.5032455143945
 20
28.0
 10
616.7839262969985
 20
28.0
 10
616.8426045587472
 20
28.0
 10
616.669134295109
 20
28.0
 10
616.2935100905949
 20
28.0
 10
615.780680782604
 20
28.0
 10
615.219319217396
 20
28.0
 10
614.7064899094051
 20
28.0
 10
614.330865704891
 20
28.0
 10
614.1573954412528
 20
28.0
 10
614.2160737030015
 20
28.0
 10
614.4967544856055
 20
28.0
 10
614.9509055318476
 20
28.0
 10
615.5
 20
28.0
  0
LWPOLYLINE
  5
232
330
17
100
AcDbEntity
  8
RIGHT
100
AcDbPolyline
 90
16
 70
0
 10
615.5
 20
36.0
 10
616.0490944681524
 20
36.0
 10
616.5032455143945
 20
36.0
 10
616.7839262969985
 20
36.0
 10
616.8426045587472
 20
36.0
 10
616.669134295109
 20
36.0
 10
616.2935100905949
 20
36.0
 10
615.780680782604
 20
36.0
 10
615.219319217396
 20
36.0
 10
614.7064899094051
 20
36.0
 10
614.330865704891
 20
36.0
 10
614.1573954412528
 20
36.0
 10
614.2160737030015
 20
36.0
 10
614.4967544856055
 20
36.0
 10
614.9509055318476
 20
36.0
 10
615.5
 20
36.0
  0
LWPOLYLINE
  5
233
330
17
100
AcDbEntity
  8
RIGHT
100
AcDbPolyline
 90
2
 70
0
 10
615.5
 20
28.0
 10
615.5
 20
36.0
  0
LWPOLYLINE
  5
234
330
17
100
AcDbEntity
  8
RIGHT
100
AcDbPolyline
 90
2
 70
0
 10
664.5
 20
28.0
 10
664.5
 20
36.0
  0
LWPOLYLINE
  5
235
330
17
100
AcDbEntity
  8
RIGHT
100
AcDbPolyline
 90
16
 70
0
 10
664.5
 20
28.0
 10
665.7202099292274
 20
28.0
 10
666.7294344764322
 20
28.0
 10
667.3531695488855
 20
28.0
 10
667.4835656861048
 20
28.0
 10
667.0980762113534
 20
28.0
 10
666.2633557568774
 20
28.0
 10
665.1237350724533
 20
28.0
 10
663.8762649275467
 20
28.0
 10
662.7366442431226
 20
28.0
 10
661.9019237886466
 20
28.0
 10
661.5164343138952
 20
28.0
 10
661.6468304511145
 20
28.0
 10
662.2705655235678
 20
28.0
 10
663.2797900707726
 20
28.0
 10
664.5
 20
28.0
  0
LWPOLYLINE
  5
236
330
17
100
AcDbEntity
  8
RIGHT
100
AcDbPolyline
 90
16
 70
0
 10
664.5
 20
36.0
 10
665.7202099292274
 20
36.0
 10
666.7294344764322
 20
36.0
 10
667.3531695488855
 20
36.0
 10
667.4835656861048
 20
36.0
 10
667.0980762113534
 20
36.0
 10
666.2633557568774
 20
36.0
 10
665.1237350724533
 20
36.0
 10
663.8762649275467
 20
36.0
 10
662.7366442431226
 20
36.0
 10
661.9019237886466
 20
36.0
 10
661.5164343138952
 20
36.0
 10
661.6468304511145
 20
36.0
 10
662.2705655235678
 20
36.0
 10
663.2797900707726
 20
36.0
 10
664.5
 20
36.0
  0
LWPOLYLINE
  5
237
330
17
100
AcDbEntity
  8
RIGHT
100
AcDbPolyline
 90
16
 70
0
 10
664.5
 20
28.0
 10
665.0490944681524
 20
28.0
 10
665.5032455143945
 20
28.0
 10
665.7839262969985
 20
28.0
 10
665.8426045587472
 20
28.0
 10
665.669134295109
 20
28.0
 10
665.2935100905949
 20
28.0
 10
664.780680782604
 20
28.0
 10
664.219319217396
 20
28.0
 10
663.7064899094051
 20
28.0
 10
663.330865704891
 20
28.0
 10
663.1573954412528
 20
28.0
 10
663.2160737030015
 20
28.0
 10
663.4967544856055
 20
28.0
 10
663.9509055318476
 20
28.0
 10
664.5
 20
28.0
  0
LWPOLYLINE
  5
238
330
17
100
AcDbEntity
  8
RIGHT
100
AcDbPolyline
 90
16
 70
0
 10
664.5
 20
36.0
 10
665.0490944681524
 20
36.0
 10
665.5032455143945
 20
36.0
 10
665.7839262969985
 20
36.0
 10
665.8426045587472
 20
36.0
 10
665.669134295109
 20
36.0
 10
665.2935100905949
 20
36.0
 10
664.780680782604
 20
36.0
 10
664.219319217396
 20
36.0
 10
663.7064899094051
 20
36.0
 10
663.330865704891
 20
36.0
 10
663.1573954412528
 20
36.0
 10
663.2160737030015
 20
36.0
 10
663.4967544856055
 20
36.0
 10
663.9509055318476
 20
36.0
 10
664.5
 20
36.0
  0
LWPOLYLINE
  5
239
330
17
100
AcDbEntity
  8
RIGHT
100
AcDbPolyline
 90
2
 70
0
 10
664.5
 20
28.0
 10
664.5
 20
36.0
  0
LWPOLYLINE
  5
23A
330
17
100
AcDbEntity
  8
RIGHT
100
AcDbPolyline
 90
2
 70
0
 10
664.5
 20
28.0
 10
664.5
 20
36.0
  0
LWPOLYLINE
  5
23B
330
17
100
AcDbEntity
  8
RIGHT
100
AcDbPolyline
 90
16
 70
0
 10
664.5
 20
28.0
 10
665.7202099292274
 20
28.0
 10
666.7294344764322
 20
28.0
 10
667.3531695488855
 20
28.0
 10
667.4835656861048
 20
28.0
 10
667.0980762113534
 20
28.0
 10
666.2633557568774
 20
28.0
 10
665.1237350724533
 20
28.0
 10
663.8762649275467
 20
28.0
 10
662.7366442431226
 20
28.0
 10
661.9019237886466
 20
28.0
 10
661.5164343138952
 20
28.0
 10
661.6468304511145
 20
28.0
 10
662.2705655235678
 20
28.0
 10
663.2797900707726
 20
28.0
 10
664.5
 20
28.0
  0
LWPOLYLINE
  5
23C
330
17
100
AcDbEntity
  8
RIGHT
100
AcDbPolyline
 90
16
 70
0
 10
664.5
 20
36.0
 10
665.7202099292274
 20
36.0
 10
666.7294344764322
 20
36.0
 10
667.3531695488855
 20
36.0
 10
667.4835656861048
 20
36.0
 10
667.0980762113534
 20
36.0
 10
666.2633557568774
 20
36.0
 10
665.1237350724533
 20
36.0
 10
663.8762649275467
 20
36.0
 10
662.7366442431226
 20
36.0
 10
661.9019237886466
 20
36.0
 10
661.5164343138952
 20
36.0
 10
661.6468304511145
 20
36.0
 10
662.2705655235678
 20
36.0
 10
663.2797900707726
 20
36.0
 10
664.5
 20
36.0
  0
LWPOLYLINE
  5
23D
330
17
100
AcDbEntity
  8
RIGHT
100
AcDbPolyline
 90
16
 70
0
 10
664.5
 20
28.0
 10
665.0490944681524
 20
28.0
 10
665.5032455143945
 20
28.0
 10
665.7839262969985
 20
28.0
 10
665.8426045587472
 20
28.0
 10
665.669134295109
 20
28.0
 10
665.2935100905949
 20
28.0
 10
664.780680782604
 20
28.0
 10
664.219319217396
 20
28.0
 10
663.7064899094051
 20
28.0
 10
663.330865704891
 20
28.0
 10
663.1573954412528
 20
28.0
 10
663.2160737030015
 20
28.0
 10
663.4967544856055
 20
28.0
 10
663.9509055318476
 20
28.0
 10
664.5
 20
28.0
  0
LWPOLYLINE
  5
23E
330
17
100
AcDbEntity
  8
RIGHT
100
AcDbPolyline
 90
16
 70
0
 10
664.5
 20
36.0
 10
665.0490944681524
 20
36.0
 10
665.5032455143945
 20
36.0
 10
665.7839262969985
 20
36.0
 10
665.8426045587472
 20
36.0
 10
665.669134295109
 20
36.0
 10
665.2935100905949
 20
36.0
 10
664.780680782604
 20
36.0
 10
664.219319217396
 20
36.0
 10
663.7064899094051
 20
36.0
 10
663.330865704891
 20
36.0
 10
663.1573954412528
 20
36.0
 10
663.2160737030015
 20
36.0
 10
663.4967544856055
 20
36.0
 10
663.9509055318476
 20
36.0
 10
664.5
 20
36.0
  0
LWPOLYLINE
  5
23F
330
17
100
AcDbEntity
  8
RIGHT
100
AcDbPolyline
 90
2
 70
0
 10
664.5
 20
28.0
 10
664.5
 20
36.0
  0
LWPOLYLINE
  5
240
330
17
100
AcDbEntity
  8
RIGHT
100
AcDbPolyline
 90
2
 70
0
 10
615.0
 20
37.6
 10
665.0
 20
37.6
  0
LWPOLYLINE
  5
241
330
17
100
AcDbEntity
  8
RIGHT
100
AcDbPolyline
 90
2
 70
0
 10
615.0
 20
36.0
 10
615.0
 20
37.6
  0
LWPOLYLINE
  5
242
330
17
100
AcDbEntity
  8
RIGHT
100
AcDbPolyline
 90
2
 70
0
 10
665.0
 20
36.0
 10
665.0
 20
37.6
  0
LWPOLYLINE
  5
243
330
17
100
AcDbEntity
  8
RIGHT
100
AcDbPolyline
 90
2
 70
0
 10
615.0
 20
36.0
 10
665.0
 20
36.0
  0
LWPOLYLINE
  5
244
330
17
100
AcDbEntity
  8
RIGHT
100
AcDbPolyline
 90
16
 70
0
 10
615.0
 20
37.6
 10
614.6864146101971
 20
37.6
 10
614.3762649275467
 20
37.6
 10
614.0729490168751
 20
37.6
 10
613.7797900707726
 20
37.6
 10
613.5
 20
37.6
 10
613.2366442431226
 20
37.6
 10
612.9926081809234
 20
37.6
 10
612.7705655235678
 20
37.6
 10
612.5729490168751
 20
37.6
 10
612.4019237886466
 20
37.6
 10
612.2593636270722
 20
37.6
 10
612.1468304511145
 20
37.6
 10
612.0655571977986
 20
37.6
 10
612.0164343138952
 20
37.6
 10
612.0
 20
37.6
  0
LWPOLYLINE
  5
245
330
17
100
AcDbEntity
  8
RIGHT
100
AcDbPolyline
 90
16
 70
0
 10
665.0
 20
37.6
 10
665.3135853898029
 20
37.6
 10
665.6237350724533
 20
37.6
 10
665.9270509831249
 20
37.6
 10
666.2202099292274
 20
37.6
 10
666.5
 20
37.6
 10
666.7633557568774
 20
37.6
 10
667.0073918190766
 20
37.6
 10
667.2294344764322
 20
37.6
 10
667.4270509831249
 20
37.6
 10
667.5980762113534
 20
37.6
 10
667.7406363729278
 20
37.6
 10
667.8531695488855
 20
37.6
 10
667.9344428022014
 20
37.6
 10
667.9835656861048
 20
37.6
 10
668.0
 20
37.6
  0
LWPOLYLINE
  5
246
330
17
100
AcDbEntity
  8
RIGHT
100
AcDbPolyline
 90
16
 70
0
 10
615.0
 20
37.6
 10
614.6864146101971
 20
37.6
 10
614.3762649275467
 20
37.6
 10
614.0729490168751
 20
37.6
 10
613.7797900707726
 20
37.6
 10
613.5
 20
37.6
 10
613.2366442431226
 20
37.6
 10
612.9926081809234
 20
37.6
 10
612.7705655235678
 20
37.6
 10
612.5729490168751
 20
37.6
 10
612.4019237886466
 20
37.6
 10
612.2593636270722
 20
37.6
 10
612.1468304511145
 20
37.6
 10
612.0655571977986
 20
37.6
 10
612.0164343138952
 20
37.6
 10
612.0
 20
37.6
  0
LWPOLYLINE
  5
247
330
17
100
AcDbEntity
  8
RIGHT
100
AcDbPolyline
 90
16
 70
0
 10
665.0
 20
37.6
 10
665.3135853898029
 20
37.6
 10
665.6237350724533
 20
37.6
 10
665.9270509831249
 20
37.6
 10
666.2202099292274
 20
37.6
 10
666.5
 20
37.6
 10
666.7633557568774
 20
37.6
 10
667.0073918190766
 20
37.6
 10
667.2294344764322
 20
37.6
 10
667.4270509831249
 20
37.6
 10
667.5980762113534
 20
37.6
 10
667.7406363729278
 20
37.6
 10
667.8531695488855
 20
37.6
 10
667.9344428022014
 20
37.6
 10
667.9835656861048
 20
37.6
 10
668.0
 20
37.6
  0
LWPOLYLINE
  5
248
330
17
100
AcDbEntity
  8
RIGHT
100
AcDbPolyline
 90
2
 70
0
 10
615.0
 20
37.6
 10
665.0
 20
37.6
  0
LWPOLYLINE
  5
249
330
17
100
AcDbEntity
  8
RIGHT
100
AcDbPolyline
 90
16
 70
0
 10
615.5
 20
37.6
 10
614.9509055318476
 20
37.6
 10
614.4967544856055
 20
37.6
 10
614.2160737030015
 20
37.6
 10
614.1573954412528
 20
37.6
 10
614.330865704891
 20
37.6
 10
614.7064899094051
 20
37.6
 10
615.219319217396
 20
37.6
 10
615.780680782604
 20
37.6
 10
616.2935100905949
 20
37.6
 10
616.669134295109
 20
37.6
 10
616.8426045587472
 20
37.6
 10
616.7839262969985
 20
37.6
 10
616.5032455143945
 20
37.6
 10
616.0490944681524
 20
37.6
 10
615.5
 20
37.6
  0
LWPOLYLINE
  5
24A
330
17
100
AcDbEntity
  8
RIGHT
100
AcDbPolyline
 90
16
 70
0
 10
615.5
 20
37.6
 10
614.9509055318476
 20
37.6
 10
614.4967544856055
 20
37.6
 10
614.2160737030015
 20
37.6
 10
614.1573954412528
 20
37.6
 10
614.330865704891
 20
37.6
 10
614.7064899094051
 20
37.6
 10
615.219319217396
 20
37.6
 10
615.780680782604
 20
37.6
 10
616.2935100905949
 20
37.6
 10
616.669134295109
 20
37.6
 10
616.8426045587472
 20
37.6
 10
616.7839262969985
 20
37.6
 10
616.5032455143945
 20
37.6
 10
616.0490944681524
 20
37.6
 10
615.5
 20
37.6
  0
LWPOLYLINE
  5
24B
330
17
100
AcDbEntity
  8
RIGHT
100
AcDbPolyline
 90
16
 70
0
 10
664.5
 20
37.6
 10
663.9509055318476
 20
37.6
 10
663.4967544856055
 20
37.6
 10
663.2160737030015
 20
37.6
 10
663.1573954412528
 20
37.6
 10
663.330865704891
 20
37.6
 10
663.7064899094051
 20
37.6
 10
664.219319217396
 20
37.6
 10
664.780680782604
 20
37.6
 10
665.2935100905949
 20
37.6
 10
665.669134295109
 20
37.6
 10
665.8426045587472
 20
37.6
 10
665.7839262969985
 20
37.6
 10
665.5032455143945
 20
37.6
 10
665.0490944681524
 20
37.6
 10
664.5
 20
37.6
  0
LWPOLYLINE
  5
24C
330
17
100
AcDbEntity
  8
RIGHT
100
AcDbPolyline
 90
16
 70
0
 10
664.5
 20
37.6
 10
663.9509055318476
 20
37.6
 10
663.4967544856055
 20
37.6
 10
663.2160737030015
 20
37.6
 10
663.1573954412528
 20
37.6
 10
663.330865704891
 20
37.6
 10
663.7064899094051
 20
37.6
 10
664.219319217396
 20
37.6
 10
664.780680782604
 20
37.6
 10
665.2935100905949
 20
37.6
 10
665.669134295109
 20
37.6
 10
665.8426045587472
 20
37.6
 10
665.7839262969985
 20
37.6
 10
665.5032455143945
 20
37.6
 10
665.0490944681524
 20
37.6
 10
664.5
 20
37.6
  0
LWPOLYLINE
  5
24D
330
17
100
AcDbEntity
  8
RIGHT
100
AcDbPolyline
 90
16
 70
0
 10
615.0
 20
36.0
 10
614.6864146101971
 20
36.0
 10
614.3762649275467
 20
36.0
 10
614.0729490168751
 20
36.0
 10
613.7797900707726
 20
36.0
 10
613.5
 20
36.0
 10
613.2366442431226
 20
36.0
 10
612.9926081809234
 20
36.0
 10
612.7705655235678
 20
36.0
 10
612.5729490168751
 20
36.0
 10
612.4019237886466
 20
36.0
 10
612.2593636270722
 20
36.0
 10
612.1468304511145
 20
36.0
 10
612.0655571977986
 20
36.0
 10
612.0164343138952
 20
36.0
 10
612.0
 20
36.0
  0
LWPOLYLINE
  5
24E
330
17
100
AcDbEntity
  8
RIGHT
100
AcDbPolyline
 90
2
 70
0
 10
612.0
 20
36.0
 10
612.0
 20
37.6
  0
LWPOLYLINE
  5
24F
330
17
100
AcDbEntity
  8
RIGHT
100
AcDbPolyline
 90
16
 70
0
 10
665.0
 20
36.0
 10
665.3135853898029
 20
36.0
 10
665.6237350724533
 20
36.0
 10
665.9270509831249
 20
36.0
 10
666.2202099292274
 20
36.0
 10
666.5
 20
36.0
 10
666.7633557568774
 20
36.0
 10
667.0073918190766
 20
36.0
 10
667.2294344764322
 20
36.0
 10
667.4270509831249
 20
36.0
 10
667.5980762113534
 20
36.0
 10
667.7406363729278
 20
36.0
 10
667.8531695488855
 20
36.0
 10
667.9344428022014
 20
36.0
 10
667.9835656861048
 20
36.0
 10
668.0
 20
36.0
  0
LWPOLYLINE
  5
250
330
17
100
AcDbEntity
  8
RIGHT
100
AcDbPolyline
 90
2
 70
0
 10
668.0
 20
36.0
 10
668.0
 20
37.6
  0
LWPOLYLINE
  5
251
330
17
100
AcDbEntity
  8
RIGHT
100
AcDbPolyline
 90
16
 70
0
 10
615.0
 20
36.0
 10
614.6864146101971
 20
36.0
 10
614.3762649275467
 20
36.0
 10
614.0729490168751
 20
36.0
 10
613.7797900707726
 20
36.0
 10
613.5
 20
36.0
 10
613.2366442431226
 20
36.0
 10
612.9926081809234
 20
36.0
 10
612.7705655235678
 20
36.0
 10
612.5729490168751
 20
36.0
 10
612.4019237886466
 20
36.0
 10
612.2593636270722
 20
36.0
 10
612.1468304511145
 20
36.0
 10
612.0655571977986
 20
36.0
 10
612.0164343138952
 20
36.0
 10
612.0
 20
36.0
  0
LWPOLYLINE
  5
252
330
17
100
AcDbEntity
  8
RIGHT
100
AcDbPolyline
 90
16
 70
0
 10
665.0
 20
36.0
 10
665.3135853898029
 20
36.0
 10
665.6237350724533
 20
36.0
 10
665.9270509831249
 20
36.0
 10
666.2202099292274
 20
36.0
 10
666.5
 20
36.0
 10
666.7633557568774
 20
36.0
 10
667.0073918190766
 20
36.0
 10
667.2294344764322
 20
36.0
 10
667.4270509831249
 20
36.0
 10
667.5980762113534
 20
36.0
 10
667.7406363729278
 20
36.0
 10
667.8531695488855
 20
36.0
 10
667.9344428022014
 20
36.0
 10
667.9835656861048
 20
36.0
 10
668.0
 20
36.0
  0
LWPOLYLINE
  5
253
330
17
100
AcDbEntity
  8
RIGHT
100
AcDbPolyline
 90
2
 70
0
 10
615.0
 20
36.0
 10
665.0
 20
36.0
  0
LWPOLYLINE
  5
254
330
17
100
AcDbEntity
  8
RIGHT
100
AcDbPolyline
 90
16
 70
0
 10
615.5
 20
36.0
 10
614.9509055318476
 20
36.0
 10
614.4967544856055
 20
36.0
 10
614.2160737030015
 20
36.0
 10
614.1573954412528
 20
36.0
 10
614.330865704891
 20
36.0
 10
614.7064899094051
 20
36.0
 10
615.219319217396
 20
36.0
 10
615.780680782604
 20
36.0
 10
616.2935100905949
 20
36.0
 10
616.669134295109
 20
36.0
 10
616.8426045587472
 20
36.0
 10
616.7839262969985
 20
36.0
 10
616.5032455143945
 20
36.0
 10
616.0490944681524
 20
36.0
 10
615.5
 20
36.0
  0
LWPOLYLINE
  5
255
330
17
100
AcDbEntity
  8
RIGHT
100
AcDbPolyline
 90
16
 70
0
 10
615.5
 20
36.0
 10
614.9509055318476
 20
36.0
 10
614.4967544856055
 20
36.0
 10
614.2160737030015
 20
36.0
 10
614.1573954412528
 20
36.0
 10
614.330865704891
 20
36.0
 10
614.7064899094051
 20
36.0
 10
615.219319217396
 20
36.0
 10
615.780680782604
 20
36.0
 10
616.2935100905949
 20
36.0
 10
616.669134295109
 20
36.0
 10
616.8426045587472
 20
36.0
 10
616.7839262969985
 20
36.0
 10
616.5032455143945
 20
36.0
 10
616.0490944681524
 20
36.0
 10
615.5
 20
36.0
  0
LWPOLYLINE
  5
256
330
17
100
AcDbEntity
  8
RIGHT
100
AcDbPolyline
 90
16
 70
0
 10
664.5
 20
36.0
 10
663.9509055318476
 20
36.0
 10
663.4967544856055
 20
36.0
 10
663.2160737030015
 20
36.0
 10
663.1573954412528
 20
36.0
 10
663.330865704891
 20
36.0
 10
663.7064899094051
 20
36.0
 10
664.219319217396
 20
36.0
 10
664.780680782604
 20
36.0
 10
665.2935100905949
 20
36.0
 10
665.669134295109
 20
36.0
 10
665.8426045587472
 20
36.0
 10
665.7839262969985
 20
36.0
 10
665.5032455143945
 20
36.0
 10
665.0490944681524
 20
36.0
 10
664.5
 20
36.0
  0
LWPOLYLINE
  5
257
330
17
100
AcDbEntity
  8
RIGHT
100
AcDbPolyline
 90
16
 70
0
 10
664.5
 20
36.0
 10
663.9509055318476
 20
36.0
 10
663.4967544856055
 20
36.0
 10
663.2160737030015
 20
36.0
 10
663.1573954412528
 20
36.0
 10
663.330865704891
 20
36.0
 10
663.7064899094051
 20
36.0
 10
664.219319217396
 20
36.0
 10
664.780680782604
 20
36.0
 10
665.2935100905949
 20
36.0
 10
665.669134295109
 20
36.0
 10
665.8426045587472
 20
36.0
 10
665.7839262969985
 20
36.0
 10
665.5032455143945
 20
36.0
 10
665.0490944681524
 20
36.0
 10
664.5
 20
36.0
  0
LWPOLYLINE
  5
258
330
17
100
AcDbEntity
  8
RIGHT
100
AcDbPolyline
 90
2
 70
0
 10
612.0
 20
36.0
 10
612.0
 20
37.6
  0
LWPOLYLINE
  5
259
330
17
100
AcDbEntity
  8
RIGHT
100
AcDbPolyline
 90
2
 70
0
 10
668.0
 20
36.0
 10
668.0
 20
37.6
  0
LWPOLYLINE
  5
25A
330
17
100
AcDbEntity
  8
RIGHT
100
AcDbPolyline
 90
2
 70
0
 10
615.0
 20
36.0
 10
615.0
 20
37.6
  0
LWPOLYLINE
  5
25B
330
17
100
AcDbEntity
  8
RIGHT
100
AcDbPolyline
 90
2
 70
0
 10
665.0
 20
36.0
 10
665.0
 20
37.6
  0
LWPOLYLINE
  5
25C
330
17
100
AcDbEntity
  8
RIGHT
100
AcDbPolyline
 90
2
 70
0
 10
615.5
 20
36.0
 10
615.5
 20
37.6
  0
LWPOLYLINE
  5
25D
330
17
100
AcDbEntity
  8
RIGHT
100
AcDbPolyline
 90
2
 70
0
 10
615.5
 20
36.0
 10
615.5
 20
37.6
  0
LWPOLYLINE
  5
25E
330
17
100
AcDbEntity
  8
RIGHT
100
AcDbPolyline
 90
2
 70
0
 10
664.5
 20
36.0
 10
664.5
 20
37.6
  0
LWPOLYLINE
  5
25F
330
17
100
AcDbEntity
  8
RIGHT
100
AcDbPolyline
 90
2
 70
0
 10
664.5
 20
36.0
 10
664.5
 20
37.6
  0
LWPOLYLINE
  5
260
330
17
100
AcDbEntity
  8
RIGHT
100
AcDbPolyline
 90
2
 70
0
 10
612.0
 20
38.0
 10
612.0
 20
59.0
  0
LWPOLYLINE
  5
261
330
17
100
AcDbEntity
  8
RIGHT
100
AcDbPolyline
 90
2
 70
0
 10
612.0
 20
59.0
 10
668.0
 20
59.0
  0
LWPOLYLINE
  5
262
330
17
100
AcDbEntity
  8
RIGHT
100
AcDbPolyline
 90
2
 70
0
 10
668.0
 20
38.0
 10
668.0
 20
59.0
  0
LWPOLYLINE
  5
263
330
17
100
AcDbEntity
  8
RIGHT
100
AcDbPolyline
 90
2
 70
0
 10
612.0
 20
38.0
 10
668.0
 20
38.0
  0
LWPOLYLINE
  5
264
330
17
100
AcDbEntity
  8
RIGHT
100
AcDbPolyline
 90
2
 70
0
 10
612.0
 20
38.0
 10
612.0
 20
59.0
  0
LWPOLYLINE
  5
265
330
17
100
AcDbEntity
  8
RIGHT
100
AcDbPolyline
 90
2
 70
0
 10
612.0
 20
59.0
 10
668.0
 20
59.0
  0
LWPOLYLINE
  5
266
330
17
100
AcDbEntity
  8
RIGHT
100
AcDbPolyline
 90
2
 70
0
 10
668.0
 20
38.0
 10
668.0
 20
59.0
  0
LWPOLYLINE
  5
267
330
17
100
AcDbEntity
  8
RIGHT
100
AcDbPolyline
 90
2
 70
0
 10
612.0
 20
38.0
 10
668.0
 20
38.0
  0
LWPOLYLINE
  5
268
330
17
100
AcDbEntity
  8
RIGHT
100
AcDbPolyline
 90
2
 70
0
 10
610.0
 20
28.0
 10
610.0
 20
58.0
  0
LWPOLYLINE
  5
269
330
17
100
AcDbEntity
  8
RIGHT
100
AcDbPolyline
 90
2
 70
0
 10
610.0
 20
58.0
 10
670.0
 20
58.0
  0
LWPOLYLINE
  5
26A
330
17
100
AcDbEntity
  8
RIGHT
100
AcDbPolyline
 90
2
 70
0
 10
670.0
 20
28.0
 10
670.0
 20
58.0
  0
LWPOLYLINE
  5
26B
330
17
100
AcDbEntity
  8
RIGHT
100
AcDbPolyline
 90
2
 70
0
 10
610.0
 20
28.0
 10
670.0
 20
28.0
  0
LWPOLYLINE
  5
26C
330
17
100
AcDbEntity
  8
RIGHT
100
AcDbPolyline
 90
2
 70
0
 10
610.0
 20
28.0
 10
610.0
 20
58.0
  0
LWPOLYLINE
  5
26D
330
17
100
AcDbEntity
  8
RIGHT
100
AcDbPolyline
 90
2
 70
0
 10
610.0
 20
58.0
 10
670.0
 20
58.0
  0
LWPOLYLINE
  5
26E
330
17
100
AcDbEntity
  8
RIGHT
100
AcDbPolyline
 90
2
 70
0
 10
670.0
 20
28.0
 10
670.0
 20
58.0
  0
LWPOLYLINE
  5
26F
330
17
100
AcDbEntity
  8
RIGHT
100
AcDbPolyline
 90
2
 70
0
 10
610.0
 20
28.0
 10
670.0
 20
28.0
  0
LWPOLYLINE
  5
270
330
17
100
AcDbEntity
  8
RIGHT
100
AcDbPolyline
 90
2
 70
0
 10
701.5
 20
28.0
 10
701.5
 20
66.0
  0
LWPOLYLINE
  5
271
330
17
100
AcDbEntity
  8
RIGHT
100
AcDbPolyline
 90
2
 70
0
 10
701.5
 20
66.0
 10
798.5
 20
66.0
  0
LWPOLYLINE
  5
272
330
17
100
AcDbEntity
  8
RIGHT
100
AcDbPolyline
 90
2
 70
0
 10
798.5
 20
28.0
 10
798.5
 20
66.0
  0
LWPOLYLINE
  5
273
330
17
100
AcDbEntity
  8
RIGHT
100
AcDbPolyline
 90
2
 70
0
 10
701.5
 20
28.0
 10
798.5
 20
28.0
  0
LWPOLYLINE
  5
274
330
17
100
AcDbEntity
  8
RIGHT
100
AcDbPolyline
 90
2
 70
0
 10
701.5
 20
28.0
 10
701.5
 20
66.0
  0
LWPOLYLINE
  5
275
330
17
100
AcDbEntity
  8
RIGHT
100
AcDbPolyline
 90
2
 70
0
 10
701.5
 20
66.0
 10
798.5
 20
66.0
  0
LWPOLYLINE
  5
276
330
17
100
AcDbEntity
  8
RIGHT
100
AcDbPolyline
 90
2
 70
0
 10
798.5
 20
28.0
 10
798.5
 20
66.0
  0
LWPOLYLINE
  5
277
330
17
100
AcDbEntity
  8
RIGHT
100
AcDbPolyline
 90
2
 70
0
 10
701.5
 20
28.0
 10
798.5
 20
28.0
  0
LWPOLYLINE
  5
278
330
17
100
AcDbEntity
  8
RIGHT
100
AcDbPolyline
 90
2
 70
0
 10
702.5
 20
28.0
 10
702.5
 20
43.0
  0
LWPOLYLINE
  5
279
330
17
100
AcDbEntity
  8
RIGHT
100
AcDbPolyline
 90
2
 70
0
 10
702.5
 20
43.0
 10
757.5
 20
43.0
  0
LWPOLYLINE
  5
27A
330
17
100
AcDbEntity
  8
RIGHT
100
AcDbPolyline
 90
2
 70
0
 10
757.5
 20
28.0
 10
757.5
 20
43.0
  0
LWPOLYLINE
  5
27B
330
17
100
AcDbEntity
  8
RIGHT
100
AcDbPolyline
 90
2
 70
0
 10
702.5
 20
28.0
 10
757.5
 20
28.0
  0
LWPOLYLINE
  5
27C
330
17
100
AcDbEntity
  8
RIGHT
100
AcDbPolyline
 90
2
 70
0
 10
702.5
 20
28.0
 10
702.5
 20
43.0
  0
LWPOLYLINE
  5
27D
330
17
100
AcDbEntity
  8
RIGHT
100
AcDbPolyline
 90
2
 70
0
 10
702.5
 20
43.0
 10
757.5
 20
43.0
  0
LWPOLYLINE
  5
27E
330
17
100
AcDbEntity
  8
RIGHT
100
AcDbPolyline
 90
2
 70
0
 10
757.5
 20
28.0
 10
757.5
 20
43.0
  0
LWPOLYLINE
  5
27F
330
17
100
AcDbEntity
  8
RIGHT
100
AcDbPolyline
 90
2
 70
0
 10
702.5
 20
28.0
 10
757.5
 20
28.0
  0
LWPOLYLINE
  5
280
330
17
100
AcDbEntity
  8
RIGHT
100
AcDbPolyline
 90
2
 70
0
 10
794.0
 20
28.0
 10
794.0
 20
40.0
  0
LWPOLYLINE
  5
281
330
17
100
AcDbEntity
  8
RIGHT
100
AcDbPolyline
 90
2
 70
0
 10
794.0
 20
40.0
 10
816.0
 20
40.0
  0
LWPOLYLINE
  5
282
330
17
100
AcDbEntity
  8
RIGHT
100
AcDbPolyline
 90
2
 70
0
 10
816.0
 20
28.0
 10
816.0
 20
40.0
  0
LWPOLYLINE
  5
283
330
17
100
AcDbEntity
  8
RIGHT
100
AcDbPolyline
 90
2
 70
0
 10
794.0
 20
28.0
 10
816.0
 20
28.0
  0
LWPOLYLINE
  5
284
330
17
100
AcDbEntity
  8
RIGHT
100
AcDbPolyline
 90
16
 70
0
 10
794.0
 20
40.0
 10
794.0
 20
38.9604415459112
 10
794.0
 20
37.966316784621
 10
794.0
 20
37.06107373853764
 10
794.0
 20
36.28427587261303
 10
794.0
 20
35.66987298107781
 10
794.0
 20
35.24471741852423
 10
794.0
 20
35.02739052315863
 10
794.0
 20
35.02739052315863
 10
794.0
 20
35.24471741852423
 10
794.0
 20
35.6698729810778
 10
794.0
 20
36.28427587261303
 10
794.0
 20
37.06107373853763
 10
794.0
 20
37.966316784621
 10
794.0
 20
38.9604415459112
 10
794.0
 20
40.0
  0
LWPOLYLINE
  5
285
330
17
100
AcDbEntity
  8
RIGHT
100
AcDbPolyline
 90
16
 70
0
 10
794.0
 20
40.0
 10
794.0
 20
38.9604415459112
 10
794.0
 20
37.966316784621
 10
794.0
 20
37.06107373853764
 10
794.0
 20
36.28427587261303
 10
794.0
 20
35.66987298107781
 10
794.0
 20
35.24471741852423
 10
794.0
 20
35.02739052315863
 10
794.0
 20
35.02739052315863
 10
794.0
 20
35.24471741852423
 10
794.0
 20
35.6698729810778
 10
794.0
 20
36.28427587261303
 10
794.0
 20
37.06107373853763
 10
794.0
 20
37.966316784621
 10
794.0
 20
38.9604415459112
 10
794.0
 20
40.0
  0
LWPOLYLINE
  5
286
330
17
100
AcDbEntity
  8
RIGHT
100
AcDbPolyline
 90
16
 70
0
 10
794.0
 20
40.0
 10
794.0
 20
38.9604415459112
 10
794.0
 20
37.966316784621
 10
794.0
 20
37.06107373853764
 10
794.0
 20
36.28427587261303
 10
794.0
 20
35.66987298107781
 10
794.0
 20
35.24471741852423
 10
794.0
 20
35.02739052315863
 10
794.0
 20
35.02739052315863
 10
794.0
 20
35.24471741852423
 10
794.0
 20
35.6698729810778
 10
794.0
 20
36.28427587261303
 10
794.0
 20
37.06107373853763
 10
794.0
 20
37.966316784621
 10
794.0
 20
38.9604415459112
 10
794.0
 20
40.0
  0
LWPOLYLINE
  5
287
330
17
100
AcDbEntity
  8
RIGHT
100
AcDbPolyline
 90
2
 70
0
 10
794.0
 20
28.0
 10
794.0
 20
40.0
  0
LWPOLYLINE
  5
288
330
17
100
AcDbEntity
  8
RIGHT
100
AcDbPolyline
 90
2
 70
0
 10
816.0
 20
40.0
 10
794.0
 20
40.0
  0
LWPOLYLINE
  5
289
330
17
100
AcDbEntity
  8
RIGHT
100
AcDbPolyline
 90
16
 70
0
 10
816.0
 20
40.0
 10
816.0
 20
38.9604415459112
 10
816.0
 20
37.966316784621
 10
816.0
 20
37.06107373853764
 10
816.0
 20
36.28427587261303
 10
816.0
 20
35.66987298107781
 10
816.0
 20
35.24471741852423
 10
816.0
 20
35.02739052315863
 10
816.0
 20
35.02739052315863
 10
816.0
 20
35.24471741852423
 10
816.0
 20
35.6698729810778
 10
816.0
 20
36.28427587261303
 10
816.0
 20
37.06107373853763
 10
816.0
 20
37.966316784621
 10
816.0
 20
38.9604415459112
 10
816.0
 20
40.0
  0
LWPOLYLINE
  5
28A
330
17
100
AcDbEntity
  8
RIGHT
100
AcDbPolyline
 90
16
 70
0
 10
816.0
 20
40.0
 10
816.0
 20
38.9604415459112
 10
816.0
 20
37.966316784621
 10
816.0
 20
37.06107373853764
 10
816.0
 20
36.28427587261303
 10
816.0
 20
35.66987298107781
 10
816.0
 20
35.24471741852423
 10
816.0
 20
35.02739052315863
 10
816.0
 20
35.02739052315863
 10
816.0
 20
35.24471741852423
 10
816.0
 20
35.6698729810778
 10
816.0
 20
36.28427587261303
 10
816.0
 20
37.06107373853763
 10
816.0
 20
37.966316784621
 10
816.0
 20
38.9604415459112
 10
816.0
 20
40.0
  0
LWPOLYLINE
  5
28B
330
17
100
AcDbEntity
  8
RIGHT
100
AcDbPolyline
 90
16
 70
0
 10
816.0
 20
40.0
 10
816.0
 20
38.9604415459112
 10
816.0
 20
37.966316784621
 10
816.0
 20
37.06107373853764
 10
816.0
 20
36.28427587261303
 10
816.0
 20
35.66987298107781
 10
816.0
 20
35.24471741852423
 10
816.0
 20
35.02739052315863
 10
816.0
 20
35.02739052315863
 10
816.0
 20
35.24471741852423
 10
816.0
 20
35.6698729810778
 10
816.0
 20
36.28427587261303
 10
816.0
 20
37.06107373853763
 10
816.0
 20
37.966316784621
 10
816.0
 20
38.9604415459112
 10
816.0
 20
40.0
  0
LWPOLYLINE
  5
28C
330
17
100
AcDbEntity
  8
RIGHT
100
AcDbPolyline
 90
2
 70
0
 10
816.0
 20
28.0
 10
816.0
 20
40.0
  0
LWPOLYLINE
  5
28D
330
17
100
AcDbEntity
  8
RIGHT
100
AcDbPolyline
 90
2
 70
0
 10
794.0
 20
28.0
 10
816.0
 20
28.0
  0
LWPOLYLINE
  5
28E
330
17
100
AcDbEntity
  8
RIGHT
100
AcDbPolyline
 90
2
 70
0
 10
816.0
 20
40.0
 10
794.0
 20
40.0
  0
LWPOLYLINE
  5
28F
330
17
100
AcDbEntity
  8
RIGHT
100
AcDbPolyline
 90
2
 70
0
 10
794.0
 20
40.0
 10
816.0
 20
40.0
  0
LWPOLYLINE
  5
290
330
17
100
AcDbEntity
  8
RIGHT
100
AcDbPolyline
 90
2
 70
0
 10
794.0
 20
40.0
 10
816.0
 20
40.0
  0
LWPOLYLINE
  5
291
330
17
100
AcDbEntity
  8
RIGHT
100
AcDbPolyline
 90
2
 70
0
 10
816.0
 20
40.0
 10
794.0
 20
40.0
  0
LWPOLYLINE
  5
292
330
17
100
AcDbEntity
  8
RIGHT
100
AcDbPolyline
 90
2
 70
0
 10
794.0
 20
40.0
 10
816.0
 20
40.0
  0
LWPOLYLINE
  5
293
330
17
100
AcDbEntity
  8
RIGHT
100
AcDbPolyline
 90
2
 70
0
 10
794.0
 20
40.0
 10
816.0
 20
40.0
  0
DIMENSION
  5
294
330
17
100
AcDbEntity
  8
DIMENSIONS
100
AcDbDimension
280
0
  2
*D5
  3
Standard
 10
550.0
 20
-35.0
 30
0.0
 11
700.0
 21
-35.0
 31
0.0
 70
32
 71
5
  1
<>
100
AcDbAlignedDimension
 13
550.0
 23
0.0
 33
0.0
 14
850.0
 24
0.0
 34
0.0
 50
0.0
100
AcDbRotatedDimension
1001
ACAD
1000
DSTYLE
1002
{
1070
140
1040
3.076923076923077
1070
41
1040
2.5
1070
176
1070
7
1070
177
1070
7
1070
178
1070
7
1070
271
1070
2
1002
}
  0
DIMENSION
  5
2A4
330
17
100
AcDbEntity
  8
DIMENSIONS
100
AcDbDimension
280
0
  2
*D6
  3
Standard
 10
515.0
 20
0.0
 30
0.0
 11
515.0
 21
90.0
 31
0.0
 70
32
 71
5
  1
<>
100
AcDbAlignedDimension
 13
550.0
 23
0.0
 33
0.0
 14
550.0
 24
180.0
 34
0.0
 50
90.0
100
AcDbRotatedDimension
1001
ACAD
1000
DSTYLE
1002
{
1070
140
1040
3.076923076923077
1070
41
1040
2.5
1070
176
1070
7
1070
177
1070
7
1070
178
1070
7
1070
271
1070
2
1002
}
  0
TEXT
  5
2B4
330
17
100
AcDbEntity
  8
NOTES
100
AcDbText
 10
550.0
 20
200.0
 30
0.0
 40
4.0
  1
RIGHT
100
AcDbText
  0
TEXT
  5
2B5
330
17
100
AcDbEntity
  8
NOTES
100
AcDbText
 10
0.0
 20
-430.0
 30
0.0
 40
4.0
  1
Datum: right-handed assembly-local X/Y/Z; plan XY, front XZ, right YZ. Overall dimensions derive from exact BRep.
100
AcDbText
  0
TEXT
  5
2B6
330
17
100
AcDbEntity
  8
NOTES
100
AcDbText
 10
0.0
 20
-439.0
 30
0.0
 40
4.0
  1
Curved drawing edges are sampled; wireframe includes hidden/back edges. STEP is the geometry authority; DXF units mm.
100
AcDbText
  0
TEXT
  5
2B7
330
17
100
AcDbEntity
  8
NOTES
100
AcDbText
 10
0.0
 20
-448.0
 30
0.0
 40
4.0
  1
Source-tagged Pi features and battery/panel/converter/MPPT overall sizes are verified references; other geometry is provisional.
100
AcDbText
  0
TEXT
  5
2B8
330
17
100
AcDbEntity
  8
NOTES
100
AcDbText
 10
0.0
 20
-457.0
 30
0.0
 40
4.0
  1
Default machining allowance +/-0.30 mm; clamp bore +/-0.20 mm; envelope dia +/-0.50 mm: assumptions, not release tolerances.
100
AcDbText
  0
TEXT
  5
2B9
330
17
100
AcDbEntity
  8
NOTES
100
AcDbText
 10
0.0
 20
-466.0
 30
0.0
 40
4.0
  1
Metal parts: deburr/passivate or isolate/anodize per material record; fastener torque, coating, corrosion and loads remain open.
100
AcDbText
  0
TEXT
  5
2BA
330
17
100
AcDbEntity
  8
NOTES
100
AcDbText
 10
0.0
 20
-475.0
 30
0.0
 40
4.0
  1
No pressure containment, rating, calibration, safe working load or fabrication release. See manifest.json part/BOM/feature notes.
100
AcDbText
  0
ENDSEC
  0
SECTION
  2
OBJECTS
  0
DICTIONARY
  5
A
330
0
100
AcDbDictionary
281
1
  3
ACAD_COLOR
350
B
  3
ACAD_GROUP
350
C
  3
ACAD_LAYOUT
350
D
  3
ACAD_MATERIAL
350
E
  3
ACAD_MLEADERSTYLE
350
F
  3
ACAD_MLINESTYLE
350
10
  3
ACAD_PLOTSETTINGS
350
11
  3
ACAD_PLOTSTYLENAME
350
12
  3
ACAD_SCALELIST
350
14
  3
ACAD_TABLESTYLE
350
15
  3
ACAD_VISUALSTYLE
350
16
  3
EZDXF_META
350
2D
  0
DICTIONARY
  5
B
330
A
100
AcDbDictionary
281
1
  0
DICTIONARY
  5
C
330
A
100
AcDbDictionary
281
1
  0
DICTIONARY
  5
D
330
A
100
AcDbDictionary
281
1
  3
Model
350
1A
  3
Layout1
350
1E
  0
DICTIONARY
  5
E
330
A
100
AcDbDictionary
281
1
  3
ByBlock
350
1F
  3
ByLayer
350
20
  3
Global
350
21
  0
DICTIONARY
  5
F
330
A
100
AcDbDictionary
281
1
  3
Standard
350
2C
  0
DICTIONARY
  5
10
330
A
100
AcDbDictionary
281
1
  3
Standard
350
22
  0
DICTIONARY
  5
11
330
A
100
AcDbDictionary
281
1
  0
ACDBDICTIONARYWDFLT
  5
12
330
A
100
AcDbDictionary
281
1
  3
Normal
350
13
100
AcDbDictionaryWithDefault
340
13
  0
ACDBPLACEHOLDER
  5
13
330
12
  0
DICTIONARY
  5
14
330
A
100
AcDbDictionary
281
1
  0
DICTIONARY
  5
15
330
A
100
AcDbDictionary
281
1
  0
DICTIONARY
  5
16
330
A
100
AcDbDictionary
281
1
  0
LAYOUT
  5
1A
330
D
100
AcDbPlotSettings
  1

  4
A3
  6

 40
7.5
 41
20.0
 42
7.5
 43
20.0
 44
420.0
 45
297.0
 46
0.0
 47
0.0
 48
0.0
 49
0.0
140
0.0
141
0.0
142
1.0
143
1.0
 70
1024
 72
1
 73
0
 74
5
  7

 75
16
 76
0
 77
2
 78
300
147
1.0
148
0.0
149
0.0
100
AcDbLayout
  1
Model
 70
1
 71
0
 10
0.0
 20
0.0
 11
420.0
 21
297.0
 12
0.0
 22
0.0
 32
0.0
 14
1e+20
 24
1e+20
 34
1e+20
 15
-1e+20
 25
-1e+20
 35
-1e+20
146
0.0
 13
0.0
 23
0.0
 33
0.0
 16
1.0
 26
0.0
 36
0.0
 17
0.0
 27
1.0
 37
0.0
 76
1
330
17
  0
LAYOUT
  5
1E
330
D
100
AcDbPlotSettings
  1

  4
A3
  6

 40
7.5
 41
20.0
 42
7.5
 43
20.0
 44
420.0
 45
297.0
 46
0.0
 47
0.0
 48
0.0
 49
0.0
140
0.0
141
0.0
142
1.0
143
1.0
 70
0
 72
1
 73
0
 74
5
  7

 75
16
 76
0
 77
2
 78
300
147
1.0
148
0.0
149
0.0
100
AcDbLayout
  1
Layout1
 70
1
 71
1
 10
0.0
 20
0.0
 11
420.0
 21
297.0
 12
0.0
 22
0.0
 32
0.0
 14
1e+20
 24
1e+20
 34
1e+20
 15
-1e+20
 25
-1e+20
 35
-1e+20
146
0.0
 13
0.0
 23
0.0
 33
0.0
 16
1.0
 26
0.0
 36
0.0
 17
0.0
 27
1.0
 37
0.0
 76
1
330
1B
  0
MATERIAL
  5
1F
102
{ACAD_REACTORS
330
E
102
}
330
E
100
AcDbMaterial
  1
ByBlock
  2

 70
0
 40
1.0
 71
1
 41
1.0
 91
-1023410177
 42
1.0
 72
1
  3

 73
1
 74
1
 75
1
 44
0.5
 73
0
 45
1.0
 46
1.0
 77
1
  4

 78
1
 79
1
170
1
 48
1.0
171
1
  6

172
1
173
1
174
1
140
1.0
141
1.0
175
1
  7

176
1
177
1
178
1
143
1.0
179
1
  8

270
1
271
1
272
1
145
1.0
146
1.0
273
1
  9

274
1
275
1
276
1
 42
1.0
 72
1
  3

 73
1
 74
1
 75
1
 94
63
  0
MATERIAL
  5
20
102
{ACAD_REACTORS
330
E
102
}
330
E
100
AcDbMaterial
  1
ByLayer
  2

 70
0
 40
1.0
 71
1
 41
1.0
 91
-1023410177
 42
1.0
 72
1
  3

 73
1
 74
1
 75
1
 44
0.5
 73
0
 45
1.0
 46
1.0
 77
1
  4

 78
1
 79
1
170
1
 48
1.0
171
1
  6

172
1
173
1
174
1
140
1.0
141
1.0
175
1
  7

176
1
177
1
178
1
143
1.0
179
1
  8

270
1
271
1
272
1
145
1.0
146
1.0
273
1
  9

274
1
275
1
276
1
 42
1.0
 72
1
  3

 73
1
 74
1
 75
1
 94
63
  0
MATERIAL
  5
21
102
{ACAD_REACTORS
330
E
102
}
330
E
100
AcDbMaterial
  1
Global
  2

 70
0
 40
1.0
 71
1
 41
1.0
 91
-1023410177
 42
1.0
 72
1
  3

 73
1
 74
1
 75
1
 44
0.5
 73
0
 45
1.0
 46
1.0
 77
1
  4

 78
1
 79
1
170
1
 48
1.0
171
1
  6

172
1
173
1
174
1
140
1.0
141
1.0
175
1
  7

176
1
177
1
178
1
143
1.0
179
1
  8

270
1
271
1
272
1
145
1.0
146
1.0
273
1
  9

274
1
275
1
276
1
 42
1.0
 72
1
  3

 73
1
 74
1
 75
1
 94
63
  0
MLINESTYLE
  5
22
102
{ACAD_REACTORS
330
10
102
}
330
10
100
AcDbMlineStyle
  2
Standard
 70
0
  3

 62
256
 51
90.0
 52
90.0
 71
2
 49
0.5
 62
256
  6
BYLAYER
 49
-0.5
 62
256
  6
BYLAYER
  0
MLEADERSTYLE
  5
2C
102
{ACAD_REACTORS
330
F
102
}
330
F
100
AcDbMLeaderStyle
179
2
170
2
171
1
172
0
 90
2
 40
0.0
 41
0.0
173
1
 91
-1056964608
 92
-2
290
1
 42
2.0
291
1
 43
8.0
  3
Standard
 44
4.0
300

342
29
174
1
175
1
176
0
178
1
 93
-1056964608
 45
4.0
292
0
297
0
 46
4.0
 94
-1056964608
 47
1.0
 49
1.0
140
1.0
294
1
141
0.0
177
0
142
1.0
295
0
296
0
143
3.75
271
0
272
9
273
9
  0
DICTIONARY
  5
2D
330
A
100
AcDbDictionary
280
1
281
1
  3
CREATED_BY_EZDXF
350
2E
  3
WRITTEN_BY_EZDXF
350
2BD
  0
DICTIONARYVAR
  5
2E
330
2D
100
DictionaryVariables
280
0
  1
1.4.3 @ 2026-09-27T12:03:29.341094+00:00
  0
DICTIONARYVAR
  5
2BD
330
2D
100
DictionaryVariables
280
0
  1
1.4.3 @ 2026-09-27T12:03:29.377780+00:00
  0
ENDSEC
  0
EOF
