ISO-10303-21;
HEADER;
FILE_DESCRIPTION(('Open CASCADE Model'),'2;1');
FILE_NAME('Open CASCADE Shape Model','2026-09-27T14:27:14',('Author'),(
    'Open CASCADE'),'Open CASCADE STEP processor 7.8','Open CASCADE 7.8'
  ,'Unknown');
FILE_SCHEMA(('AUTOMOTIVE_DESIGN { 1 0 10303 214 1 1 1 1 }'));
ENDSEC;
DATA;
#1 = APPLICATION_PROTOCOL_DEFINITION('international standard',
  'automotive_design',2000,#2);
#2 = APPLICATION_CONTEXT(
  'core data for automotive mechanical design processes');
#3 = SHAPE_DEFINITION_REPRESENTATION(#4,#10);
#4 = PRODUCT_DEFINITION_SHAPE('','',#5);
#5 = PRODUCT_DEFINITION('design','',#6,#9);
#6 = PRODUCT_DEFINITION_FORMATION('','',#7);
#7 = PRODUCT('INTRFACE_PASSIVE_V3','INTRFACE_PASSIVE_V3','',(#8));
#8 = PRODUCT_CONTEXT('',#2,'mechanical');
#9 = PRODUCT_DEFINITION_CONTEXT('part definition',#2,'design');
#10 = SHAPE_REPRESENTATION('',(#11,#15,#19,#23,#27,#31),#35);
#11 = AXIS2_PLACEMENT_3D('',#12,#13,#14);
#12 = CARTESIAN_POINT('',(0.,0.,0.));
#13 = DIRECTION('',(0.,0.,1.));
#14 = DIRECTION('',(1.,0.,-0.));
#15 = AXIS2_PLACEMENT_3D('',#16,#17,#18);
#16 = CARTESIAN_POINT('',(0.,0.,0.));
#17 = DIRECTION('',(0.,0.,1.));
#18 = DIRECTION('',(1.,0.,-0.));
#19 = AXIS2_PLACEMENT_3D('',#20,#21,#22);
#20 = CARTESIAN_POINT('',(0.,0.,0.));
#21 = DIRECTION('',(0.,0.,1.));
#22 = DIRECTION('',(1.,0.,-0.));
#23 = AXIS2_PLACEMENT_3D('',#24,#25,#26);
#24 = CARTESIAN_POINT('',(0.,0.,0.));
#25 = DIRECTION('',(0.,0.,1.));
#26 = DIRECTION('',(1.,0.,-0.));
#27 = AXIS2_PLACEMENT_3D('',#28,#29,#30);
#28 = CARTESIAN_POINT('',(0.,0.,0.));
#29 = DIRECTION('',(0.,0.,1.));
#30 = DIRECTION('',(1.,0.,-0.));
#31 = AXIS2_PLACEMENT_3D('',#32,#33,#34);
#32 = CARTESIAN_POINT('',(0.,0.,0.));
#33 = DIRECTION('',(0.,0.,1.));
#34 = DIRECTION('',(1.,0.,-0.));
#35 = ( GEOMETRIC_REPRESENTATION_CONTEXT(3) 
GLOBAL_UNCERTAINTY_ASSIGNED_CONTEXT((#39)) GLOBAL_UNIT_ASSIGNED_CONTEXT(
(#36,#37,#38)) REPRESENTATION_CONTEXT('Context #1',
  '3D Context with UNIT and UNCERTAINTY') );
#36 = ( LENGTH_UNIT() NAMED_UNIT(*) SI_UNIT(.MILLI.,.METRE.) );
#37 = ( NAMED_UNIT(*) PLANE_ANGLE_UNIT() SI_UNIT($,.RADIAN.) );
#38 = ( NAMED_UNIT(*) SI_UNIT($,.STERADIAN.) SOLID_ANGLE_UNIT() );
#39 = UNCERTAINTY_MEASURE_WITH_UNIT(LENGTH_MEASURE(2.E-07),#36,
  'distance_accuracy_value','confusion accuracy');
#40 = PRODUCT_RELATED_PRODUCT_CATEGORY('part',$,(#7));
#41 = SHAPE_DEFINITION_REPRESENTATION(#42,#48);
#42 = PRODUCT_DEFINITION_SHAPE('','',#43);
#43 = PRODUCT_DEFINITION('design','',#44,#47);
#44 = PRODUCT_DEFINITION_FORMATION('','',#45);
#45 = PRODUCT('PRESSURE_BOUNDARY','PRESSURE_BOUNDARY','',(#46));
#46 = PRODUCT_CONTEXT('',#2,'mechanical');
#47 = PRODUCT_DEFINITION_CONTEXT('part definition',#2,'design');
#48 = SHAPE_REPRESENTATION('',(#11,#49,#53,#57,#61,#65,#69,#73),#77);
#49 = AXIS2_PLACEMENT_3D('',#50,#51,#52);
#50 = CARTESIAN_POINT('',(0.,0.,0.));
#51 = DIRECTION('',(0.,0.,1.));
#52 = DIRECTION('',(1.,0.,-0.));
#53 = AXIS2_PLACEMENT_3D('',#54,#55,#56);
#54 = CARTESIAN_POINT('',(0.,0.,0.));
#55 = DIRECTION('',(0.,0.,1.));
#56 = DIRECTION('',(1.,0.,-0.));
#57 = AXIS2_PLACEMENT_3D('',#58,#59,#60);
#58 = CARTESIAN_POINT('',(0.,0.,0.));
#59 = DIRECTION('',(0.,0.,1.));
#60 = DIRECTION('',(1.,0.,-0.));
#61 = AXIS2_PLACEMENT_3D('',#62,#63,#64);
#62 = CARTESIAN_POINT('',(0.,0.,0.));
#63 = DIRECTION('',(0.,0.,1.));
#64 = DIRECTION('',(1.,0.,-0.));
#65 = AXIS2_PLACEMENT_3D('',#66,#67,#68);
#66 = CARTESIAN_POINT('',(0.,0.,0.));
#67 = DIRECTION('',(0.,0.,1.));
#68 = DIRECTION('',(1.,0.,-0.));
#69 = AXIS2_PLACEMENT_3D('',#70,#71,#72);
#70 = CARTESIAN_POINT('',(0.,0.,0.));
#71 = DIRECTION('',(0.,0.,1.));
#72 = DIRECTION('',(1.,0.,-0.));
#73 = AXIS2_PLACEMENT_3D('',#74,#75,#76);
#74 = CARTESIAN_POINT('',(0.,0.,0.));
#75 = DIRECTION('',(0.,0.,1.));
#76 = DIRECTION('',(1.,0.,-0.));
#77 = ( GEOMETRIC_REPRESENTATION_CONTEXT(3) 
GLOBAL_UNCERTAINTY_ASSIGNED_CONTEXT((#81)) GLOBAL_UNIT_ASSIGNED_CONTEXT(
(#78,#79,#80)) REPRESENTATION_CONTEXT('Context #1',
  '3D Context with UNIT and UNCERTAINTY') );
#78 = ( LENGTH_UNIT() NAMED_UNIT(*) SI_UNIT(.MILLI.,.METRE.) );
#79 = ( NAMED_UNIT(*) PLANE_ANGLE_UNIT() SI_UNIT($,.RADIAN.) );
#80 = ( NAMED_UNIT(*) SI_UNIT($,.STERADIAN.) SOLID_ANGLE_UNIT() );
#81 = UNCERTAINTY_MEASURE_WITH_UNIT(LENGTH_MEASURE(1.E-07),#78,
  'distance_accuracy_value','confusion accuracy');
#82 = CONTEXT_DEPENDENT_SHAPE_REPRESENTATION(#83,#85);
#83 = ( REPRESENTATION_RELATIONSHIP('','',#48,#10) 
REPRESENTATION_RELATIONSHIP_WITH_TRANSFORMATION(#84) 
SHAPE_REPRESENTATION_RELATIONSHIP() );
#84 = ITEM_DEFINED_TRANSFORMATION('','',#11,#15);
#85 = PRODUCT_DEFINITION_SHAPE('Placement','Placement of an item',#86);
#86 = NEXT_ASSEMBLY_USAGE_OCCURRENCE('33','','',#5,#43,$);
#87 = PRODUCT_RELATED_PRODUCT_CATEGORY('part',$,(#45));
#88 = SHAPE_DEFINITION_REPRESENTATION(#89,#95);
#89 = PRODUCT_DEFINITION_SHAPE('','',#90);
#90 = PRODUCT_DEFINITION('design','',#91,#94);
#91 = PRODUCT_DEFINITION_FORMATION('','',#92);
#92 = PRODUCT('V3_TUBE_AL6061_BR106279_300',
  'V3_TUBE_AL6061_BR106279_300','',(#93));
#93 = PRODUCT_CONTEXT('',#2,'mechanical');
#94 = PRODUCT_DEFINITION_CONTEXT('part definition',#2,'design');
#95 = ADVANCED_BREP_SHAPE_REPRESENTATION('',(#11,#96),#458);
#96 = MANIFOLD_SOLID_BREP('',#97);
#97 = CLOSED_SHELL('',(#98,#186,#221,#256,#311,#366,#401,#431));
#98 = ADVANCED_FACE('',(#99),#112,.T.);
#99 = FACE_BOUND('',#100,.T.);
#100 = EDGE_LOOP('',(#101,#135,#158,#185));
#101 = ORIENTED_EDGE('',*,*,#102,.F.);
#102 = EDGE_CURVE('',#103,#103,#105,.T.);
#103 = VERTEX_POINT('',#104);
#104 = CARTESIAN_POINT('',(56.,1.371604415045E-14,6.217248937901E-15));
#105 = SURFACE_CURVE('',#106,(#111,#123),.PCURVE_S1.);
#106 = CIRCLE('',#107,56.);
#107 = AXIS2_PLACEMENT_3D('',#108,#109,#110);
#108 = CARTESIAN_POINT('',(0.,0.,0.));
#109 = DIRECTION('',(1.110223024625E-16,0.,-1.));
#110 = DIRECTION('',(1.,0.,1.110223024625E-16));
#111 = PCURVE('',#112,#117);
#112 = CYLINDRICAL_SURFACE('',#113,56.);
#113 = AXIS2_PLACEMENT_3D('',#114,#115,#116);
#114 = CARTESIAN_POINT('',(-3.330669073875E-14,0.,300.));
#115 = DIRECTION('',(1.110223024625E-16,0.,-1.));
#116 = DIRECTION('',(1.,0.,1.110223024625E-16));
#117 = DEFINITIONAL_REPRESENTATION('',(#118),#122);
#118 = LINE('',#119,#120);
#119 = CARTESIAN_POINT('',(0.,300.));
#120 = VECTOR('',#121,1.);
#121 = DIRECTION('',(1.,0.));
#122 = ( GEOMETRIC_REPRESENTATION_CONTEXT(2) 
PARAMETRIC_REPRESENTATION_CONTEXT() REPRESENTATION_CONTEXT('2D SPACE',''
  ) );
#123 = PCURVE('',#124,#129);
#124 = PLANE('',#125);
#125 = AXIS2_PLACEMENT_3D('',#126,#127,#128);
#126 = CARTESIAN_POINT('',(0.,0.,0.));
#127 = DIRECTION('',(1.110223024625E-16,0.,-1.));
#128 = DIRECTION('',(1.,0.,1.110223024625E-16));
#129 = DEFINITIONAL_REPRESENTATION('',(#130),#134);
#130 = CIRCLE('',#131,56.);
#131 = AXIS2_PLACEMENT_2D('',#132,#133);
#132 = CARTESIAN_POINT('',(0.,0.));
#133 = DIRECTION('',(1.,0.));
#134 = ( GEOMETRIC_REPRESENTATION_CONTEXT(2) 
PARAMETRIC_REPRESENTATION_CONTEXT() REPRESENTATION_CONTEXT('2D SPACE',''
  ) );
#135 = ORIENTED_EDGE('',*,*,#136,.F.);
#136 = EDGE_CURVE('',#137,#103,#139,.T.);
#137 = VERTEX_POINT('',#138);
#138 = CARTESIAN_POINT('',(56.,1.371604415045E-14,300.));
#139 = SEAM_CURVE('',#140,(#144,#151),.PCURVE_S1.);
#140 = LINE('',#141,#142);
#141 = CARTESIAN_POINT('',(56.,1.371604415045E-14,300.));
#142 = VECTOR('',#143,1.);
#143 = DIRECTION('',(1.110223024625E-16,0.,-1.));
#144 = PCURVE('',#112,#145);
#145 = DEFINITIONAL_REPRESENTATION('',(#146),#150);
#146 = LINE('',#147,#148);
#147 = CARTESIAN_POINT('',(6.28318530718,-0.));
#148 = VECTOR('',#149,1.);
#149 = DIRECTION('',(0.,1.));
#150 = ( GEOMETRIC_REPRESENTATION_CONTEXT(2) 
PARAMETRIC_REPRESENTATION_CONTEXT() REPRESENTATION_CONTEXT('2D SPACE',''
  ) );
#151 = PCURVE('',#112,#152);
#152 = DEFINITIONAL_REPRESENTATION('',(#153),#157);
#153 = LINE('',#154,#155);
#154 = CARTESIAN_POINT('',(0.,-0.));
#155 = VECTOR('',#156,1.);
#156 = DIRECTION('',(0.,1.));
#157 = ( GEOMETRIC_REPRESENTATION_CONTEXT(2) 
PARAMETRIC_REPRESENTATION_CONTEXT() REPRESENTATION_CONTEXT('2D SPACE',''
  ) );
#158 = ORIENTED_EDGE('',*,*,#159,.T.);
#159 = EDGE_CURVE('',#137,#137,#160,.T.);
#160 = SURFACE_CURVE('',#161,(#166,#173),.PCURVE_S1.);
#161 = CIRCLE('',#162,56.);
#162 = AXIS2_PLACEMENT_3D('',#163,#164,#165);
#163 = CARTESIAN_POINT('',(-3.330669073875E-14,0.,300.));
#164 = DIRECTION('',(1.110223024625E-16,0.,-1.));
#165 = DIRECTION('',(1.,0.,1.110223024625E-16));
#166 = PCURVE('',#112,#167);
#167 = DEFINITIONAL_REPRESENTATION('',(#168),#172);
#168 = LINE('',#169,#170);
#169 = CARTESIAN_POINT('',(0.,0.));
#170 = VECTOR('',#171,1.);
#171 = DIRECTION('',(1.,0.));
#172 = ( GEOMETRIC_REPRESENTATION_CONTEXT(2) 
PARAMETRIC_REPRESENTATION_CONTEXT() REPRESENTATION_CONTEXT('2D SPACE',''
  ) );
#173 = PCURVE('',#174,#179);
#174 = PLANE('',#175);
#175 = AXIS2_PLACEMENT_3D('',#176,#177,#178);
#176 = CARTESIAN_POINT('',(-3.330669073875E-14,0.,300.));
#177 = DIRECTION('',(1.110223024625E-16,0.,-1.));
#178 = DIRECTION('',(1.,0.,1.110223024625E-16));
#179 = DEFINITIONAL_REPRESENTATION('',(#180),#184);
#180 = CIRCLE('',#181,56.);
#181 = AXIS2_PLACEMENT_2D('',#182,#183);
#182 = CARTESIAN_POINT('',(0.,0.));
#183 = DIRECTION('',(1.,0.));
#184 = ( GEOMETRIC_REPRESENTATION_CONTEXT(2) 
PARAMETRIC_REPRESENTATION_CONTEXT() REPRESENTATION_CONTEXT('2D SPACE',''
  ) );
#185 = ORIENTED_EDGE('',*,*,#136,.T.);
#186 = ADVANCED_FACE('',(#187,#190),#124,.T.);
#187 = FACE_BOUND('',#188,.T.);
#188 = EDGE_LOOP('',(#189));
#189 = ORIENTED_EDGE('',*,*,#102,.T.);
#190 = FACE_BOUND('',#191,.T.);
#191 = EDGE_LOOP('',(#192));
#192 = ORIENTED_EDGE('',*,*,#193,.F.);
#193 = EDGE_CURVE('',#194,#194,#196,.T.);
#194 = VERTEX_POINT('',#195);
#195 = CARTESIAN_POINT('',(51.965,1.272775418354E-14,5.769273947465E-15)
  );
#196 = SURFACE_CURVE('',#197,(#202,#209),.PCURVE_S1.);
#197 = CIRCLE('',#198,51.965);
#198 = AXIS2_PLACEMENT_3D('',#199,#200,#201);
#199 = CARTESIAN_POINT('',(0.,0.,0.));
#200 = DIRECTION('',(1.110223024625E-16,0.,-1.));
#201 = DIRECTION('',(1.,0.,1.110223024625E-16));
#202 = PCURVE('',#124,#203);
#203 = DEFINITIONAL_REPRESENTATION('',(#204),#208);
#204 = CIRCLE('',#205,51.965);
#205 = AXIS2_PLACEMENT_2D('',#206,#207);
#206 = CARTESIAN_POINT('',(0.,0.));
#207 = DIRECTION('',(1.,0.));
#208 = ( GEOMETRIC_REPRESENTATION_CONTEXT(2) 
PARAMETRIC_REPRESENTATION_CONTEXT() REPRESENTATION_CONTEXT('2D SPACE',''
  ) );
#209 = PCURVE('',#210,#215);
#210 = CYLINDRICAL_SURFACE('',#211,51.965);
#211 = AXIS2_PLACEMENT_3D('',#212,#213,#214);
#212 = CARTESIAN_POINT('',(-2.120525977034E-15,0.,19.1));
#213 = DIRECTION('',(1.110223024625E-16,0.,-1.));
#214 = DIRECTION('',(1.,0.,1.110223024625E-16));
#215 = DEFINITIONAL_REPRESENTATION('',(#216),#220);
#216 = LINE('',#217,#218);
#217 = CARTESIAN_POINT('',(0.,19.1));
#218 = VECTOR('',#219,1.);
#219 = DIRECTION('',(1.,0.));
#220 = ( GEOMETRIC_REPRESENTATION_CONTEXT(2) 
PARAMETRIC_REPRESENTATION_CONTEXT() REPRESENTATION_CONTEXT('2D SPACE',''
  ) );
#221 = ADVANCED_FACE('',(#222,#225),#174,.F.);
#222 = FACE_BOUND('',#223,.F.);
#223 = EDGE_LOOP('',(#224));
#224 = ORIENTED_EDGE('',*,*,#159,.T.);
#225 = FACE_BOUND('',#226,.F.);
#226 = EDGE_LOOP('',(#227));
#227 = ORIENTED_EDGE('',*,*,#228,.F.);
#228 = EDGE_CURVE('',#229,#229,#231,.T.);
#229 = VERTEX_POINT('',#230);
#230 = CARTESIAN_POINT('',(51.965,1.272775418354E-14,300.));
#231 = SURFACE_CURVE('',#232,(#237,#244),.PCURVE_S1.);
#232 = CIRCLE('',#233,51.965);
#233 = AXIS2_PLACEMENT_3D('',#234,#235,#236);
#234 = CARTESIAN_POINT('',(-3.330669073875E-14,0.,300.));
#235 = DIRECTION('',(1.110223024625E-16,0.,-1.));
#236 = DIRECTION('',(1.,0.,1.110223024625E-16));
#237 = PCURVE('',#174,#238);
#238 = DEFINITIONAL_REPRESENTATION('',(#239),#243);
#239 = CIRCLE('',#240,51.965);
#240 = AXIS2_PLACEMENT_2D('',#241,#242);
#241 = CARTESIAN_POINT('',(0.,0.));
#242 = DIRECTION('',(1.,0.));
#243 = ( GEOMETRIC_REPRESENTATION_CONTEXT(2) 
PARAMETRIC_REPRESENTATION_CONTEXT() REPRESENTATION_CONTEXT('2D SPACE',''
  ) );
#244 = PCURVE('',#245,#250);
#245 = CYLINDRICAL_SURFACE('',#246,51.965);
#246 = AXIS2_PLACEMENT_3D('',#247,#248,#249);
#247 = CARTESIAN_POINT('',(-3.330669073875E-14,0.,300.));
#248 = DIRECTION('',(1.110223024625E-16,0.,-1.));
#249 = DIRECTION('',(1.,0.,1.110223024625E-16));
#250 = DEFINITIONAL_REPRESENTATION('',(#251),#255);
#251 = LINE('',#252,#253);
#252 = CARTESIAN_POINT('',(0.,0.));
#253 = VECTOR('',#254,1.);
#254 = DIRECTION('',(1.,0.));
#255 = ( GEOMETRIC_REPRESENTATION_CONTEXT(2) 
PARAMETRIC_REPRESENTATION_CONTEXT() REPRESENTATION_CONTEXT('2D SPACE',''
  ) );
#256 = ADVANCED_FACE('',(#257),#210,.F.);
#257 = FACE_BOUND('',#258,.F.);
#258 = EDGE_LOOP('',(#259,#260,#283,#310));
#259 = ORIENTED_EDGE('',*,*,#193,.F.);
#260 = ORIENTED_EDGE('',*,*,#261,.F.);
#261 = EDGE_CURVE('',#262,#194,#264,.T.);
#262 = VERTEX_POINT('',#263);
#263 = CARTESIAN_POINT('',(51.965,1.272775418354E-14,19.1));
#264 = SEAM_CURVE('',#265,(#269,#276),.PCURVE_S1.);
#265 = LINE('',#266,#267);
#266 = CARTESIAN_POINT('',(51.965,1.272775418354E-14,19.1));
#267 = VECTOR('',#268,1.);
#268 = DIRECTION('',(1.110223024625E-16,0.,-1.));
#269 = PCURVE('',#210,#270);
#270 = DEFINITIONAL_REPRESENTATION('',(#271),#275);
#271 = LINE('',#272,#273);
#272 = CARTESIAN_POINT('',(6.28318530718,-0.));
#273 = VECTOR('',#274,1.);
#274 = DIRECTION('',(0.,1.));
#275 = ( GEOMETRIC_REPRESENTATION_CONTEXT(2) 
PARAMETRIC_REPRESENTATION_CONTEXT() REPRESENTATION_CONTEXT('2D SPACE',''
  ) );
#276 = PCURVE('',#210,#277);
#277 = DEFINITIONAL_REPRESENTATION('',(#278),#282);
#278 = LINE('',#279,#280);
#279 = CARTESIAN_POINT('',(0.,-0.));
#280 = VECTOR('',#281,1.);
#281 = DIRECTION('',(0.,1.));
#282 = ( GEOMETRIC_REPRESENTATION_CONTEXT(2) 
PARAMETRIC_REPRESENTATION_CONTEXT() REPRESENTATION_CONTEXT('2D SPACE',''
  ) );
#283 = ORIENTED_EDGE('',*,*,#284,.T.);
#284 = EDGE_CURVE('',#262,#262,#285,.T.);
#285 = SURFACE_CURVE('',#286,(#291,#298),.PCURVE_S1.);
#286 = CIRCLE('',#287,51.965);
#287 = AXIS2_PLACEMENT_3D('',#288,#289,#290);
#288 = CARTESIAN_POINT('',(-2.120525977034E-15,0.,19.1));
#289 = DIRECTION('',(1.110223024625E-16,0.,-1.));
#290 = DIRECTION('',(1.,0.,1.110223024625E-16));
#291 = PCURVE('',#210,#292);
#292 = DEFINITIONAL_REPRESENTATION('',(#293),#297);
#293 = LINE('',#294,#295);
#294 = CARTESIAN_POINT('',(0.,0.));
#295 = VECTOR('',#296,1.);
#296 = DIRECTION('',(1.,0.));
#297 = ( GEOMETRIC_REPRESENTATION_CONTEXT(2) 
PARAMETRIC_REPRESENTATION_CONTEXT() REPRESENTATION_CONTEXT('2D SPACE',''
  ) );
#298 = PCURVE('',#299,#304);
#299 = PLANE('',#300);
#300 = AXIS2_PLACEMENT_3D('',#301,#302,#303);
#301 = CARTESIAN_POINT('',(-2.120525977034E-15,0.,19.1));
#302 = DIRECTION('',(1.110223024625E-16,0.,-1.));
#303 = DIRECTION('',(1.,0.,1.110223024625E-16));
#304 = DEFINITIONAL_REPRESENTATION('',(#305),#309);
#305 = CIRCLE('',#306,51.965);
#306 = AXIS2_PLACEMENT_2D('',#307,#308);
#307 = CARTESIAN_POINT('',(0.,0.));
#308 = DIRECTION('',(1.,0.));
#309 = ( GEOMETRIC_REPRESENTATION_CONTEXT(2) 
PARAMETRIC_REPRESENTATION_CONTEXT() REPRESENTATION_CONTEXT('2D SPACE',''
  ) );
#310 = ORIENTED_EDGE('',*,*,#261,.T.);
#311 = ADVANCED_FACE('',(#312),#245,.F.);
#312 = FACE_BOUND('',#313,.F.);
#313 = EDGE_LOOP('',(#314,#343,#364,#365));
#314 = ORIENTED_EDGE('',*,*,#315,.F.);
#315 = EDGE_CURVE('',#316,#316,#318,.T.);
#316 = VERTEX_POINT('',#317);
#317 = CARTESIAN_POINT('',(51.965,1.272775418354E-14,280.9));
#318 = SURFACE_CURVE('',#319,(#324,#331),.PCURVE_S1.);
#319 = CIRCLE('',#320,51.965);
#320 = AXIS2_PLACEMENT_3D('',#321,#322,#323);
#321 = CARTESIAN_POINT('',(-3.118616476172E-14,0.,280.9));
#322 = DIRECTION('',(1.110223024625E-16,0.,-1.));
#323 = DIRECTION('',(1.,0.,1.110223024625E-16));
#324 = PCURVE('',#245,#325);
#325 = DEFINITIONAL_REPRESENTATION('',(#326),#330);
#326 = LINE('',#327,#328);
#327 = CARTESIAN_POINT('',(0.,19.1));
#328 = VECTOR('',#329,1.);
#329 = DIRECTION('',(1.,0.));
#330 = ( GEOMETRIC_REPRESENTATION_CONTEXT(2) 
PARAMETRIC_REPRESENTATION_CONTEXT() REPRESENTATION_CONTEXT('2D SPACE',''
  ) );
#331 = PCURVE('',#332,#337);
#332 = PLANE('',#333);
#333 = AXIS2_PLACEMENT_3D('',#334,#335,#336);
#334 = CARTESIAN_POINT('',(-3.118616476172E-14,0.,280.9));
#335 = DIRECTION('',(1.110223024625E-16,0.,-1.));
#336 = DIRECTION('',(1.,0.,1.110223024625E-16));
#337 = DEFINITIONAL_REPRESENTATION('',(#338),#342);
#338 = CIRCLE('',#339,51.965);
#339 = AXIS2_PLACEMENT_2D('',#340,#341);
#340 = CARTESIAN_POINT('',(0.,0.));
#341 = DIRECTION('',(1.,0.));
#342 = ( GEOMETRIC_REPRESENTATION_CONTEXT(2) 
PARAMETRIC_REPRESENTATION_CONTEXT() REPRESENTATION_CONTEXT('2D SPACE',''
  ) );
#343 = ORIENTED_EDGE('',*,*,#344,.F.);
#344 = EDGE_CURVE('',#229,#316,#345,.T.);
#345 = SEAM_CURVE('',#346,(#350,#357),.PCURVE_S1.);
#346 = LINE('',#347,#348);
#347 = CARTESIAN_POINT('',(51.965,1.272775418354E-14,300.));
#348 = VECTOR('',#349,1.);
#349 = DIRECTION('',(1.110223024625E-16,0.,-1.));
#350 = PCURVE('',#245,#351);
#351 = DEFINITIONAL_REPRESENTATION('',(#352),#356);
#352 = LINE('',#353,#354);
#353 = CARTESIAN_POINT('',(6.28318530718,-0.));
#354 = VECTOR('',#355,1.);
#355 = DIRECTION('',(0.,1.));
#356 = ( GEOMETRIC_REPRESENTATION_CONTEXT(2) 
PARAMETRIC_REPRESENTATION_CONTEXT() REPRESENTATION_CONTEXT('2D SPACE',''
  ) );
#357 = PCURVE('',#245,#358);
#358 = DEFINITIONAL_REPRESENTATION('',(#359),#363);
#359 = LINE('',#360,#361);
#360 = CARTESIAN_POINT('',(0.,-0.));
#361 = VECTOR('',#362,1.);
#362 = DIRECTION('',(0.,1.));
#363 = ( GEOMETRIC_REPRESENTATION_CONTEXT(2) 
PARAMETRIC_REPRESENTATION_CONTEXT() REPRESENTATION_CONTEXT('2D SPACE',''
  ) );
#364 = ORIENTED_EDGE('',*,*,#228,.T.);
#365 = ORIENTED_EDGE('',*,*,#344,.T.);
#366 = ADVANCED_FACE('',(#367,#370),#299,.T.);
#367 = FACE_BOUND('',#368,.T.);
#368 = EDGE_LOOP('',(#369));
#369 = ORIENTED_EDGE('',*,*,#284,.T.);
#370 = FACE_BOUND('',#371,.T.);
#371 = EDGE_LOOP('',(#372));
#372 = ORIENTED_EDGE('',*,*,#373,.F.);
#373 = EDGE_CURVE('',#374,#374,#376,.T.);
#374 = VERTEX_POINT('',#375);
#375 = CARTESIAN_POINT('',(51.5,1.261386203122E-14,19.1));
#376 = SURFACE_CURVE('',#377,(#382,#389),.PCURVE_S1.);
#377 = CIRCLE('',#378,51.5);
#378 = AXIS2_PLACEMENT_3D('',#379,#380,#381);
#379 = CARTESIAN_POINT('',(-2.120525977034E-15,0.,19.1));
#380 = DIRECTION('',(1.110223024625E-16,0.,-1.));
#381 = DIRECTION('',(1.,0.,1.110223024625E-16));
#382 = PCURVE('',#299,#383);
#383 = DEFINITIONAL_REPRESENTATION('',(#384),#388);
#384 = CIRCLE('',#385,51.5);
#385 = AXIS2_PLACEMENT_2D('',#386,#387);
#386 = CARTESIAN_POINT('',(0.,0.));
#387 = DIRECTION('',(1.,0.));
#388 = ( GEOMETRIC_REPRESENTATION_CONTEXT(2) 
PARAMETRIC_REPRESENTATION_CONTEXT() REPRESENTATION_CONTEXT('2D SPACE',''
  ) );
#389 = PCURVE('',#390,#395);
#390 = CYLINDRICAL_SURFACE('',#391,51.5);
#391 = AXIS2_PLACEMENT_3D('',#392,#393,#394);
#392 = CARTESIAN_POINT('',(-3.330669073875E-14,0.,300.));
#393 = DIRECTION('',(1.110223024625E-16,0.,-1.));
#394 = DIRECTION('',(1.,0.,1.110223024625E-16));
#395 = DEFINITIONAL_REPRESENTATION('',(#396),#400);
#396 = LINE('',#397,#398);
#397 = CARTESIAN_POINT('',(0.,280.9));
#398 = VECTOR('',#399,1.);
#399 = DIRECTION('',(1.,0.));
#400 = ( GEOMETRIC_REPRESENTATION_CONTEXT(2) 
PARAMETRIC_REPRESENTATION_CONTEXT() REPRESENTATION_CONTEXT('2D SPACE',''
  ) );
#401 = ADVANCED_FACE('',(#402,#405),#332,.F.);
#402 = FACE_BOUND('',#403,.F.);
#403 = EDGE_LOOP('',(#404));
#404 = ORIENTED_EDGE('',*,*,#315,.T.);
#405 = FACE_BOUND('',#406,.F.);
#406 = EDGE_LOOP('',(#407));
#407 = ORIENTED_EDGE('',*,*,#408,.F.);
#408 = EDGE_CURVE('',#409,#409,#411,.T.);
#409 = VERTEX_POINT('',#410);
#410 = CARTESIAN_POINT('',(51.5,1.261386203122E-14,280.9));
#411 = SURFACE_CURVE('',#412,(#417,#424),.PCURVE_S1.);
#412 = CIRCLE('',#413,51.5);
#413 = AXIS2_PLACEMENT_3D('',#414,#415,#416);
#414 = CARTESIAN_POINT('',(-3.118616476172E-14,0.,280.9));
#415 = DIRECTION('',(1.110223024625E-16,0.,-1.));
#416 = DIRECTION('',(1.,0.,1.110223024625E-16));
#417 = PCURVE('',#332,#418);
#418 = DEFINITIONAL_REPRESENTATION('',(#419),#423);
#419 = CIRCLE('',#420,51.5);
#420 = AXIS2_PLACEMENT_2D('',#421,#422);
#421 = CARTESIAN_POINT('',(0.,0.));
#422 = DIRECTION('',(1.,0.));
#423 = ( GEOMETRIC_REPRESENTATION_CONTEXT(2) 
PARAMETRIC_REPRESENTATION_CONTEXT() REPRESENTATION_CONTEXT('2D SPACE',''
  ) );
#424 = PCURVE('',#390,#425);
#425 = DEFINITIONAL_REPRESENTATION('',(#426),#430);
#426 = LINE('',#427,#428);
#427 = CARTESIAN_POINT('',(0.,19.1));
#428 = VECTOR('',#429,1.);
#429 = DIRECTION('',(1.,0.));
#430 = ( GEOMETRIC_REPRESENTATION_CONTEXT(2) 
PARAMETRIC_REPRESENTATION_CONTEXT() REPRESENTATION_CONTEXT('2D SPACE',''
  ) );
#431 = ADVANCED_FACE('',(#432),#390,.F.);
#432 = FACE_BOUND('',#433,.F.);
#433 = EDGE_LOOP('',(#434,#435,#456,#457));
#434 = ORIENTED_EDGE('',*,*,#408,.T.);
#435 = ORIENTED_EDGE('',*,*,#436,.T.);
#436 = EDGE_CURVE('',#409,#374,#437,.T.);
#437 = SEAM_CURVE('',#438,(#442,#449),.PCURVE_S1.);
#438 = LINE('',#439,#440);
#439 = CARTESIAN_POINT('',(51.5,1.261386203122E-14,300.));
#440 = VECTOR('',#441,1.);
#441 = DIRECTION('',(1.110223024625E-16,0.,-1.));
#442 = PCURVE('',#390,#443);
#443 = DEFINITIONAL_REPRESENTATION('',(#444),#448);
#444 = LINE('',#445,#446);
#445 = CARTESIAN_POINT('',(0.,-0.));
#446 = VECTOR('',#447,1.);
#447 = DIRECTION('',(0.,1.));
#448 = ( GEOMETRIC_REPRESENTATION_CONTEXT(2) 
PARAMETRIC_REPRESENTATION_CONTEXT() REPRESENTATION_CONTEXT('2D SPACE',''
  ) );
#449 = PCURVE('',#390,#450);
#450 = DEFINITIONAL_REPRESENTATION('',(#451),#455);
#451 = LINE('',#452,#453);
#452 = CARTESIAN_POINT('',(6.28318530718,-0.));
#453 = VECTOR('',#454,1.);
#454 = DIRECTION('',(0.,1.));
#455 = ( GEOMETRIC_REPRESENTATION_CONTEXT(2) 
PARAMETRIC_REPRESENTATION_CONTEXT() REPRESENTATION_CONTEXT('2D SPACE',''
  ) );
#456 = ORIENTED_EDGE('',*,*,#373,.F.);
#457 = ORIENTED_EDGE('',*,*,#436,.F.);
#458 = ( GEOMETRIC_REPRESENTATION_CONTEXT(3) 
GLOBAL_UNCERTAINTY_ASSIGNED_CONTEXT((#462)) GLOBAL_UNIT_ASSIGNED_CONTEXT
((#459,#460,#461)) REPRESENTATION_CONTEXT('Context #1',
  '3D Context with UNIT and UNCERTAINTY') );
#459 = ( LENGTH_UNIT() NAMED_UNIT(*) SI_UNIT(.MILLI.,.METRE.) );
#460 = ( NAMED_UNIT(*) PLANE_ANGLE_UNIT() SI_UNIT($,.RADIAN.) );
#461 = ( NAMED_UNIT(*) SI_UNIT($,.STERADIAN.) SOLID_ANGLE_UNIT() );
#462 = UNCERTAINTY_MEASURE_WITH_UNIT(LENGTH_MEASURE(1.E-07),#459,
  'distance_accuracy_value','confusion accuracy');
#463 = CONTEXT_DEPENDENT_SHAPE_REPRESENTATION(#464,#466);
#464 = ( REPRESENTATION_RELATIONSHIP('','',#95,#48) 
REPRESENTATION_RELATIONSHIP_WITH_TRANSFORMATION(#465) 
SHAPE_REPRESENTATION_RELATIONSHIP() );
#465 = ITEM_DEFINED_TRANSFORMATION('','',#11,#49);
#466 = PRODUCT_DEFINITION_SHAPE('Placement','Placement of an item',#467
  );
#467 = NEXT_ASSEMBLY_USAGE_OCCURRENCE('26','V3_TUBE_AL6061_BR106279_300'
  ,'',#43,#90,$);
#468 = PRODUCT_RELATED_PRODUCT_CATEGORY('part',$,(#92));
#469 = SHAPE_DEFINITION_REPRESENTATION(#470,#476);
#470 = PRODUCT_DEFINITION_SHAPE('','',#471);
#471 = PRODUCT_DEFINITION('design','',#472,#475);
#472 = PRODUCT_DEFINITION_FORMATION('','',#473);
#473 = PRODUCT('V3_FLANGE_AFT_SOURCE_ID_CONFLICT',
  'V3_FLANGE_AFT_SOURCE_ID_CONFLICT','',(#474));
#474 = PRODUCT_CONTEXT('',#2,'mechanical');
#475 = PRODUCT_DEFINITION_CONTEXT('part definition',#2,'design');
#476 = ADVANCED_BREP_SHAPE_REPRESENTATION('',(#11,#477),#749);
#477 = MANIFOLD_SOLID_BREP('',#478);
#478 = CLOSED_SHELL('',(#479,#567,#602,#637,#692,#742));
#479 = ADVANCED_FACE('',(#480),#493,.T.);
#480 = FACE_BOUND('',#481,.T.);
#481 = EDGE_LOOP('',(#482,#516,#539,#566));
#482 = ORIENTED_EDGE('',*,*,#483,.F.);
#483 = EDGE_CURVE('',#484,#484,#486,.T.);
#484 = VERTEX_POINT('',#485);
#485 = CARTESIAN_POINT('',(57.15,1.069116655656E-14,-7.9));
#486 = SURFACE_CURVE('',#487,(#492,#504),.PCURVE_S1.);
#487 = CIRCLE('',#488,57.15);
#488 = AXIS2_PLACEMENT_3D('',#489,#490,#491);
#489 = CARTESIAN_POINT('',(0.,-3.306546357698E-15,-7.9));
#490 = DIRECTION('',(0.,-1.224646799147E-16,-1.));
#491 = DIRECTION('',(1.,0.,0.));
#492 = PCURVE('',#493,#498);
#493 = CYLINDRICAL_SURFACE('',#494,57.15);
#494 = AXIS2_PLACEMENT_3D('',#495,#496,#497);
#495 = CARTESIAN_POINT('',(0.,-2.339075386371E-15,0.));
#496 = DIRECTION('',(0.,-1.224646799147E-16,-1.));
#497 = DIRECTION('',(1.,0.,0.));
#498 = DEFINITIONAL_REPRESENTATION('',(#499),#503);
#499 = LINE('',#500,#501);
#500 = CARTESIAN_POINT('',(0.,7.9));
#501 = VECTOR('',#502,1.);
#502 = DIRECTION('',(1.,0.));
#503 = ( GEOMETRIC_REPRESENTATION_CONTEXT(2) 
PARAMETRIC_REPRESENTATION_CONTEXT() REPRESENTATION_CONTEXT('2D SPACE',''
  ) );
#504 = PCURVE('',#505,#510);
#505 = PLANE('',#506);
#506 = AXIS2_PLACEMENT_3D('',#507,#508,#509);
#507 = CARTESIAN_POINT('',(0.,-3.306546357698E-15,-7.9));
#508 = DIRECTION('',(0.,-1.224646799147E-16,-1.));
#509 = DIRECTION('',(1.,0.,0.));
#510 = DEFINITIONAL_REPRESENTATION('',(#511),#515);
#511 = CIRCLE('',#512,57.15);
#512 = AXIS2_PLACEMENT_2D('',#513,#514);
#513 = CARTESIAN_POINT('',(0.,0.));
#514 = DIRECTION('',(1.,0.));
#515 = ( GEOMETRIC_REPRESENTATION_CONTEXT(2) 
PARAMETRIC_REPRESENTATION_CONTEXT() REPRESENTATION_CONTEXT('2D SPACE',''
  ) );
#516 = ORIENTED_EDGE('',*,*,#517,.F.);
#517 = EDGE_CURVE('',#518,#484,#520,.T.);
#518 = VERTEX_POINT('',#519);
#519 = CARTESIAN_POINT('',(57.15,1.165863752788E-14,0.));
#520 = SEAM_CURVE('',#521,(#525,#532),.PCURVE_S1.);
#521 = LINE('',#522,#523);
#522 = CARTESIAN_POINT('',(57.15,1.165863752788E-14,0.));
#523 = VECTOR('',#524,1.);
#524 = DIRECTION('',(0.,-1.224646799147E-16,-1.));
#525 = PCURVE('',#493,#526);
#526 = DEFINITIONAL_REPRESENTATION('',(#527),#531);
#527 = LINE('',#528,#529);
#528 = CARTESIAN_POINT('',(6.28318530718,-0.));
#529 = VECTOR('',#530,1.);
#530 = DIRECTION('',(0.,1.));
#531 = ( GEOMETRIC_REPRESENTATION_CONTEXT(2) 
PARAMETRIC_REPRESENTATION_CONTEXT() REPRESENTATION_CONTEXT('2D SPACE',''
  ) );
#532 = PCURVE('',#493,#533);
#533 = DEFINITIONAL_REPRESENTATION('',(#534),#538);
#534 = LINE('',#535,#536);
#535 = CARTESIAN_POINT('',(0.,-0.));
#536 = VECTOR('',#537,1.);
#537 = DIRECTION('',(0.,1.));
#538 = ( GEOMETRIC_REPRESENTATION_CONTEXT(2) 
PARAMETRIC_REPRESENTATION_CONTEXT() REPRESENTATION_CONTEXT('2D SPACE',''
  ) );
#539 = ORIENTED_EDGE('',*,*,#540,.T.);
#540 = EDGE_CURVE('',#518,#518,#541,.T.);
#541 = SURFACE_CURVE('',#542,(#547,#554),.PCURVE_S1.);
#542 = CIRCLE('',#543,57.15);
#543 = AXIS2_PLACEMENT_3D('',#544,#545,#546);
#544 = CARTESIAN_POINT('',(0.,-2.339075386371E-15,0.));
#545 = DIRECTION('',(0.,-1.224646799147E-16,-1.));
#546 = DIRECTION('',(1.,0.,0.));
#547 = PCURVE('',#493,#548);
#548 = DEFINITIONAL_REPRESENTATION('',(#549),#553);
#549 = LINE('',#550,#551);
#550 = CARTESIAN_POINT('',(0.,0.));
#551 = VECTOR('',#552,1.);
#552 = DIRECTION('',(1.,0.));
#553 = ( GEOMETRIC_REPRESENTATION_CONTEXT(2) 
PARAMETRIC_REPRESENTATION_CONTEXT() REPRESENTATION_CONTEXT('2D SPACE',''
  ) );
#554 = PCURVE('',#555,#560);
#555 = PLANE('',#556);
#556 = AXIS2_PLACEMENT_3D('',#557,#558,#559);
#557 = CARTESIAN_POINT('',(0.,-2.339075386371E-15,0.));
#558 = DIRECTION('',(0.,-1.224646799147E-16,-1.));
#559 = DIRECTION('',(1.,0.,0.));
#560 = DEFINITIONAL_REPRESENTATION('',(#561),#565);
#561 = CIRCLE('',#562,57.15);
#562 = AXIS2_PLACEMENT_2D('',#563,#564);
#563 = CARTESIAN_POINT('',(0.,0.));
#564 = DIRECTION('',(1.,0.));
#565 = ( GEOMETRIC_REPRESENTATION_CONTEXT(2) 
PARAMETRIC_REPRESENTATION_CONTEXT() REPRESENTATION_CONTEXT('2D SPACE',''
  ) );
#566 = ORIENTED_EDGE('',*,*,#517,.T.);
#567 = ADVANCED_FACE('',(#568,#571),#505,.T.);
#568 = FACE_BOUND('',#569,.T.);
#569 = EDGE_LOOP('',(#570));
#570 = ORIENTED_EDGE('',*,*,#483,.T.);
#571 = FACE_BOUND('',#572,.T.);
#572 = EDGE_LOOP('',(#573));
#573 = ORIENTED_EDGE('',*,*,#574,.F.);
#574 = EDGE_CURVE('',#575,#575,#577,.T.);
#575 = VERTEX_POINT('',#576);
#576 = CARTESIAN_POINT('',(44.,7.470345474799E-15,-7.9));
#577 = SURFACE_CURVE('',#578,(#583,#590),.PCURVE_S1.);
#578 = CIRCLE('',#579,44.);
#579 = AXIS2_PLACEMENT_3D('',#580,#581,#582);
#580 = CARTESIAN_POINT('',(0.,-3.306546357698E-15,-7.9));
#581 = DIRECTION('',(0.,-1.224646799147E-16,-1.));
#582 = DIRECTION('',(1.,0.,0.));
#583 = PCURVE('',#505,#584);
#584 = DEFINITIONAL_REPRESENTATION('',(#585),#589);
#585 = CIRCLE('',#586,44.);
#586 = AXIS2_PLACEMENT_2D('',#587,#588);
#587 = CARTESIAN_POINT('',(0.,0.));
#588 = DIRECTION('',(1.,0.));
#589 = ( GEOMETRIC_REPRESENTATION_CONTEXT(2) 
PARAMETRIC_REPRESENTATION_CONTEXT() REPRESENTATION_CONTEXT('2D SPACE',''
  ) );
#590 = PCURVE('',#591,#596);
#591 = CYLINDRICAL_SURFACE('',#592,44.);
#592 = AXIS2_PLACEMENT_3D('',#593,#594,#595);
#593 = CARTESIAN_POINT('',(0.,0.,19.1));
#594 = DIRECTION('',(0.,-1.224646799147E-16,-1.));
#595 = DIRECTION('',(1.,0.,0.));
#596 = DEFINITIONAL_REPRESENTATION('',(#597),#601);
#597 = LINE('',#598,#599);
#598 = CARTESIAN_POINT('',(0.,27.));
#599 = VECTOR('',#600,1.);
#600 = DIRECTION('',(1.,0.));
#601 = ( GEOMETRIC_REPRESENTATION_CONTEXT(2) 
PARAMETRIC_REPRESENTATION_CONTEXT() REPRESENTATION_CONTEXT('2D SPACE',''
  ) );
#602 = ADVANCED_FACE('',(#603,#606),#555,.F.);
#603 = FACE_BOUND('',#604,.F.);
#604 = EDGE_LOOP('',(#605));
#605 = ORIENTED_EDGE('',*,*,#540,.T.);
#606 = FACE_BOUND('',#607,.F.);
#607 = EDGE_LOOP('',(#608));
#608 = ORIENTED_EDGE('',*,*,#609,.F.);
#609 = EDGE_CURVE('',#610,#610,#612,.T.);
#610 = VERTEX_POINT('',#611);
#611 = CARTESIAN_POINT('',(51.955,1.038622950357E-14,0.));
#612 = SURFACE_CURVE('',#613,(#618,#625),.PCURVE_S1.);
#613 = CIRCLE('',#614,51.955);
#614 = AXIS2_PLACEMENT_3D('',#615,#616,#617);
#615 = CARTESIAN_POINT('',(0.,-2.339075386371E-15,0.));
#616 = DIRECTION('',(0.,-1.224646799147E-16,-1.));
#617 = DIRECTION('',(1.,0.,0.));
#618 = PCURVE('',#555,#619);
#619 = DEFINITIONAL_REPRESENTATION('',(#620),#624);
#620 = CIRCLE('',#621,51.955);
#621 = AXIS2_PLACEMENT_2D('',#622,#623);
#622 = CARTESIAN_POINT('',(0.,0.));
#623 = DIRECTION('',(1.,0.));
#624 = ( GEOMETRIC_REPRESENTATION_CONTEXT(2) 
PARAMETRIC_REPRESENTATION_CONTEXT() REPRESENTATION_CONTEXT('2D SPACE',''
  ) );
#625 = PCURVE('',#626,#631);
#626 = CYLINDRICAL_SURFACE('',#627,51.955);
#627 = AXIS2_PLACEMENT_3D('',#628,#629,#630);
#628 = CARTESIAN_POINT('',(0.,0.,19.1));
#629 = DIRECTION('',(0.,-1.224646799147E-16,-1.));
#630 = DIRECTION('',(1.,0.,0.));
#631 = DEFINITIONAL_REPRESENTATION('',(#632),#636);
#632 = LINE('',#633,#634);
#633 = CARTESIAN_POINT('',(0.,19.1));
#634 = VECTOR('',#635,1.);
#635 = DIRECTION('',(1.,0.));
#636 = ( GEOMETRIC_REPRESENTATION_CONTEXT(2) 
PARAMETRIC_REPRESENTATION_CONTEXT() REPRESENTATION_CONTEXT('2D SPACE',''
  ) );
#637 = ADVANCED_FACE('',(#638),#591,.F.);
#638 = FACE_BOUND('',#639,.F.);
#639 = EDGE_LOOP('',(#640,#641,#664,#691));
#640 = ORIENTED_EDGE('',*,*,#574,.F.);
#641 = ORIENTED_EDGE('',*,*,#642,.F.);
#642 = EDGE_CURVE('',#643,#575,#645,.T.);
#643 = VERTEX_POINT('',#644);
#644 = CARTESIAN_POINT('',(44.,1.07768918325E-14,19.1));
#645 = SEAM_CURVE('',#646,(#650,#657),.PCURVE_S1.);
#646 = LINE('',#647,#648);
#647 = CARTESIAN_POINT('',(44.,1.07768918325E-14,19.1));
#648 = VECTOR('',#649,1.);
#649 = DIRECTION('',(0.,-1.224646799147E-16,-1.));
#650 = PCURVE('',#591,#651);
#651 = DEFINITIONAL_REPRESENTATION('',(#652),#656);
#652 = LINE('',#653,#654);
#653 = CARTESIAN_POINT('',(6.28318530718,-0.));
#654 = VECTOR('',#655,1.);
#655 = DIRECTION('',(0.,1.));
#656 = ( GEOMETRIC_REPRESENTATION_CONTEXT(2) 
PARAMETRIC_REPRESENTATION_CONTEXT() REPRESENTATION_CONTEXT('2D SPACE',''
  ) );
#657 = PCURVE('',#591,#658);
#658 = DEFINITIONAL_REPRESENTATION('',(#659),#663);
#659 = LINE('',#660,#661);
#660 = CARTESIAN_POINT('',(0.,-0.));
#661 = VECTOR('',#662,1.);
#662 = DIRECTION('',(0.,1.));
#663 = ( GEOMETRIC_REPRESENTATION_CONTEXT(2) 
PARAMETRIC_REPRESENTATION_CONTEXT() REPRESENTATION_CONTEXT('2D SPACE',''
  ) );
#664 = ORIENTED_EDGE('',*,*,#665,.T.);
#665 = EDGE_CURVE('',#643,#643,#666,.T.);
#666 = SURFACE_CURVE('',#667,(#672,#679),.PCURVE_S1.);
#667 = CIRCLE('',#668,44.);
#668 = AXIS2_PLACEMENT_3D('',#669,#670,#671);
#669 = CARTESIAN_POINT('',(0.,0.,19.1));
#670 = DIRECTION('',(0.,-1.224646799147E-16,-1.));
#671 = DIRECTION('',(1.,0.,0.));
#672 = PCURVE('',#591,#673);
#673 = DEFINITIONAL_REPRESENTATION('',(#674),#678);
#674 = LINE('',#675,#676);
#675 = CARTESIAN_POINT('',(0.,0.));
#676 = VECTOR('',#677,1.);
#677 = DIRECTION('',(1.,0.));
#678 = ( GEOMETRIC_REPRESENTATION_CONTEXT(2) 
PARAMETRIC_REPRESENTATION_CONTEXT() REPRESENTATION_CONTEXT('2D SPACE',''
  ) );
#679 = PCURVE('',#680,#685);
#680 = PLANE('',#681);
#681 = AXIS2_PLACEMENT_3D('',#682,#683,#684);
#682 = CARTESIAN_POINT('',(0.,0.,19.1));
#683 = DIRECTION('',(0.,-1.224646799147E-16,-1.));
#684 = DIRECTION('',(1.,0.,0.));
#685 = DEFINITIONAL_REPRESENTATION('',(#686),#690);
#686 = CIRCLE('',#687,44.);
#687 = AXIS2_PLACEMENT_2D('',#688,#689);
#688 = CARTESIAN_POINT('',(0.,0.));
#689 = DIRECTION('',(1.,0.));
#690 = ( GEOMETRIC_REPRESENTATION_CONTEXT(2) 
PARAMETRIC_REPRESENTATION_CONTEXT() REPRESENTATION_CONTEXT('2D SPACE',''
  ) );
#691 = ORIENTED_EDGE('',*,*,#642,.T.);
#692 = ADVANCED_FACE('',(#693),#626,.T.);
#693 = FACE_BOUND('',#694,.T.);
#694 = EDGE_LOOP('',(#695,#696,#719,#741));
#695 = ORIENTED_EDGE('',*,*,#609,.F.);
#696 = ORIENTED_EDGE('',*,*,#697,.F.);
#697 = EDGE_CURVE('',#698,#610,#700,.T.);
#698 = VERTEX_POINT('',#699);
#699 = CARTESIAN_POINT('',(51.955,1.272530488994E-14,19.1));
#700 = SEAM_CURVE('',#701,(#705,#712),.PCURVE_S1.);
#701 = LINE('',#702,#703);
#702 = CARTESIAN_POINT('',(51.955,1.272530488994E-14,19.1));
#703 = VECTOR('',#704,1.);
#704 = DIRECTION('',(0.,-1.224646799147E-16,-1.));
#705 = PCURVE('',#626,#706);
#706 = DEFINITIONAL_REPRESENTATION('',(#707),#711);
#707 = LINE('',#708,#709);
#708 = CARTESIAN_POINT('',(6.28318530718,-0.));
#709 = VECTOR('',#710,1.);
#710 = DIRECTION('',(0.,1.));
#711 = ( GEOMETRIC_REPRESENTATION_CONTEXT(2) 
PARAMETRIC_REPRESENTATION_CONTEXT() REPRESENTATION_CONTEXT('2D SPACE',''
  ) );
#712 = PCURVE('',#626,#713);
#713 = DEFINITIONAL_REPRESENTATION('',(#714),#718);
#714 = LINE('',#715,#716);
#715 = CARTESIAN_POINT('',(0.,-0.));
#716 = VECTOR('',#717,1.);
#717 = DIRECTION('',(0.,1.));
#718 = ( GEOMETRIC_REPRESENTATION_CONTEXT(2) 
PARAMETRIC_REPRESENTATION_CONTEXT() REPRESENTATION_CONTEXT('2D SPACE',''
  ) );
#719 = ORIENTED_EDGE('',*,*,#720,.T.);
#720 = EDGE_CURVE('',#698,#698,#721,.T.);
#721 = SURFACE_CURVE('',#722,(#727,#734),.PCURVE_S1.);
#722 = CIRCLE('',#723,51.955);
#723 = AXIS2_PLACEMENT_3D('',#724,#725,#726);
#724 = CARTESIAN_POINT('',(0.,0.,19.1));
#725 = DIRECTION('',(0.,-1.224646799147E-16,-1.));
#726 = DIRECTION('',(1.,0.,0.));
#727 = PCURVE('',#626,#728);
#728 = DEFINITIONAL_REPRESENTATION('',(#729),#733);
#729 = LINE('',#730,#731);
#730 = CARTESIAN_POINT('',(0.,0.));
#731 = VECTOR('',#732,1.);
#732 = DIRECTION('',(1.,0.));
#733 = ( GEOMETRIC_REPRESENTATION_CONTEXT(2) 
PARAMETRIC_REPRESENTATION_CONTEXT() REPRESENTATION_CONTEXT('2D SPACE',''
  ) );
#734 = PCURVE('',#680,#735);
#735 = DEFINITIONAL_REPRESENTATION('',(#736),#740);
#736 = CIRCLE('',#737,51.955);
#737 = AXIS2_PLACEMENT_2D('',#738,#739);
#738 = CARTESIAN_POINT('',(0.,0.));
#739 = DIRECTION('',(1.,0.));
#740 = ( GEOMETRIC_REPRESENTATION_CONTEXT(2) 
PARAMETRIC_REPRESENTATION_CONTEXT() REPRESENTATION_CONTEXT('2D SPACE',''
  ) );
#741 = ORIENTED_EDGE('',*,*,#697,.T.);
#742 = ADVANCED_FACE('',(#743,#746),#680,.F.);
#743 = FACE_BOUND('',#744,.F.);
#744 = EDGE_LOOP('',(#745));
#745 = ORIENTED_EDGE('',*,*,#720,.T.);
#746 = FACE_BOUND('',#747,.F.);
#747 = EDGE_LOOP('',(#748));
#748 = ORIENTED_EDGE('',*,*,#665,.F.);
#749 = ( GEOMETRIC_REPRESENTATION_CONTEXT(3) 
GLOBAL_UNCERTAINTY_ASSIGNED_CONTEXT((#753)) GLOBAL_UNIT_ASSIGNED_CONTEXT
((#750,#751,#752)) REPRESENTATION_CONTEXT('Context #1',
  '3D Context with UNIT and UNCERTAINTY') );
#750 = ( LENGTH_UNIT() NAMED_UNIT(*) SI_UNIT(.MILLI.,.METRE.) );
#751 = ( NAMED_UNIT(*) PLANE_ANGLE_UNIT() SI_UNIT($,.RADIAN.) );
#752 = ( NAMED_UNIT(*) SI_UNIT($,.STERADIAN.) SOLID_ANGLE_UNIT() );
#753 = UNCERTAINTY_MEASURE_WITH_UNIT(LENGTH_MEASURE(1.E-07),#750,
  'distance_accuracy_value','confusion accuracy');
#754 = CONTEXT_DEPENDENT_SHAPE_REPRESENTATION(#755,#757);
#755 = ( REPRESENTATION_RELATIONSHIP('','',#476,#48) 
REPRESENTATION_RELATIONSHIP_WITH_TRANSFORMATION(#756) 
SHAPE_REPRESENTATION_RELATIONSHIP() );
#756 = ITEM_DEFINED_TRANSFORMATION('','',#11,#53);
#757 = PRODUCT_DEFINITION_SHAPE('Placement','Placement of an item',#758
  );
#758 = NEXT_ASSEMBLY_USAGE_OCCURRENCE('27',
  'V3_FLANGE_AFT_SOURCE_ID_CONFLICT','',#43,#471,$);
#759 = PRODUCT_RELATED_PRODUCT_CATEGORY('part',$,(#473));
#760 = SHAPE_DEFINITION_REPRESENTATION(#761,#767);
#761 = PRODUCT_DEFINITION_SHAPE('','',#762);
#762 = PRODUCT_DEFINITION('design','',#763,#766);
#763 = PRODUCT_DEFINITION_FORMATION('','',#764);
#764 = PRODUCT('V3_FLANGE_FORWARD_SOURCE_ID_CONFLICT',
  'V3_FLANGE_FORWARD_SOURCE_ID_CONFLICT','',(#765));
#765 = PRODUCT_CONTEXT('',#2,'mechanical');
#766 = PRODUCT_DEFINITION_CONTEXT('part definition',#2,'design');
#767 = ADVANCED_BREP_SHAPE_REPRESENTATION('',(#11,#768),#1040);
#768 = MANIFOLD_SOLID_BREP('',#769);
#769 = CLOSED_SHELL('',(#770,#858,#893,#928,#983,#1033));
#770 = ADVANCED_FACE('',(#771),#784,.T.);
#771 = FACE_BOUND('',#772,.T.);
#772 = EDGE_LOOP('',(#773,#807,#830,#857));
#773 = ORIENTED_EDGE('',*,*,#774,.F.);
#774 = EDGE_CURVE('',#775,#775,#777,.T.);
#775 = VERTEX_POINT('',#776);
#776 = CARTESIAN_POINT('',(57.15,-1.399771291425E-14,307.9));
#777 = SURFACE_CURVE('',#778,(#783,#795),.PCURVE_S1.);
#778 = CIRCLE('',#779,57.15);
#779 = AXIS2_PLACEMENT_3D('',#780,#781,#782);
#780 = CARTESIAN_POINT('',(0.,0.,307.9));
#781 = DIRECTION('',(0.,0.,1.));
#782 = DIRECTION('',(1.,0.,-0.));
#783 = PCURVE('',#784,#789);
#784 = CYLINDRICAL_SURFACE('',#785,57.15);
#785 = AXIS2_PLACEMENT_3D('',#786,#787,#788);
#786 = CARTESIAN_POINT('',(0.,0.,300.));
#787 = DIRECTION('',(0.,0.,1.));
#788 = DIRECTION('',(1.,0.,-0.));
#789 = DEFINITIONAL_REPRESENTATION('',(#790),#794);
#790 = LINE('',#791,#792);
#791 = CARTESIAN_POINT('',(0.,7.9));
#792 = VECTOR('',#793,1.);
#793 = DIRECTION('',(1.,0.));
#794 = ( GEOMETRIC_REPRESENTATION_CONTEXT(2) 
PARAMETRIC_REPRESENTATION_CONTEXT() REPRESENTATION_CONTEXT('2D SPACE',''
  ) );
#795 = PCURVE('',#796,#801);
#796 = PLANE('',#797);
#797 = AXIS2_PLACEMENT_3D('',#798,#799,#800);
#798 = CARTESIAN_POINT('',(0.,0.,307.9));
#799 = DIRECTION('',(0.,0.,1.));
#800 = DIRECTION('',(1.,0.,-0.));
#801 = DEFINITIONAL_REPRESENTATION('',(#802),#806);
#802 = CIRCLE('',#803,57.15);
#803 = AXIS2_PLACEMENT_2D('',#804,#805);
#804 = CARTESIAN_POINT('',(0.,0.));
#805 = DIRECTION('',(1.,0.));
#806 = ( GEOMETRIC_REPRESENTATION_CONTEXT(2) 
PARAMETRIC_REPRESENTATION_CONTEXT() REPRESENTATION_CONTEXT('2D SPACE',''
  ) );
#807 = ORIENTED_EDGE('',*,*,#808,.F.);
#808 = EDGE_CURVE('',#809,#775,#811,.T.);
#809 = VERTEX_POINT('',#810);
#810 = CARTESIAN_POINT('',(57.15,-1.399771291425E-14,300.));
#811 = SEAM_CURVE('',#812,(#816,#823),.PCURVE_S1.);
#812 = LINE('',#813,#814);
#813 = CARTESIAN_POINT('',(57.15,-1.399771291425E-14,300.));
#814 = VECTOR('',#815,1.);
#815 = DIRECTION('',(0.,0.,1.));
#816 = PCURVE('',#784,#817);
#817 = DEFINITIONAL_REPRESENTATION('',(#818),#822);
#818 = LINE('',#819,#820);
#819 = CARTESIAN_POINT('',(6.28318530718,-0.));
#820 = VECTOR('',#821,1.);
#821 = DIRECTION('',(0.,1.));
#822 = ( GEOMETRIC_REPRESENTATION_CONTEXT(2) 
PARAMETRIC_REPRESENTATION_CONTEXT() REPRESENTATION_CONTEXT('2D SPACE',''
  ) );
#823 = PCURVE('',#784,#824);
#824 = DEFINITIONAL_REPRESENTATION('',(#825),#829);
#825 = LINE('',#826,#827);
#826 = CARTESIAN_POINT('',(0.,-0.));
#827 = VECTOR('',#828,1.);
#828 = DIRECTION('',(0.,1.));
#829 = ( GEOMETRIC_REPRESENTATION_CONTEXT(2) 
PARAMETRIC_REPRESENTATION_CONTEXT() REPRESENTATION_CONTEXT('2D SPACE',''
  ) );
#830 = ORIENTED_EDGE('',*,*,#831,.T.);
#831 = EDGE_CURVE('',#809,#809,#832,.T.);
#832 = SURFACE_CURVE('',#833,(#838,#845),.PCURVE_S1.);
#833 = CIRCLE('',#834,57.15);
#834 = AXIS2_PLACEMENT_3D('',#835,#836,#837);
#835 = CARTESIAN_POINT('',(0.,0.,300.));
#836 = DIRECTION('',(0.,0.,1.));
#837 = DIRECTION('',(1.,0.,-0.));
#838 = PCURVE('',#784,#839);
#839 = DEFINITIONAL_REPRESENTATION('',(#840),#844);
#840 = LINE('',#841,#842);
#841 = CARTESIAN_POINT('',(0.,0.));
#842 = VECTOR('',#843,1.);
#843 = DIRECTION('',(1.,0.));
#844 = ( GEOMETRIC_REPRESENTATION_CONTEXT(2) 
PARAMETRIC_REPRESENTATION_CONTEXT() REPRESENTATION_CONTEXT('2D SPACE',''
  ) );
#845 = PCURVE('',#846,#851);
#846 = PLANE('',#847);
#847 = AXIS2_PLACEMENT_3D('',#848,#849,#850);
#848 = CARTESIAN_POINT('',(0.,0.,300.));
#849 = DIRECTION('',(0.,0.,1.));
#850 = DIRECTION('',(1.,0.,-0.));
#851 = DEFINITIONAL_REPRESENTATION('',(#852),#856);
#852 = CIRCLE('',#853,57.15);
#853 = AXIS2_PLACEMENT_2D('',#854,#855);
#854 = CARTESIAN_POINT('',(0.,0.));
#855 = DIRECTION('',(1.,0.));
#856 = ( GEOMETRIC_REPRESENTATION_CONTEXT(2) 
PARAMETRIC_REPRESENTATION_CONTEXT() REPRESENTATION_CONTEXT('2D SPACE',''
  ) );
#857 = ORIENTED_EDGE('',*,*,#808,.T.);
#858 = ADVANCED_FACE('',(#859,#862),#796,.T.);
#859 = FACE_BOUND('',#860,.T.);
#860 = EDGE_LOOP('',(#861));
#861 = ORIENTED_EDGE('',*,*,#774,.T.);
#862 = FACE_BOUND('',#863,.T.);
#863 = EDGE_LOOP('',(#864));
#864 = ORIENTED_EDGE('',*,*,#865,.F.);
#865 = EDGE_CURVE('',#866,#866,#868,.T.);
#866 = VERTEX_POINT('',#867);
#867 = CARTESIAN_POINT('',(44.,-1.07768918325E-14,307.9));
#868 = SURFACE_CURVE('',#869,(#874,#881),.PCURVE_S1.);
#869 = CIRCLE('',#870,44.);
#870 = AXIS2_PLACEMENT_3D('',#871,#872,#873);
#871 = CARTESIAN_POINT('',(0.,0.,307.9));
#872 = DIRECTION('',(0.,0.,1.));
#873 = DIRECTION('',(1.,0.,-0.));
#874 = PCURVE('',#796,#875);
#875 = DEFINITIONAL_REPRESENTATION('',(#876),#880);
#876 = CIRCLE('',#877,44.);
#877 = AXIS2_PLACEMENT_2D('',#878,#879);
#878 = CARTESIAN_POINT('',(0.,0.));
#879 = DIRECTION('',(1.,0.));
#880 = ( GEOMETRIC_REPRESENTATION_CONTEXT(2) 
PARAMETRIC_REPRESENTATION_CONTEXT() REPRESENTATION_CONTEXT('2D SPACE',''
  ) );
#881 = PCURVE('',#882,#887);
#882 = CYLINDRICAL_SURFACE('',#883,44.);
#883 = AXIS2_PLACEMENT_3D('',#884,#885,#886);
#884 = CARTESIAN_POINT('',(0.,0.,280.9));
#885 = DIRECTION('',(0.,0.,1.));
#886 = DIRECTION('',(1.,0.,-0.));
#887 = DEFINITIONAL_REPRESENTATION('',(#888),#892);
#888 = LINE('',#889,#890);
#889 = CARTESIAN_POINT('',(0.,27.));
#890 = VECTOR('',#891,1.);
#891 = DIRECTION('',(1.,0.));
#892 = ( GEOMETRIC_REPRESENTATION_CONTEXT(2) 
PARAMETRIC_REPRESENTATION_CONTEXT() REPRESENTATION_CONTEXT('2D SPACE',''
  ) );
#893 = ADVANCED_FACE('',(#894,#897),#846,.F.);
#894 = FACE_BOUND('',#895,.F.);
#895 = EDGE_LOOP('',(#896));
#896 = ORIENTED_EDGE('',*,*,#831,.T.);
#897 = FACE_BOUND('',#898,.F.);
#898 = EDGE_LOOP('',(#899));
#899 = ORIENTED_EDGE('',*,*,#900,.F.);
#900 = EDGE_CURVE('',#901,#901,#903,.T.);
#901 = VERTEX_POINT('',#902);
#902 = CARTESIAN_POINT('',(51.955,-1.272530488994E-14,300.));
#903 = SURFACE_CURVE('',#904,(#909,#916),.PCURVE_S1.);
#904 = CIRCLE('',#905,51.955);
#905 = AXIS2_PLACEMENT_3D('',#906,#907,#908);
#906 = CARTESIAN_POINT('',(0.,0.,300.));
#907 = DIRECTION('',(0.,0.,1.));
#908 = DIRECTION('',(1.,0.,-0.));
#909 = PCURVE('',#846,#910);
#910 = DEFINITIONAL_REPRESENTATION('',(#911),#915);
#911 = CIRCLE('',#912,51.955);
#912 = AXIS2_PLACEMENT_2D('',#913,#914);
#913 = CARTESIAN_POINT('',(0.,0.));
#914 = DIRECTION('',(1.,0.));
#915 = ( GEOMETRIC_REPRESENTATION_CONTEXT(2) 
PARAMETRIC_REPRESENTATION_CONTEXT() REPRESENTATION_CONTEXT('2D SPACE',''
  ) );
#916 = PCURVE('',#917,#922);
#917 = CYLINDRICAL_SURFACE('',#918,51.955);
#918 = AXIS2_PLACEMENT_3D('',#919,#920,#921);
#919 = CARTESIAN_POINT('',(0.,0.,280.9));
#920 = DIRECTION('',(0.,0.,1.));
#921 = DIRECTION('',(1.,0.,-0.));
#922 = DEFINITIONAL_REPRESENTATION('',(#923),#927);
#923 = LINE('',#924,#925);
#924 = CARTESIAN_POINT('',(0.,19.1));
#925 = VECTOR('',#926,1.);
#926 = DIRECTION('',(1.,0.));
#927 = ( GEOMETRIC_REPRESENTATION_CONTEXT(2) 
PARAMETRIC_REPRESENTATION_CONTEXT() REPRESENTATION_CONTEXT('2D SPACE',''
  ) );
#928 = ADVANCED_FACE('',(#929),#882,.F.);
#929 = FACE_BOUND('',#930,.F.);
#930 = EDGE_LOOP('',(#931,#932,#955,#982));
#931 = ORIENTED_EDGE('',*,*,#865,.F.);
#932 = ORIENTED_EDGE('',*,*,#933,.F.);
#933 = EDGE_CURVE('',#934,#866,#936,.T.);
#934 = VERTEX_POINT('',#935);
#935 = CARTESIAN_POINT('',(44.,-1.07768918325E-14,280.9));
#936 = SEAM_CURVE('',#937,(#941,#948),.PCURVE_S1.);
#937 = LINE('',#938,#939);
#938 = CARTESIAN_POINT('',(44.,-1.07768918325E-14,280.9));
#939 = VECTOR('',#940,1.);
#940 = DIRECTION('',(0.,0.,1.));
#941 = PCURVE('',#882,#942);
#942 = DEFINITIONAL_REPRESENTATION('',(#943),#947);
#943 = LINE('',#944,#945);
#944 = CARTESIAN_POINT('',(6.28318530718,-0.));
#945 = VECTOR('',#946,1.);
#946 = DIRECTION('',(0.,1.));
#947 = ( GEOMETRIC_REPRESENTATION_CONTEXT(2) 
PARAMETRIC_REPRESENTATION_CONTEXT() REPRESENTATION_CONTEXT('2D SPACE',''
  ) );
#948 = PCURVE('',#882,#949);
#949 = DEFINITIONAL_REPRESENTATION('',(#950),#954);
#950 = LINE('',#951,#952);
#951 = CARTESIAN_POINT('',(0.,-0.));
#952 = VECTOR('',#953,1.);
#953 = DIRECTION('',(0.,1.));
#954 = ( GEOMETRIC_REPRESENTATION_CONTEXT(2) 
PARAMETRIC_REPRESENTATION_CONTEXT() REPRESENTATION_CONTEXT('2D SPACE',''
  ) );
#955 = ORIENTED_EDGE('',*,*,#956,.T.);
#956 = EDGE_CURVE('',#934,#934,#957,.T.);
#957 = SURFACE_CURVE('',#958,(#963,#970),.PCURVE_S1.);
#958 = CIRCLE('',#959,44.);
#959 = AXIS2_PLACEMENT_3D('',#960,#961,#962);
#960 = CARTESIAN_POINT('',(0.,0.,280.9));
#961 = DIRECTION('',(0.,0.,1.));
#962 = DIRECTION('',(1.,0.,-0.));
#963 = PCURVE('',#882,#964);
#964 = DEFINITIONAL_REPRESENTATION('',(#965),#969);
#965 = LINE('',#966,#967);
#966 = CARTESIAN_POINT('',(0.,0.));
#967 = VECTOR('',#968,1.);
#968 = DIRECTION('',(1.,0.));
#969 = ( GEOMETRIC_REPRESENTATION_CONTEXT(2) 
PARAMETRIC_REPRESENTATION_CONTEXT() REPRESENTATION_CONTEXT('2D SPACE',''
  ) );
#970 = PCURVE('',#971,#976);
#971 = PLANE('',#972);
#972 = AXIS2_PLACEMENT_3D('',#973,#974,#975);
#973 = CARTESIAN_POINT('',(0.,0.,280.9));
#974 = DIRECTION('',(0.,0.,1.));
#975 = DIRECTION('',(1.,0.,-0.));
#976 = DEFINITIONAL_REPRESENTATION('',(#977),#981);
#977 = CIRCLE('',#978,44.);
#978 = AXIS2_PLACEMENT_2D('',#979,#980);
#979 = CARTESIAN_POINT('',(0.,0.));
#980 = DIRECTION('',(1.,0.));
#981 = ( GEOMETRIC_REPRESENTATION_CONTEXT(2) 
PARAMETRIC_REPRESENTATION_CONTEXT() REPRESENTATION_CONTEXT('2D SPACE',''
  ) );
#982 = ORIENTED_EDGE('',*,*,#933,.T.);
#983 = ADVANCED_FACE('',(#984),#917,.T.);
#984 = FACE_BOUND('',#985,.T.);
#985 = EDGE_LOOP('',(#986,#987,#1010,#1032));
#986 = ORIENTED_EDGE('',*,*,#900,.F.);
#987 = ORIENTED_EDGE('',*,*,#988,.F.);
#988 = EDGE_CURVE('',#989,#901,#991,.T.);
#989 = VERTEX_POINT('',#990);
#990 = CARTESIAN_POINT('',(51.955,-1.272530488994E-14,280.9));
#991 = SEAM_CURVE('',#992,(#996,#1003),.PCURVE_S1.);
#992 = LINE('',#993,#994);
#993 = CARTESIAN_POINT('',(51.955,-1.272530488994E-14,280.9));
#994 = VECTOR('',#995,1.);
#995 = DIRECTION('',(0.,0.,1.));
#996 = PCURVE('',#917,#997);
#997 = DEFINITIONAL_REPRESENTATION('',(#998),#1002);
#998 = LINE('',#999,#1000);
#999 = CARTESIAN_POINT('',(6.28318530718,-0.));
#1000 = VECTOR('',#1001,1.);
#1001 = DIRECTION('',(0.,1.));
#1002 = ( GEOMETRIC_REPRESENTATION_CONTEXT(2) 
PARAMETRIC_REPRESENTATION_CONTEXT() REPRESENTATION_CONTEXT('2D SPACE',''
  ) );
#1003 = PCURVE('',#917,#1004);
#1004 = DEFINITIONAL_REPRESENTATION('',(#1005),#1009);
#1005 = LINE('',#1006,#1007);
#1006 = CARTESIAN_POINT('',(0.,-0.));
#1007 = VECTOR('',#1008,1.);
#1008 = DIRECTION('',(0.,1.));
#1009 = ( GEOMETRIC_REPRESENTATION_CONTEXT(2) 
PARAMETRIC_REPRESENTATION_CONTEXT() REPRESENTATION_CONTEXT('2D SPACE',''
  ) );
#1010 = ORIENTED_EDGE('',*,*,#1011,.T.);
#1011 = EDGE_CURVE('',#989,#989,#1012,.T.);
#1012 = SURFACE_CURVE('',#1013,(#1018,#1025),.PCURVE_S1.);
#1013 = CIRCLE('',#1014,51.955);
#1014 = AXIS2_PLACEMENT_3D('',#1015,#1016,#1017);
#1015 = CARTESIAN_POINT('',(0.,0.,280.9));
#1016 = DIRECTION('',(0.,0.,1.));
#1017 = DIRECTION('',(1.,0.,-0.));
#1018 = PCURVE('',#917,#1019);
#1019 = DEFINITIONAL_REPRESENTATION('',(#1020),#1024);
#1020 = LINE('',#1021,#1022);
#1021 = CARTESIAN_POINT('',(0.,0.));
#1022 = VECTOR('',#1023,1.);
#1023 = DIRECTION('',(1.,0.));
#1024 = ( GEOMETRIC_REPRESENTATION_CONTEXT(2) 
PARAMETRIC_REPRESENTATION_CONTEXT() REPRESENTATION_CONTEXT('2D SPACE',''
  ) );
#1025 = PCURVE('',#971,#1026);
#1026 = DEFINITIONAL_REPRESENTATION('',(#1027),#1031);
#1027 = CIRCLE('',#1028,51.955);
#1028 = AXIS2_PLACEMENT_2D('',#1029,#1030);
#1029 = CARTESIAN_POINT('',(0.,0.));
#1030 = DIRECTION('',(1.,0.));
#1031 = ( GEOMETRIC_REPRESENTATION_CONTEXT(2) 
PARAMETRIC_REPRESENTATION_CONTEXT() REPRESENTATION_CONTEXT('2D SPACE',''
  ) );
#1032 = ORIENTED_EDGE('',*,*,#988,.T.);
#1033 = ADVANCED_FACE('',(#1034,#1037),#971,.F.);
#1034 = FACE_BOUND('',#1035,.F.);
#1035 = EDGE_LOOP('',(#1036));
#1036 = ORIENTED_EDGE('',*,*,#1011,.T.);
#1037 = FACE_BOUND('',#1038,.F.);
#1038 = EDGE_LOOP('',(#1039));
#1039 = ORIENTED_EDGE('',*,*,#956,.F.);
#1040 = ( GEOMETRIC_REPRESENTATION_CONTEXT(3) 
GLOBAL_UNCERTAINTY_ASSIGNED_CONTEXT((#1044)) 
GLOBAL_UNIT_ASSIGNED_CONTEXT((#1041,#1042,#1043)) REPRESENTATION_CONTEXT
('Context #1','3D Context with UNIT and UNCERTAINTY') );
#1041 = ( LENGTH_UNIT() NAMED_UNIT(*) SI_UNIT(.MILLI.,.METRE.) );
#1042 = ( NAMED_UNIT(*) PLANE_ANGLE_UNIT() SI_UNIT($,.RADIAN.) );
#1043 = ( NAMED_UNIT(*) SI_UNIT($,.STERADIAN.) SOLID_ANGLE_UNIT() );
#1044 = UNCERTAINTY_MEASURE_WITH_UNIT(LENGTH_MEASURE(1.E-07),#1041,
  'distance_accuracy_value','confusion accuracy');
#1045 = CONTEXT_DEPENDENT_SHAPE_REPRESENTATION(#1046,#1048);
#1046 = ( REPRESENTATION_RELATIONSHIP('','',#767,#48) 
REPRESENTATION_RELATIONSHIP_WITH_TRANSFORMATION(#1047) 
SHAPE_REPRESENTATION_RELATIONSHIP() );
#1047 = ITEM_DEFINED_TRANSFORMATION('','',#11,#57);
#1048 = PRODUCT_DEFINITION_SHAPE('Placement','Placement of an item',
  #1049);
#1049 = NEXT_ASSEMBLY_USAGE_OCCURRENCE('28',
  'V3_FLANGE_FORWARD_SOURCE_ID_CONFLICT','',#43,#762,$);
#1050 = PRODUCT_RELATED_PRODUCT_CATEGORY('part',$,(#764));
#1051 = SHAPE_DEFINITION_REPRESENTATION(#1052,#1058);
#1052 = PRODUCT_DEFINITION_SHAPE('','',#1053);
#1053 = PRODUCT_DEFINITION('design','',#1054,#1057);
#1054 = PRODUCT_DEFINITION_FORMATION('','',#1055);
#1055 = PRODUCT('V3_AFT_CAP_5_M10_AL6061','V3_AFT_CAP_5_M10_AL6061','',(
    #1056));
#1056 = PRODUCT_CONTEXT('',#2,'mechanical');
#1057 = PRODUCT_DEFINITION_CONTEXT('part definition',#2,'design');
#1058 = ADVANCED_BREP_SHAPE_REPRESENTATION('',(#11,#1059),#1667);
#1059 = MANIFOLD_SOLID_BREP('',#1060);
#1060 = CLOSED_SHELL('',(#1061,#1149,#1308,#1343,#1398,#1448,#1498,#1548
    ,#1598,#1648));
#1061 = ADVANCED_FACE('',(#1062),#1075,.T.);
#1062 = FACE_BOUND('',#1063,.T.);
#1063 = EDGE_LOOP('',(#1064,#1098,#1121,#1148));
#1064 = ORIENTED_EDGE('',*,*,#1065,.F.);
#1065 = EDGE_CURVE('',#1066,#1066,#1068,.T.);
#1066 = VERTEX_POINT('',#1067);
#1067 = CARTESIAN_POINT('',(57.15,1.326292483477E-14,-13.9));
#1068 = SURFACE_CURVE('',#1069,(#1074,#1086),.PCURVE_S1.);
#1069 = CIRCLE('',#1070,57.15);
#1070 = AXIS2_PLACEMENT_3D('',#1071,#1072,#1073);
#1071 = CARTESIAN_POINT('',(0.,-7.347880794884E-16,-13.9));
#1072 = DIRECTION('',(0.,-1.224646799147E-16,-1.));
#1073 = DIRECTION('',(1.,0.,0.));
#1074 = PCURVE('',#1075,#1080);
#1075 = CYLINDRICAL_SURFACE('',#1076,57.15);
#1076 = AXIS2_PLACEMENT_3D('',#1077,#1078,#1079);
#1077 = CARTESIAN_POINT('',(0.,0.,-7.9));
#1078 = DIRECTION('',(0.,-1.224646799147E-16,-1.));
#1079 = DIRECTION('',(1.,0.,0.));
#1080 = DEFINITIONAL_REPRESENTATION('',(#1081),#1085);
#1081 = LINE('',#1082,#1083);
#1082 = CARTESIAN_POINT('',(0.,6.));
#1083 = VECTOR('',#1084,1.);
#1084 = DIRECTION('',(1.,0.));
#1085 = ( GEOMETRIC_REPRESENTATION_CONTEXT(2) 
PARAMETRIC_REPRESENTATION_CONTEXT() REPRESENTATION_CONTEXT('2D SPACE',''
  ) );
#1086 = PCURVE('',#1087,#1092);
#1087 = PLANE('',#1088);
#1088 = AXIS2_PLACEMENT_3D('',#1089,#1090,#1091);
#1089 = CARTESIAN_POINT('',(0.,-7.347880794884E-16,-13.9));
#1090 = DIRECTION('',(0.,-1.224646799147E-16,-1.));
#1091 = DIRECTION('',(1.,0.,0.));
#1092 = DEFINITIONAL_REPRESENTATION('',(#1093),#1097);
#1093 = CIRCLE('',#1094,57.15);
#1094 = AXIS2_PLACEMENT_2D('',#1095,#1096);
#1095 = CARTESIAN_POINT('',(0.,0.));
#1096 = DIRECTION('',(1.,0.));
#1097 = ( GEOMETRIC_REPRESENTATION_CONTEXT(2) 
PARAMETRIC_REPRESENTATION_CONTEXT() REPRESENTATION_CONTEXT('2D SPACE',''
  ) );
#1098 = ORIENTED_EDGE('',*,*,#1099,.F.);
#1099 = EDGE_CURVE('',#1100,#1066,#1102,.T.);
#1100 = VERTEX_POINT('',#1101);
#1101 = CARTESIAN_POINT('',(57.15,1.399771291425E-14,-7.9));
#1102 = SEAM_CURVE('',#1103,(#1107,#1114),.PCURVE_S1.);
#1103 = LINE('',#1104,#1105);
#1104 = CARTESIAN_POINT('',(57.15,1.399771291425E-14,-7.9));
#1105 = VECTOR('',#1106,1.);
#1106 = DIRECTION('',(0.,-1.224646799147E-16,-1.));
#1107 = PCURVE('',#1075,#1108);
#1108 = DEFINITIONAL_REPRESENTATION('',(#1109),#1113);
#1109 = LINE('',#1110,#1111);
#1110 = CARTESIAN_POINT('',(6.28318530718,-0.));
#1111 = VECTOR('',#1112,1.);
#1112 = DIRECTION('',(0.,1.));
#1113 = ( GEOMETRIC_REPRESENTATION_CONTEXT(2) 
PARAMETRIC_REPRESENTATION_CONTEXT() REPRESENTATION_CONTEXT('2D SPACE',''
  ) );
#1114 = PCURVE('',#1075,#1115);
#1115 = DEFINITIONAL_REPRESENTATION('',(#1116),#1120);
#1116 = LINE('',#1117,#1118);
#1117 = CARTESIAN_POINT('',(0.,-0.));
#1118 = VECTOR('',#1119,1.);
#1119 = DIRECTION('',(0.,1.));
#1120 = ( GEOMETRIC_REPRESENTATION_CONTEXT(2) 
PARAMETRIC_REPRESENTATION_CONTEXT() REPRESENTATION_CONTEXT('2D SPACE',''
  ) );
#1121 = ORIENTED_EDGE('',*,*,#1122,.T.);
#1122 = EDGE_CURVE('',#1100,#1100,#1123,.T.);
#1123 = SURFACE_CURVE('',#1124,(#1129,#1136),.PCURVE_S1.);
#1124 = CIRCLE('',#1125,57.15);
#1125 = AXIS2_PLACEMENT_3D('',#1126,#1127,#1128);
#1126 = CARTESIAN_POINT('',(0.,0.,-7.9));
#1127 = DIRECTION('',(0.,-1.224646799147E-16,-1.));
#1128 = DIRECTION('',(1.,0.,0.));
#1129 = PCURVE('',#1075,#1130);
#1130 = DEFINITIONAL_REPRESENTATION('',(#1131),#1135);
#1131 = LINE('',#1132,#1133);
#1132 = CARTESIAN_POINT('',(0.,0.));
#1133 = VECTOR('',#1134,1.);
#1134 = DIRECTION('',(1.,0.));
#1135 = ( GEOMETRIC_REPRESENTATION_CONTEXT(2) 
PARAMETRIC_REPRESENTATION_CONTEXT() REPRESENTATION_CONTEXT('2D SPACE',''
  ) );
#1136 = PCURVE('',#1137,#1142);
#1137 = PLANE('',#1138);
#1138 = AXIS2_PLACEMENT_3D('',#1139,#1140,#1141);
#1139 = CARTESIAN_POINT('',(0.,0.,-7.9));
#1140 = DIRECTION('',(0.,-1.224646799147E-16,-1.));
#1141 = DIRECTION('',(1.,0.,0.));
#1142 = DEFINITIONAL_REPRESENTATION('',(#1143),#1147);
#1143 = CIRCLE('',#1144,57.15);
#1144 = AXIS2_PLACEMENT_2D('',#1145,#1146);
#1145 = CARTESIAN_POINT('',(0.,0.));
#1146 = DIRECTION('',(1.,0.));
#1147 = ( GEOMETRIC_REPRESENTATION_CONTEXT(2) 
PARAMETRIC_REPRESENTATION_CONTEXT() REPRESENTATION_CONTEXT('2D SPACE',''
  ) );
#1148 = ORIENTED_EDGE('',*,*,#1099,.T.);
#1149 = ADVANCED_FACE('',(#1150,#1153,#1184,#1215,#1246,#1277),#1087,.T.
  );
#1150 = FACE_BOUND('',#1151,.T.);
#1151 = EDGE_LOOP('',(#1152));
#1152 = ORIENTED_EDGE('',*,*,#1065,.T.);
#1153 = FACE_BOUND('',#1154,.T.);
#1154 = EDGE_LOOP('',(#1155));
#1155 = ORIENTED_EDGE('',*,*,#1156,.F.);
#1156 = EDGE_CURVE('',#1157,#1157,#1159,.T.);
#1157 = VERTEX_POINT('',#1158);
#1158 = CARTESIAN_POINT('',(-21.529582,8.652476,-13.9));
#1159 = SURFACE_CURVE('',#1160,(#1165,#1172),.PCURVE_S1.);
#1160 = CIRCLE('',#1161,5.1);
#1161 = AXIS2_PLACEMENT_3D('',#1162,#1163,#1164);
#1162 = CARTESIAN_POINT('',(-26.629582,8.652476,-13.9));
#1163 = DIRECTION('',(0.,-1.224646799147E-16,-1.));
#1164 = DIRECTION('',(1.,0.,0.));
#1165 = PCURVE('',#1087,#1166);
#1166 = DEFINITIONAL_REPRESENTATION('',(#1167),#1171);
#1167 = CIRCLE('',#1168,5.1);
#1168 = AXIS2_PLACEMENT_2D('',#1169,#1170);
#1169 = CARTESIAN_POINT('',(-26.629582,-8.652476));
#1170 = DIRECTION('',(1.,0.));
#1171 = ( GEOMETRIC_REPRESENTATION_CONTEXT(2) 
PARAMETRIC_REPRESENTATION_CONTEXT() REPRESENTATION_CONTEXT('2D SPACE',''
  ) );
#1172 = PCURVE('',#1173,#1178);
#1173 = CYLINDRICAL_SURFACE('',#1174,5.1);
#1174 = AXIS2_PLACEMENT_3D('',#1175,#1176,#1177);
#1175 = CARTESIAN_POINT('',(-26.629582,8.652476,-3.9));
#1176 = DIRECTION('',(0.,-1.224646799147E-16,-1.));
#1177 = DIRECTION('',(1.,0.,0.));
#1178 = DEFINITIONAL_REPRESENTATION('',(#1179),#1183);
#1179 = LINE('',#1180,#1181);
#1180 = CARTESIAN_POINT('',(0.,10.));
#1181 = VECTOR('',#1182,1.);
#1182 = DIRECTION('',(1.,0.));
#1183 = ( GEOMETRIC_REPRESENTATION_CONTEXT(2) 
PARAMETRIC_REPRESENTATION_CONTEXT() REPRESENTATION_CONTEXT('2D SPACE',''
  ) );
#1184 = FACE_BOUND('',#1185,.T.);
#1185 = EDGE_LOOP('',(#1186));
#1186 = ORIENTED_EDGE('',*,*,#1187,.F.);
#1187 = EDGE_CURVE('',#1188,#1188,#1190,.T.);
#1188 = VERTEX_POINT('',#1189);
#1189 = CARTESIAN_POINT('',(5.1,28.,-13.9));
#1190 = SURFACE_CURVE('',#1191,(#1196,#1203),.PCURVE_S1.);
#1191 = CIRCLE('',#1192,5.1);
#1192 = AXIS2_PLACEMENT_3D('',#1193,#1194,#1195);
#1193 = CARTESIAN_POINT('',(0.,28.,-13.9));
#1194 = DIRECTION('',(0.,-1.224646799147E-16,-1.));
#1195 = DIRECTION('',(1.,0.,0.));
#1196 = PCURVE('',#1087,#1197);
#1197 = DEFINITIONAL_REPRESENTATION('',(#1198),#1202);
#1198 = CIRCLE('',#1199,5.1);
#1199 = AXIS2_PLACEMENT_2D('',#1200,#1201);
#1200 = CARTESIAN_POINT('',(0.,-28.));
#1201 = DIRECTION('',(1.,0.));
#1202 = ( GEOMETRIC_REPRESENTATION_CONTEXT(2) 
PARAMETRIC_REPRESENTATION_CONTEXT() REPRESENTATION_CONTEXT('2D SPACE',''
  ) );
#1203 = PCURVE('',#1204,#1209);
#1204 = CYLINDRICAL_SURFACE('',#1205,5.1);
#1205 = AXIS2_PLACEMENT_3D('',#1206,#1207,#1208);
#1206 = CARTESIAN_POINT('',(0.,28.,-3.9));
#1207 = DIRECTION('',(0.,-1.224646799147E-16,-1.));
#1208 = DIRECTION('',(1.,0.,0.));
#1209 = DEFINITIONAL_REPRESENTATION('',(#1210),#1214);
#1210 = LINE('',#1211,#1212);
#1211 = CARTESIAN_POINT('',(0.,10.));
#1212 = VECTOR('',#1213,1.);
#1213 = DIRECTION('',(1.,0.));
#1214 = ( GEOMETRIC_REPRESENTATION_CONTEXT(2) 
PARAMETRIC_REPRESENTATION_CONTEXT() REPRESENTATION_CONTEXT('2D SPACE',''
  ) );
#1215 = FACE_BOUND('',#1216,.T.);
#1216 = EDGE_LOOP('',(#1217));
#1217 = ORIENTED_EDGE('',*,*,#1218,.F.);
#1218 = EDGE_CURVE('',#1219,#1219,#1221,.T.);
#1219 = VERTEX_POINT('',#1220);
#1220 = CARTESIAN_POINT('',(31.729582,8.652476,-13.9));
#1221 = SURFACE_CURVE('',#1222,(#1227,#1234),.PCURVE_S1.);
#1222 = CIRCLE('',#1223,5.1);
#1223 = AXIS2_PLACEMENT_3D('',#1224,#1225,#1226);
#1224 = CARTESIAN_POINT('',(26.629582,8.652476,-13.9));
#1225 = DIRECTION('',(0.,-1.224646799147E-16,-1.));
#1226 = DIRECTION('',(1.,0.,0.));
#1227 = PCURVE('',#1087,#1228);
#1228 = DEFINITIONAL_REPRESENTATION('',(#1229),#1233);
#1229 = CIRCLE('',#1230,5.1);
#1230 = AXIS2_PLACEMENT_2D('',#1231,#1232);
#1231 = CARTESIAN_POINT('',(26.629582,-8.652476));
#1232 = DIRECTION('',(1.,0.));
#1233 = ( GEOMETRIC_REPRESENTATION_CONTEXT(2) 
PARAMETRIC_REPRESENTATION_CONTEXT() REPRESENTATION_CONTEXT('2D SPACE',''
  ) );
#1234 = PCURVE('',#1235,#1240);
#1235 = CYLINDRICAL_SURFACE('',#1236,5.1);
#1236 = AXIS2_PLACEMENT_3D('',#1237,#1238,#1239);
#1237 = CARTESIAN_POINT('',(26.629582,8.652476,-3.9));
#1238 = DIRECTION('',(0.,-1.224646799147E-16,-1.));
#1239 = DIRECTION('',(1.,0.,0.));
#1240 = DEFINITIONAL_REPRESENTATION('',(#1241),#1245);
#1241 = LINE('',#1242,#1243);
#1242 = CARTESIAN_POINT('',(0.,10.));
#1243 = VECTOR('',#1244,1.);
#1244 = DIRECTION('',(1.,0.));
#1245 = ( GEOMETRIC_REPRESENTATION_CONTEXT(2) 
PARAMETRIC_REPRESENTATION_CONTEXT() REPRESENTATION_CONTEXT('2D SPACE',''
  ) );
#1246 = FACE_BOUND('',#1247,.T.);
#1247 = EDGE_LOOP('',(#1248));
#1248 = ORIENTED_EDGE('',*,*,#1249,.F.);
#1249 = EDGE_CURVE('',#1250,#1250,#1252,.T.);
#1250 = VERTEX_POINT('',#1251);
#1251 = CARTESIAN_POINT('',(-11.357987,-22.652476,-13.9));
#1252 = SURFACE_CURVE('',#1253,(#1258,#1265),.PCURVE_S1.);
#1253 = CIRCLE('',#1254,5.1);
#1254 = AXIS2_PLACEMENT_3D('',#1255,#1256,#1257);
#1255 = CARTESIAN_POINT('',(-16.457987,-22.652476,-13.9));
#1256 = DIRECTION('',(0.,-1.224646799147E-16,-1.));
#1257 = DIRECTION('',(1.,0.,0.));
#1258 = PCURVE('',#1087,#1259);
#1259 = DEFINITIONAL_REPRESENTATION('',(#1260),#1264);
#1260 = CIRCLE('',#1261,5.1);
#1261 = AXIS2_PLACEMENT_2D('',#1262,#1263);
#1262 = CARTESIAN_POINT('',(-16.457987,22.652476));
#1263 = DIRECTION('',(1.,0.));
#1264 = ( GEOMETRIC_REPRESENTATION_CONTEXT(2) 
PARAMETRIC_REPRESENTATION_CONTEXT() REPRESENTATION_CONTEXT('2D SPACE',''
  ) );
#1265 = PCURVE('',#1266,#1271);
#1266 = CYLINDRICAL_SURFACE('',#1267,5.1);
#1267 = AXIS2_PLACEMENT_3D('',#1268,#1269,#1270);
#1268 = CARTESIAN_POINT('',(-16.457987,-22.652476,-3.9));
#1269 = DIRECTION('',(0.,-1.224646799147E-16,-1.));
#1270 = DIRECTION('',(1.,0.,0.));
#1271 = DEFINITIONAL_REPRESENTATION('',(#1272),#1276);
#1272 = LINE('',#1273,#1274);
#1273 = CARTESIAN_POINT('',(0.,10.));
#1274 = VECTOR('',#1275,1.);
#1275 = DIRECTION('',(1.,0.));
#1276 = ( GEOMETRIC_REPRESENTATION_CONTEXT(2) 
PARAMETRIC_REPRESENTATION_CONTEXT() REPRESENTATION_CONTEXT('2D SPACE',''
  ) );
#1277 = FACE_BOUND('',#1278,.T.);
#1278 = EDGE_LOOP('',(#1279));
#1279 = ORIENTED_EDGE('',*,*,#1280,.F.);
#1280 = EDGE_CURVE('',#1281,#1281,#1283,.T.);
#1281 = VERTEX_POINT('',#1282);
#1282 = CARTESIAN_POINT('',(21.557987,-22.652476,-13.9));
#1283 = SURFACE_CURVE('',#1284,(#1289,#1296),.PCURVE_S1.);
#1284 = CIRCLE('',#1285,5.1);
#1285 = AXIS2_PLACEMENT_3D('',#1286,#1287,#1288);
#1286 = CARTESIAN_POINT('',(16.457987,-22.652476,-13.9));
#1287 = DIRECTION('',(0.,-1.224646799147E-16,-1.));
#1288 = DIRECTION('',(1.,0.,0.));
#1289 = PCURVE('',#1087,#1290);
#1290 = DEFINITIONAL_REPRESENTATION('',(#1291),#1295);
#1291 = CIRCLE('',#1292,5.1);
#1292 = AXIS2_PLACEMENT_2D('',#1293,#1294);
#1293 = CARTESIAN_POINT('',(16.457987,22.652476));
#1294 = DIRECTION('',(1.,0.));
#1295 = ( GEOMETRIC_REPRESENTATION_CONTEXT(2) 
PARAMETRIC_REPRESENTATION_CONTEXT() REPRESENTATION_CONTEXT('2D SPACE',''
  ) );
#1296 = PCURVE('',#1297,#1302);
#1297 = CYLINDRICAL_SURFACE('',#1298,5.1);
#1298 = AXIS2_PLACEMENT_3D('',#1299,#1300,#1301);
#1299 = CARTESIAN_POINT('',(16.457987,-22.652476,-3.9));
#1300 = DIRECTION('',(0.,-1.224646799147E-16,-1.));
#1301 = DIRECTION('',(1.,0.,0.));
#1302 = DEFINITIONAL_REPRESENTATION('',(#1303),#1307);
#1303 = LINE('',#1304,#1305);
#1304 = CARTESIAN_POINT('',(0.,10.));
#1305 = VECTOR('',#1306,1.);
#1306 = DIRECTION('',(1.,0.));
#1307 = ( GEOMETRIC_REPRESENTATION_CONTEXT(2) 
PARAMETRIC_REPRESENTATION_CONTEXT() REPRESENTATION_CONTEXT('2D SPACE',''
  ) );
#1308 = ADVANCED_FACE('',(#1309,#1312),#1137,.F.);
#1309 = FACE_BOUND('',#1310,.F.);
#1310 = EDGE_LOOP('',(#1311));
#1311 = ORIENTED_EDGE('',*,*,#1122,.T.);
#1312 = FACE_BOUND('',#1313,.F.);
#1313 = EDGE_LOOP('',(#1314));
#1314 = ORIENTED_EDGE('',*,*,#1315,.F.);
#1315 = EDGE_CURVE('',#1316,#1316,#1318,.T.);
#1316 = VERTEX_POINT('',#1317);
#1317 = CARTESIAN_POINT('',(44.,1.07768918325E-14,-7.9));
#1318 = SURFACE_CURVE('',#1319,(#1324,#1331),.PCURVE_S1.);
#1319 = CIRCLE('',#1320,44.);
#1320 = AXIS2_PLACEMENT_3D('',#1321,#1322,#1323);
#1321 = CARTESIAN_POINT('',(0.,0.,-7.9));
#1322 = DIRECTION('',(0.,-1.224646799147E-16,-1.));
#1323 = DIRECTION('',(1.,0.,0.));
#1324 = PCURVE('',#1137,#1325);
#1325 = DEFINITIONAL_REPRESENTATION('',(#1326),#1330);
#1326 = CIRCLE('',#1327,44.);
#1327 = AXIS2_PLACEMENT_2D('',#1328,#1329);
#1328 = CARTESIAN_POINT('',(0.,0.));
#1329 = DIRECTION('',(1.,0.));
#1330 = ( GEOMETRIC_REPRESENTATION_CONTEXT(2) 
PARAMETRIC_REPRESENTATION_CONTEXT() REPRESENTATION_CONTEXT('2D SPACE',''
  ) );
#1331 = PCURVE('',#1332,#1337);
#1332 = CYLINDRICAL_SURFACE('',#1333,44.);
#1333 = AXIS2_PLACEMENT_3D('',#1334,#1335,#1336);
#1334 = CARTESIAN_POINT('',(0.,4.898587196589E-16,-3.9));
#1335 = DIRECTION('',(0.,-1.224646799147E-16,-1.));
#1336 = DIRECTION('',(1.,0.,0.));
#1337 = DEFINITIONAL_REPRESENTATION('',(#1338),#1342);
#1338 = LINE('',#1339,#1340);
#1339 = CARTESIAN_POINT('',(0.,4.));
#1340 = VECTOR('',#1341,1.);
#1341 = DIRECTION('',(1.,0.));
#1342 = ( GEOMETRIC_REPRESENTATION_CONTEXT(2) 
PARAMETRIC_REPRESENTATION_CONTEXT() REPRESENTATION_CONTEXT('2D SPACE',''
  ) );
#1343 = ADVANCED_FACE('',(#1344),#1173,.F.);
#1344 = FACE_BOUND('',#1345,.F.);
#1345 = EDGE_LOOP('',(#1346,#1347,#1370,#1397));
#1346 = ORIENTED_EDGE('',*,*,#1156,.F.);
#1347 = ORIENTED_EDGE('',*,*,#1348,.F.);
#1348 = EDGE_CURVE('',#1349,#1157,#1351,.T.);
#1349 = VERTEX_POINT('',#1350);
#1350 = CARTESIAN_POINT('',(-21.529582,8.652476,-3.9));
#1351 = SEAM_CURVE('',#1352,(#1356,#1363),.PCURVE_S1.);
#1352 = LINE('',#1353,#1354);
#1353 = CARTESIAN_POINT('',(-21.529582,8.652476,-3.9));
#1354 = VECTOR('',#1355,1.);
#1355 = DIRECTION('',(0.,-1.224646799147E-16,-1.));
#1356 = PCURVE('',#1173,#1357);
#1357 = DEFINITIONAL_REPRESENTATION('',(#1358),#1362);
#1358 = LINE('',#1359,#1360);
#1359 = CARTESIAN_POINT('',(6.28318530718,-0.));
#1360 = VECTOR('',#1361,1.);
#1361 = DIRECTION('',(0.,1.));
#1362 = ( GEOMETRIC_REPRESENTATION_CONTEXT(2) 
PARAMETRIC_REPRESENTATION_CONTEXT() REPRESENTATION_CONTEXT('2D SPACE',''
  ) );
#1363 = PCURVE('',#1173,#1364);
#1364 = DEFINITIONAL_REPRESENTATION('',(#1365),#1369);
#1365 = LINE('',#1366,#1367);
#1366 = CARTESIAN_POINT('',(0.,-0.));
#1367 = VECTOR('',#1368,1.);
#1368 = DIRECTION('',(0.,1.));
#1369 = ( GEOMETRIC_REPRESENTATION_CONTEXT(2) 
PARAMETRIC_REPRESENTATION_CONTEXT() REPRESENTATION_CONTEXT('2D SPACE',''
  ) );
#1370 = ORIENTED_EDGE('',*,*,#1371,.T.);
#1371 = EDGE_CURVE('',#1349,#1349,#1372,.T.);
#1372 = SURFACE_CURVE('',#1373,(#1378,#1385),.PCURVE_S1.);
#1373 = CIRCLE('',#1374,5.1);
#1374 = AXIS2_PLACEMENT_3D('',#1375,#1376,#1377);
#1375 = CARTESIAN_POINT('',(-26.629582,8.652476,-3.9));
#1376 = DIRECTION('',(0.,-1.224646799147E-16,-1.));
#1377 = DIRECTION('',(1.,0.,0.));
#1378 = PCURVE('',#1173,#1379);
#1379 = DEFINITIONAL_REPRESENTATION('',(#1380),#1384);
#1380 = LINE('',#1381,#1382);
#1381 = CARTESIAN_POINT('',(0.,0.));
#1382 = VECTOR('',#1383,1.);
#1383 = DIRECTION('',(1.,0.));
#1384 = ( GEOMETRIC_REPRESENTATION_CONTEXT(2) 
PARAMETRIC_REPRESENTATION_CONTEXT() REPRESENTATION_CONTEXT('2D SPACE',''
  ) );
#1385 = PCURVE('',#1386,#1391);
#1386 = PLANE('',#1387);
#1387 = AXIS2_PLACEMENT_3D('',#1388,#1389,#1390);
#1388 = CARTESIAN_POINT('',(0.,4.898587196589E-16,-3.9));
#1389 = DIRECTION('',(0.,-1.224646799147E-16,-1.));
#1390 = DIRECTION('',(1.,0.,0.));
#1391 = DEFINITIONAL_REPRESENTATION('',(#1392),#1396);
#1392 = CIRCLE('',#1393,5.1);
#1393 = AXIS2_PLACEMENT_2D('',#1394,#1395);
#1394 = CARTESIAN_POINT('',(-26.629582,-8.652476));
#1395 = DIRECTION('',(1.,0.));
#1396 = ( GEOMETRIC_REPRESENTATION_CONTEXT(2) 
PARAMETRIC_REPRESENTATION_CONTEXT() REPRESENTATION_CONTEXT('2D SPACE',''
  ) );
#1397 = ORIENTED_EDGE('',*,*,#1348,.T.);
#1398 = ADVANCED_FACE('',(#1399),#1204,.F.);
#1399 = FACE_BOUND('',#1400,.F.);
#1400 = EDGE_LOOP('',(#1401,#1402,#1425,#1447));
#1401 = ORIENTED_EDGE('',*,*,#1187,.F.);
#1402 = ORIENTED_EDGE('',*,*,#1403,.F.);
#1403 = EDGE_CURVE('',#1404,#1188,#1406,.T.);
#1404 = VERTEX_POINT('',#1405);
#1405 = CARTESIAN_POINT('',(5.1,28.,-3.9));
#1406 = SEAM_CURVE('',#1407,(#1411,#1418),.PCURVE_S1.);
#1407 = LINE('',#1408,#1409);
#1408 = CARTESIAN_POINT('',(5.1,28.,-3.9));
#1409 = VECTOR('',#1410,1.);
#1410 = DIRECTION('',(0.,-1.224646799147E-16,-1.));
#1411 = PCURVE('',#1204,#1412);
#1412 = DEFINITIONAL_REPRESENTATION('',(#1413),#1417);
#1413 = LINE('',#1414,#1415);
#1414 = CARTESIAN_POINT('',(6.28318530718,-0.));
#1415 = VECTOR('',#1416,1.);
#1416 = DIRECTION('',(0.,1.));
#1417 = ( GEOMETRIC_REPRESENTATION_CONTEXT(2) 
PARAMETRIC_REPRESENTATION_CONTEXT() REPRESENTATION_CONTEXT('2D SPACE',''
  ) );
#1418 = PCURVE('',#1204,#1419);
#1419 = DEFINITIONAL_REPRESENTATION('',(#1420),#1424);
#1420 = LINE('',#1421,#1422);
#1421 = CARTESIAN_POINT('',(0.,-0.));
#1422 = VECTOR('',#1423,1.);
#1423 = DIRECTION('',(0.,1.));
#1424 = ( GEOMETRIC_REPRESENTATION_CONTEXT(2) 
PARAMETRIC_REPRESENTATION_CONTEXT() REPRESENTATION_CONTEXT('2D SPACE',''
  ) );
#1425 = ORIENTED_EDGE('',*,*,#1426,.T.);
#1426 = EDGE_CURVE('',#1404,#1404,#1427,.T.);
#1427 = SURFACE_CURVE('',#1428,(#1433,#1440),.PCURVE_S1.);
#1428 = CIRCLE('',#1429,5.1);
#1429 = AXIS2_PLACEMENT_3D('',#1430,#1431,#1432);
#1430 = CARTESIAN_POINT('',(0.,28.,-3.9));
#1431 = DIRECTION('',(0.,-1.224646799147E-16,-1.));
#1432 = DIRECTION('',(1.,0.,0.));
#1433 = PCURVE('',#1204,#1434);
#1434 = DEFINITIONAL_REPRESENTATION('',(#1435),#1439);
#1435 = LINE('',#1436,#1437);
#1436 = CARTESIAN_POINT('',(0.,0.));
#1437 = VECTOR('',#1438,1.);
#1438 = DIRECTION('',(1.,0.));
#1439 = ( GEOMETRIC_REPRESENTATION_CONTEXT(2) 
PARAMETRIC_REPRESENTATION_CONTEXT() REPRESENTATION_CONTEXT('2D SPACE',''
  ) );
#1440 = PCURVE('',#1386,#1441);
#1441 = DEFINITIONAL_REPRESENTATION('',(#1442),#1446);
#1442 = CIRCLE('',#1443,5.1);
#1443 = AXIS2_PLACEMENT_2D('',#1444,#1445);
#1444 = CARTESIAN_POINT('',(0.,-28.));
#1445 = DIRECTION('',(1.,0.));
#1446 = ( GEOMETRIC_REPRESENTATION_CONTEXT(2) 
PARAMETRIC_REPRESENTATION_CONTEXT() REPRESENTATION_CONTEXT('2D SPACE',''
  ) );
#1447 = ORIENTED_EDGE('',*,*,#1403,.T.);
#1448 = ADVANCED_FACE('',(#1449),#1235,.F.);
#1449 = FACE_BOUND('',#1450,.F.);
#1450 = EDGE_LOOP('',(#1451,#1452,#1475,#1497));
#1451 = ORIENTED_EDGE('',*,*,#1218,.F.);
#1452 = ORIENTED_EDGE('',*,*,#1453,.F.);
#1453 = EDGE_CURVE('',#1454,#1219,#1456,.T.);
#1454 = VERTEX_POINT('',#1455);
#1455 = CARTESIAN_POINT('',(31.729582,8.652476,-3.9));
#1456 = SEAM_CURVE('',#1457,(#1461,#1468),.PCURVE_S1.);
#1457 = LINE('',#1458,#1459);
#1458 = CARTESIAN_POINT('',(31.729582,8.652476,-3.9));
#1459 = VECTOR('',#1460,1.);
#1460 = DIRECTION('',(0.,-1.224646799147E-16,-1.));
#1461 = PCURVE('',#1235,#1462);
#1462 = DEFINITIONAL_REPRESENTATION('',(#1463),#1467);
#1463 = LINE('',#1464,#1465);
#1464 = CARTESIAN_POINT('',(6.28318530718,-0.));
#1465 = VECTOR('',#1466,1.);
#1466 = DIRECTION('',(0.,1.));
#1467 = ( GEOMETRIC_REPRESENTATION_CONTEXT(2) 
PARAMETRIC_REPRESENTATION_CONTEXT() REPRESENTATION_CONTEXT('2D SPACE',''
  ) );
#1468 = PCURVE('',#1235,#1469);
#1469 = DEFINITIONAL_REPRESENTATION('',(#1470),#1474);
#1470 = LINE('',#1471,#1472);
#1471 = CARTESIAN_POINT('',(0.,-0.));
#1472 = VECTOR('',#1473,1.);
#1473 = DIRECTION('',(0.,1.));
#1474 = ( GEOMETRIC_REPRESENTATION_CONTEXT(2) 
PARAMETRIC_REPRESENTATION_CONTEXT() REPRESENTATION_CONTEXT('2D SPACE',''
  ) );
#1475 = ORIENTED_EDGE('',*,*,#1476,.T.);
#1476 = EDGE_CURVE('',#1454,#1454,#1477,.T.);
#1477 = SURFACE_CURVE('',#1478,(#1483,#1490),.PCURVE_S1.);
#1478 = CIRCLE('',#1479,5.1);
#1479 = AXIS2_PLACEMENT_3D('',#1480,#1481,#1482);
#1480 = CARTESIAN_POINT('',(26.629582,8.652476,-3.9));
#1481 = DIRECTION('',(0.,-1.224646799147E-16,-1.));
#1482 = DIRECTION('',(1.,0.,0.));
#1483 = PCURVE('',#1235,#1484);
#1484 = DEFINITIONAL_REPRESENTATION('',(#1485),#1489);
#1485 = LINE('',#1486,#1487);
#1486 = CARTESIAN_POINT('',(0.,0.));
#1487 = VECTOR('',#1488,1.);
#1488 = DIRECTION('',(1.,0.));
#1489 = ( GEOMETRIC_REPRESENTATION_CONTEXT(2) 
PARAMETRIC_REPRESENTATION_CONTEXT() REPRESENTATION_CONTEXT('2D SPACE',''
  ) );
#1490 = PCURVE('',#1386,#1491);
#1491 = DEFINITIONAL_REPRESENTATION('',(#1492),#1496);
#1492 = CIRCLE('',#1493,5.1);
#1493 = AXIS2_PLACEMENT_2D('',#1494,#1495);
#1494 = CARTESIAN_POINT('',(26.629582,-8.652476));
#1495 = DIRECTION('',(1.,0.));
#1496 = ( GEOMETRIC_REPRESENTATION_CONTEXT(2) 
PARAMETRIC_REPRESENTATION_CONTEXT() REPRESENTATION_CONTEXT('2D SPACE',''
  ) );
#1497 = ORIENTED_EDGE('',*,*,#1453,.T.);
#1498 = ADVANCED_FACE('',(#1499),#1266,.F.);
#1499 = FACE_BOUND('',#1500,.F.);
#1500 = EDGE_LOOP('',(#1501,#1502,#1525,#1547));
#1501 = ORIENTED_EDGE('',*,*,#1249,.F.);
#1502 = ORIENTED_EDGE('',*,*,#1503,.F.);
#1503 = EDGE_CURVE('',#1504,#1250,#1506,.T.);
#1504 = VERTEX_POINT('',#1505);
#1505 = CARTESIAN_POINT('',(-11.357987,-22.652476,-3.9));
#1506 = SEAM_CURVE('',#1507,(#1511,#1518),.PCURVE_S1.);
#1507 = LINE('',#1508,#1509);
#1508 = CARTESIAN_POINT('',(-11.357987,-22.652476,-3.9));
#1509 = VECTOR('',#1510,1.);
#1510 = DIRECTION('',(0.,-1.224646799147E-16,-1.));
#1511 = PCURVE('',#1266,#1512);
#1512 = DEFINITIONAL_REPRESENTATION('',(#1513),#1517);
#1513 = LINE('',#1514,#1515);
#1514 = CARTESIAN_POINT('',(6.28318530718,-0.));
#1515 = VECTOR('',#1516,1.);
#1516 = DIRECTION('',(0.,1.));
#1517 = ( GEOMETRIC_REPRESENTATION_CONTEXT(2) 
PARAMETRIC_REPRESENTATION_CONTEXT() REPRESENTATION_CONTEXT('2D SPACE',''
  ) );
#1518 = PCURVE('',#1266,#1519);
#1519 = DEFINITIONAL_REPRESENTATION('',(#1520),#1524);
#1520 = LINE('',#1521,#1522);
#1521 = CARTESIAN_POINT('',(0.,-0.));
#1522 = VECTOR('',#1523,1.);
#1523 = DIRECTION('',(0.,1.));
#1524 = ( GEOMETRIC_REPRESENTATION_CONTEXT(2) 
PARAMETRIC_REPRESENTATION_CONTEXT() REPRESENTATION_CONTEXT('2D SPACE',''
  ) );
#1525 = ORIENTED_EDGE('',*,*,#1526,.T.);
#1526 = EDGE_CURVE('',#1504,#1504,#1527,.T.);
#1527 = SURFACE_CURVE('',#1528,(#1533,#1540),.PCURVE_S1.);
#1528 = CIRCLE('',#1529,5.1);
#1529 = AXIS2_PLACEMENT_3D('',#1530,#1531,#1532);
#1530 = CARTESIAN_POINT('',(-16.457987,-22.652476,-3.9));
#1531 = DIRECTION('',(0.,-1.224646799147E-16,-1.));
#1532 = DIRECTION('',(1.,0.,0.));
#1533 = PCURVE('',#1266,#1534);
#1534 = DEFINITIONAL_REPRESENTATION('',(#1535),#1539);
#1535 = LINE('',#1536,#1537);
#1536 = CARTESIAN_POINT('',(0.,0.));
#1537 = VECTOR('',#1538,1.);
#1538 = DIRECTION('',(1.,0.));
#1539 = ( GEOMETRIC_REPRESENTATION_CONTEXT(2) 
PARAMETRIC_REPRESENTATION_CONTEXT() REPRESENTATION_CONTEXT('2D SPACE',''
  ) );
#1540 = PCURVE('',#1386,#1541);
#1541 = DEFINITIONAL_REPRESENTATION('',(#1542),#1546);
#1542 = CIRCLE('',#1543,5.1);
#1543 = AXIS2_PLACEMENT_2D('',#1544,#1545);
#1544 = CARTESIAN_POINT('',(-16.457987,22.652476));
#1545 = DIRECTION('',(1.,0.));
#1546 = ( GEOMETRIC_REPRESENTATION_CONTEXT(2) 
PARAMETRIC_REPRESENTATION_CONTEXT() REPRESENTATION_CONTEXT('2D SPACE',''
  ) );
#1547 = ORIENTED_EDGE('',*,*,#1503,.T.);
#1548 = ADVANCED_FACE('',(#1549),#1297,.F.);
#1549 = FACE_BOUND('',#1550,.F.);
#1550 = EDGE_LOOP('',(#1551,#1552,#1575,#1597));
#1551 = ORIENTED_EDGE('',*,*,#1280,.F.);
#1552 = ORIENTED_EDGE('',*,*,#1553,.F.);
#1553 = EDGE_CURVE('',#1554,#1281,#1556,.T.);
#1554 = VERTEX_POINT('',#1555);
#1555 = CARTESIAN_POINT('',(21.557987,-22.652476,-3.9));
#1556 = SEAM_CURVE('',#1557,(#1561,#1568),.PCURVE_S1.);
#1557 = LINE('',#1558,#1559);
#1558 = CARTESIAN_POINT('',(21.557987,-22.652476,-3.9));
#1559 = VECTOR('',#1560,1.);
#1560 = DIRECTION('',(0.,-1.224646799147E-16,-1.));
#1561 = PCURVE('',#1297,#1562);
#1562 = DEFINITIONAL_REPRESENTATION('',(#1563),#1567);
#1563 = LINE('',#1564,#1565);
#1564 = CARTESIAN_POINT('',(6.28318530718,-0.));
#1565 = VECTOR('',#1566,1.);
#1566 = DIRECTION('',(0.,1.));
#1567 = ( GEOMETRIC_REPRESENTATION_CONTEXT(2) 
PARAMETRIC_REPRESENTATION_CONTEXT() REPRESENTATION_CONTEXT('2D SPACE',''
  ) );
#1568 = PCURVE('',#1297,#1569);
#1569 = DEFINITIONAL_REPRESENTATION('',(#1570),#1574);
#1570 = LINE('',#1571,#1572);
#1571 = CARTESIAN_POINT('',(0.,-0.));
#1572 = VECTOR('',#1573,1.);
#1573 = DIRECTION('',(0.,1.));
#1574 = ( GEOMETRIC_REPRESENTATION_CONTEXT(2) 
PARAMETRIC_REPRESENTATION_CONTEXT() REPRESENTATION_CONTEXT('2D SPACE',''
  ) );
#1575 = ORIENTED_EDGE('',*,*,#1576,.T.);
#1576 = EDGE_CURVE('',#1554,#1554,#1577,.T.);
#1577 = SURFACE_CURVE('',#1578,(#1583,#1590),.PCURVE_S1.);
#1578 = CIRCLE('',#1579,5.1);
#1579 = AXIS2_PLACEMENT_3D('',#1580,#1581,#1582);
#1580 = CARTESIAN_POINT('',(16.457987,-22.652476,-3.9));
#1581 = DIRECTION('',(0.,-1.224646799147E-16,-1.));
#1582 = DIRECTION('',(1.,0.,0.));
#1583 = PCURVE('',#1297,#1584);
#1584 = DEFINITIONAL_REPRESENTATION('',(#1585),#1589);
#1585 = LINE('',#1586,#1587);
#1586 = CARTESIAN_POINT('',(0.,0.));
#1587 = VECTOR('',#1588,1.);
#1588 = DIRECTION('',(1.,0.));
#1589 = ( GEOMETRIC_REPRESENTATION_CONTEXT(2) 
PARAMETRIC_REPRESENTATION_CONTEXT() REPRESENTATION_CONTEXT('2D SPACE',''
  ) );
#1590 = PCURVE('',#1386,#1591);
#1591 = DEFINITIONAL_REPRESENTATION('',(#1592),#1596);
#1592 = CIRCLE('',#1593,5.1);
#1593 = AXIS2_PLACEMENT_2D('',#1594,#1595);
#1594 = CARTESIAN_POINT('',(16.457987,22.652476));
#1595 = DIRECTION('',(1.,0.));
#1596 = ( GEOMETRIC_REPRESENTATION_CONTEXT(2) 
PARAMETRIC_REPRESENTATION_CONTEXT() REPRESENTATION_CONTEXT('2D SPACE',''
  ) );
#1597 = ORIENTED_EDGE('',*,*,#1553,.T.);
#1598 = ADVANCED_FACE('',(#1599),#1332,.T.);
#1599 = FACE_BOUND('',#1600,.T.);
#1600 = EDGE_LOOP('',(#1601,#1602,#1625,#1647));
#1601 = ORIENTED_EDGE('',*,*,#1315,.F.);
#1602 = ORIENTED_EDGE('',*,*,#1603,.F.);
#1603 = EDGE_CURVE('',#1604,#1316,#1606,.T.);
#1604 = VERTEX_POINT('',#1605);
#1605 = CARTESIAN_POINT('',(44.,1.126675055216E-14,-3.9));
#1606 = SEAM_CURVE('',#1607,(#1611,#1618),.PCURVE_S1.);
#1607 = LINE('',#1608,#1609);
#1608 = CARTESIAN_POINT('',(44.,1.126675055216E-14,-3.9));
#1609 = VECTOR('',#1610,1.);
#1610 = DIRECTION('',(0.,-1.224646799147E-16,-1.));
#1611 = PCURVE('',#1332,#1612);
#1612 = DEFINITIONAL_REPRESENTATION('',(#1613),#1617);
#1613 = LINE('',#1614,#1615);
#1614 = CARTESIAN_POINT('',(6.28318530718,-0.));
#1615 = VECTOR('',#1616,1.);
#1616 = DIRECTION('',(0.,1.));
#1617 = ( GEOMETRIC_REPRESENTATION_CONTEXT(2) 
PARAMETRIC_REPRESENTATION_CONTEXT() REPRESENTATION_CONTEXT('2D SPACE',''
  ) );
#1618 = PCURVE('',#1332,#1619);
#1619 = DEFINITIONAL_REPRESENTATION('',(#1620),#1624);
#1620 = LINE('',#1621,#1622);
#1621 = CARTESIAN_POINT('',(0.,-0.));
#1622 = VECTOR('',#1623,1.);
#1623 = DIRECTION('',(0.,1.));
#1624 = ( GEOMETRIC_REPRESENTATION_CONTEXT(2) 
PARAMETRIC_REPRESENTATION_CONTEXT() REPRESENTATION_CONTEXT('2D SPACE',''
  ) );
#1625 = ORIENTED_EDGE('',*,*,#1626,.T.);
#1626 = EDGE_CURVE('',#1604,#1604,#1627,.T.);
#1627 = SURFACE_CURVE('',#1628,(#1633,#1640),.PCURVE_S1.);
#1628 = CIRCLE('',#1629,44.);
#1629 = AXIS2_PLACEMENT_3D('',#1630,#1631,#1632);
#1630 = CARTESIAN_POINT('',(0.,4.898587196589E-16,-3.9));
#1631 = DIRECTION('',(0.,-1.224646799147E-16,-1.));
#1632 = DIRECTION('',(1.,0.,0.));
#1633 = PCURVE('',#1332,#1634);
#1634 = DEFINITIONAL_REPRESENTATION('',(#1635),#1639);
#1635 = LINE('',#1636,#1637);
#1636 = CARTESIAN_POINT('',(0.,0.));
#1637 = VECTOR('',#1638,1.);
#1638 = DIRECTION('',(1.,0.));
#1639 = ( GEOMETRIC_REPRESENTATION_CONTEXT(2) 
PARAMETRIC_REPRESENTATION_CONTEXT() REPRESENTATION_CONTEXT('2D SPACE',''
  ) );
#1640 = PCURVE('',#1386,#1641);
#1641 = DEFINITIONAL_REPRESENTATION('',(#1642),#1646);
#1642 = CIRCLE('',#1643,44.);
#1643 = AXIS2_PLACEMENT_2D('',#1644,#1645);
#1644 = CARTESIAN_POINT('',(0.,0.));
#1645 = DIRECTION('',(1.,0.));
#1646 = ( GEOMETRIC_REPRESENTATION_CONTEXT(2) 
PARAMETRIC_REPRESENTATION_CONTEXT() REPRESENTATION_CONTEXT('2D SPACE',''
  ) );
#1647 = ORIENTED_EDGE('',*,*,#1603,.T.);
#1648 = ADVANCED_FACE('',(#1649,#1652,#1655,#1658,#1661,#1664),#1386,.F.
  );
#1649 = FACE_BOUND('',#1650,.F.);
#1650 = EDGE_LOOP('',(#1651));
#1651 = ORIENTED_EDGE('',*,*,#1626,.T.);
#1652 = FACE_BOUND('',#1653,.F.);
#1653 = EDGE_LOOP('',(#1654));
#1654 = ORIENTED_EDGE('',*,*,#1371,.F.);
#1655 = FACE_BOUND('',#1656,.F.);
#1656 = EDGE_LOOP('',(#1657));
#1657 = ORIENTED_EDGE('',*,*,#1426,.F.);
#1658 = FACE_BOUND('',#1659,.F.);
#1659 = EDGE_LOOP('',(#1660));
#1660 = ORIENTED_EDGE('',*,*,#1476,.F.);
#1661 = FACE_BOUND('',#1662,.F.);
#1662 = EDGE_LOOP('',(#1663));
#1663 = ORIENTED_EDGE('',*,*,#1526,.F.);
#1664 = FACE_BOUND('',#1665,.F.);
#1665 = EDGE_LOOP('',(#1666));
#1666 = ORIENTED_EDGE('',*,*,#1576,.F.);
#1667 = ( GEOMETRIC_REPRESENTATION_CONTEXT(3) 
GLOBAL_UNCERTAINTY_ASSIGNED_CONTEXT((#1671)) 
GLOBAL_UNIT_ASSIGNED_CONTEXT((#1668,#1669,#1670)) REPRESENTATION_CONTEXT
('Context #1','3D Context with UNIT and UNCERTAINTY') );
#1668 = ( LENGTH_UNIT() NAMED_UNIT(*) SI_UNIT(.MILLI.,.METRE.) );
#1669 = ( NAMED_UNIT(*) PLANE_ANGLE_UNIT() SI_UNIT($,.RADIAN.) );
#1670 = ( NAMED_UNIT(*) SI_UNIT($,.STERADIAN.) SOLID_ANGLE_UNIT() );
#1671 = UNCERTAINTY_MEASURE_WITH_UNIT(LENGTH_MEASURE(1.E-07),#1668,
  'distance_accuracy_value','confusion accuracy');
#1672 = CONTEXT_DEPENDENT_SHAPE_REPRESENTATION(#1673,#1675);
#1673 = ( REPRESENTATION_RELATIONSHIP('','',#1058,#48) 
REPRESENTATION_RELATIONSHIP_WITH_TRANSFORMATION(#1674) 
SHAPE_REPRESENTATION_RELATIONSHIP() );
#1674 = ITEM_DEFINED_TRANSFORMATION('','',#11,#61);
#1675 = PRODUCT_DEFINITION_SHAPE('Placement','Placement of an item',
  #1676);
#1676 = NEXT_ASSEMBLY_USAGE_OCCURRENCE('29','V3_AFT_CAP_5_M10_AL6061',''
  ,#43,#1053,$);
#1677 = PRODUCT_RELATED_PRODUCT_CATEGORY('part',$,(#1055));
#1678 = SHAPE_DEFINITION_REPRESENTATION(#1679,#1685);
#1679 = PRODUCT_DEFINITION_SHAPE('','',#1680);
#1680 = PRODUCT_DEFINITION('design','',#1681,#1684);
#1681 = PRODUCT_DEFINITION_FORMATION('','',#1682);
#1682 = PRODUCT('V3_DOME_POLYCARBONATE_BR107201',
  'V3_DOME_POLYCARBONATE_BR107201','',(#1683));
#1683 = PRODUCT_CONTEXT('',#2,'mechanical');
#1684 = PRODUCT_DEFINITION_CONTEXT('part definition',#2,'design');
#1685 = ADVANCED_BREP_SHAPE_REPRESENTATION('',(#11,#1686),#1939);
#1686 = MANIFOLD_SOLID_BREP('',#1687);
#1687 = CLOSED_SHELL('',(#1688,#1750,#1785,#1840,#1875,#1910));
#1688 = ADVANCED_FACE('',(#1689),#1704,.T.);
#1689 = FACE_BOUND('',#1690,.T.);
#1690 = EDGE_LOOP('',(#1691,#1722,#1723));
#1691 = ORIENTED_EDGE('',*,*,#1692,.T.);
#1692 = EDGE_CURVE('',#1693,#1695,#1697,.T.);
#1693 = VERTEX_POINT('',#1694);
#1694 = CARTESIAN_POINT('',(-1.219748211951E-14,-49.8,309.902));
#1695 = VERTEX_POINT('',#1696);
#1696 = CARTESIAN_POINT('',(-7.468803717656E-31,2.701806782286E-15,
    359.702));
#1697 = SEAM_CURVE('',#1698,(#1703,#1715),.PCURVE_S1.);
#1698 = CIRCLE('',#1699,49.8);
#1699 = AXIS2_PLACEMENT_3D('',#1700,#1701,#1702);
#1700 = CARTESIAN_POINT('',(0.,2.2226664953E-16,309.902));
#1701 = DIRECTION('',(-1.,2.449293598295E-16,-2.719262146894E-32));
#1702 = DIRECTION('',(-2.449293598295E-16,-1.,1.110223024625E-16));
#1703 = PCURVE('',#1704,#1709);
#1704 = SPHERICAL_SURFACE('',#1705,49.8);
#1705 = AXIS2_PLACEMENT_3D('',#1706,#1707,#1708);
#1706 = CARTESIAN_POINT('',(0.,2.2226664953E-16,309.902));
#1707 = DIRECTION('',(0.,1.110223024625E-16,1.));
#1708 = DIRECTION('',(0.,-1.,1.110223024625E-16));
#1709 = DEFINITIONAL_REPRESENTATION('',(#1710),#1714);
#1710 = LINE('',#1711,#1712);
#1711 = CARTESIAN_POINT('',(6.28318530718,-6.28318530718));
#1712 = VECTOR('',#1713,1.);
#1713 = DIRECTION('',(0.,1.));
#1714 = ( GEOMETRIC_REPRESENTATION_CONTEXT(2) 
PARAMETRIC_REPRESENTATION_CONTEXT() REPRESENTATION_CONTEXT('2D SPACE',''
  ) );
#1715 = PCURVE('',#1704,#1716);
#1716 = DEFINITIONAL_REPRESENTATION('',(#1717),#1721);
#1717 = LINE('',#1718,#1719);
#1718 = CARTESIAN_POINT('',(0.,-6.28318530718));
#1719 = VECTOR('',#1720,1.);
#1720 = DIRECTION('',(0.,1.));
#1721 = ( GEOMETRIC_REPRESENTATION_CONTEXT(2) 
PARAMETRIC_REPRESENTATION_CONTEXT() REPRESENTATION_CONTEXT('2D SPACE',''
  ) );
#1722 = ORIENTED_EDGE('',*,*,#1692,.F.);
#1723 = ORIENTED_EDGE('',*,*,#1724,.T.);
#1724 = EDGE_CURVE('',#1693,#1693,#1725,.T.);
#1725 = SURFACE_CURVE('',#1726,(#1731,#1738),.PCURVE_S1.);
#1726 = CIRCLE('',#1727,49.8);
#1727 = AXIS2_PLACEMENT_3D('',#1728,#1729,#1730);
#1728 = CARTESIAN_POINT('',(0.,2.2226664953E-16,309.902));
#1729 = DIRECTION('',(-0.,1.110223024625E-16,1.));
#1730 = DIRECTION('',(0.,-1.,1.110223024625E-16));
#1731 = PCURVE('',#1704,#1732);
#1732 = DEFINITIONAL_REPRESENTATION('',(#1733),#1737);
#1733 = LINE('',#1734,#1735);
#1734 = CARTESIAN_POINT('',(0.,0.));
#1735 = VECTOR('',#1736,1.);
#1736 = DIRECTION('',(1.,0.));
#1737 = ( GEOMETRIC_REPRESENTATION_CONTEXT(2) 
PARAMETRIC_REPRESENTATION_CONTEXT() REPRESENTATION_CONTEXT('2D SPACE',''
  ) );
#1738 = PCURVE('',#1739,#1744);
#1739 = PLANE('',#1740);
#1740 = AXIS2_PLACEMENT_3D('',#1741,#1742,#1743);
#1741 = CARTESIAN_POINT('',(0.,2.2226664953E-16,309.902));
#1742 = DIRECTION('',(0.,1.110223024625E-16,1.));
#1743 = DIRECTION('',(0.,-1.,1.110223024625E-16));
#1744 = DEFINITIONAL_REPRESENTATION('',(#1745),#1749);
#1745 = CIRCLE('',#1746,49.8);
#1746 = AXIS2_PLACEMENT_2D('',#1747,#1748);
#1747 = CARTESIAN_POINT('',(0.,0.));
#1748 = DIRECTION('',(1.,0.));
#1749 = ( GEOMETRIC_REPRESENTATION_CONTEXT(2) 
PARAMETRIC_REPRESENTATION_CONTEXT() REPRESENTATION_CONTEXT('2D SPACE',''
  ) );
#1750 = ADVANCED_FACE('',(#1751,#1782),#1739,.T.);
#1751 = FACE_BOUND('',#1752,.T.);
#1752 = EDGE_LOOP('',(#1753));
#1753 = ORIENTED_EDGE('',*,*,#1754,.T.);
#1754 = EDGE_CURVE('',#1755,#1755,#1757,.T.);
#1755 = VERTEX_POINT('',#1756);
#1756 = CARTESIAN_POINT('',(-1.281668374494E-14,-52.32808248822,309.902)
  );
#1757 = SURFACE_CURVE('',#1758,(#1763,#1770),.PCURVE_S1.);
#1758 = CIRCLE('',#1759,52.328082488222);
#1759 = AXIS2_PLACEMENT_3D('',#1760,#1761,#1762);
#1760 = CARTESIAN_POINT('',(0.,2.2226664953E-16,309.902));
#1761 = DIRECTION('',(-0.,1.110223024625E-16,1.));
#1762 = DIRECTION('',(0.,-1.,1.110223024625E-16));
#1763 = PCURVE('',#1739,#1764);
#1764 = DEFINITIONAL_REPRESENTATION('',(#1765),#1769);
#1765 = CIRCLE('',#1766,52.328082488222);
#1766 = AXIS2_PLACEMENT_2D('',#1767,#1768);
#1767 = CARTESIAN_POINT('',(0.,0.));
#1768 = DIRECTION('',(1.,0.));
#1769 = ( GEOMETRIC_REPRESENTATION_CONTEXT(2) 
PARAMETRIC_REPRESENTATION_CONTEXT() REPRESENTATION_CONTEXT('2D SPACE',''
  ) );
#1770 = PCURVE('',#1771,#1776);
#1771 = CYLINDRICAL_SURFACE('',#1772,52.328082488222);
#1772 = AXIS2_PLACEMENT_3D('',#1773,#1774,#1775);
#1773 = CARTESIAN_POINT('',(0.,0.,307.9));
#1774 = DIRECTION('',(0.,1.110223024625E-16,1.));
#1775 = DIRECTION('',(0.,-1.,1.110223024625E-16));
#1776 = DEFINITIONAL_REPRESENTATION('',(#1777),#1781);
#1777 = LINE('',#1778,#1779);
#1778 = CARTESIAN_POINT('',(0.,2.002));
#1779 = VECTOR('',#1780,1.);
#1780 = DIRECTION('',(1.,0.));
#1781 = ( GEOMETRIC_REPRESENTATION_CONTEXT(2) 
PARAMETRIC_REPRESENTATION_CONTEXT() REPRESENTATION_CONTEXT('2D SPACE',''
  ) );
#1782 = FACE_BOUND('',#1783,.T.);
#1783 = EDGE_LOOP('',(#1784));
#1784 = ORIENTED_EDGE('',*,*,#1724,.F.);
#1785 = ADVANCED_FACE('',(#1786),#1771,.T.);
#1786 = FACE_BOUND('',#1787,.T.);
#1787 = EDGE_LOOP('',(#1788,#1789,#1812,#1839));
#1788 = ORIENTED_EDGE('',*,*,#1754,.F.);
#1789 = ORIENTED_EDGE('',*,*,#1790,.F.);
#1790 = EDGE_CURVE('',#1791,#1755,#1793,.T.);
#1791 = VERTEX_POINT('',#1792);
#1792 = CARTESIAN_POINT('',(-1.281668374494E-14,-52.32808248822,307.9));
#1793 = SEAM_CURVE('',#1794,(#1798,#1805),.PCURVE_S1.);
#1794 = LINE('',#1795,#1796);
#1795 = CARTESIAN_POINT('',(-1.281668374494E-14,-52.32808248822,307.9));
#1796 = VECTOR('',#1797,1.);
#1797 = DIRECTION('',(0.,1.110223024625E-16,1.));
#1798 = PCURVE('',#1771,#1799);
#1799 = DEFINITIONAL_REPRESENTATION('',(#1800),#1804);
#1800 = LINE('',#1801,#1802);
#1801 = CARTESIAN_POINT('',(6.28318530718,-0.));
#1802 = VECTOR('',#1803,1.);
#1803 = DIRECTION('',(0.,1.));
#1804 = ( GEOMETRIC_REPRESENTATION_CONTEXT(2) 
PARAMETRIC_REPRESENTATION_CONTEXT() REPRESENTATION_CONTEXT('2D SPACE',''
  ) );
#1805 = PCURVE('',#1771,#1806);
#1806 = DEFINITIONAL_REPRESENTATION('',(#1807),#1811);
#1807 = LINE('',#1808,#1809);
#1808 = CARTESIAN_POINT('',(0.,-0.));
#1809 = VECTOR('',#1810,1.);
#1810 = DIRECTION('',(0.,1.));
#1811 = ( GEOMETRIC_REPRESENTATION_CONTEXT(2) 
PARAMETRIC_REPRESENTATION_CONTEXT() REPRESENTATION_CONTEXT('2D SPACE',''
  ) );
#1812 = ORIENTED_EDGE('',*,*,#1813,.T.);
#1813 = EDGE_CURVE('',#1791,#1791,#1814,.T.);
#1814 = SURFACE_CURVE('',#1815,(#1820,#1827),.PCURVE_S1.);
#1815 = CIRCLE('',#1816,52.328082488222);
#1816 = AXIS2_PLACEMENT_3D('',#1817,#1818,#1819);
#1817 = CARTESIAN_POINT('',(0.,0.,307.9));
#1818 = DIRECTION('',(-0.,1.110223024625E-16,1.));
#1819 = DIRECTION('',(0.,-1.,1.110223024625E-16));
#1820 = PCURVE('',#1771,#1821);
#1821 = DEFINITIONAL_REPRESENTATION('',(#1822),#1826);
#1822 = LINE('',#1823,#1824);
#1823 = CARTESIAN_POINT('',(0.,0.));
#1824 = VECTOR('',#1825,1.);
#1825 = DIRECTION('',(1.,0.));
#1826 = ( GEOMETRIC_REPRESENTATION_CONTEXT(2) 
PARAMETRIC_REPRESENTATION_CONTEXT() REPRESENTATION_CONTEXT('2D SPACE',''
  ) );
#1827 = PCURVE('',#1828,#1833);
#1828 = PLANE('',#1829);
#1829 = AXIS2_PLACEMENT_3D('',#1830,#1831,#1832);
#1830 = CARTESIAN_POINT('',(0.,0.,307.9));
#1831 = DIRECTION('',(0.,1.110223024625E-16,1.));
#1832 = DIRECTION('',(0.,-1.,1.110223024625E-16));
#1833 = DEFINITIONAL_REPRESENTATION('',(#1834),#1838);
#1834 = CIRCLE('',#1835,52.328082488222);
#1835 = AXIS2_PLACEMENT_2D('',#1836,#1837);
#1836 = CARTESIAN_POINT('',(0.,0.));
#1837 = DIRECTION('',(1.,0.));
#1838 = ( GEOMETRIC_REPRESENTATION_CONTEXT(2) 
PARAMETRIC_REPRESENTATION_CONTEXT() REPRESENTATION_CONTEXT('2D SPACE',''
  ) );
#1839 = ORIENTED_EDGE('',*,*,#1790,.T.);
#1840 = ADVANCED_FACE('',(#1841,#1844),#1828,.F.);
#1841 = FACE_BOUND('',#1842,.F.);
#1842 = EDGE_LOOP('',(#1843));
#1843 = ORIENTED_EDGE('',*,*,#1813,.T.);
#1844 = FACE_BOUND('',#1845,.F.);
#1845 = EDGE_LOOP('',(#1846));
#1846 = ORIENTED_EDGE('',*,*,#1847,.F.);
#1847 = EDGE_CURVE('',#1848,#1848,#1850,.T.);
#1848 = VERTEX_POINT('',#1849);
#1849 = CARTESIAN_POINT('',(-1.218762193077E-14,-49.75974272441,307.9));
#1850 = SURFACE_CURVE('',#1851,(#1856,#1863),.PCURVE_S1.);
#1851 = CIRCLE('',#1852,49.759742724415);
#1852 = AXIS2_PLACEMENT_3D('',#1853,#1854,#1855);
#1853 = CARTESIAN_POINT('',(0.,0.,307.9));
#1854 = DIRECTION('',(-0.,1.110223024625E-16,1.));
#1855 = DIRECTION('',(0.,-1.,1.110223024625E-16));
#1856 = PCURVE('',#1828,#1857);
#1857 = DEFINITIONAL_REPRESENTATION('',(#1858),#1862);
#1858 = CIRCLE('',#1859,49.759742724415);
#1859 = AXIS2_PLACEMENT_2D('',#1860,#1861);
#1860 = CARTESIAN_POINT('',(0.,0.));
#1861 = DIRECTION('',(1.,0.));
#1862 = ( GEOMETRIC_REPRESENTATION_CONTEXT(2) 
PARAMETRIC_REPRESENTATION_CONTEXT() REPRESENTATION_CONTEXT('2D SPACE',''
  ) );
#1863 = PCURVE('',#1864,#1869);
#1864 = PLANE('',#1865);
#1865 = AXIS2_PLACEMENT_3D('',#1866,#1867,#1868);
#1866 = CARTESIAN_POINT('',(-60.,60.,307.9));
#1867 = DIRECTION('',(0.,1.110223024625E-16,1.));
#1868 = DIRECTION('',(0.,-1.,1.110223024625E-16));
#1869 = DEFINITIONAL_REPRESENTATION('',(#1870),#1874);
#1870 = CIRCLE('',#1871,49.759742724415);
#1871 = AXIS2_PLACEMENT_2D('',#1872,#1873);
#1872 = CARTESIAN_POINT('',(60.,60.));
#1873 = DIRECTION('',(1.,0.));
#1874 = ( GEOMETRIC_REPRESENTATION_CONTEXT(2) 
PARAMETRIC_REPRESENTATION_CONTEXT() REPRESENTATION_CONTEXT('2D SPACE',''
  ) );
#1875 = ADVANCED_FACE('',(#1876,#1879),#1864,.F.);
#1876 = FACE_BOUND('',#1877,.F.);
#1877 = EDGE_LOOP('',(#1878));
#1878 = ORIENTED_EDGE('',*,*,#1847,.T.);
#1879 = FACE_BOUND('',#1880,.F.);
#1880 = EDGE_LOOP('',(#1881));
#1881 = ORIENTED_EDGE('',*,*,#1882,.F.);
#1882 = EDGE_CURVE('',#1883,#1883,#1885,.T.);
#1883 = VERTEX_POINT('',#1884);
#1884 = CARTESIAN_POINT('',(-1.07768918325E-14,-44.,307.9));
#1885 = SURFACE_CURVE('',#1886,(#1891,#1898),.PCURVE_S1.);
#1886 = CIRCLE('',#1887,44.);
#1887 = AXIS2_PLACEMENT_3D('',#1888,#1889,#1890);
#1888 = CARTESIAN_POINT('',(0.,0.,307.9));
#1889 = DIRECTION('',(-0.,1.110223024625E-16,1.));
#1890 = DIRECTION('',(0.,-1.,1.110223024625E-16));
#1891 = PCURVE('',#1864,#1892);
#1892 = DEFINITIONAL_REPRESENTATION('',(#1893),#1897);
#1893 = CIRCLE('',#1894,44.);
#1894 = AXIS2_PLACEMENT_2D('',#1895,#1896);
#1895 = CARTESIAN_POINT('',(60.,60.));
#1896 = DIRECTION('',(1.,0.));
#1897 = ( GEOMETRIC_REPRESENTATION_CONTEXT(2) 
PARAMETRIC_REPRESENTATION_CONTEXT() REPRESENTATION_CONTEXT('2D SPACE',''
  ) );
#1898 = PCURVE('',#1899,#1904);
#1899 = SPHERICAL_SURFACE('',#1900,44.);
#1900 = AXIS2_PLACEMENT_3D('',#1901,#1902,#1903);
#1901 = CARTESIAN_POINT('',(0.,0.,307.9));
#1902 = DIRECTION('',(0.,1.110223024625E-16,1.));
#1903 = DIRECTION('',(0.,-1.,1.110223024625E-16));
#1904 = DEFINITIONAL_REPRESENTATION('',(#1905),#1909);
#1905 = LINE('',#1906,#1907);
#1906 = CARTESIAN_POINT('',(0.,0.));
#1907 = VECTOR('',#1908,1.);
#1908 = DIRECTION('',(1.,0.));
#1909 = ( GEOMETRIC_REPRESENTATION_CONTEXT(2) 
PARAMETRIC_REPRESENTATION_CONTEXT() REPRESENTATION_CONTEXT('2D SPACE',''
  ) );
#1910 = ADVANCED_FACE('',(#1911),#1899,.F.);
#1911 = FACE_BOUND('',#1912,.F.);
#1912 = EDGE_LOOP('',(#1913,#1937,#1938));
#1913 = ORIENTED_EDGE('',*,*,#1914,.T.);
#1914 = EDGE_CURVE('',#1883,#1915,#1917,.T.);
#1915 = VERTEX_POINT('',#1916);
#1916 = CARTESIAN_POINT('',(-6.598943043712E-31,2.190758350227E-15,351.9
    ));
#1917 = SEAM_CURVE('',#1918,(#1923,#1930),.PCURVE_S1.);
#1918 = CIRCLE('',#1919,44.);
#1919 = AXIS2_PLACEMENT_3D('',#1920,#1921,#1922);
#1920 = CARTESIAN_POINT('',(0.,0.,307.9));
#1921 = DIRECTION('',(-1.,2.449293598295E-16,-2.719262146894E-32));
#1922 = DIRECTION('',(-2.449293598295E-16,-1.,1.110223024625E-16));
#1923 = PCURVE('',#1899,#1924);
#1924 = DEFINITIONAL_REPRESENTATION('',(#1925),#1929);
#1925 = LINE('',#1926,#1927);
#1926 = CARTESIAN_POINT('',(6.28318530718,-6.28318530718));
#1927 = VECTOR('',#1928,1.);
#1928 = DIRECTION('',(0.,1.));
#1929 = ( GEOMETRIC_REPRESENTATION_CONTEXT(2) 
PARAMETRIC_REPRESENTATION_CONTEXT() REPRESENTATION_CONTEXT('2D SPACE',''
  ) );
#1930 = PCURVE('',#1899,#1931);
#1931 = DEFINITIONAL_REPRESENTATION('',(#1932),#1936);
#1932 = LINE('',#1933,#1934);
#1933 = CARTESIAN_POINT('',(0.,-6.28318530718));
#1934 = VECTOR('',#1935,1.);
#1935 = DIRECTION('',(0.,1.));
#1936 = ( GEOMETRIC_REPRESENTATION_CONTEXT(2) 
PARAMETRIC_REPRESENTATION_CONTEXT() REPRESENTATION_CONTEXT('2D SPACE',''
  ) );
#1937 = ORIENTED_EDGE('',*,*,#1914,.F.);
#1938 = ORIENTED_EDGE('',*,*,#1882,.T.);
#1939 = ( GEOMETRIC_REPRESENTATION_CONTEXT(3) 
GLOBAL_UNCERTAINTY_ASSIGNED_CONTEXT((#1943)) 
GLOBAL_UNIT_ASSIGNED_CONTEXT((#1940,#1941,#1942)) REPRESENTATION_CONTEXT
('Context #1','3D Context with UNIT and UNCERTAINTY') );
#1940 = ( LENGTH_UNIT() NAMED_UNIT(*) SI_UNIT(.MILLI.,.METRE.) );
#1941 = ( NAMED_UNIT(*) PLANE_ANGLE_UNIT() SI_UNIT($,.RADIAN.) );
#1942 = ( NAMED_UNIT(*) SI_UNIT($,.STERADIAN.) SOLID_ANGLE_UNIT() );
#1943 = UNCERTAINTY_MEASURE_WITH_UNIT(LENGTH_MEASURE(1.E-07),#1940,
  'distance_accuracy_value','confusion accuracy');
#1944 = CONTEXT_DEPENDENT_SHAPE_REPRESENTATION(#1945,#1947);
#1945 = ( REPRESENTATION_RELATIONSHIP('','',#1685,#48) 
REPRESENTATION_RELATIONSHIP_WITH_TRANSFORMATION(#1946) 
SHAPE_REPRESENTATION_RELATIONSHIP() );
#1946 = ITEM_DEFINED_TRANSFORMATION('','',#11,#65);
#1947 = PRODUCT_DEFINITION_SHAPE('Placement','Placement of an item',
  #1948);
#1948 = NEXT_ASSEMBLY_USAGE_OCCURRENCE('30',
  'V3_DOME_POLYCARBONATE_BR107201','',#43,#1680,$);
#1949 = PRODUCT_RELATED_PRODUCT_CATEGORY('part',$,(#1682));
#1950 = SHAPE_DEFINITION_REPRESENTATION(#1951,#1957);
#1951 = PRODUCT_DEFINITION_SHAPE('','',#1952);
#1952 = PRODUCT_DEFINITION('design','',#1953,#1956);
#1953 = PRODUCT_DEFINITION_FORMATION('','',#1954);
#1954 = PRODUCT('V3_DOME_RETAINING_RING_ALUMINIUM',
  'V3_DOME_RETAINING_RING_ALUMINIUM','',(#1955));
#1955 = PRODUCT_CONTEXT('',#2,'mechanical');
#1956 = PRODUCT_DEFINITION_CONTEXT('part definition',#2,'design');
#1957 = ADVANCED_BREP_SHAPE_REPRESENTATION('',(#11,#1958),#2140);
#1958 = MANIFOLD_SOLID_BREP('',#1959);
#1959 = CLOSED_SHELL('',(#1960,#2048,#2083,#2113));
#1960 = ADVANCED_FACE('',(#1961),#1974,.T.);
#1961 = FACE_BOUND('',#1962,.T.);
#1962 = EDGE_LOOP('',(#1963,#1997,#2020,#2047));
#1963 = ORIENTED_EDGE('',*,*,#1964,.F.);
#1964 = EDGE_CURVE('',#1965,#1965,#1967,.T.);
#1965 = VERTEX_POINT('',#1966);
#1966 = CARTESIAN_POINT('',(-1.399771291425E-14,-57.15,318.2500002));
#1967 = SURFACE_CURVE('',#1968,(#1973,#1985),.PCURVE_S1.);
#1968 = CIRCLE('',#1969,57.15);
#1969 = AXIS2_PLACEMENT_3D('',#1970,#1971,#1972);
#1970 = CARTESIAN_POINT('',(0.,1.149080852691E-15,318.2500002));
#1971 = DIRECTION('',(-0.,1.110223024625E-16,1.));
#1972 = DIRECTION('',(0.,-1.,1.110223024625E-16));
#1973 = PCURVE('',#1974,#1979);
#1974 = CYLINDRICAL_SURFACE('',#1975,57.15);
#1975 = AXIS2_PLACEMENT_3D('',#1976,#1977,#1978);
#1976 = CARTESIAN_POINT('',(0.,0.,307.9));
#1977 = DIRECTION('',(0.,1.110223024625E-16,1.));
#1978 = DIRECTION('',(0.,-1.,1.110223024625E-16));
#1979 = DEFINITIONAL_REPRESENTATION('',(#1980),#1984);
#1980 = LINE('',#1981,#1982);
#1981 = CARTESIAN_POINT('',(0.,10.3500002));
#1982 = VECTOR('',#1983,1.);
#1983 = DIRECTION('',(1.,0.));
#1984 = ( GEOMETRIC_REPRESENTATION_CONTEXT(2) 
PARAMETRIC_REPRESENTATION_CONTEXT() REPRESENTATION_CONTEXT('2D SPACE',''
  ) );
#1985 = PCURVE('',#1986,#1991);
#1986 = PLANE('',#1987);
#1987 = AXIS2_PLACEMENT_3D('',#1988,#1989,#1990);
#1988 = CARTESIAN_POINT('',(0.,1.149080852691E-15,318.2500002));
#1989 = DIRECTION('',(0.,1.110223024625E-16,1.));
#1990 = DIRECTION('',(0.,-1.,1.110223024625E-16));
#1991 = DEFINITIONAL_REPRESENTATION('',(#1992),#1996);
#1992 = CIRCLE('',#1993,57.15);
#1993 = AXIS2_PLACEMENT_2D('',#1994,#1995);
#1994 = CARTESIAN_POINT('',(0.,0.));
#1995 = DIRECTION('',(1.,0.));
#1996 = ( GEOMETRIC_REPRESENTATION_CONTEXT(2) 
PARAMETRIC_REPRESENTATION_CONTEXT() REPRESENTATION_CONTEXT('2D SPACE',''
  ) );
#1997 = ORIENTED_EDGE('',*,*,#1998,.F.);
#1998 = EDGE_CURVE('',#1999,#1965,#2001,.T.);
#1999 = VERTEX_POINT('',#2000);
#2000 = CARTESIAN_POINT('',(-1.399771291425E-14,-57.15,307.9));
#2001 = SEAM_CURVE('',#2002,(#2006,#2013),.PCURVE_S1.);
#2002 = LINE('',#2003,#2004);
#2003 = CARTESIAN_POINT('',(-1.399771291425E-14,-57.15,307.9));
#2004 = VECTOR('',#2005,1.);
#2005 = DIRECTION('',(0.,1.110223024625E-16,1.));
#2006 = PCURVE('',#1974,#2007);
#2007 = DEFINITIONAL_REPRESENTATION('',(#2008),#2012);
#2008 = LINE('',#2009,#2010);
#2009 = CARTESIAN_POINT('',(6.28318530718,-0.));
#2010 = VECTOR('',#2011,1.);
#2011 = DIRECTION('',(0.,1.));
#2012 = ( GEOMETRIC_REPRESENTATION_CONTEXT(2) 
PARAMETRIC_REPRESENTATION_CONTEXT() REPRESENTATION_CONTEXT('2D SPACE',''
  ) );
#2013 = PCURVE('',#1974,#2014);
#2014 = DEFINITIONAL_REPRESENTATION('',(#2015),#2019);
#2015 = LINE('',#2016,#2017);
#2016 = CARTESIAN_POINT('',(0.,-0.));
#2017 = VECTOR('',#2018,1.);
#2018 = DIRECTION('',(0.,1.));
#2019 = ( GEOMETRIC_REPRESENTATION_CONTEXT(2) 
PARAMETRIC_REPRESENTATION_CONTEXT() REPRESENTATION_CONTEXT('2D SPACE',''
  ) );
#2020 = ORIENTED_EDGE('',*,*,#2021,.T.);
#2021 = EDGE_CURVE('',#1999,#1999,#2022,.T.);
#2022 = SURFACE_CURVE('',#2023,(#2028,#2035),.PCURVE_S1.);
#2023 = CIRCLE('',#2024,57.15);
#2024 = AXIS2_PLACEMENT_3D('',#2025,#2026,#2027);
#2025 = CARTESIAN_POINT('',(0.,0.,307.9));
#2026 = DIRECTION('',(-0.,1.110223024625E-16,1.));
#2027 = DIRECTION('',(0.,-1.,1.110223024625E-16));
#2028 = PCURVE('',#1974,#2029);
#2029 = DEFINITIONAL_REPRESENTATION('',(#2030),#2034);
#2030 = LINE('',#2031,#2032);
#2031 = CARTESIAN_POINT('',(0.,0.));
#2032 = VECTOR('',#2033,1.);
#2033 = DIRECTION('',(1.,0.));
#2034 = ( GEOMETRIC_REPRESENTATION_CONTEXT(2) 
PARAMETRIC_REPRESENTATION_CONTEXT() REPRESENTATION_CONTEXT('2D SPACE',''
  ) );
#2035 = PCURVE('',#2036,#2041);
#2036 = PLANE('',#2037);
#2037 = AXIS2_PLACEMENT_3D('',#2038,#2039,#2040);
#2038 = CARTESIAN_POINT('',(0.,0.,307.9));
#2039 = DIRECTION('',(0.,1.110223024625E-16,1.));
#2040 = DIRECTION('',(0.,-1.,1.110223024625E-16));
#2041 = DEFINITIONAL_REPRESENTATION('',(#2042),#2046);
#2042 = CIRCLE('',#2043,57.15);
#2043 = AXIS2_PLACEMENT_2D('',#2044,#2045);
#2044 = CARTESIAN_POINT('',(0.,0.));
#2045 = DIRECTION('',(1.,0.));
#2046 = ( GEOMETRIC_REPRESENTATION_CONTEXT(2) 
PARAMETRIC_REPRESENTATION_CONTEXT() REPRESENTATION_CONTEXT('2D SPACE',''
  ) );
#2047 = ORIENTED_EDGE('',*,*,#1998,.T.);
#2048 = ADVANCED_FACE('',(#2049,#2052),#1986,.T.);
#2049 = FACE_BOUND('',#2050,.T.);
#2050 = EDGE_LOOP('',(#2051));
#2051 = ORIENTED_EDGE('',*,*,#1964,.T.);
#2052 = FACE_BOUND('',#2053,.T.);
#2053 = EDGE_LOOP('',(#2054));
#2054 = ORIENTED_EDGE('',*,*,#2055,.F.);
#2055 = EDGE_CURVE('',#2056,#2056,#2058,.T.);
#2056 = VERTEX_POINT('',#2057);
#2057 = CARTESIAN_POINT('',(-1.281668374494E-14,-52.32808248822,
    318.2500002));
#2058 = SURFACE_CURVE('',#2059,(#2064,#2071),.PCURVE_S1.);
#2059 = CIRCLE('',#2060,52.328082488222);
#2060 = AXIS2_PLACEMENT_3D('',#2061,#2062,#2063);
#2061 = CARTESIAN_POINT('',(0.,1.149080852691E-15,318.2500002));
#2062 = DIRECTION('',(-0.,1.110223024625E-16,1.));
#2063 = DIRECTION('',(0.,-1.,1.110223024625E-16));
#2064 = PCURVE('',#1986,#2065);
#2065 = DEFINITIONAL_REPRESENTATION('',(#2066),#2070);
#2066 = CIRCLE('',#2067,52.328082488222);
#2067 = AXIS2_PLACEMENT_2D('',#2068,#2069);
#2068 = CARTESIAN_POINT('',(0.,0.));
#2069 = DIRECTION('',(1.,0.));
#2070 = ( GEOMETRIC_REPRESENTATION_CONTEXT(2) 
PARAMETRIC_REPRESENTATION_CONTEXT() REPRESENTATION_CONTEXT('2D SPACE',''
  ) );
#2071 = PCURVE('',#2072,#2077);
#2072 = CYLINDRICAL_SURFACE('',#2073,52.328082488222);
#2073 = AXIS2_PLACEMENT_3D('',#2074,#2075,#2076);
#2074 = CARTESIAN_POINT('',(0.,0.,307.9));
#2075 = DIRECTION('',(0.,1.110223024625E-16,1.));
#2076 = DIRECTION('',(0.,-1.,1.110223024625E-16));
#2077 = DEFINITIONAL_REPRESENTATION('',(#2078),#2082);
#2078 = LINE('',#2079,#2080);
#2079 = CARTESIAN_POINT('',(0.,10.3500002));
#2080 = VECTOR('',#2081,1.);
#2081 = DIRECTION('',(1.,0.));
#2082 = ( GEOMETRIC_REPRESENTATION_CONTEXT(2) 
PARAMETRIC_REPRESENTATION_CONTEXT() REPRESENTATION_CONTEXT('2D SPACE',''
  ) );
#2083 = ADVANCED_FACE('',(#2084,#2087),#2036,.F.);
#2084 = FACE_BOUND('',#2085,.F.);
#2085 = EDGE_LOOP('',(#2086));
#2086 = ORIENTED_EDGE('',*,*,#2021,.T.);
#2087 = FACE_BOUND('',#2088,.F.);
#2088 = EDGE_LOOP('',(#2089));
#2089 = ORIENTED_EDGE('',*,*,#2090,.F.);
#2090 = EDGE_CURVE('',#2091,#2091,#2093,.T.);
#2091 = VERTEX_POINT('',#2092);
#2092 = CARTESIAN_POINT('',(-1.281668374494E-14,-52.32808248822,307.9));
#2093 = SURFACE_CURVE('',#2094,(#2099,#2106),.PCURVE_S1.);
#2094 = CIRCLE('',#2095,52.328082488222);
#2095 = AXIS2_PLACEMENT_3D('',#2096,#2097,#2098);
#2096 = CARTESIAN_POINT('',(0.,0.,307.9));
#2097 = DIRECTION('',(-0.,1.110223024625E-16,1.));
#2098 = DIRECTION('',(0.,-1.,1.110223024625E-16));
#2099 = PCURVE('',#2036,#2100);
#2100 = DEFINITIONAL_REPRESENTATION('',(#2101),#2105);
#2101 = CIRCLE('',#2102,52.328082488222);
#2102 = AXIS2_PLACEMENT_2D('',#2103,#2104);
#2103 = CARTESIAN_POINT('',(0.,0.));
#2104 = DIRECTION('',(1.,0.));
#2105 = ( GEOMETRIC_REPRESENTATION_CONTEXT(2) 
PARAMETRIC_REPRESENTATION_CONTEXT() REPRESENTATION_CONTEXT('2D SPACE',''
  ) );
#2106 = PCURVE('',#2072,#2107);
#2107 = DEFINITIONAL_REPRESENTATION('',(#2108),#2112);
#2108 = LINE('',#2109,#2110);
#2109 = CARTESIAN_POINT('',(0.,0.));
#2110 = VECTOR('',#2111,1.);
#2111 = DIRECTION('',(1.,0.));
#2112 = ( GEOMETRIC_REPRESENTATION_CONTEXT(2) 
PARAMETRIC_REPRESENTATION_CONTEXT() REPRESENTATION_CONTEXT('2D SPACE',''
  ) );
#2113 = ADVANCED_FACE('',(#2114),#2072,.F.);
#2114 = FACE_BOUND('',#2115,.F.);
#2115 = EDGE_LOOP('',(#2116,#2117,#2138,#2139));
#2116 = ORIENTED_EDGE('',*,*,#2055,.F.);
#2117 = ORIENTED_EDGE('',*,*,#2118,.F.);
#2118 = EDGE_CURVE('',#2091,#2056,#2119,.T.);
#2119 = SEAM_CURVE('',#2120,(#2124,#2131),.PCURVE_S1.);
#2120 = LINE('',#2121,#2122);
#2121 = CARTESIAN_POINT('',(-1.281668374494E-14,-52.32808248822,307.9));
#2122 = VECTOR('',#2123,1.);
#2123 = DIRECTION('',(0.,1.110223024625E-16,1.));
#2124 = PCURVE('',#2072,#2125);
#2125 = DEFINITIONAL_REPRESENTATION('',(#2126),#2130);
#2126 = LINE('',#2127,#2128);
#2127 = CARTESIAN_POINT('',(6.28318530718,-0.));
#2128 = VECTOR('',#2129,1.);
#2129 = DIRECTION('',(0.,1.));
#2130 = ( GEOMETRIC_REPRESENTATION_CONTEXT(2) 
PARAMETRIC_REPRESENTATION_CONTEXT() REPRESENTATION_CONTEXT('2D SPACE',''
  ) );
#2131 = PCURVE('',#2072,#2132);
#2132 = DEFINITIONAL_REPRESENTATION('',(#2133),#2137);
#2133 = LINE('',#2134,#2135);
#2134 = CARTESIAN_POINT('',(0.,-0.));
#2135 = VECTOR('',#2136,1.);
#2136 = DIRECTION('',(0.,1.));
#2137 = ( GEOMETRIC_REPRESENTATION_CONTEXT(2) 
PARAMETRIC_REPRESENTATION_CONTEXT() REPRESENTATION_CONTEXT('2D SPACE',''
  ) );
#2138 = ORIENTED_EDGE('',*,*,#2090,.T.);
#2139 = ORIENTED_EDGE('',*,*,#2118,.T.);
#2140 = ( GEOMETRIC_REPRESENTATION_CONTEXT(3) 
GLOBAL_UNCERTAINTY_ASSIGNED_CONTEXT((#2144)) 
GLOBAL_UNIT_ASSIGNED_CONTEXT((#2141,#2142,#2143)) REPRESENTATION_CONTEXT
('Context #1','3D Context with UNIT and UNCERTAINTY') );
#2141 = ( LENGTH_UNIT() NAMED_UNIT(*) SI_UNIT(.MILLI.,.METRE.) );
#2142 = ( NAMED_UNIT(*) PLANE_ANGLE_UNIT() SI_UNIT($,.RADIAN.) );
#2143 = ( NAMED_UNIT(*) SI_UNIT($,.STERADIAN.) SOLID_ANGLE_UNIT() );
#2144 = UNCERTAINTY_MEASURE_WITH_UNIT(LENGTH_MEASURE(1.E-07),#2141,
  'distance_accuracy_value','confusion accuracy');
#2145 = CONTEXT_DEPENDENT_SHAPE_REPRESENTATION(#2146,#2148);
#2146 = ( REPRESENTATION_RELATIONSHIP('','',#1957,#48) 
REPRESENTATION_RELATIONSHIP_WITH_TRANSFORMATION(#2147) 
SHAPE_REPRESENTATION_RELATIONSHIP() );
#2147 = ITEM_DEFINED_TRANSFORMATION('','',#11,#69);
#2148 = PRODUCT_DEFINITION_SHAPE('Placement','Placement of an item',
  #2149);
#2149 = NEXT_ASSEMBLY_USAGE_OCCURRENCE('31',
  'V3_DOME_RETAINING_RING_ALUMINIUM','',#43,#1952,$);
#2150 = PRODUCT_RELATED_PRODUCT_CATEGORY('part',$,(#1954));
#2151 = SHAPE_DEFINITION_REPRESENTATION(#2152,#2158);
#2152 = PRODUCT_DEFINITION_SHAPE('','',#2153);
#2153 = PRODUCT_DEFINITION('design','',#2154,#2157);
#2154 = PRODUCT_DEFINITION_FORMATION('','',#2155);
#2155 = PRODUCT('V3_WETLINK_M10_7P5_SOURCE_REVISION_CONFLICT',
  'V3_WETLINK_M10_7P5_SOURCE_REVISION_CONFLICT','',(#2156));
#2156 = PRODUCT_CONTEXT('',#2,'mechanical');
#2157 = PRODUCT_DEFINITION_CONTEXT('part definition',#2,'design');
#2158 = ADVANCED_BREP_SHAPE_REPRESENTATION('',(#11,#2159),#2437);
#2159 = MANIFOLD_SOLID_BREP('',#2160);
#2160 = CLOSED_SHELL('',(#2161,#2249,#2284,#2288,#2343,#2378,#2433));
#2161 = ADVANCED_FACE('',(#2162),#2176,.T.);
#2162 = FACE_BOUND('',#2163,.T.);
#2163 = EDGE_LOOP('',(#2164,#2194,#2221,#2222));
#2164 = ORIENTED_EDGE('',*,*,#2165,.T.);
#2165 = EDGE_CURVE('',#2166,#2168,#2170,.T.);
#2166 = VERTEX_POINT('',#2167);
#2167 = CARTESIAN_POINT('',(-1.224646799147E-15,33.,-18.8));
#2168 = VERTEX_POINT('',#2169);
#2169 = CARTESIAN_POINT('',(-1.224646799147E-15,33.,-39.8));
#2170 = SEAM_CURVE('',#2171,(#2175,#2187),.PCURVE_S1.);
#2171 = LINE('',#2172,#2173);
#2172 = CARTESIAN_POINT('',(-1.224646799147E-15,33.,5.2));
#2173 = VECTOR('',#2174,1.);
#2174 = DIRECTION('',(0.,1.110223024625E-16,-1.));
#2175 = PCURVE('',#2176,#2181);
#2176 = CYLINDRICAL_SURFACE('',#2177,5.);
#2177 = AXIS2_PLACEMENT_3D('',#2178,#2179,#2180);
#2178 = CARTESIAN_POINT('',(0.,28.,5.2));
#2179 = DIRECTION('',(0.,1.110223024625E-16,-1.));
#2180 = DIRECTION('',(0.,1.,1.110223024625E-16));
#2181 = DEFINITIONAL_REPRESENTATION('',(#2182),#2186);
#2182 = LINE('',#2183,#2184);
#2183 = CARTESIAN_POINT('',(6.28318530718,-0.));
#2184 = VECTOR('',#2185,1.);
#2185 = DIRECTION('',(0.,1.));
#2186 = ( GEOMETRIC_REPRESENTATION_CONTEXT(2) 
PARAMETRIC_REPRESENTATION_CONTEXT() REPRESENTATION_CONTEXT('2D SPACE',''
  ) );
#2187 = PCURVE('',#2176,#2188);
#2188 = DEFINITIONAL_REPRESENTATION('',(#2189),#2193);
#2189 = LINE('',#2190,#2191);
#2190 = CARTESIAN_POINT('',(0.,-0.));
#2191 = VECTOR('',#2192,1.);
#2192 = DIRECTION('',(0.,1.));
#2193 = ( GEOMETRIC_REPRESENTATION_CONTEXT(2) 
PARAMETRIC_REPRESENTATION_CONTEXT() REPRESENTATION_CONTEXT('2D SPACE',''
  ) );
#2194 = ORIENTED_EDGE('',*,*,#2195,.F.);
#2195 = EDGE_CURVE('',#2168,#2168,#2196,.T.);
#2196 = SURFACE_CURVE('',#2197,(#2202,#2209),.PCURVE_S1.);
#2197 = CIRCLE('',#2198,5.);
#2198 = AXIS2_PLACEMENT_3D('',#2199,#2200,#2201);
#2199 = CARTESIAN_POINT('',(0.,28.,-39.8));
#2200 = DIRECTION('',(0.,1.110223024625E-16,-1.));
#2201 = DIRECTION('',(0.,1.,1.110223024625E-16));
#2202 = PCURVE('',#2176,#2203);
#2203 = DEFINITIONAL_REPRESENTATION('',(#2204),#2208);
#2204 = LINE('',#2205,#2206);
#2205 = CARTESIAN_POINT('',(0.,45.));
#2206 = VECTOR('',#2207,1.);
#2207 = DIRECTION('',(1.,0.));
#2208 = ( GEOMETRIC_REPRESENTATION_CONTEXT(2) 
PARAMETRIC_REPRESENTATION_CONTEXT() REPRESENTATION_CONTEXT('2D SPACE',''
  ) );
#2209 = PCURVE('',#2210,#2215);
#2210 = PLANE('',#2211);
#2211 = AXIS2_PLACEMENT_3D('',#2212,#2213,#2214);
#2212 = CARTESIAN_POINT('',(0.,28.,-39.8));
#2213 = DIRECTION('',(0.,1.110223024625E-16,-1.));
#2214 = DIRECTION('',(0.,1.,1.110223024625E-16));
#2215 = DEFINITIONAL_REPRESENTATION('',(#2216),#2220);
#2216 = CIRCLE('',#2217,5.);
#2217 = AXIS2_PLACEMENT_2D('',#2218,#2219);
#2218 = CARTESIAN_POINT('',(0.,0.));
#2219 = DIRECTION('',(1.,0.));
#2220 = ( GEOMETRIC_REPRESENTATION_CONTEXT(2) 
PARAMETRIC_REPRESENTATION_CONTEXT() REPRESENTATION_CONTEXT('2D SPACE',''
  ) );
#2221 = ORIENTED_EDGE('',*,*,#2165,.F.);
#2222 = ORIENTED_EDGE('',*,*,#2223,.T.);
#2223 = EDGE_CURVE('',#2166,#2166,#2224,.T.);
#2224 = SURFACE_CURVE('',#2225,(#2230,#2237),.PCURVE_S1.);
#2225 = CIRCLE('',#2226,5.);
#2226 = AXIS2_PLACEMENT_3D('',#2227,#2228,#2229);
#2227 = CARTESIAN_POINT('',(0.,28.,-18.8));
#2228 = DIRECTION('',(0.,1.110223024625E-16,-1.));
#2229 = DIRECTION('',(0.,1.,1.110223024625E-16));
#2230 = PCURVE('',#2176,#2231);
#2231 = DEFINITIONAL_REPRESENTATION('',(#2232),#2236);
#2232 = LINE('',#2233,#2234);
#2233 = CARTESIAN_POINT('',(0.,24.));
#2234 = VECTOR('',#2235,1.);
#2235 = DIRECTION('',(1.,0.));
#2236 = ( GEOMETRIC_REPRESENTATION_CONTEXT(2) 
PARAMETRIC_REPRESENTATION_CONTEXT() REPRESENTATION_CONTEXT('2D SPACE',''
  ) );
#2237 = PCURVE('',#2238,#2243);
#2238 = PLANE('',#2239);
#2239 = AXIS2_PLACEMENT_3D('',#2240,#2241,#2242);
#2240 = CARTESIAN_POINT('',(0.,28.,-18.8));
#2241 = DIRECTION('',(0.,1.110223024625E-16,-1.));
#2242 = DIRECTION('',(0.,1.,1.110223024625E-16));
#2243 = DEFINITIONAL_REPRESENTATION('',(#2244),#2248);
#2244 = CIRCLE('',#2245,5.);
#2245 = AXIS2_PLACEMENT_2D('',#2246,#2247);
#2246 = CARTESIAN_POINT('',(0.,0.));
#2247 = DIRECTION('',(1.,0.));
#2248 = ( GEOMETRIC_REPRESENTATION_CONTEXT(2) 
PARAMETRIC_REPRESENTATION_CONTEXT() REPRESENTATION_CONTEXT('2D SPACE',''
  ) );
#2249 = ADVANCED_FACE('',(#2250,#2281),#2238,.T.);
#2250 = FACE_BOUND('',#2251,.T.);
#2251 = EDGE_LOOP('',(#2252));
#2252 = ORIENTED_EDGE('',*,*,#2253,.T.);
#2253 = EDGE_CURVE('',#2254,#2254,#2256,.T.);
#2254 = VERTEX_POINT('',#2255);
#2255 = CARTESIAN_POINT('',(-1.959434878636E-15,36.,-18.8));
#2256 = SURFACE_CURVE('',#2257,(#2262,#2269),.PCURVE_S1.);
#2257 = CIRCLE('',#2258,8.);
#2258 = AXIS2_PLACEMENT_3D('',#2259,#2260,#2261);
#2259 = CARTESIAN_POINT('',(0.,28.,-18.8));
#2260 = DIRECTION('',(0.,1.110223024625E-16,-1.));
#2261 = DIRECTION('',(0.,1.,1.110223024625E-16));
#2262 = PCURVE('',#2238,#2263);
#2263 = DEFINITIONAL_REPRESENTATION('',(#2264),#2268);
#2264 = CIRCLE('',#2265,8.);
#2265 = AXIS2_PLACEMENT_2D('',#2266,#2267);
#2266 = CARTESIAN_POINT('',(0.,0.));
#2267 = DIRECTION('',(1.,0.));
#2268 = ( GEOMETRIC_REPRESENTATION_CONTEXT(2) 
PARAMETRIC_REPRESENTATION_CONTEXT() REPRESENTATION_CONTEXT('2D SPACE',''
  ) );
#2269 = PCURVE('',#2270,#2275);
#2270 = CYLINDRICAL_SURFACE('',#2271,8.);
#2271 = AXIS2_PLACEMENT_3D('',#2272,#2273,#2274);
#2272 = CARTESIAN_POINT('',(0.,28.,-15.8));
#2273 = DIRECTION('',(0.,1.110223024625E-16,-1.));
#2274 = DIRECTION('',(0.,1.,1.110223024625E-16));
#2275 = DEFINITIONAL_REPRESENTATION('',(#2276),#2280);
#2276 = LINE('',#2277,#2278);
#2277 = CARTESIAN_POINT('',(0.,3.));
#2278 = VECTOR('',#2279,1.);
#2279 = DIRECTION('',(1.,0.));
#2280 = ( GEOMETRIC_REPRESENTATION_CONTEXT(2) 
PARAMETRIC_REPRESENTATION_CONTEXT() REPRESENTATION_CONTEXT('2D SPACE',''
  ) );
#2281 = FACE_BOUND('',#2282,.T.);
#2282 = EDGE_LOOP('',(#2283));
#2283 = ORIENTED_EDGE('',*,*,#2223,.F.);
#2284 = ADVANCED_FACE('',(#2285),#2210,.T.);
#2285 = FACE_BOUND('',#2286,.T.);
#2286 = EDGE_LOOP('',(#2287));
#2287 = ORIENTED_EDGE('',*,*,#2195,.T.);
#2288 = ADVANCED_FACE('',(#2289),#2270,.T.);
#2289 = FACE_BOUND('',#2290,.T.);
#2290 = EDGE_LOOP('',(#2291,#2292,#2315,#2342));
#2291 = ORIENTED_EDGE('',*,*,#2253,.F.);
#2292 = ORIENTED_EDGE('',*,*,#2293,.F.);
#2293 = EDGE_CURVE('',#2294,#2254,#2296,.T.);
#2294 = VERTEX_POINT('',#2295);
#2295 = CARTESIAN_POINT('',(-1.959434878636E-15,36.,-15.8));
#2296 = SEAM_CURVE('',#2297,(#2301,#2308),.PCURVE_S1.);
#2297 = LINE('',#2298,#2299);
#2298 = CARTESIAN_POINT('',(-1.959434878636E-15,36.,-15.8));
#2299 = VECTOR('',#2300,1.);
#2300 = DIRECTION('',(0.,1.110223024625E-16,-1.));
#2301 = PCURVE('',#2270,#2302);
#2302 = DEFINITIONAL_REPRESENTATION('',(#2303),#2307);
#2303 = LINE('',#2304,#2305);
#2304 = CARTESIAN_POINT('',(6.28318530718,-0.));
#2305 = VECTOR('',#2306,1.);
#2306 = DIRECTION('',(0.,1.));
#2307 = ( GEOMETRIC_REPRESENTATION_CONTEXT(2) 
PARAMETRIC_REPRESENTATION_CONTEXT() REPRESENTATION_CONTEXT('2D SPACE',''
  ) );
#2308 = PCURVE('',#2270,#2309);
#2309 = DEFINITIONAL_REPRESENTATION('',(#2310),#2314);
#2310 = LINE('',#2311,#2312);
#2311 = CARTESIAN_POINT('',(0.,-0.));
#2312 = VECTOR('',#2313,1.);
#2313 = DIRECTION('',(0.,1.));
#2314 = ( GEOMETRIC_REPRESENTATION_CONTEXT(2) 
PARAMETRIC_REPRESENTATION_CONTEXT() REPRESENTATION_CONTEXT('2D SPACE',''
  ) );
#2315 = ORIENTED_EDGE('',*,*,#2316,.T.);
#2316 = EDGE_CURVE('',#2294,#2294,#2317,.T.);
#2317 = SURFACE_CURVE('',#2318,(#2323,#2330),.PCURVE_S1.);
#2318 = CIRCLE('',#2319,8.);
#2319 = AXIS2_PLACEMENT_3D('',#2320,#2321,#2322);
#2320 = CARTESIAN_POINT('',(0.,28.,-15.8));
#2321 = DIRECTION('',(0.,1.110223024625E-16,-1.));
#2322 = DIRECTION('',(0.,1.,1.110223024625E-16));
#2323 = PCURVE('',#2270,#2324);
#2324 = DEFINITIONAL_REPRESENTATION('',(#2325),#2329);
#2325 = LINE('',#2326,#2327);
#2326 = CARTESIAN_POINT('',(0.,0.));
#2327 = VECTOR('',#2328,1.);
#2328 = DIRECTION('',(1.,0.));
#2329 = ( GEOMETRIC_REPRESENTATION_CONTEXT(2) 
PARAMETRIC_REPRESENTATION_CONTEXT() REPRESENTATION_CONTEXT('2D SPACE',''
  ) );
#2330 = PCURVE('',#2331,#2336);
#2331 = PLANE('',#2332);
#2332 = AXIS2_PLACEMENT_3D('',#2333,#2334,#2335);
#2333 = CARTESIAN_POINT('',(0.,28.,-15.8));
#2334 = DIRECTION('',(0.,1.110223024625E-16,-1.));
#2335 = DIRECTION('',(0.,1.,1.110223024625E-16));
#2336 = DEFINITIONAL_REPRESENTATION('',(#2337),#2341);
#2337 = CIRCLE('',#2338,8.);
#2338 = AXIS2_PLACEMENT_2D('',#2339,#2340);
#2339 = CARTESIAN_POINT('',(0.,0.));
#2340 = DIRECTION('',(1.,0.));
#2341 = ( GEOMETRIC_REPRESENTATION_CONTEXT(2) 
PARAMETRIC_REPRESENTATION_CONTEXT() REPRESENTATION_CONTEXT('2D SPACE',''
  ) );
#2342 = ORIENTED_EDGE('',*,*,#2293,.T.);
#2343 = ADVANCED_FACE('',(#2344,#2347),#2331,.F.);
#2344 = FACE_BOUND('',#2345,.F.);
#2345 = EDGE_LOOP('',(#2346));
#2346 = ORIENTED_EDGE('',*,*,#2316,.T.);
#2347 = FACE_BOUND('',#2348,.F.);
#2348 = EDGE_LOOP('',(#2349));
#2349 = ORIENTED_EDGE('',*,*,#2350,.F.);
#2350 = EDGE_CURVE('',#2351,#2351,#2353,.T.);
#2351 = VERTEX_POINT('',#2352);
#2352 = CARTESIAN_POINT('',(-1.224646799147E-15,33.,-15.8));
#2353 = SURFACE_CURVE('',#2354,(#2359,#2366),.PCURVE_S1.);
#2354 = CIRCLE('',#2355,5.);
#2355 = AXIS2_PLACEMENT_3D('',#2356,#2357,#2358);
#2356 = CARTESIAN_POINT('',(0.,28.,-15.8));
#2357 = DIRECTION('',(0.,1.110223024625E-16,-1.));
#2358 = DIRECTION('',(0.,1.,1.110223024625E-16));
#2359 = PCURVE('',#2331,#2360);
#2360 = DEFINITIONAL_REPRESENTATION('',(#2361),#2365);
#2361 = CIRCLE('',#2362,5.);
#2362 = AXIS2_PLACEMENT_2D('',#2363,#2364);
#2363 = CARTESIAN_POINT('',(0.,0.));
#2364 = DIRECTION('',(1.,0.));
#2365 = ( GEOMETRIC_REPRESENTATION_CONTEXT(2) 
PARAMETRIC_REPRESENTATION_CONTEXT() REPRESENTATION_CONTEXT('2D SPACE',''
  ) );
#2366 = PCURVE('',#2367,#2372);
#2367 = CYLINDRICAL_SURFACE('',#2368,5.);
#2368 = AXIS2_PLACEMENT_3D('',#2369,#2370,#2371);
#2369 = CARTESIAN_POINT('',(0.,28.,5.2));
#2370 = DIRECTION('',(0.,1.110223024625E-16,-1.));
#2371 = DIRECTION('',(0.,1.,1.110223024625E-16));
#2372 = DEFINITIONAL_REPRESENTATION('',(#2373),#2377);
#2373 = LINE('',#2374,#2375);
#2374 = CARTESIAN_POINT('',(0.,21.));
#2375 = VECTOR('',#2376,1.);
#2376 = DIRECTION('',(1.,0.));
#2377 = ( GEOMETRIC_REPRESENTATION_CONTEXT(2) 
PARAMETRIC_REPRESENTATION_CONTEXT() REPRESENTATION_CONTEXT('2D SPACE',''
  ) );
#2378 = ADVANCED_FACE('',(#2379),#2367,.T.);
#2379 = FACE_BOUND('',#2380,.T.);
#2380 = EDGE_LOOP('',(#2381,#2382,#2405,#2432));
#2381 = ORIENTED_EDGE('',*,*,#2350,.F.);
#2382 = ORIENTED_EDGE('',*,*,#2383,.F.);
#2383 = EDGE_CURVE('',#2384,#2351,#2386,.T.);
#2384 = VERTEX_POINT('',#2385);
#2385 = CARTESIAN_POINT('',(-1.224646799147E-15,33.,5.2));
#2386 = SEAM_CURVE('',#2387,(#2391,#2398),.PCURVE_S1.);
#2387 = LINE('',#2388,#2389);
#2388 = CARTESIAN_POINT('',(-1.224646799147E-15,33.,5.2));
#2389 = VECTOR('',#2390,1.);
#2390 = DIRECTION('',(0.,1.110223024625E-16,-1.));
#2391 = PCURVE('',#2367,#2392);
#2392 = DEFINITIONAL_REPRESENTATION('',(#2393),#2397);
#2393 = LINE('',#2394,#2395);
#2394 = CARTESIAN_POINT('',(6.28318530718,-0.));
#2395 = VECTOR('',#2396,1.);
#2396 = DIRECTION('',(0.,1.));
#2397 = ( GEOMETRIC_REPRESENTATION_CONTEXT(2) 
PARAMETRIC_REPRESENTATION_CONTEXT() REPRESENTATION_CONTEXT('2D SPACE',''
  ) );
#2398 = PCURVE('',#2367,#2399);
#2399 = DEFINITIONAL_REPRESENTATION('',(#2400),#2404);
#2400 = LINE('',#2401,#2402);
#2401 = CARTESIAN_POINT('',(0.,-0.));
#2402 = VECTOR('',#2403,1.);
#2403 = DIRECTION('',(0.,1.));
#2404 = ( GEOMETRIC_REPRESENTATION_CONTEXT(2) 
PARAMETRIC_REPRESENTATION_CONTEXT() REPRESENTATION_CONTEXT('2D SPACE',''
  ) );
#2405 = ORIENTED_EDGE('',*,*,#2406,.T.);
#2406 = EDGE_CURVE('',#2384,#2384,#2407,.T.);
#2407 = SURFACE_CURVE('',#2408,(#2413,#2420),.PCURVE_S1.);
#2408 = CIRCLE('',#2409,5.);
#2409 = AXIS2_PLACEMENT_3D('',#2410,#2411,#2412);
#2410 = CARTESIAN_POINT('',(0.,28.,5.2));
#2411 = DIRECTION('',(0.,1.110223024625E-16,-1.));
#2412 = DIRECTION('',(0.,1.,1.110223024625E-16));
#2413 = PCURVE('',#2367,#2414);
#2414 = DEFINITIONAL_REPRESENTATION('',(#2415),#2419);
#2415 = LINE('',#2416,#2417);
#2416 = CARTESIAN_POINT('',(0.,0.));
#2417 = VECTOR('',#2418,1.);
#2418 = DIRECTION('',(1.,0.));
#2419 = ( GEOMETRIC_REPRESENTATION_CONTEXT(2) 
PARAMETRIC_REPRESENTATION_CONTEXT() REPRESENTATION_CONTEXT('2D SPACE',''
  ) );
#2420 = PCURVE('',#2421,#2426);
#2421 = PLANE('',#2422);
#2422 = AXIS2_PLACEMENT_3D('',#2423,#2424,#2425);
#2423 = CARTESIAN_POINT('',(0.,28.,5.2));
#2424 = DIRECTION('',(0.,1.110223024625E-16,-1.));
#2425 = DIRECTION('',(0.,1.,1.110223024625E-16));
#2426 = DEFINITIONAL_REPRESENTATION('',(#2427),#2431);
#2427 = CIRCLE('',#2428,5.);
#2428 = AXIS2_PLACEMENT_2D('',#2429,#2430);
#2429 = CARTESIAN_POINT('',(0.,0.));
#2430 = DIRECTION('',(1.,0.));
#2431 = ( GEOMETRIC_REPRESENTATION_CONTEXT(2) 
PARAMETRIC_REPRESENTATION_CONTEXT() REPRESENTATION_CONTEXT('2D SPACE',''
  ) );
#2432 = ORIENTED_EDGE('',*,*,#2383,.T.);
#2433 = ADVANCED_FACE('',(#2434),#2421,.F.);
#2434 = FACE_BOUND('',#2435,.T.);
#2435 = EDGE_LOOP('',(#2436));
#2436 = ORIENTED_EDGE('',*,*,#2406,.F.);
#2437 = ( GEOMETRIC_REPRESENTATION_CONTEXT(3) 
GLOBAL_UNCERTAINTY_ASSIGNED_CONTEXT((#2441)) 
GLOBAL_UNIT_ASSIGNED_CONTEXT((#2438,#2439,#2440)) REPRESENTATION_CONTEXT
('Context #1','3D Context with UNIT and UNCERTAINTY') );
#2438 = ( LENGTH_UNIT() NAMED_UNIT(*) SI_UNIT(.MILLI.,.METRE.) );
#2439 = ( NAMED_UNIT(*) PLANE_ANGLE_UNIT() SI_UNIT($,.RADIAN.) );
#2440 = ( NAMED_UNIT(*) SI_UNIT($,.STERADIAN.) SOLID_ANGLE_UNIT() );
#2441 = UNCERTAINTY_MEASURE_WITH_UNIT(LENGTH_MEASURE(1.E-07),#2438,
  'distance_accuracy_value','confusion accuracy');
#2442 = CONTEXT_DEPENDENT_SHAPE_REPRESENTATION(#2443,#2445);
#2443 = ( REPRESENTATION_RELATIONSHIP('','',#2158,#48) 
REPRESENTATION_RELATIONSHIP_WITH_TRANSFORMATION(#2444) 
SHAPE_REPRESENTATION_RELATIONSHIP() );
#2444 = ITEM_DEFINED_TRANSFORMATION('','',#11,#73);
#2445 = PRODUCT_DEFINITION_SHAPE('Placement','Placement of an item',
  #2446);
#2446 = NEXT_ASSEMBLY_USAGE_OCCURRENCE('32',
  'V3_WETLINK_M10_7P5_SOURCE_REVISION_CONFLICT','',#43,#2153,$);
#2447 = PRODUCT_RELATED_PRODUCT_CATEGORY('part',$,(#2155));
#2448 = SHAPE_DEFINITION_REPRESENTATION(#2449,#2455);
#2449 = PRODUCT_DEFINITION_SHAPE('','',#2450);
#2450 = PRODUCT_DEFINITION('design','',#2451,#2454);
#2451 = PRODUCT_DEFINITION_FORMATION('','',#2452);
#2452 = PRODUCT('CAMERA_AND_INTERNAL_MOUNT','CAMERA_AND_INTERNAL_MOUNT',
  '',(#2453));
#2453 = PRODUCT_CONTEXT('',#2,'mechanical');
#2454 = PRODUCT_DEFINITION_CONTEXT('part definition',#2,'design');
#2455 = SHAPE_REPRESENTATION('',(#11,#2456,#2460,#2464,#2468,#2472,#2476
    ),#2480);
#2456 = AXIS2_PLACEMENT_3D('',#2457,#2458,#2459);
#2457 = CARTESIAN_POINT('',(0.,0.,0.));
#2458 = DIRECTION('',(0.,0.,1.));
#2459 = DIRECTION('',(1.,0.,-0.));
#2460 = AXIS2_PLACEMENT_3D('',#2461,#2462,#2463);
#2461 = CARTESIAN_POINT('',(0.,0.,0.));
#2462 = DIRECTION('',(0.,0.,1.));
#2463 = DIRECTION('',(1.,0.,-0.));
#2464 = AXIS2_PLACEMENT_3D('',#2465,#2466,#2467);
#2465 = CARTESIAN_POINT('',(0.,0.,0.));
#2466 = DIRECTION('',(0.,0.,1.));
#2467 = DIRECTION('',(1.,0.,-0.));
#2468 = AXIS2_PLACEMENT_3D('',#2469,#2470,#2471);
#2469 = CARTESIAN_POINT('',(0.,0.,0.));
#2470 = DIRECTION('',(0.,0.,1.));
#2471 = DIRECTION('',(1.,0.,-0.));
#2472 = AXIS2_PLACEMENT_3D('',#2473,#2474,#2475);
#2473 = CARTESIAN_POINT('',(0.,0.,0.));
#2474 = DIRECTION('',(0.,0.,1.));
#2475 = DIRECTION('',(1.,0.,-0.));
#2476 = AXIS2_PLACEMENT_3D('',#2477,#2478,#2479);
#2477 = CARTESIAN_POINT('',(0.,0.,0.));
#2478 = DIRECTION('',(0.,0.,1.));
#2479 = DIRECTION('',(1.,0.,-0.));
#2480 = ( GEOMETRIC_REPRESENTATION_CONTEXT(3) 
GLOBAL_UNCERTAINTY_ASSIGNED_CONTEXT((#2484)) 
GLOBAL_UNIT_ASSIGNED_CONTEXT((#2481,#2482,#2483)) REPRESENTATION_CONTEXT
('Context #1','3D Context with UNIT and UNCERTAINTY') );
#2481 = ( LENGTH_UNIT() NAMED_UNIT(*) SI_UNIT(.MILLI.,.METRE.) );
#2482 = ( NAMED_UNIT(*) PLANE_ANGLE_UNIT() SI_UNIT($,.RADIAN.) );
#2483 = ( NAMED_UNIT(*) SI_UNIT($,.STERADIAN.) SOLID_ANGLE_UNIT() );
#2484 = UNCERTAINTY_MEASURE_WITH_UNIT(LENGTH_MEASURE(1.E-07),#2481,
  'distance_accuracy_value','confusion accuracy');
#2485 = CONTEXT_DEPENDENT_SHAPE_REPRESENTATION(#2486,#2488);
#2486 = ( REPRESENTATION_RELATIONSHIP('','',#2455,#10) 
REPRESENTATION_RELATIONSHIP_WITH_TRANSFORMATION(#2487) 
SHAPE_REPRESENTATION_RELATIONSHIP() );
#2487 = ITEM_DEFINED_TRANSFORMATION('','',#11,#19);
#2488 = PRODUCT_DEFINITION_SHAPE('Placement','Placement of an item',
  #2489);
#2489 = NEXT_ASSEMBLY_USAGE_OCCURRENCE('40','','',#5,#2450,$);
#2490 = PRODUCT_RELATED_PRODUCT_CATEGORY('part',$,(#2452));
#2491 = SHAPE_DEFINITION_REPRESENTATION(#2492,#2498);
#2492 = PRODUCT_DEFINITION_SHAPE('','',#2493);
#2493 = PRODUCT_DEFINITION('design','',#2494,#2497);
#2494 = PRODUCT_DEFINITION_FORMATION('','',#2495);
#2495 = PRODUCT('V3_CAMERA_BR_LOW_LIGHT_USB_VENDOR_INTERNALS',
  'V3_CAMERA_BR_LOW_LIGHT_USB_VENDOR_INTERNALS','',(#2496));
#2496 = PRODUCT_CONTEXT('',#2,'mechanical');
#2497 = PRODUCT_DEFINITION_CONTEXT('part definition',#2,'design');
#2498 = ADVANCED_BREP_SHAPE_REPRESENTATION('',(#11,#2499),#3577);
#2499 = MANIFOLD_SOLID_BREP('',#2500);
#2500 = CLOSED_SHELL('',(#2501,#2621,#2935,#2984,#3168,#3195,#3202,#3229
    ,#3256,#3283,#3359,#3408,#3457,#3484,#3511,#3566,#3573));
#2501 = ADVANCED_FACE('',(#2502),#2516,.F.);
#2502 = FACE_BOUND('',#2503,.F.);
#2503 = EDGE_LOOP('',(#2504,#2539,#2567,#2595));
#2504 = ORIENTED_EDGE('',*,*,#2505,.F.);
#2505 = EDGE_CURVE('',#2506,#2508,#2510,.T.);
#2506 = VERTEX_POINT('',#2507);
#2507 = CARTESIAN_POINT('',(-16.,16.,280.));
#2508 = VERTEX_POINT('',#2509);
#2509 = CARTESIAN_POINT('',(-16.,-16.,280.));
#2510 = SURFACE_CURVE('',#2511,(#2515,#2527),.PCURVE_S1.);
#2511 = LINE('',#2512,#2513);
#2512 = CARTESIAN_POINT('',(-16.,16.,280.));
#2513 = VECTOR('',#2514,1.);
#2514 = DIRECTION('',(0.,-1.,1.110223024625E-16));
#2515 = PCURVE('',#2516,#2521);
#2516 = PLANE('',#2517);
#2517 = AXIS2_PLACEMENT_3D('',#2518,#2519,#2520);
#2518 = CARTESIAN_POINT('',(-16.,16.,280.));
#2519 = DIRECTION('',(1.,0.,0.));
#2520 = DIRECTION('',(0.,-1.,1.110223024625E-16));
#2521 = DEFINITIONAL_REPRESENTATION('',(#2522),#2526);
#2522 = LINE('',#2523,#2524);
#2523 = CARTESIAN_POINT('',(0.,0.));
#2524 = VECTOR('',#2525,1.);
#2525 = DIRECTION('',(1.,0.));
#2526 = ( GEOMETRIC_REPRESENTATION_CONTEXT(2) 
PARAMETRIC_REPRESENTATION_CONTEXT() REPRESENTATION_CONTEXT('2D SPACE',''
  ) );
#2527 = PCURVE('',#2528,#2533);
#2528 = PLANE('',#2529);
#2529 = AXIS2_PLACEMENT_3D('',#2530,#2531,#2532);
#2530 = CARTESIAN_POINT('',(-16.,16.,280.));
#2531 = DIRECTION('',(0.,1.110223024625E-16,1.));
#2532 = DIRECTION('',(0.,-1.,1.110223024625E-16));
#2533 = DEFINITIONAL_REPRESENTATION('',(#2534),#2538);
#2534 = LINE('',#2535,#2536);
#2535 = CARTESIAN_POINT('',(0.,0.));
#2536 = VECTOR('',#2537,1.);
#2537 = DIRECTION('',(1.,0.));
#2538 = ( GEOMETRIC_REPRESENTATION_CONTEXT(2) 
PARAMETRIC_REPRESENTATION_CONTEXT() REPRESENTATION_CONTEXT('2D SPACE',''
  ) );
#2539 = ORIENTED_EDGE('',*,*,#2540,.T.);
#2540 = EDGE_CURVE('',#2506,#2541,#2543,.T.);
#2541 = VERTEX_POINT('',#2542);
#2542 = CARTESIAN_POINT('',(-16.,16.,281.6));
#2543 = SURFACE_CURVE('',#2544,(#2548,#2555),.PCURVE_S1.);
#2544 = LINE('',#2545,#2546);
#2545 = CARTESIAN_POINT('',(-16.,16.,280.));
#2546 = VECTOR('',#2547,1.);
#2547 = DIRECTION('',(0.,1.110223024625E-16,1.));
#2548 = PCURVE('',#2516,#2549);
#2549 = DEFINITIONAL_REPRESENTATION('',(#2550),#2554);
#2550 = LINE('',#2551,#2552);
#2551 = CARTESIAN_POINT('',(0.,0.));
#2552 = VECTOR('',#2553,1.);
#2553 = DIRECTION('',(0.,-1.));
#2554 = ( GEOMETRIC_REPRESENTATION_CONTEXT(2) 
PARAMETRIC_REPRESENTATION_CONTEXT() REPRESENTATION_CONTEXT('2D SPACE',''
  ) );
#2555 = PCURVE('',#2556,#2561);
#2556 = PLANE('',#2557);
#2557 = AXIS2_PLACEMENT_3D('',#2558,#2559,#2560);
#2558 = CARTESIAN_POINT('',(-16.,16.,280.));
#2559 = DIRECTION('',(0.,-1.,1.110223024625E-16));
#2560 = DIRECTION('',(1.,0.,0.));
#2561 = DEFINITIONAL_REPRESENTATION('',(#2562),#2566);
#2562 = LINE('',#2563,#2564);
#2563 = CARTESIAN_POINT('',(0.,0.));
#2564 = VECTOR('',#2565,1.);
#2565 = DIRECTION('',(0.,1.));
#2566 = ( GEOMETRIC_REPRESENTATION_CONTEXT(2) 
PARAMETRIC_REPRESENTATION_CONTEXT() REPRESENTATION_CONTEXT('2D SPACE',''
  ) );
#2567 = ORIENTED_EDGE('',*,*,#2568,.T.);
#2568 = EDGE_CURVE('',#2541,#2569,#2571,.T.);
#2569 = VERTEX_POINT('',#2570);
#2570 = CARTESIAN_POINT('',(-16.,-16.,281.6));
#2571 = SURFACE_CURVE('',#2572,(#2576,#2583),.PCURVE_S1.);
#2572 = LINE('',#2573,#2574);
#2573 = CARTESIAN_POINT('',(-16.,16.,281.6));
#2574 = VECTOR('',#2575,1.);
#2575 = DIRECTION('',(0.,-1.,1.110223024625E-16));
#2576 = PCURVE('',#2516,#2577);
#2577 = DEFINITIONAL_REPRESENTATION('',(#2578),#2582);
#2578 = LINE('',#2579,#2580);
#2579 = CARTESIAN_POINT('',(1.7763568394E-16,-1.6));
#2580 = VECTOR('',#2581,1.);
#2581 = DIRECTION('',(1.,0.));
#2582 = ( GEOMETRIC_REPRESENTATION_CONTEXT(2) 
PARAMETRIC_REPRESENTATION_CONTEXT() REPRESENTATION_CONTEXT('2D SPACE',''
  ) );
#2583 = PCURVE('',#2584,#2589);
#2584 = PLANE('',#2585);
#2585 = AXIS2_PLACEMENT_3D('',#2586,#2587,#2588);
#2586 = CARTESIAN_POINT('',(-16.,16.,281.6));
#2587 = DIRECTION('',(0.,1.110223024625E-16,1.));
#2588 = DIRECTION('',(0.,-1.,1.110223024625E-16));
#2589 = DEFINITIONAL_REPRESENTATION('',(#2590),#2594);
#2590 = LINE('',#2591,#2592);
#2591 = CARTESIAN_POINT('',(0.,0.));
#2592 = VECTOR('',#2593,1.);
#2593 = DIRECTION('',(1.,0.));
#2594 = ( GEOMETRIC_REPRESENTATION_CONTEXT(2) 
PARAMETRIC_REPRESENTATION_CONTEXT() REPRESENTATION_CONTEXT('2D SPACE',''
  ) );
#2595 = ORIENTED_EDGE('',*,*,#2596,.F.);
#2596 = EDGE_CURVE('',#2508,#2569,#2597,.T.);
#2597 = SURFACE_CURVE('',#2598,(#2602,#2609),.PCURVE_S1.);
#2598 = LINE('',#2599,#2600);
#2599 = CARTESIAN_POINT('',(-16.,-16.,280.));
#2600 = VECTOR('',#2601,1.);
#2601 = DIRECTION('',(0.,1.110223024625E-16,1.));
#2602 = PCURVE('',#2516,#2603);
#2603 = DEFINITIONAL_REPRESENTATION('',(#2604),#2608);
#2604 = LINE('',#2605,#2606);
#2605 = CARTESIAN_POINT('',(32.,3.552713678801E-15));
#2606 = VECTOR('',#2607,1.);
#2607 = DIRECTION('',(0.,-1.));
#2608 = ( GEOMETRIC_REPRESENTATION_CONTEXT(2) 
PARAMETRIC_REPRESENTATION_CONTEXT() REPRESENTATION_CONTEXT('2D SPACE',''
  ) );
#2609 = PCURVE('',#2610,#2615);
#2610 = PLANE('',#2611);
#2611 = AXIS2_PLACEMENT_3D('',#2612,#2613,#2614);
#2612 = CARTESIAN_POINT('',(-16.,-16.,280.));
#2613 = DIRECTION('',(0.,-1.,1.110223024625E-16));
#2614 = DIRECTION('',(1.,0.,0.));
#2615 = DEFINITIONAL_REPRESENTATION('',(#2616),#2620);
#2616 = LINE('',#2617,#2618);
#2617 = CARTESIAN_POINT('',(0.,0.));
#2618 = VECTOR('',#2619,1.);
#2619 = DIRECTION('',(0.,1.));
#2620 = ( GEOMETRIC_REPRESENTATION_CONTEXT(2) 
PARAMETRIC_REPRESENTATION_CONTEXT() REPRESENTATION_CONTEXT('2D SPACE',''
  ) );
#2621 = ADVANCED_FACE('',(#2622,#2697,#2728,#2759,#2790,#2904),#2528,.F.
  );
#2622 = FACE_BOUND('',#2623,.F.);
#2623 = EDGE_LOOP('',(#2624,#2647,#2648,#2671));
#2624 = ORIENTED_EDGE('',*,*,#2625,.F.);
#2625 = EDGE_CURVE('',#2506,#2626,#2628,.T.);
#2626 = VERTEX_POINT('',#2627);
#2627 = CARTESIAN_POINT('',(16.,16.,280.));
#2628 = SURFACE_CURVE('',#2629,(#2633,#2640),.PCURVE_S1.);
#2629 = LINE('',#2630,#2631);
#2630 = CARTESIAN_POINT('',(-16.,16.,280.));
#2631 = VECTOR('',#2632,1.);
#2632 = DIRECTION('',(1.,0.,0.));
#2633 = PCURVE('',#2528,#2634);
#2634 = DEFINITIONAL_REPRESENTATION('',(#2635),#2639);
#2635 = LINE('',#2636,#2637);
#2636 = CARTESIAN_POINT('',(0.,0.));
#2637 = VECTOR('',#2638,1.);
#2638 = DIRECTION('',(0.,1.));
#2639 = ( GEOMETRIC_REPRESENTATION_CONTEXT(2) 
PARAMETRIC_REPRESENTATION_CONTEXT() REPRESENTATION_CONTEXT('2D SPACE',''
  ) );
#2640 = PCURVE('',#2556,#2641);
#2641 = DEFINITIONAL_REPRESENTATION('',(#2642),#2646);
#2642 = LINE('',#2643,#2644);
#2643 = CARTESIAN_POINT('',(0.,0.));
#2644 = VECTOR('',#2645,1.);
#2645 = DIRECTION('',(1.,0.));
#2646 = ( GEOMETRIC_REPRESENTATION_CONTEXT(2) 
PARAMETRIC_REPRESENTATION_CONTEXT() REPRESENTATION_CONTEXT('2D SPACE',''
  ) );
#2647 = ORIENTED_EDGE('',*,*,#2505,.T.);
#2648 = ORIENTED_EDGE('',*,*,#2649,.T.);
#2649 = EDGE_CURVE('',#2508,#2650,#2652,.T.);
#2650 = VERTEX_POINT('',#2651);
#2651 = CARTESIAN_POINT('',(16.,-16.,280.));
#2652 = SURFACE_CURVE('',#2653,(#2657,#2664),.PCURVE_S1.);
#2653 = LINE('',#2654,#2655);
#2654 = CARTESIAN_POINT('',(-16.,-16.,280.));
#2655 = VECTOR('',#2656,1.);
#2656 = DIRECTION('',(1.,0.,0.));
#2657 = PCURVE('',#2528,#2658);
#2658 = DEFINITIONAL_REPRESENTATION('',(#2659),#2663);
#2659 = LINE('',#2660,#2661);
#2660 = CARTESIAN_POINT('',(32.,0.));
#2661 = VECTOR('',#2662,1.);
#2662 = DIRECTION('',(0.,1.));
#2663 = ( GEOMETRIC_REPRESENTATION_CONTEXT(2) 
PARAMETRIC_REPRESENTATION_CONTEXT() REPRESENTATION_CONTEXT('2D SPACE',''
  ) );
#2664 = PCURVE('',#2610,#2665);
#2665 = DEFINITIONAL_REPRESENTATION('',(#2666),#2670);
#2666 = LINE('',#2667,#2668);
#2667 = CARTESIAN_POINT('',(0.,0.));
#2668 = VECTOR('',#2669,1.);
#2669 = DIRECTION('',(1.,0.));
#2670 = ( GEOMETRIC_REPRESENTATION_CONTEXT(2) 
PARAMETRIC_REPRESENTATION_CONTEXT() REPRESENTATION_CONTEXT('2D SPACE',''
  ) );
#2671 = ORIENTED_EDGE('',*,*,#2672,.F.);
#2672 = EDGE_CURVE('',#2626,#2650,#2673,.T.);
#2673 = SURFACE_CURVE('',#2674,(#2678,#2685),.PCURVE_S1.);
#2674 = LINE('',#2675,#2676);
#2675 = CARTESIAN_POINT('',(16.,16.,280.));
#2676 = VECTOR('',#2677,1.);
#2677 = DIRECTION('',(0.,-1.,1.110223024625E-16));
#2678 = PCURVE('',#2528,#2679);
#2679 = DEFINITIONAL_REPRESENTATION('',(#2680),#2684);
#2680 = LINE('',#2681,#2682);
#2681 = CARTESIAN_POINT('',(0.,32.));
#2682 = VECTOR('',#2683,1.);
#2683 = DIRECTION('',(1.,0.));
#2684 = ( GEOMETRIC_REPRESENTATION_CONTEXT(2) 
PARAMETRIC_REPRESENTATION_CONTEXT() REPRESENTATION_CONTEXT('2D SPACE',''
  ) );
#2685 = PCURVE('',#2686,#2691);
#2686 = PLANE('',#2687);
#2687 = AXIS2_PLACEMENT_3D('',#2688,#2689,#2690);
#2688 = CARTESIAN_POINT('',(16.,16.,280.));
#2689 = DIRECTION('',(1.,0.,0.));
#2690 = DIRECTION('',(0.,-1.,1.110223024625E-16));
#2691 = DEFINITIONAL_REPRESENTATION('',(#2692),#2696);
#2692 = LINE('',#2693,#2694);
#2693 = CARTESIAN_POINT('',(0.,0.));
#2694 = VECTOR('',#2695,1.);
#2695 = DIRECTION('',(1.,0.));
#2696 = ( GEOMETRIC_REPRESENTATION_CONTEXT(2) 
PARAMETRIC_REPRESENTATION_CONTEXT() REPRESENTATION_CONTEXT('2D SPACE',''
  ) );
#2697 = FACE_BOUND('',#2698,.F.);
#2698 = EDGE_LOOP('',(#2699));
#2699 = ORIENTED_EDGE('',*,*,#2700,.F.);
#2700 = EDGE_CURVE('',#2701,#2701,#2703,.T.);
#2701 = VERTEX_POINT('',#2702);
#2702 = CARTESIAN_POINT('',(-14.,12.78,280.));
#2703 = SURFACE_CURVE('',#2704,(#2709,#2716),.PCURVE_S1.);
#2704 = CIRCLE('',#2705,1.22);
#2705 = AXIS2_PLACEMENT_3D('',#2706,#2707,#2708);
#2706 = CARTESIAN_POINT('',(-14.,14.,280.));
#2707 = DIRECTION('',(-0.,1.110223024625E-16,1.));
#2708 = DIRECTION('',(0.,-1.,1.110223024625E-16));
#2709 = PCURVE('',#2528,#2710);
#2710 = DEFINITIONAL_REPRESENTATION('',(#2711),#2715);
#2711 = CIRCLE('',#2712,1.22);
#2712 = AXIS2_PLACEMENT_2D('',#2713,#2714);
#2713 = CARTESIAN_POINT('',(2.,2.));
#2714 = DIRECTION('',(1.,0.));
#2715 = ( GEOMETRIC_REPRESENTATION_CONTEXT(2) 
PARAMETRIC_REPRESENTATION_CONTEXT() REPRESENTATION_CONTEXT('2D SPACE',''
  ) );
#2716 = PCURVE('',#2717,#2722);
#2717 = CYLINDRICAL_SURFACE('',#2718,1.22);
#2718 = AXIS2_PLACEMENT_3D('',#2719,#2720,#2721);
#2719 = CARTESIAN_POINT('',(-14.,14.,280.));
#2720 = DIRECTION('',(0.,1.110223024625E-16,1.));
#2721 = DIRECTION('',(0.,-1.,1.110223024625E-16));
#2722 = DEFINITIONAL_REPRESENTATION('',(#2723),#2727);
#2723 = LINE('',#2724,#2725);
#2724 = CARTESIAN_POINT('',(0.,0.));
#2725 = VECTOR('',#2726,1.);
#2726 = DIRECTION('',(1.,0.));
#2727 = ( GEOMETRIC_REPRESENTATION_CONTEXT(2) 
PARAMETRIC_REPRESENTATION_CONTEXT() REPRESENTATION_CONTEXT('2D SPACE',''
  ) );
#2728 = FACE_BOUND('',#2729,.F.);
#2729 = EDGE_LOOP('',(#2730));
#2730 = ORIENTED_EDGE('',*,*,#2731,.F.);
#2731 = EDGE_CURVE('',#2732,#2732,#2734,.T.);
#2732 = VERTEX_POINT('',#2733);
#2733 = CARTESIAN_POINT('',(-14.,-15.22,280.));
#2734 = SURFACE_CURVE('',#2735,(#2740,#2747),.PCURVE_S1.);
#2735 = CIRCLE('',#2736,1.22);
#2736 = AXIS2_PLACEMENT_3D('',#2737,#2738,#2739);
#2737 = CARTESIAN_POINT('',(-14.,-14.,280.));
#2738 = DIRECTION('',(-0.,1.110223024625E-16,1.));
#2739 = DIRECTION('',(0.,-1.,1.110223024625E-16));
#2740 = PCURVE('',#2528,#2741);
#2741 = DEFINITIONAL_REPRESENTATION('',(#2742),#2746);
#2742 = CIRCLE('',#2743,1.22);
#2743 = AXIS2_PLACEMENT_2D('',#2744,#2745);
#2744 = CARTESIAN_POINT('',(30.,2.));
#2745 = DIRECTION('',(1.,0.));
#2746 = ( GEOMETRIC_REPRESENTATION_CONTEXT(2) 
PARAMETRIC_REPRESENTATION_CONTEXT() REPRESENTATION_CONTEXT('2D SPACE',''
  ) );
#2747 = PCURVE('',#2748,#2753);
#2748 = CYLINDRICAL_SURFACE('',#2749,1.22);
#2749 = AXIS2_PLACEMENT_3D('',#2750,#2751,#2752);
#2750 = CARTESIAN_POINT('',(-14.,-14.,280.));
#2751 = DIRECTION('',(0.,1.110223024625E-16,1.));
#2752 = DIRECTION('',(0.,-1.,1.110223024625E-16));
#2753 = DEFINITIONAL_REPRESENTATION('',(#2754),#2758);
#2754 = LINE('',#2755,#2756);
#2755 = CARTESIAN_POINT('',(0.,0.));
#2756 = VECTOR('',#2757,1.);
#2757 = DIRECTION('',(1.,0.));
#2758 = ( GEOMETRIC_REPRESENTATION_CONTEXT(2) 
PARAMETRIC_REPRESENTATION_CONTEXT() REPRESENTATION_CONTEXT('2D SPACE',''
  ) );
#2759 = FACE_BOUND('',#2760,.F.);
#2760 = EDGE_LOOP('',(#2761));
#2761 = ORIENTED_EDGE('',*,*,#2762,.F.);
#2762 = EDGE_CURVE('',#2763,#2763,#2765,.T.);
#2763 = VERTEX_POINT('',#2764);
#2764 = CARTESIAN_POINT('',(14.,12.78,280.));
#2765 = SURFACE_CURVE('',#2766,(#2771,#2778),.PCURVE_S1.);
#2766 = CIRCLE('',#2767,1.22);
#2767 = AXIS2_PLACEMENT_3D('',#2768,#2769,#2770);
#2768 = CARTESIAN_POINT('',(14.,14.,280.));
#2769 = DIRECTION('',(-0.,1.110223024625E-16,1.));
#2770 = DIRECTION('',(0.,-1.,1.110223024625E-16));
#2771 = PCURVE('',#2528,#2772);
#2772 = DEFINITIONAL_REPRESENTATION('',(#2773),#2777);
#2773 = CIRCLE('',#2774,1.22);
#2774 = AXIS2_PLACEMENT_2D('',#2775,#2776);
#2775 = CARTESIAN_POINT('',(2.,30.));
#2776 = DIRECTION('',(1.,0.));
#2777 = ( GEOMETRIC_REPRESENTATION_CONTEXT(2) 
PARAMETRIC_REPRESENTATION_CONTEXT() REPRESENTATION_CONTEXT('2D SPACE',''
  ) );
#2778 = PCURVE('',#2779,#2784);
#2779 = CYLINDRICAL_SURFACE('',#2780,1.22);
#2780 = AXIS2_PLACEMENT_3D('',#2781,#2782,#2783);
#2781 = CARTESIAN_POINT('',(14.,14.,280.));
#2782 = DIRECTION('',(0.,1.110223024625E-16,1.));
#2783 = DIRECTION('',(0.,-1.,1.110223024625E-16));
#2784 = DEFINITIONAL_REPRESENTATION('',(#2785),#2789);
#2785 = LINE('',#2786,#2787);
#2786 = CARTESIAN_POINT('',(0.,0.));
#2787 = VECTOR('',#2788,1.);
#2788 = DIRECTION('',(1.,0.));
#2789 = ( GEOMETRIC_REPRESENTATION_CONTEXT(2) 
PARAMETRIC_REPRESENTATION_CONTEXT() REPRESENTATION_CONTEXT('2D SPACE',''
  ) );
#2790 = FACE_BOUND('',#2791,.F.);
#2791 = EDGE_LOOP('',(#2792,#2822,#2850,#2878));
#2792 = ORIENTED_EDGE('',*,*,#2793,.F.);
#2793 = EDGE_CURVE('',#2794,#2796,#2798,.T.);
#2794 = VERTEX_POINT('',#2795);
#2795 = CARTESIAN_POINT('',(-8.,-8.,280.));
#2796 = VERTEX_POINT('',#2797);
#2797 = CARTESIAN_POINT('',(8.,-8.,280.));
#2798 = SURFACE_CURVE('',#2799,(#2803,#2810),.PCURVE_S1.);
#2799 = LINE('',#2800,#2801);
#2800 = CARTESIAN_POINT('',(-8.,-8.,280.));
#2801 = VECTOR('',#2802,1.);
#2802 = DIRECTION('',(1.,0.,0.));
#2803 = PCURVE('',#2528,#2804);
#2804 = DEFINITIONAL_REPRESENTATION('',(#2805),#2809);
#2805 = LINE('',#2806,#2807);
#2806 = CARTESIAN_POINT('',(24.,8.));
#2807 = VECTOR('',#2808,1.);
#2808 = DIRECTION('',(0.,1.));
#2809 = ( GEOMETRIC_REPRESENTATION_CONTEXT(2) 
PARAMETRIC_REPRESENTATION_CONTEXT() REPRESENTATION_CONTEXT('2D SPACE',''
  ) );
#2810 = PCURVE('',#2811,#2816);
#2811 = PLANE('',#2812);
#2812 = AXIS2_PLACEMENT_3D('',#2813,#2814,#2815);
#2813 = CARTESIAN_POINT('',(-8.,-8.,274.));
#2814 = DIRECTION('',(0.,-1.,1.110223024625E-16));
#2815 = DIRECTION('',(1.,0.,0.));
#2816 = DEFINITIONAL_REPRESENTATION('',(#2817),#2821);
#2817 = LINE('',#2818,#2819);
#2818 = CARTESIAN_POINT('',(0.,6.));
#2819 = VECTOR('',#2820,1.);
#2820 = DIRECTION('',(1.,0.));
#2821 = ( GEOMETRIC_REPRESENTATION_CONTEXT(2) 
PARAMETRIC_REPRESENTATION_CONTEXT() REPRESENTATION_CONTEXT('2D SPACE',''
  ) );
#2822 = ORIENTED_EDGE('',*,*,#2823,.F.);
#2823 = EDGE_CURVE('',#2824,#2794,#2826,.T.);
#2824 = VERTEX_POINT('',#2825);
#2825 = CARTESIAN_POINT('',(-8.,8.,280.));
#2826 = SURFACE_CURVE('',#2827,(#2831,#2838),.PCURVE_S1.);
#2827 = LINE('',#2828,#2829);
#2828 = CARTESIAN_POINT('',(-8.,8.,280.));
#2829 = VECTOR('',#2830,1.);
#2830 = DIRECTION('',(0.,-1.,1.110223024625E-16));
#2831 = PCURVE('',#2528,#2832);
#2832 = DEFINITIONAL_REPRESENTATION('',(#2833),#2837);
#2833 = LINE('',#2834,#2835);
#2834 = CARTESIAN_POINT('',(8.,8.));
#2835 = VECTOR('',#2836,1.);
#2836 = DIRECTION('',(1.,0.));
#2837 = ( GEOMETRIC_REPRESENTATION_CONTEXT(2) 
PARAMETRIC_REPRESENTATION_CONTEXT() REPRESENTATION_CONTEXT('2D SPACE',''
  ) );
#2838 = PCURVE('',#2839,#2844);
#2839 = PLANE('',#2840);
#2840 = AXIS2_PLACEMENT_3D('',#2841,#2842,#2843);
#2841 = CARTESIAN_POINT('',(-8.,8.,274.));
#2842 = DIRECTION('',(1.,0.,0.));
#2843 = DIRECTION('',(0.,-1.,1.110223024625E-16));
#2844 = DEFINITIONAL_REPRESENTATION('',(#2845),#2849);
#2845 = LINE('',#2846,#2847);
#2846 = CARTESIAN_POINT('',(6.661338147751E-16,-6.));
#2847 = VECTOR('',#2848,1.);
#2848 = DIRECTION('',(1.,0.));
#2849 = ( GEOMETRIC_REPRESENTATION_CONTEXT(2) 
PARAMETRIC_REPRESENTATION_CONTEXT() REPRESENTATION_CONTEXT('2D SPACE',''
  ) );
#2850 = ORIENTED_EDGE('',*,*,#2851,.T.);
#2851 = EDGE_CURVE('',#2824,#2852,#2854,.T.);
#2852 = VERTEX_POINT('',#2853);
#2853 = CARTESIAN_POINT('',(8.,8.,280.));
#2854 = SURFACE_CURVE('',#2855,(#2859,#2866),.PCURVE_S1.);
#2855 = LINE('',#2856,#2857);
#2856 = CARTESIAN_POINT('',(-8.,8.,280.));
#2857 = VECTOR('',#2858,1.);
#2858 = DIRECTION('',(1.,0.,0.));
#2859 = PCURVE('',#2528,#2860);
#2860 = DEFINITIONAL_REPRESENTATION('',(#2861),#2865);
#2861 = LINE('',#2862,#2863);
#2862 = CARTESIAN_POINT('',(8.,8.));
#2863 = VECTOR('',#2864,1.);
#2864 = DIRECTION('',(0.,1.));
#2865 = ( GEOMETRIC_REPRESENTATION_CONTEXT(2) 
PARAMETRIC_REPRESENTATION_CONTEXT() REPRESENTATION_CONTEXT('2D SPACE',''
  ) );
#2866 = PCURVE('',#2867,#2872);
#2867 = PLANE('',#2868);
#2868 = AXIS2_PLACEMENT_3D('',#2869,#2870,#2871);
#2869 = CARTESIAN_POINT('',(-8.,8.,274.));
#2870 = DIRECTION('',(0.,-1.,1.110223024625E-16));
#2871 = DIRECTION('',(1.,0.,0.));
#2872 = DEFINITIONAL_REPRESENTATION('',(#2873),#2877);
#2873 = LINE('',#2874,#2875);
#2874 = CARTESIAN_POINT('',(0.,6.));
#2875 = VECTOR('',#2876,1.);
#2876 = DIRECTION('',(1.,0.));
#2877 = ( GEOMETRIC_REPRESENTATION_CONTEXT(2) 
PARAMETRIC_REPRESENTATION_CONTEXT() REPRESENTATION_CONTEXT('2D SPACE',''
  ) );
#2878 = ORIENTED_EDGE('',*,*,#2879,.T.);
#2879 = EDGE_CURVE('',#2852,#2796,#2880,.T.);
#2880 = SURFACE_CURVE('',#2881,(#2885,#2892),.PCURVE_S1.);
#2881 = LINE('',#2882,#2883);
#2882 = CARTESIAN_POINT('',(8.,8.,280.));
#2883 = VECTOR('',#2884,1.);
#2884 = DIRECTION('',(0.,-1.,1.110223024625E-16));
#2885 = PCURVE('',#2528,#2886);
#2886 = DEFINITIONAL_REPRESENTATION('',(#2887),#2891);
#2887 = LINE('',#2888,#2889);
#2888 = CARTESIAN_POINT('',(8.,24.));
#2889 = VECTOR('',#2890,1.);
#2890 = DIRECTION('',(1.,0.));
#2891 = ( GEOMETRIC_REPRESENTATION_CONTEXT(2) 
PARAMETRIC_REPRESENTATION_CONTEXT() REPRESENTATION_CONTEXT('2D SPACE',''
  ) );
#2892 = PCURVE('',#2893,#2898);
#2893 = PLANE('',#2894);
#2894 = AXIS2_PLACEMENT_3D('',#2895,#2896,#2897);
#2895 = CARTESIAN_POINT('',(8.,8.,274.));
#2896 = DIRECTION('',(1.,0.,0.));
#2897 = DIRECTION('',(0.,-1.,1.110223024625E-16));
#2898 = DEFINITIONAL_REPRESENTATION('',(#2899),#2903);
#2899 = LINE('',#2900,#2901);
#2900 = CARTESIAN_POINT('',(6.661338147751E-16,-6.));
#2901 = VECTOR('',#2902,1.);
#2902 = DIRECTION('',(1.,0.));
#2903 = ( GEOMETRIC_REPRESENTATION_CONTEXT(2) 
PARAMETRIC_REPRESENTATION_CONTEXT() REPRESENTATION_CONTEXT('2D SPACE',''
  ) );
#2904 = FACE_BOUND('',#2905,.F.);
#2905 = EDGE_LOOP('',(#2906));
#2906 = ORIENTED_EDGE('',*,*,#2907,.F.);
#2907 = EDGE_CURVE('',#2908,#2908,#2910,.T.);
#2908 = VERTEX_POINT('',#2909);
#2909 = CARTESIAN_POINT('',(14.,-15.22,280.));
#2910 = SURFACE_CURVE('',#2911,(#2916,#2923),.PCURVE_S1.);
#2911 = CIRCLE('',#2912,1.22);
#2912 = AXIS2_PLACEMENT_3D('',#2913,#2914,#2915);
#2913 = CARTESIAN_POINT('',(14.,-14.,280.));
#2914 = DIRECTION('',(-0.,1.110223024625E-16,1.));
#2915 = DIRECTION('',(0.,-1.,1.110223024625E-16));
#2916 = PCURVE('',#2528,#2917);
#2917 = DEFINITIONAL_REPRESENTATION('',(#2918),#2922);
#2918 = CIRCLE('',#2919,1.22);
#2919 = AXIS2_PLACEMENT_2D('',#2920,#2921);
#2920 = CARTESIAN_POINT('',(30.,30.));
#2921 = DIRECTION('',(1.,0.));
#2922 = ( GEOMETRIC_REPRESENTATION_CONTEXT(2) 
PARAMETRIC_REPRESENTATION_CONTEXT() REPRESENTATION_CONTEXT('2D SPACE',''
  ) );
#2923 = PCURVE('',#2924,#2929);
#2924 = CYLINDRICAL_SURFACE('',#2925,1.22);
#2925 = AXIS2_PLACEMENT_3D('',#2926,#2927,#2928);
#2926 = CARTESIAN_POINT('',(14.,-14.,280.));
#2927 = DIRECTION('',(0.,1.110223024625E-16,1.));
#2928 = DIRECTION('',(0.,-1.,1.110223024625E-16));
#2929 = DEFINITIONAL_REPRESENTATION('',(#2930),#2934);
#2930 = LINE('',#2931,#2932);
#2931 = CARTESIAN_POINT('',(0.,0.));
#2932 = VECTOR('',#2933,1.);
#2933 = DIRECTION('',(1.,0.));
#2934 = ( GEOMETRIC_REPRESENTATION_CONTEXT(2) 
PARAMETRIC_REPRESENTATION_CONTEXT() REPRESENTATION_CONTEXT('2D SPACE',''
  ) );
#2935 = ADVANCED_FACE('',(#2936),#2610,.T.);
#2936 = FACE_BOUND('',#2937,.T.);
#2937 = EDGE_LOOP('',(#2938,#2939,#2940,#2963));
#2938 = ORIENTED_EDGE('',*,*,#2596,.F.);
#2939 = ORIENTED_EDGE('',*,*,#2649,.T.);
#2940 = ORIENTED_EDGE('',*,*,#2941,.T.);
#2941 = EDGE_CURVE('',#2650,#2942,#2944,.T.);
#2942 = VERTEX_POINT('',#2943);
#2943 = CARTESIAN_POINT('',(16.,-16.,281.6));
#2944 = SURFACE_CURVE('',#2945,(#2949,#2956),.PCURVE_S1.);
#2945 = LINE('',#2946,#2947);
#2946 = CARTESIAN_POINT('',(16.,-16.,280.));
#2947 = VECTOR('',#2948,1.);
#2948 = DIRECTION('',(0.,1.110223024625E-16,1.));
#2949 = PCURVE('',#2610,#2950);
#2950 = DEFINITIONAL_REPRESENTATION('',(#2951),#2955);
#2951 = LINE('',#2952,#2953);
#2952 = CARTESIAN_POINT('',(32.,0.));
#2953 = VECTOR('',#2954,1.);
#2954 = DIRECTION('',(0.,1.));
#2955 = ( GEOMETRIC_REPRESENTATION_CONTEXT(2) 
PARAMETRIC_REPRESENTATION_CONTEXT() REPRESENTATION_CONTEXT('2D SPACE',''
  ) );
#2956 = PCURVE('',#2686,#2957);
#2957 = DEFINITIONAL_REPRESENTATION('',(#2958),#2962);
#2958 = LINE('',#2959,#2960);
#2959 = CARTESIAN_POINT('',(32.,3.552713678801E-15));
#2960 = VECTOR('',#2961,1.);
#2961 = DIRECTION('',(0.,-1.));
#2962 = ( GEOMETRIC_REPRESENTATION_CONTEXT(2) 
PARAMETRIC_REPRESENTATION_CONTEXT() REPRESENTATION_CONTEXT('2D SPACE',''
  ) );
#2963 = ORIENTED_EDGE('',*,*,#2964,.F.);
#2964 = EDGE_CURVE('',#2569,#2942,#2965,.T.);
#2965 = SURFACE_CURVE('',#2966,(#2970,#2977),.PCURVE_S1.);
#2966 = LINE('',#2967,#2968);
#2967 = CARTESIAN_POINT('',(-16.,-16.,281.6));
#2968 = VECTOR('',#2969,1.);
#2969 = DIRECTION('',(1.,0.,0.));
#2970 = PCURVE('',#2610,#2971);
#2971 = DEFINITIONAL_REPRESENTATION('',(#2972),#2976);
#2972 = LINE('',#2973,#2974);
#2973 = CARTESIAN_POINT('',(0.,1.6));
#2974 = VECTOR('',#2975,1.);
#2975 = DIRECTION('',(1.,0.));
#2976 = ( GEOMETRIC_REPRESENTATION_CONTEXT(2) 
PARAMETRIC_REPRESENTATION_CONTEXT() REPRESENTATION_CONTEXT('2D SPACE',''
  ) );
#2977 = PCURVE('',#2584,#2978);
#2978 = DEFINITIONAL_REPRESENTATION('',(#2979),#2983);
#2979 = LINE('',#2980,#2981);
#2980 = CARTESIAN_POINT('',(32.,0.));
#2981 = VECTOR('',#2982,1.);
#2982 = DIRECTION('',(0.,1.));
#2983 = ( GEOMETRIC_REPRESENTATION_CONTEXT(2) 
PARAMETRIC_REPRESENTATION_CONTEXT() REPRESENTATION_CONTEXT('2D SPACE',''
  ) );
#2984 = ADVANCED_FACE('',(#2985,#3033,#3059,#3085,#3111,#3142),#2584,.T.
  );
#2985 = FACE_BOUND('',#2986,.T.);
#2986 = EDGE_LOOP('',(#2987,#3010,#3011,#3012));
#2987 = ORIENTED_EDGE('',*,*,#2988,.F.);
#2988 = EDGE_CURVE('',#2541,#2989,#2991,.T.);
#2989 = VERTEX_POINT('',#2990);
#2990 = CARTESIAN_POINT('',(16.,16.,281.6));
#2991 = SURFACE_CURVE('',#2992,(#2996,#3003),.PCURVE_S1.);
#2992 = LINE('',#2993,#2994);
#2993 = CARTESIAN_POINT('',(-16.,16.,281.6));
#2994 = VECTOR('',#2995,1.);
#2995 = DIRECTION('',(1.,0.,0.));
#2996 = PCURVE('',#2584,#2997);
#2997 = DEFINITIONAL_REPRESENTATION('',(#2998),#3002);
#2998 = LINE('',#2999,#3000);
#2999 = CARTESIAN_POINT('',(0.,0.));
#3000 = VECTOR('',#3001,1.);
#3001 = DIRECTION('',(0.,1.));
#3002 = ( GEOMETRIC_REPRESENTATION_CONTEXT(2) 
PARAMETRIC_REPRESENTATION_CONTEXT() REPRESENTATION_CONTEXT('2D SPACE',''
  ) );
#3003 = PCURVE('',#2556,#3004);
#3004 = DEFINITIONAL_REPRESENTATION('',(#3005),#3009);
#3005 = LINE('',#3006,#3007);
#3006 = CARTESIAN_POINT('',(0.,1.6));
#3007 = VECTOR('',#3008,1.);
#3008 = DIRECTION('',(1.,0.));
#3009 = ( GEOMETRIC_REPRESENTATION_CONTEXT(2) 
PARAMETRIC_REPRESENTATION_CONTEXT() REPRESENTATION_CONTEXT('2D SPACE',''
  ) );
#3010 = ORIENTED_EDGE('',*,*,#2568,.T.);
#3011 = ORIENTED_EDGE('',*,*,#2964,.T.);
#3012 = ORIENTED_EDGE('',*,*,#3013,.F.);
#3013 = EDGE_CURVE('',#2989,#2942,#3014,.T.);
#3014 = SURFACE_CURVE('',#3015,(#3019,#3026),.PCURVE_S1.);
#3015 = LINE('',#3016,#3017);
#3016 = CARTESIAN_POINT('',(16.,16.,281.6));
#3017 = VECTOR('',#3018,1.);
#3018 = DIRECTION('',(0.,-1.,1.110223024625E-16));
#3019 = PCURVE('',#2584,#3020);
#3020 = DEFINITIONAL_REPRESENTATION('',(#3021),#3025);
#3021 = LINE('',#3022,#3023);
#3022 = CARTESIAN_POINT('',(0.,32.));
#3023 = VECTOR('',#3024,1.);
#3024 = DIRECTION('',(1.,0.));
#3025 = ( GEOMETRIC_REPRESENTATION_CONTEXT(2) 
PARAMETRIC_REPRESENTATION_CONTEXT() REPRESENTATION_CONTEXT('2D SPACE',''
  ) );
#3026 = PCURVE('',#2686,#3027);
#3027 = DEFINITIONAL_REPRESENTATION('',(#3028),#3032);
#3028 = LINE('',#3029,#3030);
#3029 = CARTESIAN_POINT('',(1.7763568394E-16,-1.6));
#3030 = VECTOR('',#3031,1.);
#3031 = DIRECTION('',(1.,0.));
#3032 = ( GEOMETRIC_REPRESENTATION_CONTEXT(2) 
PARAMETRIC_REPRESENTATION_CONTEXT() REPRESENTATION_CONTEXT('2D SPACE',''
  ) );
#3033 = FACE_BOUND('',#3034,.T.);
#3034 = EDGE_LOOP('',(#3035));
#3035 = ORIENTED_EDGE('',*,*,#3036,.F.);
#3036 = EDGE_CURVE('',#3037,#3037,#3039,.T.);
#3037 = VERTEX_POINT('',#3038);
#3038 = CARTESIAN_POINT('',(-14.,12.78,281.6));
#3039 = SURFACE_CURVE('',#3040,(#3045,#3052),.PCURVE_S1.);
#3040 = CIRCLE('',#3041,1.22);
#3041 = AXIS2_PLACEMENT_3D('',#3042,#3043,#3044);
#3042 = CARTESIAN_POINT('',(-14.,14.,281.6));
#3043 = DIRECTION('',(-0.,1.110223024625E-16,1.));
#3044 = DIRECTION('',(0.,-1.,1.110223024625E-16));
#3045 = PCURVE('',#2584,#3046);
#3046 = DEFINITIONAL_REPRESENTATION('',(#3047),#3051);
#3047 = CIRCLE('',#3048,1.22);
#3048 = AXIS2_PLACEMENT_2D('',#3049,#3050);
#3049 = CARTESIAN_POINT('',(2.,2.));
#3050 = DIRECTION('',(1.,0.));
#3051 = ( GEOMETRIC_REPRESENTATION_CONTEXT(2) 
PARAMETRIC_REPRESENTATION_CONTEXT() REPRESENTATION_CONTEXT('2D SPACE',''
  ) );
#3052 = PCURVE('',#2717,#3053);
#3053 = DEFINITIONAL_REPRESENTATION('',(#3054),#3058);
#3054 = LINE('',#3055,#3056);
#3055 = CARTESIAN_POINT('',(0.,1.6));
#3056 = VECTOR('',#3057,1.);
#3057 = DIRECTION('',(1.,0.));
#3058 = ( GEOMETRIC_REPRESENTATION_CONTEXT(2) 
PARAMETRIC_REPRESENTATION_CONTEXT() REPRESENTATION_CONTEXT('2D SPACE',''
  ) );
#3059 = FACE_BOUND('',#3060,.T.);
#3060 = EDGE_LOOP('',(#3061));
#3061 = ORIENTED_EDGE('',*,*,#3062,.F.);
#3062 = EDGE_CURVE('',#3063,#3063,#3065,.T.);
#3063 = VERTEX_POINT('',#3064);
#3064 = CARTESIAN_POINT('',(-14.,-15.22,281.6));
#3065 = SURFACE_CURVE('',#3066,(#3071,#3078),.PCURVE_S1.);
#3066 = CIRCLE('',#3067,1.22);
#3067 = AXIS2_PLACEMENT_3D('',#3068,#3069,#3070);
#3068 = CARTESIAN_POINT('',(-14.,-14.,281.6));
#3069 = DIRECTION('',(-0.,1.110223024625E-16,1.));
#3070 = DIRECTION('',(0.,-1.,1.110223024625E-16));
#3071 = PCURVE('',#2584,#3072);
#3072 = DEFINITIONAL_REPRESENTATION('',(#3073),#3077);
#3073 = CIRCLE('',#3074,1.22);
#3074 = AXIS2_PLACEMENT_2D('',#3075,#3076);
#3075 = CARTESIAN_POINT('',(30.,2.));
#3076 = DIRECTION('',(1.,0.));
#3077 = ( GEOMETRIC_REPRESENTATION_CONTEXT(2) 
PARAMETRIC_REPRESENTATION_CONTEXT() REPRESENTATION_CONTEXT('2D SPACE',''
  ) );
#3078 = PCURVE('',#2748,#3079);
#3079 = DEFINITIONAL_REPRESENTATION('',(#3080),#3084);
#3080 = LINE('',#3081,#3082);
#3081 = CARTESIAN_POINT('',(0.,1.6));
#3082 = VECTOR('',#3083,1.);
#3083 = DIRECTION('',(1.,0.));
#3084 = ( GEOMETRIC_REPRESENTATION_CONTEXT(2) 
PARAMETRIC_REPRESENTATION_CONTEXT() REPRESENTATION_CONTEXT('2D SPACE',''
  ) );
#3085 = FACE_BOUND('',#3086,.T.);
#3086 = EDGE_LOOP('',(#3087));
#3087 = ORIENTED_EDGE('',*,*,#3088,.F.);
#3088 = EDGE_CURVE('',#3089,#3089,#3091,.T.);
#3089 = VERTEX_POINT('',#3090);
#3090 = CARTESIAN_POINT('',(14.,12.78,281.6));
#3091 = SURFACE_CURVE('',#3092,(#3097,#3104),.PCURVE_S1.);
#3092 = CIRCLE('',#3093,1.22);
#3093 = AXIS2_PLACEMENT_3D('',#3094,#3095,#3096);
#3094 = CARTESIAN_POINT('',(14.,14.,281.6));
#3095 = DIRECTION('',(-0.,1.110223024625E-16,1.));
#3096 = DIRECTION('',(0.,-1.,1.110223024625E-16));
#3097 = PCURVE('',#2584,#3098);
#3098 = DEFINITIONAL_REPRESENTATION('',(#3099),#3103);
#3099 = CIRCLE('',#3100,1.22);
#3100 = AXIS2_PLACEMENT_2D('',#3101,#3102);
#3101 = CARTESIAN_POINT('',(2.,30.));
#3102 = DIRECTION('',(1.,0.));
#3103 = ( GEOMETRIC_REPRESENTATION_CONTEXT(2) 
PARAMETRIC_REPRESENTATION_CONTEXT() REPRESENTATION_CONTEXT('2D SPACE',''
  ) );
#3104 = PCURVE('',#2779,#3105);
#3105 = DEFINITIONAL_REPRESENTATION('',(#3106),#3110);
#3106 = LINE('',#3107,#3108);
#3107 = CARTESIAN_POINT('',(0.,1.6));
#3108 = VECTOR('',#3109,1.);
#3109 = DIRECTION('',(1.,0.));
#3110 = ( GEOMETRIC_REPRESENTATION_CONTEXT(2) 
PARAMETRIC_REPRESENTATION_CONTEXT() REPRESENTATION_CONTEXT('2D SPACE',''
  ) );
#3111 = FACE_BOUND('',#3112,.T.);
#3112 = EDGE_LOOP('',(#3113));
#3113 = ORIENTED_EDGE('',*,*,#3114,.F.);
#3114 = EDGE_CURVE('',#3115,#3115,#3117,.T.);
#3115 = VERTEX_POINT('',#3116);
#3116 = CARTESIAN_POINT('',(0.,-8.,281.6));
#3117 = SURFACE_CURVE('',#3118,(#3123,#3130),.PCURVE_S1.);
#3118 = CIRCLE('',#3119,8.);
#3119 = AXIS2_PLACEMENT_3D('',#3120,#3121,#3122);
#3120 = CARTESIAN_POINT('',(0.,0.,281.6));
#3121 = DIRECTION('',(-0.,1.110223024625E-16,1.));
#3122 = DIRECTION('',(0.,-1.,1.110223024625E-16));
#3123 = PCURVE('',#2584,#3124);
#3124 = DEFINITIONAL_REPRESENTATION('',(#3125),#3129);
#3125 = CIRCLE('',#3126,8.);
#3126 = AXIS2_PLACEMENT_2D('',#3127,#3128);
#3127 = CARTESIAN_POINT('',(16.,16.));
#3128 = DIRECTION('',(1.,0.));
#3129 = ( GEOMETRIC_REPRESENTATION_CONTEXT(2) 
PARAMETRIC_REPRESENTATION_CONTEXT() REPRESENTATION_CONTEXT('2D SPACE',''
  ) );
#3130 = PCURVE('',#3131,#3136);
#3131 = CYLINDRICAL_SURFACE('',#3132,8.);
#3132 = AXIS2_PLACEMENT_3D('',#3133,#3134,#3135);
#3133 = CARTESIAN_POINT('',(0.,0.,281.6));
#3134 = DIRECTION('',(0.,1.110223024625E-16,1.));
#3135 = DIRECTION('',(0.,-1.,1.110223024625E-16));
#3136 = DEFINITIONAL_REPRESENTATION('',(#3137),#3141);
#3137 = LINE('',#3138,#3139);
#3138 = CARTESIAN_POINT('',(0.,0.));
#3139 = VECTOR('',#3140,1.);
#3140 = DIRECTION('',(1.,0.));
#3141 = ( GEOMETRIC_REPRESENTATION_CONTEXT(2) 
PARAMETRIC_REPRESENTATION_CONTEXT() REPRESENTATION_CONTEXT('2D SPACE',''
  ) );
#3142 = FACE_BOUND('',#3143,.T.);
#3143 = EDGE_LOOP('',(#3144));
#3144 = ORIENTED_EDGE('',*,*,#3145,.F.);
#3145 = EDGE_CURVE('',#3146,#3146,#3148,.T.);
#3146 = VERTEX_POINT('',#3147);
#3147 = CARTESIAN_POINT('',(14.,-15.22,281.6));
#3148 = SURFACE_CURVE('',#3149,(#3154,#3161),.PCURVE_S1.);
#3149 = CIRCLE('',#3150,1.22);
#3150 = AXIS2_PLACEMENT_3D('',#3151,#3152,#3153);
#3151 = CARTESIAN_POINT('',(14.,-14.,281.6));
#3152 = DIRECTION('',(-0.,1.110223024625E-16,1.));
#3153 = DIRECTION('',(0.,-1.,1.110223024625E-16));
#3154 = PCURVE('',#2584,#3155);
#3155 = DEFINITIONAL_REPRESENTATION('',(#3156),#3160);
#3156 = CIRCLE('',#3157,1.22);
#3157 = AXIS2_PLACEMENT_2D('',#3158,#3159);
#3158 = CARTESIAN_POINT('',(30.,30.));
#3159 = DIRECTION('',(1.,0.));
#3160 = ( GEOMETRIC_REPRESENTATION_CONTEXT(2) 
PARAMETRIC_REPRESENTATION_CONTEXT() REPRESENTATION_CONTEXT('2D SPACE',''
  ) );
#3161 = PCURVE('',#2924,#3162);
#3162 = DEFINITIONAL_REPRESENTATION('',(#3163),#3167);
#3163 = LINE('',#3164,#3165);
#3164 = CARTESIAN_POINT('',(0.,1.6));
#3165 = VECTOR('',#3166,1.);
#3166 = DIRECTION('',(1.,0.));
#3167 = ( GEOMETRIC_REPRESENTATION_CONTEXT(2) 
PARAMETRIC_REPRESENTATION_CONTEXT() REPRESENTATION_CONTEXT('2D SPACE',''
  ) );
#3168 = ADVANCED_FACE('',(#3169),#2556,.F.);
#3169 = FACE_BOUND('',#3170,.F.);
#3170 = EDGE_LOOP('',(#3171,#3172,#3173,#3194));
#3171 = ORIENTED_EDGE('',*,*,#2540,.F.);
#3172 = ORIENTED_EDGE('',*,*,#2625,.T.);
#3173 = ORIENTED_EDGE('',*,*,#3174,.T.);
#3174 = EDGE_CURVE('',#2626,#2989,#3175,.T.);
#3175 = SURFACE_CURVE('',#3176,(#3180,#3187),.PCURVE_S1.);
#3176 = LINE('',#3177,#3178);
#3177 = CARTESIAN_POINT('',(16.,16.,280.));
#3178 = VECTOR('',#3179,1.);
#3179 = DIRECTION('',(0.,1.110223024625E-16,1.));
#3180 = PCURVE('',#2556,#3181);
#3181 = DEFINITIONAL_REPRESENTATION('',(#3182),#3186);
#3182 = LINE('',#3183,#3184);
#3183 = CARTESIAN_POINT('',(32.,0.));
#3184 = VECTOR('',#3185,1.);
#3185 = DIRECTION('',(0.,1.));
#3186 = ( GEOMETRIC_REPRESENTATION_CONTEXT(2) 
PARAMETRIC_REPRESENTATION_CONTEXT() REPRESENTATION_CONTEXT('2D SPACE',''
  ) );
#3187 = PCURVE('',#2686,#3188);
#3188 = DEFINITIONAL_REPRESENTATION('',(#3189),#3193);
#3189 = LINE('',#3190,#3191);
#3190 = CARTESIAN_POINT('',(0.,0.));
#3191 = VECTOR('',#3192,1.);
#3192 = DIRECTION('',(0.,-1.));
#3193 = ( GEOMETRIC_REPRESENTATION_CONTEXT(2) 
PARAMETRIC_REPRESENTATION_CONTEXT() REPRESENTATION_CONTEXT('2D SPACE',''
  ) );
#3194 = ORIENTED_EDGE('',*,*,#2988,.F.);
#3195 = ADVANCED_FACE('',(#3196),#2686,.T.);
#3196 = FACE_BOUND('',#3197,.T.);
#3197 = EDGE_LOOP('',(#3198,#3199,#3200,#3201));
#3198 = ORIENTED_EDGE('',*,*,#2672,.F.);
#3199 = ORIENTED_EDGE('',*,*,#3174,.T.);
#3200 = ORIENTED_EDGE('',*,*,#3013,.T.);
#3201 = ORIENTED_EDGE('',*,*,#2941,.F.);
#3202 = ADVANCED_FACE('',(#3203),#2717,.F.);
#3203 = FACE_BOUND('',#3204,.F.);
#3204 = EDGE_LOOP('',(#3205,#3206,#3227,#3228));
#3205 = ORIENTED_EDGE('',*,*,#3036,.F.);
#3206 = ORIENTED_EDGE('',*,*,#3207,.F.);
#3207 = EDGE_CURVE('',#2701,#3037,#3208,.T.);
#3208 = SEAM_CURVE('',#3209,(#3213,#3220),.PCURVE_S1.);
#3209 = LINE('',#3210,#3211);
#3210 = CARTESIAN_POINT('',(-14.,12.78,280.));
#3211 = VECTOR('',#3212,1.);
#3212 = DIRECTION('',(0.,1.110223024625E-16,1.));
#3213 = PCURVE('',#2717,#3214);
#3214 = DEFINITIONAL_REPRESENTATION('',(#3215),#3219);
#3215 = LINE('',#3216,#3217);
#3216 = CARTESIAN_POINT('',(6.28318530718,-0.));
#3217 = VECTOR('',#3218,1.);
#3218 = DIRECTION('',(0.,1.));
#3219 = ( GEOMETRIC_REPRESENTATION_CONTEXT(2) 
PARAMETRIC_REPRESENTATION_CONTEXT() REPRESENTATION_CONTEXT('2D SPACE',''
  ) );
#3220 = PCURVE('',#2717,#3221);
#3221 = DEFINITIONAL_REPRESENTATION('',(#3222),#3226);
#3222 = LINE('',#3223,#3224);
#3223 = CARTESIAN_POINT('',(0.,-0.));
#3224 = VECTOR('',#3225,1.);
#3225 = DIRECTION('',(0.,1.));
#3226 = ( GEOMETRIC_REPRESENTATION_CONTEXT(2) 
PARAMETRIC_REPRESENTATION_CONTEXT() REPRESENTATION_CONTEXT('2D SPACE',''
  ) );
#3227 = ORIENTED_EDGE('',*,*,#2700,.T.);
#3228 = ORIENTED_EDGE('',*,*,#3207,.T.);
#3229 = ADVANCED_FACE('',(#3230),#2748,.F.);
#3230 = FACE_BOUND('',#3231,.F.);
#3231 = EDGE_LOOP('',(#3232,#3233,#3254,#3255));
#3232 = ORIENTED_EDGE('',*,*,#3062,.F.);
#3233 = ORIENTED_EDGE('',*,*,#3234,.F.);
#3234 = EDGE_CURVE('',#2732,#3063,#3235,.T.);
#3235 = SEAM_CURVE('',#3236,(#3240,#3247),.PCURVE_S1.);
#3236 = LINE('',#3237,#3238);
#3237 = CARTESIAN_POINT('',(-14.,-15.22,280.));
#3238 = VECTOR('',#3239,1.);
#3239 = DIRECTION('',(0.,1.110223024625E-16,1.));
#3240 = PCURVE('',#2748,#3241);
#3241 = DEFINITIONAL_REPRESENTATION('',(#3242),#3246);
#3242 = LINE('',#3243,#3244);
#3243 = CARTESIAN_POINT('',(6.28318530718,-0.));
#3244 = VECTOR('',#3245,1.);
#3245 = DIRECTION('',(0.,1.));
#3246 = ( GEOMETRIC_REPRESENTATION_CONTEXT(2) 
PARAMETRIC_REPRESENTATION_CONTEXT() REPRESENTATION_CONTEXT('2D SPACE',''
  ) );
#3247 = PCURVE('',#2748,#3248);
#3248 = DEFINITIONAL_REPRESENTATION('',(#3249),#3253);
#3249 = LINE('',#3250,#3251);
#3250 = CARTESIAN_POINT('',(0.,-0.));
#3251 = VECTOR('',#3252,1.);
#3252 = DIRECTION('',(0.,1.));
#3253 = ( GEOMETRIC_REPRESENTATION_CONTEXT(2) 
PARAMETRIC_REPRESENTATION_CONTEXT() REPRESENTATION_CONTEXT('2D SPACE',''
  ) );
#3254 = ORIENTED_EDGE('',*,*,#2731,.T.);
#3255 = ORIENTED_EDGE('',*,*,#3234,.T.);
#3256 = ADVANCED_FACE('',(#3257),#2779,.F.);
#3257 = FACE_BOUND('',#3258,.F.);
#3258 = EDGE_LOOP('',(#3259,#3260,#3281,#3282));
#3259 = ORIENTED_EDGE('',*,*,#3088,.F.);
#3260 = ORIENTED_EDGE('',*,*,#3261,.F.);
#3261 = EDGE_CURVE('',#2763,#3089,#3262,.T.);
#3262 = SEAM_CURVE('',#3263,(#3267,#3274),.PCURVE_S1.);
#3263 = LINE('',#3264,#3265);
#3264 = CARTESIAN_POINT('',(14.,12.78,280.));
#3265 = VECTOR('',#3266,1.);
#3266 = DIRECTION('',(0.,1.110223024625E-16,1.));
#3267 = PCURVE('',#2779,#3268);
#3268 = DEFINITIONAL_REPRESENTATION('',(#3269),#3273);
#3269 = LINE('',#3270,#3271);
#3270 = CARTESIAN_POINT('',(6.28318530718,-0.));
#3271 = VECTOR('',#3272,1.);
#3272 = DIRECTION('',(0.,1.));
#3273 = ( GEOMETRIC_REPRESENTATION_CONTEXT(2) 
PARAMETRIC_REPRESENTATION_CONTEXT() REPRESENTATION_CONTEXT('2D SPACE',''
  ) );
#3274 = PCURVE('',#2779,#3275);
#3275 = DEFINITIONAL_REPRESENTATION('',(#3276),#3280);
#3276 = LINE('',#3277,#3278);
#3277 = CARTESIAN_POINT('',(0.,-0.));
#3278 = VECTOR('',#3279,1.);
#3279 = DIRECTION('',(0.,1.));
#3280 = ( GEOMETRIC_REPRESENTATION_CONTEXT(2) 
PARAMETRIC_REPRESENTATION_CONTEXT() REPRESENTATION_CONTEXT('2D SPACE',''
  ) );
#3281 = ORIENTED_EDGE('',*,*,#2762,.T.);
#3282 = ORIENTED_EDGE('',*,*,#3261,.T.);
#3283 = ADVANCED_FACE('',(#3284),#2811,.T.);
#3284 = FACE_BOUND('',#3285,.T.);
#3285 = EDGE_LOOP('',(#3286,#3309,#3337,#3358));
#3286 = ORIENTED_EDGE('',*,*,#3287,.F.);
#3287 = EDGE_CURVE('',#3288,#2794,#3290,.T.);
#3288 = VERTEX_POINT('',#3289);
#3289 = CARTESIAN_POINT('',(-8.,-8.,274.));
#3290 = SURFACE_CURVE('',#3291,(#3295,#3302),.PCURVE_S1.);
#3291 = LINE('',#3292,#3293);
#3292 = CARTESIAN_POINT('',(-8.,-8.,274.));
#3293 = VECTOR('',#3294,1.);
#3294 = DIRECTION('',(0.,1.110223024625E-16,1.));
#3295 = PCURVE('',#2811,#3296);
#3296 = DEFINITIONAL_REPRESENTATION('',(#3297),#3301);
#3297 = LINE('',#3298,#3299);
#3298 = CARTESIAN_POINT('',(0.,0.));
#3299 = VECTOR('',#3300,1.);
#3300 = DIRECTION('',(0.,1.));
#3301 = ( GEOMETRIC_REPRESENTATION_CONTEXT(2) 
PARAMETRIC_REPRESENTATION_CONTEXT() REPRESENTATION_CONTEXT('2D SPACE',''
  ) );
#3302 = PCURVE('',#2839,#3303);
#3303 = DEFINITIONAL_REPRESENTATION('',(#3304),#3308);
#3304 = LINE('',#3305,#3306);
#3305 = CARTESIAN_POINT('',(16.,1.7763568394E-15));
#3306 = VECTOR('',#3307,1.);
#3307 = DIRECTION('',(0.,-1.));
#3308 = ( GEOMETRIC_REPRESENTATION_CONTEXT(2) 
PARAMETRIC_REPRESENTATION_CONTEXT() REPRESENTATION_CONTEXT('2D SPACE',''
  ) );
#3309 = ORIENTED_EDGE('',*,*,#3310,.T.);
#3310 = EDGE_CURVE('',#3288,#3311,#3313,.T.);
#3311 = VERTEX_POINT('',#3312);
#3312 = CARTESIAN_POINT('',(8.,-8.,274.));
#3313 = SURFACE_CURVE('',#3314,(#3318,#3325),.PCURVE_S1.);
#3314 = LINE('',#3315,#3316);
#3315 = CARTESIAN_POINT('',(-8.,-8.,274.));
#3316 = VECTOR('',#3317,1.);
#3317 = DIRECTION('',(1.,0.,0.));
#3318 = PCURVE('',#2811,#3319);
#3319 = DEFINITIONAL_REPRESENTATION('',(#3320),#3324);
#3320 = LINE('',#3321,#3322);
#3321 = CARTESIAN_POINT('',(0.,0.));
#3322 = VECTOR('',#3323,1.);
#3323 = DIRECTION('',(1.,0.));
#3324 = ( GEOMETRIC_REPRESENTATION_CONTEXT(2) 
PARAMETRIC_REPRESENTATION_CONTEXT() REPRESENTATION_CONTEXT('2D SPACE',''
  ) );
#3325 = PCURVE('',#3326,#3331);
#3326 = PLANE('',#3327);
#3327 = AXIS2_PLACEMENT_3D('',#3328,#3329,#3330);
#3328 = CARTESIAN_POINT('',(-8.,8.,274.));
#3329 = DIRECTION('',(0.,1.110223024625E-16,1.));
#3330 = DIRECTION('',(0.,-1.,1.110223024625E-16));
#3331 = DEFINITIONAL_REPRESENTATION('',(#3332),#3336);
#3332 = LINE('',#3333,#3334);
#3333 = CARTESIAN_POINT('',(16.,0.));
#3334 = VECTOR('',#3335,1.);
#3335 = DIRECTION('',(0.,1.));
#3336 = ( GEOMETRIC_REPRESENTATION_CONTEXT(2) 
PARAMETRIC_REPRESENTATION_CONTEXT() REPRESENTATION_CONTEXT('2D SPACE',''
  ) );
#3337 = ORIENTED_EDGE('',*,*,#3338,.T.);
#3338 = EDGE_CURVE('',#3311,#2796,#3339,.T.);
#3339 = SURFACE_CURVE('',#3340,(#3344,#3351),.PCURVE_S1.);
#3340 = LINE('',#3341,#3342);
#3341 = CARTESIAN_POINT('',(8.,-8.,274.));
#3342 = VECTOR('',#3343,1.);
#3343 = DIRECTION('',(0.,1.110223024625E-16,1.));
#3344 = PCURVE('',#2811,#3345);
#3345 = DEFINITIONAL_REPRESENTATION('',(#3346),#3350);
#3346 = LINE('',#3347,#3348);
#3347 = CARTESIAN_POINT('',(16.,0.));
#3348 = VECTOR('',#3349,1.);
#3349 = DIRECTION('',(0.,1.));
#3350 = ( GEOMETRIC_REPRESENTATION_CONTEXT(2) 
PARAMETRIC_REPRESENTATION_CONTEXT() REPRESENTATION_CONTEXT('2D SPACE',''
  ) );
#3351 = PCURVE('',#2893,#3352);
#3352 = DEFINITIONAL_REPRESENTATION('',(#3353),#3357);
#3353 = LINE('',#3354,#3355);
#3354 = CARTESIAN_POINT('',(16.,1.7763568394E-15));
#3355 = VECTOR('',#3356,1.);
#3356 = DIRECTION('',(0.,-1.));
#3357 = ( GEOMETRIC_REPRESENTATION_CONTEXT(2) 
PARAMETRIC_REPRESENTATION_CONTEXT() REPRESENTATION_CONTEXT('2D SPACE',''
  ) );
#3358 = ORIENTED_EDGE('',*,*,#2793,.F.);
#3359 = ADVANCED_FACE('',(#3360),#2893,.T.);
#3360 = FACE_BOUND('',#3361,.T.);
#3361 = EDGE_LOOP('',(#3362,#3385,#3406,#3407));
#3362 = ORIENTED_EDGE('',*,*,#3363,.F.);
#3363 = EDGE_CURVE('',#3364,#3311,#3366,.T.);
#3364 = VERTEX_POINT('',#3365);
#3365 = CARTESIAN_POINT('',(8.,8.,274.));
#3366 = SURFACE_CURVE('',#3367,(#3371,#3378),.PCURVE_S1.);
#3367 = LINE('',#3368,#3369);
#3368 = CARTESIAN_POINT('',(8.,8.,274.));
#3369 = VECTOR('',#3370,1.);
#3370 = DIRECTION('',(0.,-1.,1.110223024625E-16));
#3371 = PCURVE('',#2893,#3372);
#3372 = DEFINITIONAL_REPRESENTATION('',(#3373),#3377);
#3373 = LINE('',#3374,#3375);
#3374 = CARTESIAN_POINT('',(0.,0.));
#3375 = VECTOR('',#3376,1.);
#3376 = DIRECTION('',(1.,0.));
#3377 = ( GEOMETRIC_REPRESENTATION_CONTEXT(2) 
PARAMETRIC_REPRESENTATION_CONTEXT() REPRESENTATION_CONTEXT('2D SPACE',''
  ) );
#3378 = PCURVE('',#3326,#3379);
#3379 = DEFINITIONAL_REPRESENTATION('',(#3380),#3384);
#3380 = LINE('',#3381,#3382);
#3381 = CARTESIAN_POINT('',(0.,16.));
#3382 = VECTOR('',#3383,1.);
#3383 = DIRECTION('',(1.,0.));
#3384 = ( GEOMETRIC_REPRESENTATION_CONTEXT(2) 
PARAMETRIC_REPRESENTATION_CONTEXT() REPRESENTATION_CONTEXT('2D SPACE',''
  ) );
#3385 = ORIENTED_EDGE('',*,*,#3386,.T.);
#3386 = EDGE_CURVE('',#3364,#2852,#3387,.T.);
#3387 = SURFACE_CURVE('',#3388,(#3392,#3399),.PCURVE_S1.);
#3388 = LINE('',#3389,#3390);
#3389 = CARTESIAN_POINT('',(8.,8.,274.));
#3390 = VECTOR('',#3391,1.);
#3391 = DIRECTION('',(0.,1.110223024625E-16,1.));
#3392 = PCURVE('',#2893,#3393);
#3393 = DEFINITIONAL_REPRESENTATION('',(#3394),#3398);
#3394 = LINE('',#3395,#3396);
#3395 = CARTESIAN_POINT('',(0.,0.));
#3396 = VECTOR('',#3397,1.);
#3397 = DIRECTION('',(0.,-1.));
#3398 = ( GEOMETRIC_REPRESENTATION_CONTEXT(2) 
PARAMETRIC_REPRESENTATION_CONTEXT() REPRESENTATION_CONTEXT('2D SPACE',''
  ) );
#3399 = PCURVE('',#2867,#3400);
#3400 = DEFINITIONAL_REPRESENTATION('',(#3401),#3405);
#3401 = LINE('',#3402,#3403);
#3402 = CARTESIAN_POINT('',(16.,0.));
#3403 = VECTOR('',#3404,1.);
#3404 = DIRECTION('',(0.,1.));
#3405 = ( GEOMETRIC_REPRESENTATION_CONTEXT(2) 
PARAMETRIC_REPRESENTATION_CONTEXT() REPRESENTATION_CONTEXT('2D SPACE',''
  ) );
#3406 = ORIENTED_EDGE('',*,*,#2879,.T.);
#3407 = ORIENTED_EDGE('',*,*,#3338,.F.);
#3408 = ADVANCED_FACE('',(#3409),#2867,.F.);
#3409 = FACE_BOUND('',#3410,.F.);
#3410 = EDGE_LOOP('',(#3411,#3434,#3455,#3456));
#3411 = ORIENTED_EDGE('',*,*,#3412,.F.);
#3412 = EDGE_CURVE('',#3413,#2824,#3415,.T.);
#3413 = VERTEX_POINT('',#3414);
#3414 = CARTESIAN_POINT('',(-8.,8.,274.));
#3415 = SURFACE_CURVE('',#3416,(#3420,#3427),.PCURVE_S1.);
#3416 = LINE('',#3417,#3418);
#3417 = CARTESIAN_POINT('',(-8.,8.,274.));
#3418 = VECTOR('',#3419,1.);
#3419 = DIRECTION('',(0.,1.110223024625E-16,1.));
#3420 = PCURVE('',#2867,#3421);
#3421 = DEFINITIONAL_REPRESENTATION('',(#3422),#3426);
#3422 = LINE('',#3423,#3424);
#3423 = CARTESIAN_POINT('',(0.,0.));
#3424 = VECTOR('',#3425,1.);
#3425 = DIRECTION('',(0.,1.));
#3426 = ( GEOMETRIC_REPRESENTATION_CONTEXT(2) 
PARAMETRIC_REPRESENTATION_CONTEXT() REPRESENTATION_CONTEXT('2D SPACE',''
  ) );
#3427 = PCURVE('',#2839,#3428);
#3428 = DEFINITIONAL_REPRESENTATION('',(#3429),#3433);
#3429 = LINE('',#3430,#3431);
#3430 = CARTESIAN_POINT('',(0.,0.));
#3431 = VECTOR('',#3432,1.);
#3432 = DIRECTION('',(0.,-1.));
#3433 = ( GEOMETRIC_REPRESENTATION_CONTEXT(2) 
PARAMETRIC_REPRESENTATION_CONTEXT() REPRESENTATION_CONTEXT('2D SPACE',''
  ) );
#3434 = ORIENTED_EDGE('',*,*,#3435,.T.);
#3435 = EDGE_CURVE('',#3413,#3364,#3436,.T.);
#3436 = SURFACE_CURVE('',#3437,(#3441,#3448),.PCURVE_S1.);
#3437 = LINE('',#3438,#3439);
#3438 = CARTESIAN_POINT('',(-8.,8.,274.));
#3439 = VECTOR('',#3440,1.);
#3440 = DIRECTION('',(1.,0.,0.));
#3441 = PCURVE('',#2867,#3442);
#3442 = DEFINITIONAL_REPRESENTATION('',(#3443),#3447);
#3443 = LINE('',#3444,#3445);
#3444 = CARTESIAN_POINT('',(0.,0.));
#3445 = VECTOR('',#3446,1.);
#3446 = DIRECTION('',(1.,0.));
#3447 = ( GEOMETRIC_REPRESENTATION_CONTEXT(2) 
PARAMETRIC_REPRESENTATION_CONTEXT() REPRESENTATION_CONTEXT('2D SPACE',''
  ) );
#3448 = PCURVE('',#3326,#3449);
#3449 = DEFINITIONAL_REPRESENTATION('',(#3450),#3454);
#3450 = LINE('',#3451,#3452);
#3451 = CARTESIAN_POINT('',(0.,0.));
#3452 = VECTOR('',#3453,1.);
#3453 = DIRECTION('',(0.,1.));
#3454 = ( GEOMETRIC_REPRESENTATION_CONTEXT(2) 
PARAMETRIC_REPRESENTATION_CONTEXT() REPRESENTATION_CONTEXT('2D SPACE',''
  ) );
#3455 = ORIENTED_EDGE('',*,*,#3386,.T.);
#3456 = ORIENTED_EDGE('',*,*,#2851,.F.);
#3457 = ADVANCED_FACE('',(#3458),#2839,.F.);
#3458 = FACE_BOUND('',#3459,.F.);
#3459 = EDGE_LOOP('',(#3460,#3481,#3482,#3483));
#3460 = ORIENTED_EDGE('',*,*,#3461,.F.);
#3461 = EDGE_CURVE('',#3413,#3288,#3462,.T.);
#3462 = SURFACE_CURVE('',#3463,(#3467,#3474),.PCURVE_S1.);
#3463 = LINE('',#3464,#3465);
#3464 = CARTESIAN_POINT('',(-8.,8.,274.));
#3465 = VECTOR('',#3466,1.);
#3466 = DIRECTION('',(0.,-1.,1.110223024625E-16));
#3467 = PCURVE('',#2839,#3468);
#3468 = DEFINITIONAL_REPRESENTATION('',(#3469),#3473);
#3469 = LINE('',#3470,#3471);
#3470 = CARTESIAN_POINT('',(0.,0.));
#3471 = VECTOR('',#3472,1.);
#3472 = DIRECTION('',(1.,0.));
#3473 = ( GEOMETRIC_REPRESENTATION_CONTEXT(2) 
PARAMETRIC_REPRESENTATION_CONTEXT() REPRESENTATION_CONTEXT('2D SPACE',''
  ) );
#3474 = PCURVE('',#3326,#3475);
#3475 = DEFINITIONAL_REPRESENTATION('',(#3476),#3480);
#3476 = LINE('',#3477,#3478);
#3477 = CARTESIAN_POINT('',(0.,0.));
#3478 = VECTOR('',#3479,1.);
#3479 = DIRECTION('',(1.,0.));
#3480 = ( GEOMETRIC_REPRESENTATION_CONTEXT(2) 
PARAMETRIC_REPRESENTATION_CONTEXT() REPRESENTATION_CONTEXT('2D SPACE',''
  ) );
#3481 = ORIENTED_EDGE('',*,*,#3412,.T.);
#3482 = ORIENTED_EDGE('',*,*,#2823,.T.);
#3483 = ORIENTED_EDGE('',*,*,#3287,.F.);
#3484 = ADVANCED_FACE('',(#3485),#2924,.F.);
#3485 = FACE_BOUND('',#3486,.F.);
#3486 = EDGE_LOOP('',(#3487,#3488,#3509,#3510));
#3487 = ORIENTED_EDGE('',*,*,#3145,.F.);
#3488 = ORIENTED_EDGE('',*,*,#3489,.F.);
#3489 = EDGE_CURVE('',#2908,#3146,#3490,.T.);
#3490 = SEAM_CURVE('',#3491,(#3495,#3502),.PCURVE_S1.);
#3491 = LINE('',#3492,#3493);
#3492 = CARTESIAN_POINT('',(14.,-15.22,280.));
#3493 = VECTOR('',#3494,1.);
#3494 = DIRECTION('',(0.,1.110223024625E-16,1.));
#3495 = PCURVE('',#2924,#3496);
#3496 = DEFINITIONAL_REPRESENTATION('',(#3497),#3501);
#3497 = LINE('',#3498,#3499);
#3498 = CARTESIAN_POINT('',(6.28318530718,-0.));
#3499 = VECTOR('',#3500,1.);
#3500 = DIRECTION('',(0.,1.));
#3501 = ( GEOMETRIC_REPRESENTATION_CONTEXT(2) 
PARAMETRIC_REPRESENTATION_CONTEXT() REPRESENTATION_CONTEXT('2D SPACE',''
  ) );
#3502 = PCURVE('',#2924,#3503);
#3503 = DEFINITIONAL_REPRESENTATION('',(#3504),#3508);
#3504 = LINE('',#3505,#3506);
#3505 = CARTESIAN_POINT('',(0.,-0.));
#3506 = VECTOR('',#3507,1.);
#3507 = DIRECTION('',(0.,1.));
#3508 = ( GEOMETRIC_REPRESENTATION_CONTEXT(2) 
PARAMETRIC_REPRESENTATION_CONTEXT() REPRESENTATION_CONTEXT('2D SPACE',''
  ) );
#3509 = ORIENTED_EDGE('',*,*,#2907,.T.);
#3510 = ORIENTED_EDGE('',*,*,#3489,.T.);
#3511 = ADVANCED_FACE('',(#3512),#3131,.T.);
#3512 = FACE_BOUND('',#3513,.T.);
#3513 = EDGE_LOOP('',(#3514,#3543,#3564,#3565));
#3514 = ORIENTED_EDGE('',*,*,#3515,.F.);
#3515 = EDGE_CURVE('',#3516,#3516,#3518,.T.);
#3516 = VERTEX_POINT('',#3517);
#3517 = CARTESIAN_POINT('',(0.,-8.,303.35));
#3518 = SURFACE_CURVE('',#3519,(#3524,#3531),.PCURVE_S1.);
#3519 = CIRCLE('',#3520,8.);
#3520 = AXIS2_PLACEMENT_3D('',#3521,#3522,#3523);
#3521 = CARTESIAN_POINT('',(0.,3.552713678801E-15,303.35));
#3522 = DIRECTION('',(-0.,1.110223024625E-16,1.));
#3523 = DIRECTION('',(0.,-1.,1.110223024625E-16));
#3524 = PCURVE('',#3131,#3525);
#3525 = DEFINITIONAL_REPRESENTATION('',(#3526),#3530);
#3526 = LINE('',#3527,#3528);
#3527 = CARTESIAN_POINT('',(0.,21.75));
#3528 = VECTOR('',#3529,1.);
#3529 = DIRECTION('',(1.,0.));
#3530 = ( GEOMETRIC_REPRESENTATION_CONTEXT(2) 
PARAMETRIC_REPRESENTATION_CONTEXT() REPRESENTATION_CONTEXT('2D SPACE',''
  ) );
#3531 = PCURVE('',#3532,#3537);
#3532 = PLANE('',#3533);
#3533 = AXIS2_PLACEMENT_3D('',#3534,#3535,#3536);
#3534 = CARTESIAN_POINT('',(0.,3.552713678801E-15,303.35));
#3535 = DIRECTION('',(0.,1.110223024625E-16,1.));
#3536 = DIRECTION('',(0.,-1.,1.110223024625E-16));
#3537 = DEFINITIONAL_REPRESENTATION('',(#3538),#3542);
#3538 = CIRCLE('',#3539,8.);
#3539 = AXIS2_PLACEMENT_2D('',#3540,#3541);
#3540 = CARTESIAN_POINT('',(0.,0.));
#3541 = DIRECTION('',(1.,0.));
#3542 = ( GEOMETRIC_REPRESENTATION_CONTEXT(2) 
PARAMETRIC_REPRESENTATION_CONTEXT() REPRESENTATION_CONTEXT('2D SPACE',''
  ) );
#3543 = ORIENTED_EDGE('',*,*,#3544,.F.);
#3544 = EDGE_CURVE('',#3115,#3516,#3545,.T.);
#3545 = SEAM_CURVE('',#3546,(#3550,#3557),.PCURVE_S1.);
#3546 = LINE('',#3547,#3548);
#3547 = CARTESIAN_POINT('',(0.,-8.,281.6));
#3548 = VECTOR('',#3549,1.);
#3549 = DIRECTION('',(0.,1.110223024625E-16,1.));
#3550 = PCURVE('',#3131,#3551);
#3551 = DEFINITIONAL_REPRESENTATION('',(#3552),#3556);
#3552 = LINE('',#3553,#3554);
#3553 = CARTESIAN_POINT('',(6.28318530718,-0.));
#3554 = VECTOR('',#3555,1.);
#3555 = DIRECTION('',(0.,1.));
#3556 = ( GEOMETRIC_REPRESENTATION_CONTEXT(2) 
PARAMETRIC_REPRESENTATION_CONTEXT() REPRESENTATION_CONTEXT('2D SPACE',''
  ) );
#3557 = PCURVE('',#3131,#3558);
#3558 = DEFINITIONAL_REPRESENTATION('',(#3559),#3563);
#3559 = LINE('',#3560,#3561);
#3560 = CARTESIAN_POINT('',(0.,-0.));
#3561 = VECTOR('',#3562,1.);
#3562 = DIRECTION('',(0.,1.));
#3563 = ( GEOMETRIC_REPRESENTATION_CONTEXT(2) 
PARAMETRIC_REPRESENTATION_CONTEXT() REPRESENTATION_CONTEXT('2D SPACE',''
  ) );
#3564 = ORIENTED_EDGE('',*,*,#3114,.T.);
#3565 = ORIENTED_EDGE('',*,*,#3544,.T.);
#3566 = ADVANCED_FACE('',(#3567),#3326,.F.);
#3567 = FACE_BOUND('',#3568,.F.);
#3568 = EDGE_LOOP('',(#3569,#3570,#3571,#3572));
#3569 = ORIENTED_EDGE('',*,*,#3435,.F.);
#3570 = ORIENTED_EDGE('',*,*,#3461,.T.);
#3571 = ORIENTED_EDGE('',*,*,#3310,.T.);
#3572 = ORIENTED_EDGE('',*,*,#3363,.F.);
#3573 = ADVANCED_FACE('',(#3574),#3532,.T.);
#3574 = FACE_BOUND('',#3575,.T.);
#3575 = EDGE_LOOP('',(#3576));
#3576 = ORIENTED_EDGE('',*,*,#3515,.T.);
#3577 = ( GEOMETRIC_REPRESENTATION_CONTEXT(3) 
GLOBAL_UNCERTAINTY_ASSIGNED_CONTEXT((#3581)) 
GLOBAL_UNIT_ASSIGNED_CONTEXT((#3578,#3579,#3580)) REPRESENTATION_CONTEXT
('Context #1','3D Context with UNIT and UNCERTAINTY') );
#3578 = ( LENGTH_UNIT() NAMED_UNIT(*) SI_UNIT(.MILLI.,.METRE.) );
#3579 = ( NAMED_UNIT(*) PLANE_ANGLE_UNIT() SI_UNIT($,.RADIAN.) );
#3580 = ( NAMED_UNIT(*) SI_UNIT($,.STERADIAN.) SOLID_ANGLE_UNIT() );
#3581 = UNCERTAINTY_MEASURE_WITH_UNIT(LENGTH_MEASURE(1.E-07),#3578,
  'distance_accuracy_value','confusion accuracy');
#3582 = CONTEXT_DEPENDENT_SHAPE_REPRESENTATION(#3583,#3585);
#3583 = ( REPRESENTATION_RELATIONSHIP('','',#2498,#2455) 
REPRESENTATION_RELATIONSHIP_WITH_TRANSFORMATION(#3584) 
SHAPE_REPRESENTATION_RELATIONSHIP() );
#3584 = ITEM_DEFINED_TRANSFORMATION('','',#11,#2456);
#3585 = PRODUCT_DEFINITION_SHAPE('Placement','Placement of an item',
  #3586);
#3586 = NEXT_ASSEMBLY_USAGE_OCCURRENCE('34',
  'V3_CAMERA_BR_LOW_LIGHT_USB_VENDOR_INTERNALS','',#2450,#2493,$);
#3587 = PRODUCT_RELATED_PRODUCT_CATEGORY('part',$,(#2495));
#3588 = SHAPE_DEFINITION_REPRESENTATION(#3589,#3595);
#3589 = PRODUCT_DEFINITION_SHAPE('','',#3590);
#3590 = PRODUCT_DEFINITION('design','',#3591,#3594);
#3591 = PRODUCT_DEFINITION_FORMATION('','',#3592);
#3592 = PRODUCT('V3_CAMERA_TRAY_PEEK_ALLOCATION',
  'V3_CAMERA_TRAY_PEEK_ALLOCATION','',(#3593));
#3593 = PRODUCT_CONTEXT('',#2,'mechanical');
#3594 = PRODUCT_DEFINITION_CONTEXT('part definition',#2,'design');
#3595 = ADVANCED_BREP_SHAPE_REPRESENTATION('',(#11,#3596),#4242);
#3596 = MANIFOLD_SOLID_BREP('',#3597);
#3597 = CLOSED_SHELL('',(#3598,#3718,#3794,#3957,#4006,#4127,#4134,#4181
    ,#4208,#4235));
#3598 = ADVANCED_FACE('',(#3599),#3613,.F.);
#3599 = FACE_BOUND('',#3600,.F.);
#3600 = EDGE_LOOP('',(#3601,#3636,#3664,#3692));
#3601 = ORIENTED_EDGE('',*,*,#3602,.F.);
#3602 = EDGE_CURVE('',#3603,#3605,#3607,.T.);
#3603 = VERTEX_POINT('',#3604);
#3604 = CARTESIAN_POINT('',(-22.,-22.,263.));
#3605 = VERTEX_POINT('',#3606);
#3606 = CARTESIAN_POINT('',(-22.,-22.,266.));
#3607 = SURFACE_CURVE('',#3608,(#3612,#3624),.PCURVE_S1.);
#3608 = LINE('',#3609,#3610);
#3609 = CARTESIAN_POINT('',(-22.,-22.,263.));
#3610 = VECTOR('',#3611,1.);
#3611 = DIRECTION('',(0.,0.,1.));
#3612 = PCURVE('',#3613,#3618);
#3613 = PLANE('',#3614);
#3614 = AXIS2_PLACEMENT_3D('',#3615,#3616,#3617);
#3615 = CARTESIAN_POINT('',(-22.,-22.,263.));
#3616 = DIRECTION('',(1.,0.,0.));
#3617 = DIRECTION('',(0.,0.,1.));
#3618 = DEFINITIONAL_REPRESENTATION('',(#3619),#3623);
#3619 = LINE('',#3620,#3621);
#3620 = CARTESIAN_POINT('',(0.,0.));
#3621 = VECTOR('',#3622,1.);
#3622 = DIRECTION('',(1.,0.));
#3623 = ( GEOMETRIC_REPRESENTATION_CONTEXT(2) 
PARAMETRIC_REPRESENTATION_CONTEXT() REPRESENTATION_CONTEXT('2D SPACE',''
  ) );
#3624 = PCURVE('',#3625,#3630);
#3625 = PLANE('',#3626);
#3626 = AXIS2_PLACEMENT_3D('',#3627,#3628,#3629);
#3627 = CARTESIAN_POINT('',(-22.,-22.,263.));
#3628 = DIRECTION('',(0.,1.,0.));
#3629 = DIRECTION('',(0.,0.,1.));
#3630 = DEFINITIONAL_REPRESENTATION('',(#3631),#3635);
#3631 = LINE('',#3632,#3633);
#3632 = CARTESIAN_POINT('',(0.,0.));
#3633 = VECTOR('',#3634,1.);
#3634 = DIRECTION('',(1.,0.));
#3635 = ( GEOMETRIC_REPRESENTATION_CONTEXT(2) 
PARAMETRIC_REPRESENTATION_CONTEXT() REPRESENTATION_CONTEXT('2D SPACE',''
  ) );
#3636 = ORIENTED_EDGE('',*,*,#3637,.T.);
#3637 = EDGE_CURVE('',#3603,#3638,#3640,.T.);
#3638 = VERTEX_POINT('',#3639);
#3639 = CARTESIAN_POINT('',(-22.,22.,263.));
#3640 = SURFACE_CURVE('',#3641,(#3645,#3652),.PCURVE_S1.);
#3641 = LINE('',#3642,#3643);
#3642 = CARTESIAN_POINT('',(-22.,-22.,263.));
#3643 = VECTOR('',#3644,1.);
#3644 = DIRECTION('',(0.,1.,0.));
#3645 = PCURVE('',#3613,#3646);
#3646 = DEFINITIONAL_REPRESENTATION('',(#3647),#3651);
#3647 = LINE('',#3648,#3649);
#3648 = CARTESIAN_POINT('',(0.,0.));
#3649 = VECTOR('',#3650,1.);
#3650 = DIRECTION('',(0.,-1.));
#3651 = ( GEOMETRIC_REPRESENTATION_CONTEXT(2) 
PARAMETRIC_REPRESENTATION_CONTEXT() REPRESENTATION_CONTEXT('2D SPACE',''
  ) );
#3652 = PCURVE('',#3653,#3658);
#3653 = PLANE('',#3654);
#3654 = AXIS2_PLACEMENT_3D('',#3655,#3656,#3657);
#3655 = CARTESIAN_POINT('',(-22.,-22.,263.));
#3656 = DIRECTION('',(0.,0.,1.));
#3657 = DIRECTION('',(1.,0.,0.));
#3658 = DEFINITIONAL_REPRESENTATION('',(#3659),#3663);
#3659 = LINE('',#3660,#3661);
#3660 = CARTESIAN_POINT('',(0.,0.));
#3661 = VECTOR('',#3662,1.);
#3662 = DIRECTION('',(0.,1.));
#3663 = ( GEOMETRIC_REPRESENTATION_CONTEXT(2) 
PARAMETRIC_REPRESENTATION_CONTEXT() REPRESENTATION_CONTEXT('2D SPACE',''
  ) );
#3664 = ORIENTED_EDGE('',*,*,#3665,.T.);
#3665 = EDGE_CURVE('',#3638,#3666,#3668,.T.);
#3666 = VERTEX_POINT('',#3667);
#3667 = CARTESIAN_POINT('',(-22.,22.,266.));
#3668 = SURFACE_CURVE('',#3669,(#3673,#3680),.PCURVE_S1.);
#3669 = LINE('',#3670,#3671);
#3670 = CARTESIAN_POINT('',(-22.,22.,263.));
#3671 = VECTOR('',#3672,1.);
#3672 = DIRECTION('',(0.,0.,1.));
#3673 = PCURVE('',#3613,#3674);
#3674 = DEFINITIONAL_REPRESENTATION('',(#3675),#3679);
#3675 = LINE('',#3676,#3677);
#3676 = CARTESIAN_POINT('',(0.,-44.));
#3677 = VECTOR('',#3678,1.);
#3678 = DIRECTION('',(1.,0.));
#3679 = ( GEOMETRIC_REPRESENTATION_CONTEXT(2) 
PARAMETRIC_REPRESENTATION_CONTEXT() REPRESENTATION_CONTEXT('2D SPACE',''
  ) );
#3680 = PCURVE('',#3681,#3686);
#3681 = PLANE('',#3682);
#3682 = AXIS2_PLACEMENT_3D('',#3683,#3684,#3685);
#3683 = CARTESIAN_POINT('',(-22.,22.,263.));
#3684 = DIRECTION('',(0.,1.,0.));
#3685 = DIRECTION('',(0.,0.,1.));
#3686 = DEFINITIONAL_REPRESENTATION('',(#3687),#3691);
#3687 = LINE('',#3688,#3689);
#3688 = CARTESIAN_POINT('',(0.,0.));
#3689 = VECTOR('',#3690,1.);
#3690 = DIRECTION('',(1.,0.));
#3691 = ( GEOMETRIC_REPRESENTATION_CONTEXT(2) 
PARAMETRIC_REPRESENTATION_CONTEXT() REPRESENTATION_CONTEXT('2D SPACE',''
  ) );
#3692 = ORIENTED_EDGE('',*,*,#3693,.F.);
#3693 = EDGE_CURVE('',#3605,#3666,#3694,.T.);
#3694 = SURFACE_CURVE('',#3695,(#3699,#3706),.PCURVE_S1.);
#3695 = LINE('',#3696,#3697);
#3696 = CARTESIAN_POINT('',(-22.,-22.,266.));
#3697 = VECTOR('',#3698,1.);
#3698 = DIRECTION('',(0.,1.,0.));
#3699 = PCURVE('',#3613,#3700);
#3700 = DEFINITIONAL_REPRESENTATION('',(#3701),#3705);
#3701 = LINE('',#3702,#3703);
#3702 = CARTESIAN_POINT('',(3.,0.));
#3703 = VECTOR('',#3704,1.);
#3704 = DIRECTION('',(0.,-1.));
#3705 = ( GEOMETRIC_REPRESENTATION_CONTEXT(2) 
PARAMETRIC_REPRESENTATION_CONTEXT() REPRESENTATION_CONTEXT('2D SPACE',''
  ) );
#3706 = PCURVE('',#3707,#3712);
#3707 = PLANE('',#3708);
#3708 = AXIS2_PLACEMENT_3D('',#3709,#3710,#3711);
#3709 = CARTESIAN_POINT('',(-22.,-22.,266.));
#3710 = DIRECTION('',(0.,0.,1.));
#3711 = DIRECTION('',(1.,0.,0.));
#3712 = DEFINITIONAL_REPRESENTATION('',(#3713),#3717);
#3713 = LINE('',#3714,#3715);
#3714 = CARTESIAN_POINT('',(0.,0.));
#3715 = VECTOR('',#3716,1.);
#3716 = DIRECTION('',(0.,1.));
#3717 = ( GEOMETRIC_REPRESENTATION_CONTEXT(2) 
PARAMETRIC_REPRESENTATION_CONTEXT() REPRESENTATION_CONTEXT('2D SPACE',''
  ) );
#3718 = ADVANCED_FACE('',(#3719),#3625,.F.);
#3719 = FACE_BOUND('',#3720,.F.);
#3720 = EDGE_LOOP('',(#3721,#3744,#3745,#3768));
#3721 = ORIENTED_EDGE('',*,*,#3722,.F.);
#3722 = EDGE_CURVE('',#3603,#3723,#3725,.T.);
#3723 = VERTEX_POINT('',#3724);
#3724 = CARTESIAN_POINT('',(22.,-22.,263.));
#3725 = SURFACE_CURVE('',#3726,(#3730,#3737),.PCURVE_S1.);
#3726 = LINE('',#3727,#3728);
#3727 = CARTESIAN_POINT('',(-22.,-22.,263.));
#3728 = VECTOR('',#3729,1.);
#3729 = DIRECTION('',(1.,0.,0.));
#3730 = PCURVE('',#3625,#3731);
#3731 = DEFINITIONAL_REPRESENTATION('',(#3732),#3736);
#3732 = LINE('',#3733,#3734);
#3733 = CARTESIAN_POINT('',(0.,0.));
#3734 = VECTOR('',#3735,1.);
#3735 = DIRECTION('',(0.,1.));
#3736 = ( GEOMETRIC_REPRESENTATION_CONTEXT(2) 
PARAMETRIC_REPRESENTATION_CONTEXT() REPRESENTATION_CONTEXT('2D SPACE',''
  ) );
#3737 = PCURVE('',#3653,#3738);
#3738 = DEFINITIONAL_REPRESENTATION('',(#3739),#3743);
#3739 = LINE('',#3740,#3741);
#3740 = CARTESIAN_POINT('',(0.,0.));
#3741 = VECTOR('',#3742,1.);
#3742 = DIRECTION('',(1.,0.));
#3743 = ( GEOMETRIC_REPRESENTATION_CONTEXT(2) 
PARAMETRIC_REPRESENTATION_CONTEXT() REPRESENTATION_CONTEXT('2D SPACE',''
  ) );
#3744 = ORIENTED_EDGE('',*,*,#3602,.T.);
#3745 = ORIENTED_EDGE('',*,*,#3746,.T.);
#3746 = EDGE_CURVE('',#3605,#3747,#3749,.T.);
#3747 = VERTEX_POINT('',#3748);
#3748 = CARTESIAN_POINT('',(22.,-22.,266.));
#3749 = SURFACE_CURVE('',#3750,(#3754,#3761),.PCURVE_S1.);
#3750 = LINE('',#3751,#3752);
#3751 = CARTESIAN_POINT('',(-22.,-22.,266.));
#3752 = VECTOR('',#3753,1.);
#3753 = DIRECTION('',(1.,0.,0.));
#3754 = PCURVE('',#3625,#3755);
#3755 = DEFINITIONAL_REPRESENTATION('',(#3756),#3760);
#3756 = LINE('',#3757,#3758);
#3757 = CARTESIAN_POINT('',(3.,0.));
#3758 = VECTOR('',#3759,1.);
#3759 = DIRECTION('',(0.,1.));
#3760 = ( GEOMETRIC_REPRESENTATION_CONTEXT(2) 
PARAMETRIC_REPRESENTATION_CONTEXT() REPRESENTATION_CONTEXT('2D SPACE',''
  ) );
#3761 = PCURVE('',#3707,#3762);
#3762 = DEFINITIONAL_REPRESENTATION('',(#3763),#3767);
#3763 = LINE('',#3764,#3765);
#3764 = CARTESIAN_POINT('',(0.,0.));
#3765 = VECTOR('',#3766,1.);
#3766 = DIRECTION('',(1.,0.));
#3767 = ( GEOMETRIC_REPRESENTATION_CONTEXT(2) 
PARAMETRIC_REPRESENTATION_CONTEXT() REPRESENTATION_CONTEXT('2D SPACE',''
  ) );
#3768 = ORIENTED_EDGE('',*,*,#3769,.F.);
#3769 = EDGE_CURVE('',#3723,#3747,#3770,.T.);
#3770 = SURFACE_CURVE('',#3771,(#3775,#3782),.PCURVE_S1.);
#3771 = LINE('',#3772,#3773);
#3772 = CARTESIAN_POINT('',(22.,-22.,263.));
#3773 = VECTOR('',#3774,1.);
#3774 = DIRECTION('',(0.,0.,1.));
#3775 = PCURVE('',#3625,#3776);
#3776 = DEFINITIONAL_REPRESENTATION('',(#3777),#3781);
#3777 = LINE('',#3778,#3779);
#3778 = CARTESIAN_POINT('',(0.,44.));
#3779 = VECTOR('',#3780,1.);
#3780 = DIRECTION('',(1.,0.));
#3781 = ( GEOMETRIC_REPRESENTATION_CONTEXT(2) 
PARAMETRIC_REPRESENTATION_CONTEXT() REPRESENTATION_CONTEXT('2D SPACE',''
  ) );
#3782 = PCURVE('',#3783,#3788);
#3783 = PLANE('',#3784);
#3784 = AXIS2_PLACEMENT_3D('',#3785,#3786,#3787);
#3785 = CARTESIAN_POINT('',(22.,-22.,263.));
#3786 = DIRECTION('',(1.,0.,0.));
#3787 = DIRECTION('',(0.,0.,1.));
#3788 = DEFINITIONAL_REPRESENTATION('',(#3789),#3793);
#3789 = LINE('',#3790,#3791);
#3790 = CARTESIAN_POINT('',(0.,0.));
#3791 = VECTOR('',#3792,1.);
#3792 = DIRECTION('',(1.,0.));
#3793 = ( GEOMETRIC_REPRESENTATION_CONTEXT(2) 
PARAMETRIC_REPRESENTATION_CONTEXT() REPRESENTATION_CONTEXT('2D SPACE',''
  ) );
#3794 = ADVANCED_FACE('',(#3795,#3843),#3707,.T.);
#3795 = FACE_BOUND('',#3796,.T.);
#3796 = EDGE_LOOP('',(#3797,#3798,#3799,#3822));
#3797 = ORIENTED_EDGE('',*,*,#3693,.F.);
#3798 = ORIENTED_EDGE('',*,*,#3746,.T.);
#3799 = ORIENTED_EDGE('',*,*,#3800,.T.);
#3800 = EDGE_CURVE('',#3747,#3801,#3803,.T.);
#3801 = VERTEX_POINT('',#3802);
#3802 = CARTESIAN_POINT('',(22.,22.,266.));
#3803 = SURFACE_CURVE('',#3804,(#3808,#3815),.PCURVE_S1.);
#3804 = LINE('',#3805,#3806);
#3805 = CARTESIAN_POINT('',(22.,-22.,266.));
#3806 = VECTOR('',#3807,1.);
#3807 = DIRECTION('',(0.,1.,0.));
#3808 = PCURVE('',#3707,#3809);
#3809 = DEFINITIONAL_REPRESENTATION('',(#3810),#3814);
#3810 = LINE('',#3811,#3812);
#3811 = CARTESIAN_POINT('',(44.,0.));
#3812 = VECTOR('',#3813,1.);
#3813 = DIRECTION('',(0.,1.));
#3814 = ( GEOMETRIC_REPRESENTATION_CONTEXT(2) 
PARAMETRIC_REPRESENTATION_CONTEXT() REPRESENTATION_CONTEXT('2D SPACE',''
  ) );
#3815 = PCURVE('',#3783,#3816);
#3816 = DEFINITIONAL_REPRESENTATION('',(#3817),#3821);
#3817 = LINE('',#3818,#3819);
#3818 = CARTESIAN_POINT('',(3.,0.));
#3819 = VECTOR('',#3820,1.);
#3820 = DIRECTION('',(0.,-1.));
#3821 = ( GEOMETRIC_REPRESENTATION_CONTEXT(2) 
PARAMETRIC_REPRESENTATION_CONTEXT() REPRESENTATION_CONTEXT('2D SPACE',''
  ) );
#3822 = ORIENTED_EDGE('',*,*,#3823,.F.);
#3823 = EDGE_CURVE('',#3666,#3801,#3824,.T.);
#3824 = SURFACE_CURVE('',#3825,(#3829,#3836),.PCURVE_S1.);
#3825 = LINE('',#3826,#3827);
#3826 = CARTESIAN_POINT('',(-22.,22.,266.));
#3827 = VECTOR('',#3828,1.);
#3828 = DIRECTION('',(1.,0.,0.));
#3829 = PCURVE('',#3707,#3830);
#3830 = DEFINITIONAL_REPRESENTATION('',(#3831),#3835);
#3831 = LINE('',#3832,#3833);
#3832 = CARTESIAN_POINT('',(0.,44.));
#3833 = VECTOR('',#3834,1.);
#3834 = DIRECTION('',(1.,0.));
#3835 = ( GEOMETRIC_REPRESENTATION_CONTEXT(2) 
PARAMETRIC_REPRESENTATION_CONTEXT() REPRESENTATION_CONTEXT('2D SPACE',''
  ) );
#3836 = PCURVE('',#3681,#3837);
#3837 = DEFINITIONAL_REPRESENTATION('',(#3838),#3842);
#3838 = LINE('',#3839,#3840);
#3839 = CARTESIAN_POINT('',(3.,0.));
#3840 = VECTOR('',#3841,1.);
#3841 = DIRECTION('',(0.,1.));
#3842 = ( GEOMETRIC_REPRESENTATION_CONTEXT(2) 
PARAMETRIC_REPRESENTATION_CONTEXT() REPRESENTATION_CONTEXT('2D SPACE',''
  ) );
#3843 = FACE_BOUND('',#3844,.T.);
#3844 = EDGE_LOOP('',(#3845,#3875,#3903,#3931));
#3845 = ORIENTED_EDGE('',*,*,#3846,.T.);
#3846 = EDGE_CURVE('',#3847,#3849,#3851,.T.);
#3847 = VERTEX_POINT('',#3848);
#3848 = CARTESIAN_POINT('',(-12.,-12.,266.));
#3849 = VERTEX_POINT('',#3850);
#3850 = CARTESIAN_POINT('',(-12.,12.,266.));
#3851 = SURFACE_CURVE('',#3852,(#3856,#3863),.PCURVE_S1.);
#3852 = LINE('',#3853,#3854);
#3853 = CARTESIAN_POINT('',(-12.,-12.,266.));
#3854 = VECTOR('',#3855,1.);
#3855 = DIRECTION('',(0.,1.,0.));
#3856 = PCURVE('',#3707,#3857);
#3857 = DEFINITIONAL_REPRESENTATION('',(#3858),#3862);
#3858 = LINE('',#3859,#3860);
#3859 = CARTESIAN_POINT('',(10.,10.));
#3860 = VECTOR('',#3861,1.);
#3861 = DIRECTION('',(0.,1.));
#3862 = ( GEOMETRIC_REPRESENTATION_CONTEXT(2) 
PARAMETRIC_REPRESENTATION_CONTEXT() REPRESENTATION_CONTEXT('2D SPACE',''
  ) );
#3863 = PCURVE('',#3864,#3869);
#3864 = PLANE('',#3865);
#3865 = AXIS2_PLACEMENT_3D('',#3866,#3867,#3868);
#3866 = CARTESIAN_POINT('',(-12.,-12.,263.));
#3867 = DIRECTION('',(1.,0.,0.));
#3868 = DIRECTION('',(0.,0.,1.));
#3869 = DEFINITIONAL_REPRESENTATION('',(#3870),#3874);
#3870 = LINE('',#3871,#3872);
#3871 = CARTESIAN_POINT('',(3.,0.));
#3872 = VECTOR('',#3873,1.);
#3873 = DIRECTION('',(0.,-1.));
#3874 = ( GEOMETRIC_REPRESENTATION_CONTEXT(2) 
PARAMETRIC_REPRESENTATION_CONTEXT() REPRESENTATION_CONTEXT('2D SPACE',''
  ) );
#3875 = ORIENTED_EDGE('',*,*,#3876,.T.);
#3876 = EDGE_CURVE('',#3849,#3877,#3879,.T.);
#3877 = VERTEX_POINT('',#3878);
#3878 = CARTESIAN_POINT('',(12.,12.,266.));
#3879 = SURFACE_CURVE('',#3880,(#3884,#3891),.PCURVE_S1.);
#3880 = LINE('',#3881,#3882);
#3881 = CARTESIAN_POINT('',(-12.,12.,266.));
#3882 = VECTOR('',#3883,1.);
#3883 = DIRECTION('',(1.,0.,0.));
#3884 = PCURVE('',#3707,#3885);
#3885 = DEFINITIONAL_REPRESENTATION('',(#3886),#3890);
#3886 = LINE('',#3887,#3888);
#3887 = CARTESIAN_POINT('',(10.,34.));
#3888 = VECTOR('',#3889,1.);
#3889 = DIRECTION('',(1.,0.));
#3890 = ( GEOMETRIC_REPRESENTATION_CONTEXT(2) 
PARAMETRIC_REPRESENTATION_CONTEXT() REPRESENTATION_CONTEXT('2D SPACE',''
  ) );
#3891 = PCURVE('',#3892,#3897);
#3892 = PLANE('',#3893);
#3893 = AXIS2_PLACEMENT_3D('',#3894,#3895,#3896);
#3894 = CARTESIAN_POINT('',(-12.,12.,263.));
#3895 = DIRECTION('',(0.,1.,0.));
#3896 = DIRECTION('',(0.,0.,1.));
#3897 = DEFINITIONAL_REPRESENTATION('',(#3898),#3902);
#3898 = LINE('',#3899,#3900);
#3899 = CARTESIAN_POINT('',(3.,0.));
#3900 = VECTOR('',#3901,1.);
#3901 = DIRECTION('',(0.,1.));
#3902 = ( GEOMETRIC_REPRESENTATION_CONTEXT(2) 
PARAMETRIC_REPRESENTATION_CONTEXT() REPRESENTATION_CONTEXT('2D SPACE',''
  ) );
#3903 = ORIENTED_EDGE('',*,*,#3904,.F.);
#3904 = EDGE_CURVE('',#3905,#3877,#3907,.T.);
#3905 = VERTEX_POINT('',#3906);
#3906 = CARTESIAN_POINT('',(12.,-12.,266.));
#3907 = SURFACE_CURVE('',#3908,(#3912,#3919),.PCURVE_S1.);
#3908 = LINE('',#3909,#3910);
#3909 = CARTESIAN_POINT('',(12.,-12.,266.));
#3910 = VECTOR('',#3911,1.);
#3911 = DIRECTION('',(0.,1.,0.));
#3912 = PCURVE('',#3707,#3913);
#3913 = DEFINITIONAL_REPRESENTATION('',(#3914),#3918);
#3914 = LINE('',#3915,#3916);
#3915 = CARTESIAN_POINT('',(34.,10.));
#3916 = VECTOR('',#3917,1.);
#3917 = DIRECTION('',(0.,1.));
#3918 = ( GEOMETRIC_REPRESENTATION_CONTEXT(2) 
PARAMETRIC_REPRESENTATION_CONTEXT() REPRESENTATION_CONTEXT('2D SPACE',''
  ) );
#3919 = PCURVE('',#3920,#3925);
#3920 = PLANE('',#3921);
#3921 = AXIS2_PLACEMENT_3D('',#3922,#3923,#3924);
#3922 = CARTESIAN_POINT('',(12.,-12.,263.));
#3923 = DIRECTION('',(1.,0.,0.));
#3924 = DIRECTION('',(0.,0.,1.));
#3925 = DEFINITIONAL_REPRESENTATION('',(#3926),#3930);
#3926 = LINE('',#3927,#3928);
#3927 = CARTESIAN_POINT('',(3.,0.));
#3928 = VECTOR('',#3929,1.);
#3929 = DIRECTION('',(0.,-1.));
#3930 = ( GEOMETRIC_REPRESENTATION_CONTEXT(2) 
PARAMETRIC_REPRESENTATION_CONTEXT() REPRESENTATION_CONTEXT('2D SPACE',''
  ) );
#3931 = ORIENTED_EDGE('',*,*,#3932,.F.);
#3932 = EDGE_CURVE('',#3847,#3905,#3933,.T.);
#3933 = SURFACE_CURVE('',#3934,(#3938,#3945),.PCURVE_S1.);
#3934 = LINE('',#3935,#3936);
#3935 = CARTESIAN_POINT('',(-12.,-12.,266.));
#3936 = VECTOR('',#3937,1.);
#3937 = DIRECTION('',(1.,0.,0.));
#3938 = PCURVE('',#3707,#3939);
#3939 = DEFINITIONAL_REPRESENTATION('',(#3940),#3944);
#3940 = LINE('',#3941,#3942);
#3941 = CARTESIAN_POINT('',(10.,10.));
#3942 = VECTOR('',#3943,1.);
#3943 = DIRECTION('',(1.,0.));
#3944 = ( GEOMETRIC_REPRESENTATION_CONTEXT(2) 
PARAMETRIC_REPRESENTATION_CONTEXT() REPRESENTATION_CONTEXT('2D SPACE',''
  ) );
#3945 = PCURVE('',#3946,#3951);
#3946 = PLANE('',#3947);
#3947 = AXIS2_PLACEMENT_3D('',#3948,#3949,#3950);
#3948 = CARTESIAN_POINT('',(-12.,-12.,263.));
#3949 = DIRECTION('',(0.,1.,0.));
#3950 = DIRECTION('',(0.,0.,1.));
#3951 = DEFINITIONAL_REPRESENTATION('',(#3952),#3956);
#3952 = LINE('',#3953,#3954);
#3953 = CARTESIAN_POINT('',(3.,0.));
#3954 = VECTOR('',#3955,1.);
#3955 = DIRECTION('',(0.,1.));
#3956 = ( GEOMETRIC_REPRESENTATION_CONTEXT(2) 
PARAMETRIC_REPRESENTATION_CONTEXT() REPRESENTATION_CONTEXT('2D SPACE',''
  ) );
#3957 = ADVANCED_FACE('',(#3958),#3681,.T.);
#3958 = FACE_BOUND('',#3959,.T.);
#3959 = EDGE_LOOP('',(#3960,#3983,#3984,#3985));
#3960 = ORIENTED_EDGE('',*,*,#3961,.F.);
#3961 = EDGE_CURVE('',#3638,#3962,#3964,.T.);
#3962 = VERTEX_POINT('',#3963);
#3963 = CARTESIAN_POINT('',(22.,22.,263.));
#3964 = SURFACE_CURVE('',#3965,(#3969,#3976),.PCURVE_S1.);
#3965 = LINE('',#3966,#3967);
#3966 = CARTESIAN_POINT('',(-22.,22.,263.));
#3967 = VECTOR('',#3968,1.);
#3968 = DIRECTION('',(1.,0.,0.));
#3969 = PCURVE('',#3681,#3970);
#3970 = DEFINITIONAL_REPRESENTATION('',(#3971),#3975);
#3971 = LINE('',#3972,#3973);
#3972 = CARTESIAN_POINT('',(0.,0.));
#3973 = VECTOR('',#3974,1.);
#3974 = DIRECTION('',(0.,1.));
#3975 = ( GEOMETRIC_REPRESENTATION_CONTEXT(2) 
PARAMETRIC_REPRESENTATION_CONTEXT() REPRESENTATION_CONTEXT('2D SPACE',''
  ) );
#3976 = PCURVE('',#3653,#3977);
#3977 = DEFINITIONAL_REPRESENTATION('',(#3978),#3982);
#3978 = LINE('',#3979,#3980);
#3979 = CARTESIAN_POINT('',(0.,44.));
#3980 = VECTOR('',#3981,1.);
#3981 = DIRECTION('',(1.,0.));
#3982 = ( GEOMETRIC_REPRESENTATION_CONTEXT(2) 
PARAMETRIC_REPRESENTATION_CONTEXT() REPRESENTATION_CONTEXT('2D SPACE',''
  ) );
#3983 = ORIENTED_EDGE('',*,*,#3665,.T.);
#3984 = ORIENTED_EDGE('',*,*,#3823,.T.);
#3985 = ORIENTED_EDGE('',*,*,#3986,.F.);
#3986 = EDGE_CURVE('',#3962,#3801,#3987,.T.);
#3987 = SURFACE_CURVE('',#3988,(#3992,#3999),.PCURVE_S1.);
#3988 = LINE('',#3989,#3990);
#3989 = CARTESIAN_POINT('',(22.,22.,263.));
#3990 = VECTOR('',#3991,1.);
#3991 = DIRECTION('',(0.,0.,1.));
#3992 = PCURVE('',#3681,#3993);
#3993 = DEFINITIONAL_REPRESENTATION('',(#3994),#3998);
#3994 = LINE('',#3995,#3996);
#3995 = CARTESIAN_POINT('',(0.,44.));
#3996 = VECTOR('',#3997,1.);
#3997 = DIRECTION('',(1.,0.));
#3998 = ( GEOMETRIC_REPRESENTATION_CONTEXT(2) 
PARAMETRIC_REPRESENTATION_CONTEXT() REPRESENTATION_CONTEXT('2D SPACE',''
  ) );
#3999 = PCURVE('',#3783,#4000);
#4000 = DEFINITIONAL_REPRESENTATION('',(#4001),#4005);
#4001 = LINE('',#4002,#4003);
#4002 = CARTESIAN_POINT('',(0.,-44.));
#4003 = VECTOR('',#4004,1.);
#4004 = DIRECTION('',(1.,0.));
#4005 = ( GEOMETRIC_REPRESENTATION_CONTEXT(2) 
PARAMETRIC_REPRESENTATION_CONTEXT() REPRESENTATION_CONTEXT('2D SPACE',''
  ) );
#4006 = ADVANCED_FACE('',(#4007,#4033),#3653,.F.);
#4007 = FACE_BOUND('',#4008,.F.);
#4008 = EDGE_LOOP('',(#4009,#4010,#4011,#4032));
#4009 = ORIENTED_EDGE('',*,*,#3637,.F.);
#4010 = ORIENTED_EDGE('',*,*,#3722,.T.);
#4011 = ORIENTED_EDGE('',*,*,#4012,.T.);
#4012 = EDGE_CURVE('',#3723,#3962,#4013,.T.);
#4013 = SURFACE_CURVE('',#4014,(#4018,#4025),.PCURVE_S1.);
#4014 = LINE('',#4015,#4016);
#4015 = CARTESIAN_POINT('',(22.,-22.,263.));
#4016 = VECTOR('',#4017,1.);
#4017 = DIRECTION('',(0.,1.,0.));
#4018 = PCURVE('',#3653,#4019);
#4019 = DEFINITIONAL_REPRESENTATION('',(#4020),#4024);
#4020 = LINE('',#4021,#4022);
#4021 = CARTESIAN_POINT('',(44.,0.));
#4022 = VECTOR('',#4023,1.);
#4023 = DIRECTION('',(0.,1.));
#4024 = ( GEOMETRIC_REPRESENTATION_CONTEXT(2) 
PARAMETRIC_REPRESENTATION_CONTEXT() REPRESENTATION_CONTEXT('2D SPACE',''
  ) );
#4025 = PCURVE('',#3783,#4026);
#4026 = DEFINITIONAL_REPRESENTATION('',(#4027),#4031);
#4027 = LINE('',#4028,#4029);
#4028 = CARTESIAN_POINT('',(0.,0.));
#4029 = VECTOR('',#4030,1.);
#4030 = DIRECTION('',(0.,-1.));
#4031 = ( GEOMETRIC_REPRESENTATION_CONTEXT(2) 
PARAMETRIC_REPRESENTATION_CONTEXT() REPRESENTATION_CONTEXT('2D SPACE',''
  ) );
#4032 = ORIENTED_EDGE('',*,*,#3961,.F.);
#4033 = FACE_BOUND('',#4034,.F.);
#4034 = EDGE_LOOP('',(#4035,#4060,#4083,#4106));
#4035 = ORIENTED_EDGE('',*,*,#4036,.T.);
#4036 = EDGE_CURVE('',#4037,#4039,#4041,.T.);
#4037 = VERTEX_POINT('',#4038);
#4038 = CARTESIAN_POINT('',(-12.,-12.,263.));
#4039 = VERTEX_POINT('',#4040);
#4040 = CARTESIAN_POINT('',(-12.,12.,263.));
#4041 = SURFACE_CURVE('',#4042,(#4046,#4053),.PCURVE_S1.);
#4042 = LINE('',#4043,#4044);
#4043 = CARTESIAN_POINT('',(-12.,-12.,263.));
#4044 = VECTOR('',#4045,1.);
#4045 = DIRECTION('',(0.,1.,0.));
#4046 = PCURVE('',#3653,#4047);
#4047 = DEFINITIONAL_REPRESENTATION('',(#4048),#4052);
#4048 = LINE('',#4049,#4050);
#4049 = CARTESIAN_POINT('',(10.,10.));
#4050 = VECTOR('',#4051,1.);
#4051 = DIRECTION('',(0.,1.));
#4052 = ( GEOMETRIC_REPRESENTATION_CONTEXT(2) 
PARAMETRIC_REPRESENTATION_CONTEXT() REPRESENTATION_CONTEXT('2D SPACE',''
  ) );
#4053 = PCURVE('',#3864,#4054);
#4054 = DEFINITIONAL_REPRESENTATION('',(#4055),#4059);
#4055 = LINE('',#4056,#4057);
#4056 = CARTESIAN_POINT('',(0.,0.));
#4057 = VECTOR('',#4058,1.);
#4058 = DIRECTION('',(0.,-1.));
#4059 = ( GEOMETRIC_REPRESENTATION_CONTEXT(2) 
PARAMETRIC_REPRESENTATION_CONTEXT() REPRESENTATION_CONTEXT('2D SPACE',''
  ) );
#4060 = ORIENTED_EDGE('',*,*,#4061,.T.);
#4061 = EDGE_CURVE('',#4039,#4062,#4064,.T.);
#4062 = VERTEX_POINT('',#4063);
#4063 = CARTESIAN_POINT('',(12.,12.,263.));
#4064 = SURFACE_CURVE('',#4065,(#4069,#4076),.PCURVE_S1.);
#4065 = LINE('',#4066,#4067);
#4066 = CARTESIAN_POINT('',(-12.,12.,263.));
#4067 = VECTOR('',#4068,1.);
#4068 = DIRECTION('',(1.,0.,0.));
#4069 = PCURVE('',#3653,#4070);
#4070 = DEFINITIONAL_REPRESENTATION('',(#4071),#4075);
#4071 = LINE('',#4072,#4073);
#4072 = CARTESIAN_POINT('',(10.,34.));
#4073 = VECTOR('',#4074,1.);
#4074 = DIRECTION('',(1.,0.));
#4075 = ( GEOMETRIC_REPRESENTATION_CONTEXT(2) 
PARAMETRIC_REPRESENTATION_CONTEXT() REPRESENTATION_CONTEXT('2D SPACE',''
  ) );
#4076 = PCURVE('',#3892,#4077);
#4077 = DEFINITIONAL_REPRESENTATION('',(#4078),#4082);
#4078 = LINE('',#4079,#4080);
#4079 = CARTESIAN_POINT('',(0.,0.));
#4080 = VECTOR('',#4081,1.);
#4081 = DIRECTION('',(0.,1.));
#4082 = ( GEOMETRIC_REPRESENTATION_CONTEXT(2) 
PARAMETRIC_REPRESENTATION_CONTEXT() REPRESENTATION_CONTEXT('2D SPACE',''
  ) );
#4083 = ORIENTED_EDGE('',*,*,#4084,.F.);
#4084 = EDGE_CURVE('',#4085,#4062,#4087,.T.);
#4085 = VERTEX_POINT('',#4086);
#4086 = CARTESIAN_POINT('',(12.,-12.,263.));
#4087 = SURFACE_CURVE('',#4088,(#4092,#4099),.PCURVE_S1.);
#4088 = LINE('',#4089,#4090);
#4089 = CARTESIAN_POINT('',(12.,-12.,263.));
#4090 = VECTOR('',#4091,1.);
#4091 = DIRECTION('',(0.,1.,0.));
#4092 = PCURVE('',#3653,#4093);
#4093 = DEFINITIONAL_REPRESENTATION('',(#4094),#4098);
#4094 = LINE('',#4095,#4096);
#4095 = CARTESIAN_POINT('',(34.,10.));
#4096 = VECTOR('',#4097,1.);
#4097 = DIRECTION('',(0.,1.));
#4098 = ( GEOMETRIC_REPRESENTATION_CONTEXT(2) 
PARAMETRIC_REPRESENTATION_CONTEXT() REPRESENTATION_CONTEXT('2D SPACE',''
  ) );
#4099 = PCURVE('',#3920,#4100);
#4100 = DEFINITIONAL_REPRESENTATION('',(#4101),#4105);
#4101 = LINE('',#4102,#4103);
#4102 = CARTESIAN_POINT('',(0.,0.));
#4103 = VECTOR('',#4104,1.);
#4104 = DIRECTION('',(0.,-1.));
#4105 = ( GEOMETRIC_REPRESENTATION_CONTEXT(2) 
PARAMETRIC_REPRESENTATION_CONTEXT() REPRESENTATION_CONTEXT('2D SPACE',''
  ) );
#4106 = ORIENTED_EDGE('',*,*,#4107,.F.);
#4107 = EDGE_CURVE('',#4037,#4085,#4108,.T.);
#4108 = SURFACE_CURVE('',#4109,(#4113,#4120),.PCURVE_S1.);
#4109 = LINE('',#4110,#4111);
#4110 = CARTESIAN_POINT('',(-12.,-12.,263.));
#4111 = VECTOR('',#4112,1.);
#4112 = DIRECTION('',(1.,0.,0.));
#4113 = PCURVE('',#3653,#4114);
#4114 = DEFINITIONAL_REPRESENTATION('',(#4115),#4119);
#4115 = LINE('',#4116,#4117);
#4116 = CARTESIAN_POINT('',(10.,10.));
#4117 = VECTOR('',#4118,1.);
#4118 = DIRECTION('',(1.,0.));
#4119 = ( GEOMETRIC_REPRESENTATION_CONTEXT(2) 
PARAMETRIC_REPRESENTATION_CONTEXT() REPRESENTATION_CONTEXT('2D SPACE',''
  ) );
#4120 = PCURVE('',#3946,#4121);
#4121 = DEFINITIONAL_REPRESENTATION('',(#4122),#4126);
#4122 = LINE('',#4123,#4124);
#4123 = CARTESIAN_POINT('',(0.,0.));
#4124 = VECTOR('',#4125,1.);
#4125 = DIRECTION('',(0.,1.));
#4126 = ( GEOMETRIC_REPRESENTATION_CONTEXT(2) 
PARAMETRIC_REPRESENTATION_CONTEXT() REPRESENTATION_CONTEXT('2D SPACE',''
  ) );
#4127 = ADVANCED_FACE('',(#4128),#3783,.T.);
#4128 = FACE_BOUND('',#4129,.T.);
#4129 = EDGE_LOOP('',(#4130,#4131,#4132,#4133));
#4130 = ORIENTED_EDGE('',*,*,#3769,.F.);
#4131 = ORIENTED_EDGE('',*,*,#4012,.T.);
#4132 = ORIENTED_EDGE('',*,*,#3986,.T.);
#4133 = ORIENTED_EDGE('',*,*,#3800,.F.);
#4134 = ADVANCED_FACE('',(#4135),#3864,.T.);
#4135 = FACE_BOUND('',#4136,.T.);
#4136 = EDGE_LOOP('',(#4137,#4158,#4159,#4180));
#4137 = ORIENTED_EDGE('',*,*,#4138,.F.);
#4138 = EDGE_CURVE('',#4037,#3847,#4139,.T.);
#4139 = SURFACE_CURVE('',#4140,(#4144,#4151),.PCURVE_S1.);
#4140 = LINE('',#4141,#4142);
#4141 = CARTESIAN_POINT('',(-12.,-12.,263.));
#4142 = VECTOR('',#4143,1.);
#4143 = DIRECTION('',(0.,0.,1.));
#4144 = PCURVE('',#3864,#4145);
#4145 = DEFINITIONAL_REPRESENTATION('',(#4146),#4150);
#4146 = LINE('',#4147,#4148);
#4147 = CARTESIAN_POINT('',(0.,0.));
#4148 = VECTOR('',#4149,1.);
#4149 = DIRECTION('',(1.,0.));
#4150 = ( GEOMETRIC_REPRESENTATION_CONTEXT(2) 
PARAMETRIC_REPRESENTATION_CONTEXT() REPRESENTATION_CONTEXT('2D SPACE',''
  ) );
#4151 = PCURVE('',#3946,#4152);
#4152 = DEFINITIONAL_REPRESENTATION('',(#4153),#4157);
#4153 = LINE('',#4154,#4155);
#4154 = CARTESIAN_POINT('',(0.,0.));
#4155 = VECTOR('',#4156,1.);
#4156 = DIRECTION('',(1.,0.));
#4157 = ( GEOMETRIC_REPRESENTATION_CONTEXT(2) 
PARAMETRIC_REPRESENTATION_CONTEXT() REPRESENTATION_CONTEXT('2D SPACE',''
  ) );
#4158 = ORIENTED_EDGE('',*,*,#4036,.T.);
#4159 = ORIENTED_EDGE('',*,*,#4160,.T.);
#4160 = EDGE_CURVE('',#4039,#3849,#4161,.T.);
#4161 = SURFACE_CURVE('',#4162,(#4166,#4173),.PCURVE_S1.);
#4162 = LINE('',#4163,#4164);
#4163 = CARTESIAN_POINT('',(-12.,12.,263.));
#4164 = VECTOR('',#4165,1.);
#4165 = DIRECTION('',(0.,0.,1.));
#4166 = PCURVE('',#3864,#4167);
#4167 = DEFINITIONAL_REPRESENTATION('',(#4168),#4172);
#4168 = LINE('',#4169,#4170);
#4169 = CARTESIAN_POINT('',(0.,-24.));
#4170 = VECTOR('',#4171,1.);
#4171 = DIRECTION('',(1.,0.));
#4172 = ( GEOMETRIC_REPRESENTATION_CONTEXT(2) 
PARAMETRIC_REPRESENTATION_CONTEXT() REPRESENTATION_CONTEXT('2D SPACE',''
  ) );
#4173 = PCURVE('',#3892,#4174);
#4174 = DEFINITIONAL_REPRESENTATION('',(#4175),#4179);
#4175 = LINE('',#4176,#4177);
#4176 = CARTESIAN_POINT('',(0.,0.));
#4177 = VECTOR('',#4178,1.);
#4178 = DIRECTION('',(1.,0.));
#4179 = ( GEOMETRIC_REPRESENTATION_CONTEXT(2) 
PARAMETRIC_REPRESENTATION_CONTEXT() REPRESENTATION_CONTEXT('2D SPACE',''
  ) );
#4180 = ORIENTED_EDGE('',*,*,#3846,.F.);
#4181 = ADVANCED_FACE('',(#4182),#3946,.T.);
#4182 = FACE_BOUND('',#4183,.T.);
#4183 = EDGE_LOOP('',(#4184,#4185,#4186,#4187));
#4184 = ORIENTED_EDGE('',*,*,#4107,.F.);
#4185 = ORIENTED_EDGE('',*,*,#4138,.T.);
#4186 = ORIENTED_EDGE('',*,*,#3932,.T.);
#4187 = ORIENTED_EDGE('',*,*,#4188,.F.);
#4188 = EDGE_CURVE('',#4085,#3905,#4189,.T.);
#4189 = SURFACE_CURVE('',#4190,(#4194,#4201),.PCURVE_S1.);
#4190 = LINE('',#4191,#4192);
#4191 = CARTESIAN_POINT('',(12.,-12.,263.));
#4192 = VECTOR('',#4193,1.);
#4193 = DIRECTION('',(0.,0.,1.));
#4194 = PCURVE('',#3946,#4195);
#4195 = DEFINITIONAL_REPRESENTATION('',(#4196),#4200);
#4196 = LINE('',#4197,#4198);
#4197 = CARTESIAN_POINT('',(0.,24.));
#4198 = VECTOR('',#4199,1.);
#4199 = DIRECTION('',(1.,0.));
#4200 = ( GEOMETRIC_REPRESENTATION_CONTEXT(2) 
PARAMETRIC_REPRESENTATION_CONTEXT() REPRESENTATION_CONTEXT('2D SPACE',''
  ) );
#4201 = PCURVE('',#3920,#4202);
#4202 = DEFINITIONAL_REPRESENTATION('',(#4203),#4207);
#4203 = LINE('',#4204,#4205);
#4204 = CARTESIAN_POINT('',(0.,0.));
#4205 = VECTOR('',#4206,1.);
#4206 = DIRECTION('',(1.,0.));
#4207 = ( GEOMETRIC_REPRESENTATION_CONTEXT(2) 
PARAMETRIC_REPRESENTATION_CONTEXT() REPRESENTATION_CONTEXT('2D SPACE',''
  ) );
#4208 = ADVANCED_FACE('',(#4209),#3920,.F.);
#4209 = FACE_BOUND('',#4210,.F.);
#4210 = EDGE_LOOP('',(#4211,#4212,#4213,#4234));
#4211 = ORIENTED_EDGE('',*,*,#4188,.F.);
#4212 = ORIENTED_EDGE('',*,*,#4084,.T.);
#4213 = ORIENTED_EDGE('',*,*,#4214,.T.);
#4214 = EDGE_CURVE('',#4062,#3877,#4215,.T.);
#4215 = SURFACE_CURVE('',#4216,(#4220,#4227),.PCURVE_S1.);
#4216 = LINE('',#4217,#4218);
#4217 = CARTESIAN_POINT('',(12.,12.,263.));
#4218 = VECTOR('',#4219,1.);
#4219 = DIRECTION('',(0.,0.,1.));
#4220 = PCURVE('',#3920,#4221);
#4221 = DEFINITIONAL_REPRESENTATION('',(#4222),#4226);
#4222 = LINE('',#4223,#4224);
#4223 = CARTESIAN_POINT('',(0.,-24.));
#4224 = VECTOR('',#4225,1.);
#4225 = DIRECTION('',(1.,0.));
#4226 = ( GEOMETRIC_REPRESENTATION_CONTEXT(2) 
PARAMETRIC_REPRESENTATION_CONTEXT() REPRESENTATION_CONTEXT('2D SPACE',''
  ) );
#4227 = PCURVE('',#3892,#4228);
#4228 = DEFINITIONAL_REPRESENTATION('',(#4229),#4233);
#4229 = LINE('',#4230,#4231);
#4230 = CARTESIAN_POINT('',(0.,24.));
#4231 = VECTOR('',#4232,1.);
#4232 = DIRECTION('',(1.,0.));
#4233 = ( GEOMETRIC_REPRESENTATION_CONTEXT(2) 
PARAMETRIC_REPRESENTATION_CONTEXT() REPRESENTATION_CONTEXT('2D SPACE',''
  ) );
#4234 = ORIENTED_EDGE('',*,*,#3904,.F.);
#4235 = ADVANCED_FACE('',(#4236),#3892,.F.);
#4236 = FACE_BOUND('',#4237,.F.);
#4237 = EDGE_LOOP('',(#4238,#4239,#4240,#4241));
#4238 = ORIENTED_EDGE('',*,*,#4061,.F.);
#4239 = ORIENTED_EDGE('',*,*,#4160,.T.);
#4240 = ORIENTED_EDGE('',*,*,#3876,.T.);
#4241 = ORIENTED_EDGE('',*,*,#4214,.F.);
#4242 = ( GEOMETRIC_REPRESENTATION_CONTEXT(3) 
GLOBAL_UNCERTAINTY_ASSIGNED_CONTEXT((#4246)) 
GLOBAL_UNIT_ASSIGNED_CONTEXT((#4243,#4244,#4245)) REPRESENTATION_CONTEXT
('Context #1','3D Context with UNIT and UNCERTAINTY') );
#4243 = ( LENGTH_UNIT() NAMED_UNIT(*) SI_UNIT(.MILLI.,.METRE.) );
#4244 = ( NAMED_UNIT(*) PLANE_ANGLE_UNIT() SI_UNIT($,.RADIAN.) );
#4245 = ( NAMED_UNIT(*) SI_UNIT($,.STERADIAN.) SOLID_ANGLE_UNIT() );
#4246 = UNCERTAINTY_MEASURE_WITH_UNIT(LENGTH_MEASURE(1.E-07),#4243,
  'distance_accuracy_value','confusion accuracy');
#4247 = CONTEXT_DEPENDENT_SHAPE_REPRESENTATION(#4248,#4250);
#4248 = ( REPRESENTATION_RELATIONSHIP('','',#3595,#2455) 
REPRESENTATION_RELATIONSHIP_WITH_TRANSFORMATION(#4249) 
SHAPE_REPRESENTATION_RELATIONSHIP() );
#4249 = ITEM_DEFINED_TRANSFORMATION('','',#11,#2460);
#4250 = PRODUCT_DEFINITION_SHAPE('Placement','Placement of an item',
  #4251);
#4251 = NEXT_ASSEMBLY_USAGE_OCCURRENCE('35',
  'V3_CAMERA_TRAY_PEEK_ALLOCATION','',#2450,#3590,$);
#4252 = PRODUCT_RELATED_PRODUCT_CATEGORY('part',$,(#3592));
#4253 = SHAPE_DEFINITION_REPRESENTATION(#4254,#4260);
#4254 = PRODUCT_DEFINITION_SHAPE('','',#4255);
#4255 = PRODUCT_DEFINITION('design','',#4256,#4259);
#4256 = PRODUCT_DEFINITION_FORMATION('','',#4257);
#4257 = PRODUCT('V3_CAMERA_STANDOFF_00_PEEK',
  'V3_CAMERA_STANDOFF_00_PEEK','',(#4258));
#4258 = PRODUCT_CONTEXT('',#2,'mechanical');
#4259 = PRODUCT_DEFINITION_CONTEXT('part definition',#2,'design');
#4260 = ADVANCED_BREP_SHAPE_REPRESENTATION('',(#11,#4261),#4443);
#4261 = MANIFOLD_SOLID_BREP('',#4262);
#4262 = CLOSED_SHELL('',(#4263,#4351,#4386,#4416));
#4263 = ADVANCED_FACE('',(#4264),#4277,.T.);
#4264 = FACE_BOUND('',#4265,.T.);
#4265 = EDGE_LOOP('',(#4266,#4300,#4323,#4350));
#4266 = ORIENTED_EDGE('',*,*,#4267,.F.);
#4267 = EDGE_CURVE('',#4268,#4268,#4270,.T.);
#4268 = VERTEX_POINT('',#4269);
#4269 = CARTESIAN_POINT('',(-11.5,-14.,280.));
#4270 = SURFACE_CURVE('',#4271,(#4276,#4288),.PCURVE_S1.);
#4271 = CIRCLE('',#4272,2.5);
#4272 = AXIS2_PLACEMENT_3D('',#4273,#4274,#4275);
#4273 = CARTESIAN_POINT('',(-14.,-14.,280.));
#4274 = DIRECTION('',(0.,0.,1.));
#4275 = DIRECTION('',(1.,0.,-0.));
#4276 = PCURVE('',#4277,#4282);
#4277 = CYLINDRICAL_SURFACE('',#4278,2.5);
#4278 = AXIS2_PLACEMENT_3D('',#4279,#4280,#4281);
#4279 = CARTESIAN_POINT('',(-14.,-14.,266.));
#4280 = DIRECTION('',(0.,0.,1.));
#4281 = DIRECTION('',(1.,0.,-0.));
#4282 = DEFINITIONAL_REPRESENTATION('',(#4283),#4287);
#4283 = LINE('',#4284,#4285);
#4284 = CARTESIAN_POINT('',(0.,14.));
#4285 = VECTOR('',#4286,1.);
#4286 = DIRECTION('',(1.,0.));
#4287 = ( GEOMETRIC_REPRESENTATION_CONTEXT(2) 
PARAMETRIC_REPRESENTATION_CONTEXT() REPRESENTATION_CONTEXT('2D SPACE',''
  ) );
#4288 = PCURVE('',#4289,#4294);
#4289 = PLANE('',#4290);
#4290 = AXIS2_PLACEMENT_3D('',#4291,#4292,#4293);
#4291 = CARTESIAN_POINT('',(-14.,-14.,280.));
#4292 = DIRECTION('',(0.,0.,1.));
#4293 = DIRECTION('',(1.,0.,-0.));
#4294 = DEFINITIONAL_REPRESENTATION('',(#4295),#4299);
#4295 = CIRCLE('',#4296,2.5);
#4296 = AXIS2_PLACEMENT_2D('',#4297,#4298);
#4297 = CARTESIAN_POINT('',(0.,0.));
#4298 = DIRECTION('',(1.,0.));
#4299 = ( GEOMETRIC_REPRESENTATION_CONTEXT(2) 
PARAMETRIC_REPRESENTATION_CONTEXT() REPRESENTATION_CONTEXT('2D SPACE',''
  ) );
#4300 = ORIENTED_EDGE('',*,*,#4301,.F.);
#4301 = EDGE_CURVE('',#4302,#4268,#4304,.T.);
#4302 = VERTEX_POINT('',#4303);
#4303 = CARTESIAN_POINT('',(-11.5,-14.,266.));
#4304 = SEAM_CURVE('',#4305,(#4309,#4316),.PCURVE_S1.);
#4305 = LINE('',#4306,#4307);
#4306 = CARTESIAN_POINT('',(-11.5,-14.,266.));
#4307 = VECTOR('',#4308,1.);
#4308 = DIRECTION('',(0.,0.,1.));
#4309 = PCURVE('',#4277,#4310);
#4310 = DEFINITIONAL_REPRESENTATION('',(#4311),#4315);
#4311 = LINE('',#4312,#4313);
#4312 = CARTESIAN_POINT('',(6.28318530718,-0.));
#4313 = VECTOR('',#4314,1.);
#4314 = DIRECTION('',(0.,1.));
#4315 = ( GEOMETRIC_REPRESENTATION_CONTEXT(2) 
PARAMETRIC_REPRESENTATION_CONTEXT() REPRESENTATION_CONTEXT('2D SPACE',''
  ) );
#4316 = PCURVE('',#4277,#4317);
#4317 = DEFINITIONAL_REPRESENTATION('',(#4318),#4322);
#4318 = LINE('',#4319,#4320);
#4319 = CARTESIAN_POINT('',(0.,-0.));
#4320 = VECTOR('',#4321,1.);
#4321 = DIRECTION('',(0.,1.));
#4322 = ( GEOMETRIC_REPRESENTATION_CONTEXT(2) 
PARAMETRIC_REPRESENTATION_CONTEXT() REPRESENTATION_CONTEXT('2D SPACE',''
  ) );
#4323 = ORIENTED_EDGE('',*,*,#4324,.T.);
#4324 = EDGE_CURVE('',#4302,#4302,#4325,.T.);
#4325 = SURFACE_CURVE('',#4326,(#4331,#4338),.PCURVE_S1.);
#4326 = CIRCLE('',#4327,2.5);
#4327 = AXIS2_PLACEMENT_3D('',#4328,#4329,#4330);
#4328 = CARTESIAN_POINT('',(-14.,-14.,266.));
#4329 = DIRECTION('',(0.,0.,1.));
#4330 = DIRECTION('',(1.,0.,-0.));
#4331 = PCURVE('',#4277,#4332);
#4332 = DEFINITIONAL_REPRESENTATION('',(#4333),#4337);
#4333 = LINE('',#4334,#4335);
#4334 = CARTESIAN_POINT('',(0.,0.));
#4335 = VECTOR('',#4336,1.);
#4336 = DIRECTION('',(1.,0.));
#4337 = ( GEOMETRIC_REPRESENTATION_CONTEXT(2) 
PARAMETRIC_REPRESENTATION_CONTEXT() REPRESENTATION_CONTEXT('2D SPACE',''
  ) );
#4338 = PCURVE('',#4339,#4344);
#4339 = PLANE('',#4340);
#4340 = AXIS2_PLACEMENT_3D('',#4341,#4342,#4343);
#4341 = CARTESIAN_POINT('',(-14.,-14.,266.));
#4342 = DIRECTION('',(0.,0.,1.));
#4343 = DIRECTION('',(1.,0.,-0.));
#4344 = DEFINITIONAL_REPRESENTATION('',(#4345),#4349);
#4345 = CIRCLE('',#4346,2.5);
#4346 = AXIS2_PLACEMENT_2D('',#4347,#4348);
#4347 = CARTESIAN_POINT('',(0.,0.));
#4348 = DIRECTION('',(1.,0.));
#4349 = ( GEOMETRIC_REPRESENTATION_CONTEXT(2) 
PARAMETRIC_REPRESENTATION_CONTEXT() REPRESENTATION_CONTEXT('2D SPACE',''
  ) );
#4350 = ORIENTED_EDGE('',*,*,#4301,.T.);
#4351 = ADVANCED_FACE('',(#4352,#4355),#4289,.T.);
#4352 = FACE_BOUND('',#4353,.T.);
#4353 = EDGE_LOOP('',(#4354));
#4354 = ORIENTED_EDGE('',*,*,#4267,.T.);
#4355 = FACE_BOUND('',#4356,.T.);
#4356 = EDGE_LOOP('',(#4357));
#4357 = ORIENTED_EDGE('',*,*,#4358,.F.);
#4358 = EDGE_CURVE('',#4359,#4359,#4361,.T.);
#4359 = VERTEX_POINT('',#4360);
#4360 = CARTESIAN_POINT('',(-12.78,-14.,280.));
#4361 = SURFACE_CURVE('',#4362,(#4367,#4374),.PCURVE_S1.);
#4362 = CIRCLE('',#4363,1.22);
#4363 = AXIS2_PLACEMENT_3D('',#4364,#4365,#4366);
#4364 = CARTESIAN_POINT('',(-14.,-14.,280.));
#4365 = DIRECTION('',(0.,0.,1.));
#4366 = DIRECTION('',(1.,0.,-0.));
#4367 = PCURVE('',#4289,#4368);
#4368 = DEFINITIONAL_REPRESENTATION('',(#4369),#4373);
#4369 = CIRCLE('',#4370,1.22);
#4370 = AXIS2_PLACEMENT_2D('',#4371,#4372);
#4371 = CARTESIAN_POINT('',(0.,0.));
#4372 = DIRECTION('',(1.,0.));
#4373 = ( GEOMETRIC_REPRESENTATION_CONTEXT(2) 
PARAMETRIC_REPRESENTATION_CONTEXT() REPRESENTATION_CONTEXT('2D SPACE',''
  ) );
#4374 = PCURVE('',#4375,#4380);
#4375 = CYLINDRICAL_SURFACE('',#4376,1.22);
#4376 = AXIS2_PLACEMENT_3D('',#4377,#4378,#4379);
#4377 = CARTESIAN_POINT('',(-14.,-14.,266.));
#4378 = DIRECTION('',(0.,0.,1.));
#4379 = DIRECTION('',(1.,0.,-0.));
#4380 = DEFINITIONAL_REPRESENTATION('',(#4381),#4385);
#4381 = LINE('',#4382,#4383);
#4382 = CARTESIAN_POINT('',(0.,14.));
#4383 = VECTOR('',#4384,1.);
#4384 = DIRECTION('',(1.,0.));
#4385 = ( GEOMETRIC_REPRESENTATION_CONTEXT(2) 
PARAMETRIC_REPRESENTATION_CONTEXT() REPRESENTATION_CONTEXT('2D SPACE',''
  ) );
#4386 = ADVANCED_FACE('',(#4387,#4390),#4339,.F.);
#4387 = FACE_BOUND('',#4388,.F.);
#4388 = EDGE_LOOP('',(#4389));
#4389 = ORIENTED_EDGE('',*,*,#4324,.T.);
#4390 = FACE_BOUND('',#4391,.F.);
#4391 = EDGE_LOOP('',(#4392));
#4392 = ORIENTED_EDGE('',*,*,#4393,.F.);
#4393 = EDGE_CURVE('',#4394,#4394,#4396,.T.);
#4394 = VERTEX_POINT('',#4395);
#4395 = CARTESIAN_POINT('',(-12.78,-14.,266.));
#4396 = SURFACE_CURVE('',#4397,(#4402,#4409),.PCURVE_S1.);
#4397 = CIRCLE('',#4398,1.22);
#4398 = AXIS2_PLACEMENT_3D('',#4399,#4400,#4401);
#4399 = CARTESIAN_POINT('',(-14.,-14.,266.));
#4400 = DIRECTION('',(0.,0.,1.));
#4401 = DIRECTION('',(1.,0.,-0.));
#4402 = PCURVE('',#4339,#4403);
#4403 = DEFINITIONAL_REPRESENTATION('',(#4404),#4408);
#4404 = CIRCLE('',#4405,1.22);
#4405 = AXIS2_PLACEMENT_2D('',#4406,#4407);
#4406 = CARTESIAN_POINT('',(0.,0.));
#4407 = DIRECTION('',(1.,0.));
#4408 = ( GEOMETRIC_REPRESENTATION_CONTEXT(2) 
PARAMETRIC_REPRESENTATION_CONTEXT() REPRESENTATION_CONTEXT('2D SPACE',''
  ) );
#4409 = PCURVE('',#4375,#4410);
#4410 = DEFINITIONAL_REPRESENTATION('',(#4411),#4415);
#4411 = LINE('',#4412,#4413);
#4412 = CARTESIAN_POINT('',(0.,0.));
#4413 = VECTOR('',#4414,1.);
#4414 = DIRECTION('',(1.,0.));
#4415 = ( GEOMETRIC_REPRESENTATION_CONTEXT(2) 
PARAMETRIC_REPRESENTATION_CONTEXT() REPRESENTATION_CONTEXT('2D SPACE',''
  ) );
#4416 = ADVANCED_FACE('',(#4417),#4375,.F.);
#4417 = FACE_BOUND('',#4418,.F.);
#4418 = EDGE_LOOP('',(#4419,#4420,#4441,#4442));
#4419 = ORIENTED_EDGE('',*,*,#4358,.F.);
#4420 = ORIENTED_EDGE('',*,*,#4421,.F.);
#4421 = EDGE_CURVE('',#4394,#4359,#4422,.T.);
#4422 = SEAM_CURVE('',#4423,(#4427,#4434),.PCURVE_S1.);
#4423 = LINE('',#4424,#4425);
#4424 = CARTESIAN_POINT('',(-12.78,-14.,266.));
#4425 = VECTOR('',#4426,1.);
#4426 = DIRECTION('',(0.,0.,1.));
#4427 = PCURVE('',#4375,#4428);
#4428 = DEFINITIONAL_REPRESENTATION('',(#4429),#4433);
#4429 = LINE('',#4430,#4431);
#4430 = CARTESIAN_POINT('',(6.28318530718,-0.));
#4431 = VECTOR('',#4432,1.);
#4432 = DIRECTION('',(0.,1.));
#4433 = ( GEOMETRIC_REPRESENTATION_CONTEXT(2) 
PARAMETRIC_REPRESENTATION_CONTEXT() REPRESENTATION_CONTEXT('2D SPACE',''
  ) );
#4434 = PCURVE('',#4375,#4435);
#4435 = DEFINITIONAL_REPRESENTATION('',(#4436),#4440);
#4436 = LINE('',#4437,#4438);
#4437 = CARTESIAN_POINT('',(0.,-0.));
#4438 = VECTOR('',#4439,1.);
#4439 = DIRECTION('',(0.,1.));
#4440 = ( GEOMETRIC_REPRESENTATION_CONTEXT(2) 
PARAMETRIC_REPRESENTATION_CONTEXT() REPRESENTATION_CONTEXT('2D SPACE',''
  ) );
#4441 = ORIENTED_EDGE('',*,*,#4393,.T.);
#4442 = ORIENTED_EDGE('',*,*,#4421,.T.);
#4443 = ( GEOMETRIC_REPRESENTATION_CONTEXT(3) 
GLOBAL_UNCERTAINTY_ASSIGNED_CONTEXT((#4447)) 
GLOBAL_UNIT_ASSIGNED_CONTEXT((#4444,#4445,#4446)) REPRESENTATION_CONTEXT
('Context #1','3D Context with UNIT and UNCERTAINTY') );
#4444 = ( LENGTH_UNIT() NAMED_UNIT(*) SI_UNIT(.MILLI.,.METRE.) );
#4445 = ( NAMED_UNIT(*) PLANE_ANGLE_UNIT() SI_UNIT($,.RADIAN.) );
#4446 = ( NAMED_UNIT(*) SI_UNIT($,.STERADIAN.) SOLID_ANGLE_UNIT() );
#4447 = UNCERTAINTY_MEASURE_WITH_UNIT(LENGTH_MEASURE(1.E-07),#4444,
  'distance_accuracy_value','confusion accuracy');
#4448 = CONTEXT_DEPENDENT_SHAPE_REPRESENTATION(#4449,#4451);
#4449 = ( REPRESENTATION_RELATIONSHIP('','',#4260,#2455) 
REPRESENTATION_RELATIONSHIP_WITH_TRANSFORMATION(#4450) 
SHAPE_REPRESENTATION_RELATIONSHIP() );
#4450 = ITEM_DEFINED_TRANSFORMATION('','',#11,#2464);
#4451 = PRODUCT_DEFINITION_SHAPE('Placement','Placement of an item',
  #4452);
#4452 = NEXT_ASSEMBLY_USAGE_OCCURRENCE('36','V3_CAMERA_STANDOFF_00_PEEK'
  ,'',#2450,#4255,$);
#4453 = PRODUCT_RELATED_PRODUCT_CATEGORY('part',$,(#4257));
#4454 = SHAPE_DEFINITION_REPRESENTATION(#4455,#4461);
#4455 = PRODUCT_DEFINITION_SHAPE('','',#4456);
#4456 = PRODUCT_DEFINITION('design','',#4457,#4460);
#4457 = PRODUCT_DEFINITION_FORMATION('','',#4458);
#4458 = PRODUCT('V3_CAMERA_STANDOFF_01_PEEK',
  'V3_CAMERA_STANDOFF_01_PEEK','',(#4459));
#4459 = PRODUCT_CONTEXT('',#2,'mechanical');
#4460 = PRODUCT_DEFINITION_CONTEXT('part definition',#2,'design');
#4461 = ADVANCED_BREP_SHAPE_REPRESENTATION('',(#11,#4462),#4644);
#4462 = MANIFOLD_SOLID_BREP('',#4463);
#4463 = CLOSED_SHELL('',(#4464,#4552,#4587,#4617));
#4464 = ADVANCED_FACE('',(#4465),#4478,.T.);
#4465 = FACE_BOUND('',#4466,.T.);
#4466 = EDGE_LOOP('',(#4467,#4501,#4524,#4551));
#4467 = ORIENTED_EDGE('',*,*,#4468,.F.);
#4468 = EDGE_CURVE('',#4469,#4469,#4471,.T.);
#4469 = VERTEX_POINT('',#4470);
#4470 = CARTESIAN_POINT('',(-11.5,14.,280.));
#4471 = SURFACE_CURVE('',#4472,(#4477,#4489),.PCURVE_S1.);
#4472 = CIRCLE('',#4473,2.5);
#4473 = AXIS2_PLACEMENT_3D('',#4474,#4475,#4476);
#4474 = CARTESIAN_POINT('',(-14.,14.,280.));
#4475 = DIRECTION('',(0.,0.,1.));
#4476 = DIRECTION('',(1.,0.,-0.));
#4477 = PCURVE('',#4478,#4483);
#4478 = CYLINDRICAL_SURFACE('',#4479,2.5);
#4479 = AXIS2_PLACEMENT_3D('',#4480,#4481,#4482);
#4480 = CARTESIAN_POINT('',(-14.,14.,266.));
#4481 = DIRECTION('',(0.,0.,1.));
#4482 = DIRECTION('',(1.,0.,-0.));
#4483 = DEFINITIONAL_REPRESENTATION('',(#4484),#4488);
#4484 = LINE('',#4485,#4486);
#4485 = CARTESIAN_POINT('',(0.,14.));
#4486 = VECTOR('',#4487,1.);
#4487 = DIRECTION('',(1.,0.));
#4488 = ( GEOMETRIC_REPRESENTATION_CONTEXT(2) 
PARAMETRIC_REPRESENTATION_CONTEXT() REPRESENTATION_CONTEXT('2D SPACE',''
  ) );
#4489 = PCURVE('',#4490,#4495);
#4490 = PLANE('',#4491);
#4491 = AXIS2_PLACEMENT_3D('',#4492,#4493,#4494);
#4492 = CARTESIAN_POINT('',(-14.,14.,280.));
#4493 = DIRECTION('',(0.,0.,1.));
#4494 = DIRECTION('',(1.,0.,-0.));
#4495 = DEFINITIONAL_REPRESENTATION('',(#4496),#4500);
#4496 = CIRCLE('',#4497,2.5);
#4497 = AXIS2_PLACEMENT_2D('',#4498,#4499);
#4498 = CARTESIAN_POINT('',(0.,0.));
#4499 = DIRECTION('',(1.,0.));
#4500 = ( GEOMETRIC_REPRESENTATION_CONTEXT(2) 
PARAMETRIC_REPRESENTATION_CONTEXT() REPRESENTATION_CONTEXT('2D SPACE',''
  ) );
#4501 = ORIENTED_EDGE('',*,*,#4502,.F.);
#4502 = EDGE_CURVE('',#4503,#4469,#4505,.T.);
#4503 = VERTEX_POINT('',#4504);
#4504 = CARTESIAN_POINT('',(-11.5,14.,266.));
#4505 = SEAM_CURVE('',#4506,(#4510,#4517),.PCURVE_S1.);
#4506 = LINE('',#4507,#4508);
#4507 = CARTESIAN_POINT('',(-11.5,14.,266.));
#4508 = VECTOR('',#4509,1.);
#4509 = DIRECTION('',(0.,0.,1.));
#4510 = PCURVE('',#4478,#4511);
#4511 = DEFINITIONAL_REPRESENTATION('',(#4512),#4516);
#4512 = LINE('',#4513,#4514);
#4513 = CARTESIAN_POINT('',(6.28318530718,-0.));
#4514 = VECTOR('',#4515,1.);
#4515 = DIRECTION('',(0.,1.));
#4516 = ( GEOMETRIC_REPRESENTATION_CONTEXT(2) 
PARAMETRIC_REPRESENTATION_CONTEXT() REPRESENTATION_CONTEXT('2D SPACE',''
  ) );
#4517 = PCURVE('',#4478,#4518);
#4518 = DEFINITIONAL_REPRESENTATION('',(#4519),#4523);
#4519 = LINE('',#4520,#4521);
#4520 = CARTESIAN_POINT('',(0.,-0.));
#4521 = VECTOR('',#4522,1.);
#4522 = DIRECTION('',(0.,1.));
#4523 = ( GEOMETRIC_REPRESENTATION_CONTEXT(2) 
PARAMETRIC_REPRESENTATION_CONTEXT() REPRESENTATION_CONTEXT('2D SPACE',''
  ) );
#4524 = ORIENTED_EDGE('',*,*,#4525,.T.);
#4525 = EDGE_CURVE('',#4503,#4503,#4526,.T.);
#4526 = SURFACE_CURVE('',#4527,(#4532,#4539),.PCURVE_S1.);
#4527 = CIRCLE('',#4528,2.5);
#4528 = AXIS2_PLACEMENT_3D('',#4529,#4530,#4531);
#4529 = CARTESIAN_POINT('',(-14.,14.,266.));
#4530 = DIRECTION('',(0.,0.,1.));
#4531 = DIRECTION('',(1.,0.,-0.));
#4532 = PCURVE('',#4478,#4533);
#4533 = DEFINITIONAL_REPRESENTATION('',(#4534),#4538);
#4534 = LINE('',#4535,#4536);
#4535 = CARTESIAN_POINT('',(0.,0.));
#4536 = VECTOR('',#4537,1.);
#4537 = DIRECTION('',(1.,0.));
#4538 = ( GEOMETRIC_REPRESENTATION_CONTEXT(2) 
PARAMETRIC_REPRESENTATION_CONTEXT() REPRESENTATION_CONTEXT('2D SPACE',''
  ) );
#4539 = PCURVE('',#4540,#4545);
#4540 = PLANE('',#4541);
#4541 = AXIS2_PLACEMENT_3D('',#4542,#4543,#4544);
#4542 = CARTESIAN_POINT('',(-14.,14.,266.));
#4543 = DIRECTION('',(0.,0.,1.));
#4544 = DIRECTION('',(1.,0.,-0.));
#4545 = DEFINITIONAL_REPRESENTATION('',(#4546),#4550);
#4546 = CIRCLE('',#4547,2.5);
#4547 = AXIS2_PLACEMENT_2D('',#4548,#4549);
#4548 = CARTESIAN_POINT('',(0.,0.));
#4549 = DIRECTION('',(1.,0.));
#4550 = ( GEOMETRIC_REPRESENTATION_CONTEXT(2) 
PARAMETRIC_REPRESENTATION_CONTEXT() REPRESENTATION_CONTEXT('2D SPACE',''
  ) );
#4551 = ORIENTED_EDGE('',*,*,#4502,.T.);
#4552 = ADVANCED_FACE('',(#4553,#4556),#4490,.T.);
#4553 = FACE_BOUND('',#4554,.T.);
#4554 = EDGE_LOOP('',(#4555));
#4555 = ORIENTED_EDGE('',*,*,#4468,.T.);
#4556 = FACE_BOUND('',#4557,.T.);
#4557 = EDGE_LOOP('',(#4558));
#4558 = ORIENTED_EDGE('',*,*,#4559,.F.);
#4559 = EDGE_CURVE('',#4560,#4560,#4562,.T.);
#4560 = VERTEX_POINT('',#4561);
#4561 = CARTESIAN_POINT('',(-12.78,14.,280.));
#4562 = SURFACE_CURVE('',#4563,(#4568,#4575),.PCURVE_S1.);
#4563 = CIRCLE('',#4564,1.22);
#4564 = AXIS2_PLACEMENT_3D('',#4565,#4566,#4567);
#4565 = CARTESIAN_POINT('',(-14.,14.,280.));
#4566 = DIRECTION('',(0.,0.,1.));
#4567 = DIRECTION('',(1.,0.,-0.));
#4568 = PCURVE('',#4490,#4569);
#4569 = DEFINITIONAL_REPRESENTATION('',(#4570),#4574);
#4570 = CIRCLE('',#4571,1.22);
#4571 = AXIS2_PLACEMENT_2D('',#4572,#4573);
#4572 = CARTESIAN_POINT('',(0.,0.));
#4573 = DIRECTION('',(1.,0.));
#4574 = ( GEOMETRIC_REPRESENTATION_CONTEXT(2) 
PARAMETRIC_REPRESENTATION_CONTEXT() REPRESENTATION_CONTEXT('2D SPACE',''
  ) );
#4575 = PCURVE('',#4576,#4581);
#4576 = CYLINDRICAL_SURFACE('',#4577,1.22);
#4577 = AXIS2_PLACEMENT_3D('',#4578,#4579,#4580);
#4578 = CARTESIAN_POINT('',(-14.,14.,266.));
#4579 = DIRECTION('',(0.,0.,1.));
#4580 = DIRECTION('',(1.,0.,-0.));
#4581 = DEFINITIONAL_REPRESENTATION('',(#4582),#4586);
#4582 = LINE('',#4583,#4584);
#4583 = CARTESIAN_POINT('',(0.,14.));
#4584 = VECTOR('',#4585,1.);
#4585 = DIRECTION('',(1.,0.));
#4586 = ( GEOMETRIC_REPRESENTATION_CONTEXT(2) 
PARAMETRIC_REPRESENTATION_CONTEXT() REPRESENTATION_CONTEXT('2D SPACE',''
  ) );
#4587 = ADVANCED_FACE('',(#4588,#4591),#4540,.F.);
#4588 = FACE_BOUND('',#4589,.F.);
#4589 = EDGE_LOOP('',(#4590));
#4590 = ORIENTED_EDGE('',*,*,#4525,.T.);
#4591 = FACE_BOUND('',#4592,.F.);
#4592 = EDGE_LOOP('',(#4593));
#4593 = ORIENTED_EDGE('',*,*,#4594,.F.);
#4594 = EDGE_CURVE('',#4595,#4595,#4597,.T.);
#4595 = VERTEX_POINT('',#4596);
#4596 = CARTESIAN_POINT('',(-12.78,14.,266.));
#4597 = SURFACE_CURVE('',#4598,(#4603,#4610),.PCURVE_S1.);
#4598 = CIRCLE('',#4599,1.22);
#4599 = AXIS2_PLACEMENT_3D('',#4600,#4601,#4602);
#4600 = CARTESIAN_POINT('',(-14.,14.,266.));
#4601 = DIRECTION('',(0.,0.,1.));
#4602 = DIRECTION('',(1.,0.,-0.));
#4603 = PCURVE('',#4540,#4604);
#4604 = DEFINITIONAL_REPRESENTATION('',(#4605),#4609);
#4605 = CIRCLE('',#4606,1.22);
#4606 = AXIS2_PLACEMENT_2D('',#4607,#4608);
#4607 = CARTESIAN_POINT('',(0.,0.));
#4608 = DIRECTION('',(1.,0.));
#4609 = ( GEOMETRIC_REPRESENTATION_CONTEXT(2) 
PARAMETRIC_REPRESENTATION_CONTEXT() REPRESENTATION_CONTEXT('2D SPACE',''
  ) );
#4610 = PCURVE('',#4576,#4611);
#4611 = DEFINITIONAL_REPRESENTATION('',(#4612),#4616);
#4612 = LINE('',#4613,#4614);
#4613 = CARTESIAN_POINT('',(0.,0.));
#4614 = VECTOR('',#4615,1.);
#4615 = DIRECTION('',(1.,0.));
#4616 = ( GEOMETRIC_REPRESENTATION_CONTEXT(2) 
PARAMETRIC_REPRESENTATION_CONTEXT() REPRESENTATION_CONTEXT('2D SPACE',''
  ) );
#4617 = ADVANCED_FACE('',(#4618),#4576,.F.);
#4618 = FACE_BOUND('',#4619,.F.);
#4619 = EDGE_LOOP('',(#4620,#4621,#4642,#4643));
#4620 = ORIENTED_EDGE('',*,*,#4559,.F.);
#4621 = ORIENTED_EDGE('',*,*,#4622,.F.);
#4622 = EDGE_CURVE('',#4595,#4560,#4623,.T.);
#4623 = SEAM_CURVE('',#4624,(#4628,#4635),.PCURVE_S1.);
#4624 = LINE('',#4625,#4626);
#4625 = CARTESIAN_POINT('',(-12.78,14.,266.));
#4626 = VECTOR('',#4627,1.);
#4627 = DIRECTION('',(0.,0.,1.));
#4628 = PCURVE('',#4576,#4629);
#4629 = DEFINITIONAL_REPRESENTATION('',(#4630),#4634);
#4630 = LINE('',#4631,#4632);
#4631 = CARTESIAN_POINT('',(6.28318530718,-0.));
#4632 = VECTOR('',#4633,1.);
#4633 = DIRECTION('',(0.,1.));
#4634 = ( GEOMETRIC_REPRESENTATION_CONTEXT(2) 
PARAMETRIC_REPRESENTATION_CONTEXT() REPRESENTATION_CONTEXT('2D SPACE',''
  ) );
#4635 = PCURVE('',#4576,#4636);
#4636 = DEFINITIONAL_REPRESENTATION('',(#4637),#4641);
#4637 = LINE('',#4638,#4639);
#4638 = CARTESIAN_POINT('',(0.,-0.));
#4639 = VECTOR('',#4640,1.);
#4640 = DIRECTION('',(0.,1.));
#4641 = ( GEOMETRIC_REPRESENTATION_CONTEXT(2) 
PARAMETRIC_REPRESENTATION_CONTEXT() REPRESENTATION_CONTEXT('2D SPACE',''
  ) );
#4642 = ORIENTED_EDGE('',*,*,#4594,.T.);
#4643 = ORIENTED_EDGE('',*,*,#4622,.T.);
#4644 = ( GEOMETRIC_REPRESENTATION_CONTEXT(3) 
GLOBAL_UNCERTAINTY_ASSIGNED_CONTEXT((#4648)) 
GLOBAL_UNIT_ASSIGNED_CONTEXT((#4645,#4646,#4647)) REPRESENTATION_CONTEXT
('Context #1','3D Context with UNIT and UNCERTAINTY') );
#4645 = ( LENGTH_UNIT() NAMED_UNIT(*) SI_UNIT(.MILLI.,.METRE.) );
#4646 = ( NAMED_UNIT(*) PLANE_ANGLE_UNIT() SI_UNIT($,.RADIAN.) );
#4647 = ( NAMED_UNIT(*) SI_UNIT($,.STERADIAN.) SOLID_ANGLE_UNIT() );
#4648 = UNCERTAINTY_MEASURE_WITH_UNIT(LENGTH_MEASURE(1.E-07),#4645,
  'distance_accuracy_value','confusion accuracy');
#4649 = CONTEXT_DEPENDENT_SHAPE_REPRESENTATION(#4650,#4652);
#4650 = ( REPRESENTATION_RELATIONSHIP('','',#4461,#2455) 
REPRESENTATION_RELATIONSHIP_WITH_TRANSFORMATION(#4651) 
SHAPE_REPRESENTATION_RELATIONSHIP() );
#4651 = ITEM_DEFINED_TRANSFORMATION('','',#11,#2468);
#4652 = PRODUCT_DEFINITION_SHAPE('Placement','Placement of an item',
  #4653);
#4653 = NEXT_ASSEMBLY_USAGE_OCCURRENCE('37','V3_CAMERA_STANDOFF_01_PEEK'
  ,'',#2450,#4456,$);
#4654 = PRODUCT_RELATED_PRODUCT_CATEGORY('part',$,(#4458));
#4655 = SHAPE_DEFINITION_REPRESENTATION(#4656,#4662);
#4656 = PRODUCT_DEFINITION_SHAPE('','',#4657);
#4657 = PRODUCT_DEFINITION('design','',#4658,#4661);
#4658 = PRODUCT_DEFINITION_FORMATION('','',#4659);
#4659 = PRODUCT('V3_CAMERA_STANDOFF_10_PEEK',
  'V3_CAMERA_STANDOFF_10_PEEK','',(#4660));
#4660 = PRODUCT_CONTEXT('',#2,'mechanical');
#4661 = PRODUCT_DEFINITION_CONTEXT('part definition',#2,'design');
#4662 = ADVANCED_BREP_SHAPE_REPRESENTATION('',(#11,#4663),#4845);
#4663 = MANIFOLD_SOLID_BREP('',#4664);
#4664 = CLOSED_SHELL('',(#4665,#4753,#4788,#4818));
#4665 = ADVANCED_FACE('',(#4666),#4679,.T.);
#4666 = FACE_BOUND('',#4667,.T.);
#4667 = EDGE_LOOP('',(#4668,#4702,#4725,#4752));
#4668 = ORIENTED_EDGE('',*,*,#4669,.F.);
#4669 = EDGE_CURVE('',#4670,#4670,#4672,.T.);
#4670 = VERTEX_POINT('',#4671);
#4671 = CARTESIAN_POINT('',(16.5,-14.,280.));
#4672 = SURFACE_CURVE('',#4673,(#4678,#4690),.PCURVE_S1.);
#4673 = CIRCLE('',#4674,2.5);
#4674 = AXIS2_PLACEMENT_3D('',#4675,#4676,#4677);
#4675 = CARTESIAN_POINT('',(14.,-14.,280.));
#4676 = DIRECTION('',(0.,0.,1.));
#4677 = DIRECTION('',(1.,0.,-0.));
#4678 = PCURVE('',#4679,#4684);
#4679 = CYLINDRICAL_SURFACE('',#4680,2.5);
#4680 = AXIS2_PLACEMENT_3D('',#4681,#4682,#4683);
#4681 = CARTESIAN_POINT('',(14.,-14.,266.));
#4682 = DIRECTION('',(0.,0.,1.));
#4683 = DIRECTION('',(1.,0.,-0.));
#4684 = DEFINITIONAL_REPRESENTATION('',(#4685),#4689);
#4685 = LINE('',#4686,#4687);
#4686 = CARTESIAN_POINT('',(0.,14.));
#4687 = VECTOR('',#4688,1.);
#4688 = DIRECTION('',(1.,0.));
#4689 = ( GEOMETRIC_REPRESENTATION_CONTEXT(2) 
PARAMETRIC_REPRESENTATION_CONTEXT() REPRESENTATION_CONTEXT('2D SPACE',''
  ) );
#4690 = PCURVE('',#4691,#4696);
#4691 = PLANE('',#4692);
#4692 = AXIS2_PLACEMENT_3D('',#4693,#4694,#4695);
#4693 = CARTESIAN_POINT('',(14.,-14.,280.));
#4694 = DIRECTION('',(0.,0.,1.));
#4695 = DIRECTION('',(1.,0.,-0.));
#4696 = DEFINITIONAL_REPRESENTATION('',(#4697),#4701);
#4697 = CIRCLE('',#4698,2.5);
#4698 = AXIS2_PLACEMENT_2D('',#4699,#4700);
#4699 = CARTESIAN_POINT('',(0.,0.));
#4700 = DIRECTION('',(1.,0.));
#4701 = ( GEOMETRIC_REPRESENTATION_CONTEXT(2) 
PARAMETRIC_REPRESENTATION_CONTEXT() REPRESENTATION_CONTEXT('2D SPACE',''
  ) );
#4702 = ORIENTED_EDGE('',*,*,#4703,.F.);
#4703 = EDGE_CURVE('',#4704,#4670,#4706,.T.);
#4704 = VERTEX_POINT('',#4705);
#4705 = CARTESIAN_POINT('',(16.5,-14.,266.));
#4706 = SEAM_CURVE('',#4707,(#4711,#4718),.PCURVE_S1.);
#4707 = LINE('',#4708,#4709);
#4708 = CARTESIAN_POINT('',(16.5,-14.,266.));
#4709 = VECTOR('',#4710,1.);
#4710 = DIRECTION('',(0.,0.,1.));
#4711 = PCURVE('',#4679,#4712);
#4712 = DEFINITIONAL_REPRESENTATION('',(#4713),#4717);
#4713 = LINE('',#4714,#4715);
#4714 = CARTESIAN_POINT('',(6.28318530718,-0.));
#4715 = VECTOR('',#4716,1.);
#4716 = DIRECTION('',(0.,1.));
#4717 = ( GEOMETRIC_REPRESENTATION_CONTEXT(2) 
PARAMETRIC_REPRESENTATION_CONTEXT() REPRESENTATION_CONTEXT('2D SPACE',''
  ) );
#4718 = PCURVE('',#4679,#4719);
#4719 = DEFINITIONAL_REPRESENTATION('',(#4720),#4724);
#4720 = LINE('',#4721,#4722);
#4721 = CARTESIAN_POINT('',(0.,-0.));
#4722 = VECTOR('',#4723,1.);
#4723 = DIRECTION('',(0.,1.));
#4724 = ( GEOMETRIC_REPRESENTATION_CONTEXT(2) 
PARAMETRIC_REPRESENTATION_CONTEXT() REPRESENTATION_CONTEXT('2D SPACE',''
  ) );
#4725 = ORIENTED_EDGE('',*,*,#4726,.T.);
#4726 = EDGE_CURVE('',#4704,#4704,#4727,.T.);
#4727 = SURFACE_CURVE('',#4728,(#4733,#4740),.PCURVE_S1.);
#4728 = CIRCLE('',#4729,2.5);
#4729 = AXIS2_PLACEMENT_3D('',#4730,#4731,#4732);
#4730 = CARTESIAN_POINT('',(14.,-14.,266.));
#4731 = DIRECTION('',(0.,0.,1.));
#4732 = DIRECTION('',(1.,0.,-0.));
#4733 = PCURVE('',#4679,#4734);
#4734 = DEFINITIONAL_REPRESENTATION('',(#4735),#4739);
#4735 = LINE('',#4736,#4737);
#4736 = CARTESIAN_POINT('',(0.,0.));
#4737 = VECTOR('',#4738,1.);
#4738 = DIRECTION('',(1.,0.));
#4739 = ( GEOMETRIC_REPRESENTATION_CONTEXT(2) 
PARAMETRIC_REPRESENTATION_CONTEXT() REPRESENTATION_CONTEXT('2D SPACE',''
  ) );
#4740 = PCURVE('',#4741,#4746);
#4741 = PLANE('',#4742);
#4742 = AXIS2_PLACEMENT_3D('',#4743,#4744,#4745);
#4743 = CARTESIAN_POINT('',(14.,-14.,266.));
#4744 = DIRECTION('',(0.,0.,1.));
#4745 = DIRECTION('',(1.,0.,-0.));
#4746 = DEFINITIONAL_REPRESENTATION('',(#4747),#4751);
#4747 = CIRCLE('',#4748,2.5);
#4748 = AXIS2_PLACEMENT_2D('',#4749,#4750);
#4749 = CARTESIAN_POINT('',(0.,0.));
#4750 = DIRECTION('',(1.,0.));
#4751 = ( GEOMETRIC_REPRESENTATION_CONTEXT(2) 
PARAMETRIC_REPRESENTATION_CONTEXT() REPRESENTATION_CONTEXT('2D SPACE',''
  ) );
#4752 = ORIENTED_EDGE('',*,*,#4703,.T.);
#4753 = ADVANCED_FACE('',(#4754,#4757),#4691,.T.);
#4754 = FACE_BOUND('',#4755,.T.);
#4755 = EDGE_LOOP('',(#4756));
#4756 = ORIENTED_EDGE('',*,*,#4669,.T.);
#4757 = FACE_BOUND('',#4758,.T.);
#4758 = EDGE_LOOP('',(#4759));
#4759 = ORIENTED_EDGE('',*,*,#4760,.F.);
#4760 = EDGE_CURVE('',#4761,#4761,#4763,.T.);
#4761 = VERTEX_POINT('',#4762);
#4762 = CARTESIAN_POINT('',(15.22,-14.,280.));
#4763 = SURFACE_CURVE('',#4764,(#4769,#4776),.PCURVE_S1.);
#4764 = CIRCLE('',#4765,1.22);
#4765 = AXIS2_PLACEMENT_3D('',#4766,#4767,#4768);
#4766 = CARTESIAN_POINT('',(14.,-14.,280.));
#4767 = DIRECTION('',(0.,0.,1.));
#4768 = DIRECTION('',(1.,0.,-0.));
#4769 = PCURVE('',#4691,#4770);
#4770 = DEFINITIONAL_REPRESENTATION('',(#4771),#4775);
#4771 = CIRCLE('',#4772,1.22);
#4772 = AXIS2_PLACEMENT_2D('',#4773,#4774);
#4773 = CARTESIAN_POINT('',(0.,0.));
#4774 = DIRECTION('',(1.,0.));
#4775 = ( GEOMETRIC_REPRESENTATION_CONTEXT(2) 
PARAMETRIC_REPRESENTATION_CONTEXT() REPRESENTATION_CONTEXT('2D SPACE',''
  ) );
#4776 = PCURVE('',#4777,#4782);
#4777 = CYLINDRICAL_SURFACE('',#4778,1.22);
#4778 = AXIS2_PLACEMENT_3D('',#4779,#4780,#4781);
#4779 = CARTESIAN_POINT('',(14.,-14.,266.));
#4780 = DIRECTION('',(0.,0.,1.));
#4781 = DIRECTION('',(1.,0.,-0.));
#4782 = DEFINITIONAL_REPRESENTATION('',(#4783),#4787);
#4783 = LINE('',#4784,#4785);
#4784 = CARTESIAN_POINT('',(0.,14.));
#4785 = VECTOR('',#4786,1.);
#4786 = DIRECTION('',(1.,0.));
#4787 = ( GEOMETRIC_REPRESENTATION_CONTEXT(2) 
PARAMETRIC_REPRESENTATION_CONTEXT() REPRESENTATION_CONTEXT('2D SPACE',''
  ) );
#4788 = ADVANCED_FACE('',(#4789,#4792),#4741,.F.);
#4789 = FACE_BOUND('',#4790,.F.);
#4790 = EDGE_LOOP('',(#4791));
#4791 = ORIENTED_EDGE('',*,*,#4726,.T.);
#4792 = FACE_BOUND('',#4793,.F.);
#4793 = EDGE_LOOP('',(#4794));
#4794 = ORIENTED_EDGE('',*,*,#4795,.F.);
#4795 = EDGE_CURVE('',#4796,#4796,#4798,.T.);
#4796 = VERTEX_POINT('',#4797);
#4797 = CARTESIAN_POINT('',(15.22,-14.,266.));
#4798 = SURFACE_CURVE('',#4799,(#4804,#4811),.PCURVE_S1.);
#4799 = CIRCLE('',#4800,1.22);
#4800 = AXIS2_PLACEMENT_3D('',#4801,#4802,#4803);
#4801 = CARTESIAN_POINT('',(14.,-14.,266.));
#4802 = DIRECTION('',(0.,0.,1.));
#4803 = DIRECTION('',(1.,0.,-0.));
#4804 = PCURVE('',#4741,#4805);
#4805 = DEFINITIONAL_REPRESENTATION('',(#4806),#4810);
#4806 = CIRCLE('',#4807,1.22);
#4807 = AXIS2_PLACEMENT_2D('',#4808,#4809);
#4808 = CARTESIAN_POINT('',(0.,0.));
#4809 = DIRECTION('',(1.,0.));
#4810 = ( GEOMETRIC_REPRESENTATION_CONTEXT(2) 
PARAMETRIC_REPRESENTATION_CONTEXT() REPRESENTATION_CONTEXT('2D SPACE',''
  ) );
#4811 = PCURVE('',#4777,#4812);
#4812 = DEFINITIONAL_REPRESENTATION('',(#4813),#4817);
#4813 = LINE('',#4814,#4815);
#4814 = CARTESIAN_POINT('',(0.,0.));
#4815 = VECTOR('',#4816,1.);
#4816 = DIRECTION('',(1.,0.));
#4817 = ( GEOMETRIC_REPRESENTATION_CONTEXT(2) 
PARAMETRIC_REPRESENTATION_CONTEXT() REPRESENTATION_CONTEXT('2D SPACE',''
  ) );
#4818 = ADVANCED_FACE('',(#4819),#4777,.F.);
#4819 = FACE_BOUND('',#4820,.F.);
#4820 = EDGE_LOOP('',(#4821,#4822,#4843,#4844));
#4821 = ORIENTED_EDGE('',*,*,#4760,.F.);
#4822 = ORIENTED_EDGE('',*,*,#4823,.F.);
#4823 = EDGE_CURVE('',#4796,#4761,#4824,.T.);
#4824 = SEAM_CURVE('',#4825,(#4829,#4836),.PCURVE_S1.);
#4825 = LINE('',#4826,#4827);
#4826 = CARTESIAN_POINT('',(15.22,-14.,266.));
#4827 = VECTOR('',#4828,1.);
#4828 = DIRECTION('',(0.,0.,1.));
#4829 = PCURVE('',#4777,#4830);
#4830 = DEFINITIONAL_REPRESENTATION('',(#4831),#4835);
#4831 = LINE('',#4832,#4833);
#4832 = CARTESIAN_POINT('',(6.28318530718,-0.));
#4833 = VECTOR('',#4834,1.);
#4834 = DIRECTION('',(0.,1.));
#4835 = ( GEOMETRIC_REPRESENTATION_CONTEXT(2) 
PARAMETRIC_REPRESENTATION_CONTEXT() REPRESENTATION_CONTEXT('2D SPACE',''
  ) );
#4836 = PCURVE('',#4777,#4837);
#4837 = DEFINITIONAL_REPRESENTATION('',(#4838),#4842);
#4838 = LINE('',#4839,#4840);
#4839 = CARTESIAN_POINT('',(0.,-0.));
#4840 = VECTOR('',#4841,1.);
#4841 = DIRECTION('',(0.,1.));
#4842 = ( GEOMETRIC_REPRESENTATION_CONTEXT(2) 
PARAMETRIC_REPRESENTATION_CONTEXT() REPRESENTATION_CONTEXT('2D SPACE',''
  ) );
#4843 = ORIENTED_EDGE('',*,*,#4795,.T.);
#4844 = ORIENTED_EDGE('',*,*,#4823,.T.);
#4845 = ( GEOMETRIC_REPRESENTATION_CONTEXT(3) 
GLOBAL_UNCERTAINTY_ASSIGNED_CONTEXT((#4849)) 
GLOBAL_UNIT_ASSIGNED_CONTEXT((#4846,#4847,#4848)) REPRESENTATION_CONTEXT
('Context #1','3D Context with UNIT and UNCERTAINTY') );
#4846 = ( LENGTH_UNIT() NAMED_UNIT(*) SI_UNIT(.MILLI.,.METRE.) );
#4847 = ( NAMED_UNIT(*) PLANE_ANGLE_UNIT() SI_UNIT($,.RADIAN.) );
#4848 = ( NAMED_UNIT(*) SI_UNIT($,.STERADIAN.) SOLID_ANGLE_UNIT() );
#4849 = UNCERTAINTY_MEASURE_WITH_UNIT(LENGTH_MEASURE(1.E-07),#4846,
  'distance_accuracy_value','confusion accuracy');
#4850 = CONTEXT_DEPENDENT_SHAPE_REPRESENTATION(#4851,#4853);
#4851 = ( REPRESENTATION_RELATIONSHIP('','',#4662,#2455) 
REPRESENTATION_RELATIONSHIP_WITH_TRANSFORMATION(#4852) 
SHAPE_REPRESENTATION_RELATIONSHIP() );
#4852 = ITEM_DEFINED_TRANSFORMATION('','',#11,#2472);
#4853 = PRODUCT_DEFINITION_SHAPE('Placement','Placement of an item',
  #4854);
#4854 = NEXT_ASSEMBLY_USAGE_OCCURRENCE('38','V3_CAMERA_STANDOFF_10_PEEK'
  ,'',#2450,#4657,$);
#4855 = PRODUCT_RELATED_PRODUCT_CATEGORY('part',$,(#4659));
#4856 = SHAPE_DEFINITION_REPRESENTATION(#4857,#4863);
#4857 = PRODUCT_DEFINITION_SHAPE('','',#4858);
#4858 = PRODUCT_DEFINITION('design','',#4859,#4862);
#4859 = PRODUCT_DEFINITION_FORMATION('','',#4860);
#4860 = PRODUCT('V3_CAMERA_STANDOFF_11_PEEK',
  'V3_CAMERA_STANDOFF_11_PEEK','',(#4861));
#4861 = PRODUCT_CONTEXT('',#2,'mechanical');
#4862 = PRODUCT_DEFINITION_CONTEXT('part definition',#2,'design');
#4863 = ADVANCED_BREP_SHAPE_REPRESENTATION('',(#11,#4864),#5046);
#4864 = MANIFOLD_SOLID_BREP('',#4865);
#4865 = CLOSED_SHELL('',(#4866,#4954,#4989,#5019));
#4866 = ADVANCED_FACE('',(#4867),#4880,.T.);
#4867 = FACE_BOUND('',#4868,.T.);
#4868 = EDGE_LOOP('',(#4869,#4903,#4926,#4953));
#4869 = ORIENTED_EDGE('',*,*,#4870,.F.);
#4870 = EDGE_CURVE('',#4871,#4871,#4873,.T.);
#4871 = VERTEX_POINT('',#4872);
#4872 = CARTESIAN_POINT('',(16.5,14.,280.));
#4873 = SURFACE_CURVE('',#4874,(#4879,#4891),.PCURVE_S1.);
#4874 = CIRCLE('',#4875,2.5);
#4875 = AXIS2_PLACEMENT_3D('',#4876,#4877,#4878);
#4876 = CARTESIAN_POINT('',(14.,14.,280.));
#4877 = DIRECTION('',(0.,0.,1.));
#4878 = DIRECTION('',(1.,0.,-0.));
#4879 = PCURVE('',#4880,#4885);
#4880 = CYLINDRICAL_SURFACE('',#4881,2.5);
#4881 = AXIS2_PLACEMENT_3D('',#4882,#4883,#4884);
#4882 = CARTESIAN_POINT('',(14.,14.,266.));
#4883 = DIRECTION('',(0.,0.,1.));
#4884 = DIRECTION('',(1.,0.,-0.));
#4885 = DEFINITIONAL_REPRESENTATION('',(#4886),#4890);
#4886 = LINE('',#4887,#4888);
#4887 = CARTESIAN_POINT('',(0.,14.));
#4888 = VECTOR('',#4889,1.);
#4889 = DIRECTION('',(1.,0.));
#4890 = ( GEOMETRIC_REPRESENTATION_CONTEXT(2) 
PARAMETRIC_REPRESENTATION_CONTEXT() REPRESENTATION_CONTEXT('2D SPACE',''
  ) );
#4891 = PCURVE('',#4892,#4897);
#4892 = PLANE('',#4893);
#4893 = AXIS2_PLACEMENT_3D('',#4894,#4895,#4896);
#4894 = CARTESIAN_POINT('',(14.,14.,280.));
#4895 = DIRECTION('',(0.,0.,1.));
#4896 = DIRECTION('',(1.,0.,-0.));
#4897 = DEFINITIONAL_REPRESENTATION('',(#4898),#4902);
#4898 = CIRCLE('',#4899,2.5);
#4899 = AXIS2_PLACEMENT_2D('',#4900,#4901);
#4900 = CARTESIAN_POINT('',(0.,0.));
#4901 = DIRECTION('',(1.,0.));
#4902 = ( GEOMETRIC_REPRESENTATION_CONTEXT(2) 
PARAMETRIC_REPRESENTATION_CONTEXT() REPRESENTATION_CONTEXT('2D SPACE',''
  ) );
#4903 = ORIENTED_EDGE('',*,*,#4904,.F.);
#4904 = EDGE_CURVE('',#4905,#4871,#4907,.T.);
#4905 = VERTEX_POINT('',#4906);
#4906 = CARTESIAN_POINT('',(16.5,14.,266.));
#4907 = SEAM_CURVE('',#4908,(#4912,#4919),.PCURVE_S1.);
#4908 = LINE('',#4909,#4910);
#4909 = CARTESIAN_POINT('',(16.5,14.,266.));
#4910 = VECTOR('',#4911,1.);
#4911 = DIRECTION('',(0.,0.,1.));
#4912 = PCURVE('',#4880,#4913);
#4913 = DEFINITIONAL_REPRESENTATION('',(#4914),#4918);
#4914 = LINE('',#4915,#4916);
#4915 = CARTESIAN_POINT('',(6.28318530718,-0.));
#4916 = VECTOR('',#4917,1.);
#4917 = DIRECTION('',(0.,1.));
#4918 = ( GEOMETRIC_REPRESENTATION_CONTEXT(2) 
PARAMETRIC_REPRESENTATION_CONTEXT() REPRESENTATION_CONTEXT('2D SPACE',''
  ) );
#4919 = PCURVE('',#4880,#4920);
#4920 = DEFINITIONAL_REPRESENTATION('',(#4921),#4925);
#4921 = LINE('',#4922,#4923);
#4922 = CARTESIAN_POINT('',(0.,-0.));
#4923 = VECTOR('',#4924,1.);
#4924 = DIRECTION('',(0.,1.));
#4925 = ( GEOMETRIC_REPRESENTATION_CONTEXT(2) 
PARAMETRIC_REPRESENTATION_CONTEXT() REPRESENTATION_CONTEXT('2D SPACE',''
  ) );
#4926 = ORIENTED_EDGE('',*,*,#4927,.T.);
#4927 = EDGE_CURVE('',#4905,#4905,#4928,.T.);
#4928 = SURFACE_CURVE('',#4929,(#4934,#4941),.PCURVE_S1.);
#4929 = CIRCLE('',#4930,2.5);
#4930 = AXIS2_PLACEMENT_3D('',#4931,#4932,#4933);
#4931 = CARTESIAN_POINT('',(14.,14.,266.));
#4932 = DIRECTION('',(0.,0.,1.));
#4933 = DIRECTION('',(1.,0.,-0.));
#4934 = PCURVE('',#4880,#4935);
#4935 = DEFINITIONAL_REPRESENTATION('',(#4936),#4940);
#4936 = LINE('',#4937,#4938);
#4937 = CARTESIAN_POINT('',(0.,0.));
#4938 = VECTOR('',#4939,1.);
#4939 = DIRECTION('',(1.,0.));
#4940 = ( GEOMETRIC_REPRESENTATION_CONTEXT(2) 
PARAMETRIC_REPRESENTATION_CONTEXT() REPRESENTATION_CONTEXT('2D SPACE',''
  ) );
#4941 = PCURVE('',#4942,#4947);
#4942 = PLANE('',#4943);
#4943 = AXIS2_PLACEMENT_3D('',#4944,#4945,#4946);
#4944 = CARTESIAN_POINT('',(14.,14.,266.));
#4945 = DIRECTION('',(0.,0.,1.));
#4946 = DIRECTION('',(1.,0.,-0.));
#4947 = DEFINITIONAL_REPRESENTATION('',(#4948),#4952);
#4948 = CIRCLE('',#4949,2.5);
#4949 = AXIS2_PLACEMENT_2D('',#4950,#4951);
#4950 = CARTESIAN_POINT('',(0.,0.));
#4951 = DIRECTION('',(1.,0.));
#4952 = ( GEOMETRIC_REPRESENTATION_CONTEXT(2) 
PARAMETRIC_REPRESENTATION_CONTEXT() REPRESENTATION_CONTEXT('2D SPACE',''
  ) );
#4953 = ORIENTED_EDGE('',*,*,#4904,.T.);
#4954 = ADVANCED_FACE('',(#4955,#4958),#4892,.T.);
#4955 = FACE_BOUND('',#4956,.T.);
#4956 = EDGE_LOOP('',(#4957));
#4957 = ORIENTED_EDGE('',*,*,#4870,.T.);
#4958 = FACE_BOUND('',#4959,.T.);
#4959 = EDGE_LOOP('',(#4960));
#4960 = ORIENTED_EDGE('',*,*,#4961,.F.);
#4961 = EDGE_CURVE('',#4962,#4962,#4964,.T.);
#4962 = VERTEX_POINT('',#4963);
#4963 = CARTESIAN_POINT('',(15.22,14.,280.));
#4964 = SURFACE_CURVE('',#4965,(#4970,#4977),.PCURVE_S1.);
#4965 = CIRCLE('',#4966,1.22);
#4966 = AXIS2_PLACEMENT_3D('',#4967,#4968,#4969);
#4967 = CARTESIAN_POINT('',(14.,14.,280.));
#4968 = DIRECTION('',(0.,0.,1.));
#4969 = DIRECTION('',(1.,0.,-0.));
#4970 = PCURVE('',#4892,#4971);
#4971 = DEFINITIONAL_REPRESENTATION('',(#4972),#4976);
#4972 = CIRCLE('',#4973,1.22);
#4973 = AXIS2_PLACEMENT_2D('',#4974,#4975);
#4974 = CARTESIAN_POINT('',(0.,0.));
#4975 = DIRECTION('',(1.,0.));
#4976 = ( GEOMETRIC_REPRESENTATION_CONTEXT(2) 
PARAMETRIC_REPRESENTATION_CONTEXT() REPRESENTATION_CONTEXT('2D SPACE',''
  ) );
#4977 = PCURVE('',#4978,#4983);
#4978 = CYLINDRICAL_SURFACE('',#4979,1.22);
#4979 = AXIS2_PLACEMENT_3D('',#4980,#4981,#4982);
#4980 = CARTESIAN_POINT('',(14.,14.,266.));
#4981 = DIRECTION('',(0.,0.,1.));
#4982 = DIRECTION('',(1.,0.,-0.));
#4983 = DEFINITIONAL_REPRESENTATION('',(#4984),#4988);
#4984 = LINE('',#4985,#4986);
#4985 = CARTESIAN_POINT('',(0.,14.));
#4986 = VECTOR('',#4987,1.);
#4987 = DIRECTION('',(1.,0.));
#4988 = ( GEOMETRIC_REPRESENTATION_CONTEXT(2) 
PARAMETRIC_REPRESENTATION_CONTEXT() REPRESENTATION_CONTEXT('2D SPACE',''
  ) );
#4989 = ADVANCED_FACE('',(#4990,#4993),#4942,.F.);
#4990 = FACE_BOUND('',#4991,.F.);
#4991 = EDGE_LOOP('',(#4992));
#4992 = ORIENTED_EDGE('',*,*,#4927,.T.);
#4993 = FACE_BOUND('',#4994,.F.);
#4994 = EDGE_LOOP('',(#4995));
#4995 = ORIENTED_EDGE('',*,*,#4996,.F.);
#4996 = EDGE_CURVE('',#4997,#4997,#4999,.T.);
#4997 = VERTEX_POINT('',#4998);
#4998 = CARTESIAN_POINT('',(15.22,14.,266.));
#4999 = SURFACE_CURVE('',#5000,(#5005,#5012),.PCURVE_S1.);
#5000 = CIRCLE('',#5001,1.22);
#5001 = AXIS2_PLACEMENT_3D('',#5002,#5003,#5004);
#5002 = CARTESIAN_POINT('',(14.,14.,266.));
#5003 = DIRECTION('',(0.,0.,1.));
#5004 = DIRECTION('',(1.,0.,-0.));
#5005 = PCURVE('',#4942,#5006);
#5006 = DEFINITIONAL_REPRESENTATION('',(#5007),#5011);
#5007 = CIRCLE('',#5008,1.22);
#5008 = AXIS2_PLACEMENT_2D('',#5009,#5010);
#5009 = CARTESIAN_POINT('',(0.,0.));
#5010 = DIRECTION('',(1.,0.));
#5011 = ( GEOMETRIC_REPRESENTATION_CONTEXT(2) 
PARAMETRIC_REPRESENTATION_CONTEXT() REPRESENTATION_CONTEXT('2D SPACE',''
  ) );
#5012 = PCURVE('',#4978,#5013);
#5013 = DEFINITIONAL_REPRESENTATION('',(#5014),#5018);
#5014 = LINE('',#5015,#5016);
#5015 = CARTESIAN_POINT('',(0.,0.));
#5016 = VECTOR('',#5017,1.);
#5017 = DIRECTION('',(1.,0.));
#5018 = ( GEOMETRIC_REPRESENTATION_CONTEXT(2) 
PARAMETRIC_REPRESENTATION_CONTEXT() REPRESENTATION_CONTEXT('2D SPACE',''
  ) );
#5019 = ADVANCED_FACE('',(#5020),#4978,.F.);
#5020 = FACE_BOUND('',#5021,.F.);
#5021 = EDGE_LOOP('',(#5022,#5023,#5044,#5045));
#5022 = ORIENTED_EDGE('',*,*,#4961,.F.);
#5023 = ORIENTED_EDGE('',*,*,#5024,.F.);
#5024 = EDGE_CURVE('',#4997,#4962,#5025,.T.);
#5025 = SEAM_CURVE('',#5026,(#5030,#5037),.PCURVE_S1.);
#5026 = LINE('',#5027,#5028);
#5027 = CARTESIAN_POINT('',(15.22,14.,266.));
#5028 = VECTOR('',#5029,1.);
#5029 = DIRECTION('',(0.,0.,1.));
#5030 = PCURVE('',#4978,#5031);
#5031 = DEFINITIONAL_REPRESENTATION('',(#5032),#5036);
#5032 = LINE('',#5033,#5034);
#5033 = CARTESIAN_POINT('',(6.28318530718,-0.));
#5034 = VECTOR('',#5035,1.);
#5035 = DIRECTION('',(0.,1.));
#5036 = ( GEOMETRIC_REPRESENTATION_CONTEXT(2) 
PARAMETRIC_REPRESENTATION_CONTEXT() REPRESENTATION_CONTEXT('2D SPACE',''
  ) );
#5037 = PCURVE('',#4978,#5038);
#5038 = DEFINITIONAL_REPRESENTATION('',(#5039),#5043);
#5039 = LINE('',#5040,#5041);
#5040 = CARTESIAN_POINT('',(0.,-0.));
#5041 = VECTOR('',#5042,1.);
#5042 = DIRECTION('',(0.,1.));
#5043 = ( GEOMETRIC_REPRESENTATION_CONTEXT(2) 
PARAMETRIC_REPRESENTATION_CONTEXT() REPRESENTATION_CONTEXT('2D SPACE',''
  ) );
#5044 = ORIENTED_EDGE('',*,*,#4996,.T.);
#5045 = ORIENTED_EDGE('',*,*,#5024,.T.);
#5046 = ( GEOMETRIC_REPRESENTATION_CONTEXT(3) 
GLOBAL_UNCERTAINTY_ASSIGNED_CONTEXT((#5050)) 
GLOBAL_UNIT_ASSIGNED_CONTEXT((#5047,#5048,#5049)) REPRESENTATION_CONTEXT
('Context #1','3D Context with UNIT and UNCERTAINTY') );
#5047 = ( LENGTH_UNIT() NAMED_UNIT(*) SI_UNIT(.MILLI.,.METRE.) );
#5048 = ( NAMED_UNIT(*) PLANE_ANGLE_UNIT() SI_UNIT($,.RADIAN.) );
#5049 = ( NAMED_UNIT(*) SI_UNIT($,.STERADIAN.) SOLID_ANGLE_UNIT() );
#5050 = UNCERTAINTY_MEASURE_WITH_UNIT(LENGTH_MEASURE(1.E-07),#5047,
  'distance_accuracy_value','confusion accuracy');
#5051 = CONTEXT_DEPENDENT_SHAPE_REPRESENTATION(#5052,#5054);
#5052 = ( REPRESENTATION_RELATIONSHIP('','',#4863,#2455) 
REPRESENTATION_RELATIONSHIP_WITH_TRANSFORMATION(#5053) 
SHAPE_REPRESENTATION_RELATIONSHIP() );
#5053 = ITEM_DEFINED_TRANSFORMATION('','',#11,#2476);
#5054 = PRODUCT_DEFINITION_SHAPE('Placement','Placement of an item',
  #5055);
#5055 = NEXT_ASSEMBLY_USAGE_OCCURRENCE('39','V3_CAMERA_STANDOFF_11_PEEK'
  ,'',#2450,#4858,$);
#5056 = PRODUCT_RELATED_PRODUCT_CATEGORY('part',$,(#4860));
#5057 = SHAPE_DEFINITION_REPRESENTATION(#5058,#5064);
#5058 = PRODUCT_DEFINITION_SHAPE('','',#5059);
#5059 = PRODUCT_DEFINITION('design','',#5060,#5063);
#5060 = PRODUCT_DEFINITION_FORMATION('','',#5061);
#5061 = PRODUCT('PASSIVE_RECEIVE','PASSIVE_RECEIVE','',(#5062));
#5062 = PRODUCT_CONTEXT('',#2,'mechanical');
#5063 = PRODUCT_DEFINITION_CONTEXT('part definition',#2,'design');
#5064 = SHAPE_REPRESENTATION('',(#11,#5065,#5069,#5073),#5077);
#5065 = AXIS2_PLACEMENT_3D('',#5066,#5067,#5068);
#5066 = CARTESIAN_POINT('',(0.,0.,0.));
#5067 = DIRECTION('',(0.,0.,1.));
#5068 = DIRECTION('',(1.,0.,-0.));
#5069 = AXIS2_PLACEMENT_3D('',#5070,#5071,#5072);
#5070 = CARTESIAN_POINT('',(0.,0.,0.));
#5071 = DIRECTION('',(0.,0.,1.));
#5072 = DIRECTION('',(1.,0.,-0.));
#5073 = AXIS2_PLACEMENT_3D('',#5074,#5075,#5076);
#5074 = CARTESIAN_POINT('',(0.,0.,0.));
#5075 = DIRECTION('',(0.,0.,1.));
#5076 = DIRECTION('',(1.,0.,-0.));
#5077 = ( GEOMETRIC_REPRESENTATION_CONTEXT(3) 
GLOBAL_UNCERTAINTY_ASSIGNED_CONTEXT((#5081)) 
GLOBAL_UNIT_ASSIGNED_CONTEXT((#5078,#5079,#5080)) REPRESENTATION_CONTEXT
('Context #1','3D Context with UNIT and UNCERTAINTY') );
#5078 = ( LENGTH_UNIT() NAMED_UNIT(*) SI_UNIT(.MILLI.,.METRE.) );
#5079 = ( NAMED_UNIT(*) PLANE_ANGLE_UNIT() SI_UNIT($,.RADIAN.) );
#5080 = ( NAMED_UNIT(*) SI_UNIT($,.STERADIAN.) SOLID_ANGLE_UNIT() );
#5081 = UNCERTAINTY_MEASURE_WITH_UNIT(LENGTH_MEASURE(1.E-07),#5078,
  'distance_accuracy_value','confusion accuracy');
#5082 = CONTEXT_DEPENDENT_SHAPE_REPRESENTATION(#5083,#5085);
#5083 = ( REPRESENTATION_RELATIONSHIP('','',#5064,#10) 
REPRESENTATION_RELATIONSHIP_WITH_TRANSFORMATION(#5084) 
SHAPE_REPRESENTATION_RELATIONSHIP() );
#5084 = ITEM_DEFINED_TRANSFORMATION('','',#11,#23);
#5085 = PRODUCT_DEFINITION_SHAPE('Placement','Placement of an item',
  #5086);
#5086 = NEXT_ASSEMBLY_USAGE_OCCURRENCE('44','','',#5,#5059,$);
#5087 = PRODUCT_RELATED_PRODUCT_CATEGORY('part',$,(#5061));
#5088 = SHAPE_DEFINITION_REPRESENTATION(#5089,#5095);
#5089 = PRODUCT_DEFINITION_SHAPE('','',#5090);
#5090 = PRODUCT_DEFINITION('design','',#5091,#5094);
#5091 = PRODUCT_DEFINITION_FORMATION('','',#5092);
#5092 = PRODUCT('V3_AS1_RECEIVE_ONLY_SOURCE_ENVELOPE',
  'V3_AS1_RECEIVE_ONLY_SOURCE_ENVELOPE','',(#5093));
#5093 = PRODUCT_CONTEXT('',#2,'mechanical');
#5094 = PRODUCT_DEFINITION_CONTEXT('part definition',#2,'design');
#5095 = ADVANCED_BREP_SHAPE_REPRESENTATION('',(#11,#5096),#5194);
#5096 = MANIFOLD_SOLID_BREP('',#5097);
#5097 = CLOSED_SHELL('',(#5098,#5186,#5190));
#5098 = ADVANCED_FACE('',(#5099),#5112,.T.);
#5099 = FACE_BOUND('',#5100,.T.);
#5100 = EDGE_LOOP('',(#5101,#5135,#5158,#5185));
#5101 = ORIENTED_EDGE('',*,*,#5102,.F.);
#5102 = EDGE_CURVE('',#5103,#5103,#5105,.T.);
#5103 = VERTEX_POINT('',#5104);
#5104 = CARTESIAN_POINT('',(101.,-1.469576158977E-15,280.));
#5105 = SURFACE_CURVE('',#5106,(#5111,#5123),.PCURVE_S1.);
#5106 = CIRCLE('',#5107,6.);
#5107 = AXIS2_PLACEMENT_3D('',#5108,#5109,#5110);
#5108 = CARTESIAN_POINT('',(95.,0.,280.));
#5109 = DIRECTION('',(0.,0.,1.));
#5110 = DIRECTION('',(1.,0.,-0.));
#5111 = PCURVE('',#5112,#5117);
#5112 = CYLINDRICAL_SURFACE('',#5113,6.);
#5113 = AXIS2_PLACEMENT_3D('',#5114,#5115,#5116);
#5114 = CARTESIAN_POINT('',(95.,0.,240.));
#5115 = DIRECTION('',(0.,0.,1.));
#5116 = DIRECTION('',(1.,0.,-0.));
#5117 = DEFINITIONAL_REPRESENTATION('',(#5118),#5122);
#5118 = LINE('',#5119,#5120);
#5119 = CARTESIAN_POINT('',(0.,40.));
#5120 = VECTOR('',#5121,1.);
#5121 = DIRECTION('',(1.,0.));
#5122 = ( GEOMETRIC_REPRESENTATION_CONTEXT(2) 
PARAMETRIC_REPRESENTATION_CONTEXT() REPRESENTATION_CONTEXT('2D SPACE',''
  ) );
#5123 = PCURVE('',#5124,#5129);
#5124 = PLANE('',#5125);
#5125 = AXIS2_PLACEMENT_3D('',#5126,#5127,#5128);
#5126 = CARTESIAN_POINT('',(95.,0.,280.));
#5127 = DIRECTION('',(0.,0.,1.));
#5128 = DIRECTION('',(1.,0.,-0.));
#5129 = DEFINITIONAL_REPRESENTATION('',(#5130),#5134);
#5130 = CIRCLE('',#5131,6.);
#5131 = AXIS2_PLACEMENT_2D('',#5132,#5133);
#5132 = CARTESIAN_POINT('',(0.,0.));
#5133 = DIRECTION('',(1.,0.));
#5134 = ( GEOMETRIC_REPRESENTATION_CONTEXT(2) 
PARAMETRIC_REPRESENTATION_CONTEXT() REPRESENTATION_CONTEXT('2D SPACE',''
  ) );
#5135 = ORIENTED_EDGE('',*,*,#5136,.F.);
#5136 = EDGE_CURVE('',#5137,#5103,#5139,.T.);
#5137 = VERTEX_POINT('',#5138);
#5138 = CARTESIAN_POINT('',(101.,-1.469576158977E-15,240.));
#5139 = SEAM_CURVE('',#5140,(#5144,#5151),.PCURVE_S1.);
#5140 = LINE('',#5141,#5142);
#5141 = CARTESIAN_POINT('',(101.,-1.469576158977E-15,240.));
#5142 = VECTOR('',#5143,1.);
#5143 = DIRECTION('',(0.,0.,1.));
#5144 = PCURVE('',#5112,#5145);
#5145 = DEFINITIONAL_REPRESENTATION('',(#5146),#5150);
#5146 = LINE('',#5147,#5148);
#5147 = CARTESIAN_POINT('',(6.28318530718,-0.));
#5148 = VECTOR('',#5149,1.);
#5149 = DIRECTION('',(0.,1.));
#5150 = ( GEOMETRIC_REPRESENTATION_CONTEXT(2) 
PARAMETRIC_REPRESENTATION_CONTEXT() REPRESENTATION_CONTEXT('2D SPACE',''
  ) );
#5151 = PCURVE('',#5112,#5152);
#5152 = DEFINITIONAL_REPRESENTATION('',(#5153),#5157);
#5153 = LINE('',#5154,#5155);
#5154 = CARTESIAN_POINT('',(0.,-0.));
#5155 = VECTOR('',#5156,1.);
#5156 = DIRECTION('',(0.,1.));
#5157 = ( GEOMETRIC_REPRESENTATION_CONTEXT(2) 
PARAMETRIC_REPRESENTATION_CONTEXT() REPRESENTATION_CONTEXT('2D SPACE',''
  ) );
#5158 = ORIENTED_EDGE('',*,*,#5159,.T.);
#5159 = EDGE_CURVE('',#5137,#5137,#5160,.T.);
#5160 = SURFACE_CURVE('',#5161,(#5166,#5173),.PCURVE_S1.);
#5161 = CIRCLE('',#5162,6.);
#5162 = AXIS2_PLACEMENT_3D('',#5163,#5164,#5165);
#5163 = CARTESIAN_POINT('',(95.,0.,240.));
#5164 = DIRECTION('',(0.,0.,1.));
#5165 = DIRECTION('',(1.,0.,-0.));
#5166 = PCURVE('',#5112,#5167);
#5167 = DEFINITIONAL_REPRESENTATION('',(#5168),#5172);
#5168 = LINE('',#5169,#5170);
#5169 = CARTESIAN_POINT('',(0.,0.));
#5170 = VECTOR('',#5171,1.);
#5171 = DIRECTION('',(1.,0.));
#5172 = ( GEOMETRIC_REPRESENTATION_CONTEXT(2) 
PARAMETRIC_REPRESENTATION_CONTEXT() REPRESENTATION_CONTEXT('2D SPACE',''
  ) );
#5173 = PCURVE('',#5174,#5179);
#5174 = PLANE('',#5175);
#5175 = AXIS2_PLACEMENT_3D('',#5176,#5177,#5178);
#5176 = CARTESIAN_POINT('',(95.,0.,240.));
#5177 = DIRECTION('',(0.,0.,1.));
#5178 = DIRECTION('',(1.,0.,-0.));
#5179 = DEFINITIONAL_REPRESENTATION('',(#5180),#5184);
#5180 = CIRCLE('',#5181,6.);
#5181 = AXIS2_PLACEMENT_2D('',#5182,#5183);
#5182 = CARTESIAN_POINT('',(0.,0.));
#5183 = DIRECTION('',(1.,0.));
#5184 = ( GEOMETRIC_REPRESENTATION_CONTEXT(2) 
PARAMETRIC_REPRESENTATION_CONTEXT() REPRESENTATION_CONTEXT('2D SPACE',''
  ) );
#5185 = ORIENTED_EDGE('',*,*,#5136,.T.);
#5186 = ADVANCED_FACE('',(#5187),#5124,.T.);
#5187 = FACE_BOUND('',#5188,.T.);
#5188 = EDGE_LOOP('',(#5189));
#5189 = ORIENTED_EDGE('',*,*,#5102,.T.);
#5190 = ADVANCED_FACE('',(#5191),#5174,.F.);
#5191 = FACE_BOUND('',#5192,.T.);
#5192 = EDGE_LOOP('',(#5193));
#5193 = ORIENTED_EDGE('',*,*,#5159,.F.);
#5194 = ( GEOMETRIC_REPRESENTATION_CONTEXT(3) 
GLOBAL_UNCERTAINTY_ASSIGNED_CONTEXT((#5198)) 
GLOBAL_UNIT_ASSIGNED_CONTEXT((#5195,#5196,#5197)) REPRESENTATION_CONTEXT
('Context #1','3D Context with UNIT and UNCERTAINTY') );
#5195 = ( LENGTH_UNIT() NAMED_UNIT(*) SI_UNIT(.MILLI.,.METRE.) );
#5196 = ( NAMED_UNIT(*) PLANE_ANGLE_UNIT() SI_UNIT($,.RADIAN.) );
#5197 = ( NAMED_UNIT(*) SI_UNIT($,.STERADIAN.) SOLID_ANGLE_UNIT() );
#5198 = UNCERTAINTY_MEASURE_WITH_UNIT(LENGTH_MEASURE(1.E-07),#5195,
  'distance_accuracy_value','confusion accuracy');
#5199 = CONTEXT_DEPENDENT_SHAPE_REPRESENTATION(#5200,#5202);
#5200 = ( REPRESENTATION_RELATIONSHIP('','',#5095,#5064) 
REPRESENTATION_RELATIONSHIP_WITH_TRANSFORMATION(#5201) 
SHAPE_REPRESENTATION_RELATIONSHIP() );
#5201 = ITEM_DEFINED_TRANSFORMATION('','',#11,#5065);
#5202 = PRODUCT_DEFINITION_SHAPE('Placement','Placement of an item',
  #5203);
#5203 = NEXT_ASSEMBLY_USAGE_OCCURRENCE('41',
  'V3_AS1_RECEIVE_ONLY_SOURCE_ENVELOPE','',#5059,#5090,$);
#5204 = PRODUCT_RELATED_PRODUCT_CATEGORY('part',$,(#5092));
#5205 = SHAPE_DEFINITION_REPRESENTATION(#5206,#5212);
#5206 = PRODUCT_DEFINITION_SHAPE('','',#5207);
#5207 = PRODUCT_DEFINITION('design','',#5208,#5211);
#5208 = PRODUCT_DEFINITION_FORMATION('','',#5209);
#5209 = PRODUCT('V3_AS1_NONMETAL_STANDOFF_BRACKET',
  'V3_AS1_NONMETAL_STANDOFF_BRACKET','',(#5210));
#5210 = PRODUCT_CONTEXT('',#2,'mechanical');
#5211 = PRODUCT_DEFINITION_CONTEXT('part definition',#2,'design');
#5212 = ADVANCED_BREP_SHAPE_REPRESENTATION('',(#11,#5213),#5867);
#5213 = MANIFOLD_SOLID_BREP('',#5214);
#5214 = CLOSED_SHELL('',(#5215,#5459,#5533,#5580,#5649,#5696,#5724,#5774
    ,#5833,#5840));
#5215 = ADVANCED_FACE('',(#5216,#5397,#5428),#5230,.F.);
#5216 = FACE_BOUND('',#5217,.F.);
#5217 = EDGE_LOOP('',(#5218,#5253,#5282,#5310,#5338,#5371));
#5218 = ORIENTED_EDGE('',*,*,#5219,.F.);
#5219 = EDGE_CURVE('',#5220,#5222,#5224,.T.);
#5220 = VERTEX_POINT('',#5221);
#5221 = CARTESIAN_POINT('',(61.708994482166,5.999999999999,250.));
#5222 = VERTEX_POINT('',#5223);
#5223 = CARTESIAN_POINT('',(85.,6.,250.));
#5224 = SURFACE_CURVE('',#5225,(#5229,#5241),.PCURVE_S1.);
#5225 = LINE('',#5226,#5227);
#5226 = CARTESIAN_POINT('',(61.,6.,250.));
#5227 = VECTOR('',#5228,1.);
#5228 = DIRECTION('',(1.,0.,0.));
#5229 = PCURVE('',#5230,#5235);
#5230 = PLANE('',#5231);
#5231 = AXIS2_PLACEMENT_3D('',#5232,#5233,#5234);
#5232 = CARTESIAN_POINT('',(0.,0.,250.));
#5233 = DIRECTION('',(0.,0.,1.));
#5234 = DIRECTION('',(1.,0.,-0.));
#5235 = DEFINITIONAL_REPRESENTATION('',(#5236),#5240);
#5236 = LINE('',#5237,#5238);
#5237 = CARTESIAN_POINT('',(61.,6.));
#5238 = VECTOR('',#5239,1.);
#5239 = DIRECTION('',(1.,0.));
#5240 = ( GEOMETRIC_REPRESENTATION_CONTEXT(2) 
PARAMETRIC_REPRESENTATION_CONTEXT() REPRESENTATION_CONTEXT('2D SPACE',''
  ) );
#5241 = PCURVE('',#5242,#5247);
#5242 = PLANE('',#5243);
#5243 = AXIS2_PLACEMENT_3D('',#5244,#5245,#5246);
#5244 = CARTESIAN_POINT('',(61.,6.,250.));
#5245 = DIRECTION('',(0.,1.,0.));
#5246 = DIRECTION('',(0.,0.,1.));
#5247 = DEFINITIONAL_REPRESENTATION('',(#5248),#5252);
#5248 = LINE('',#5249,#5250);
#5249 = CARTESIAN_POINT('',(0.,0.));
#5250 = VECTOR('',#5251,1.);
#5251 = DIRECTION('',(0.,1.));
#5252 = ( GEOMETRIC_REPRESENTATION_CONTEXT(2) 
PARAMETRIC_REPRESENTATION_CONTEXT() REPRESENTATION_CONTEXT('2D SPACE',''
  ) );
#5253 = ORIENTED_EDGE('',*,*,#5254,.T.);
#5254 = EDGE_CURVE('',#5220,#5255,#5257,.T.);
#5255 = VERTEX_POINT('',#5256);
#5256 = CARTESIAN_POINT('',(61.708994482166,-5.999999999999,250.));
#5257 = SURFACE_CURVE('',#5258,(#5263,#5270),.PCURVE_S1.);
#5258 = CIRCLE('',#5259,62.);
#5259 = AXIS2_PLACEMENT_3D('',#5260,#5261,#5262);
#5260 = CARTESIAN_POINT('',(0.,0.,250.));
#5261 = DIRECTION('',(0.,0.,1.));
#5262 = DIRECTION('',(1.,0.,-0.));
#5263 = PCURVE('',#5230,#5264);
#5264 = DEFINITIONAL_REPRESENTATION('',(#5265),#5269);
#5265 = CIRCLE('',#5266,62.);
#5266 = AXIS2_PLACEMENT_2D('',#5267,#5268);
#5267 = CARTESIAN_POINT('',(0.,0.));
#5268 = DIRECTION('',(1.,0.));
#5269 = ( GEOMETRIC_REPRESENTATION_CONTEXT(2) 
PARAMETRIC_REPRESENTATION_CONTEXT() REPRESENTATION_CONTEXT('2D SPACE',''
  ) );
#5270 = PCURVE('',#5271,#5276);
#5271 = CYLINDRICAL_SURFACE('',#5272,62.);
#5272 = AXIS2_PLACEMENT_3D('',#5273,#5274,#5275);
#5273 = CARTESIAN_POINT('',(0.,0.,250.));
#5274 = DIRECTION('',(0.,0.,1.));
#5275 = DIRECTION('',(1.,0.,-0.));
#5276 = DEFINITIONAL_REPRESENTATION('',(#5277),#5281);
#5277 = LINE('',#5278,#5279);
#5278 = CARTESIAN_POINT('',(0.,0.));
#5279 = VECTOR('',#5280,1.);
#5280 = DIRECTION('',(1.,0.));
#5281 = ( GEOMETRIC_REPRESENTATION_CONTEXT(2) 
PARAMETRIC_REPRESENTATION_CONTEXT() REPRESENTATION_CONTEXT('2D SPACE',''
  ) );
#5282 = ORIENTED_EDGE('',*,*,#5283,.T.);
#5283 = EDGE_CURVE('',#5255,#5284,#5286,.T.);
#5284 = VERTEX_POINT('',#5285);
#5285 = CARTESIAN_POINT('',(85.,-6.,250.));
#5286 = SURFACE_CURVE('',#5287,(#5291,#5298),.PCURVE_S1.);
#5287 = LINE('',#5288,#5289);
#5288 = CARTESIAN_POINT('',(61.,-6.,250.));
#5289 = VECTOR('',#5290,1.);
#5290 = DIRECTION('',(1.,0.,0.));
#5291 = PCURVE('',#5230,#5292);
#5292 = DEFINITIONAL_REPRESENTATION('',(#5293),#5297);
#5293 = LINE('',#5294,#5295);
#5294 = CARTESIAN_POINT('',(61.,-6.));
#5295 = VECTOR('',#5296,1.);
#5296 = DIRECTION('',(1.,0.));
#5297 = ( GEOMETRIC_REPRESENTATION_CONTEXT(2) 
PARAMETRIC_REPRESENTATION_CONTEXT() REPRESENTATION_CONTEXT('2D SPACE',''
  ) );
#5298 = PCURVE('',#5299,#5304);
#5299 = PLANE('',#5300);
#5300 = AXIS2_PLACEMENT_3D('',#5301,#5302,#5303);
#5301 = CARTESIAN_POINT('',(61.,-6.,250.));
#5302 = DIRECTION('',(0.,1.,0.));
#5303 = DIRECTION('',(0.,0.,1.));
#5304 = DEFINITIONAL_REPRESENTATION('',(#5305),#5309);
#5305 = LINE('',#5306,#5307);
#5306 = CARTESIAN_POINT('',(0.,0.));
#5307 = VECTOR('',#5308,1.);
#5308 = DIRECTION('',(0.,1.));
#5309 = ( GEOMETRIC_REPRESENTATION_CONTEXT(2) 
PARAMETRIC_REPRESENTATION_CONTEXT() REPRESENTATION_CONTEXT('2D SPACE',''
  ) );
#5310 = ORIENTED_EDGE('',*,*,#5311,.T.);
#5311 = EDGE_CURVE('',#5284,#5312,#5314,.T.);
#5312 = VERTEX_POINT('',#5313);
#5313 = CARTESIAN_POINT('',(85.,-4.582575694955,250.));
#5314 = SURFACE_CURVE('',#5315,(#5319,#5326),.PCURVE_S1.);
#5315 = LINE('',#5316,#5317);
#5316 = CARTESIAN_POINT('',(85.,-6.,250.));
#5317 = VECTOR('',#5318,1.);
#5318 = DIRECTION('',(0.,1.,0.));
#5319 = PCURVE('',#5230,#5320);
#5320 = DEFINITIONAL_REPRESENTATION('',(#5321),#5325);
#5321 = LINE('',#5322,#5323);
#5322 = CARTESIAN_POINT('',(85.,-6.));
#5323 = VECTOR('',#5324,1.);
#5324 = DIRECTION('',(0.,1.));
#5325 = ( GEOMETRIC_REPRESENTATION_CONTEXT(2) 
PARAMETRIC_REPRESENTATION_CONTEXT() REPRESENTATION_CONTEXT('2D SPACE',''
  ) );
#5326 = PCURVE('',#5327,#5332);
#5327 = PLANE('',#5328);
#5328 = AXIS2_PLACEMENT_3D('',#5329,#5330,#5331);
#5329 = CARTESIAN_POINT('',(85.,-6.,250.));
#5330 = DIRECTION('',(1.,0.,0.));
#5331 = DIRECTION('',(0.,0.,1.));
#5332 = DEFINITIONAL_REPRESENTATION('',(#5333),#5337);
#5333 = LINE('',#5334,#5335);
#5334 = CARTESIAN_POINT('',(0.,0.));
#5335 = VECTOR('',#5336,1.);
#5336 = DIRECTION('',(0.,-1.));
#5337 = ( GEOMETRIC_REPRESENTATION_CONTEXT(2) 
PARAMETRIC_REPRESENTATION_CONTEXT() REPRESENTATION_CONTEXT('2D SPACE',''
  ) );
#5338 = ORIENTED_EDGE('',*,*,#5339,.F.);
#5339 = EDGE_CURVE('',#5340,#5312,#5342,.T.);
#5340 = VERTEX_POINT('',#5341);
#5341 = CARTESIAN_POINT('',(85.,4.582575694955,250.));
#5342 = SURFACE_CURVE('',#5343,(#5348,#5359),.PCURVE_S1.);
#5343 = CIRCLE('',#5344,11.);
#5344 = AXIS2_PLACEMENT_3D('',#5345,#5346,#5347);
#5345 = CARTESIAN_POINT('',(95.,0.,250.));
#5346 = DIRECTION('',(0.,0.,-1.));
#5347 = DIRECTION('',(-0.909090909091,0.41659779045,0.));
#5348 = PCURVE('',#5230,#5349);
#5349 = DEFINITIONAL_REPRESENTATION('',(#5350),#5358);
#5350 = ( BOUNDED_CURVE() B_SPLINE_CURVE(2,(#5351,#5352,#5353,#5354,
#5355,#5356,#5357),.UNSPECIFIED.,.T.,.F.) B_SPLINE_CURVE_WITH_KNOTS((1,2
    ,2,2,2,1),(-2.094395102393,0.,2.094395102393,4.188790204786,
6.28318530718,8.377580409573),.UNSPECIFIED.) CURVE() 
GEOMETRIC_REPRESENTATION_ITEM() RATIONAL_B_SPLINE_CURVE((1.,0.5,1.,0.5,
1.,0.5,1.)) REPRESENTATION_ITEM('') );
#5351 = CARTESIAN_POINT('',(85.,4.582575694955));
#5352 = CARTESIAN_POINT('',(92.937253933193,21.903083770644));
#5353 = CARTESIAN_POINT('',(103.96862696659,6.368966190367));
#5354 = CARTESIAN_POINT('',(115.,-9.165151389911));
#5355 = CARTESIAN_POINT('',(96.031373033404,-10.95154188532));
#5356 = CARTESIAN_POINT('',(77.062746066807,-12.73793238073));
#5357 = CARTESIAN_POINT('',(85.,4.582575694955));
#5358 = ( GEOMETRIC_REPRESENTATION_CONTEXT(2) 
PARAMETRIC_REPRESENTATION_CONTEXT() REPRESENTATION_CONTEXT('2D SPACE',''
  ) );
#5359 = PCURVE('',#5360,#5365);
#5360 = CYLINDRICAL_SURFACE('',#5361,11.);
#5361 = AXIS2_PLACEMENT_3D('',#5362,#5363,#5364);
#5362 = CARTESIAN_POINT('',(95.,0.,250.));
#5363 = DIRECTION('',(0.,0.,1.));
#5364 = DIRECTION('',(1.,0.,-0.));
#5365 = DEFINITIONAL_REPRESENTATION('',(#5366),#5370);
#5366 = LINE('',#5367,#5368);
#5367 = CARTESIAN_POINT('',(8.995078294618,0.));
#5368 = VECTOR('',#5369,1.);
#5369 = DIRECTION('',(-1.,-0.));
#5370 = ( GEOMETRIC_REPRESENTATION_CONTEXT(2) 
PARAMETRIC_REPRESENTATION_CONTEXT() REPRESENTATION_CONTEXT('2D SPACE',''
  ) );
#5371 = ORIENTED_EDGE('',*,*,#5372,.T.);
#5372 = EDGE_CURVE('',#5340,#5222,#5373,.T.);
#5373 = SURFACE_CURVE('',#5374,(#5378,#5385),.PCURVE_S1.);
#5374 = LINE('',#5375,#5376);
#5375 = CARTESIAN_POINT('',(85.,-6.,250.));
#5376 = VECTOR('',#5377,1.);
#5377 = DIRECTION('',(0.,1.,0.));
#5378 = PCURVE('',#5230,#5379);
#5379 = DEFINITIONAL_REPRESENTATION('',(#5380),#5384);
#5380 = LINE('',#5381,#5382);
#5381 = CARTESIAN_POINT('',(85.,-6.));
#5382 = VECTOR('',#5383,1.);
#5383 = DIRECTION('',(0.,1.));
#5384 = ( GEOMETRIC_REPRESENTATION_CONTEXT(2) 
PARAMETRIC_REPRESENTATION_CONTEXT() REPRESENTATION_CONTEXT('2D SPACE',''
  ) );
#5385 = PCURVE('',#5386,#5391);
#5386 = PLANE('',#5387);
#5387 = AXIS2_PLACEMENT_3D('',#5388,#5389,#5390);
#5388 = CARTESIAN_POINT('',(85.,-6.,250.));
#5389 = DIRECTION('',(1.,0.,0.));
#5390 = DIRECTION('',(0.,0.,1.));
#5391 = DEFINITIONAL_REPRESENTATION('',(#5392),#5396);
#5392 = LINE('',#5393,#5394);
#5393 = CARTESIAN_POINT('',(0.,0.));
#5394 = VECTOR('',#5395,1.);
#5395 = DIRECTION('',(0.,-1.));
#5396 = ( GEOMETRIC_REPRESENTATION_CONTEXT(2) 
PARAMETRIC_REPRESENTATION_CONTEXT() REPRESENTATION_CONTEXT('2D SPACE',''
  ) );
#5397 = FACE_BOUND('',#5398,.F.);
#5398 = EDGE_LOOP('',(#5399));
#5399 = ORIENTED_EDGE('',*,*,#5400,.F.);
#5400 = EDGE_CURVE('',#5401,#5401,#5403,.T.);
#5401 = VERTEX_POINT('',#5402);
#5402 = CARTESIAN_POINT('',(56.6,-1.386300176635E-14,250.));
#5403 = SURFACE_CURVE('',#5404,(#5409,#5416),.PCURVE_S1.);
#5404 = CIRCLE('',#5405,56.6);
#5405 = AXIS2_PLACEMENT_3D('',#5406,#5407,#5408);
#5406 = CARTESIAN_POINT('',(0.,0.,250.));
#5407 = DIRECTION('',(0.,0.,1.));
#5408 = DIRECTION('',(1.,0.,-0.));
#5409 = PCURVE('',#5230,#5410);
#5410 = DEFINITIONAL_REPRESENTATION('',(#5411),#5415);
#5411 = CIRCLE('',#5412,56.6);
#5412 = AXIS2_PLACEMENT_2D('',#5413,#5414);
#5413 = CARTESIAN_POINT('',(0.,0.));
#5414 = DIRECTION('',(1.,0.));
#5415 = ( GEOMETRIC_REPRESENTATION_CONTEXT(2) 
PARAMETRIC_REPRESENTATION_CONTEXT() REPRESENTATION_CONTEXT('2D SPACE',''
  ) );
#5416 = PCURVE('',#5417,#5422);
#5417 = CYLINDRICAL_SURFACE('',#5418,56.6);
#5418 = AXIS2_PLACEMENT_3D('',#5419,#5420,#5421);
#5419 = CARTESIAN_POINT('',(0.,0.,250.));
#5420 = DIRECTION('',(0.,0.,1.));
#5421 = DIRECTION('',(1.,0.,-0.));
#5422 = DEFINITIONAL_REPRESENTATION('',(#5423),#5427);
#5423 = LINE('',#5424,#5425);
#5424 = CARTESIAN_POINT('',(0.,0.));
#5425 = VECTOR('',#5426,1.);
#5426 = DIRECTION('',(1.,0.));
#5427 = ( GEOMETRIC_REPRESENTATION_CONTEXT(2) 
PARAMETRIC_REPRESENTATION_CONTEXT() REPRESENTATION_CONTEXT('2D SPACE',''
  ) );
#5428 = FACE_BOUND('',#5429,.F.);
#5429 = EDGE_LOOP('',(#5430));
#5430 = ORIENTED_EDGE('',*,*,#5431,.F.);
#5431 = EDGE_CURVE('',#5432,#5432,#5434,.T.);
#5432 = VERTEX_POINT('',#5433);
#5433 = CARTESIAN_POINT('',(101.5,-1.592040838892E-15,250.));
#5434 = SURFACE_CURVE('',#5435,(#5440,#5447),.PCURVE_S1.);
#5435 = CIRCLE('',#5436,6.5);
#5436 = AXIS2_PLACEMENT_3D('',#5437,#5438,#5439);
#5437 = CARTESIAN_POINT('',(95.,0.,250.));
#5438 = DIRECTION('',(0.,0.,1.));
#5439 = DIRECTION('',(1.,0.,-0.));
#5440 = PCURVE('',#5230,#5441);
#5441 = DEFINITIONAL_REPRESENTATION('',(#5442),#5446);
#5442 = CIRCLE('',#5443,6.5);
#5443 = AXIS2_PLACEMENT_2D('',#5444,#5445);
#5444 = CARTESIAN_POINT('',(95.,0.));
#5445 = DIRECTION('',(1.,0.));
#5446 = ( GEOMETRIC_REPRESENTATION_CONTEXT(2) 
PARAMETRIC_REPRESENTATION_CONTEXT() REPRESENTATION_CONTEXT('2D SPACE',''
  ) );
#5447 = PCURVE('',#5448,#5453);
#5448 = CYLINDRICAL_SURFACE('',#5449,6.5);
#5449 = AXIS2_PLACEMENT_3D('',#5450,#5451,#5452);
#5450 = CARTESIAN_POINT('',(95.,0.,250.));
#5451 = DIRECTION('',(0.,0.,1.));
#5452 = DIRECTION('',(1.,0.,-0.));
#5453 = DEFINITIONAL_REPRESENTATION('',(#5454),#5458);
#5454 = LINE('',#5455,#5456);
#5455 = CARTESIAN_POINT('',(0.,0.));
#5456 = VECTOR('',#5457,1.);
#5457 = DIRECTION('',(1.,0.));
#5458 = ( GEOMETRIC_REPRESENTATION_CONTEXT(2) 
PARAMETRIC_REPRESENTATION_CONTEXT() REPRESENTATION_CONTEXT('2D SPACE',''
  ) );
#5459 = ADVANCED_FACE('',(#5460),#5242,.T.);
#5460 = FACE_BOUND('',#5461,.T.);
#5461 = EDGE_LOOP('',(#5462,#5463,#5484,#5512));
#5462 = ORIENTED_EDGE('',*,*,#5219,.F.);
#5463 = ORIENTED_EDGE('',*,*,#5464,.T.);
#5464 = EDGE_CURVE('',#5220,#5465,#5467,.T.);
#5465 = VERTEX_POINT('',#5466);
#5466 = CARTESIAN_POINT('',(61.708994482166,5.999999999999,260.));
#5467 = SURFACE_CURVE('',#5468,(#5472,#5478),.PCURVE_S1.);
#5468 = LINE('',#5469,#5470);
#5469 = CARTESIAN_POINT('',(61.708994482166,6.,250.));
#5470 = VECTOR('',#5471,1.);
#5471 = DIRECTION('',(0.,0.,1.));
#5472 = PCURVE('',#5242,#5473);
#5473 = DEFINITIONAL_REPRESENTATION('',(#5474),#5477);
#5474 = B_SPLINE_CURVE_WITH_KNOTS('',1,(#5475,#5476),.UNSPECIFIED.,.F.,
  .F.,(2,2),(-5.999999928008E-07,10.0000006),.PIECEWISE_BEZIER_KNOTS.);
#5475 = CARTESIAN_POINT('',(-5.999999928008E-07,0.708994482166));
#5476 = CARTESIAN_POINT('',(10.0000006,0.708994482166));
#5477 = ( GEOMETRIC_REPRESENTATION_CONTEXT(2) 
PARAMETRIC_REPRESENTATION_CONTEXT() REPRESENTATION_CONTEXT('2D SPACE',''
  ) );
#5478 = PCURVE('',#5271,#5479);
#5479 = DEFINITIONAL_REPRESENTATION('',(#5480),#5483);
#5480 = B_SPLINE_CURVE_WITH_KNOTS('',1,(#5481,#5482),.UNSPECIFIED.,.F.,
  .F.,(2,2),(-5.999999928008E-07,10.0000006),.PIECEWISE_BEZIER_KNOTS.);
#5481 = CARTESIAN_POINT('',(9.692588604001E-02,-5.999999928008E-07));
#5482 = CARTESIAN_POINT('',(9.692588604001E-02,10.0000006));
#5483 = ( GEOMETRIC_REPRESENTATION_CONTEXT(2) 
PARAMETRIC_REPRESENTATION_CONTEXT() REPRESENTATION_CONTEXT('2D SPACE',''
  ) );
#5484 = ORIENTED_EDGE('',*,*,#5485,.T.);
#5485 = EDGE_CURVE('',#5465,#5486,#5488,.T.);
#5486 = VERTEX_POINT('',#5487);
#5487 = CARTESIAN_POINT('',(85.,6.,260.));
#5488 = SURFACE_CURVE('',#5489,(#5493,#5500),.PCURVE_S1.);
#5489 = LINE('',#5490,#5491);
#5490 = CARTESIAN_POINT('',(61.,6.,260.));
#5491 = VECTOR('',#5492,1.);
#5492 = DIRECTION('',(1.,0.,0.));
#5493 = PCURVE('',#5242,#5494);
#5494 = DEFINITIONAL_REPRESENTATION('',(#5495),#5499);
#5495 = LINE('',#5496,#5497);
#5496 = CARTESIAN_POINT('',(10.,0.));
#5497 = VECTOR('',#5498,1.);
#5498 = DIRECTION('',(0.,1.));
#5499 = ( GEOMETRIC_REPRESENTATION_CONTEXT(2) 
PARAMETRIC_REPRESENTATION_CONTEXT() REPRESENTATION_CONTEXT('2D SPACE',''
  ) );
#5500 = PCURVE('',#5501,#5506);
#5501 = PLANE('',#5502);
#5502 = AXIS2_PLACEMENT_3D('',#5503,#5504,#5505);
#5503 = CARTESIAN_POINT('',(61.,-6.,260.));
#5504 = DIRECTION('',(0.,0.,1.));
#5505 = DIRECTION('',(1.,0.,0.));
#5506 = DEFINITIONAL_REPRESENTATION('',(#5507),#5511);
#5507 = LINE('',#5508,#5509);
#5508 = CARTESIAN_POINT('',(0.,12.));
#5509 = VECTOR('',#5510,1.);
#5510 = DIRECTION('',(1.,0.));
#5511 = ( GEOMETRIC_REPRESENTATION_CONTEXT(2) 
PARAMETRIC_REPRESENTATION_CONTEXT() REPRESENTATION_CONTEXT('2D SPACE',''
  ) );
#5512 = ORIENTED_EDGE('',*,*,#5513,.F.);
#5513 = EDGE_CURVE('',#5222,#5486,#5514,.T.);
#5514 = SURFACE_CURVE('',#5515,(#5519,#5526),.PCURVE_S1.);
#5515 = LINE('',#5516,#5517);
#5516 = CARTESIAN_POINT('',(85.,6.,250.));
#5517 = VECTOR('',#5518,1.);
#5518 = DIRECTION('',(0.,0.,1.));
#5519 = PCURVE('',#5242,#5520);
#5520 = DEFINITIONAL_REPRESENTATION('',(#5521),#5525);
#5521 = LINE('',#5522,#5523);
#5522 = CARTESIAN_POINT('',(0.,24.));
#5523 = VECTOR('',#5524,1.);
#5524 = DIRECTION('',(1.,0.));
#5525 = ( GEOMETRIC_REPRESENTATION_CONTEXT(2) 
PARAMETRIC_REPRESENTATION_CONTEXT() REPRESENTATION_CONTEXT('2D SPACE',''
  ) );
#5526 = PCURVE('',#5386,#5527);
#5527 = DEFINITIONAL_REPRESENTATION('',(#5528),#5532);
#5528 = LINE('',#5529,#5530);
#5529 = CARTESIAN_POINT('',(0.,-12.));
#5530 = VECTOR('',#5531,1.);
#5531 = DIRECTION('',(1.,0.));
#5532 = ( GEOMETRIC_REPRESENTATION_CONTEXT(2) 
PARAMETRIC_REPRESENTATION_CONTEXT() REPRESENTATION_CONTEXT('2D SPACE',''
  ) );
#5533 = ADVANCED_FACE('',(#5534),#5386,.T.);
#5534 = FACE_BOUND('',#5535,.T.);
#5535 = EDGE_LOOP('',(#5536,#5559,#5578,#5579));
#5536 = ORIENTED_EDGE('',*,*,#5537,.F.);
#5537 = EDGE_CURVE('',#5538,#5486,#5540,.T.);
#5538 = VERTEX_POINT('',#5539);
#5539 = CARTESIAN_POINT('',(85.,4.582575694955,260.));
#5540 = SURFACE_CURVE('',#5541,(#5545,#5552),.PCURVE_S1.);
#5541 = LINE('',#5542,#5543);
#5542 = CARTESIAN_POINT('',(85.,-6.,260.));
#5543 = VECTOR('',#5544,1.);
#5544 = DIRECTION('',(0.,1.,0.));
#5545 = PCURVE('',#5386,#5546);
#5546 = DEFINITIONAL_REPRESENTATION('',(#5547),#5551);
#5547 = LINE('',#5548,#5549);
#5548 = CARTESIAN_POINT('',(10.,0.));
#5549 = VECTOR('',#5550,1.);
#5550 = DIRECTION('',(0.,-1.));
#5551 = ( GEOMETRIC_REPRESENTATION_CONTEXT(2) 
PARAMETRIC_REPRESENTATION_CONTEXT() REPRESENTATION_CONTEXT('2D SPACE',''
  ) );
#5552 = PCURVE('',#5501,#5553);
#5553 = DEFINITIONAL_REPRESENTATION('',(#5554),#5558);
#5554 = LINE('',#5555,#5556);
#5555 = CARTESIAN_POINT('',(24.,0.));
#5556 = VECTOR('',#5557,1.);
#5557 = DIRECTION('',(0.,1.));
#5558 = ( GEOMETRIC_REPRESENTATION_CONTEXT(2) 
PARAMETRIC_REPRESENTATION_CONTEXT() REPRESENTATION_CONTEXT('2D SPACE',''
  ) );
#5559 = ORIENTED_EDGE('',*,*,#5560,.F.);
#5560 = EDGE_CURVE('',#5340,#5538,#5561,.T.);
#5561 = SURFACE_CURVE('',#5562,(#5566,#5572),.PCURVE_S1.);
#5562 = LINE('',#5563,#5564);
#5563 = CARTESIAN_POINT('',(85.,4.582575694956,250.));
#5564 = VECTOR('',#5565,1.);
#5565 = DIRECTION('',(0.,0.,1.));
#5566 = PCURVE('',#5386,#5567);
#5567 = DEFINITIONAL_REPRESENTATION('',(#5568),#5571);
#5568 = B_SPLINE_CURVE_WITH_KNOTS('',1,(#5569,#5570),.UNSPECIFIED.,.F.,
  .F.,(2,2),(-5.999999928008E-07,10.0000006),.PIECEWISE_BEZIER_KNOTS.);
#5569 = CARTESIAN_POINT('',(-5.999999928008E-07,-10.58257569495));
#5570 = CARTESIAN_POINT('',(10.0000006,-10.58257569495));
#5571 = ( GEOMETRIC_REPRESENTATION_CONTEXT(2) 
PARAMETRIC_REPRESENTATION_CONTEXT() REPRESENTATION_CONTEXT('2D SPACE',''
  ) );
#5572 = PCURVE('',#5360,#5573);
#5573 = DEFINITIONAL_REPRESENTATION('',(#5574),#5577);
#5574 = B_SPLINE_CURVE_WITH_KNOTS('',1,(#5575,#5576),.UNSPECIFIED.,.F.,
  .F.,(2,2),(0.,10.),.PIECEWISE_BEZIER_KNOTS.);
#5575 = CARTESIAN_POINT('',(8.995078294618,0.));
#5576 = CARTESIAN_POINT('',(8.995078294618,10.));
#5577 = ( GEOMETRIC_REPRESENTATION_CONTEXT(2) 
PARAMETRIC_REPRESENTATION_CONTEXT() REPRESENTATION_CONTEXT('2D SPACE',''
  ) );
#5578 = ORIENTED_EDGE('',*,*,#5372,.T.);
#5579 = ORIENTED_EDGE('',*,*,#5513,.T.);
#5580 = ADVANCED_FACE('',(#5581),#5327,.T.);
#5581 = FACE_BOUND('',#5582,.T.);
#5582 = EDGE_LOOP('',(#5583,#5608,#5629,#5630));
#5583 = ORIENTED_EDGE('',*,*,#5584,.F.);
#5584 = EDGE_CURVE('',#5585,#5587,#5589,.T.);
#5585 = VERTEX_POINT('',#5586);
#5586 = CARTESIAN_POINT('',(85.,-6.,260.));
#5587 = VERTEX_POINT('',#5588);
#5588 = CARTESIAN_POINT('',(85.,-4.582575694955,260.));
#5589 = SURFACE_CURVE('',#5590,(#5594,#5601),.PCURVE_S1.);
#5590 = LINE('',#5591,#5592);
#5591 = CARTESIAN_POINT('',(85.,-6.,260.));
#5592 = VECTOR('',#5593,1.);
#5593 = DIRECTION('',(0.,1.,0.));
#5594 = PCURVE('',#5327,#5595);
#5595 = DEFINITIONAL_REPRESENTATION('',(#5596),#5600);
#5596 = LINE('',#5597,#5598);
#5597 = CARTESIAN_POINT('',(10.,0.));
#5598 = VECTOR('',#5599,1.);
#5599 = DIRECTION('',(0.,-1.));
#5600 = ( GEOMETRIC_REPRESENTATION_CONTEXT(2) 
PARAMETRIC_REPRESENTATION_CONTEXT() REPRESENTATION_CONTEXT('2D SPACE',''
  ) );
#5601 = PCURVE('',#5501,#5602);
#5602 = DEFINITIONAL_REPRESENTATION('',(#5603),#5607);
#5603 = LINE('',#5604,#5605);
#5604 = CARTESIAN_POINT('',(24.,0.));
#5605 = VECTOR('',#5606,1.);
#5606 = DIRECTION('',(0.,1.));
#5607 = ( GEOMETRIC_REPRESENTATION_CONTEXT(2) 
PARAMETRIC_REPRESENTATION_CONTEXT() REPRESENTATION_CONTEXT('2D SPACE',''
  ) );
#5608 = ORIENTED_EDGE('',*,*,#5609,.F.);
#5609 = EDGE_CURVE('',#5284,#5585,#5610,.T.);
#5610 = SURFACE_CURVE('',#5611,(#5615,#5622),.PCURVE_S1.);
#5611 = LINE('',#5612,#5613);
#5612 = CARTESIAN_POINT('',(85.,-6.,250.));
#5613 = VECTOR('',#5614,1.);
#5614 = DIRECTION('',(0.,0.,1.));
#5615 = PCURVE('',#5327,#5616);
#5616 = DEFINITIONAL_REPRESENTATION('',(#5617),#5621);
#5617 = LINE('',#5618,#5619);
#5618 = CARTESIAN_POINT('',(0.,0.));
#5619 = VECTOR('',#5620,1.);
#5620 = DIRECTION('',(1.,0.));
#5621 = ( GEOMETRIC_REPRESENTATION_CONTEXT(2) 
PARAMETRIC_REPRESENTATION_CONTEXT() REPRESENTATION_CONTEXT('2D SPACE',''
  ) );
#5622 = PCURVE('',#5299,#5623);
#5623 = DEFINITIONAL_REPRESENTATION('',(#5624),#5628);
#5624 = LINE('',#5625,#5626);
#5625 = CARTESIAN_POINT('',(0.,24.));
#5626 = VECTOR('',#5627,1.);
#5627 = DIRECTION('',(1.,0.));
#5628 = ( GEOMETRIC_REPRESENTATION_CONTEXT(2) 
PARAMETRIC_REPRESENTATION_CONTEXT() REPRESENTATION_CONTEXT('2D SPACE',''
  ) );
#5629 = ORIENTED_EDGE('',*,*,#5311,.T.);
#5630 = ORIENTED_EDGE('',*,*,#5631,.T.);
#5631 = EDGE_CURVE('',#5312,#5587,#5632,.T.);
#5632 = SURFACE_CURVE('',#5633,(#5637,#5643),.PCURVE_S1.);
#5633 = LINE('',#5634,#5635);
#5634 = CARTESIAN_POINT('',(85.,-4.582575694956,250.));
#5635 = VECTOR('',#5636,1.);
#5636 = DIRECTION('',(0.,0.,1.));
#5637 = PCURVE('',#5327,#5638);
#5638 = DEFINITIONAL_REPRESENTATION('',(#5639),#5642);
#5639 = B_SPLINE_CURVE_WITH_KNOTS('',1,(#5640,#5641),.UNSPECIFIED.,.F.,
  .F.,(2,2),(-5.999999928008E-07,10.0000006),.PIECEWISE_BEZIER_KNOTS.);
#5640 = CARTESIAN_POINT('',(-5.999999928008E-07,-1.417424305044));
#5641 = CARTESIAN_POINT('',(10.0000006,-1.417424305044));
#5642 = ( GEOMETRIC_REPRESENTATION_CONTEXT(2) 
PARAMETRIC_REPRESENTATION_CONTEXT() REPRESENTATION_CONTEXT('2D SPACE',''
  ) );
#5643 = PCURVE('',#5360,#5644);
#5644 = DEFINITIONAL_REPRESENTATION('',(#5645),#5648);
#5645 = B_SPLINE_CURVE_WITH_KNOTS('',1,(#5646,#5647),.UNSPECIFIED.,.F.,
  .F.,(2,2),(0.,10.),.PIECEWISE_BEZIER_KNOTS.);
#5646 = CARTESIAN_POINT('',(3.571292319741,0.));
#5647 = CARTESIAN_POINT('',(3.571292319741,10.));
#5648 = ( GEOMETRIC_REPRESENTATION_CONTEXT(2) 
PARAMETRIC_REPRESENTATION_CONTEXT() REPRESENTATION_CONTEXT('2D SPACE',''
  ) );
#5649 = ADVANCED_FACE('',(#5650),#5299,.F.);
#5650 = FACE_BOUND('',#5651,.F.);
#5651 = EDGE_LOOP('',(#5652,#5653,#5674,#5695));
#5652 = ORIENTED_EDGE('',*,*,#5283,.F.);
#5653 = ORIENTED_EDGE('',*,*,#5654,.T.);
#5654 = EDGE_CURVE('',#5255,#5655,#5657,.T.);
#5655 = VERTEX_POINT('',#5656);
#5656 = CARTESIAN_POINT('',(61.708994482166,-5.999999999999,260.));
#5657 = SURFACE_CURVE('',#5658,(#5662,#5668),.PCURVE_S1.);
#5658 = LINE('',#5659,#5660);
#5659 = CARTESIAN_POINT('',(61.708994482166,-6.,250.));
#5660 = VECTOR('',#5661,1.);
#5661 = DIRECTION('',(0.,0.,1.));
#5662 = PCURVE('',#5299,#5663);
#5663 = DEFINITIONAL_REPRESENTATION('',(#5664),#5667);
#5664 = B_SPLINE_CURVE_WITH_KNOTS('',1,(#5665,#5666),.UNSPECIFIED.,.F.,
  .F.,(2,2),(-5.999999928008E-07,10.0000006),.PIECEWISE_BEZIER_KNOTS.);
#5665 = CARTESIAN_POINT('',(-5.999999928008E-07,0.708994482166));
#5666 = CARTESIAN_POINT('',(10.0000006,0.708994482166));
#5667 = ( GEOMETRIC_REPRESENTATION_CONTEXT(2) 
PARAMETRIC_REPRESENTATION_CONTEXT() REPRESENTATION_CONTEXT('2D SPACE',''
  ) );
#5668 = PCURVE('',#5271,#5669);
#5669 = DEFINITIONAL_REPRESENTATION('',(#5670),#5673);
#5670 = B_SPLINE_CURVE_WITH_KNOTS('',1,(#5671,#5672),.UNSPECIFIED.,.F.,
  .F.,(2,2),(-5.999999928008E-07,10.0000006),.PIECEWISE_BEZIER_KNOTS.);
#5671 = CARTESIAN_POINT('',(6.18625942114,-5.999999928008E-07));
#5672 = CARTESIAN_POINT('',(6.18625942114,10.0000006));
#5673 = ( GEOMETRIC_REPRESENTATION_CONTEXT(2) 
PARAMETRIC_REPRESENTATION_CONTEXT() REPRESENTATION_CONTEXT('2D SPACE',''
  ) );
#5674 = ORIENTED_EDGE('',*,*,#5675,.T.);
#5675 = EDGE_CURVE('',#5655,#5585,#5676,.T.);
#5676 = SURFACE_CURVE('',#5677,(#5681,#5688),.PCURVE_S1.);
#5677 = LINE('',#5678,#5679);
#5678 = CARTESIAN_POINT('',(61.,-6.,260.));
#5679 = VECTOR('',#5680,1.);
#5680 = DIRECTION('',(1.,0.,0.));
#5681 = PCURVE('',#5299,#5682);
#5682 = DEFINITIONAL_REPRESENTATION('',(#5683),#5687);
#5683 = LINE('',#5684,#5685);
#5684 = CARTESIAN_POINT('',(10.,0.));
#5685 = VECTOR('',#5686,1.);
#5686 = DIRECTION('',(0.,1.));
#5687 = ( GEOMETRIC_REPRESENTATION_CONTEXT(2) 
PARAMETRIC_REPRESENTATION_CONTEXT() REPRESENTATION_CONTEXT('2D SPACE',''
  ) );
#5688 = PCURVE('',#5501,#5689);
#5689 = DEFINITIONAL_REPRESENTATION('',(#5690),#5694);
#5690 = LINE('',#5691,#5692);
#5691 = CARTESIAN_POINT('',(0.,0.));
#5692 = VECTOR('',#5693,1.);
#5693 = DIRECTION('',(1.,0.));
#5694 = ( GEOMETRIC_REPRESENTATION_CONTEXT(2) 
PARAMETRIC_REPRESENTATION_CONTEXT() REPRESENTATION_CONTEXT('2D SPACE',''
  ) );
#5695 = ORIENTED_EDGE('',*,*,#5609,.F.);
#5696 = ADVANCED_FACE('',(#5697),#5271,.T.);
#5697 = FACE_BOUND('',#5698,.T.);
#5698 = EDGE_LOOP('',(#5699,#5721,#5722,#5723));
#5699 = ORIENTED_EDGE('',*,*,#5700,.F.);
#5700 = EDGE_CURVE('',#5465,#5655,#5701,.T.);
#5701 = SURFACE_CURVE('',#5702,(#5707,#5714),.PCURVE_S1.);
#5702 = CIRCLE('',#5703,62.);
#5703 = AXIS2_PLACEMENT_3D('',#5704,#5705,#5706);
#5704 = CARTESIAN_POINT('',(0.,0.,260.));
#5705 = DIRECTION('',(0.,0.,1.));
#5706 = DIRECTION('',(1.,0.,-0.));
#5707 = PCURVE('',#5271,#5708);
#5708 = DEFINITIONAL_REPRESENTATION('',(#5709),#5713);
#5709 = LINE('',#5710,#5711);
#5710 = CARTESIAN_POINT('',(0.,10.));
#5711 = VECTOR('',#5712,1.);
#5712 = DIRECTION('',(1.,0.));
#5713 = ( GEOMETRIC_REPRESENTATION_CONTEXT(2) 
PARAMETRIC_REPRESENTATION_CONTEXT() REPRESENTATION_CONTEXT('2D SPACE',''
  ) );
#5714 = PCURVE('',#5501,#5715);
#5715 = DEFINITIONAL_REPRESENTATION('',(#5716),#5720);
#5716 = CIRCLE('',#5717,62.);
#5717 = AXIS2_PLACEMENT_2D('',#5718,#5719);
#5718 = CARTESIAN_POINT('',(-61.,6.));
#5719 = DIRECTION('',(1.,0.));
#5720 = ( GEOMETRIC_REPRESENTATION_CONTEXT(2) 
PARAMETRIC_REPRESENTATION_CONTEXT() REPRESENTATION_CONTEXT('2D SPACE',''
  ) );
#5721 = ORIENTED_EDGE('',*,*,#5464,.F.);
#5722 = ORIENTED_EDGE('',*,*,#5254,.T.);
#5723 = ORIENTED_EDGE('',*,*,#5654,.T.);
#5724 = ADVANCED_FACE('',(#5725),#5417,.F.);
#5725 = FACE_BOUND('',#5726,.F.);
#5726 = EDGE_LOOP('',(#5727,#5751,#5772,#5773));
#5727 = ORIENTED_EDGE('',*,*,#5728,.F.);
#5728 = EDGE_CURVE('',#5729,#5729,#5731,.T.);
#5729 = VERTEX_POINT('',#5730);
#5730 = CARTESIAN_POINT('',(56.6,-1.386300176635E-14,260.));
#5731 = SURFACE_CURVE('',#5732,(#5737,#5744),.PCURVE_S1.);
#5732 = CIRCLE('',#5733,56.6);
#5733 = AXIS2_PLACEMENT_3D('',#5734,#5735,#5736);
#5734 = CARTESIAN_POINT('',(0.,0.,260.));
#5735 = DIRECTION('',(0.,0.,1.));
#5736 = DIRECTION('',(1.,0.,-0.));
#5737 = PCURVE('',#5417,#5738);
#5738 = DEFINITIONAL_REPRESENTATION('',(#5739),#5743);
#5739 = LINE('',#5740,#5741);
#5740 = CARTESIAN_POINT('',(0.,10.));
#5741 = VECTOR('',#5742,1.);
#5742 = DIRECTION('',(1.,0.));
#5743 = ( GEOMETRIC_REPRESENTATION_CONTEXT(2) 
PARAMETRIC_REPRESENTATION_CONTEXT() REPRESENTATION_CONTEXT('2D SPACE',''
  ) );
#5744 = PCURVE('',#5501,#5745);
#5745 = DEFINITIONAL_REPRESENTATION('',(#5746),#5750);
#5746 = CIRCLE('',#5747,56.6);
#5747 = AXIS2_PLACEMENT_2D('',#5748,#5749);
#5748 = CARTESIAN_POINT('',(-61.,6.));
#5749 = DIRECTION('',(1.,0.));
#5750 = ( GEOMETRIC_REPRESENTATION_CONTEXT(2) 
PARAMETRIC_REPRESENTATION_CONTEXT() REPRESENTATION_CONTEXT('2D SPACE',''
  ) );
#5751 = ORIENTED_EDGE('',*,*,#5752,.F.);
#5752 = EDGE_CURVE('',#5401,#5729,#5753,.T.);
#5753 = SEAM_CURVE('',#5754,(#5758,#5765),.PCURVE_S1.);
#5754 = LINE('',#5755,#5756);
#5755 = CARTESIAN_POINT('',(56.6,-1.386300176635E-14,250.));
#5756 = VECTOR('',#5757,1.);
#5757 = DIRECTION('',(0.,0.,1.));
#5758 = PCURVE('',#5417,#5759);
#5759 = DEFINITIONAL_REPRESENTATION('',(#5760),#5764);
#5760 = LINE('',#5761,#5762);
#5761 = CARTESIAN_POINT('',(6.28318530718,-0.));
#5762 = VECTOR('',#5763,1.);
#5763 = DIRECTION('',(0.,1.));
#5764 = ( GEOMETRIC_REPRESENTATION_CONTEXT(2) 
PARAMETRIC_REPRESENTATION_CONTEXT() REPRESENTATION_CONTEXT('2D SPACE',''
  ) );
#5765 = PCURVE('',#5417,#5766);
#5766 = DEFINITIONAL_REPRESENTATION('',(#5767),#5771);
#5767 = LINE('',#5768,#5769);
#5768 = CARTESIAN_POINT('',(0.,-0.));
#5769 = VECTOR('',#5770,1.);
#5770 = DIRECTION('',(0.,1.));
#5771 = ( GEOMETRIC_REPRESENTATION_CONTEXT(2) 
PARAMETRIC_REPRESENTATION_CONTEXT() REPRESENTATION_CONTEXT('2D SPACE',''
  ) );
#5772 = ORIENTED_EDGE('',*,*,#5400,.T.);
#5773 = ORIENTED_EDGE('',*,*,#5752,.T.);
#5774 = ADVANCED_FACE('',(#5775,#5804,#5830),#5501,.T.);
#5775 = FACE_BOUND('',#5776,.T.);
#5776 = EDGE_LOOP('',(#5777,#5778,#5779,#5780,#5781,#5803));
#5777 = ORIENTED_EDGE('',*,*,#5485,.F.);
#5778 = ORIENTED_EDGE('',*,*,#5700,.T.);
#5779 = ORIENTED_EDGE('',*,*,#5675,.T.);
#5780 = ORIENTED_EDGE('',*,*,#5584,.T.);
#5781 = ORIENTED_EDGE('',*,*,#5782,.T.);
#5782 = EDGE_CURVE('',#5587,#5538,#5783,.T.);
#5783 = SURFACE_CURVE('',#5784,(#5789,#5796),.PCURVE_S1.);
#5784 = CIRCLE('',#5785,11.);
#5785 = AXIS2_PLACEMENT_3D('',#5786,#5787,#5788);
#5786 = CARTESIAN_POINT('',(95.,0.,260.));
#5787 = DIRECTION('',(0.,0.,1.));
#5788 = DIRECTION('',(-0.909090909091,-0.41659779045,0.));
#5789 = PCURVE('',#5501,#5790);
#5790 = DEFINITIONAL_REPRESENTATION('',(#5791),#5795);
#5791 = CIRCLE('',#5792,11.);
#5792 = AXIS2_PLACEMENT_2D('',#5793,#5794);
#5793 = CARTESIAN_POINT('',(34.,6.));
#5794 = DIRECTION('',(-0.909090909091,-0.41659779045));
#5795 = ( GEOMETRIC_REPRESENTATION_CONTEXT(2) 
PARAMETRIC_REPRESENTATION_CONTEXT() REPRESENTATION_CONTEXT('2D SPACE',''
  ) );
#5796 = PCURVE('',#5360,#5797);
#5797 = DEFINITIONAL_REPRESENTATION('',(#5798),#5802);
#5798 = LINE('',#5799,#5800);
#5799 = CARTESIAN_POINT('',(3.571292319741,10.));
#5800 = VECTOR('',#5801,1.);
#5801 = DIRECTION('',(1.,0.));
#5802 = ( GEOMETRIC_REPRESENTATION_CONTEXT(2) 
PARAMETRIC_REPRESENTATION_CONTEXT() REPRESENTATION_CONTEXT('2D SPACE',''
  ) );
#5803 = ORIENTED_EDGE('',*,*,#5537,.T.);
#5804 = FACE_BOUND('',#5805,.T.);
#5805 = EDGE_LOOP('',(#5806));
#5806 = ORIENTED_EDGE('',*,*,#5807,.F.);
#5807 = EDGE_CURVE('',#5808,#5808,#5810,.T.);
#5808 = VERTEX_POINT('',#5809);
#5809 = CARTESIAN_POINT('',(101.5,-1.592040838892E-15,260.));
#5810 = SURFACE_CURVE('',#5811,(#5816,#5823),.PCURVE_S1.);
#5811 = CIRCLE('',#5812,6.5);
#5812 = AXIS2_PLACEMENT_3D('',#5813,#5814,#5815);
#5813 = CARTESIAN_POINT('',(95.,0.,260.));
#5814 = DIRECTION('',(0.,0.,1.));
#5815 = DIRECTION('',(1.,0.,-0.));
#5816 = PCURVE('',#5501,#5817);
#5817 = DEFINITIONAL_REPRESENTATION('',(#5818),#5822);
#5818 = CIRCLE('',#5819,6.5);
#5819 = AXIS2_PLACEMENT_2D('',#5820,#5821);
#5820 = CARTESIAN_POINT('',(34.,6.));
#5821 = DIRECTION('',(1.,0.));
#5822 = ( GEOMETRIC_REPRESENTATION_CONTEXT(2) 
PARAMETRIC_REPRESENTATION_CONTEXT() REPRESENTATION_CONTEXT('2D SPACE',''
  ) );
#5823 = PCURVE('',#5448,#5824);
#5824 = DEFINITIONAL_REPRESENTATION('',(#5825),#5829);
#5825 = LINE('',#5826,#5827);
#5826 = CARTESIAN_POINT('',(0.,10.));
#5827 = VECTOR('',#5828,1.);
#5828 = DIRECTION('',(1.,0.));
#5829 = ( GEOMETRIC_REPRESENTATION_CONTEXT(2) 
PARAMETRIC_REPRESENTATION_CONTEXT() REPRESENTATION_CONTEXT('2D SPACE',''
  ) );
#5830 = FACE_BOUND('',#5831,.T.);
#5831 = EDGE_LOOP('',(#5832));
#5832 = ORIENTED_EDGE('',*,*,#5728,.F.);
#5833 = ADVANCED_FACE('',(#5834),#5360,.T.);
#5834 = FACE_BOUND('',#5835,.T.);
#5835 = EDGE_LOOP('',(#5836,#5837,#5838,#5839));
#5836 = ORIENTED_EDGE('',*,*,#5782,.F.);
#5837 = ORIENTED_EDGE('',*,*,#5631,.F.);
#5838 = ORIENTED_EDGE('',*,*,#5339,.F.);
#5839 = ORIENTED_EDGE('',*,*,#5560,.T.);
#5840 = ADVANCED_FACE('',(#5841),#5448,.F.);
#5841 = FACE_BOUND('',#5842,.F.);
#5842 = EDGE_LOOP('',(#5843,#5844,#5865,#5866));
#5843 = ORIENTED_EDGE('',*,*,#5807,.F.);
#5844 = ORIENTED_EDGE('',*,*,#5845,.F.);
#5845 = EDGE_CURVE('',#5432,#5808,#5846,.T.);
#5846 = SEAM_CURVE('',#5847,(#5851,#5858),.PCURVE_S1.);
#5847 = LINE('',#5848,#5849);
#5848 = CARTESIAN_POINT('',(101.5,-1.592040838892E-15,250.));
#5849 = VECTOR('',#5850,1.);
#5850 = DIRECTION('',(0.,0.,1.));
#5851 = PCURVE('',#5448,#5852);
#5852 = DEFINITIONAL_REPRESENTATION('',(#5853),#5857);
#5853 = LINE('',#5854,#5855);
#5854 = CARTESIAN_POINT('',(6.28318530718,-0.));
#5855 = VECTOR('',#5856,1.);
#5856 = DIRECTION('',(0.,1.));
#5857 = ( GEOMETRIC_REPRESENTATION_CONTEXT(2) 
PARAMETRIC_REPRESENTATION_CONTEXT() REPRESENTATION_CONTEXT('2D SPACE',''
  ) );
#5858 = PCURVE('',#5448,#5859);
#5859 = DEFINITIONAL_REPRESENTATION('',(#5860),#5864);
#5860 = LINE('',#5861,#5862);
#5861 = CARTESIAN_POINT('',(0.,-0.));
#5862 = VECTOR('',#5863,1.);
#5863 = DIRECTION('',(0.,1.));
#5864 = ( GEOMETRIC_REPRESENTATION_CONTEXT(2) 
PARAMETRIC_REPRESENTATION_CONTEXT() REPRESENTATION_CONTEXT('2D SPACE',''
  ) );
#5865 = ORIENTED_EDGE('',*,*,#5431,.T.);
#5866 = ORIENTED_EDGE('',*,*,#5845,.T.);
#5867 = ( GEOMETRIC_REPRESENTATION_CONTEXT(3) 
GLOBAL_UNCERTAINTY_ASSIGNED_CONTEXT((#5871)) 
GLOBAL_UNIT_ASSIGNED_CONTEXT((#5868,#5869,#5870)) REPRESENTATION_CONTEXT
('Context #1','3D Context with UNIT and UNCERTAINTY') );
#5868 = ( LENGTH_UNIT() NAMED_UNIT(*) SI_UNIT(.MILLI.,.METRE.) );
#5869 = ( NAMED_UNIT(*) PLANE_ANGLE_UNIT() SI_UNIT($,.RADIAN.) );
#5870 = ( NAMED_UNIT(*) SI_UNIT($,.STERADIAN.) SOLID_ANGLE_UNIT() );
#5871 = UNCERTAINTY_MEASURE_WITH_UNIT(LENGTH_MEASURE(1.E-07),#5868,
  'distance_accuracy_value','confusion accuracy');
#5872 = CONTEXT_DEPENDENT_SHAPE_REPRESENTATION(#5873,#5875);
#5873 = ( REPRESENTATION_RELATIONSHIP('','',#5212,#5064) 
REPRESENTATION_RELATIONSHIP_WITH_TRANSFORMATION(#5874) 
SHAPE_REPRESENTATION_RELATIONSHIP() );
#5874 = ITEM_DEFINED_TRANSFORMATION('','',#11,#5069);
#5875 = PRODUCT_DEFINITION_SHAPE('Placement','Placement of an item',
  #5876);
#5876 = NEXT_ASSEMBLY_USAGE_OCCURRENCE('42',
  'V3_AS1_NONMETAL_STANDOFF_BRACKET','',#5059,#5207,$);
#5877 = PRODUCT_RELATED_PRODUCT_CATEGORY('part',$,(#5209));
#5878 = SHAPE_DEFINITION_REPRESENTATION(#5879,#5885);
#5879 = PRODUCT_DEFINITION_SHAPE('','',#5880);
#5880 = PRODUCT_DEFINITION('design','',#5881,#5884);
#5881 = PRODUCT_DEFINITION_FORMATION('','',#5882);
#5882 = PRODUCT('V3_AS1_ANALOG_CABLE_DRY_HUB_ROUTE_CONCEPT',
  'V3_AS1_ANALOG_CABLE_DRY_HUB_ROUTE_CONCEPT','',(#5883));
#5883 = PRODUCT_CONTEXT('',#2,'mechanical');
#5884 = PRODUCT_DEFINITION_CONTEXT('part definition',#2,'design');
#5885 = ADVANCED_BREP_SHAPE_REPRESENTATION('',(#11,#5886),#6090);
#5886 = MANIFOLD_SOLID_BREP('',#5887);
#5887 = CLOSED_SHELL('',(#5888,#5974,#6028,#6082,#6086));
#5888 = ADVANCED_FACE('',(#5889),#5903,.T.);
#5889 = FACE_BOUND('',#5890,.T.);
#5890 = EDGE_LOOP('',(#5891,#5920,#5946,#5947));
#5891 = ORIENTED_EDGE('',*,*,#5892,.T.);
#5892 = EDGE_CURVE('',#5893,#5895,#5897,.T.);
#5893 = VERTEX_POINT('',#5894);
#5894 = CARTESIAN_POINT('',(97.25,5.510910596163E-16,240.));
#5895 = VERTEX_POINT('',#5896);
#5896 = CARTESIAN_POINT('',(97.25,3.552713678801E-15,80.));
#5897 = SEAM_CURVE('',#5898,(#5902,#5913),.PCURVE_S1.);
#5898 = LINE('',#5899,#5900);
#5899 = CARTESIAN_POINT('',(97.25,0.,240.));
#5900 = VECTOR('',#5901,1.);
#5901 = DIRECTION('',(0.,0.,-1.));
#5902 = PCURVE('',#5903,#5908);
#5903 = CYLINDRICAL_SURFACE('',#5904,2.25);
#5904 = AXIS2_PLACEMENT_3D('',#5905,#5906,#5907);
#5905 = CARTESIAN_POINT('',(95.,0.,240.));
#5906 = DIRECTION('',(0.,0.,-1.));
#5907 = DIRECTION('',(1.,0.,0.));
#5908 = DEFINITIONAL_REPRESENTATION('',(#5909),#5912);
#5909 = B_SPLINE_CURVE_WITH_KNOTS('',1,(#5910,#5911),.UNSPECIFIED.,.F.,
  .F.,(2,2),(0.,160.),.PIECEWISE_BEZIER_KNOTS.);
#5910 = CARTESIAN_POINT('',(6.28318530718,0.));
#5911 = CARTESIAN_POINT('',(6.28318530718,160.));
#5912 = ( GEOMETRIC_REPRESENTATION_CONTEXT(2) 
PARAMETRIC_REPRESENTATION_CONTEXT() REPRESENTATION_CONTEXT('2D SPACE',''
  ) );
#5913 = PCURVE('',#5903,#5914);
#5914 = DEFINITIONAL_REPRESENTATION('',(#5915),#5919);
#5915 = LINE('',#5916,#5917);
#5916 = CARTESIAN_POINT('',(0.,0.));
#5917 = VECTOR('',#5918,1.);
#5918 = DIRECTION('',(0.,1.));
#5919 = ( GEOMETRIC_REPRESENTATION_CONTEXT(2) 
PARAMETRIC_REPRESENTATION_CONTEXT() REPRESENTATION_CONTEXT('2D SPACE',''
  ) );
#5920 = ORIENTED_EDGE('',*,*,#5921,.F.);
#5921 = EDGE_CURVE('',#5895,#5895,#5922,.T.);
#5922 = SURFACE_CURVE('',#5923,(#5928,#5935),.PCURVE_S1.);
#5923 = CIRCLE('',#5924,2.25);
#5924 = AXIS2_PLACEMENT_3D('',#5925,#5926,#5927);
#5925 = CARTESIAN_POINT('',(95.,0.,80.));
#5926 = DIRECTION('',(0.,0.,-1.));
#5927 = DIRECTION('',(1.,0.,0.));
#5928 = PCURVE('',#5903,#5929);
#5929 = DEFINITIONAL_REPRESENTATION('',(#5930),#5934);
#5930 = LINE('',#5931,#5932);
#5931 = CARTESIAN_POINT('',(0.,160.));
#5932 = VECTOR('',#5933,1.);
#5933 = DIRECTION('',(1.,0.));
#5934 = ( GEOMETRIC_REPRESENTATION_CONTEXT(2) 
PARAMETRIC_REPRESENTATION_CONTEXT() REPRESENTATION_CONTEXT('2D SPACE',''
  ) );
#5935 = PCURVE('',#5936,#5941);
#5936 = TOROIDAL_SURFACE('',#5937,50.,2.25);
#5937 = AXIS2_PLACEMENT_3D('',#5938,#5939,#5940);
#5938 = CARTESIAN_POINT('',(95.,50.,80.));
#5939 = DIRECTION('',(1.,0.,0.));
#5940 = DIRECTION('',(0.,-1.,0.));
#5941 = DEFINITIONAL_REPRESENTATION('',(#5942),#5945);
#5942 = B_SPLINE_CURVE_WITH_KNOTS('',1,(#5943,#5944),.UNSPECIFIED.,.F.,
  .F.,(2,2),(0.,6.28318530718),.PIECEWISE_BEZIER_KNOTS.);
#5943 = CARTESIAN_POINT('',(0.,7.853981633974));
#5944 = CARTESIAN_POINT('',(0.,1.570796326795));
#5945 = ( GEOMETRIC_REPRESENTATION_CONTEXT(2) 
PARAMETRIC_REPRESENTATION_CONTEXT() REPRESENTATION_CONTEXT('2D SPACE',''
  ) );
#5946 = ORIENTED_EDGE('',*,*,#5892,.F.);
#5947 = ORIENTED_EDGE('',*,*,#5948,.T.);
#5948 = EDGE_CURVE('',#5893,#5893,#5949,.T.);
#5949 = SURFACE_CURVE('',#5950,(#5955,#5962),.PCURVE_S1.);
#5950 = CIRCLE('',#5951,2.25);
#5951 = AXIS2_PLACEMENT_3D('',#5952,#5953,#5954);
#5952 = CARTESIAN_POINT('',(95.,0.,240.));
#5953 = DIRECTION('',(0.,0.,-1.));
#5954 = DIRECTION('',(1.,0.,0.));
#5955 = PCURVE('',#5903,#5956);
#5956 = DEFINITIONAL_REPRESENTATION('',(#5957),#5961);
#5957 = LINE('',#5958,#5959);
#5958 = CARTESIAN_POINT('',(0.,0.));
#5959 = VECTOR('',#5960,1.);
#5960 = DIRECTION('',(1.,0.));
#5961 = ( GEOMETRIC_REPRESENTATION_CONTEXT(2) 
PARAMETRIC_REPRESENTATION_CONTEXT() REPRESENTATION_CONTEXT('2D SPACE',''
  ) );
#5962 = PCURVE('',#5963,#5968);
#5963 = PLANE('',#5964);
#5964 = AXIS2_PLACEMENT_3D('',#5965,#5966,#5967);
#5965 = CARTESIAN_POINT('',(95.,-1.360581788205E-16,240.));
#5966 = DIRECTION('',(-0.,-0.,-1.));
#5967 = DIRECTION('',(-1.,0.,0.));
#5968 = DEFINITIONAL_REPRESENTATION('',(#5969),#5973);
#5969 = CIRCLE('',#5970,2.25);
#5970 = AXIS2_PLACEMENT_2D('',#5971,#5972);
#5971 = CARTESIAN_POINT('',(-1.42108547152E-14,1.360581788205E-16));
#5972 = DIRECTION('',(-1.,0.));
#5973 = ( GEOMETRIC_REPRESENTATION_CONTEXT(2) 
PARAMETRIC_REPRESENTATION_CONTEXT() REPRESENTATION_CONTEXT('2D SPACE',''
  ) );
#5974 = ADVANCED_FACE('',(#5975),#5936,.T.);
#5975 = FACE_BOUND('',#5976,.T.);
#5976 = EDGE_LOOP('',(#5977,#6000,#6026,#6027));
#5977 = ORIENTED_EDGE('',*,*,#5978,.T.);
#5978 = EDGE_CURVE('',#5895,#5979,#5981,.T.);
#5979 = VERTEX_POINT('',#5980);
#5980 = CARTESIAN_POINT('',(97.25,50.,30.));
#5981 = SEAM_CURVE('',#5982,(#5987,#5993),.PCURVE_S1.);
#5982 = CIRCLE('',#5983,50.);
#5983 = AXIS2_PLACEMENT_3D('',#5984,#5985,#5986);
#5984 = CARTESIAN_POINT('',(97.25,50.,80.));
#5985 = DIRECTION('',(1.,0.,0.));
#5986 = DIRECTION('',(0.,-1.,0.));
#5987 = PCURVE('',#5936,#5988);
#5988 = DEFINITIONAL_REPRESENTATION('',(#5989),#5992);
#5989 = B_SPLINE_CURVE_WITH_KNOTS('',1,(#5990,#5991),.UNSPECIFIED.,.F.,
  .F.,(2,2),(0.,1.570796326795),.PIECEWISE_BEZIER_KNOTS.);
#5990 = CARTESIAN_POINT('',(0.,1.570796326795));
#5991 = CARTESIAN_POINT('',(1.570796326795,1.570796326795));
#5992 = ( GEOMETRIC_REPRESENTATION_CONTEXT(2) 
PARAMETRIC_REPRESENTATION_CONTEXT() REPRESENTATION_CONTEXT('2D SPACE',''
  ) );
#5993 = PCURVE('',#5936,#5994);
#5994 = DEFINITIONAL_REPRESENTATION('',(#5995),#5999);
#5995 = LINE('',#5996,#5997);
#5996 = CARTESIAN_POINT('',(0.,7.853981633974));
#5997 = VECTOR('',#5998,1.);
#5998 = DIRECTION('',(1.,0.));
#5999 = ( GEOMETRIC_REPRESENTATION_CONTEXT(2) 
PARAMETRIC_REPRESENTATION_CONTEXT() REPRESENTATION_CONTEXT('2D SPACE',''
  ) );
#6000 = ORIENTED_EDGE('',*,*,#6001,.T.);
#6001 = EDGE_CURVE('',#5979,#5979,#6002,.T.);
#6002 = SURFACE_CURVE('',#6003,(#6008,#6015),.PCURVE_S1.);
#6003 = CIRCLE('',#6004,2.25);
#6004 = AXIS2_PLACEMENT_3D('',#6005,#6006,#6007);
#6005 = CARTESIAN_POINT('',(95.,50.,30.));
#6006 = DIRECTION('',(0.,-1.,6.123233995737E-17));
#6007 = DIRECTION('',(0.,-6.123233995737E-17,-1.));
#6008 = PCURVE('',#5936,#6009);
#6009 = DEFINITIONAL_REPRESENTATION('',(#6010),#6014);
#6010 = LINE('',#6011,#6012);
#6011 = CARTESIAN_POINT('',(1.570796326795,0.));
#6012 = VECTOR('',#6013,1.);
#6013 = DIRECTION('',(0.,1.));
#6014 = ( GEOMETRIC_REPRESENTATION_CONTEXT(2) 
PARAMETRIC_REPRESENTATION_CONTEXT() REPRESENTATION_CONTEXT('2D SPACE',''
  ) );
#6015 = PCURVE('',#6016,#6021);
#6016 = CYLINDRICAL_SURFACE('',#6017,2.25);
#6017 = AXIS2_PLACEMENT_3D('',#6018,#6019,#6020);
#6018 = CARTESIAN_POINT('',(95.,50.,30.));
#6019 = DIRECTION('',(0.,1.,0.));
#6020 = DIRECTION('',(1.,0.,0.));
#6021 = DEFINITIONAL_REPRESENTATION('',(#6022),#6025);
#6022 = B_SPLINE_CURVE_WITH_KNOTS('',1,(#6023,#6024),.UNSPECIFIED.,.F.,
  .F.,(2,2),(1.570796326795,7.853981633974),.PIECEWISE_BEZIER_KNOTS.);
#6023 = CARTESIAN_POINT('',(6.28318530718,0.));
#6024 = CARTESIAN_POINT('',(0.,0.));
#6025 = ( GEOMETRIC_REPRESENTATION_CONTEXT(2) 
PARAMETRIC_REPRESENTATION_CONTEXT() REPRESENTATION_CONTEXT('2D SPACE',''
  ) );
#6026 = ORIENTED_EDGE('',*,*,#5978,.F.);
#6027 = ORIENTED_EDGE('',*,*,#5921,.T.);
#6028 = ADVANCED_FACE('',(#6029),#6016,.T.);
#6029 = FACE_BOUND('',#6030,.T.);
#6030 = EDGE_LOOP('',(#6031,#6053,#6080,#6081));
#6031 = ORIENTED_EDGE('',*,*,#6032,.T.);
#6032 = EDGE_CURVE('',#5979,#6033,#6035,.T.);
#6033 = VERTEX_POINT('',#6034);
#6034 = CARTESIAN_POINT('',(97.25,300.,30.));
#6035 = SEAM_CURVE('',#6036,(#6040,#6046),.PCURVE_S1.);
#6036 = LINE('',#6037,#6038);
#6037 = CARTESIAN_POINT('',(97.25,50.,30.));
#6038 = VECTOR('',#6039,1.);
#6039 = DIRECTION('',(0.,1.,0.));
#6040 = PCURVE('',#6016,#6041);
#6041 = DEFINITIONAL_REPRESENTATION('',(#6042),#6045);
#6042 = B_SPLINE_CURVE_WITH_KNOTS('',1,(#6043,#6044),.UNSPECIFIED.,.F.,
  .F.,(2,2),(0.,250.),.PIECEWISE_BEZIER_KNOTS.);
#6043 = CARTESIAN_POINT('',(6.28318530718,0.));
#6044 = CARTESIAN_POINT('',(6.28318530718,250.));
#6045 = ( GEOMETRIC_REPRESENTATION_CONTEXT(2) 
PARAMETRIC_REPRESENTATION_CONTEXT() REPRESENTATION_CONTEXT('2D SPACE',''
  ) );
#6046 = PCURVE('',#6016,#6047);
#6047 = DEFINITIONAL_REPRESENTATION('',(#6048),#6052);
#6048 = LINE('',#6049,#6050);
#6049 = CARTESIAN_POINT('',(0.,0.));
#6050 = VECTOR('',#6051,1.);
#6051 = DIRECTION('',(0.,1.));
#6052 = ( GEOMETRIC_REPRESENTATION_CONTEXT(2) 
PARAMETRIC_REPRESENTATION_CONTEXT() REPRESENTATION_CONTEXT('2D SPACE',''
  ) );
#6053 = ORIENTED_EDGE('',*,*,#6054,.F.);
#6054 = EDGE_CURVE('',#6033,#6033,#6055,.T.);
#6055 = SURFACE_CURVE('',#6056,(#6061,#6068),.PCURVE_S1.);
#6056 = CIRCLE('',#6057,2.25);
#6057 = AXIS2_PLACEMENT_3D('',#6058,#6059,#6060);
#6058 = CARTESIAN_POINT('',(95.,300.,30.));
#6059 = DIRECTION('',(-0.,1.,0.));
#6060 = DIRECTION('',(1.,0.,0.));
#6061 = PCURVE('',#6016,#6062);
#6062 = DEFINITIONAL_REPRESENTATION('',(#6063),#6067);
#6063 = LINE('',#6064,#6065);
#6064 = CARTESIAN_POINT('',(0.,250.));
#6065 = VECTOR('',#6066,1.);
#6066 = DIRECTION('',(1.,0.));
#6067 = ( GEOMETRIC_REPRESENTATION_CONTEXT(2) 
PARAMETRIC_REPRESENTATION_CONTEXT() REPRESENTATION_CONTEXT('2D SPACE',''
  ) );
#6068 = PCURVE('',#6069,#6074);
#6069 = PLANE('',#6070);
#6070 = AXIS2_PLACEMENT_3D('',#6071,#6072,#6073);
#6071 = CARTESIAN_POINT('',(95.,300.,30.));
#6072 = DIRECTION('',(0.,1.,0.));
#6073 = DIRECTION('',(0.,-0.,1.));
#6074 = DEFINITIONAL_REPRESENTATION('',(#6075),#6079);
#6075 = CIRCLE('',#6076,2.25);
#6076 = AXIS2_PLACEMENT_2D('',#6077,#6078);
#6077 = CARTESIAN_POINT('',(-3.552713678801E-15,1.42108547152E-14));
#6078 = DIRECTION('',(0.,1.));
#6079 = ( GEOMETRIC_REPRESENTATION_CONTEXT(2) 
PARAMETRIC_REPRESENTATION_CONTEXT() REPRESENTATION_CONTEXT('2D SPACE',''
  ) );
#6080 = ORIENTED_EDGE('',*,*,#6032,.F.);
#6081 = ORIENTED_EDGE('',*,*,#6001,.F.);
#6082 = ADVANCED_FACE('',(#6083),#5963,.F.);
#6083 = FACE_BOUND('',#6084,.F.);
#6084 = EDGE_LOOP('',(#6085));
#6085 = ORIENTED_EDGE('',*,*,#5948,.T.);
#6086 = ADVANCED_FACE('',(#6087),#6069,.T.);
#6087 = FACE_BOUND('',#6088,.T.);
#6088 = EDGE_LOOP('',(#6089));
#6089 = ORIENTED_EDGE('',*,*,#6054,.T.);
#6090 = ( GEOMETRIC_REPRESENTATION_CONTEXT(3) 
GLOBAL_UNCERTAINTY_ASSIGNED_CONTEXT((#6094)) 
GLOBAL_UNIT_ASSIGNED_CONTEXT((#6091,#6092,#6093)) REPRESENTATION_CONTEXT
('Context #1','3D Context with UNIT and UNCERTAINTY') );
#6091 = ( LENGTH_UNIT() NAMED_UNIT(*) SI_UNIT(.MILLI.,.METRE.) );
#6092 = ( NAMED_UNIT(*) PLANE_ANGLE_UNIT() SI_UNIT($,.RADIAN.) );
#6093 = ( NAMED_UNIT(*) SI_UNIT($,.STERADIAN.) SOLID_ANGLE_UNIT() );
#6094 = UNCERTAINTY_MEASURE_WITH_UNIT(LENGTH_MEASURE(1.E-07),#6091,
  'distance_accuracy_value','confusion accuracy');
#6095 = CONTEXT_DEPENDENT_SHAPE_REPRESENTATION(#6096,#6098);
#6096 = ( REPRESENTATION_RELATIONSHIP('','',#5885,#5064) 
REPRESENTATION_RELATIONSHIP_WITH_TRANSFORMATION(#6097) 
SHAPE_REPRESENTATION_RELATIONSHIP() );
#6097 = ITEM_DEFINED_TRANSFORMATION('','',#11,#5073);
#6098 = PRODUCT_DEFINITION_SHAPE('Placement','Placement of an item',
  #6099);
#6099 = NEXT_ASSEMBLY_USAGE_OCCURRENCE('43',
  'V3_AS1_ANALOG_CABLE_DRY_HUB_ROUTE_CONCEPT','',#5059,#5880,$);
#6100 = PRODUCT_RELATED_PRODUCT_CATEGORY('part',$,(#5882));
#6101 = SHAPE_DEFINITION_REPRESENTATION(#6102,#6108);
#6102 = PRODUCT_DEFINITION_SHAPE('','',#6103);
#6103 = PRODUCT_DEFINITION('design','',#6104,#6107);
#6104 = PRODUCT_DEFINITION_FORMATION('','',#6105);
#6105 = PRODUCT('FARM_CLAMP','FARM_CLAMP','',(#6106));
#6106 = PRODUCT_CONTEXT('',#2,'mechanical');
#6107 = PRODUCT_DEFINITION_CONTEXT('part definition',#2,'design');
#6108 = SHAPE_REPRESENTATION('',(#11,#6109,#6113,#6117,#6121,#6125,#6129
    ,#6133),#6137);
#6109 = AXIS2_PLACEMENT_3D('',#6110,#6111,#6112);
#6110 = CARTESIAN_POINT('',(0.,0.,0.));
#6111 = DIRECTION('',(0.,0.,1.));
#6112 = DIRECTION('',(1.,0.,-0.));
#6113 = AXIS2_PLACEMENT_3D('',#6114,#6115,#6116);
#6114 = CARTESIAN_POINT('',(0.,0.,0.));
#6115 = DIRECTION('',(0.,0.,1.));
#6116 = DIRECTION('',(1.,0.,-0.));
#6117 = AXIS2_PLACEMENT_3D('',#6118,#6119,#6120);
#6118 = CARTESIAN_POINT('',(0.,0.,0.));
#6119 = DIRECTION('',(0.,0.,1.));
#6120 = DIRECTION('',(1.,0.,-0.));
#6121 = AXIS2_PLACEMENT_3D('',#6122,#6123,#6124);
#6122 = CARTESIAN_POINT('',(0.,0.,0.));
#6123 = DIRECTION('',(0.,0.,1.));
#6124 = DIRECTION('',(1.,0.,-0.));
#6125 = AXIS2_PLACEMENT_3D('',#6126,#6127,#6128);
#6126 = CARTESIAN_POINT('',(0.,0.,0.));
#6127 = DIRECTION('',(0.,0.,1.));
#6128 = DIRECTION('',(1.,0.,-0.));
#6129 = AXIS2_PLACEMENT_3D('',#6130,#6131,#6132);
#6130 = CARTESIAN_POINT('',(0.,0.,0.));
#6131 = DIRECTION('',(0.,0.,1.));
#6132 = DIRECTION('',(1.,0.,-0.));
#6133 = AXIS2_PLACEMENT_3D('',#6134,#6135,#6136);
#6134 = CARTESIAN_POINT('',(0.,0.,0.));
#6135 = DIRECTION('',(0.,0.,1.));
#6136 = DIRECTION('',(1.,0.,-0.));
#6137 = ( GEOMETRIC_REPRESENTATION_CONTEXT(3) 
GLOBAL_UNCERTAINTY_ASSIGNED_CONTEXT((#6141)) 
GLOBAL_UNIT_ASSIGNED_CONTEXT((#6138,#6139,#6140)) REPRESENTATION_CONTEXT
('Context #1','3D Context with UNIT and UNCERTAINTY') );
#6138 = ( LENGTH_UNIT() NAMED_UNIT(*) SI_UNIT(.MILLI.,.METRE.) );
#6139 = ( NAMED_UNIT(*) PLANE_ANGLE_UNIT() SI_UNIT($,.RADIAN.) );
#6140 = ( NAMED_UNIT(*) SI_UNIT($,.STERADIAN.) SOLID_ANGLE_UNIT() );
#6141 = UNCERTAINTY_MEASURE_WITH_UNIT(LENGTH_MEASURE(2.E-07),#6138,
  'distance_accuracy_value','confusion accuracy');
#6142 = CONTEXT_DEPENDENT_SHAPE_REPRESENTATION(#6143,#6145);
#6143 = ( REPRESENTATION_RELATIONSHIP('','',#6108,#10) 
REPRESENTATION_RELATIONSHIP_WITH_TRANSFORMATION(#6144) 
SHAPE_REPRESENTATION_RELATIONSHIP() );
#6144 = ITEM_DEFINED_TRANSFORMATION('','',#11,#27);
#6145 = PRODUCT_DEFINITION_SHAPE('Placement','Placement of an item',
  #6146);
#6146 = NEXT_ASSEMBLY_USAGE_OCCURRENCE('52','','',#5,#6103,$);
#6147 = PRODUCT_RELATED_PRODUCT_CATEGORY('part',$,(#6105));
#6148 = SHAPE_DEFINITION_REPRESENTATION(#6149,#6155);
#6149 = PRODUCT_DEFINITION_SHAPE('','',#6150);
#6150 = PRODUCT_DEFINITION('design','',#6151,#6154);
#6151 = PRODUCT_DEFINITION_FORMATION('','',#6152);
#6152 = PRODUCT('V3_LONGLINE_FIXED_JAW_SADDLE_LANYARD_LUG',
  'V3_LONGLINE_FIXED_JAW_SADDLE_LANYARD_LUG','',(#6153));
#6153 = PRODUCT_CONTEXT('',#2,'mechanical');
#6154 = PRODUCT_DEFINITION_CONTEXT('part definition',#2,'design');
#6155 = ADVANCED_BREP_SHAPE_REPRESENTATION('',(#11,#6156),#8185);
#6156 = MANIFOLD_SOLID_BREP('',#6157);
#6157 = CLOSED_SHELL('',(#6158,#6388,#6521,#6632,#6728,#6779,#6853,#6934
    ,#6981,#7035,#7163,#7305,#7312,#7339,#7459,#7466,#7493,#7643,#7693,
    #7806,#7833,#7860,#7891,#7968,#8065,#8124,#8178));
#6158 = ADVANCED_FACE('',(#6159,#6278),#6173,.F.);
#6159 = FACE_BOUND('',#6160,.F.);
#6160 = EDGE_LOOP('',(#6161,#6196,#6224,#6252));
#6161 = ORIENTED_EDGE('',*,*,#6162,.F.);
#6162 = EDGE_CURVE('',#6163,#6165,#6167,.T.);
#6163 = VERTEX_POINT('',#6164);
#6164 = CARTESIAN_POINT('',(-125.,-12.,80.));
#6165 = VERTEX_POINT('',#6166);
#6166 = CARTESIAN_POINT('',(-125.,-12.,99.5));
#6167 = SURFACE_CURVE('',#6168,(#6172,#6184),.PCURVE_S1.);
#6168 = LINE('',#6169,#6170);
#6169 = CARTESIAN_POINT('',(-125.,-12.,80.));
#6170 = VECTOR('',#6171,1.);
#6171 = DIRECTION('',(0.,0.,1.));
#6172 = PCURVE('',#6173,#6178);
#6173 = PLANE('',#6174);
#6174 = AXIS2_PLACEMENT_3D('',#6175,#6176,#6177);
#6175 = CARTESIAN_POINT('',(-125.,-12.,80.));
#6176 = DIRECTION('',(1.,0.,0.));
#6177 = DIRECTION('',(0.,0.,1.));
#6178 = DEFINITIONAL_REPRESENTATION('',(#6179),#6183);
#6179 = LINE('',#6180,#6181);
#6180 = CARTESIAN_POINT('',(0.,0.));
#6181 = VECTOR('',#6182,1.);
#6182 = DIRECTION('',(1.,0.));
#6183 = ( GEOMETRIC_REPRESENTATION_CONTEXT(2) 
PARAMETRIC_REPRESENTATION_CONTEXT() REPRESENTATION_CONTEXT('2D SPACE',''
  ) );
#6184 = PCURVE('',#6185,#6190);
#6185 = PLANE('',#6186);
#6186 = AXIS2_PLACEMENT_3D('',#6187,#6188,#6189);
#6187 = CARTESIAN_POINT('',(-125.,-12.,80.));
#6188 = DIRECTION('',(0.,1.,0.));
#6189 = DIRECTION('',(0.,0.,1.));
#6190 = DEFINITIONAL_REPRESENTATION('',(#6191),#6195);
#6191 = LINE('',#6192,#6193);
#6192 = CARTESIAN_POINT('',(0.,0.));
#6193 = VECTOR('',#6194,1.);
#6194 = DIRECTION('',(1.,0.));
#6195 = ( GEOMETRIC_REPRESENTATION_CONTEXT(2) 
PARAMETRIC_REPRESENTATION_CONTEXT() REPRESENTATION_CONTEXT('2D SPACE',''
  ) );
#6196 = ORIENTED_EDGE('',*,*,#6197,.T.);
#6197 = EDGE_CURVE('',#6163,#6198,#6200,.T.);
#6198 = VERTEX_POINT('',#6199);
#6199 = CARTESIAN_POINT('',(-125.,12.,80.));
#6200 = SURFACE_CURVE('',#6201,(#6205,#6212),.PCURVE_S1.);
#6201 = LINE('',#6202,#6203);
#6202 = CARTESIAN_POINT('',(-125.,-12.,80.));
#6203 = VECTOR('',#6204,1.);
#6204 = DIRECTION('',(0.,1.,0.));
#6205 = PCURVE('',#6173,#6206);
#6206 = DEFINITIONAL_REPRESENTATION('',(#6207),#6211);
#6207 = LINE('',#6208,#6209);
#6208 = CARTESIAN_POINT('',(0.,0.));
#6209 = VECTOR('',#6210,1.);
#6210 = DIRECTION('',(0.,-1.));
#6211 = ( GEOMETRIC_REPRESENTATION_CONTEXT(2) 
PARAMETRIC_REPRESENTATION_CONTEXT() REPRESENTATION_CONTEXT('2D SPACE',''
  ) );
#6212 = PCURVE('',#6213,#6218);
#6213 = PLANE('',#6214);
#6214 = AXIS2_PLACEMENT_3D('',#6215,#6216,#6217);
#6215 = CARTESIAN_POINT('',(-125.,-12.,80.));
#6216 = DIRECTION('',(0.,0.,1.));
#6217 = DIRECTION('',(1.,0.,0.));
#6218 = DEFINITIONAL_REPRESENTATION('',(#6219),#6223);
#6219 = LINE('',#6220,#6221);
#6220 = CARTESIAN_POINT('',(0.,0.));
#6221 = VECTOR('',#6222,1.);
#6222 = DIRECTION('',(0.,1.));
#6223 = ( GEOMETRIC_REPRESENTATION_CONTEXT(2) 
PARAMETRIC_REPRESENTATION_CONTEXT() REPRESENTATION_CONTEXT('2D SPACE',''
  ) );
#6224 = ORIENTED_EDGE('',*,*,#6225,.T.);
#6225 = EDGE_CURVE('',#6198,#6226,#6228,.T.);
#6226 = VERTEX_POINT('',#6227);
#6227 = CARTESIAN_POINT('',(-125.,12.,99.5));
#6228 = SURFACE_CURVE('',#6229,(#6233,#6240),.PCURVE_S1.);
#6229 = LINE('',#6230,#6231);
#6230 = CARTESIAN_POINT('',(-125.,12.,80.));
#6231 = VECTOR('',#6232,1.);
#6232 = DIRECTION('',(0.,0.,1.));
#6233 = PCURVE('',#6173,#6234);
#6234 = DEFINITIONAL_REPRESENTATION('',(#6235),#6239);
#6235 = LINE('',#6236,#6237);
#6236 = CARTESIAN_POINT('',(0.,-24.));
#6237 = VECTOR('',#6238,1.);
#6238 = DIRECTION('',(1.,0.));
#6239 = ( GEOMETRIC_REPRESENTATION_CONTEXT(2) 
PARAMETRIC_REPRESENTATION_CONTEXT() REPRESENTATION_CONTEXT('2D SPACE',''
  ) );
#6240 = PCURVE('',#6241,#6246);
#6241 = PLANE('',#6242);
#6242 = AXIS2_PLACEMENT_3D('',#6243,#6244,#6245);
#6243 = CARTESIAN_POINT('',(-125.,12.,80.));
#6244 = DIRECTION('',(0.,1.,0.));
#6245 = DIRECTION('',(0.,0.,1.));
#6246 = DEFINITIONAL_REPRESENTATION('',(#6247),#6251);
#6247 = LINE('',#6248,#6249);
#6248 = CARTESIAN_POINT('',(0.,0.));
#6249 = VECTOR('',#6250,1.);
#6250 = DIRECTION('',(1.,0.));
#6251 = ( GEOMETRIC_REPRESENTATION_CONTEXT(2) 
PARAMETRIC_REPRESENTATION_CONTEXT() REPRESENTATION_CONTEXT('2D SPACE',''
  ) );
#6252 = ORIENTED_EDGE('',*,*,#6253,.F.);
#6253 = EDGE_CURVE('',#6165,#6226,#6254,.T.);
#6254 = SURFACE_CURVE('',#6255,(#6259,#6266),.PCURVE_S1.);
#6255 = LINE('',#6256,#6257);
#6256 = CARTESIAN_POINT('',(-125.,-12.,99.5));
#6257 = VECTOR('',#6258,1.);
#6258 = DIRECTION('',(0.,1.,0.));
#6259 = PCURVE('',#6173,#6260);
#6260 = DEFINITIONAL_REPRESENTATION('',(#6261),#6265);
#6261 = LINE('',#6262,#6263);
#6262 = CARTESIAN_POINT('',(19.5,0.));
#6263 = VECTOR('',#6264,1.);
#6264 = DIRECTION('',(0.,-1.));
#6265 = ( GEOMETRIC_REPRESENTATION_CONTEXT(2) 
PARAMETRIC_REPRESENTATION_CONTEXT() REPRESENTATION_CONTEXT('2D SPACE',''
  ) );
#6266 = PCURVE('',#6267,#6272);
#6267 = PLANE('',#6268);
#6268 = AXIS2_PLACEMENT_3D('',#6269,#6270,#6271);
#6269 = CARTESIAN_POINT('',(-125.,-12.,99.5));
#6270 = DIRECTION('',(0.,0.,1.));
#6271 = DIRECTION('',(1.,0.,0.));
#6272 = DEFINITIONAL_REPRESENTATION('',(#6273),#6277);
#6273 = LINE('',#6274,#6275);
#6274 = CARTESIAN_POINT('',(0.,0.));
#6275 = VECTOR('',#6276,1.);
#6276 = DIRECTION('',(0.,1.));
#6277 = ( GEOMETRIC_REPRESENTATION_CONTEXT(2) 
PARAMETRIC_REPRESENTATION_CONTEXT() REPRESENTATION_CONTEXT('2D SPACE',''
  ) );
#6278 = FACE_BOUND('',#6279,.F.);
#6279 = EDGE_LOOP('',(#6280,#6308,#6336,#6362));
#6280 = ORIENTED_EDGE('',*,*,#6281,.F.);
#6281 = EDGE_CURVE('',#6282,#6284,#6286,.T.);
#6282 = VERTEX_POINT('',#6283);
#6283 = CARTESIAN_POINT('',(-125.,6.,85.));
#6284 = VERTEX_POINT('',#6285);
#6285 = CARTESIAN_POINT('',(-125.,6.,91.));
#6286 = SURFACE_CURVE('',#6287,(#6291,#6297),.PCURVE_S1.);
#6287 = LINE('',#6288,#6289);
#6288 = CARTESIAN_POINT('',(-125.,6.,82.5));
#6289 = VECTOR('',#6290,1.);
#6290 = DIRECTION('',(0.,0.,1.));
#6291 = PCURVE('',#6173,#6292);
#6292 = DEFINITIONAL_REPRESENTATION('',(#6293),#6296);
#6293 = B_SPLINE_CURVE_WITH_KNOTS('',1,(#6294,#6295),.UNSPECIFIED.,.F.,
  .F.,(2,2),(2.5,8.5),.PIECEWISE_BEZIER_KNOTS.);
#6294 = CARTESIAN_POINT('',(5.,-18.));
#6295 = CARTESIAN_POINT('',(11.,-18.));
#6296 = ( GEOMETRIC_REPRESENTATION_CONTEXT(2) 
PARAMETRIC_REPRESENTATION_CONTEXT() REPRESENTATION_CONTEXT('2D SPACE',''
  ) );
#6297 = PCURVE('',#6298,#6303);
#6298 = PLANE('',#6299);
#6299 = AXIS2_PLACEMENT_3D('',#6300,#6301,#6302);
#6300 = CARTESIAN_POINT('',(-128.,6.,85.));
#6301 = DIRECTION('',(0.,1.,0.));
#6302 = DIRECTION('',(0.,0.,1.));
#6303 = DEFINITIONAL_REPRESENTATION('',(#6304),#6307);
#6304 = B_SPLINE_CURVE_WITH_KNOTS('',1,(#6305,#6306),.UNSPECIFIED.,.F.,
  .F.,(2,2),(2.5,8.5),.PIECEWISE_BEZIER_KNOTS.);
#6305 = CARTESIAN_POINT('',(0.,3.));
#6306 = CARTESIAN_POINT('',(6.,3.));
#6307 = ( GEOMETRIC_REPRESENTATION_CONTEXT(2) 
PARAMETRIC_REPRESENTATION_CONTEXT() REPRESENTATION_CONTEXT('2D SPACE',''
  ) );
#6308 = ORIENTED_EDGE('',*,*,#6309,.F.);
#6309 = EDGE_CURVE('',#6310,#6282,#6312,.T.);
#6310 = VERTEX_POINT('',#6311);
#6311 = CARTESIAN_POINT('',(-125.,-6.,85.));
#6312 = SURFACE_CURVE('',#6313,(#6317,#6324),.PCURVE_S1.);
#6313 = LINE('',#6314,#6315);
#6314 = CARTESIAN_POINT('',(-125.,-6.,85.));
#6315 = VECTOR('',#6316,1.);
#6316 = DIRECTION('',(0.,1.,0.));
#6317 = PCURVE('',#6173,#6318);
#6318 = DEFINITIONAL_REPRESENTATION('',(#6319),#6323);
#6319 = LINE('',#6320,#6321);
#6320 = CARTESIAN_POINT('',(5.,-6.));
#6321 = VECTOR('',#6322,1.);
#6322 = DIRECTION('',(0.,-1.));
#6323 = ( GEOMETRIC_REPRESENTATION_CONTEXT(2) 
PARAMETRIC_REPRESENTATION_CONTEXT() REPRESENTATION_CONTEXT('2D SPACE',''
  ) );
#6324 = PCURVE('',#6325,#6330);
#6325 = PLANE('',#6326);
#6326 = AXIS2_PLACEMENT_3D('',#6327,#6328,#6329);
#6327 = CARTESIAN_POINT('',(-132.,0.,85.));
#6328 = DIRECTION('',(0.,0.,1.));
#6329 = DIRECTION('',(1.,0.,-0.));
#6330 = DEFINITIONAL_REPRESENTATION('',(#6331),#6335);
#6331 = LINE('',#6332,#6333);
#6332 = CARTESIAN_POINT('',(7.,-6.));
#6333 = VECTOR('',#6334,1.);
#6334 = DIRECTION('',(0.,1.));
#6335 = ( GEOMETRIC_REPRESENTATION_CONTEXT(2) 
PARAMETRIC_REPRESENTATION_CONTEXT() REPRESENTATION_CONTEXT('2D SPACE',''
  ) );
#6336 = ORIENTED_EDGE('',*,*,#6337,.T.);
#6337 = EDGE_CURVE('',#6310,#6338,#6340,.T.);
#6338 = VERTEX_POINT('',#6339);
#6339 = CARTESIAN_POINT('',(-125.,-6.,91.));
#6340 = SURFACE_CURVE('',#6341,(#6345,#6351),.PCURVE_S1.);
#6341 = LINE('',#6342,#6343);
#6342 = CARTESIAN_POINT('',(-125.,-6.,82.5));
#6343 = VECTOR('',#6344,1.);
#6344 = DIRECTION('',(0.,0.,1.));
#6345 = PCURVE('',#6173,#6346);
#6346 = DEFINITIONAL_REPRESENTATION('',(#6347),#6350);
#6347 = B_SPLINE_CURVE_WITH_KNOTS('',1,(#6348,#6349),.UNSPECIFIED.,.F.,
  .F.,(2,2),(2.5,8.5),.PIECEWISE_BEZIER_KNOTS.);
#6348 = CARTESIAN_POINT('',(5.,-6.));
#6349 = CARTESIAN_POINT('',(11.,-6.));
#6350 = ( GEOMETRIC_REPRESENTATION_CONTEXT(2) 
PARAMETRIC_REPRESENTATION_CONTEXT() REPRESENTATION_CONTEXT('2D SPACE',''
  ) );
#6351 = PCURVE('',#6352,#6357);
#6352 = PLANE('',#6353);
#6353 = AXIS2_PLACEMENT_3D('',#6354,#6355,#6356);
#6354 = CARTESIAN_POINT('',(-128.,-6.,85.));
#6355 = DIRECTION('',(0.,1.,0.));
#6356 = DIRECTION('',(0.,0.,1.));
#6357 = DEFINITIONAL_REPRESENTATION('',(#6358),#6361);
#6358 = B_SPLINE_CURVE_WITH_KNOTS('',1,(#6359,#6360),.UNSPECIFIED.,.F.,
  .F.,(2,2),(2.5,8.5),.PIECEWISE_BEZIER_KNOTS.);
#6359 = CARTESIAN_POINT('',(0.,3.));
#6360 = CARTESIAN_POINT('',(6.,3.));
#6361 = ( GEOMETRIC_REPRESENTATION_CONTEXT(2) 
PARAMETRIC_REPRESENTATION_CONTEXT() REPRESENTATION_CONTEXT('2D SPACE',''
  ) );
#6362 = ORIENTED_EDGE('',*,*,#6363,.F.);
#6363 = EDGE_CURVE('',#6284,#6338,#6364,.T.);
#6364 = SURFACE_CURVE('',#6365,(#6369,#6376),.PCURVE_S1.);
#6365 = LINE('',#6366,#6367);
#6366 = CARTESIAN_POINT('',(-125.,6.,91.));
#6367 = VECTOR('',#6368,1.);
#6368 = DIRECTION('',(0.,-1.,0.));
#6369 = PCURVE('',#6173,#6370);
#6370 = DEFINITIONAL_REPRESENTATION('',(#6371),#6375);
#6371 = LINE('',#6372,#6373);
#6372 = CARTESIAN_POINT('',(11.,-18.));
#6373 = VECTOR('',#6374,1.);
#6374 = DIRECTION('',(0.,1.));
#6375 = ( GEOMETRIC_REPRESENTATION_CONTEXT(2) 
PARAMETRIC_REPRESENTATION_CONTEXT() REPRESENTATION_CONTEXT('2D SPACE',''
  ) );
#6376 = PCURVE('',#6377,#6382);
#6377 = PLANE('',#6378);
#6378 = AXIS2_PLACEMENT_3D('',#6379,#6380,#6381);
#6379 = CARTESIAN_POINT('',(-128.,-6.,91.));
#6380 = DIRECTION('',(0.,0.,1.));
#6381 = DIRECTION('',(1.,0.,0.));
#6382 = DEFINITIONAL_REPRESENTATION('',(#6383),#6387);
#6383 = LINE('',#6384,#6385);
#6384 = CARTESIAN_POINT('',(3.,12.));
#6385 = VECTOR('',#6386,1.);
#6386 = DIRECTION('',(0.,-1.));
#6387 = ( GEOMETRIC_REPRESENTATION_CONTEXT(2) 
PARAMETRIC_REPRESENTATION_CONTEXT() REPRESENTATION_CONTEXT('2D SPACE',''
  ) );
#6388 = ADVANCED_FACE('',(#6389),#6185,.F.);
#6389 = FACE_BOUND('',#6390,.F.);
#6390 = EDGE_LOOP('',(#6391,#6421,#6442,#6443,#6466,#6495));
#6391 = ORIENTED_EDGE('',*,*,#6392,.F.);
#6392 = EDGE_CURVE('',#6393,#6395,#6397,.T.);
#6393 = VERTEX_POINT('',#6394);
#6394 = CARTESIAN_POINT('',(-75.,-12.,80.));
#6395 = VERTEX_POINT('',#6396);
#6396 = CARTESIAN_POINT('',(-75.,-12.,99.5));
#6397 = SURFACE_CURVE('',#6398,(#6402,#6409),.PCURVE_S1.);
#6398 = LINE('',#6399,#6400);
#6399 = CARTESIAN_POINT('',(-75.,-12.,80.));
#6400 = VECTOR('',#6401,1.);
#6401 = DIRECTION('',(0.,0.,1.));
#6402 = PCURVE('',#6185,#6403);
#6403 = DEFINITIONAL_REPRESENTATION('',(#6404),#6408);
#6404 = LINE('',#6405,#6406);
#6405 = CARTESIAN_POINT('',(0.,50.));
#6406 = VECTOR('',#6407,1.);
#6407 = DIRECTION('',(1.,0.));
#6408 = ( GEOMETRIC_REPRESENTATION_CONTEXT(2) 
PARAMETRIC_REPRESENTATION_CONTEXT() REPRESENTATION_CONTEXT('2D SPACE',''
  ) );
#6409 = PCURVE('',#6410,#6415);
#6410 = PLANE('',#6411);
#6411 = AXIS2_PLACEMENT_3D('',#6412,#6413,#6414);
#6412 = CARTESIAN_POINT('',(-75.,-12.,80.));
#6413 = DIRECTION('',(1.,0.,0.));
#6414 = DIRECTION('',(0.,0.,1.));
#6415 = DEFINITIONAL_REPRESENTATION('',(#6416),#6420);
#6416 = LINE('',#6417,#6418);
#6417 = CARTESIAN_POINT('',(0.,0.));
#6418 = VECTOR('',#6419,1.);
#6419 = DIRECTION('',(1.,0.));
#6420 = ( GEOMETRIC_REPRESENTATION_CONTEXT(2) 
PARAMETRIC_REPRESENTATION_CONTEXT() REPRESENTATION_CONTEXT('2D SPACE',''
  ) );
#6421 = ORIENTED_EDGE('',*,*,#6422,.F.);
#6422 = EDGE_CURVE('',#6163,#6393,#6423,.T.);
#6423 = SURFACE_CURVE('',#6424,(#6428,#6435),.PCURVE_S1.);
#6424 = LINE('',#6425,#6426);
#6425 = CARTESIAN_POINT('',(-125.,-12.,80.));
#6426 = VECTOR('',#6427,1.);
#6427 = DIRECTION('',(1.,0.,0.));
#6428 = PCURVE('',#6185,#6429);
#6429 = DEFINITIONAL_REPRESENTATION('',(#6430),#6434);
#6430 = LINE('',#6431,#6432);
#6431 = CARTESIAN_POINT('',(0.,0.));
#6432 = VECTOR('',#6433,1.);
#6433 = DIRECTION('',(0.,1.));
#6434 = ( GEOMETRIC_REPRESENTATION_CONTEXT(2) 
PARAMETRIC_REPRESENTATION_CONTEXT() REPRESENTATION_CONTEXT('2D SPACE',''
  ) );
#6435 = PCURVE('',#6213,#6436);
#6436 = DEFINITIONAL_REPRESENTATION('',(#6437),#6441);
#6437 = LINE('',#6438,#6439);
#6438 = CARTESIAN_POINT('',(0.,0.));
#6439 = VECTOR('',#6440,1.);
#6440 = DIRECTION('',(1.,0.));
#6441 = ( GEOMETRIC_REPRESENTATION_CONTEXT(2) 
PARAMETRIC_REPRESENTATION_CONTEXT() REPRESENTATION_CONTEXT('2D SPACE',''
  ) );
#6442 = ORIENTED_EDGE('',*,*,#6162,.T.);
#6443 = ORIENTED_EDGE('',*,*,#6444,.T.);
#6444 = EDGE_CURVE('',#6165,#6445,#6447,.T.);
#6445 = VERTEX_POINT('',#6446);
#6446 = CARTESIAN_POINT('',(-112.4899959967,-12.,99.5));
#6447 = SURFACE_CURVE('',#6448,(#6452,#6459),.PCURVE_S1.);
#6448 = LINE('',#6449,#6450);
#6449 = CARTESIAN_POINT('',(-125.,-12.,99.5));
#6450 = VECTOR('',#6451,1.);
#6451 = DIRECTION('',(1.,0.,0.));
#6452 = PCURVE('',#6185,#6453);
#6453 = DEFINITIONAL_REPRESENTATION('',(#6454),#6458);
#6454 = LINE('',#6455,#6456);
#6455 = CARTESIAN_POINT('',(19.5,0.));
#6456 = VECTOR('',#6457,1.);
#6457 = DIRECTION('',(0.,1.));
#6458 = ( GEOMETRIC_REPRESENTATION_CONTEXT(2) 
PARAMETRIC_REPRESENTATION_CONTEXT() REPRESENTATION_CONTEXT('2D SPACE',''
  ) );
#6459 = PCURVE('',#6267,#6460);
#6460 = DEFINITIONAL_REPRESENTATION('',(#6461),#6465);
#6461 = LINE('',#6462,#6463);
#6462 = CARTESIAN_POINT('',(0.,0.));
#6463 = VECTOR('',#6464,1.);
#6464 = DIRECTION('',(1.,0.));
#6465 = ( GEOMETRIC_REPRESENTATION_CONTEXT(2) 
PARAMETRIC_REPRESENTATION_CONTEXT() REPRESENTATION_CONTEXT('2D SPACE',''
  ) );
#6466 = ORIENTED_EDGE('',*,*,#6467,.F.);
#6467 = EDGE_CURVE('',#6468,#6445,#6470,.T.);
#6468 = VERTEX_POINT('',#6469);
#6469 = CARTESIAN_POINT('',(-87.5100040032,-12.,99.5));
#6470 = SURFACE_CURVE('',#6471,(#6476,#6483),.PCURVE_S1.);
#6471 = CIRCLE('',#6472,12.5);
#6472 = AXIS2_PLACEMENT_3D('',#6473,#6474,#6475);
#6473 = CARTESIAN_POINT('',(-100.,-12.,100.));
#6474 = DIRECTION('',(0.,1.,0.));
#6475 = DIRECTION('',(0.,-0.,1.));
#6476 = PCURVE('',#6185,#6477);
#6477 = DEFINITIONAL_REPRESENTATION('',(#6478),#6482);
#6478 = CIRCLE('',#6479,12.5);
#6479 = AXIS2_PLACEMENT_2D('',#6480,#6481);
#6480 = CARTESIAN_POINT('',(20.,25.));
#6481 = DIRECTION('',(1.,0.));
#6482 = ( GEOMETRIC_REPRESENTATION_CONTEXT(2) 
PARAMETRIC_REPRESENTATION_CONTEXT() REPRESENTATION_CONTEXT('2D SPACE',''
  ) );
#6483 = PCURVE('',#6484,#6489);
#6484 = CYLINDRICAL_SURFACE('',#6485,12.5);
#6485 = AXIS2_PLACEMENT_3D('',#6486,#6487,#6488);
#6486 = CARTESIAN_POINT('',(-100.,-12.,100.));
#6487 = DIRECTION('',(0.,1.,0.));
#6488 = DIRECTION('',(0.,-0.,1.));
#6489 = DEFINITIONAL_REPRESENTATION('',(#6490),#6494);
#6490 = LINE('',#6491,#6492);
#6491 = CARTESIAN_POINT('',(0.,0.));
#6492 = VECTOR('',#6493,1.);
#6493 = DIRECTION('',(1.,0.));
#6494 = ( GEOMETRIC_REPRESENTATION_CONTEXT(2) 
PARAMETRIC_REPRESENTATION_CONTEXT() REPRESENTATION_CONTEXT('2D SPACE',''
  ) );
#6495 = ORIENTED_EDGE('',*,*,#6496,.T.);
#6496 = EDGE_CURVE('',#6468,#6395,#6497,.T.);
#6497 = SURFACE_CURVE('',#6498,(#6502,#6509),.PCURVE_S1.);
#6498 = LINE('',#6499,#6500);
#6499 = CARTESIAN_POINT('',(-125.,-12.,99.5));
#6500 = VECTOR('',#6501,1.);
#6501 = DIRECTION('',(1.,0.,0.));
#6502 = PCURVE('',#6185,#6503);
#6503 = DEFINITIONAL_REPRESENTATION('',(#6504),#6508);
#6504 = LINE('',#6505,#6506);
#6505 = CARTESIAN_POINT('',(19.5,0.));
#6506 = VECTOR('',#6507,1.);
#6507 = DIRECTION('',(0.,1.));
#6508 = ( GEOMETRIC_REPRESENTATION_CONTEXT(2) 
PARAMETRIC_REPRESENTATION_CONTEXT() REPRESENTATION_CONTEXT('2D SPACE',''
  ) );
#6509 = PCURVE('',#6510,#6515);
#6510 = PLANE('',#6511);
#6511 = AXIS2_PLACEMENT_3D('',#6512,#6513,#6514);
#6512 = CARTESIAN_POINT('',(-125.,-12.,99.5));
#6513 = DIRECTION('',(0.,0.,1.));
#6514 = DIRECTION('',(1.,0.,0.));
#6515 = DEFINITIONAL_REPRESENTATION('',(#6516),#6520);
#6516 = LINE('',#6517,#6518);
#6517 = CARTESIAN_POINT('',(0.,0.));
#6518 = VECTOR('',#6519,1.);
#6519 = DIRECTION('',(1.,0.));
#6520 = ( GEOMETRIC_REPRESENTATION_CONTEXT(2) 
PARAMETRIC_REPRESENTATION_CONTEXT() REPRESENTATION_CONTEXT('2D SPACE',''
  ) );
#6521 = ADVANCED_FACE('',(#6522,#6570,#6601),#6213,.F.);
#6522 = FACE_BOUND('',#6523,.F.);
#6523 = EDGE_LOOP('',(#6524,#6525,#6526,#6549));
#6524 = ORIENTED_EDGE('',*,*,#6197,.F.);
#6525 = ORIENTED_EDGE('',*,*,#6422,.T.);
#6526 = ORIENTED_EDGE('',*,*,#6527,.T.);
#6527 = EDGE_CURVE('',#6393,#6528,#6530,.T.);
#6528 = VERTEX_POINT('',#6529);
#6529 = CARTESIAN_POINT('',(-75.,12.,80.));
#6530 = SURFACE_CURVE('',#6531,(#6535,#6542),.PCURVE_S1.);
#6531 = LINE('',#6532,#6533);
#6532 = CARTESIAN_POINT('',(-75.,-12.,80.));
#6533 = VECTOR('',#6534,1.);
#6534 = DIRECTION('',(0.,1.,0.));
#6535 = PCURVE('',#6213,#6536);
#6536 = DEFINITIONAL_REPRESENTATION('',(#6537),#6541);
#6537 = LINE('',#6538,#6539);
#6538 = CARTESIAN_POINT('',(50.,0.));
#6539 = VECTOR('',#6540,1.);
#6540 = DIRECTION('',(0.,1.));
#6541 = ( GEOMETRIC_REPRESENTATION_CONTEXT(2) 
PARAMETRIC_REPRESENTATION_CONTEXT() REPRESENTATION_CONTEXT('2D SPACE',''
  ) );
#6542 = PCURVE('',#6410,#6543);
#6543 = DEFINITIONAL_REPRESENTATION('',(#6544),#6548);
#6544 = LINE('',#6545,#6546);
#6545 = CARTESIAN_POINT('',(0.,0.));
#6546 = VECTOR('',#6547,1.);
#6547 = DIRECTION('',(0.,-1.));
#6548 = ( GEOMETRIC_REPRESENTATION_CONTEXT(2) 
PARAMETRIC_REPRESENTATION_CONTEXT() REPRESENTATION_CONTEXT('2D SPACE',''
  ) );
#6549 = ORIENTED_EDGE('',*,*,#6550,.F.);
#6550 = EDGE_CURVE('',#6198,#6528,#6551,.T.);
#6551 = SURFACE_CURVE('',#6552,(#6556,#6563),.PCURVE_S1.);
#6552 = LINE('',#6553,#6554);
#6553 = CARTESIAN_POINT('',(-125.,12.,80.));
#6554 = VECTOR('',#6555,1.);
#6555 = DIRECTION('',(1.,0.,0.));
#6556 = PCURVE('',#6213,#6557);
#6557 = DEFINITIONAL_REPRESENTATION('',(#6558),#6562);
#6558 = LINE('',#6559,#6560);
#6559 = CARTESIAN_POINT('',(0.,24.));
#6560 = VECTOR('',#6561,1.);
#6561 = DIRECTION('',(1.,0.));
#6562 = ( GEOMETRIC_REPRESENTATION_CONTEXT(2) 
PARAMETRIC_REPRESENTATION_CONTEXT() REPRESENTATION_CONTEXT('2D SPACE',''
  ) );
#6563 = PCURVE('',#6241,#6564);
#6564 = DEFINITIONAL_REPRESENTATION('',(#6565),#6569);
#6565 = LINE('',#6566,#6567);
#6566 = CARTESIAN_POINT('',(0.,0.));
#6567 = VECTOR('',#6568,1.);
#6568 = DIRECTION('',(0.,1.));
#6569 = ( GEOMETRIC_REPRESENTATION_CONTEXT(2) 
PARAMETRIC_REPRESENTATION_CONTEXT() REPRESENTATION_CONTEXT('2D SPACE',''
  ) );
#6570 = FACE_BOUND('',#6571,.F.);
#6571 = EDGE_LOOP('',(#6572));
#6572 = ORIENTED_EDGE('',*,*,#6573,.F.);
#6573 = EDGE_CURVE('',#6574,#6574,#6576,.T.);
#6574 = VERTEX_POINT('',#6575);
#6575 = CARTESIAN_POINT('',(-116.,-9.797174393179E-16,80.));
#6576 = SURFACE_CURVE('',#6577,(#6582,#6589),.PCURVE_S1.);
#6577 = CIRCLE('',#6578,4.);
#6578 = AXIS2_PLACEMENT_3D('',#6579,#6580,#6581);
#6579 = CARTESIAN_POINT('',(-120.,0.,80.));
#6580 = DIRECTION('',(0.,0.,1.));
#6581 = DIRECTION('',(1.,0.,-0.));
#6582 = PCURVE('',#6213,#6583);
#6583 = DEFINITIONAL_REPRESENTATION('',(#6584),#6588);
#6584 = CIRCLE('',#6585,4.);
#6585 = AXIS2_PLACEMENT_2D('',#6586,#6587);
#6586 = CARTESIAN_POINT('',(5.,12.));
#6587 = DIRECTION('',(1.,0.));
#6588 = ( GEOMETRIC_REPRESENTATION_CONTEXT(2) 
PARAMETRIC_REPRESENTATION_CONTEXT() REPRESENTATION_CONTEXT('2D SPACE',''
  ) );
#6589 = PCURVE('',#6590,#6595);
#6590 = CYLINDRICAL_SURFACE('',#6591,4.);
#6591 = AXIS2_PLACEMENT_3D('',#6592,#6593,#6594);
#6592 = CARTESIAN_POINT('',(-120.,0.,80.));
#6593 = DIRECTION('',(0.,0.,1.));
#6594 = DIRECTION('',(1.,0.,-0.));
#6595 = DEFINITIONAL_REPRESENTATION('',(#6596),#6600);
#6596 = LINE('',#6597,#6598);
#6597 = CARTESIAN_POINT('',(0.,0.));
#6598 = VECTOR('',#6599,1.);
#6599 = DIRECTION('',(1.,0.));
#6600 = ( GEOMETRIC_REPRESENTATION_CONTEXT(2) 
PARAMETRIC_REPRESENTATION_CONTEXT() REPRESENTATION_CONTEXT('2D SPACE',''
  ) );
#6601 = FACE_BOUND('',#6602,.F.);
#6602 = EDGE_LOOP('',(#6603));
#6603 = ORIENTED_EDGE('',*,*,#6604,.F.);
#6604 = EDGE_CURVE('',#6605,#6605,#6607,.T.);
#6605 = VERTEX_POINT('',#6606);
#6606 = CARTESIAN_POINT('',(-76.,-9.797174393179E-16,80.));
#6607 = SURFACE_CURVE('',#6608,(#6613,#6620),.PCURVE_S1.);
#6608 = CIRCLE('',#6609,4.);
#6609 = AXIS2_PLACEMENT_3D('',#6610,#6611,#6612);
#6610 = CARTESIAN_POINT('',(-80.,0.,80.));
#6611 = DIRECTION('',(0.,0.,1.));
#6612 = DIRECTION('',(1.,0.,-0.));
#6613 = PCURVE('',#6213,#6614);
#6614 = DEFINITIONAL_REPRESENTATION('',(#6615),#6619);
#6615 = CIRCLE('',#6616,4.);
#6616 = AXIS2_PLACEMENT_2D('',#6617,#6618);
#6617 = CARTESIAN_POINT('',(45.,12.));
#6618 = DIRECTION('',(1.,0.));
#6619 = ( GEOMETRIC_REPRESENTATION_CONTEXT(2) 
PARAMETRIC_REPRESENTATION_CONTEXT() REPRESENTATION_CONTEXT('2D SPACE',''
  ) );
#6620 = PCURVE('',#6621,#6626);
#6621 = CYLINDRICAL_SURFACE('',#6622,4.);
#6622 = AXIS2_PLACEMENT_3D('',#6623,#6624,#6625);
#6623 = CARTESIAN_POINT('',(-80.,0.,80.));
#6624 = DIRECTION('',(0.,0.,1.));
#6625 = DIRECTION('',(1.,0.,-0.));
#6626 = DEFINITIONAL_REPRESENTATION('',(#6627),#6631);
#6627 = LINE('',#6628,#6629);
#6628 = CARTESIAN_POINT('',(0.,0.));
#6629 = VECTOR('',#6630,1.);
#6630 = DIRECTION('',(1.,0.));
#6631 = ( GEOMETRIC_REPRESENTATION_CONTEXT(2) 
PARAMETRIC_REPRESENTATION_CONTEXT() REPRESENTATION_CONTEXT('2D SPACE',''
  ) );
#6632 = ADVANCED_FACE('',(#6633),#6241,.T.);
#6633 = FACE_BOUND('',#6634,.T.);
#6634 = EDGE_LOOP('',(#6635,#6658,#6659,#6660,#6683,#6707));
#6635 = ORIENTED_EDGE('',*,*,#6636,.F.);
#6636 = EDGE_CURVE('',#6528,#6637,#6639,.T.);
#6637 = VERTEX_POINT('',#6638);
#6638 = CARTESIAN_POINT('',(-75.,12.,99.5));
#6639 = SURFACE_CURVE('',#6640,(#6644,#6651),.PCURVE_S1.);
#6640 = LINE('',#6641,#6642);
#6641 = CARTESIAN_POINT('',(-75.,12.,80.));
#6642 = VECTOR('',#6643,1.);
#6643 = DIRECTION('',(0.,0.,1.));
#6644 = PCURVE('',#6241,#6645);
#6645 = DEFINITIONAL_REPRESENTATION('',(#6646),#6650);
#6646 = LINE('',#6647,#6648);
#6647 = CARTESIAN_POINT('',(0.,50.));
#6648 = VECTOR('',#6649,1.);
#6649 = DIRECTION('',(1.,0.));
#6650 = ( GEOMETRIC_REPRESENTATION_CONTEXT(2) 
PARAMETRIC_REPRESENTATION_CONTEXT() REPRESENTATION_CONTEXT('2D SPACE',''
  ) );
#6651 = PCURVE('',#6410,#6652);
#6652 = DEFINITIONAL_REPRESENTATION('',(#6653),#6657);
#6653 = LINE('',#6654,#6655);
#6654 = CARTESIAN_POINT('',(0.,-24.));
#6655 = VECTOR('',#6656,1.);
#6656 = DIRECTION('',(1.,0.));
#6657 = ( GEOMETRIC_REPRESENTATION_CONTEXT(2) 
PARAMETRIC_REPRESENTATION_CONTEXT() REPRESENTATION_CONTEXT('2D SPACE',''
  ) );
#6658 = ORIENTED_EDGE('',*,*,#6550,.F.);
#6659 = ORIENTED_EDGE('',*,*,#6225,.T.);
#6660 = ORIENTED_EDGE('',*,*,#6661,.T.);
#6661 = EDGE_CURVE('',#6226,#6662,#6664,.T.);
#6662 = VERTEX_POINT('',#6663);
#6663 = CARTESIAN_POINT('',(-112.4899959967,12.,99.5));
#6664 = SURFACE_CURVE('',#6665,(#6669,#6676),.PCURVE_S1.);
#6665 = LINE('',#6666,#6667);
#6666 = CARTESIAN_POINT('',(-125.,12.,99.5));
#6667 = VECTOR('',#6668,1.);
#6668 = DIRECTION('',(1.,0.,0.));
#6669 = PCURVE('',#6241,#6670);
#6670 = DEFINITIONAL_REPRESENTATION('',(#6671),#6675);
#6671 = LINE('',#6672,#6673);
#6672 = CARTESIAN_POINT('',(19.5,0.));
#6673 = VECTOR('',#6674,1.);
#6674 = DIRECTION('',(0.,1.));
#6675 = ( GEOMETRIC_REPRESENTATION_CONTEXT(2) 
PARAMETRIC_REPRESENTATION_CONTEXT() REPRESENTATION_CONTEXT('2D SPACE',''
  ) );
#6676 = PCURVE('',#6267,#6677);
#6677 = DEFINITIONAL_REPRESENTATION('',(#6678),#6682);
#6678 = LINE('',#6679,#6680);
#6679 = CARTESIAN_POINT('',(0.,24.));
#6680 = VECTOR('',#6681,1.);
#6681 = DIRECTION('',(1.,0.));
#6682 = ( GEOMETRIC_REPRESENTATION_CONTEXT(2) 
PARAMETRIC_REPRESENTATION_CONTEXT() REPRESENTATION_CONTEXT('2D SPACE',''
  ) );
#6683 = ORIENTED_EDGE('',*,*,#6684,.F.);
#6684 = EDGE_CURVE('',#6685,#6662,#6687,.T.);
#6685 = VERTEX_POINT('',#6686);
#6686 = CARTESIAN_POINT('',(-87.5100040032,12.,99.5));
#6687 = SURFACE_CURVE('',#6688,(#6693,#6700),.PCURVE_S1.);
#6688 = CIRCLE('',#6689,12.5);
#6689 = AXIS2_PLACEMENT_3D('',#6690,#6691,#6692);
#6690 = CARTESIAN_POINT('',(-100.,12.,100.));
#6691 = DIRECTION('',(0.,1.,0.));
#6692 = DIRECTION('',(0.,-0.,1.));
#6693 = PCURVE('',#6241,#6694);
#6694 = DEFINITIONAL_REPRESENTATION('',(#6695),#6699);
#6695 = CIRCLE('',#6696,12.5);
#6696 = AXIS2_PLACEMENT_2D('',#6697,#6698);
#6697 = CARTESIAN_POINT('',(20.,25.));
#6698 = DIRECTION('',(1.,0.));
#6699 = ( GEOMETRIC_REPRESENTATION_CONTEXT(2) 
PARAMETRIC_REPRESENTATION_CONTEXT() REPRESENTATION_CONTEXT('2D SPACE',''
  ) );
#6700 = PCURVE('',#6484,#6701);
#6701 = DEFINITIONAL_REPRESENTATION('',(#6702),#6706);
#6702 = LINE('',#6703,#6704);
#6703 = CARTESIAN_POINT('',(0.,24.));
#6704 = VECTOR('',#6705,1.);
#6705 = DIRECTION('',(1.,0.));
#6706 = ( GEOMETRIC_REPRESENTATION_CONTEXT(2) 
PARAMETRIC_REPRESENTATION_CONTEXT() REPRESENTATION_CONTEXT('2D SPACE',''
  ) );
#6707 = ORIENTED_EDGE('',*,*,#6708,.T.);
#6708 = EDGE_CURVE('',#6685,#6637,#6709,.T.);
#6709 = SURFACE_CURVE('',#6710,(#6714,#6721),.PCURVE_S1.);
#6710 = LINE('',#6711,#6712);
#6711 = CARTESIAN_POINT('',(-125.,12.,99.5));
#6712 = VECTOR('',#6713,1.);
#6713 = DIRECTION('',(1.,0.,0.));
#6714 = PCURVE('',#6241,#6715);
#6715 = DEFINITIONAL_REPRESENTATION('',(#6716),#6720);
#6716 = LINE('',#6717,#6718);
#6717 = CARTESIAN_POINT('',(19.5,0.));
#6718 = VECTOR('',#6719,1.);
#6719 = DIRECTION('',(0.,1.));
#6720 = ( GEOMETRIC_REPRESENTATION_CONTEXT(2) 
PARAMETRIC_REPRESENTATION_CONTEXT() REPRESENTATION_CONTEXT('2D SPACE',''
  ) );
#6721 = PCURVE('',#6510,#6722);
#6722 = DEFINITIONAL_REPRESENTATION('',(#6723),#6727);
#6723 = LINE('',#6724,#6725);
#6724 = CARTESIAN_POINT('',(0.,24.));
#6725 = VECTOR('',#6726,1.);
#6726 = DIRECTION('',(1.,0.));
#6727 = ( GEOMETRIC_REPRESENTATION_CONTEXT(2) 
PARAMETRIC_REPRESENTATION_CONTEXT() REPRESENTATION_CONTEXT('2D SPACE',''
  ) );
#6728 = ADVANCED_FACE('',(#6729,#6753),#6267,.T.);
#6729 = FACE_BOUND('',#6730,.T.);
#6730 = EDGE_LOOP('',(#6731,#6732,#6733,#6734));
#6731 = ORIENTED_EDGE('',*,*,#6661,.F.);
#6732 = ORIENTED_EDGE('',*,*,#6253,.F.);
#6733 = ORIENTED_EDGE('',*,*,#6444,.T.);
#6734 = ORIENTED_EDGE('',*,*,#6735,.T.);
#6735 = EDGE_CURVE('',#6445,#6662,#6736,.T.);
#6736 = SURFACE_CURVE('',#6737,(#6741,#6747),.PCURVE_S1.);
#6737 = LINE('',#6738,#6739);
#6738 = CARTESIAN_POINT('',(-112.4899959967,-12.,99.5));
#6739 = VECTOR('',#6740,1.);
#6740 = DIRECTION('',(0.,1.,0.));
#6741 = PCURVE('',#6267,#6742);
#6742 = DEFINITIONAL_REPRESENTATION('',(#6743),#6746);
#6743 = B_SPLINE_CURVE_WITH_KNOTS('',1,(#6744,#6745),.UNSPECIFIED.,.F.,
  .F.,(2,2),(-5.999999999062E-07,24.0000006),.PIECEWISE_BEZIER_KNOTS.);
#6744 = CARTESIAN_POINT('',(12.510004003203,-5.999999999062E-07));
#6745 = CARTESIAN_POINT('',(12.510004003203,24.0000006));
#6746 = ( GEOMETRIC_REPRESENTATION_CONTEXT(2) 
PARAMETRIC_REPRESENTATION_CONTEXT() REPRESENTATION_CONTEXT('2D SPACE',''
  ) );
#6747 = PCURVE('',#6484,#6748);
#6748 = DEFINITIONAL_REPRESENTATION('',(#6749),#6752);
#6749 = B_SPLINE_CURVE_WITH_KNOTS('',1,(#6750,#6751),.UNSPECIFIED.,.F.,
  .F.,(2,2),(-5.999999999062E-07,24.0000006),.PIECEWISE_BEZIER_KNOTS.);
#6750 = CARTESIAN_POINT('',(4.672378306031,-5.999999999062E-07));
#6751 = CARTESIAN_POINT('',(4.672378306031,24.0000006));
#6752 = ( GEOMETRIC_REPRESENTATION_CONTEXT(2) 
PARAMETRIC_REPRESENTATION_CONTEXT() REPRESENTATION_CONTEXT('2D SPACE',''
  ) );
#6753 = FACE_BOUND('',#6754,.T.);
#6754 = EDGE_LOOP('',(#6755));
#6755 = ORIENTED_EDGE('',*,*,#6756,.F.);
#6756 = EDGE_CURVE('',#6757,#6757,#6759,.T.);
#6757 = VERTEX_POINT('',#6758);
#6758 = CARTESIAN_POINT('',(-116.,-9.797174393179E-16,99.5));
#6759 = SURFACE_CURVE('',#6760,(#6765,#6772),.PCURVE_S1.);
#6760 = CIRCLE('',#6761,4.);
#6761 = AXIS2_PLACEMENT_3D('',#6762,#6763,#6764);
#6762 = CARTESIAN_POINT('',(-120.,0.,99.5));
#6763 = DIRECTION('',(0.,0.,1.));
#6764 = DIRECTION('',(1.,0.,-0.));
#6765 = PCURVE('',#6267,#6766);
#6766 = DEFINITIONAL_REPRESENTATION('',(#6767),#6771);
#6767 = CIRCLE('',#6768,4.);
#6768 = AXIS2_PLACEMENT_2D('',#6769,#6770);
#6769 = CARTESIAN_POINT('',(5.,12.));
#6770 = DIRECTION('',(1.,0.));
#6771 = ( GEOMETRIC_REPRESENTATION_CONTEXT(2) 
PARAMETRIC_REPRESENTATION_CONTEXT() REPRESENTATION_CONTEXT('2D SPACE',''
  ) );
#6772 = PCURVE('',#6590,#6773);
#6773 = DEFINITIONAL_REPRESENTATION('',(#6774),#6778);
#6774 = LINE('',#6775,#6776);
#6775 = CARTESIAN_POINT('',(0.,19.5));
#6776 = VECTOR('',#6777,1.);
#6777 = DIRECTION('',(1.,0.));
#6778 = ( GEOMETRIC_REPRESENTATION_CONTEXT(2) 
PARAMETRIC_REPRESENTATION_CONTEXT() REPRESENTATION_CONTEXT('2D SPACE',''
  ) );
#6779 = ADVANCED_FACE('',(#6780),#6298,.T.);
#6780 = FACE_BOUND('',#6781,.T.);
#6781 = EDGE_LOOP('',(#6782,#6805,#6831,#6852));
#6782 = ORIENTED_EDGE('',*,*,#6783,.F.);
#6783 = EDGE_CURVE('',#6784,#6282,#6786,.T.);
#6784 = VERTEX_POINT('',#6785);
#6785 = CARTESIAN_POINT('',(-125.2917960675,6.,85.));
#6786 = SURFACE_CURVE('',#6787,(#6791,#6798),.PCURVE_S1.);
#6787 = LINE('',#6788,#6789);
#6788 = CARTESIAN_POINT('',(-128.,6.,85.));
#6789 = VECTOR('',#6790,1.);
#6790 = DIRECTION('',(1.,0.,0.));
#6791 = PCURVE('',#6298,#6792);
#6792 = DEFINITIONAL_REPRESENTATION('',(#6793),#6797);
#6793 = LINE('',#6794,#6795);
#6794 = CARTESIAN_POINT('',(0.,0.));
#6795 = VECTOR('',#6796,1.);
#6796 = DIRECTION('',(0.,1.));
#6797 = ( GEOMETRIC_REPRESENTATION_CONTEXT(2) 
PARAMETRIC_REPRESENTATION_CONTEXT() REPRESENTATION_CONTEXT('2D SPACE',''
  ) );
#6798 = PCURVE('',#6325,#6799);
#6799 = DEFINITIONAL_REPRESENTATION('',(#6800),#6804);
#6800 = LINE('',#6801,#6802);
#6801 = CARTESIAN_POINT('',(4.,6.));
#6802 = VECTOR('',#6803,1.);
#6803 = DIRECTION('',(1.,0.));
#6804 = ( GEOMETRIC_REPRESENTATION_CONTEXT(2) 
PARAMETRIC_REPRESENTATION_CONTEXT() REPRESENTATION_CONTEXT('2D SPACE',''
  ) );
#6805 = ORIENTED_EDGE('',*,*,#6806,.T.);
#6806 = EDGE_CURVE('',#6784,#6807,#6809,.T.);
#6807 = VERTEX_POINT('',#6808);
#6808 = CARTESIAN_POINT('',(-125.2917960675,6.,91.));
#6809 = SURFACE_CURVE('',#6810,(#6814,#6820),.PCURVE_S1.);
#6810 = LINE('',#6811,#6812);
#6811 = CARTESIAN_POINT('',(-125.2917960675,6.,85.));
#6812 = VECTOR('',#6813,1.);
#6813 = DIRECTION('',(0.,0.,1.));
#6814 = PCURVE('',#6298,#6815);
#6815 = DEFINITIONAL_REPRESENTATION('',(#6816),#6819);
#6816 = B_SPLINE_CURVE_WITH_KNOTS('',1,(#6817,#6818),.UNSPECIFIED.,.F.,
  .F.,(2,2),(-6.000000070117E-07,6.0000006),.PIECEWISE_BEZIER_KNOTS.);
#6817 = CARTESIAN_POINT('',(-6.000000070117E-07,2.708203932499));
#6818 = CARTESIAN_POINT('',(6.0000006,2.708203932499));
#6819 = ( GEOMETRIC_REPRESENTATION_CONTEXT(2) 
PARAMETRIC_REPRESENTATION_CONTEXT() REPRESENTATION_CONTEXT('2D SPACE',''
  ) );
#6820 = PCURVE('',#6821,#6826);
#6821 = CYLINDRICAL_SURFACE('',#6822,9.);
#6822 = AXIS2_PLACEMENT_3D('',#6823,#6824,#6825);
#6823 = CARTESIAN_POINT('',(-132.,0.,85.));
#6824 = DIRECTION('',(0.,0.,1.));
#6825 = DIRECTION('',(1.,0.,-0.));
#6826 = DEFINITIONAL_REPRESENTATION('',(#6827),#6830);
#6827 = B_SPLINE_CURVE_WITH_KNOTS('',1,(#6828,#6829),.UNSPECIFIED.,.F.,
  .F.,(2,2),(-6.000000070117E-07,6.0000006),.PIECEWISE_BEZIER_KNOTS.);
#6828 = CARTESIAN_POINT('',(0.729727656227,-6.000000070117E-07));
#6829 = CARTESIAN_POINT('',(0.729727656227,6.0000006));
#6830 = ( GEOMETRIC_REPRESENTATION_CONTEXT(2) 
PARAMETRIC_REPRESENTATION_CONTEXT() REPRESENTATION_CONTEXT('2D SPACE',''
  ) );
#6831 = ORIENTED_EDGE('',*,*,#6832,.T.);
#6832 = EDGE_CURVE('',#6807,#6284,#6833,.T.);
#6833 = SURFACE_CURVE('',#6834,(#6838,#6845),.PCURVE_S1.);
#6834 = LINE('',#6835,#6836);
#6835 = CARTESIAN_POINT('',(-128.,6.,91.));
#6836 = VECTOR('',#6837,1.);
#6837 = DIRECTION('',(1.,0.,0.));
#6838 = PCURVE('',#6298,#6839);
#6839 = DEFINITIONAL_REPRESENTATION('',(#6840),#6844);
#6840 = LINE('',#6841,#6842);
#6841 = CARTESIAN_POINT('',(6.,0.));
#6842 = VECTOR('',#6843,1.);
#6843 = DIRECTION('',(0.,1.));
#6844 = ( GEOMETRIC_REPRESENTATION_CONTEXT(2) 
PARAMETRIC_REPRESENTATION_CONTEXT() REPRESENTATION_CONTEXT('2D SPACE',''
  ) );
#6845 = PCURVE('',#6377,#6846);
#6846 = DEFINITIONAL_REPRESENTATION('',(#6847),#6851);
#6847 = LINE('',#6848,#6849);
#6848 = CARTESIAN_POINT('',(0.,12.));
#6849 = VECTOR('',#6850,1.);
#6850 = DIRECTION('',(1.,0.));
#6851 = ( GEOMETRIC_REPRESENTATION_CONTEXT(2) 
PARAMETRIC_REPRESENTATION_CONTEXT() REPRESENTATION_CONTEXT('2D SPACE',''
  ) );
#6852 = ORIENTED_EDGE('',*,*,#6281,.F.);
#6853 = ADVANCED_FACE('',(#6854,#6903),#6325,.F.);
#6854 = FACE_BOUND('',#6855,.F.);
#6855 = EDGE_LOOP('',(#6856,#6857,#6881,#6902));
#6856 = ORIENTED_EDGE('',*,*,#6783,.F.);
#6857 = ORIENTED_EDGE('',*,*,#6858,.T.);
#6858 = EDGE_CURVE('',#6784,#6859,#6861,.T.);
#6859 = VERTEX_POINT('',#6860);
#6860 = CARTESIAN_POINT('',(-125.2917960675,-6.,85.));
#6861 = SURFACE_CURVE('',#6862,(#6867,#6874),.PCURVE_S1.);
#6862 = CIRCLE('',#6863,9.);
#6863 = AXIS2_PLACEMENT_3D('',#6864,#6865,#6866);
#6864 = CARTESIAN_POINT('',(-132.,0.,85.));
#6865 = DIRECTION('',(0.,0.,1.));
#6866 = DIRECTION('',(1.,0.,-0.));
#6867 = PCURVE('',#6325,#6868);
#6868 = DEFINITIONAL_REPRESENTATION('',(#6869),#6873);
#6869 = CIRCLE('',#6870,9.);
#6870 = AXIS2_PLACEMENT_2D('',#6871,#6872);
#6871 = CARTESIAN_POINT('',(0.,0.));
#6872 = DIRECTION('',(1.,0.));
#6873 = ( GEOMETRIC_REPRESENTATION_CONTEXT(2) 
PARAMETRIC_REPRESENTATION_CONTEXT() REPRESENTATION_CONTEXT('2D SPACE',''
  ) );
#6874 = PCURVE('',#6821,#6875);
#6875 = DEFINITIONAL_REPRESENTATION('',(#6876),#6880);
#6876 = LINE('',#6877,#6878);
#6877 = CARTESIAN_POINT('',(0.,0.));
#6878 = VECTOR('',#6879,1.);
#6879 = DIRECTION('',(1.,0.));
#6880 = ( GEOMETRIC_REPRESENTATION_CONTEXT(2) 
PARAMETRIC_REPRESENTATION_CONTEXT() REPRESENTATION_CONTEXT('2D SPACE',''
  ) );
#6881 = ORIENTED_EDGE('',*,*,#6882,.T.);
#6882 = EDGE_CURVE('',#6859,#6310,#6883,.T.);
#6883 = SURFACE_CURVE('',#6884,(#6888,#6895),.PCURVE_S1.);
#6884 = LINE('',#6885,#6886);
#6885 = CARTESIAN_POINT('',(-128.,-6.,85.));
#6886 = VECTOR('',#6887,1.);
#6887 = DIRECTION('',(1.,0.,0.));
#6888 = PCURVE('',#6325,#6889);
#6889 = DEFINITIONAL_REPRESENTATION('',(#6890),#6894);
#6890 = LINE('',#6891,#6892);
#6891 = CARTESIAN_POINT('',(4.,-6.));
#6892 = VECTOR('',#6893,1.);
#6893 = DIRECTION('',(1.,0.));
#6894 = ( GEOMETRIC_REPRESENTATION_CONTEXT(2) 
PARAMETRIC_REPRESENTATION_CONTEXT() REPRESENTATION_CONTEXT('2D SPACE',''
  ) );
#6895 = PCURVE('',#6352,#6896);
#6896 = DEFINITIONAL_REPRESENTATION('',(#6897),#6901);
#6897 = LINE('',#6898,#6899);
#6898 = CARTESIAN_POINT('',(0.,0.));
#6899 = VECTOR('',#6900,1.);
#6900 = DIRECTION('',(0.,1.));
#6901 = ( GEOMETRIC_REPRESENTATION_CONTEXT(2) 
PARAMETRIC_REPRESENTATION_CONTEXT() REPRESENTATION_CONTEXT('2D SPACE',''
  ) );
#6902 = ORIENTED_EDGE('',*,*,#6309,.T.);
#6903 = FACE_BOUND('',#6904,.F.);
#6904 = EDGE_LOOP('',(#6905));
#6905 = ORIENTED_EDGE('',*,*,#6906,.F.);
#6906 = EDGE_CURVE('',#6907,#6907,#6909,.T.);
#6907 = VERTEX_POINT('',#6908);
#6908 = CARTESIAN_POINT('',(-128.,-9.797174393179E-16,85.));
#6909 = SURFACE_CURVE('',#6910,(#6915,#6922),.PCURVE_S1.);
#6910 = CIRCLE('',#6911,4.);
#6911 = AXIS2_PLACEMENT_3D('',#6912,#6913,#6914);
#6912 = CARTESIAN_POINT('',(-132.,0.,85.));
#6913 = DIRECTION('',(0.,0.,1.));
#6914 = DIRECTION('',(1.,0.,-0.));
#6915 = PCURVE('',#6325,#6916);
#6916 = DEFINITIONAL_REPRESENTATION('',(#6917),#6921);
#6917 = CIRCLE('',#6918,4.);
#6918 = AXIS2_PLACEMENT_2D('',#6919,#6920);
#6919 = CARTESIAN_POINT('',(0.,0.));
#6920 = DIRECTION('',(1.,0.));
#6921 = ( GEOMETRIC_REPRESENTATION_CONTEXT(2) 
PARAMETRIC_REPRESENTATION_CONTEXT() REPRESENTATION_CONTEXT('2D SPACE',''
  ) );
#6922 = PCURVE('',#6923,#6928);
#6923 = CYLINDRICAL_SURFACE('',#6924,4.);
#6924 = AXIS2_PLACEMENT_3D('',#6925,#6926,#6927);
#6925 = CARTESIAN_POINT('',(-132.,0.,85.));
#6926 = DIRECTION('',(0.,0.,1.));
#6927 = DIRECTION('',(1.,0.,-0.));
#6928 = DEFINITIONAL_REPRESENTATION('',(#6929),#6933);
#6929 = LINE('',#6930,#6931);
#6930 = CARTESIAN_POINT('',(0.,0.));
#6931 = VECTOR('',#6932,1.);
#6932 = DIRECTION('',(1.,0.));
#6933 = ( GEOMETRIC_REPRESENTATION_CONTEXT(2) 
PARAMETRIC_REPRESENTATION_CONTEXT() REPRESENTATION_CONTEXT('2D SPACE',''
  ) );
#6934 = ADVANCED_FACE('',(#6935),#6352,.F.);
#6935 = FACE_BOUND('',#6936,.F.);
#6936 = EDGE_LOOP('',(#6937,#6938,#6959,#6980));
#6937 = ORIENTED_EDGE('',*,*,#6882,.F.);
#6938 = ORIENTED_EDGE('',*,*,#6939,.T.);
#6939 = EDGE_CURVE('',#6859,#6940,#6942,.T.);
#6940 = VERTEX_POINT('',#6941);
#6941 = CARTESIAN_POINT('',(-125.2917960675,-6.,91.));
#6942 = SURFACE_CURVE('',#6943,(#6947,#6953),.PCURVE_S1.);
#6943 = LINE('',#6944,#6945);
#6944 = CARTESIAN_POINT('',(-125.2917960675,-6.,85.));
#6945 = VECTOR('',#6946,1.);
#6946 = DIRECTION('',(0.,0.,1.));
#6947 = PCURVE('',#6352,#6948);
#6948 = DEFINITIONAL_REPRESENTATION('',(#6949),#6952);
#6949 = B_SPLINE_CURVE_WITH_KNOTS('',1,(#6950,#6951),.UNSPECIFIED.,.F.,
  .F.,(2,2),(-6.000000070117E-07,6.0000006),.PIECEWISE_BEZIER_KNOTS.);
#6950 = CARTESIAN_POINT('',(-6.000000070117E-07,2.708203932499));
#6951 = CARTESIAN_POINT('',(6.0000006,2.708203932499));
#6952 = ( GEOMETRIC_REPRESENTATION_CONTEXT(2) 
PARAMETRIC_REPRESENTATION_CONTEXT() REPRESENTATION_CONTEXT('2D SPACE',''
  ) );
#6953 = PCURVE('',#6821,#6954);
#6954 = DEFINITIONAL_REPRESENTATION('',(#6955),#6958);
#6955 = B_SPLINE_CURVE_WITH_KNOTS('',1,(#6956,#6957),.UNSPECIFIED.,.F.,
  .F.,(2,2),(-6.000000070117E-07,6.0000006),.PIECEWISE_BEZIER_KNOTS.);
#6956 = CARTESIAN_POINT('',(5.553457650953,-6.000000070117E-07));
#6957 = CARTESIAN_POINT('',(5.553457650953,6.0000006));
#6958 = ( GEOMETRIC_REPRESENTATION_CONTEXT(2) 
PARAMETRIC_REPRESENTATION_CONTEXT() REPRESENTATION_CONTEXT('2D SPACE',''
  ) );
#6959 = ORIENTED_EDGE('',*,*,#6960,.T.);
#6960 = EDGE_CURVE('',#6940,#6338,#6961,.T.);
#6961 = SURFACE_CURVE('',#6962,(#6966,#6973),.PCURVE_S1.);
#6962 = LINE('',#6963,#6964);
#6963 = CARTESIAN_POINT('',(-128.,-6.,91.));
#6964 = VECTOR('',#6965,1.);
#6965 = DIRECTION('',(1.,0.,0.));
#6966 = PCURVE('',#6352,#6967);
#6967 = DEFINITIONAL_REPRESENTATION('',(#6968),#6972);
#6968 = LINE('',#6969,#6970);
#6969 = CARTESIAN_POINT('',(6.,0.));
#6970 = VECTOR('',#6971,1.);
#6971 = DIRECTION('',(0.,1.));
#6972 = ( GEOMETRIC_REPRESENTATION_CONTEXT(2) 
PARAMETRIC_REPRESENTATION_CONTEXT() REPRESENTATION_CONTEXT('2D SPACE',''
  ) );
#6973 = PCURVE('',#6377,#6974);
#6974 = DEFINITIONAL_REPRESENTATION('',(#6975),#6979);
#6975 = LINE('',#6976,#6977);
#6976 = CARTESIAN_POINT('',(0.,0.));
#6977 = VECTOR('',#6978,1.);
#6978 = DIRECTION('',(1.,0.));
#6979 = ( GEOMETRIC_REPRESENTATION_CONTEXT(2) 
PARAMETRIC_REPRESENTATION_CONTEXT() REPRESENTATION_CONTEXT('2D SPACE',''
  ) );
#6980 = ORIENTED_EDGE('',*,*,#6337,.F.);
#6981 = ADVANCED_FACE('',(#6982,#7009),#6377,.T.);
#6982 = FACE_BOUND('',#6983,.T.);
#6983 = EDGE_LOOP('',(#6984,#6985,#7007,#7008));
#6984 = ORIENTED_EDGE('',*,*,#6832,.F.);
#6985 = ORIENTED_EDGE('',*,*,#6986,.T.);
#6986 = EDGE_CURVE('',#6807,#6940,#6987,.T.);
#6987 = SURFACE_CURVE('',#6988,(#6993,#7000),.PCURVE_S1.);
#6988 = CIRCLE('',#6989,9.);
#6989 = AXIS2_PLACEMENT_3D('',#6990,#6991,#6992);
#6990 = CARTESIAN_POINT('',(-132.,0.,91.));
#6991 = DIRECTION('',(0.,0.,1.));
#6992 = DIRECTION('',(1.,0.,-0.));
#6993 = PCURVE('',#6377,#6994);
#6994 = DEFINITIONAL_REPRESENTATION('',(#6995),#6999);
#6995 = CIRCLE('',#6996,9.);
#6996 = AXIS2_PLACEMENT_2D('',#6997,#6998);
#6997 = CARTESIAN_POINT('',(-4.,6.));
#6998 = DIRECTION('',(1.,0.));
#6999 = ( GEOMETRIC_REPRESENTATION_CONTEXT(2) 
PARAMETRIC_REPRESENTATION_CONTEXT() REPRESENTATION_CONTEXT('2D SPACE',''
  ) );
#7000 = PCURVE('',#6821,#7001);
#7001 = DEFINITIONAL_REPRESENTATION('',(#7002),#7006);
#7002 = LINE('',#7003,#7004);
#7003 = CARTESIAN_POINT('',(0.,6.));
#7004 = VECTOR('',#7005,1.);
#7005 = DIRECTION('',(1.,0.));
#7006 = ( GEOMETRIC_REPRESENTATION_CONTEXT(2) 
PARAMETRIC_REPRESENTATION_CONTEXT() REPRESENTATION_CONTEXT('2D SPACE',''
  ) );
#7007 = ORIENTED_EDGE('',*,*,#6960,.T.);
#7008 = ORIENTED_EDGE('',*,*,#6363,.F.);
#7009 = FACE_BOUND('',#7010,.T.);
#7010 = EDGE_LOOP('',(#7011));
#7011 = ORIENTED_EDGE('',*,*,#7012,.F.);
#7012 = EDGE_CURVE('',#7013,#7013,#7015,.T.);
#7013 = VERTEX_POINT('',#7014);
#7014 = CARTESIAN_POINT('',(-128.,-9.797174393179E-16,91.));
#7015 = SURFACE_CURVE('',#7016,(#7021,#7028),.PCURVE_S1.);
#7016 = CIRCLE('',#7017,4.);
#7017 = AXIS2_PLACEMENT_3D('',#7018,#7019,#7020);
#7018 = CARTESIAN_POINT('',(-132.,0.,91.));
#7019 = DIRECTION('',(0.,0.,1.));
#7020 = DIRECTION('',(1.,0.,-0.));
#7021 = PCURVE('',#6377,#7022);
#7022 = DEFINITIONAL_REPRESENTATION('',(#7023),#7027);
#7023 = CIRCLE('',#7024,4.);
#7024 = AXIS2_PLACEMENT_2D('',#7025,#7026);
#7025 = CARTESIAN_POINT('',(-4.,6.));
#7026 = DIRECTION('',(1.,0.));
#7027 = ( GEOMETRIC_REPRESENTATION_CONTEXT(2) 
PARAMETRIC_REPRESENTATION_CONTEXT() REPRESENTATION_CONTEXT('2D SPACE',''
  ) );
#7028 = PCURVE('',#6923,#7029);
#7029 = DEFINITIONAL_REPRESENTATION('',(#7030),#7034);
#7030 = LINE('',#7031,#7032);
#7031 = CARTESIAN_POINT('',(0.,6.));
#7032 = VECTOR('',#7033,1.);
#7033 = DIRECTION('',(1.,0.));
#7034 = ( GEOMETRIC_REPRESENTATION_CONTEXT(2) 
PARAMETRIC_REPRESENTATION_CONTEXT() REPRESENTATION_CONTEXT('2D SPACE',''
  ) );
#7035 = ADVANCED_FACE('',(#7036),#6410,.T.);
#7036 = FACE_BOUND('',#7037,.T.);
#7037 = EDGE_LOOP('',(#7038,#7061,#7062,#7063,#7064,#7087,#7113,#7139));
#7038 = ORIENTED_EDGE('',*,*,#7039,.F.);
#7039 = EDGE_CURVE('',#6395,#7040,#7042,.T.);
#7040 = VERTEX_POINT('',#7041);
#7041 = CARTESIAN_POINT('',(-75.,-9.,99.5));
#7042 = SURFACE_CURVE('',#7043,(#7047,#7054),.PCURVE_S1.);
#7043 = LINE('',#7044,#7045);
#7044 = CARTESIAN_POINT('',(-75.,-12.,99.5));
#7045 = VECTOR('',#7046,1.);
#7046 = DIRECTION('',(0.,1.,0.));
#7047 = PCURVE('',#6410,#7048);
#7048 = DEFINITIONAL_REPRESENTATION('',(#7049),#7053);
#7049 = LINE('',#7050,#7051);
#7050 = CARTESIAN_POINT('',(19.5,0.));
#7051 = VECTOR('',#7052,1.);
#7052 = DIRECTION('',(0.,-1.));
#7053 = ( GEOMETRIC_REPRESENTATION_CONTEXT(2) 
PARAMETRIC_REPRESENTATION_CONTEXT() REPRESENTATION_CONTEXT('2D SPACE',''
  ) );
#7054 = PCURVE('',#6510,#7055);
#7055 = DEFINITIONAL_REPRESENTATION('',(#7056),#7060);
#7056 = LINE('',#7057,#7058);
#7057 = CARTESIAN_POINT('',(50.,0.));
#7058 = VECTOR('',#7059,1.);
#7059 = DIRECTION('',(0.,1.));
#7060 = ( GEOMETRIC_REPRESENTATION_CONTEXT(2) 
PARAMETRIC_REPRESENTATION_CONTEXT() REPRESENTATION_CONTEXT('2D SPACE',''
  ) );
#7061 = ORIENTED_EDGE('',*,*,#6392,.F.);
#7062 = ORIENTED_EDGE('',*,*,#6527,.T.);
#7063 = ORIENTED_EDGE('',*,*,#6636,.T.);
#7064 = ORIENTED_EDGE('',*,*,#7065,.F.);
#7065 = EDGE_CURVE('',#7066,#6637,#7068,.T.);
#7066 = VERTEX_POINT('',#7067);
#7067 = CARTESIAN_POINT('',(-75.,9.,99.5));
#7068 = SURFACE_CURVE('',#7069,(#7073,#7080),.PCURVE_S1.);
#7069 = LINE('',#7070,#7071);
#7070 = CARTESIAN_POINT('',(-75.,-12.,99.5));
#7071 = VECTOR('',#7072,1.);
#7072 = DIRECTION('',(0.,1.,0.));
#7073 = PCURVE('',#6410,#7074);
#7074 = DEFINITIONAL_REPRESENTATION('',(#7075),#7079);
#7075 = LINE('',#7076,#7077);
#7076 = CARTESIAN_POINT('',(19.5,0.));
#7077 = VECTOR('',#7078,1.);
#7078 = DIRECTION('',(0.,-1.));
#7079 = ( GEOMETRIC_REPRESENTATION_CONTEXT(2) 
PARAMETRIC_REPRESENTATION_CONTEXT() REPRESENTATION_CONTEXT('2D SPACE',''
  ) );
#7080 = PCURVE('',#6510,#7081);
#7081 = DEFINITIONAL_REPRESENTATION('',(#7082),#7086);
#7082 = LINE('',#7083,#7084);
#7083 = CARTESIAN_POINT('',(50.,0.));
#7084 = VECTOR('',#7085,1.);
#7085 = DIRECTION('',(0.,1.));
#7086 = ( GEOMETRIC_REPRESENTATION_CONTEXT(2) 
PARAMETRIC_REPRESENTATION_CONTEXT() REPRESENTATION_CONTEXT('2D SPACE',''
  ) );
#7087 = ORIENTED_EDGE('',*,*,#7088,.F.);
#7088 = EDGE_CURVE('',#7089,#7066,#7091,.T.);
#7089 = VERTEX_POINT('',#7090);
#7090 = CARTESIAN_POINT('',(-75.,9.,90.));
#7091 = SURFACE_CURVE('',#7092,(#7096,#7102),.PCURVE_S1.);
#7092 = LINE('',#7093,#7094);
#7093 = CARTESIAN_POINT('',(-75.,9.,85.));
#7094 = VECTOR('',#7095,1.);
#7095 = DIRECTION('',(0.,0.,1.));
#7096 = PCURVE('',#6410,#7097);
#7097 = DEFINITIONAL_REPRESENTATION('',(#7098),#7101);
#7098 = B_SPLINE_CURVE_WITH_KNOTS('',1,(#7099,#7100),.UNSPECIFIED.,.F.,
  .F.,(2,2),(5.,14.5),.PIECEWISE_BEZIER_KNOTS.);
#7099 = CARTESIAN_POINT('',(10.,-21.));
#7100 = CARTESIAN_POINT('',(19.5,-21.));
#7101 = ( GEOMETRIC_REPRESENTATION_CONTEXT(2) 
PARAMETRIC_REPRESENTATION_CONTEXT() REPRESENTATION_CONTEXT('2D SPACE',''
  ) );
#7102 = PCURVE('',#7103,#7108);
#7103 = PLANE('',#7104);
#7104 = AXIS2_PLACEMENT_3D('',#7105,#7106,#7107);
#7105 = CARTESIAN_POINT('',(-80.5,9.,90.));
#7106 = DIRECTION('',(0.,1.,0.));
#7107 = DIRECTION('',(0.,0.,1.));
#7108 = DEFINITIONAL_REPRESENTATION('',(#7109),#7112);
#7109 = B_SPLINE_CURVE_WITH_KNOTS('',1,(#7110,#7111),.UNSPECIFIED.,.F.,
  .F.,(2,2),(5.,14.5),.PIECEWISE_BEZIER_KNOTS.);
#7110 = CARTESIAN_POINT('',(0.,5.5));
#7111 = CARTESIAN_POINT('',(9.5,5.5));
#7112 = ( GEOMETRIC_REPRESENTATION_CONTEXT(2) 
PARAMETRIC_REPRESENTATION_CONTEXT() REPRESENTATION_CONTEXT('2D SPACE',''
  ) );
#7113 = ORIENTED_EDGE('',*,*,#7114,.T.);
#7114 = EDGE_CURVE('',#7089,#7115,#7117,.T.);
#7115 = VERTEX_POINT('',#7116);
#7116 = CARTESIAN_POINT('',(-75.,-9.,90.));
#7117 = SURFACE_CURVE('',#7118,(#7122,#7128),.PCURVE_S1.);
#7118 = LINE('',#7119,#7120);
#7119 = CARTESIAN_POINT('',(-75.,-10.5,90.));
#7120 = VECTOR('',#7121,1.);
#7121 = DIRECTION('',(0.,-1.,0.));
#7122 = PCURVE('',#6410,#7123);
#7123 = DEFINITIONAL_REPRESENTATION('',(#7124),#7127);
#7124 = B_SPLINE_CURVE_WITH_KNOTS('',1,(#7125,#7126),.UNSPECIFIED.,.F.,
  .F.,(2,2),(-19.5,-1.5),.PIECEWISE_BEZIER_KNOTS.);
#7125 = CARTESIAN_POINT('',(10.,-21.));
#7126 = CARTESIAN_POINT('',(10.,-3.));
#7127 = ( GEOMETRIC_REPRESENTATION_CONTEXT(2) 
PARAMETRIC_REPRESENTATION_CONTEXT() REPRESENTATION_CONTEXT('2D SPACE',''
  ) );
#7128 = PCURVE('',#7129,#7134);
#7129 = PLANE('',#7130);
#7130 = AXIS2_PLACEMENT_3D('',#7131,#7132,#7133);
#7131 = CARTESIAN_POINT('',(-80.5,-9.,90.));
#7132 = DIRECTION('',(0.,0.,1.));
#7133 = DIRECTION('',(1.,0.,0.));
#7134 = DEFINITIONAL_REPRESENTATION('',(#7135),#7138);
#7135 = B_SPLINE_CURVE_WITH_KNOTS('',1,(#7136,#7137),.UNSPECIFIED.,.F.,
  .F.,(2,2),(-19.5,-1.5),.PIECEWISE_BEZIER_KNOTS.);
#7136 = CARTESIAN_POINT('',(5.5,18.));
#7137 = CARTESIAN_POINT('',(5.5,0.));
#7138 = ( GEOMETRIC_REPRESENTATION_CONTEXT(2) 
PARAMETRIC_REPRESENTATION_CONTEXT() REPRESENTATION_CONTEXT('2D SPACE',''
  ) );
#7139 = ORIENTED_EDGE('',*,*,#7140,.T.);
#7140 = EDGE_CURVE('',#7115,#7040,#7141,.T.);
#7141 = SURFACE_CURVE('',#7142,(#7146,#7152),.PCURVE_S1.);
#7142 = LINE('',#7143,#7144);
#7143 = CARTESIAN_POINT('',(-75.,-9.,85.));
#7144 = VECTOR('',#7145,1.);
#7145 = DIRECTION('',(0.,0.,1.));
#7146 = PCURVE('',#6410,#7147);
#7147 = DEFINITIONAL_REPRESENTATION('',(#7148),#7151);
#7148 = B_SPLINE_CURVE_WITH_KNOTS('',1,(#7149,#7150),.UNSPECIFIED.,.F.,
  .F.,(2,2),(5.,14.5),.PIECEWISE_BEZIER_KNOTS.);
#7149 = CARTESIAN_POINT('',(10.,-3.));
#7150 = CARTESIAN_POINT('',(19.5,-3.));
#7151 = ( GEOMETRIC_REPRESENTATION_CONTEXT(2) 
PARAMETRIC_REPRESENTATION_CONTEXT() REPRESENTATION_CONTEXT('2D SPACE',''
  ) );
#7152 = PCURVE('',#7153,#7158);
#7153 = PLANE('',#7154);
#7154 = AXIS2_PLACEMENT_3D('',#7155,#7156,#7157);
#7155 = CARTESIAN_POINT('',(-80.5,-9.,90.));
#7156 = DIRECTION('',(0.,1.,0.));
#7157 = DIRECTION('',(0.,0.,1.));
#7158 = DEFINITIONAL_REPRESENTATION('',(#7159),#7162);
#7159 = B_SPLINE_CURVE_WITH_KNOTS('',1,(#7160,#7161),.UNSPECIFIED.,.F.,
  .F.,(2,2),(5.,14.5),.PIECEWISE_BEZIER_KNOTS.);
#7160 = CARTESIAN_POINT('',(0.,5.5));
#7161 = CARTESIAN_POINT('',(9.5,5.5));
#7162 = ( GEOMETRIC_REPRESENTATION_CONTEXT(2) 
PARAMETRIC_REPRESENTATION_CONTEXT() REPRESENTATION_CONTEXT('2D SPACE',''
  ) );
#7163 = ADVANCED_FACE('',(#7164),#6510,.T.);
#7164 = FACE_BOUND('',#7165,.T.);
#7165 = EDGE_LOOP('',(#7166,#7167,#7186,#7187,#7188,#7209,#7235,#7259,
    #7285,#7304));
#7166 = ORIENTED_EDGE('',*,*,#6708,.F.);
#7167 = ORIENTED_EDGE('',*,*,#7168,.F.);
#7168 = EDGE_CURVE('',#6468,#6685,#7169,.T.);
#7169 = SURFACE_CURVE('',#7170,(#7174,#7180),.PCURVE_S1.);
#7170 = LINE('',#7171,#7172);
#7171 = CARTESIAN_POINT('',(-87.5100040032,-12.,99.5));
#7172 = VECTOR('',#7173,1.);
#7173 = DIRECTION('',(0.,1.,0.));
#7174 = PCURVE('',#6510,#7175);
#7175 = DEFINITIONAL_REPRESENTATION('',(#7176),#7179);
#7176 = B_SPLINE_CURVE_WITH_KNOTS('',1,(#7177,#7178),.UNSPECIFIED.,.F.,
  .F.,(2,2),(-5.999999999062E-07,24.0000006),.PIECEWISE_BEZIER_KNOTS.);
#7177 = CARTESIAN_POINT('',(37.489995996797,-5.999999999062E-07));
#7178 = CARTESIAN_POINT('',(37.489995996797,24.0000006));
#7179 = ( GEOMETRIC_REPRESENTATION_CONTEXT(2) 
PARAMETRIC_REPRESENTATION_CONTEXT() REPRESENTATION_CONTEXT('2D SPACE',''
  ) );
#7180 = PCURVE('',#6484,#7181);
#7181 = DEFINITIONAL_REPRESENTATION('',(#7182),#7185);
#7182 = B_SPLINE_CURVE_WITH_KNOTS('',1,(#7183,#7184),.UNSPECIFIED.,.F.,
  .F.,(2,2),(-5.999999999062E-07,24.0000006),.PIECEWISE_BEZIER_KNOTS.);
#7183 = CARTESIAN_POINT('',(1.610807001149,-5.999999999062E-07));
#7184 = CARTESIAN_POINT('',(1.610807001149,24.0000006));
#7185 = ( GEOMETRIC_REPRESENTATION_CONTEXT(2) 
PARAMETRIC_REPRESENTATION_CONTEXT() REPRESENTATION_CONTEXT('2D SPACE',''
  ) );
#7186 = ORIENTED_EDGE('',*,*,#6496,.T.);
#7187 = ORIENTED_EDGE('',*,*,#7039,.T.);
#7188 = ORIENTED_EDGE('',*,*,#7189,.T.);
#7189 = EDGE_CURVE('',#7040,#7190,#7192,.T.);
#7190 = VERTEX_POINT('',#7191);
#7191 = CARTESIAN_POINT('',(-80.5,-9.,99.5));
#7192 = SURFACE_CURVE('',#7193,(#7197,#7203),.PCURVE_S1.);
#7193 = LINE('',#7194,#7195);
#7194 = CARTESIAN_POINT('',(-102.75,-9.,99.5));
#7195 = VECTOR('',#7196,1.);
#7196 = DIRECTION('',(-1.,0.,0.));
#7197 = PCURVE('',#6510,#7198);
#7198 = DEFINITIONAL_REPRESENTATION('',(#7199),#7202);
#7199 = B_SPLINE_CURVE_WITH_KNOTS('',1,(#7200,#7201),.UNSPECIFIED.,.F.,
  .F.,(2,2),(-27.75,-22.25),.PIECEWISE_BEZIER_KNOTS.);
#7200 = CARTESIAN_POINT('',(50.,3.));
#7201 = CARTESIAN_POINT('',(44.5,3.));
#7202 = ( GEOMETRIC_REPRESENTATION_CONTEXT(2) 
PARAMETRIC_REPRESENTATION_CONTEXT() REPRESENTATION_CONTEXT('2D SPACE',''
  ) );
#7203 = PCURVE('',#7153,#7204);
#7204 = DEFINITIONAL_REPRESENTATION('',(#7205),#7208);
#7205 = B_SPLINE_CURVE_WITH_KNOTS('',1,(#7206,#7207),.UNSPECIFIED.,.F.,
  .F.,(2,2),(-27.75,-22.25),.PIECEWISE_BEZIER_KNOTS.);
#7206 = CARTESIAN_POINT('',(9.5,5.5));
#7207 = CARTESIAN_POINT('',(9.5,0.));
#7208 = ( GEOMETRIC_REPRESENTATION_CONTEXT(2) 
PARAMETRIC_REPRESENTATION_CONTEXT() REPRESENTATION_CONTEXT('2D SPACE',''
  ) );
#7209 = ORIENTED_EDGE('',*,*,#7210,.T.);
#7210 = EDGE_CURVE('',#7190,#7211,#7213,.T.);
#7211 = VERTEX_POINT('',#7212);
#7212 = CARTESIAN_POINT('',(-80.5,-3.968626966597,99.5));
#7213 = SURFACE_CURVE('',#7214,(#7218,#7224),.PCURVE_S1.);
#7214 = LINE('',#7215,#7216);
#7215 = CARTESIAN_POINT('',(-80.5,-10.5,99.5));
#7216 = VECTOR('',#7217,1.);
#7217 = DIRECTION('',(0.,1.,0.));
#7218 = PCURVE('',#6510,#7219);
#7219 = DEFINITIONAL_REPRESENTATION('',(#7220),#7223);
#7220 = B_SPLINE_CURVE_WITH_KNOTS('',1,(#7221,#7222),.UNSPECIFIED.,.F.,
  .F.,(2,2),(1.5,19.5),.PIECEWISE_BEZIER_KNOTS.);
#7221 = CARTESIAN_POINT('',(44.5,3.));
#7222 = CARTESIAN_POINT('',(44.5,21.));
#7223 = ( GEOMETRIC_REPRESENTATION_CONTEXT(2) 
PARAMETRIC_REPRESENTATION_CONTEXT() REPRESENTATION_CONTEXT('2D SPACE',''
  ) );
#7224 = PCURVE('',#7225,#7230);
#7225 = PLANE('',#7226);
#7226 = AXIS2_PLACEMENT_3D('',#7227,#7228,#7229);
#7227 = CARTESIAN_POINT('',(-80.5,-9.,90.));
#7228 = DIRECTION('',(1.,0.,0.));
#7229 = DIRECTION('',(0.,0.,1.));
#7230 = DEFINITIONAL_REPRESENTATION('',(#7231),#7234);
#7231 = B_SPLINE_CURVE_WITH_KNOTS('',1,(#7232,#7233),.UNSPECIFIED.,.F.,
  .F.,(2,2),(1.5,19.5),.PIECEWISE_BEZIER_KNOTS.);
#7232 = CARTESIAN_POINT('',(9.5,0.));
#7233 = CARTESIAN_POINT('',(9.5,-18.));
#7234 = ( GEOMETRIC_REPRESENTATION_CONTEXT(2) 
PARAMETRIC_REPRESENTATION_CONTEXT() REPRESENTATION_CONTEXT('2D SPACE',''
  ) );
#7235 = ORIENTED_EDGE('',*,*,#7236,.F.);
#7236 = EDGE_CURVE('',#7237,#7211,#7239,.T.);
#7237 = VERTEX_POINT('',#7238);
#7238 = CARTESIAN_POINT('',(-80.5,3.968626966597,99.5));
#7239 = SURFACE_CURVE('',#7240,(#7245,#7252),.PCURVE_S1.);
#7240 = CIRCLE('',#7241,4.);
#7241 = AXIS2_PLACEMENT_3D('',#7242,#7243,#7244);
#7242 = CARTESIAN_POINT('',(-80.,0.,99.5));
#7243 = DIRECTION('',(0.,0.,1.));
#7244 = DIRECTION('',(1.,0.,-0.));
#7245 = PCURVE('',#6510,#7246);
#7246 = DEFINITIONAL_REPRESENTATION('',(#7247),#7251);
#7247 = CIRCLE('',#7248,4.);
#7248 = AXIS2_PLACEMENT_2D('',#7249,#7250);
#7249 = CARTESIAN_POINT('',(45.,12.));
#7250 = DIRECTION('',(1.,0.));
#7251 = ( GEOMETRIC_REPRESENTATION_CONTEXT(2) 
PARAMETRIC_REPRESENTATION_CONTEXT() REPRESENTATION_CONTEXT('2D SPACE',''
  ) );
#7252 = PCURVE('',#6621,#7253);
#7253 = DEFINITIONAL_REPRESENTATION('',(#7254),#7258);
#7254 = LINE('',#7255,#7256);
#7255 = CARTESIAN_POINT('',(0.,19.5));
#7256 = VECTOR('',#7257,1.);
#7257 = DIRECTION('',(1.,0.));
#7258 = ( GEOMETRIC_REPRESENTATION_CONTEXT(2) 
PARAMETRIC_REPRESENTATION_CONTEXT() REPRESENTATION_CONTEXT('2D SPACE',''
  ) );
#7259 = ORIENTED_EDGE('',*,*,#7260,.T.);
#7260 = EDGE_CURVE('',#7237,#7261,#7263,.T.);
#7261 = VERTEX_POINT('',#7262);
#7262 = CARTESIAN_POINT('',(-80.5,9.,99.5));
#7263 = SURFACE_CURVE('',#7264,(#7268,#7274),.PCURVE_S1.);
#7264 = LINE('',#7265,#7266);
#7265 = CARTESIAN_POINT('',(-80.5,-10.5,99.5));
#7266 = VECTOR('',#7267,1.);
#7267 = DIRECTION('',(0.,1.,0.));
#7268 = PCURVE('',#6510,#7269);
#7269 = DEFINITIONAL_REPRESENTATION('',(#7270),#7273);
#7270 = B_SPLINE_CURVE_WITH_KNOTS('',1,(#7271,#7272),.UNSPECIFIED.,.F.,
  .F.,(2,2),(1.5,19.5),.PIECEWISE_BEZIER_KNOTS.);
#7271 = CARTESIAN_POINT('',(44.5,3.));
#7272 = CARTESIAN_POINT('',(44.5,21.));
#7273 = ( GEOMETRIC_REPRESENTATION_CONTEXT(2) 
PARAMETRIC_REPRESENTATION_CONTEXT() REPRESENTATION_CONTEXT('2D SPACE',''
  ) );
#7274 = PCURVE('',#7275,#7280);
#7275 = PLANE('',#7276);
#7276 = AXIS2_PLACEMENT_3D('',#7277,#7278,#7279);
#7277 = CARTESIAN_POINT('',(-80.5,-9.,90.));
#7278 = DIRECTION('',(1.,0.,0.));
#7279 = DIRECTION('',(0.,0.,1.));
#7280 = DEFINITIONAL_REPRESENTATION('',(#7281),#7284);
#7281 = B_SPLINE_CURVE_WITH_KNOTS('',1,(#7282,#7283),.UNSPECIFIED.,.F.,
  .F.,(2,2),(1.5,19.5),.PIECEWISE_BEZIER_KNOTS.);
#7282 = CARTESIAN_POINT('',(9.5,0.));
#7283 = CARTESIAN_POINT('',(9.5,-18.));
#7284 = ( GEOMETRIC_REPRESENTATION_CONTEXT(2) 
PARAMETRIC_REPRESENTATION_CONTEXT() REPRESENTATION_CONTEXT('2D SPACE',''
  ) );
#7285 = ORIENTED_EDGE('',*,*,#7286,.F.);
#7286 = EDGE_CURVE('',#7066,#7261,#7287,.T.);
#7287 = SURFACE_CURVE('',#7288,(#7292,#7298),.PCURVE_S1.);
#7288 = LINE('',#7289,#7290);
#7289 = CARTESIAN_POINT('',(-102.75,9.,99.5));
#7290 = VECTOR('',#7291,1.);
#7291 = DIRECTION('',(-1.,0.,0.));
#7292 = PCURVE('',#6510,#7293);
#7293 = DEFINITIONAL_REPRESENTATION('',(#7294),#7297);
#7294 = B_SPLINE_CURVE_WITH_KNOTS('',1,(#7295,#7296),.UNSPECIFIED.,.F.,
  .F.,(2,2),(-27.75,-22.25),.PIECEWISE_BEZIER_KNOTS.);
#7295 = CARTESIAN_POINT('',(50.,21.));
#7296 = CARTESIAN_POINT('',(44.5,21.));
#7297 = ( GEOMETRIC_REPRESENTATION_CONTEXT(2) 
PARAMETRIC_REPRESENTATION_CONTEXT() REPRESENTATION_CONTEXT('2D SPACE',''
  ) );
#7298 = PCURVE('',#7103,#7299);
#7299 = DEFINITIONAL_REPRESENTATION('',(#7300),#7303);
#7300 = B_SPLINE_CURVE_WITH_KNOTS('',1,(#7301,#7302),.UNSPECIFIED.,.F.,
  .F.,(2,2),(-27.75,-22.25),.PIECEWISE_BEZIER_KNOTS.);
#7301 = CARTESIAN_POINT('',(9.5,5.5));
#7302 = CARTESIAN_POINT('',(9.5,0.));
#7303 = ( GEOMETRIC_REPRESENTATION_CONTEXT(2) 
PARAMETRIC_REPRESENTATION_CONTEXT() REPRESENTATION_CONTEXT('2D SPACE',''
  ) );
#7304 = ORIENTED_EDGE('',*,*,#7065,.T.);
#7305 = ADVANCED_FACE('',(#7306),#6484,.F.);
#7306 = FACE_BOUND('',#7307,.F.);
#7307 = EDGE_LOOP('',(#7308,#7309,#7310,#7311));
#7308 = ORIENTED_EDGE('',*,*,#6684,.F.);
#7309 = ORIENTED_EDGE('',*,*,#7168,.F.);
#7310 = ORIENTED_EDGE('',*,*,#6467,.T.);
#7311 = ORIENTED_EDGE('',*,*,#6735,.T.);
#7312 = ADVANCED_FACE('',(#7313),#6590,.F.);
#7313 = FACE_BOUND('',#7314,.F.);
#7314 = EDGE_LOOP('',(#7315,#7316,#7337,#7338));
#7315 = ORIENTED_EDGE('',*,*,#6756,.F.);
#7316 = ORIENTED_EDGE('',*,*,#7317,.F.);
#7317 = EDGE_CURVE('',#6574,#6757,#7318,.T.);
#7318 = SEAM_CURVE('',#7319,(#7323,#7330),.PCURVE_S1.);
#7319 = LINE('',#7320,#7321);
#7320 = CARTESIAN_POINT('',(-116.,-9.797174393179E-16,80.));
#7321 = VECTOR('',#7322,1.);
#7322 = DIRECTION('',(0.,0.,1.));
#7323 = PCURVE('',#6590,#7324);
#7324 = DEFINITIONAL_REPRESENTATION('',(#7325),#7329);
#7325 = LINE('',#7326,#7327);
#7326 = CARTESIAN_POINT('',(6.28318530718,-0.));
#7327 = VECTOR('',#7328,1.);
#7328 = DIRECTION('',(0.,1.));
#7329 = ( GEOMETRIC_REPRESENTATION_CONTEXT(2) 
PARAMETRIC_REPRESENTATION_CONTEXT() REPRESENTATION_CONTEXT('2D SPACE',''
  ) );
#7330 = PCURVE('',#6590,#7331);
#7331 = DEFINITIONAL_REPRESENTATION('',(#7332),#7336);
#7332 = LINE('',#7333,#7334);
#7333 = CARTESIAN_POINT('',(0.,-0.));
#7334 = VECTOR('',#7335,1.);
#7335 = DIRECTION('',(0.,1.));
#7336 = ( GEOMETRIC_REPRESENTATION_CONTEXT(2) 
PARAMETRIC_REPRESENTATION_CONTEXT() REPRESENTATION_CONTEXT('2D SPACE',''
  ) );
#7337 = ORIENTED_EDGE('',*,*,#6573,.T.);
#7338 = ORIENTED_EDGE('',*,*,#7317,.T.);
#7339 = ADVANCED_FACE('',(#7340),#6621,.F.);
#7340 = FACE_BOUND('',#7341,.F.);
#7341 = EDGE_LOOP('',(#7342,#7373,#7394,#7395,#7396,#7420,#7439,#7440));
#7342 = ORIENTED_EDGE('',*,*,#7343,.F.);
#7343 = EDGE_CURVE('',#7344,#7346,#7348,.T.);
#7344 = VERTEX_POINT('',#7345);
#7345 = CARTESIAN_POINT('',(-76.,-9.797174393179E-16,100.));
#7346 = VERTEX_POINT('',#7347);
#7347 = CARTESIAN_POINT('',(-80.5,3.968626966597,100.));
#7348 = SURFACE_CURVE('',#7349,(#7354,#7361),.PCURVE_S1.);
#7349 = CIRCLE('',#7350,4.);
#7350 = AXIS2_PLACEMENT_3D('',#7351,#7352,#7353);
#7351 = CARTESIAN_POINT('',(-80.,0.,100.));
#7352 = DIRECTION('',(0.,0.,1.));
#7353 = DIRECTION('',(1.,0.,-0.));
#7354 = PCURVE('',#6621,#7355);
#7355 = DEFINITIONAL_REPRESENTATION('',(#7356),#7360);
#7356 = LINE('',#7357,#7358);
#7357 = CARTESIAN_POINT('',(0.,20.));
#7358 = VECTOR('',#7359,1.);
#7359 = DIRECTION('',(1.,0.));
#7360 = ( GEOMETRIC_REPRESENTATION_CONTEXT(2) 
PARAMETRIC_REPRESENTATION_CONTEXT() REPRESENTATION_CONTEXT('2D SPACE',''
  ) );
#7361 = PCURVE('',#7362,#7367);
#7362 = PLANE('',#7363);
#7363 = AXIS2_PLACEMENT_3D('',#7364,#7365,#7366);
#7364 = CARTESIAN_POINT('',(-80.5,-9.,100.));
#7365 = DIRECTION('',(0.,0.,1.));
#7366 = DIRECTION('',(1.,0.,0.));
#7367 = DEFINITIONAL_REPRESENTATION('',(#7368),#7372);
#7368 = CIRCLE('',#7369,4.);
#7369 = AXIS2_PLACEMENT_2D('',#7370,#7371);
#7370 = CARTESIAN_POINT('',(0.5,9.));
#7371 = DIRECTION('',(1.,0.));
#7372 = ( GEOMETRIC_REPRESENTATION_CONTEXT(2) 
PARAMETRIC_REPRESENTATION_CONTEXT() REPRESENTATION_CONTEXT('2D SPACE',''
  ) );
#7373 = ORIENTED_EDGE('',*,*,#7374,.F.);
#7374 = EDGE_CURVE('',#6605,#7344,#7375,.T.);
#7375 = SEAM_CURVE('',#7376,(#7380,#7387),.PCURVE_S1.);
#7376 = LINE('',#7377,#7378);
#7377 = CARTESIAN_POINT('',(-76.,-9.797174393179E-16,80.));
#7378 = VECTOR('',#7379,1.);
#7379 = DIRECTION('',(0.,0.,1.));
#7380 = PCURVE('',#6621,#7381);
#7381 = DEFINITIONAL_REPRESENTATION('',(#7382),#7386);
#7382 = LINE('',#7383,#7384);
#7383 = CARTESIAN_POINT('',(6.28318530718,-0.));
#7384 = VECTOR('',#7385,1.);
#7385 = DIRECTION('',(0.,1.));
#7386 = ( GEOMETRIC_REPRESENTATION_CONTEXT(2) 
PARAMETRIC_REPRESENTATION_CONTEXT() REPRESENTATION_CONTEXT('2D SPACE',''
  ) );
#7387 = PCURVE('',#6621,#7388);
#7388 = DEFINITIONAL_REPRESENTATION('',(#7389),#7393);
#7389 = LINE('',#7390,#7391);
#7390 = CARTESIAN_POINT('',(0.,-0.));
#7391 = VECTOR('',#7392,1.);
#7392 = DIRECTION('',(0.,1.));
#7393 = ( GEOMETRIC_REPRESENTATION_CONTEXT(2) 
PARAMETRIC_REPRESENTATION_CONTEXT() REPRESENTATION_CONTEXT('2D SPACE',''
  ) );
#7394 = ORIENTED_EDGE('',*,*,#6604,.T.);
#7395 = ORIENTED_EDGE('',*,*,#7374,.T.);
#7396 = ORIENTED_EDGE('',*,*,#7397,.F.);
#7397 = EDGE_CURVE('',#7398,#7344,#7400,.T.);
#7398 = VERTEX_POINT('',#7399);
#7399 = CARTESIAN_POINT('',(-80.5,-3.968626966597,100.));
#7400 = SURFACE_CURVE('',#7401,(#7406,#7413),.PCURVE_S1.);
#7401 = CIRCLE('',#7402,4.);
#7402 = AXIS2_PLACEMENT_3D('',#7403,#7404,#7405);
#7403 = CARTESIAN_POINT('',(-80.,0.,100.));
#7404 = DIRECTION('',(0.,0.,1.));
#7405 = DIRECTION('',(1.,0.,-0.));
#7406 = PCURVE('',#6621,#7407);
#7407 = DEFINITIONAL_REPRESENTATION('',(#7408),#7412);
#7408 = LINE('',#7409,#7410);
#7409 = CARTESIAN_POINT('',(0.,20.));
#7410 = VECTOR('',#7411,1.);
#7411 = DIRECTION('',(1.,0.));
#7412 = ( GEOMETRIC_REPRESENTATION_CONTEXT(2) 
PARAMETRIC_REPRESENTATION_CONTEXT() REPRESENTATION_CONTEXT('2D SPACE',''
  ) );
#7413 = PCURVE('',#7362,#7414);
#7414 = DEFINITIONAL_REPRESENTATION('',(#7415),#7419);
#7415 = CIRCLE('',#7416,4.);
#7416 = AXIS2_PLACEMENT_2D('',#7417,#7418);
#7417 = CARTESIAN_POINT('',(0.5,9.));
#7418 = DIRECTION('',(1.,0.));
#7419 = ( GEOMETRIC_REPRESENTATION_CONTEXT(2) 
PARAMETRIC_REPRESENTATION_CONTEXT() REPRESENTATION_CONTEXT('2D SPACE',''
  ) );
#7420 = ORIENTED_EDGE('',*,*,#7421,.F.);
#7421 = EDGE_CURVE('',#7211,#7398,#7422,.T.);
#7422 = SURFACE_CURVE('',#7423,(#7427,#7433),.PCURVE_S1.);
#7423 = LINE('',#7424,#7425);
#7424 = CARTESIAN_POINT('',(-80.5,-3.968626966597,80.));
#7425 = VECTOR('',#7426,1.);
#7426 = DIRECTION('',(0.,0.,1.));
#7427 = PCURVE('',#6621,#7428);
#7428 = DEFINITIONAL_REPRESENTATION('',(#7429),#7432);
#7429 = B_SPLINE_CURVE_WITH_KNOTS('',1,(#7430,#7431),.UNSPECIFIED.,.F.,
  .F.,(2,2),(19.45,20.05),.PIECEWISE_BEZIER_KNOTS.);
#7430 = CARTESIAN_POINT('',(4.587061149217,19.45));
#7431 = CARTESIAN_POINT('',(4.587061149217,20.05));
#7432 = ( GEOMETRIC_REPRESENTATION_CONTEXT(2) 
PARAMETRIC_REPRESENTATION_CONTEXT() REPRESENTATION_CONTEXT('2D SPACE',''
  ) );
#7433 = PCURVE('',#7225,#7434);
#7434 = DEFINITIONAL_REPRESENTATION('',(#7435),#7438);
#7435 = B_SPLINE_CURVE_WITH_KNOTS('',1,(#7436,#7437),.UNSPECIFIED.,.F.,
  .F.,(2,2),(19.45,20.05),.PIECEWISE_BEZIER_KNOTS.);
#7436 = CARTESIAN_POINT('',(9.45,-5.031373033403));
#7437 = CARTESIAN_POINT('',(10.05,-5.031373033403));
#7438 = ( GEOMETRIC_REPRESENTATION_CONTEXT(2) 
PARAMETRIC_REPRESENTATION_CONTEXT() REPRESENTATION_CONTEXT('2D SPACE',''
  ) );
#7439 = ORIENTED_EDGE('',*,*,#7236,.F.);
#7440 = ORIENTED_EDGE('',*,*,#7441,.T.);
#7441 = EDGE_CURVE('',#7237,#7346,#7442,.T.);
#7442 = SURFACE_CURVE('',#7443,(#7447,#7453),.PCURVE_S1.);
#7443 = LINE('',#7444,#7445);
#7444 = CARTESIAN_POINT('',(-80.5,3.968626966597,80.));
#7445 = VECTOR('',#7446,1.);
#7446 = DIRECTION('',(0.,0.,1.));
#7447 = PCURVE('',#6621,#7448);
#7448 = DEFINITIONAL_REPRESENTATION('',(#7449),#7452);
#7449 = B_SPLINE_CURVE_WITH_KNOTS('',1,(#7450,#7451),.UNSPECIFIED.,.F.,
  .F.,(2,2),(19.45,20.05),.PIECEWISE_BEZIER_KNOTS.);
#7450 = CARTESIAN_POINT('',(1.696124157963,19.45));
#7451 = CARTESIAN_POINT('',(1.696124157963,20.05));
#7452 = ( GEOMETRIC_REPRESENTATION_CONTEXT(2) 
PARAMETRIC_REPRESENTATION_CONTEXT() REPRESENTATION_CONTEXT('2D SPACE',''
  ) );
#7453 = PCURVE('',#7275,#7454);
#7454 = DEFINITIONAL_REPRESENTATION('',(#7455),#7458);
#7455 = B_SPLINE_CURVE_WITH_KNOTS('',1,(#7456,#7457),.UNSPECIFIED.,.F.,
  .F.,(2,2),(19.45,20.05),.PIECEWISE_BEZIER_KNOTS.);
#7456 = CARTESIAN_POINT('',(9.45,-12.96862696659));
#7457 = CARTESIAN_POINT('',(10.05,-12.96862696659));
#7458 = ( GEOMETRIC_REPRESENTATION_CONTEXT(2) 
PARAMETRIC_REPRESENTATION_CONTEXT() REPRESENTATION_CONTEXT('2D SPACE',''
  ) );
#7459 = ADVANCED_FACE('',(#7460),#6821,.T.);
#7460 = FACE_BOUND('',#7461,.T.);
#7461 = EDGE_LOOP('',(#7462,#7463,#7464,#7465));
#7462 = ORIENTED_EDGE('',*,*,#6986,.F.);
#7463 = ORIENTED_EDGE('',*,*,#6806,.F.);
#7464 = ORIENTED_EDGE('',*,*,#6858,.T.);
#7465 = ORIENTED_EDGE('',*,*,#6939,.T.);
#7466 = ADVANCED_FACE('',(#7467),#6923,.F.);
#7467 = FACE_BOUND('',#7468,.F.);
#7468 = EDGE_LOOP('',(#7469,#7470,#7491,#7492));
#7469 = ORIENTED_EDGE('',*,*,#7012,.F.);
#7470 = ORIENTED_EDGE('',*,*,#7471,.F.);
#7471 = EDGE_CURVE('',#6907,#7013,#7472,.T.);
#7472 = SEAM_CURVE('',#7473,(#7477,#7484),.PCURVE_S1.);
#7473 = LINE('',#7474,#7475);
#7474 = CARTESIAN_POINT('',(-128.,-9.797174393179E-16,85.));
#7475 = VECTOR('',#7476,1.);
#7476 = DIRECTION('',(0.,0.,1.));
#7477 = PCURVE('',#6923,#7478);
#7478 = DEFINITIONAL_REPRESENTATION('',(#7479),#7483);
#7479 = LINE('',#7480,#7481);
#7480 = CARTESIAN_POINT('',(6.28318530718,-0.));
#7481 = VECTOR('',#7482,1.);
#7482 = DIRECTION('',(0.,1.));
#7483 = ( GEOMETRIC_REPRESENTATION_CONTEXT(2) 
PARAMETRIC_REPRESENTATION_CONTEXT() REPRESENTATION_CONTEXT('2D SPACE',''
  ) );
#7484 = PCURVE('',#6923,#7485);
#7485 = DEFINITIONAL_REPRESENTATION('',(#7486),#7490);
#7486 = LINE('',#7487,#7488);
#7487 = CARTESIAN_POINT('',(0.,-0.));
#7488 = VECTOR('',#7489,1.);
#7489 = DIRECTION('',(0.,1.));
#7490 = ( GEOMETRIC_REPRESENTATION_CONTEXT(2) 
PARAMETRIC_REPRESENTATION_CONTEXT() REPRESENTATION_CONTEXT('2D SPACE',''
  ) );
#7491 = ORIENTED_EDGE('',*,*,#6906,.T.);
#7492 = ORIENTED_EDGE('',*,*,#7471,.T.);
#7493 = ADVANCED_FACE('',(#7494),#7153,.F.);
#7494 = FACE_BOUND('',#7495,.F.);
#7495 = EDGE_LOOP('',(#7496,#7519,#7520,#7521,#7544,#7567,#7593,#7619));
#7496 = ORIENTED_EDGE('',*,*,#7497,.F.);
#7497 = EDGE_CURVE('',#7115,#7498,#7500,.T.);
#7498 = VERTEX_POINT('',#7499);
#7499 = CARTESIAN_POINT('',(-55.87987115232,-9.,90.));
#7500 = SURFACE_CURVE('',#7501,(#7505,#7512),.PCURVE_S1.);
#7501 = LINE('',#7502,#7503);
#7502 = CARTESIAN_POINT('',(-80.5,-9.,90.));
#7503 = VECTOR('',#7504,1.);
#7504 = DIRECTION('',(1.,0.,0.));
#7505 = PCURVE('',#7153,#7506);
#7506 = DEFINITIONAL_REPRESENTATION('',(#7507),#7511);
#7507 = LINE('',#7508,#7509);
#7508 = CARTESIAN_POINT('',(0.,0.));
#7509 = VECTOR('',#7510,1.);
#7510 = DIRECTION('',(0.,1.));
#7511 = ( GEOMETRIC_REPRESENTATION_CONTEXT(2) 
PARAMETRIC_REPRESENTATION_CONTEXT() REPRESENTATION_CONTEXT('2D SPACE',''
  ) );
#7512 = PCURVE('',#7129,#7513);
#7513 = DEFINITIONAL_REPRESENTATION('',(#7514),#7518);
#7514 = LINE('',#7515,#7516);
#7515 = CARTESIAN_POINT('',(0.,0.));
#7516 = VECTOR('',#7517,1.);
#7517 = DIRECTION('',(1.,0.));
#7518 = ( GEOMETRIC_REPRESENTATION_CONTEXT(2) 
PARAMETRIC_REPRESENTATION_CONTEXT() REPRESENTATION_CONTEXT('2D SPACE',''
  ) );
#7519 = ORIENTED_EDGE('',*,*,#7140,.T.);
#7520 = ORIENTED_EDGE('',*,*,#7189,.T.);
#7521 = ORIENTED_EDGE('',*,*,#7522,.T.);
#7522 = EDGE_CURVE('',#7190,#7523,#7525,.T.);
#7523 = VERTEX_POINT('',#7524);
#7524 = CARTESIAN_POINT('',(-80.5,-9.,100.));
#7525 = SURFACE_CURVE('',#7526,(#7530,#7537),.PCURVE_S1.);
#7526 = LINE('',#7527,#7528);
#7527 = CARTESIAN_POINT('',(-80.5,-9.,90.));
#7528 = VECTOR('',#7529,1.);
#7529 = DIRECTION('',(0.,0.,1.));
#7530 = PCURVE('',#7153,#7531);
#7531 = DEFINITIONAL_REPRESENTATION('',(#7532),#7536);
#7532 = LINE('',#7533,#7534);
#7533 = CARTESIAN_POINT('',(0.,0.));
#7534 = VECTOR('',#7535,1.);
#7535 = DIRECTION('',(1.,0.));
#7536 = ( GEOMETRIC_REPRESENTATION_CONTEXT(2) 
PARAMETRIC_REPRESENTATION_CONTEXT() REPRESENTATION_CONTEXT('2D SPACE',''
  ) );
#7537 = PCURVE('',#7225,#7538);
#7538 = DEFINITIONAL_REPRESENTATION('',(#7539),#7543);
#7539 = LINE('',#7540,#7541);
#7540 = CARTESIAN_POINT('',(0.,0.));
#7541 = VECTOR('',#7542,1.);
#7542 = DIRECTION('',(1.,0.));
#7543 = ( GEOMETRIC_REPRESENTATION_CONTEXT(2) 
PARAMETRIC_REPRESENTATION_CONTEXT() REPRESENTATION_CONTEXT('2D SPACE',''
  ) );
#7544 = ORIENTED_EDGE('',*,*,#7545,.T.);
#7545 = EDGE_CURVE('',#7523,#7546,#7548,.T.);
#7546 = VERTEX_POINT('',#7547);
#7547 = CARTESIAN_POINT('',(-61.34329629226,-9.,100.));
#7548 = SURFACE_CURVE('',#7549,(#7553,#7560),.PCURVE_S1.);
#7549 = LINE('',#7550,#7551);
#7550 = CARTESIAN_POINT('',(-80.5,-9.,100.));
#7551 = VECTOR('',#7552,1.);
#7552 = DIRECTION('',(1.,0.,0.));
#7553 = PCURVE('',#7153,#7554);
#7554 = DEFINITIONAL_REPRESENTATION('',(#7555),#7559);
#7555 = LINE('',#7556,#7557);
#7556 = CARTESIAN_POINT('',(10.,0.));
#7557 = VECTOR('',#7558,1.);
#7558 = DIRECTION('',(0.,1.));
#7559 = ( GEOMETRIC_REPRESENTATION_CONTEXT(2) 
PARAMETRIC_REPRESENTATION_CONTEXT() REPRESENTATION_CONTEXT('2D SPACE',''
  ) );
#7560 = PCURVE('',#7362,#7561);
#7561 = DEFINITIONAL_REPRESENTATION('',(#7562),#7566);
#7562 = LINE('',#7563,#7564);
#7563 = CARTESIAN_POINT('',(0.,0.));
#7564 = VECTOR('',#7565,1.);
#7565 = DIRECTION('',(1.,0.));
#7566 = ( GEOMETRIC_REPRESENTATION_CONTEXT(2) 
PARAMETRIC_REPRESENTATION_CONTEXT() REPRESENTATION_CONTEXT('2D SPACE',''
  ) );
#7567 = ORIENTED_EDGE('',*,*,#7568,.F.);
#7568 = EDGE_CURVE('',#7569,#7546,#7571,.T.);
#7569 = VERTEX_POINT('',#7570);
#7570 = CARTESIAN_POINT('',(-61.34329629226,-9.,95.));
#7571 = SURFACE_CURVE('',#7572,(#7576,#7582),.PCURVE_S1.);
#7572 = LINE('',#7573,#7574);
#7573 = CARTESIAN_POINT('',(-61.34329629226,-9.,95.));
#7574 = VECTOR('',#7575,1.);
#7575 = DIRECTION('',(0.,0.,1.));
#7576 = PCURVE('',#7153,#7577);
#7577 = DEFINITIONAL_REPRESENTATION('',(#7578),#7581);
#7578 = B_SPLINE_CURVE_WITH_KNOTS('',1,(#7579,#7580),.UNSPECIFIED.,.F.,
  .F.,(2,2),(-6.000000070117E-07,6.),.PIECEWISE_BEZIER_KNOTS.);
#7579 = CARTESIAN_POINT('',(4.9999994,19.15670370774));
#7580 = CARTESIAN_POINT('',(11.,19.15670370774));
#7581 = ( GEOMETRIC_REPRESENTATION_CONTEXT(2) 
PARAMETRIC_REPRESENTATION_CONTEXT() REPRESENTATION_CONTEXT('2D SPACE',''
  ) );
#7582 = PCURVE('',#7583,#7588);
#7583 = CYLINDRICAL_SURFACE('',#7584,62.);
#7584 = AXIS2_PLACEMENT_3D('',#7585,#7586,#7587);
#7585 = CARTESIAN_POINT('',(0.,0.,95.));
#7586 = DIRECTION('',(0.,0.,1.));
#7587 = DIRECTION('',(1.,0.,-0.));
#7588 = DEFINITIONAL_REPRESENTATION('',(#7589),#7592);
#7589 = B_SPLINE_CURVE_WITH_KNOTS('',1,(#7590,#7591),.UNSPECIFIED.,.F.,
  .F.,(2,2),(-6.000000070117E-07,6.),.PIECEWISE_BEZIER_KNOTS.);
#7590 = CARTESIAN_POINT('',(3.287268641143,-6.000000070117E-07));
#7591 = CARTESIAN_POINT('',(3.287268641143,6.));
#7592 = ( GEOMETRIC_REPRESENTATION_CONTEXT(2) 
PARAMETRIC_REPRESENTATION_CONTEXT() REPRESENTATION_CONTEXT('2D SPACE',''
  ) );
#7593 = ORIENTED_EDGE('',*,*,#7594,.F.);
#7594 = EDGE_CURVE('',#7595,#7569,#7597,.T.);
#7595 = VERTEX_POINT('',#7596);
#7596 = CARTESIAN_POINT('',(-55.87987115232,-9.,95.));
#7597 = SURFACE_CURVE('',#7598,(#7602,#7608),.PCURVE_S1.);
#7598 = LINE('',#7599,#7600);
#7599 = CARTESIAN_POINT('',(-40.25,-9.,95.));
#7600 = VECTOR('',#7601,1.);
#7601 = DIRECTION('',(-1.,0.,0.));
#7602 = PCURVE('',#7153,#7603);
#7603 = DEFINITIONAL_REPRESENTATION('',(#7604),#7607);
#7604 = B_SPLINE_CURVE_WITH_KNOTS('',1,(#7605,#7606),.UNSPECIFIED.,.F.,
  .F.,(2,2),(15.25,21.75),.PIECEWISE_BEZIER_KNOTS.);
#7605 = CARTESIAN_POINT('',(5.,25.));
#7606 = CARTESIAN_POINT('',(5.,18.5));
#7607 = ( GEOMETRIC_REPRESENTATION_CONTEXT(2) 
PARAMETRIC_REPRESENTATION_CONTEXT() REPRESENTATION_CONTEXT('2D SPACE',''
  ) );
#7608 = PCURVE('',#7609,#7614);
#7609 = PLANE('',#7610);
#7610 = AXIS2_PLACEMENT_3D('',#7611,#7612,#7613);
#7611 = CARTESIAN_POINT('',(0.,0.,95.));
#7612 = DIRECTION('',(0.,0.,1.));
#7613 = DIRECTION('',(1.,0.,-0.));
#7614 = DEFINITIONAL_REPRESENTATION('',(#7615),#7618);
#7615 = B_SPLINE_CURVE_WITH_KNOTS('',1,(#7616,#7617),.UNSPECIFIED.,.F.,
  .F.,(2,2),(15.25,21.75),.PIECEWISE_BEZIER_KNOTS.);
#7616 = CARTESIAN_POINT('',(-55.5,-9.));
#7617 = CARTESIAN_POINT('',(-62.,-9.));
#7618 = ( GEOMETRIC_REPRESENTATION_CONTEXT(2) 
PARAMETRIC_REPRESENTATION_CONTEXT() REPRESENTATION_CONTEXT('2D SPACE',''
  ) );
#7619 = ORIENTED_EDGE('',*,*,#7620,.F.);
#7620 = EDGE_CURVE('',#7498,#7595,#7621,.T.);
#7621 = SURFACE_CURVE('',#7622,(#7626,#7632),.PCURVE_S1.);
#7622 = LINE('',#7623,#7624);
#7623 = CARTESIAN_POINT('',(-55.87987115232,-9.,0.));
#7624 = VECTOR('',#7625,1.);
#7625 = DIRECTION('',(0.,0.,1.));
#7626 = PCURVE('',#7153,#7627);
#7627 = DEFINITIONAL_REPRESENTATION('',(#7628),#7631);
#7628 = B_SPLINE_CURVE_WITH_KNOTS('',1,(#7629,#7630),.UNSPECIFIED.,.F.,
  .F.,(2,2),(89.,101.),.PIECEWISE_BEZIER_KNOTS.);
#7629 = CARTESIAN_POINT('',(-1.,24.620128847679));
#7630 = CARTESIAN_POINT('',(11.,24.620128847679));
#7631 = ( GEOMETRIC_REPRESENTATION_CONTEXT(2) 
PARAMETRIC_REPRESENTATION_CONTEXT() REPRESENTATION_CONTEXT('2D SPACE',''
  ) );
#7632 = PCURVE('',#7633,#7638);
#7633 = CYLINDRICAL_SURFACE('',#7634,56.6);
#7634 = AXIS2_PLACEMENT_3D('',#7635,#7636,#7637);
#7635 = CARTESIAN_POINT('',(0.,0.,0.));
#7636 = DIRECTION('',(0.,0.,1.));
#7637 = DIRECTION('',(1.,0.,-0.));
#7638 = DEFINITIONAL_REPRESENTATION('',(#7639),#7642);
#7639 = B_SPLINE_CURVE_WITH_KNOTS('',1,(#7640,#7641),.UNSPECIFIED.,.F.,
  .F.,(2,2),(89.,101.),.PIECEWISE_BEZIER_KNOTS.);
#7640 = CARTESIAN_POINT('',(3.301281075715,89.));
#7641 = CARTESIAN_POINT('',(3.301281075715,101.));
#7642 = ( GEOMETRIC_REPRESENTATION_CONTEXT(2) 
PARAMETRIC_REPRESENTATION_CONTEXT() REPRESENTATION_CONTEXT('2D SPACE',''
  ) );
#7643 = ADVANCED_FACE('',(#7644),#7129,.F.);
#7644 = FACE_BOUND('',#7645,.F.);
#7645 = EDGE_LOOP('',(#7646,#7669,#7670,#7671));
#7646 = ORIENTED_EDGE('',*,*,#7647,.F.);
#7647 = EDGE_CURVE('',#7089,#7648,#7650,.T.);
#7648 = VERTEX_POINT('',#7649);
#7649 = CARTESIAN_POINT('',(-55.87987115232,9.,90.));
#7650 = SURFACE_CURVE('',#7651,(#7655,#7662),.PCURVE_S1.);
#7651 = LINE('',#7652,#7653);
#7652 = CARTESIAN_POINT('',(-80.5,9.,90.));
#7653 = VECTOR('',#7654,1.);
#7654 = DIRECTION('',(1.,0.,0.));
#7655 = PCURVE('',#7129,#7656);
#7656 = DEFINITIONAL_REPRESENTATION('',(#7657),#7661);
#7657 = LINE('',#7658,#7659);
#7658 = CARTESIAN_POINT('',(0.,18.));
#7659 = VECTOR('',#7660,1.);
#7660 = DIRECTION('',(1.,0.));
#7661 = ( GEOMETRIC_REPRESENTATION_CONTEXT(2) 
PARAMETRIC_REPRESENTATION_CONTEXT() REPRESENTATION_CONTEXT('2D SPACE',''
  ) );
#7662 = PCURVE('',#7103,#7663);
#7663 = DEFINITIONAL_REPRESENTATION('',(#7664),#7668);
#7664 = LINE('',#7665,#7666);
#7665 = CARTESIAN_POINT('',(0.,0.));
#7666 = VECTOR('',#7667,1.);
#7667 = DIRECTION('',(0.,1.));
#7668 = ( GEOMETRIC_REPRESENTATION_CONTEXT(2) 
PARAMETRIC_REPRESENTATION_CONTEXT() REPRESENTATION_CONTEXT('2D SPACE',''
  ) );
#7669 = ORIENTED_EDGE('',*,*,#7114,.T.);
#7670 = ORIENTED_EDGE('',*,*,#7497,.T.);
#7671 = ORIENTED_EDGE('',*,*,#7672,.F.);
#7672 = EDGE_CURVE('',#7648,#7498,#7673,.T.);
#7673 = SURFACE_CURVE('',#7674,(#7679,#7686),.PCURVE_S1.);
#7674 = CIRCLE('',#7675,56.6);
#7675 = AXIS2_PLACEMENT_3D('',#7676,#7677,#7678);
#7676 = CARTESIAN_POINT('',(0.,0.,90.));
#7677 = DIRECTION('',(0.,0.,1.));
#7678 = DIRECTION('',(1.,0.,-0.));
#7679 = PCURVE('',#7129,#7680);
#7680 = DEFINITIONAL_REPRESENTATION('',(#7681),#7685);
#7681 = CIRCLE('',#7682,56.6);
#7682 = AXIS2_PLACEMENT_2D('',#7683,#7684);
#7683 = CARTESIAN_POINT('',(80.5,9.));
#7684 = DIRECTION('',(1.,0.));
#7685 = ( GEOMETRIC_REPRESENTATION_CONTEXT(2) 
PARAMETRIC_REPRESENTATION_CONTEXT() REPRESENTATION_CONTEXT('2D SPACE',''
  ) );
#7686 = PCURVE('',#7633,#7687);
#7687 = DEFINITIONAL_REPRESENTATION('',(#7688),#7692);
#7688 = LINE('',#7689,#7690);
#7689 = CARTESIAN_POINT('',(0.,90.));
#7690 = VECTOR('',#7691,1.);
#7691 = DIRECTION('',(1.,0.));
#7692 = ( GEOMETRIC_REPRESENTATION_CONTEXT(2) 
PARAMETRIC_REPRESENTATION_CONTEXT() REPRESENTATION_CONTEXT('2D SPACE',''
  ) );
#7693 = ADVANCED_FACE('',(#7694),#7103,.T.);
#7694 = FACE_BOUND('',#7695,.T.);
#7695 = EDGE_LOOP('',(#7696,#7697,#7698,#7699,#7722,#7745,#7766,#7787));
#7696 = ORIENTED_EDGE('',*,*,#7647,.F.);
#7697 = ORIENTED_EDGE('',*,*,#7088,.T.);
#7698 = ORIENTED_EDGE('',*,*,#7286,.T.);
#7699 = ORIENTED_EDGE('',*,*,#7700,.T.);
#7700 = EDGE_CURVE('',#7261,#7701,#7703,.T.);
#7701 = VERTEX_POINT('',#7702);
#7702 = CARTESIAN_POINT('',(-80.5,9.,100.));
#7703 = SURFACE_CURVE('',#7704,(#7708,#7715),.PCURVE_S1.);
#7704 = LINE('',#7705,#7706);
#7705 = CARTESIAN_POINT('',(-80.5,9.,90.));
#7706 = VECTOR('',#7707,1.);
#7707 = DIRECTION('',(0.,0.,1.));
#7708 = PCURVE('',#7103,#7709);
#7709 = DEFINITIONAL_REPRESENTATION('',(#7710),#7714);
#7710 = LINE('',#7711,#7712);
#7711 = CARTESIAN_POINT('',(0.,0.));
#7712 = VECTOR('',#7713,1.);
#7713 = DIRECTION('',(1.,0.));
#7714 = ( GEOMETRIC_REPRESENTATION_CONTEXT(2) 
PARAMETRIC_REPRESENTATION_CONTEXT() REPRESENTATION_CONTEXT('2D SPACE',''
  ) );
#7715 = PCURVE('',#7275,#7716);
#7716 = DEFINITIONAL_REPRESENTATION('',(#7717),#7721);
#7717 = LINE('',#7718,#7719);
#7718 = CARTESIAN_POINT('',(0.,-18.));
#7719 = VECTOR('',#7720,1.);
#7720 = DIRECTION('',(1.,0.));
#7721 = ( GEOMETRIC_REPRESENTATION_CONTEXT(2) 
PARAMETRIC_REPRESENTATION_CONTEXT() REPRESENTATION_CONTEXT('2D SPACE',''
  ) );
#7722 = ORIENTED_EDGE('',*,*,#7723,.T.);
#7723 = EDGE_CURVE('',#7701,#7724,#7726,.T.);
#7724 = VERTEX_POINT('',#7725);
#7725 = CARTESIAN_POINT('',(-61.34329629226,9.,100.));
#7726 = SURFACE_CURVE('',#7727,(#7731,#7738),.PCURVE_S1.);
#7727 = LINE('',#7728,#7729);
#7728 = CARTESIAN_POINT('',(-80.5,9.,100.));
#7729 = VECTOR('',#7730,1.);
#7730 = DIRECTION('',(1.,0.,0.));
#7731 = PCURVE('',#7103,#7732);
#7732 = DEFINITIONAL_REPRESENTATION('',(#7733),#7737);
#7733 = LINE('',#7734,#7735);
#7734 = CARTESIAN_POINT('',(10.,0.));
#7735 = VECTOR('',#7736,1.);
#7736 = DIRECTION('',(0.,1.));
#7737 = ( GEOMETRIC_REPRESENTATION_CONTEXT(2) 
PARAMETRIC_REPRESENTATION_CONTEXT() REPRESENTATION_CONTEXT('2D SPACE',''
  ) );
#7738 = PCURVE('',#7362,#7739);
#7739 = DEFINITIONAL_REPRESENTATION('',(#7740),#7744);
#7740 = LINE('',#7741,#7742);
#7741 = CARTESIAN_POINT('',(0.,18.));
#7742 = VECTOR('',#7743,1.);
#7743 = DIRECTION('',(1.,0.));
#7744 = ( GEOMETRIC_REPRESENTATION_CONTEXT(2) 
PARAMETRIC_REPRESENTATION_CONTEXT() REPRESENTATION_CONTEXT('2D SPACE',''
  ) );
#7745 = ORIENTED_EDGE('',*,*,#7746,.F.);
#7746 = EDGE_CURVE('',#7747,#7724,#7749,.T.);
#7747 = VERTEX_POINT('',#7748);
#7748 = CARTESIAN_POINT('',(-61.34329629226,9.,95.));
#7749 = SURFACE_CURVE('',#7750,(#7754,#7760),.PCURVE_S1.);
#7750 = LINE('',#7751,#7752);
#7751 = CARTESIAN_POINT('',(-61.34329629226,9.,95.));
#7752 = VECTOR('',#7753,1.);
#7753 = DIRECTION('',(0.,0.,1.));
#7754 = PCURVE('',#7103,#7755);
#7755 = DEFINITIONAL_REPRESENTATION('',(#7756),#7759);
#7756 = B_SPLINE_CURVE_WITH_KNOTS('',1,(#7757,#7758),.UNSPECIFIED.,.F.,
  .F.,(2,2),(-6.000000070117E-07,6.),.PIECEWISE_BEZIER_KNOTS.);
#7757 = CARTESIAN_POINT('',(4.9999994,19.15670370774));
#7758 = CARTESIAN_POINT('',(11.,19.15670370774));
#7759 = ( GEOMETRIC_REPRESENTATION_CONTEXT(2) 
PARAMETRIC_REPRESENTATION_CONTEXT() REPRESENTATION_CONTEXT('2D SPACE',''
  ) );
#7760 = PCURVE('',#7583,#7761);
#7761 = DEFINITIONAL_REPRESENTATION('',(#7762),#7765);
#7762 = B_SPLINE_CURVE_WITH_KNOTS('',1,(#7763,#7764),.UNSPECIFIED.,.F.,
  .F.,(2,2),(-6.000000070117E-07,6.),.PIECEWISE_BEZIER_KNOTS.);
#7763 = CARTESIAN_POINT('',(2.995916666036,-6.000000070117E-07));
#7764 = CARTESIAN_POINT('',(2.995916666036,6.));
#7765 = ( GEOMETRIC_REPRESENTATION_CONTEXT(2) 
PARAMETRIC_REPRESENTATION_CONTEXT() REPRESENTATION_CONTEXT('2D SPACE',''
  ) );
#7766 = ORIENTED_EDGE('',*,*,#7767,.F.);
#7767 = EDGE_CURVE('',#7768,#7747,#7770,.T.);
#7768 = VERTEX_POINT('',#7769);
#7769 = CARTESIAN_POINT('',(-55.87987115232,9.,95.));
#7770 = SURFACE_CURVE('',#7771,(#7775,#7781),.PCURVE_S1.);
#7771 = LINE('',#7772,#7773);
#7772 = CARTESIAN_POINT('',(-40.25,9.,95.));
#7773 = VECTOR('',#7774,1.);
#7774 = DIRECTION('',(-1.,0.,0.));
#7775 = PCURVE('',#7103,#7776);
#7776 = DEFINITIONAL_REPRESENTATION('',(#7777),#7780);
#7777 = B_SPLINE_CURVE_WITH_KNOTS('',1,(#7778,#7779),.UNSPECIFIED.,.F.,
  .F.,(2,2),(15.25,21.75),.PIECEWISE_BEZIER_KNOTS.);
#7778 = CARTESIAN_POINT('',(5.,25.));
#7779 = CARTESIAN_POINT('',(5.,18.5));
#7780 = ( GEOMETRIC_REPRESENTATION_CONTEXT(2) 
PARAMETRIC_REPRESENTATION_CONTEXT() REPRESENTATION_CONTEXT('2D SPACE',''
  ) );
#7781 = PCURVE('',#7609,#7782);
#7782 = DEFINITIONAL_REPRESENTATION('',(#7783),#7786);
#7783 = B_SPLINE_CURVE_WITH_KNOTS('',1,(#7784,#7785),.UNSPECIFIED.,.F.,
  .F.,(2,2),(15.25,21.75),.PIECEWISE_BEZIER_KNOTS.);
#7784 = CARTESIAN_POINT('',(-55.5,9.));
#7785 = CARTESIAN_POINT('',(-62.,9.));
#7786 = ( GEOMETRIC_REPRESENTATION_CONTEXT(2) 
PARAMETRIC_REPRESENTATION_CONTEXT() REPRESENTATION_CONTEXT('2D SPACE',''
  ) );
#7787 = ORIENTED_EDGE('',*,*,#7788,.F.);
#7788 = EDGE_CURVE('',#7648,#7768,#7789,.T.);
#7789 = SURFACE_CURVE('',#7790,(#7794,#7800),.PCURVE_S1.);
#7790 = LINE('',#7791,#7792);
#7791 = CARTESIAN_POINT('',(-55.87987115232,9.,0.));
#7792 = VECTOR('',#7793,1.);
#7793 = DIRECTION('',(0.,0.,1.));
#7794 = PCURVE('',#7103,#7795);
#7795 = DEFINITIONAL_REPRESENTATION('',(#7796),#7799);
#7796 = B_SPLINE_CURVE_WITH_KNOTS('',1,(#7797,#7798),.UNSPECIFIED.,.F.,
  .F.,(2,2),(89.,101.),.PIECEWISE_BEZIER_KNOTS.);
#7797 = CARTESIAN_POINT('',(-1.,24.620128847679));
#7798 = CARTESIAN_POINT('',(11.,24.620128847679));
#7799 = ( GEOMETRIC_REPRESENTATION_CONTEXT(2) 
PARAMETRIC_REPRESENTATION_CONTEXT() REPRESENTATION_CONTEXT('2D SPACE',''
  ) );
#7800 = PCURVE('',#7633,#7801);
#7801 = DEFINITIONAL_REPRESENTATION('',(#7802),#7805);
#7802 = B_SPLINE_CURVE_WITH_KNOTS('',1,(#7803,#7804),.UNSPECIFIED.,.F.,
  .F.,(2,2),(89.,101.),.PIECEWISE_BEZIER_KNOTS.);
#7803 = CARTESIAN_POINT('',(2.981904231465,89.));
#7804 = CARTESIAN_POINT('',(2.981904231465,101.));
#7805 = ( GEOMETRIC_REPRESENTATION_CONTEXT(2) 
PARAMETRIC_REPRESENTATION_CONTEXT() REPRESENTATION_CONTEXT('2D SPACE',''
  ) );
#7806 = ADVANCED_FACE('',(#7807),#7275,.F.);
#7807 = FACE_BOUND('',#7808,.F.);
#7808 = EDGE_LOOP('',(#7809,#7810,#7811,#7812));
#7809 = ORIENTED_EDGE('',*,*,#7441,.F.);
#7810 = ORIENTED_EDGE('',*,*,#7260,.T.);
#7811 = ORIENTED_EDGE('',*,*,#7700,.T.);
#7812 = ORIENTED_EDGE('',*,*,#7813,.F.);
#7813 = EDGE_CURVE('',#7346,#7701,#7814,.T.);
#7814 = SURFACE_CURVE('',#7815,(#7819,#7826),.PCURVE_S1.);
#7815 = LINE('',#7816,#7817);
#7816 = CARTESIAN_POINT('',(-80.5,-9.,100.));
#7817 = VECTOR('',#7818,1.);
#7818 = DIRECTION('',(0.,1.,0.));
#7819 = PCURVE('',#7275,#7820);
#7820 = DEFINITIONAL_REPRESENTATION('',(#7821),#7825);
#7821 = LINE('',#7822,#7823);
#7822 = CARTESIAN_POINT('',(10.,0.));
#7823 = VECTOR('',#7824,1.);
#7824 = DIRECTION('',(0.,-1.));
#7825 = ( GEOMETRIC_REPRESENTATION_CONTEXT(2) 
PARAMETRIC_REPRESENTATION_CONTEXT() REPRESENTATION_CONTEXT('2D SPACE',''
  ) );
#7826 = PCURVE('',#7362,#7827);
#7827 = DEFINITIONAL_REPRESENTATION('',(#7828),#7832);
#7828 = LINE('',#7829,#7830);
#7829 = CARTESIAN_POINT('',(0.,0.));
#7830 = VECTOR('',#7831,1.);
#7831 = DIRECTION('',(0.,1.));
#7832 = ( GEOMETRIC_REPRESENTATION_CONTEXT(2) 
PARAMETRIC_REPRESENTATION_CONTEXT() REPRESENTATION_CONTEXT('2D SPACE',''
  ) );
#7833 = ADVANCED_FACE('',(#7834),#7225,.F.);
#7834 = FACE_BOUND('',#7835,.F.);
#7835 = EDGE_LOOP('',(#7836,#7837,#7838,#7839));
#7836 = ORIENTED_EDGE('',*,*,#7522,.F.);
#7837 = ORIENTED_EDGE('',*,*,#7210,.T.);
#7838 = ORIENTED_EDGE('',*,*,#7421,.T.);
#7839 = ORIENTED_EDGE('',*,*,#7840,.F.);
#7840 = EDGE_CURVE('',#7523,#7398,#7841,.T.);
#7841 = SURFACE_CURVE('',#7842,(#7846,#7853),.PCURVE_S1.);
#7842 = LINE('',#7843,#7844);
#7843 = CARTESIAN_POINT('',(-80.5,-9.,100.));
#7844 = VECTOR('',#7845,1.);
#7845 = DIRECTION('',(0.,1.,0.));
#7846 = PCURVE('',#7225,#7847);
#7847 = DEFINITIONAL_REPRESENTATION('',(#7848),#7852);
#7848 = LINE('',#7849,#7850);
#7849 = CARTESIAN_POINT('',(10.,0.));
#7850 = VECTOR('',#7851,1.);
#7851 = DIRECTION('',(0.,-1.));
#7852 = ( GEOMETRIC_REPRESENTATION_CONTEXT(2) 
PARAMETRIC_REPRESENTATION_CONTEXT() REPRESENTATION_CONTEXT('2D SPACE',''
  ) );
#7853 = PCURVE('',#7362,#7854);
#7854 = DEFINITIONAL_REPRESENTATION('',(#7855),#7859);
#7855 = LINE('',#7856,#7857);
#7856 = CARTESIAN_POINT('',(0.,0.));
#7857 = VECTOR('',#7858,1.);
#7858 = DIRECTION('',(0.,1.));
#7859 = ( GEOMETRIC_REPRESENTATION_CONTEXT(2) 
PARAMETRIC_REPRESENTATION_CONTEXT() REPRESENTATION_CONTEXT('2D SPACE',''
  ) );
#7860 = ADVANCED_FACE('',(#7861),#7362,.T.);
#7861 = FACE_BOUND('',#7862,.T.);
#7862 = EDGE_LOOP('',(#7863,#7864,#7865,#7866,#7867,#7868,#7869));
#7863 = ORIENTED_EDGE('',*,*,#7723,.F.);
#7864 = ORIENTED_EDGE('',*,*,#7813,.F.);
#7865 = ORIENTED_EDGE('',*,*,#7343,.F.);
#7866 = ORIENTED_EDGE('',*,*,#7397,.F.);
#7867 = ORIENTED_EDGE('',*,*,#7840,.F.);
#7868 = ORIENTED_EDGE('',*,*,#7545,.T.);
#7869 = ORIENTED_EDGE('',*,*,#7870,.F.);
#7870 = EDGE_CURVE('',#7724,#7546,#7871,.T.);
#7871 = SURFACE_CURVE('',#7872,(#7877,#7884),.PCURVE_S1.);
#7872 = CIRCLE('',#7873,62.);
#7873 = AXIS2_PLACEMENT_3D('',#7874,#7875,#7876);
#7874 = CARTESIAN_POINT('',(0.,0.,100.));
#7875 = DIRECTION('',(0.,0.,1.));
#7876 = DIRECTION('',(1.,0.,-0.));
#7877 = PCURVE('',#7362,#7878);
#7878 = DEFINITIONAL_REPRESENTATION('',(#7879),#7883);
#7879 = CIRCLE('',#7880,62.);
#7880 = AXIS2_PLACEMENT_2D('',#7881,#7882);
#7881 = CARTESIAN_POINT('',(80.5,9.));
#7882 = DIRECTION('',(1.,0.));
#7883 = ( GEOMETRIC_REPRESENTATION_CONTEXT(2) 
PARAMETRIC_REPRESENTATION_CONTEXT() REPRESENTATION_CONTEXT('2D SPACE',''
  ) );
#7884 = PCURVE('',#7583,#7885);
#7885 = DEFINITIONAL_REPRESENTATION('',(#7886),#7890);
#7886 = LINE('',#7887,#7888);
#7887 = CARTESIAN_POINT('',(0.,5.));
#7888 = VECTOR('',#7889,1.);
#7889 = DIRECTION('',(1.,0.));
#7890 = ( GEOMETRIC_REPRESENTATION_CONTEXT(2) 
PARAMETRIC_REPRESENTATION_CONTEXT() REPRESENTATION_CONTEXT('2D SPACE',''
  ) );
#7891 = ADVANCED_FACE('',(#7892),#7633,.F.);
#7892 = FACE_BOUND('',#7893,.F.);
#7893 = EDGE_LOOP('',(#7894,#7895,#7922,#7946,#7966,#7967));
#7894 = ORIENTED_EDGE('',*,*,#7620,.T.);
#7895 = ORIENTED_EDGE('',*,*,#7896,.T.);
#7896 = EDGE_CURVE('',#7595,#7897,#7899,.T.);
#7897 = VERTEX_POINT('',#7898);
#7898 = CARTESIAN_POINT('',(-55.87987115232,-9.,100.));
#7899 = SURFACE_CURVE('',#7900,(#7904,#7911),.PCURVE_S1.);
#7900 = LINE('',#7901,#7902);
#7901 = CARTESIAN_POINT('',(-55.87987115232,-9.,95.));
#7902 = VECTOR('',#7903,1.);
#7903 = DIRECTION('',(0.,0.,1.));
#7904 = PCURVE('',#7633,#7905);
#7905 = DEFINITIONAL_REPRESENTATION('',(#7906),#7910);
#7906 = LINE('',#7907,#7908);
#7907 = CARTESIAN_POINT('',(3.301281075715,95.));
#7908 = VECTOR('',#7909,1.);
#7909 = DIRECTION('',(0.,1.));
#7910 = ( GEOMETRIC_REPRESENTATION_CONTEXT(2) 
PARAMETRIC_REPRESENTATION_CONTEXT() REPRESENTATION_CONTEXT('2D SPACE',''
  ) );
#7911 = PCURVE('',#7912,#7917);
#7912 = CYLINDRICAL_SURFACE('',#7913,56.6);
#7913 = AXIS2_PLACEMENT_3D('',#7914,#7915,#7916);
#7914 = CARTESIAN_POINT('',(0.,0.,95.));
#7915 = DIRECTION('',(0.,0.,1.));
#7916 = DIRECTION('',(1.,0.,-0.));
#7917 = DEFINITIONAL_REPRESENTATION('',(#7918),#7921);
#7918 = B_SPLINE_CURVE_WITH_KNOTS('',1,(#7919,#7920),.UNSPECIFIED.,.F.,
  .F.,(2,2),(-6.000000070117E-07,6.),.PIECEWISE_BEZIER_KNOTS.);
#7919 = CARTESIAN_POINT('',(3.301281075715,-6.000000070117E-07));
#7920 = CARTESIAN_POINT('',(3.301281075715,6.));
#7921 = ( GEOMETRIC_REPRESENTATION_CONTEXT(2) 
PARAMETRIC_REPRESENTATION_CONTEXT() REPRESENTATION_CONTEXT('2D SPACE',''
  ) );
#7922 = ORIENTED_EDGE('',*,*,#7923,.F.);
#7923 = EDGE_CURVE('',#7924,#7897,#7926,.T.);
#7924 = VERTEX_POINT('',#7925);
#7925 = CARTESIAN_POINT('',(-55.87987115232,9.,100.));
#7926 = SURFACE_CURVE('',#7927,(#7932,#7939),.PCURVE_S1.);
#7927 = CIRCLE('',#7928,56.6);
#7928 = AXIS2_PLACEMENT_3D('',#7929,#7930,#7931);
#7929 = CARTESIAN_POINT('',(0.,0.,100.));
#7930 = DIRECTION('',(0.,0.,1.));
#7931 = DIRECTION('',(1.,0.,-0.));
#7932 = PCURVE('',#7633,#7933);
#7933 = DEFINITIONAL_REPRESENTATION('',(#7934),#7938);
#7934 = LINE('',#7935,#7936);
#7935 = CARTESIAN_POINT('',(0.,100.));
#7936 = VECTOR('',#7937,1.);
#7937 = DIRECTION('',(1.,0.));
#7938 = ( GEOMETRIC_REPRESENTATION_CONTEXT(2) 
PARAMETRIC_REPRESENTATION_CONTEXT() REPRESENTATION_CONTEXT('2D SPACE',''
  ) );
#7939 = PCURVE('',#7912,#7940);
#7940 = DEFINITIONAL_REPRESENTATION('',(#7941),#7945);
#7941 = LINE('',#7942,#7943);
#7942 = CARTESIAN_POINT('',(0.,5.));
#7943 = VECTOR('',#7944,1.);
#7944 = DIRECTION('',(1.,0.));
#7945 = ( GEOMETRIC_REPRESENTATION_CONTEXT(2) 
PARAMETRIC_REPRESENTATION_CONTEXT() REPRESENTATION_CONTEXT('2D SPACE',''
  ) );
#7946 = ORIENTED_EDGE('',*,*,#7947,.F.);
#7947 = EDGE_CURVE('',#7768,#7924,#7948,.T.);
#7948 = SURFACE_CURVE('',#7949,(#7953,#7960),.PCURVE_S1.);
#7949 = LINE('',#7950,#7951);
#7950 = CARTESIAN_POINT('',(-55.87987115232,9.,95.));
#7951 = VECTOR('',#7952,1.);
#7952 = DIRECTION('',(0.,0.,1.));
#7953 = PCURVE('',#7633,#7954);
#7954 = DEFINITIONAL_REPRESENTATION('',(#7955),#7959);
#7955 = LINE('',#7956,#7957);
#7956 = CARTESIAN_POINT('',(2.981904231465,95.));
#7957 = VECTOR('',#7958,1.);
#7958 = DIRECTION('',(0.,1.));
#7959 = ( GEOMETRIC_REPRESENTATION_CONTEXT(2) 
PARAMETRIC_REPRESENTATION_CONTEXT() REPRESENTATION_CONTEXT('2D SPACE',''
  ) );
#7960 = PCURVE('',#7912,#7961);
#7961 = DEFINITIONAL_REPRESENTATION('',(#7962),#7965);
#7962 = B_SPLINE_CURVE_WITH_KNOTS('',1,(#7963,#7964),.UNSPECIFIED.,.F.,
  .F.,(2,2),(-6.000000070117E-07,6.),.PIECEWISE_BEZIER_KNOTS.);
#7963 = CARTESIAN_POINT('',(2.981904231465,-6.000000070117E-07));
#7964 = CARTESIAN_POINT('',(2.981904231465,6.));
#7965 = ( GEOMETRIC_REPRESENTATION_CONTEXT(2) 
PARAMETRIC_REPRESENTATION_CONTEXT() REPRESENTATION_CONTEXT('2D SPACE',''
  ) );
#7966 = ORIENTED_EDGE('',*,*,#7788,.F.);
#7967 = ORIENTED_EDGE('',*,*,#7672,.T.);
#7968 = ADVANCED_FACE('',(#7969),#7609,.F.);
#7969 = FACE_BOUND('',#7970,.F.);
#7970 = EDGE_LOOP('',(#7971,#7995,#8017,#8018,#8042,#8064));
#7971 = ORIENTED_EDGE('',*,*,#7972,.T.);
#7972 = EDGE_CURVE('',#7569,#7973,#7975,.T.);
#7973 = VERTEX_POINT('',#7974);
#7974 = CARTESIAN_POINT('',(62.,-1.518562030943E-14,95.));
#7975 = SURFACE_CURVE('',#7976,(#7981,#7988),.PCURVE_S1.);
#7976 = CIRCLE('',#7977,62.);
#7977 = AXIS2_PLACEMENT_3D('',#7978,#7979,#7980);
#7978 = CARTESIAN_POINT('',(0.,0.,95.));
#7979 = DIRECTION('',(0.,0.,1.));
#7980 = DIRECTION('',(1.,0.,-0.));
#7981 = PCURVE('',#7609,#7982);
#7982 = DEFINITIONAL_REPRESENTATION('',(#7983),#7987);
#7983 = CIRCLE('',#7984,62.);
#7984 = AXIS2_PLACEMENT_2D('',#7985,#7986);
#7985 = CARTESIAN_POINT('',(0.,0.));
#7986 = DIRECTION('',(1.,0.));
#7987 = ( GEOMETRIC_REPRESENTATION_CONTEXT(2) 
PARAMETRIC_REPRESENTATION_CONTEXT() REPRESENTATION_CONTEXT('2D SPACE',''
  ) );
#7988 = PCURVE('',#7583,#7989);
#7989 = DEFINITIONAL_REPRESENTATION('',(#7990),#7994);
#7990 = LINE('',#7991,#7992);
#7991 = CARTESIAN_POINT('',(0.,0.));
#7992 = VECTOR('',#7993,1.);
#7993 = DIRECTION('',(1.,0.));
#7994 = ( GEOMETRIC_REPRESENTATION_CONTEXT(2) 
PARAMETRIC_REPRESENTATION_CONTEXT() REPRESENTATION_CONTEXT('2D SPACE',''
  ) );
#7995 = ORIENTED_EDGE('',*,*,#7996,.T.);
#7996 = EDGE_CURVE('',#7973,#7747,#7997,.T.);
#7997 = SURFACE_CURVE('',#7998,(#8003,#8010),.PCURVE_S1.);
#7998 = CIRCLE('',#7999,62.);
#7999 = AXIS2_PLACEMENT_3D('',#8000,#8001,#8002);
#8000 = CARTESIAN_POINT('',(0.,0.,95.));
#8001 = DIRECTION('',(0.,0.,1.));
#8002 = DIRECTION('',(1.,0.,-0.));
#8003 = PCURVE('',#7609,#8004);
#8004 = DEFINITIONAL_REPRESENTATION('',(#8005),#8009);
#8005 = CIRCLE('',#8006,62.);
#8006 = AXIS2_PLACEMENT_2D('',#8007,#8008);
#8007 = CARTESIAN_POINT('',(0.,0.));
#8008 = DIRECTION('',(1.,0.));
#8009 = ( GEOMETRIC_REPRESENTATION_CONTEXT(2) 
PARAMETRIC_REPRESENTATION_CONTEXT() REPRESENTATION_CONTEXT('2D SPACE',''
  ) );
#8010 = PCURVE('',#7583,#8011);
#8011 = DEFINITIONAL_REPRESENTATION('',(#8012),#8016);
#8012 = LINE('',#8013,#8014);
#8013 = CARTESIAN_POINT('',(0.,0.));
#8014 = VECTOR('',#8015,1.);
#8015 = DIRECTION('',(1.,0.));
#8016 = ( GEOMETRIC_REPRESENTATION_CONTEXT(2) 
PARAMETRIC_REPRESENTATION_CONTEXT() REPRESENTATION_CONTEXT('2D SPACE',''
  ) );
#8017 = ORIENTED_EDGE('',*,*,#7767,.F.);
#8018 = ORIENTED_EDGE('',*,*,#8019,.F.);
#8019 = EDGE_CURVE('',#8020,#7768,#8022,.T.);
#8020 = VERTEX_POINT('',#8021);
#8021 = CARTESIAN_POINT('',(56.6,-1.386300176635E-14,95.));
#8022 = SURFACE_CURVE('',#8023,(#8028,#8035),.PCURVE_S1.);
#8023 = CIRCLE('',#8024,56.6);
#8024 = AXIS2_PLACEMENT_3D('',#8025,#8026,#8027);
#8025 = CARTESIAN_POINT('',(0.,0.,95.));
#8026 = DIRECTION('',(0.,0.,1.));
#8027 = DIRECTION('',(1.,0.,-0.));
#8028 = PCURVE('',#7609,#8029);
#8029 = DEFINITIONAL_REPRESENTATION('',(#8030),#8034);
#8030 = CIRCLE('',#8031,56.6);
#8031 = AXIS2_PLACEMENT_2D('',#8032,#8033);
#8032 = CARTESIAN_POINT('',(0.,0.));
#8033 = DIRECTION('',(1.,0.));
#8034 = ( GEOMETRIC_REPRESENTATION_CONTEXT(2) 
PARAMETRIC_REPRESENTATION_CONTEXT() REPRESENTATION_CONTEXT('2D SPACE',''
  ) );
#8035 = PCURVE('',#7912,#8036);
#8036 = DEFINITIONAL_REPRESENTATION('',(#8037),#8041);
#8037 = LINE('',#8038,#8039);
#8038 = CARTESIAN_POINT('',(0.,0.));
#8039 = VECTOR('',#8040,1.);
#8040 = DIRECTION('',(1.,0.));
#8041 = ( GEOMETRIC_REPRESENTATION_CONTEXT(2) 
PARAMETRIC_REPRESENTATION_CONTEXT() REPRESENTATION_CONTEXT('2D SPACE',''
  ) );
#8042 = ORIENTED_EDGE('',*,*,#8043,.F.);
#8043 = EDGE_CURVE('',#7595,#8020,#8044,.T.);
#8044 = SURFACE_CURVE('',#8045,(#8050,#8057),.PCURVE_S1.);
#8045 = CIRCLE('',#8046,56.6);
#8046 = AXIS2_PLACEMENT_3D('',#8047,#8048,#8049);
#8047 = CARTESIAN_POINT('',(0.,0.,95.));
#8048 = DIRECTION('',(0.,0.,1.));
#8049 = DIRECTION('',(1.,0.,-0.));
#8050 = PCURVE('',#7609,#8051);
#8051 = DEFINITIONAL_REPRESENTATION('',(#8052),#8056);
#8052 = CIRCLE('',#8053,56.6);
#8053 = AXIS2_PLACEMENT_2D('',#8054,#8055);
#8054 = CARTESIAN_POINT('',(0.,0.));
#8055 = DIRECTION('',(1.,0.));
#8056 = ( GEOMETRIC_REPRESENTATION_CONTEXT(2) 
PARAMETRIC_REPRESENTATION_CONTEXT() REPRESENTATION_CONTEXT('2D SPACE',''
  ) );
#8057 = PCURVE('',#7912,#8058);
#8058 = DEFINITIONAL_REPRESENTATION('',(#8059),#8063);
#8059 = LINE('',#8060,#8061);
#8060 = CARTESIAN_POINT('',(0.,0.));
#8061 = VECTOR('',#8062,1.);
#8062 = DIRECTION('',(1.,0.));
#8063 = ( GEOMETRIC_REPRESENTATION_CONTEXT(2) 
PARAMETRIC_REPRESENTATION_CONTEXT() REPRESENTATION_CONTEXT('2D SPACE',''
  ) );
#8064 = ORIENTED_EDGE('',*,*,#7594,.T.);
#8065 = ADVANCED_FACE('',(#8066),#7583,.T.);
#8066 = FACE_BOUND('',#8067,.T.);
#8067 = EDGE_LOOP('',(#8068,#8091,#8118,#8119,#8120,#8121,#8122,#8123));
#8068 = ORIENTED_EDGE('',*,*,#8069,.T.);
#8069 = EDGE_CURVE('',#7973,#8070,#8072,.T.);
#8070 = VERTEX_POINT('',#8071);
#8071 = CARTESIAN_POINT('',(62.,-1.518562030943E-14,105.));
#8072 = SEAM_CURVE('',#8073,(#8077,#8084),.PCURVE_S1.);
#8073 = LINE('',#8074,#8075);
#8074 = CARTESIAN_POINT('',(62.,-1.518562030943E-14,95.));
#8075 = VECTOR('',#8076,1.);
#8076 = DIRECTION('',(0.,0.,1.));
#8077 = PCURVE('',#7583,#8078);
#8078 = DEFINITIONAL_REPRESENTATION('',(#8079),#8083);
#8079 = LINE('',#8080,#8081);
#8080 = CARTESIAN_POINT('',(6.28318530718,-0.));
#8081 = VECTOR('',#8082,1.);
#8082 = DIRECTION('',(0.,1.));
#8083 = ( GEOMETRIC_REPRESENTATION_CONTEXT(2) 
PARAMETRIC_REPRESENTATION_CONTEXT() REPRESENTATION_CONTEXT('2D SPACE',''
  ) );
#8084 = PCURVE('',#7583,#8085);
#8085 = DEFINITIONAL_REPRESENTATION('',(#8086),#8090);
#8086 = LINE('',#8087,#8088);
#8087 = CARTESIAN_POINT('',(0.,-0.));
#8088 = VECTOR('',#8089,1.);
#8089 = DIRECTION('',(0.,1.));
#8090 = ( GEOMETRIC_REPRESENTATION_CONTEXT(2) 
PARAMETRIC_REPRESENTATION_CONTEXT() REPRESENTATION_CONTEXT('2D SPACE',''
  ) );
#8091 = ORIENTED_EDGE('',*,*,#8092,.F.);
#8092 = EDGE_CURVE('',#8070,#8070,#8093,.T.);
#8093 = SURFACE_CURVE('',#8094,(#8099,#8106),.PCURVE_S1.);
#8094 = CIRCLE('',#8095,62.);
#8095 = AXIS2_PLACEMENT_3D('',#8096,#8097,#8098);
#8096 = CARTESIAN_POINT('',(0.,0.,105.));
#8097 = DIRECTION('',(0.,0.,1.));
#8098 = DIRECTION('',(1.,0.,-0.));
#8099 = PCURVE('',#7583,#8100);
#8100 = DEFINITIONAL_REPRESENTATION('',(#8101),#8105);
#8101 = LINE('',#8102,#8103);
#8102 = CARTESIAN_POINT('',(0.,10.));
#8103 = VECTOR('',#8104,1.);
#8104 = DIRECTION('',(1.,0.));
#8105 = ( GEOMETRIC_REPRESENTATION_CONTEXT(2) 
PARAMETRIC_REPRESENTATION_CONTEXT() REPRESENTATION_CONTEXT('2D SPACE',''
  ) );
#8106 = PCURVE('',#8107,#8112);
#8107 = PLANE('',#8108);
#8108 = AXIS2_PLACEMENT_3D('',#8109,#8110,#8111);
#8109 = CARTESIAN_POINT('',(0.,0.,105.));
#8110 = DIRECTION('',(0.,0.,1.));
#8111 = DIRECTION('',(1.,0.,-0.));
#8112 = DEFINITIONAL_REPRESENTATION('',(#8113),#8117);
#8113 = CIRCLE('',#8114,62.);
#8114 = AXIS2_PLACEMENT_2D('',#8115,#8116);
#8115 = CARTESIAN_POINT('',(0.,0.));
#8116 = DIRECTION('',(1.,0.));
#8117 = ( GEOMETRIC_REPRESENTATION_CONTEXT(2) 
PARAMETRIC_REPRESENTATION_CONTEXT() REPRESENTATION_CONTEXT('2D SPACE',''
  ) );
#8118 = ORIENTED_EDGE('',*,*,#8069,.F.);
#8119 = ORIENTED_EDGE('',*,*,#7996,.T.);
#8120 = ORIENTED_EDGE('',*,*,#7746,.T.);
#8121 = ORIENTED_EDGE('',*,*,#7870,.T.);
#8122 = ORIENTED_EDGE('',*,*,#7568,.F.);
#8123 = ORIENTED_EDGE('',*,*,#7972,.T.);
#8124 = ADVANCED_FACE('',(#8125),#7912,.F.);
#8125 = FACE_BOUND('',#8126,.F.);
#8126 = EDGE_LOOP('',(#8127,#8150,#8172,#8173,#8174,#8175,#8176,#8177));
#8127 = ORIENTED_EDGE('',*,*,#8128,.T.);
#8128 = EDGE_CURVE('',#8020,#8129,#8131,.T.);
#8129 = VERTEX_POINT('',#8130);
#8130 = CARTESIAN_POINT('',(56.6,-1.386300176635E-14,105.));
#8131 = SEAM_CURVE('',#8132,(#8136,#8143),.PCURVE_S1.);
#8132 = LINE('',#8133,#8134);
#8133 = CARTESIAN_POINT('',(56.6,-1.386300176635E-14,95.));
#8134 = VECTOR('',#8135,1.);
#8135 = DIRECTION('',(0.,0.,1.));
#8136 = PCURVE('',#7912,#8137);
#8137 = DEFINITIONAL_REPRESENTATION('',(#8138),#8142);
#8138 = LINE('',#8139,#8140);
#8139 = CARTESIAN_POINT('',(6.28318530718,-0.));
#8140 = VECTOR('',#8141,1.);
#8141 = DIRECTION('',(0.,1.));
#8142 = ( GEOMETRIC_REPRESENTATION_CONTEXT(2) 
PARAMETRIC_REPRESENTATION_CONTEXT() REPRESENTATION_CONTEXT('2D SPACE',''
  ) );
#8143 = PCURVE('',#7912,#8144);
#8144 = DEFINITIONAL_REPRESENTATION('',(#8145),#8149);
#8145 = LINE('',#8146,#8147);
#8146 = CARTESIAN_POINT('',(0.,-0.));
#8147 = VECTOR('',#8148,1.);
#8148 = DIRECTION('',(0.,1.));
#8149 = ( GEOMETRIC_REPRESENTATION_CONTEXT(2) 
PARAMETRIC_REPRESENTATION_CONTEXT() REPRESENTATION_CONTEXT('2D SPACE',''
  ) );
#8150 = ORIENTED_EDGE('',*,*,#8151,.F.);
#8151 = EDGE_CURVE('',#8129,#8129,#8152,.T.);
#8152 = SURFACE_CURVE('',#8153,(#8158,#8165),.PCURVE_S1.);
#8153 = CIRCLE('',#8154,56.6);
#8154 = AXIS2_PLACEMENT_3D('',#8155,#8156,#8157);
#8155 = CARTESIAN_POINT('',(0.,0.,105.));
#8156 = DIRECTION('',(0.,0.,1.));
#8157 = DIRECTION('',(1.,0.,-0.));
#8158 = PCURVE('',#7912,#8159);
#8159 = DEFINITIONAL_REPRESENTATION('',(#8160),#8164);
#8160 = LINE('',#8161,#8162);
#8161 = CARTESIAN_POINT('',(0.,10.));
#8162 = VECTOR('',#8163,1.);
#8163 = DIRECTION('',(1.,0.));
#8164 = ( GEOMETRIC_REPRESENTATION_CONTEXT(2) 
PARAMETRIC_REPRESENTATION_CONTEXT() REPRESENTATION_CONTEXT('2D SPACE',''
  ) );
#8165 = PCURVE('',#8107,#8166);
#8166 = DEFINITIONAL_REPRESENTATION('',(#8167),#8171);
#8167 = CIRCLE('',#8168,56.6);
#8168 = AXIS2_PLACEMENT_2D('',#8169,#8170);
#8169 = CARTESIAN_POINT('',(0.,0.));
#8170 = DIRECTION('',(1.,0.));
#8171 = ( GEOMETRIC_REPRESENTATION_CONTEXT(2) 
PARAMETRIC_REPRESENTATION_CONTEXT() REPRESENTATION_CONTEXT('2D SPACE',''
  ) );
#8172 = ORIENTED_EDGE('',*,*,#8128,.F.);
#8173 = ORIENTED_EDGE('',*,*,#8019,.T.);
#8174 = ORIENTED_EDGE('',*,*,#7947,.T.);
#8175 = ORIENTED_EDGE('',*,*,#7923,.T.);
#8176 = ORIENTED_EDGE('',*,*,#7896,.F.);
#8177 = ORIENTED_EDGE('',*,*,#8043,.T.);
#8178 = ADVANCED_FACE('',(#8179,#8182),#8107,.T.);
#8179 = FACE_BOUND('',#8180,.T.);
#8180 = EDGE_LOOP('',(#8181));
#8181 = ORIENTED_EDGE('',*,*,#8092,.T.);
#8182 = FACE_BOUND('',#8183,.T.);
#8183 = EDGE_LOOP('',(#8184));
#8184 = ORIENTED_EDGE('',*,*,#8151,.F.);
#8185 = ( GEOMETRIC_REPRESENTATION_CONTEXT(3) 
GLOBAL_UNCERTAINTY_ASSIGNED_CONTEXT((#8189)) 
GLOBAL_UNIT_ASSIGNED_CONTEXT((#8186,#8187,#8188)) REPRESENTATION_CONTEXT
('Context #1','3D Context with UNIT and UNCERTAINTY') );
#8186 = ( LENGTH_UNIT() NAMED_UNIT(*) SI_UNIT(.MILLI.,.METRE.) );
#8187 = ( NAMED_UNIT(*) PLANE_ANGLE_UNIT() SI_UNIT($,.RADIAN.) );
#8188 = ( NAMED_UNIT(*) SI_UNIT($,.STERADIAN.) SOLID_ANGLE_UNIT() );
#8189 = UNCERTAINTY_MEASURE_WITH_UNIT(LENGTH_MEASURE(1.E-07),#8186,
  'distance_accuracy_value','confusion accuracy');
#8190 = CONTEXT_DEPENDENT_SHAPE_REPRESENTATION(#8191,#8193);
#8191 = ( REPRESENTATION_RELATIONSHIP('','',#6155,#6108) 
REPRESENTATION_RELATIONSHIP_WITH_TRANSFORMATION(#8192) 
SHAPE_REPRESENTATION_RELATIONSHIP() );
#8192 = ITEM_DEFINED_TRANSFORMATION('','',#11,#6109);
#8193 = PRODUCT_DEFINITION_SHAPE('Placement','Placement of an item',
  #8194);
#8194 = NEXT_ASSEMBLY_USAGE_OCCURRENCE('45',
  'V3_LONGLINE_FIXED_JAW_SADDLE_LANYARD_LUG','',#6103,#6150,$);
#8195 = PRODUCT_RELATED_PRODUCT_CATEGORY('part',$,(#6152));
#8196 = SHAPE_DEFINITION_REPRESENTATION(#8197,#8203);
#8197 = PRODUCT_DEFINITION_SHAPE('','',#8198);
#8198 = PRODUCT_DEFINITION('design','',#8199,#8202);
#8199 = PRODUCT_DEFINITION_FORMATION('','',#8200);
#8200 = PRODUCT('V3_DIVER_RELEASE_MOVING_JAW',
  'V3_DIVER_RELEASE_MOVING_JAW','',(#8201));
#8201 = PRODUCT_CONTEXT('',#2,'mechanical');
#8202 = PRODUCT_DEFINITION_CONTEXT('part definition',#2,'design');
#8203 = ADVANCED_BREP_SHAPE_REPRESENTATION('',(#11,#8204),#8936);
#8204 = MANIFOLD_SOLID_BREP('',#8205);
#8205 = CLOSED_SHELL('',(#8206,#8326,#8488,#8599,#8719,#8770,#8797,#8822
    ,#8875,#8882,#8909));
#8206 = ADVANCED_FACE('',(#8207),#8221,.F.);
#8207 = FACE_BOUND('',#8208,.F.);
#8208 = EDGE_LOOP('',(#8209,#8244,#8272,#8300));
#8209 = ORIENTED_EDGE('',*,*,#8210,.F.);
#8210 = EDGE_CURVE('',#8211,#8213,#8215,.T.);
#8211 = VERTEX_POINT('',#8212);
#8212 = CARTESIAN_POINT('',(-125.,-12.,100.5));
#8213 = VERTEX_POINT('',#8214);
#8214 = CARTESIAN_POINT('',(-125.,-12.,120.));
#8215 = SURFACE_CURVE('',#8216,(#8220,#8232),.PCURVE_S1.);
#8216 = LINE('',#8217,#8218);
#8217 = CARTESIAN_POINT('',(-125.,-12.,100.5));
#8218 = VECTOR('',#8219,1.);
#8219 = DIRECTION('',(0.,0.,1.));
#8220 = PCURVE('',#8221,#8226);
#8221 = PLANE('',#8222);
#8222 = AXIS2_PLACEMENT_3D('',#8223,#8224,#8225);
#8223 = CARTESIAN_POINT('',(-125.,-12.,100.5));
#8224 = DIRECTION('',(1.,0.,0.));
#8225 = DIRECTION('',(0.,0.,1.));
#8226 = DEFINITIONAL_REPRESENTATION('',(#8227),#8231);
#8227 = LINE('',#8228,#8229);
#8228 = CARTESIAN_POINT('',(0.,0.));
#8229 = VECTOR('',#8230,1.);
#8230 = DIRECTION('',(1.,0.));
#8231 = ( GEOMETRIC_REPRESENTATION_CONTEXT(2) 
PARAMETRIC_REPRESENTATION_CONTEXT() REPRESENTATION_CONTEXT('2D SPACE',''
  ) );
#8232 = PCURVE('',#8233,#8238);
#8233 = PLANE('',#8234);
#8234 = AXIS2_PLACEMENT_3D('',#8235,#8236,#8237);
#8235 = CARTESIAN_POINT('',(-125.,-12.,100.5));
#8236 = DIRECTION('',(0.,1.,0.));
#8237 = DIRECTION('',(0.,0.,1.));
#8238 = DEFINITIONAL_REPRESENTATION('',(#8239),#8243);
#8239 = LINE('',#8240,#8241);
#8240 = CARTESIAN_POINT('',(0.,0.));
#8241 = VECTOR('',#8242,1.);
#8242 = DIRECTION('',(1.,0.));
#8243 = ( GEOMETRIC_REPRESENTATION_CONTEXT(2) 
PARAMETRIC_REPRESENTATION_CONTEXT() REPRESENTATION_CONTEXT('2D SPACE',''
  ) );
#8244 = ORIENTED_EDGE('',*,*,#8245,.T.);
#8245 = EDGE_CURVE('',#8211,#8246,#8248,.T.);
#8246 = VERTEX_POINT('',#8247);
#8247 = CARTESIAN_POINT('',(-125.,12.,100.5));
#8248 = SURFACE_CURVE('',#8249,(#8253,#8260),.PCURVE_S1.);
#8249 = LINE('',#8250,#8251);
#8250 = CARTESIAN_POINT('',(-125.,-12.,100.5));
#8251 = VECTOR('',#8252,1.);
#8252 = DIRECTION('',(0.,1.,0.));
#8253 = PCURVE('',#8221,#8254);
#8254 = DEFINITIONAL_REPRESENTATION('',(#8255),#8259);
#8255 = LINE('',#8256,#8257);
#8256 = CARTESIAN_POINT('',(0.,0.));
#8257 = VECTOR('',#8258,1.);
#8258 = DIRECTION('',(0.,-1.));
#8259 = ( GEOMETRIC_REPRESENTATION_CONTEXT(2) 
PARAMETRIC_REPRESENTATION_CONTEXT() REPRESENTATION_CONTEXT('2D SPACE',''
  ) );
#8260 = PCURVE('',#8261,#8266);
#8261 = PLANE('',#8262);
#8262 = AXIS2_PLACEMENT_3D('',#8263,#8264,#8265);
#8263 = CARTESIAN_POINT('',(-125.,-12.,100.5));
#8264 = DIRECTION('',(0.,0.,1.));
#8265 = DIRECTION('',(1.,0.,0.));
#8266 = DEFINITIONAL_REPRESENTATION('',(#8267),#8271);
#8267 = LINE('',#8268,#8269);
#8268 = CARTESIAN_POINT('',(0.,0.));
#8269 = VECTOR('',#8270,1.);
#8270 = DIRECTION('',(0.,1.));
#8271 = ( GEOMETRIC_REPRESENTATION_CONTEXT(2) 
PARAMETRIC_REPRESENTATION_CONTEXT() REPRESENTATION_CONTEXT('2D SPACE',''
  ) );
#8272 = ORIENTED_EDGE('',*,*,#8273,.T.);
#8273 = EDGE_CURVE('',#8246,#8274,#8276,.T.);
#8274 = VERTEX_POINT('',#8275);
#8275 = CARTESIAN_POINT('',(-125.,12.,120.));
#8276 = SURFACE_CURVE('',#8277,(#8281,#8288),.PCURVE_S1.);
#8277 = LINE('',#8278,#8279);
#8278 = CARTESIAN_POINT('',(-125.,12.,100.5));
#8279 = VECTOR('',#8280,1.);
#8280 = DIRECTION('',(0.,0.,1.));
#8281 = PCURVE('',#8221,#8282);
#8282 = DEFINITIONAL_REPRESENTATION('',(#8283),#8287);
#8283 = LINE('',#8284,#8285);
#8284 = CARTESIAN_POINT('',(0.,-24.));
#8285 = VECTOR('',#8286,1.);
#8286 = DIRECTION('',(1.,0.));
#8287 = ( GEOMETRIC_REPRESENTATION_CONTEXT(2) 
PARAMETRIC_REPRESENTATION_CONTEXT() REPRESENTATION_CONTEXT('2D SPACE',''
  ) );
#8288 = PCURVE('',#8289,#8294);
#8289 = PLANE('',#8290);
#8290 = AXIS2_PLACEMENT_3D('',#8291,#8292,#8293);
#8291 = CARTESIAN_POINT('',(-125.,12.,100.5));
#8292 = DIRECTION('',(0.,1.,0.));
#8293 = DIRECTION('',(0.,0.,1.));
#8294 = DEFINITIONAL_REPRESENTATION('',(#8295),#8299);
#8295 = LINE('',#8296,#8297);
#8296 = CARTESIAN_POINT('',(0.,0.));
#8297 = VECTOR('',#8298,1.);
#8298 = DIRECTION('',(1.,0.));
#8299 = ( GEOMETRIC_REPRESENTATION_CONTEXT(2) 
PARAMETRIC_REPRESENTATION_CONTEXT() REPRESENTATION_CONTEXT('2D SPACE',''
  ) );
#8300 = ORIENTED_EDGE('',*,*,#8301,.F.);
#8301 = EDGE_CURVE('',#8213,#8274,#8302,.T.);
#8302 = SURFACE_CURVE('',#8303,(#8307,#8314),.PCURVE_S1.);
#8303 = LINE('',#8304,#8305);
#8304 = CARTESIAN_POINT('',(-125.,-12.,120.));
#8305 = VECTOR('',#8306,1.);
#8306 = DIRECTION('',(0.,1.,0.));
#8307 = PCURVE('',#8221,#8308);
#8308 = DEFINITIONAL_REPRESENTATION('',(#8309),#8313);
#8309 = LINE('',#8310,#8311);
#8310 = CARTESIAN_POINT('',(19.5,0.));
#8311 = VECTOR('',#8312,1.);
#8312 = DIRECTION('',(0.,-1.));
#8313 = ( GEOMETRIC_REPRESENTATION_CONTEXT(2) 
PARAMETRIC_REPRESENTATION_CONTEXT() REPRESENTATION_CONTEXT('2D SPACE',''
  ) );
#8314 = PCURVE('',#8315,#8320);
#8315 = PLANE('',#8316);
#8316 = AXIS2_PLACEMENT_3D('',#8317,#8318,#8319);
#8317 = CARTESIAN_POINT('',(-125.,-12.,120.));
#8318 = DIRECTION('',(0.,0.,1.));
#8319 = DIRECTION('',(1.,0.,0.));
#8320 = DEFINITIONAL_REPRESENTATION('',(#8321),#8325);
#8321 = LINE('',#8322,#8323);
#8322 = CARTESIAN_POINT('',(0.,0.));
#8323 = VECTOR('',#8324,1.);
#8324 = DIRECTION('',(0.,1.));
#8325 = ( GEOMETRIC_REPRESENTATION_CONTEXT(2) 
PARAMETRIC_REPRESENTATION_CONTEXT() REPRESENTATION_CONTEXT('2D SPACE',''
  ) );
#8326 = ADVANCED_FACE('',(#8327),#8233,.F.);
#8327 = FACE_BOUND('',#8328,.F.);
#8328 = EDGE_LOOP('',(#8329,#8352,#8353,#8376,#8404,#8432,#8461));
#8329 = ORIENTED_EDGE('',*,*,#8330,.F.);
#8330 = EDGE_CURVE('',#8211,#8331,#8333,.T.);
#8331 = VERTEX_POINT('',#8332);
#8332 = CARTESIAN_POINT('',(-112.4899959967,-12.,100.5));
#8333 = SURFACE_CURVE('',#8334,(#8338,#8345),.PCURVE_S1.);
#8334 = LINE('',#8335,#8336);
#8335 = CARTESIAN_POINT('',(-125.,-12.,100.5));
#8336 = VECTOR('',#8337,1.);
#8337 = DIRECTION('',(1.,0.,0.));
#8338 = PCURVE('',#8233,#8339);
#8339 = DEFINITIONAL_REPRESENTATION('',(#8340),#8344);
#8340 = LINE('',#8341,#8342);
#8341 = CARTESIAN_POINT('',(0.,0.));
#8342 = VECTOR('',#8343,1.);
#8343 = DIRECTION('',(0.,1.));
#8344 = ( GEOMETRIC_REPRESENTATION_CONTEXT(2) 
PARAMETRIC_REPRESENTATION_CONTEXT() REPRESENTATION_CONTEXT('2D SPACE',''
  ) );
#8345 = PCURVE('',#8261,#8346);
#8346 = DEFINITIONAL_REPRESENTATION('',(#8347),#8351);
#8347 = LINE('',#8348,#8349);
#8348 = CARTESIAN_POINT('',(0.,0.));
#8349 = VECTOR('',#8350,1.);
#8350 = DIRECTION('',(1.,0.));
#8351 = ( GEOMETRIC_REPRESENTATION_CONTEXT(2) 
PARAMETRIC_REPRESENTATION_CONTEXT() REPRESENTATION_CONTEXT('2D SPACE',''
  ) );
#8352 = ORIENTED_EDGE('',*,*,#8210,.T.);
#8353 = ORIENTED_EDGE('',*,*,#8354,.T.);
#8354 = EDGE_CURVE('',#8213,#8355,#8357,.T.);
#8355 = VERTEX_POINT('',#8356);
#8356 = CARTESIAN_POINT('',(-75.,-12.,120.));
#8357 = SURFACE_CURVE('',#8358,(#8362,#8369),.PCURVE_S1.);
#8358 = LINE('',#8359,#8360);
#8359 = CARTESIAN_POINT('',(-125.,-12.,120.));
#8360 = VECTOR('',#8361,1.);
#8361 = DIRECTION('',(1.,0.,0.));
#8362 = PCURVE('',#8233,#8363);
#8363 = DEFINITIONAL_REPRESENTATION('',(#8364),#8368);
#8364 = LINE('',#8365,#8366);
#8365 = CARTESIAN_POINT('',(19.5,0.));
#8366 = VECTOR('',#8367,1.);
#8367 = DIRECTION('',(0.,1.));
#8368 = ( GEOMETRIC_REPRESENTATION_CONTEXT(2) 
PARAMETRIC_REPRESENTATION_CONTEXT() REPRESENTATION_CONTEXT('2D SPACE',''
  ) );
#8369 = PCURVE('',#8315,#8370);
#8370 = DEFINITIONAL_REPRESENTATION('',(#8371),#8375);
#8371 = LINE('',#8372,#8373);
#8372 = CARTESIAN_POINT('',(0.,0.));
#8373 = VECTOR('',#8374,1.);
#8374 = DIRECTION('',(1.,0.));
#8375 = ( GEOMETRIC_REPRESENTATION_CONTEXT(2) 
PARAMETRIC_REPRESENTATION_CONTEXT() REPRESENTATION_CONTEXT('2D SPACE',''
  ) );
#8376 = ORIENTED_EDGE('',*,*,#8377,.F.);
#8377 = EDGE_CURVE('',#8378,#8355,#8380,.T.);
#8378 = VERTEX_POINT('',#8379);
#8379 = CARTESIAN_POINT('',(-75.,-12.,100.5));
#8380 = SURFACE_CURVE('',#8381,(#8385,#8392),.PCURVE_S1.);
#8381 = LINE('',#8382,#8383);
#8382 = CARTESIAN_POINT('',(-75.,-12.,100.5));
#8383 = VECTOR('',#8384,1.);
#8384 = DIRECTION('',(0.,0.,1.));
#8385 = PCURVE('',#8233,#8386);
#8386 = DEFINITIONAL_REPRESENTATION('',(#8387),#8391);
#8387 = LINE('',#8388,#8389);
#8388 = CARTESIAN_POINT('',(0.,50.));
#8389 = VECTOR('',#8390,1.);
#8390 = DIRECTION('',(1.,0.));
#8391 = ( GEOMETRIC_REPRESENTATION_CONTEXT(2) 
PARAMETRIC_REPRESENTATION_CONTEXT() REPRESENTATION_CONTEXT('2D SPACE',''
  ) );
#8392 = PCURVE('',#8393,#8398);
#8393 = PLANE('',#8394);
#8394 = AXIS2_PLACEMENT_3D('',#8395,#8396,#8397);
#8395 = CARTESIAN_POINT('',(-75.,-12.,100.5));
#8396 = DIRECTION('',(1.,0.,0.));
#8397 = DIRECTION('',(0.,0.,1.));
#8398 = DEFINITIONAL_REPRESENTATION('',(#8399),#8403);
#8399 = LINE('',#8400,#8401);
#8400 = CARTESIAN_POINT('',(0.,0.));
#8401 = VECTOR('',#8402,1.);
#8402 = DIRECTION('',(1.,0.));
#8403 = ( GEOMETRIC_REPRESENTATION_CONTEXT(2) 
PARAMETRIC_REPRESENTATION_CONTEXT() REPRESENTATION_CONTEXT('2D SPACE',''
  ) );
#8404 = ORIENTED_EDGE('',*,*,#8405,.F.);
#8405 = EDGE_CURVE('',#8406,#8378,#8408,.T.);
#8406 = VERTEX_POINT('',#8407);
#8407 = CARTESIAN_POINT('',(-87.5100040032,-12.,100.5));
#8408 = SURFACE_CURVE('',#8409,(#8413,#8420),.PCURVE_S1.);
#8409 = LINE('',#8410,#8411);
#8410 = CARTESIAN_POINT('',(-125.,-12.,100.5));
#8411 = VECTOR('',#8412,1.);
#8412 = DIRECTION('',(1.,0.,0.));
#8413 = PCURVE('',#8233,#8414);
#8414 = DEFINITIONAL_REPRESENTATION('',(#8415),#8419);
#8415 = LINE('',#8416,#8417);
#8416 = CARTESIAN_POINT('',(0.,0.));
#8417 = VECTOR('',#8418,1.);
#8418 = DIRECTION('',(0.,1.));
#8419 = ( GEOMETRIC_REPRESENTATION_CONTEXT(2) 
PARAMETRIC_REPRESENTATION_CONTEXT() REPRESENTATION_CONTEXT('2D SPACE',''
  ) );
#8420 = PCURVE('',#8421,#8426);
#8421 = PLANE('',#8422);
#8422 = AXIS2_PLACEMENT_3D('',#8423,#8424,#8425);
#8423 = CARTESIAN_POINT('',(-125.,-12.,100.5));
#8424 = DIRECTION('',(0.,0.,1.));
#8425 = DIRECTION('',(1.,0.,0.));
#8426 = DEFINITIONAL_REPRESENTATION('',(#8427),#8431);
#8427 = LINE('',#8428,#8429);
#8428 = CARTESIAN_POINT('',(0.,0.));
#8429 = VECTOR('',#8430,1.);
#8430 = DIRECTION('',(1.,0.));
#8431 = ( GEOMETRIC_REPRESENTATION_CONTEXT(2) 
PARAMETRIC_REPRESENTATION_CONTEXT() REPRESENTATION_CONTEXT('2D SPACE',''
  ) );
#8432 = ORIENTED_EDGE('',*,*,#8433,.F.);
#8433 = EDGE_CURVE('',#8434,#8406,#8436,.T.);
#8434 = VERTEX_POINT('',#8435);
#8435 = CARTESIAN_POINT('',(-100.,-12.,112.5));
#8436 = SURFACE_CURVE('',#8437,(#8442,#8449),.PCURVE_S1.);
#8437 = CIRCLE('',#8438,12.5);
#8438 = AXIS2_PLACEMENT_3D('',#8439,#8440,#8441);
#8439 = CARTESIAN_POINT('',(-100.,-12.,100.));
#8440 = DIRECTION('',(0.,1.,0.));
#8441 = DIRECTION('',(0.,-0.,1.));
#8442 = PCURVE('',#8233,#8443);
#8443 = DEFINITIONAL_REPRESENTATION('',(#8444),#8448);
#8444 = CIRCLE('',#8445,12.5);
#8445 = AXIS2_PLACEMENT_2D('',#8446,#8447);
#8446 = CARTESIAN_POINT('',(-0.5,25.));
#8447 = DIRECTION('',(1.,0.));
#8448 = ( GEOMETRIC_REPRESENTATION_CONTEXT(2) 
PARAMETRIC_REPRESENTATION_CONTEXT() REPRESENTATION_CONTEXT('2D SPACE',''
  ) );
#8449 = PCURVE('',#8450,#8455);
#8450 = CYLINDRICAL_SURFACE('',#8451,12.5);
#8451 = AXIS2_PLACEMENT_3D('',#8452,#8453,#8454);
#8452 = CARTESIAN_POINT('',(-100.,-12.,100.));
#8453 = DIRECTION('',(0.,1.,0.));
#8454 = DIRECTION('',(0.,-0.,1.));
#8455 = DEFINITIONAL_REPRESENTATION('',(#8456),#8460);
#8456 = LINE('',#8457,#8458);
#8457 = CARTESIAN_POINT('',(0.,0.));
#8458 = VECTOR('',#8459,1.);
#8459 = DIRECTION('',(1.,0.));
#8460 = ( GEOMETRIC_REPRESENTATION_CONTEXT(2) 
PARAMETRIC_REPRESENTATION_CONTEXT() REPRESENTATION_CONTEXT('2D SPACE',''
  ) );
#8461 = ORIENTED_EDGE('',*,*,#8462,.F.);
#8462 = EDGE_CURVE('',#8331,#8434,#8463,.T.);
#8463 = SURFACE_CURVE('',#8464,(#8469,#8476),.PCURVE_S1.);
#8464 = CIRCLE('',#8465,12.5);
#8465 = AXIS2_PLACEMENT_3D('',#8466,#8467,#8468);
#8466 = CARTESIAN_POINT('',(-100.,-12.,100.));
#8467 = DIRECTION('',(0.,1.,0.));
#8468 = DIRECTION('',(0.,-0.,1.));
#8469 = PCURVE('',#8233,#8470);
#8470 = DEFINITIONAL_REPRESENTATION('',(#8471),#8475);
#8471 = CIRCLE('',#8472,12.5);
#8472 = AXIS2_PLACEMENT_2D('',#8473,#8474);
#8473 = CARTESIAN_POINT('',(-0.5,25.));
#8474 = DIRECTION('',(1.,0.));
#8475 = ( GEOMETRIC_REPRESENTATION_CONTEXT(2) 
PARAMETRIC_REPRESENTATION_CONTEXT() REPRESENTATION_CONTEXT('2D SPACE',''
  ) );
#8476 = PCURVE('',#8477,#8482);
#8477 = CYLINDRICAL_SURFACE('',#8478,12.5);
#8478 = AXIS2_PLACEMENT_3D('',#8479,#8480,#8481);
#8479 = CARTESIAN_POINT('',(-100.,-12.,100.));
#8480 = DIRECTION('',(0.,1.,0.));
#8481 = DIRECTION('',(0.,-0.,1.));
#8482 = DEFINITIONAL_REPRESENTATION('',(#8483),#8487);
#8483 = LINE('',#8484,#8485);
#8484 = CARTESIAN_POINT('',(0.,0.));
#8485 = VECTOR('',#8486,1.);
#8486 = DIRECTION('',(1.,0.));
#8487 = ( GEOMETRIC_REPRESENTATION_CONTEXT(2) 
PARAMETRIC_REPRESENTATION_CONTEXT() REPRESENTATION_CONTEXT('2D SPACE',''
  ) );
#8488 = ADVANCED_FACE('',(#8489,#8537,#8568),#8315,.T.);
#8489 = FACE_BOUND('',#8490,.T.);
#8490 = EDGE_LOOP('',(#8491,#8492,#8493,#8516));
#8491 = ORIENTED_EDGE('',*,*,#8301,.F.);
#8492 = ORIENTED_EDGE('',*,*,#8354,.T.);
#8493 = ORIENTED_EDGE('',*,*,#8494,.T.);
#8494 = EDGE_CURVE('',#8355,#8495,#8497,.T.);
#8495 = VERTEX_POINT('',#8496);
#8496 = CARTESIAN_POINT('',(-75.,12.,120.));
#8497 = SURFACE_CURVE('',#8498,(#8502,#8509),.PCURVE_S1.);
#8498 = LINE('',#8499,#8500);
#8499 = CARTESIAN_POINT('',(-75.,-12.,120.));
#8500 = VECTOR('',#8501,1.);
#8501 = DIRECTION('',(0.,1.,0.));
#8502 = PCURVE('',#8315,#8503);
#8503 = DEFINITIONAL_REPRESENTATION('',(#8504),#8508);
#8504 = LINE('',#8505,#8506);
#8505 = CARTESIAN_POINT('',(50.,0.));
#8506 = VECTOR('',#8507,1.);
#8507 = DIRECTION('',(0.,1.));
#8508 = ( GEOMETRIC_REPRESENTATION_CONTEXT(2) 
PARAMETRIC_REPRESENTATION_CONTEXT() REPRESENTATION_CONTEXT('2D SPACE',''
  ) );
#8509 = PCURVE('',#8393,#8510);
#8510 = DEFINITIONAL_REPRESENTATION('',(#8511),#8515);
#8511 = LINE('',#8512,#8513);
#8512 = CARTESIAN_POINT('',(19.5,0.));
#8513 = VECTOR('',#8514,1.);
#8514 = DIRECTION('',(0.,-1.));
#8515 = ( GEOMETRIC_REPRESENTATION_CONTEXT(2) 
PARAMETRIC_REPRESENTATION_CONTEXT() REPRESENTATION_CONTEXT('2D SPACE',''
  ) );
#8516 = ORIENTED_EDGE('',*,*,#8517,.F.);
#8517 = EDGE_CURVE('',#8274,#8495,#8518,.T.);
#8518 = SURFACE_CURVE('',#8519,(#8523,#8530),.PCURVE_S1.);
#8519 = LINE('',#8520,#8521);
#8520 = CARTESIAN_POINT('',(-125.,12.,120.));
#8521 = VECTOR('',#8522,1.);
#8522 = DIRECTION('',(1.,0.,0.));
#8523 = PCURVE('',#8315,#8524);
#8524 = DEFINITIONAL_REPRESENTATION('',(#8525),#8529);
#8525 = LINE('',#8526,#8527);
#8526 = CARTESIAN_POINT('',(0.,24.));
#8527 = VECTOR('',#8528,1.);
#8528 = DIRECTION('',(1.,0.));
#8529 = ( GEOMETRIC_REPRESENTATION_CONTEXT(2) 
PARAMETRIC_REPRESENTATION_CONTEXT() REPRESENTATION_CONTEXT('2D SPACE',''
  ) );
#8530 = PCURVE('',#8289,#8531);
#8531 = DEFINITIONAL_REPRESENTATION('',(#8532),#8536);
#8532 = LINE('',#8533,#8534);
#8533 = CARTESIAN_POINT('',(19.5,0.));
#8534 = VECTOR('',#8535,1.);
#8535 = DIRECTION('',(0.,1.));
#8536 = ( GEOMETRIC_REPRESENTATION_CONTEXT(2) 
PARAMETRIC_REPRESENTATION_CONTEXT() REPRESENTATION_CONTEXT('2D SPACE',''
  ) );
#8537 = FACE_BOUND('',#8538,.T.);
#8538 = EDGE_LOOP('',(#8539));
#8539 = ORIENTED_EDGE('',*,*,#8540,.F.);
#8540 = EDGE_CURVE('',#8541,#8541,#8543,.T.);
#8541 = VERTEX_POINT('',#8542);
#8542 = CARTESIAN_POINT('',(-116.,-9.797174393179E-16,120.));
#8543 = SURFACE_CURVE('',#8544,(#8549,#8556),.PCURVE_S1.);
#8544 = CIRCLE('',#8545,4.);
#8545 = AXIS2_PLACEMENT_3D('',#8546,#8547,#8548);
#8546 = CARTESIAN_POINT('',(-120.,0.,120.));
#8547 = DIRECTION('',(0.,0.,1.));
#8548 = DIRECTION('',(1.,0.,-0.));
#8549 = PCURVE('',#8315,#8550);
#8550 = DEFINITIONAL_REPRESENTATION('',(#8551),#8555);
#8551 = CIRCLE('',#8552,4.);
#8552 = AXIS2_PLACEMENT_2D('',#8553,#8554);
#8553 = CARTESIAN_POINT('',(5.,12.));
#8554 = DIRECTION('',(1.,0.));
#8555 = ( GEOMETRIC_REPRESENTATION_CONTEXT(2) 
PARAMETRIC_REPRESENTATION_CONTEXT() REPRESENTATION_CONTEXT('2D SPACE',''
  ) );
#8556 = PCURVE('',#8557,#8562);
#8557 = CYLINDRICAL_SURFACE('',#8558,4.);
#8558 = AXIS2_PLACEMENT_3D('',#8559,#8560,#8561);
#8559 = CARTESIAN_POINT('',(-120.,0.,80.));
#8560 = DIRECTION('',(0.,0.,1.));
#8561 = DIRECTION('',(1.,0.,-0.));
#8562 = DEFINITIONAL_REPRESENTATION('',(#8563),#8567);
#8563 = LINE('',#8564,#8565);
#8564 = CARTESIAN_POINT('',(0.,40.));
#8565 = VECTOR('',#8566,1.);
#8566 = DIRECTION('',(1.,0.));
#8567 = ( GEOMETRIC_REPRESENTATION_CONTEXT(2) 
PARAMETRIC_REPRESENTATION_CONTEXT() REPRESENTATION_CONTEXT('2D SPACE',''
  ) );
#8568 = FACE_BOUND('',#8569,.T.);
#8569 = EDGE_LOOP('',(#8570));
#8570 = ORIENTED_EDGE('',*,*,#8571,.F.);
#8571 = EDGE_CURVE('',#8572,#8572,#8574,.T.);
#8572 = VERTEX_POINT('',#8573);
#8573 = CARTESIAN_POINT('',(-76.,-9.797174393179E-16,120.));
#8574 = SURFACE_CURVE('',#8575,(#8580,#8587),.PCURVE_S1.);
#8575 = CIRCLE('',#8576,4.);
#8576 = AXIS2_PLACEMENT_3D('',#8577,#8578,#8579);
#8577 = CARTESIAN_POINT('',(-80.,0.,120.));
#8578 = DIRECTION('',(0.,0.,1.));
#8579 = DIRECTION('',(1.,0.,-0.));
#8580 = PCURVE('',#8315,#8581);
#8581 = DEFINITIONAL_REPRESENTATION('',(#8582),#8586);
#8582 = CIRCLE('',#8583,4.);
#8583 = AXIS2_PLACEMENT_2D('',#8584,#8585);
#8584 = CARTESIAN_POINT('',(45.,12.));
#8585 = DIRECTION('',(1.,0.));
#8586 = ( GEOMETRIC_REPRESENTATION_CONTEXT(2) 
PARAMETRIC_REPRESENTATION_CONTEXT() REPRESENTATION_CONTEXT('2D SPACE',''
  ) );
#8587 = PCURVE('',#8588,#8593);
#8588 = CYLINDRICAL_SURFACE('',#8589,4.);
#8589 = AXIS2_PLACEMENT_3D('',#8590,#8591,#8592);
#8590 = CARTESIAN_POINT('',(-80.,0.,80.));
#8591 = DIRECTION('',(0.,0.,1.));
#8592 = DIRECTION('',(1.,0.,-0.));
#8593 = DEFINITIONAL_REPRESENTATION('',(#8594),#8598);
#8594 = LINE('',#8595,#8596);
#8595 = CARTESIAN_POINT('',(0.,40.));
#8596 = VECTOR('',#8597,1.);
#8597 = DIRECTION('',(1.,0.));
#8598 = ( GEOMETRIC_REPRESENTATION_CONTEXT(2) 
PARAMETRIC_REPRESENTATION_CONTEXT() REPRESENTATION_CONTEXT('2D SPACE',''
  ) );
#8599 = ADVANCED_FACE('',(#8600),#8289,.T.);
#8600 = FACE_BOUND('',#8601,.T.);
#8601 = EDGE_LOOP('',(#8602,#8625,#8626,#8627,#8650,#8673,#8697));
#8602 = ORIENTED_EDGE('',*,*,#8603,.F.);
#8603 = EDGE_CURVE('',#8246,#8604,#8606,.T.);
#8604 = VERTEX_POINT('',#8605);
#8605 = CARTESIAN_POINT('',(-112.4899959967,12.,100.5));
#8606 = SURFACE_CURVE('',#8607,(#8611,#8618),.PCURVE_S1.);
#8607 = LINE('',#8608,#8609);
#8608 = CARTESIAN_POINT('',(-125.,12.,100.5));
#8609 = VECTOR('',#8610,1.);
#8610 = DIRECTION('',(1.,0.,0.));
#8611 = PCURVE('',#8289,#8612);
#8612 = DEFINITIONAL_REPRESENTATION('',(#8613),#8617);
#8613 = LINE('',#8614,#8615);
#8614 = CARTESIAN_POINT('',(0.,0.));
#8615 = VECTOR('',#8616,1.);
#8616 = DIRECTION('',(0.,1.));
#8617 = ( GEOMETRIC_REPRESENTATION_CONTEXT(2) 
PARAMETRIC_REPRESENTATION_CONTEXT() REPRESENTATION_CONTEXT('2D SPACE',''
  ) );
#8618 = PCURVE('',#8261,#8619);
#8619 = DEFINITIONAL_REPRESENTATION('',(#8620),#8624);
#8620 = LINE('',#8621,#8622);
#8621 = CARTESIAN_POINT('',(0.,24.));
#8622 = VECTOR('',#8623,1.);
#8623 = DIRECTION('',(1.,0.));
#8624 = ( GEOMETRIC_REPRESENTATION_CONTEXT(2) 
PARAMETRIC_REPRESENTATION_CONTEXT() REPRESENTATION_CONTEXT('2D SPACE',''
  ) );
#8625 = ORIENTED_EDGE('',*,*,#8273,.T.);
#8626 = ORIENTED_EDGE('',*,*,#8517,.T.);
#8627 = ORIENTED_EDGE('',*,*,#8628,.F.);
#8628 = EDGE_CURVE('',#8629,#8495,#8631,.T.);
#8629 = VERTEX_POINT('',#8630);
#8630 = CARTESIAN_POINT('',(-75.,12.,100.5));
#8631 = SURFACE_CURVE('',#8632,(#8636,#8643),.PCURVE_S1.);
#8632 = LINE('',#8633,#8634);
#8633 = CARTESIAN_POINT('',(-75.,12.,100.5));
#8634 = VECTOR('',#8635,1.);
#8635 = DIRECTION('',(0.,0.,1.));
#8636 = PCURVE('',#8289,#8637);
#8637 = DEFINITIONAL_REPRESENTATION('',(#8638),#8642);
#8638 = LINE('',#8639,#8640);
#8639 = CARTESIAN_POINT('',(0.,50.));
#8640 = VECTOR('',#8641,1.);
#8641 = DIRECTION('',(1.,0.));
#8642 = ( GEOMETRIC_REPRESENTATION_CONTEXT(2) 
PARAMETRIC_REPRESENTATION_CONTEXT() REPRESENTATION_CONTEXT('2D SPACE',''
  ) );
#8643 = PCURVE('',#8393,#8644);
#8644 = DEFINITIONAL_REPRESENTATION('',(#8645),#8649);
#8645 = LINE('',#8646,#8647);
#8646 = CARTESIAN_POINT('',(0.,-24.));
#8647 = VECTOR('',#8648,1.);
#8648 = DIRECTION('',(1.,0.));
#8649 = ( GEOMETRIC_REPRESENTATION_CONTEXT(2) 
PARAMETRIC_REPRESENTATION_CONTEXT() REPRESENTATION_CONTEXT('2D SPACE',''
  ) );
#8650 = ORIENTED_EDGE('',*,*,#8651,.F.);
#8651 = EDGE_CURVE('',#8652,#8629,#8654,.T.);
#8652 = VERTEX_POINT('',#8653);
#8653 = CARTESIAN_POINT('',(-87.5100040032,12.,100.5));
#8654 = SURFACE_CURVE('',#8655,(#8659,#8666),.PCURVE_S1.);
#8655 = LINE('',#8656,#8657);
#8656 = CARTESIAN_POINT('',(-125.,12.,100.5));
#8657 = VECTOR('',#8658,1.);
#8658 = DIRECTION('',(1.,0.,0.));
#8659 = PCURVE('',#8289,#8660);
#8660 = DEFINITIONAL_REPRESENTATION('',(#8661),#8665);
#8661 = LINE('',#8662,#8663);
#8662 = CARTESIAN_POINT('',(0.,0.));
#8663 = VECTOR('',#8664,1.);
#8664 = DIRECTION('',(0.,1.));
#8665 = ( GEOMETRIC_REPRESENTATION_CONTEXT(2) 
PARAMETRIC_REPRESENTATION_CONTEXT() REPRESENTATION_CONTEXT('2D SPACE',''
  ) );
#8666 = PCURVE('',#8421,#8667);
#8667 = DEFINITIONAL_REPRESENTATION('',(#8668),#8672);
#8668 = LINE('',#8669,#8670);
#8669 = CARTESIAN_POINT('',(0.,24.));
#8670 = VECTOR('',#8671,1.);
#8671 = DIRECTION('',(1.,0.));
#8672 = ( GEOMETRIC_REPRESENTATION_CONTEXT(2) 
PARAMETRIC_REPRESENTATION_CONTEXT() REPRESENTATION_CONTEXT('2D SPACE',''
  ) );
#8673 = ORIENTED_EDGE('',*,*,#8674,.F.);
#8674 = EDGE_CURVE('',#8675,#8652,#8677,.T.);
#8675 = VERTEX_POINT('',#8676);
#8676 = CARTESIAN_POINT('',(-100.,12.,112.5));
#8677 = SURFACE_CURVE('',#8678,(#8683,#8690),.PCURVE_S1.);
#8678 = CIRCLE('',#8679,12.5);
#8679 = AXIS2_PLACEMENT_3D('',#8680,#8681,#8682);
#8680 = CARTESIAN_POINT('',(-100.,12.,100.));
#8681 = DIRECTION('',(0.,1.,0.));
#8682 = DIRECTION('',(0.,-0.,1.));
#8683 = PCURVE('',#8289,#8684);
#8684 = DEFINITIONAL_REPRESENTATION('',(#8685),#8689);
#8685 = CIRCLE('',#8686,12.5);
#8686 = AXIS2_PLACEMENT_2D('',#8687,#8688);
#8687 = CARTESIAN_POINT('',(-0.5,25.));
#8688 = DIRECTION('',(1.,0.));
#8689 = ( GEOMETRIC_REPRESENTATION_CONTEXT(2) 
PARAMETRIC_REPRESENTATION_CONTEXT() REPRESENTATION_CONTEXT('2D SPACE',''
  ) );
#8690 = PCURVE('',#8450,#8691);
#8691 = DEFINITIONAL_REPRESENTATION('',(#8692),#8696);
#8692 = LINE('',#8693,#8694);
#8693 = CARTESIAN_POINT('',(0.,24.));
#8694 = VECTOR('',#8695,1.);
#8695 = DIRECTION('',(1.,0.));
#8696 = ( GEOMETRIC_REPRESENTATION_CONTEXT(2) 
PARAMETRIC_REPRESENTATION_CONTEXT() REPRESENTATION_CONTEXT('2D SPACE',''
  ) );
#8697 = ORIENTED_EDGE('',*,*,#8698,.F.);
#8698 = EDGE_CURVE('',#8604,#8675,#8699,.T.);
#8699 = SURFACE_CURVE('',#8700,(#8705,#8712),.PCURVE_S1.);
#8700 = CIRCLE('',#8701,12.5);
#8701 = AXIS2_PLACEMENT_3D('',#8702,#8703,#8704);
#8702 = CARTESIAN_POINT('',(-100.,12.,100.));
#8703 = DIRECTION('',(0.,1.,0.));
#8704 = DIRECTION('',(0.,-0.,1.));
#8705 = PCURVE('',#8289,#8706);
#8706 = DEFINITIONAL_REPRESENTATION('',(#8707),#8711);
#8707 = CIRCLE('',#8708,12.5);
#8708 = AXIS2_PLACEMENT_2D('',#8709,#8710);
#8709 = CARTESIAN_POINT('',(-0.5,25.));
#8710 = DIRECTION('',(1.,0.));
#8711 = ( GEOMETRIC_REPRESENTATION_CONTEXT(2) 
PARAMETRIC_REPRESENTATION_CONTEXT() REPRESENTATION_CONTEXT('2D SPACE',''
  ) );
#8712 = PCURVE('',#8477,#8713);
#8713 = DEFINITIONAL_REPRESENTATION('',(#8714),#8718);
#8714 = LINE('',#8715,#8716);
#8715 = CARTESIAN_POINT('',(0.,24.));
#8716 = VECTOR('',#8717,1.);
#8717 = DIRECTION('',(1.,0.));
#8718 = ( GEOMETRIC_REPRESENTATION_CONTEXT(2) 
PARAMETRIC_REPRESENTATION_CONTEXT() REPRESENTATION_CONTEXT('2D SPACE',''
  ) );
#8719 = ADVANCED_FACE('',(#8720,#8744),#8261,.F.);
#8720 = FACE_BOUND('',#8721,.F.);
#8721 = EDGE_LOOP('',(#8722,#8723,#8724,#8725));
#8722 = ORIENTED_EDGE('',*,*,#8603,.F.);
#8723 = ORIENTED_EDGE('',*,*,#8245,.F.);
#8724 = ORIENTED_EDGE('',*,*,#8330,.T.);
#8725 = ORIENTED_EDGE('',*,*,#8726,.T.);
#8726 = EDGE_CURVE('',#8331,#8604,#8727,.T.);
#8727 = SURFACE_CURVE('',#8728,(#8732,#8738),.PCURVE_S1.);
#8728 = LINE('',#8729,#8730);
#8729 = CARTESIAN_POINT('',(-112.4899959967,-12.,100.5));
#8730 = VECTOR('',#8731,1.);
#8731 = DIRECTION('',(0.,1.,0.));
#8732 = PCURVE('',#8261,#8733);
#8733 = DEFINITIONAL_REPRESENTATION('',(#8734),#8737);
#8734 = B_SPLINE_CURVE_WITH_KNOTS('',1,(#8735,#8736),.UNSPECIFIED.,.F.,
  .F.,(2,2),(-5.999999999062E-07,24.0000006),.PIECEWISE_BEZIER_KNOTS.);
#8735 = CARTESIAN_POINT('',(12.510004003203,-5.999999999062E-07));
#8736 = CARTESIAN_POINT('',(12.510004003203,24.0000006));
#8737 = ( GEOMETRIC_REPRESENTATION_CONTEXT(2) 
PARAMETRIC_REPRESENTATION_CONTEXT() REPRESENTATION_CONTEXT('2D SPACE',''
  ) );
#8738 = PCURVE('',#8477,#8739);
#8739 = DEFINITIONAL_REPRESENTATION('',(#8740),#8743);
#8740 = B_SPLINE_CURVE_WITH_KNOTS('',1,(#8741,#8742),.UNSPECIFIED.,.F.,
  .F.,(2,2),(-5.999999999062E-07,24.0000006),.PIECEWISE_BEZIER_KNOTS.);
#8741 = CARTESIAN_POINT('',(4.752399654739,-5.999999999062E-07));
#8742 = CARTESIAN_POINT('',(4.752399654739,24.0000006));
#8743 = ( GEOMETRIC_REPRESENTATION_CONTEXT(2) 
PARAMETRIC_REPRESENTATION_CONTEXT() REPRESENTATION_CONTEXT('2D SPACE',''
  ) );
#8744 = FACE_BOUND('',#8745,.F.);
#8745 = EDGE_LOOP('',(#8746));
#8746 = ORIENTED_EDGE('',*,*,#8747,.F.);
#8747 = EDGE_CURVE('',#8748,#8748,#8750,.T.);
#8748 = VERTEX_POINT('',#8749);
#8749 = CARTESIAN_POINT('',(-116.,-9.797174393179E-16,100.5));
#8750 = SURFACE_CURVE('',#8751,(#8756,#8763),.PCURVE_S1.);
#8751 = CIRCLE('',#8752,4.);
#8752 = AXIS2_PLACEMENT_3D('',#8753,#8754,#8755);
#8753 = CARTESIAN_POINT('',(-120.,0.,100.5));
#8754 = DIRECTION('',(0.,0.,1.));
#8755 = DIRECTION('',(1.,0.,-0.));
#8756 = PCURVE('',#8261,#8757);
#8757 = DEFINITIONAL_REPRESENTATION('',(#8758),#8762);
#8758 = CIRCLE('',#8759,4.);
#8759 = AXIS2_PLACEMENT_2D('',#8760,#8761);
#8760 = CARTESIAN_POINT('',(5.,12.));
#8761 = DIRECTION('',(1.,0.));
#8762 = ( GEOMETRIC_REPRESENTATION_CONTEXT(2) 
PARAMETRIC_REPRESENTATION_CONTEXT() REPRESENTATION_CONTEXT('2D SPACE',''
  ) );
#8763 = PCURVE('',#8557,#8764);
#8764 = DEFINITIONAL_REPRESENTATION('',(#8765),#8769);
#8765 = LINE('',#8766,#8767);
#8766 = CARTESIAN_POINT('',(0.,20.5));
#8767 = VECTOR('',#8768,1.);
#8768 = DIRECTION('',(1.,0.));
#8769 = ( GEOMETRIC_REPRESENTATION_CONTEXT(2) 
PARAMETRIC_REPRESENTATION_CONTEXT() REPRESENTATION_CONTEXT('2D SPACE',''
  ) );
#8770 = ADVANCED_FACE('',(#8771),#8477,.F.);
#8771 = FACE_BOUND('',#8772,.F.);
#8772 = EDGE_LOOP('',(#8773,#8794,#8795,#8796));
#8773 = ORIENTED_EDGE('',*,*,#8774,.T.);
#8774 = EDGE_CURVE('',#8434,#8675,#8775,.T.);
#8775 = SURFACE_CURVE('',#8776,(#8780,#8787),.PCURVE_S1.);
#8776 = LINE('',#8777,#8778);
#8777 = CARTESIAN_POINT('',(-100.,-12.,112.5));
#8778 = VECTOR('',#8779,1.);
#8779 = DIRECTION('',(0.,1.,0.));
#8780 = PCURVE('',#8477,#8781);
#8781 = DEFINITIONAL_REPRESENTATION('',(#8782),#8786);
#8782 = LINE('',#8783,#8784);
#8783 = CARTESIAN_POINT('',(6.28318530718,-0.));
#8784 = VECTOR('',#8785,1.);
#8785 = DIRECTION('',(0.,1.));
#8786 = ( GEOMETRIC_REPRESENTATION_CONTEXT(2) 
PARAMETRIC_REPRESENTATION_CONTEXT() REPRESENTATION_CONTEXT('2D SPACE',''
  ) );
#8787 = PCURVE('',#8450,#8788);
#8788 = DEFINITIONAL_REPRESENTATION('',(#8789),#8793);
#8789 = LINE('',#8790,#8791);
#8790 = CARTESIAN_POINT('',(0.,-0.));
#8791 = VECTOR('',#8792,1.);
#8792 = DIRECTION('',(0.,1.));
#8793 = ( GEOMETRIC_REPRESENTATION_CONTEXT(2) 
PARAMETRIC_REPRESENTATION_CONTEXT() REPRESENTATION_CONTEXT('2D SPACE',''
  ) );
#8794 = ORIENTED_EDGE('',*,*,#8698,.F.);
#8795 = ORIENTED_EDGE('',*,*,#8726,.F.);
#8796 = ORIENTED_EDGE('',*,*,#8462,.T.);
#8797 = ADVANCED_FACE('',(#8798),#8450,.F.);
#8798 = FACE_BOUND('',#8799,.F.);
#8799 = EDGE_LOOP('',(#8800,#8801,#8802,#8803));
#8800 = ORIENTED_EDGE('',*,*,#8674,.F.);
#8801 = ORIENTED_EDGE('',*,*,#8774,.F.);
#8802 = ORIENTED_EDGE('',*,*,#8433,.T.);
#8803 = ORIENTED_EDGE('',*,*,#8804,.T.);
#8804 = EDGE_CURVE('',#8406,#8652,#8805,.T.);
#8805 = SURFACE_CURVE('',#8806,(#8810,#8816),.PCURVE_S1.);
#8806 = LINE('',#8807,#8808);
#8807 = CARTESIAN_POINT('',(-87.5100040032,-12.,100.5));
#8808 = VECTOR('',#8809,1.);
#8809 = DIRECTION('',(0.,1.,0.));
#8810 = PCURVE('',#8450,#8811);
#8811 = DEFINITIONAL_REPRESENTATION('',(#8812),#8815);
#8812 = B_SPLINE_CURVE_WITH_KNOTS('',1,(#8813,#8814),.UNSPECIFIED.,.F.,
  .F.,(2,2),(-5.999999999062E-07,24.0000006),.PIECEWISE_BEZIER_KNOTS.);
#8813 = CARTESIAN_POINT('',(1.530785652441,-5.999999999062E-07));
#8814 = CARTESIAN_POINT('',(1.530785652441,24.0000006));
#8815 = ( GEOMETRIC_REPRESENTATION_CONTEXT(2) 
PARAMETRIC_REPRESENTATION_CONTEXT() REPRESENTATION_CONTEXT('2D SPACE',''
  ) );
#8816 = PCURVE('',#8421,#8817);
#8817 = DEFINITIONAL_REPRESENTATION('',(#8818),#8821);
#8818 = B_SPLINE_CURVE_WITH_KNOTS('',1,(#8819,#8820),.UNSPECIFIED.,.F.,
  .F.,(2,2),(-5.999999999062E-07,24.0000006),.PIECEWISE_BEZIER_KNOTS.);
#8819 = CARTESIAN_POINT('',(37.489995996797,-5.999999999062E-07));
#8820 = CARTESIAN_POINT('',(37.489995996797,24.0000006));
#8821 = ( GEOMETRIC_REPRESENTATION_CONTEXT(2) 
PARAMETRIC_REPRESENTATION_CONTEXT() REPRESENTATION_CONTEXT('2D SPACE',''
  ) );
#8822 = ADVANCED_FACE('',(#8823,#8849),#8421,.F.);
#8823 = FACE_BOUND('',#8824,.F.);
#8824 = EDGE_LOOP('',(#8825,#8826,#8827,#8828));
#8825 = ORIENTED_EDGE('',*,*,#8651,.F.);
#8826 = ORIENTED_EDGE('',*,*,#8804,.F.);
#8827 = ORIENTED_EDGE('',*,*,#8405,.T.);
#8828 = ORIENTED_EDGE('',*,*,#8829,.T.);
#8829 = EDGE_CURVE('',#8378,#8629,#8830,.T.);
#8830 = SURFACE_CURVE('',#8831,(#8835,#8842),.PCURVE_S1.);
#8831 = LINE('',#8832,#8833);
#8832 = CARTESIAN_POINT('',(-75.,-12.,100.5));
#8833 = VECTOR('',#8834,1.);
#8834 = DIRECTION('',(0.,1.,0.));
#8835 = PCURVE('',#8421,#8836);
#8836 = DEFINITIONAL_REPRESENTATION('',(#8837),#8841);
#8837 = LINE('',#8838,#8839);
#8838 = CARTESIAN_POINT('',(50.,0.));
#8839 = VECTOR('',#8840,1.);
#8840 = DIRECTION('',(0.,1.));
#8841 = ( GEOMETRIC_REPRESENTATION_CONTEXT(2) 
PARAMETRIC_REPRESENTATION_CONTEXT() REPRESENTATION_CONTEXT('2D SPACE',''
  ) );
#8842 = PCURVE('',#8393,#8843);
#8843 = DEFINITIONAL_REPRESENTATION('',(#8844),#8848);
#8844 = LINE('',#8845,#8846);
#8845 = CARTESIAN_POINT('',(0.,0.));
#8846 = VECTOR('',#8847,1.);
#8847 = DIRECTION('',(0.,-1.));
#8848 = ( GEOMETRIC_REPRESENTATION_CONTEXT(2) 
PARAMETRIC_REPRESENTATION_CONTEXT() REPRESENTATION_CONTEXT('2D SPACE',''
  ) );
#8849 = FACE_BOUND('',#8850,.F.);
#8850 = EDGE_LOOP('',(#8851));
#8851 = ORIENTED_EDGE('',*,*,#8852,.F.);
#8852 = EDGE_CURVE('',#8853,#8853,#8855,.T.);
#8853 = VERTEX_POINT('',#8854);
#8854 = CARTESIAN_POINT('',(-76.,-9.797174393179E-16,100.5));
#8855 = SURFACE_CURVE('',#8856,(#8861,#8868),.PCURVE_S1.);
#8856 = CIRCLE('',#8857,4.);
#8857 = AXIS2_PLACEMENT_3D('',#8858,#8859,#8860);
#8858 = CARTESIAN_POINT('',(-80.,0.,100.5));
#8859 = DIRECTION('',(0.,0.,1.));
#8860 = DIRECTION('',(1.,0.,-0.));
#8861 = PCURVE('',#8421,#8862);
#8862 = DEFINITIONAL_REPRESENTATION('',(#8863),#8867);
#8863 = CIRCLE('',#8864,4.);
#8864 = AXIS2_PLACEMENT_2D('',#8865,#8866);
#8865 = CARTESIAN_POINT('',(45.,12.));
#8866 = DIRECTION('',(1.,0.));
#8867 = ( GEOMETRIC_REPRESENTATION_CONTEXT(2) 
PARAMETRIC_REPRESENTATION_CONTEXT() REPRESENTATION_CONTEXT('2D SPACE',''
  ) );
#8868 = PCURVE('',#8588,#8869);
#8869 = DEFINITIONAL_REPRESENTATION('',(#8870),#8874);
#8870 = LINE('',#8871,#8872);
#8871 = CARTESIAN_POINT('',(0.,20.5));
#8872 = VECTOR('',#8873,1.);
#8873 = DIRECTION('',(1.,0.));
#8874 = ( GEOMETRIC_REPRESENTATION_CONTEXT(2) 
PARAMETRIC_REPRESENTATION_CONTEXT() REPRESENTATION_CONTEXT('2D SPACE',''
  ) );
#8875 = ADVANCED_FACE('',(#8876),#8393,.T.);
#8876 = FACE_BOUND('',#8877,.T.);
#8877 = EDGE_LOOP('',(#8878,#8879,#8880,#8881));
#8878 = ORIENTED_EDGE('',*,*,#8377,.F.);
#8879 = ORIENTED_EDGE('',*,*,#8829,.T.);
#8880 = ORIENTED_EDGE('',*,*,#8628,.T.);
#8881 = ORIENTED_EDGE('',*,*,#8494,.F.);
#8882 = ADVANCED_FACE('',(#8883),#8557,.F.);
#8883 = FACE_BOUND('',#8884,.F.);
#8884 = EDGE_LOOP('',(#8885,#8906,#8907,#8908));
#8885 = ORIENTED_EDGE('',*,*,#8886,.T.);
#8886 = EDGE_CURVE('',#8748,#8541,#8887,.T.);
#8887 = SEAM_CURVE('',#8888,(#8892,#8899),.PCURVE_S1.);
#8888 = LINE('',#8889,#8890);
#8889 = CARTESIAN_POINT('',(-116.,-9.797174393179E-16,80.));
#8890 = VECTOR('',#8891,1.);
#8891 = DIRECTION('',(0.,0.,1.));
#8892 = PCURVE('',#8557,#8893);
#8893 = DEFINITIONAL_REPRESENTATION('',(#8894),#8898);
#8894 = LINE('',#8895,#8896);
#8895 = CARTESIAN_POINT('',(6.28318530718,-0.));
#8896 = VECTOR('',#8897,1.);
#8897 = DIRECTION('',(0.,1.));
#8898 = ( GEOMETRIC_REPRESENTATION_CONTEXT(2) 
PARAMETRIC_REPRESENTATION_CONTEXT() REPRESENTATION_CONTEXT('2D SPACE',''
  ) );
#8899 = PCURVE('',#8557,#8900);
#8900 = DEFINITIONAL_REPRESENTATION('',(#8901),#8905);
#8901 = LINE('',#8902,#8903);
#8902 = CARTESIAN_POINT('',(0.,-0.));
#8903 = VECTOR('',#8904,1.);
#8904 = DIRECTION('',(0.,1.));
#8905 = ( GEOMETRIC_REPRESENTATION_CONTEXT(2) 
PARAMETRIC_REPRESENTATION_CONTEXT() REPRESENTATION_CONTEXT('2D SPACE',''
  ) );
#8906 = ORIENTED_EDGE('',*,*,#8540,.F.);
#8907 = ORIENTED_EDGE('',*,*,#8886,.F.);
#8908 = ORIENTED_EDGE('',*,*,#8747,.T.);
#8909 = ADVANCED_FACE('',(#8910),#8588,.F.);
#8910 = FACE_BOUND('',#8911,.F.);
#8911 = EDGE_LOOP('',(#8912,#8933,#8934,#8935));
#8912 = ORIENTED_EDGE('',*,*,#8913,.T.);
#8913 = EDGE_CURVE('',#8853,#8572,#8914,.T.);
#8914 = SEAM_CURVE('',#8915,(#8919,#8926),.PCURVE_S1.);
#8915 = LINE('',#8916,#8917);
#8916 = CARTESIAN_POINT('',(-76.,-9.797174393179E-16,80.));
#8917 = VECTOR('',#8918,1.);
#8918 = DIRECTION('',(0.,0.,1.));
#8919 = PCURVE('',#8588,#8920);
#8920 = DEFINITIONAL_REPRESENTATION('',(#8921),#8925);
#8921 = LINE('',#8922,#8923);
#8922 = CARTESIAN_POINT('',(6.28318530718,-0.));
#8923 = VECTOR('',#8924,1.);
#8924 = DIRECTION('',(0.,1.));
#8925 = ( GEOMETRIC_REPRESENTATION_CONTEXT(2) 
PARAMETRIC_REPRESENTATION_CONTEXT() REPRESENTATION_CONTEXT('2D SPACE',''
  ) );
#8926 = PCURVE('',#8588,#8927);
#8927 = DEFINITIONAL_REPRESENTATION('',(#8928),#8932);
#8928 = LINE('',#8929,#8930);
#8929 = CARTESIAN_POINT('',(0.,-0.));
#8930 = VECTOR('',#8931,1.);
#8931 = DIRECTION('',(0.,1.));
#8932 = ( GEOMETRIC_REPRESENTATION_CONTEXT(2) 
PARAMETRIC_REPRESENTATION_CONTEXT() REPRESENTATION_CONTEXT('2D SPACE',''
  ) );
#8933 = ORIENTED_EDGE('',*,*,#8571,.F.);
#8934 = ORIENTED_EDGE('',*,*,#8913,.F.);
#8935 = ORIENTED_EDGE('',*,*,#8852,.T.);
#8936 = ( GEOMETRIC_REPRESENTATION_CONTEXT(3) 
GLOBAL_UNCERTAINTY_ASSIGNED_CONTEXT((#8940)) 
GLOBAL_UNIT_ASSIGNED_CONTEXT((#8937,#8938,#8939)) REPRESENTATION_CONTEXT
('Context #1','3D Context with UNIT and UNCERTAINTY') );
#8937 = ( LENGTH_UNIT() NAMED_UNIT(*) SI_UNIT(.MILLI.,.METRE.) );
#8938 = ( NAMED_UNIT(*) PLANE_ANGLE_UNIT() SI_UNIT($,.RADIAN.) );
#8939 = ( NAMED_UNIT(*) SI_UNIT($,.STERADIAN.) SOLID_ANGLE_UNIT() );
#8940 = UNCERTAINTY_MEASURE_WITH_UNIT(LENGTH_MEASURE(1.E-07),#8937,
  'distance_accuracy_value','confusion accuracy');
#8941 = CONTEXT_DEPENDENT_SHAPE_REPRESENTATION(#8942,#8944);
#8942 = ( REPRESENTATION_RELATIONSHIP('','',#8203,#6108) 
REPRESENTATION_RELATIONSHIP_WITH_TRANSFORMATION(#8943) 
SHAPE_REPRESENTATION_RELATIONSHIP() );
#8943 = ITEM_DEFINED_TRANSFORMATION('','',#11,#6113);
#8944 = PRODUCT_DEFINITION_SHAPE('Placement','Placement of an item',
  #8945);
#8945 = NEXT_ASSEMBLY_USAGE_OCCURRENCE('46',
  'V3_DIVER_RELEASE_MOVING_JAW','',#6103,#8198,$);
#8946 = PRODUCT_RELATED_PRODUCT_CATEGORY('part',$,(#8200));
#8947 = SHAPE_DEFINITION_REPRESENTATION(#8948,#8954);
#8948 = PRODUCT_DEFINITION_SHAPE('','',#8949);
#8949 = PRODUCT_DEFINITION('design','',#8950,#8953);
#8950 = PRODUCT_DEFINITION_FORMATION('','',#8951);
#8951 = PRODUCT('V3_PIN_1_PEEK_ISOLATION_SLEEVE',
  'V3_PIN_1_PEEK_ISOLATION_SLEEVE','',(#8952));
#8952 = PRODUCT_CONTEXT('',#2,'mechanical');
#8953 = PRODUCT_DEFINITION_CONTEXT('part definition',#2,'design');
#8954 = ADVANCED_BREP_SHAPE_REPRESENTATION('',(#11,#8955),#9137);
#8955 = MANIFOLD_SOLID_BREP('',#8956);
#8956 = CLOSED_SHELL('',(#8957,#9045,#9080,#9110));
#8957 = ADVANCED_FACE('',(#8958),#8971,.T.);
#8958 = FACE_BOUND('',#8959,.T.);
#8959 = EDGE_LOOP('',(#8960,#8994,#9017,#9044));
#8960 = ORIENTED_EDGE('',*,*,#8961,.F.);
#8961 = EDGE_CURVE('',#8962,#8962,#8964,.T.);
#8962 = VERTEX_POINT('',#8963);
#8963 = CARTESIAN_POINT('',(-116.,-9.797174393179E-16,120.));
#8964 = SURFACE_CURVE('',#8965,(#8970,#8982),.PCURVE_S1.);
#8965 = CIRCLE('',#8966,4.);
#8966 = AXIS2_PLACEMENT_3D('',#8967,#8968,#8969);
#8967 = CARTESIAN_POINT('',(-120.,0.,120.));
#8968 = DIRECTION('',(0.,0.,1.));
#8969 = DIRECTION('',(1.,0.,-0.));
#8970 = PCURVE('',#8971,#8976);
#8971 = CYLINDRICAL_SURFACE('',#8972,4.);
#8972 = AXIS2_PLACEMENT_3D('',#8973,#8974,#8975);
#8973 = CARTESIAN_POINT('',(-120.,0.,80.));
#8974 = DIRECTION('',(0.,0.,1.));
#8975 = DIRECTION('',(1.,0.,-0.));
#8976 = DEFINITIONAL_REPRESENTATION('',(#8977),#8981);
#8977 = LINE('',#8978,#8979);
#8978 = CARTESIAN_POINT('',(0.,40.));
#8979 = VECTOR('',#8980,1.);
#8980 = DIRECTION('',(1.,0.));
#8981 = ( GEOMETRIC_REPRESENTATION_CONTEXT(2) 
PARAMETRIC_REPRESENTATION_CONTEXT() REPRESENTATION_CONTEXT('2D SPACE',''
  ) );
#8982 = PCURVE('',#8983,#8988);
#8983 = PLANE('',#8984);
#8984 = AXIS2_PLACEMENT_3D('',#8985,#8986,#8987);
#8985 = CARTESIAN_POINT('',(-120.,0.,120.));
#8986 = DIRECTION('',(0.,0.,1.));
#8987 = DIRECTION('',(1.,0.,-0.));
#8988 = DEFINITIONAL_REPRESENTATION('',(#8989),#8993);
#8989 = CIRCLE('',#8990,4.);
#8990 = AXIS2_PLACEMENT_2D('',#8991,#8992);
#8991 = CARTESIAN_POINT('',(0.,0.));
#8992 = DIRECTION('',(1.,0.));
#8993 = ( GEOMETRIC_REPRESENTATION_CONTEXT(2) 
PARAMETRIC_REPRESENTATION_CONTEXT() REPRESENTATION_CONTEXT('2D SPACE',''
  ) );
#8994 = ORIENTED_EDGE('',*,*,#8995,.F.);
#8995 = EDGE_CURVE('',#8996,#8962,#8998,.T.);
#8996 = VERTEX_POINT('',#8997);
#8997 = CARTESIAN_POINT('',(-116.,-9.797174393179E-16,80.));
#8998 = SEAM_CURVE('',#8999,(#9003,#9010),.PCURVE_S1.);
#8999 = LINE('',#9000,#9001);
#9000 = CARTESIAN_POINT('',(-116.,-9.797174393179E-16,80.));
#9001 = VECTOR('',#9002,1.);
#9002 = DIRECTION('',(0.,0.,1.));
#9003 = PCURVE('',#8971,#9004);
#9004 = DEFINITIONAL_REPRESENTATION('',(#9005),#9009);
#9005 = LINE('',#9006,#9007);
#9006 = CARTESIAN_POINT('',(6.28318530718,-0.));
#9007 = VECTOR('',#9008,1.);
#9008 = DIRECTION('',(0.,1.));
#9009 = ( GEOMETRIC_REPRESENTATION_CONTEXT(2) 
PARAMETRIC_REPRESENTATION_CONTEXT() REPRESENTATION_CONTEXT('2D SPACE',''
  ) );
#9010 = PCURVE('',#8971,#9011);
#9011 = DEFINITIONAL_REPRESENTATION('',(#9012),#9016);
#9012 = LINE('',#9013,#9014);
#9013 = CARTESIAN_POINT('',(0.,-0.));
#9014 = VECTOR('',#9015,1.);
#9015 = DIRECTION('',(0.,1.));
#9016 = ( GEOMETRIC_REPRESENTATION_CONTEXT(2) 
PARAMETRIC_REPRESENTATION_CONTEXT() REPRESENTATION_CONTEXT('2D SPACE',''
  ) );
#9017 = ORIENTED_EDGE('',*,*,#9018,.T.);
#9018 = EDGE_CURVE('',#8996,#8996,#9019,.T.);
#9019 = SURFACE_CURVE('',#9020,(#9025,#9032),.PCURVE_S1.);
#9020 = CIRCLE('',#9021,4.);
#9021 = AXIS2_PLACEMENT_3D('',#9022,#9023,#9024);
#9022 = CARTESIAN_POINT('',(-120.,0.,80.));
#9023 = DIRECTION('',(0.,0.,1.));
#9024 = DIRECTION('',(1.,0.,-0.));
#9025 = PCURVE('',#8971,#9026);
#9026 = DEFINITIONAL_REPRESENTATION('',(#9027),#9031);
#9027 = LINE('',#9028,#9029);
#9028 = CARTESIAN_POINT('',(0.,0.));
#9029 = VECTOR('',#9030,1.);
#9030 = DIRECTION('',(1.,0.));
#9031 = ( GEOMETRIC_REPRESENTATION_CONTEXT(2) 
PARAMETRIC_REPRESENTATION_CONTEXT() REPRESENTATION_CONTEXT('2D SPACE',''
  ) );
#9032 = PCURVE('',#9033,#9038);
#9033 = PLANE('',#9034);
#9034 = AXIS2_PLACEMENT_3D('',#9035,#9036,#9037);
#9035 = CARTESIAN_POINT('',(-120.,0.,80.));
#9036 = DIRECTION('',(0.,0.,1.));
#9037 = DIRECTION('',(1.,0.,-0.));
#9038 = DEFINITIONAL_REPRESENTATION('',(#9039),#9043);
#9039 = CIRCLE('',#9040,4.);
#9040 = AXIS2_PLACEMENT_2D('',#9041,#9042);
#9041 = CARTESIAN_POINT('',(0.,0.));
#9042 = DIRECTION('',(1.,0.));
#9043 = ( GEOMETRIC_REPRESENTATION_CONTEXT(2) 
PARAMETRIC_REPRESENTATION_CONTEXT() REPRESENTATION_CONTEXT('2D SPACE',''
  ) );
#9044 = ORIENTED_EDGE('',*,*,#8995,.T.);
#9045 = ADVANCED_FACE('',(#9046,#9049),#8983,.T.);
#9046 = FACE_BOUND('',#9047,.T.);
#9047 = EDGE_LOOP('',(#9048));
#9048 = ORIENTED_EDGE('',*,*,#8961,.T.);
#9049 = FACE_BOUND('',#9050,.T.);
#9050 = EDGE_LOOP('',(#9051));
#9051 = ORIENTED_EDGE('',*,*,#9052,.F.);
#9052 = EDGE_CURVE('',#9053,#9053,#9055,.T.);
#9053 = VERTEX_POINT('',#9054);
#9054 = CARTESIAN_POINT('',(-117.3,-6.613092715396E-16,120.));
#9055 = SURFACE_CURVE('',#9056,(#9061,#9068),.PCURVE_S1.);
#9056 = CIRCLE('',#9057,2.7);
#9057 = AXIS2_PLACEMENT_3D('',#9058,#9059,#9060);
#9058 = CARTESIAN_POINT('',(-120.,0.,120.));
#9059 = DIRECTION('',(0.,0.,1.));
#9060 = DIRECTION('',(1.,0.,-0.));
#9061 = PCURVE('',#8983,#9062);
#9062 = DEFINITIONAL_REPRESENTATION('',(#9063),#9067);
#9063 = CIRCLE('',#9064,2.7);
#9064 = AXIS2_PLACEMENT_2D('',#9065,#9066);
#9065 = CARTESIAN_POINT('',(0.,0.));
#9066 = DIRECTION('',(1.,0.));
#9067 = ( GEOMETRIC_REPRESENTATION_CONTEXT(2) 
PARAMETRIC_REPRESENTATION_CONTEXT() REPRESENTATION_CONTEXT('2D SPACE',''
  ) );
#9068 = PCURVE('',#9069,#9074);
#9069 = CYLINDRICAL_SURFACE('',#9070,2.7);
#9070 = AXIS2_PLACEMENT_3D('',#9071,#9072,#9073);
#9071 = CARTESIAN_POINT('',(-120.,0.,80.));
#9072 = DIRECTION('',(0.,0.,1.));
#9073 = DIRECTION('',(1.,0.,-0.));
#9074 = DEFINITIONAL_REPRESENTATION('',(#9075),#9079);
#9075 = LINE('',#9076,#9077);
#9076 = CARTESIAN_POINT('',(0.,40.));
#9077 = VECTOR('',#9078,1.);
#9078 = DIRECTION('',(1.,0.));
#9079 = ( GEOMETRIC_REPRESENTATION_CONTEXT(2) 
PARAMETRIC_REPRESENTATION_CONTEXT() REPRESENTATION_CONTEXT('2D SPACE',''
  ) );
#9080 = ADVANCED_FACE('',(#9081,#9084),#9033,.F.);
#9081 = FACE_BOUND('',#9082,.F.);
#9082 = EDGE_LOOP('',(#9083));
#9083 = ORIENTED_EDGE('',*,*,#9018,.T.);
#9084 = FACE_BOUND('',#9085,.F.);
#9085 = EDGE_LOOP('',(#9086));
#9086 = ORIENTED_EDGE('',*,*,#9087,.F.);
#9087 = EDGE_CURVE('',#9088,#9088,#9090,.T.);
#9088 = VERTEX_POINT('',#9089);
#9089 = CARTESIAN_POINT('',(-117.3,-6.613092715396E-16,80.));
#9090 = SURFACE_CURVE('',#9091,(#9096,#9103),.PCURVE_S1.);
#9091 = CIRCLE('',#9092,2.7);
#9092 = AXIS2_PLACEMENT_3D('',#9093,#9094,#9095);
#9093 = CARTESIAN_POINT('',(-120.,0.,80.));
#9094 = DIRECTION('',(0.,0.,1.));
#9095 = DIRECTION('',(1.,0.,-0.));
#9096 = PCURVE('',#9033,#9097);
#9097 = DEFINITIONAL_REPRESENTATION('',(#9098),#9102);
#9098 = CIRCLE('',#9099,2.7);
#9099 = AXIS2_PLACEMENT_2D('',#9100,#9101);
#9100 = CARTESIAN_POINT('',(0.,0.));
#9101 = DIRECTION('',(1.,0.));
#9102 = ( GEOMETRIC_REPRESENTATION_CONTEXT(2) 
PARAMETRIC_REPRESENTATION_CONTEXT() REPRESENTATION_CONTEXT('2D SPACE',''
  ) );
#9103 = PCURVE('',#9069,#9104);
#9104 = DEFINITIONAL_REPRESENTATION('',(#9105),#9109);
#9105 = LINE('',#9106,#9107);
#9106 = CARTESIAN_POINT('',(0.,0.));
#9107 = VECTOR('',#9108,1.);
#9108 = DIRECTION('',(1.,0.));
#9109 = ( GEOMETRIC_REPRESENTATION_CONTEXT(2) 
PARAMETRIC_REPRESENTATION_CONTEXT() REPRESENTATION_CONTEXT('2D SPACE',''
  ) );
#9110 = ADVANCED_FACE('',(#9111),#9069,.F.);
#9111 = FACE_BOUND('',#9112,.F.);
#9112 = EDGE_LOOP('',(#9113,#9114,#9135,#9136));
#9113 = ORIENTED_EDGE('',*,*,#9052,.F.);
#9114 = ORIENTED_EDGE('',*,*,#9115,.F.);
#9115 = EDGE_CURVE('',#9088,#9053,#9116,.T.);
#9116 = SEAM_CURVE('',#9117,(#9121,#9128),.PCURVE_S1.);
#9117 = LINE('',#9118,#9119);
#9118 = CARTESIAN_POINT('',(-117.3,-6.613092715396E-16,80.));
#9119 = VECTOR('',#9120,1.);
#9120 = DIRECTION('',(0.,0.,1.));
#9121 = PCURVE('',#9069,#9122);
#9122 = DEFINITIONAL_REPRESENTATION('',(#9123),#9127);
#9123 = LINE('',#9124,#9125);
#9124 = CARTESIAN_POINT('',(6.28318530718,-0.));
#9125 = VECTOR('',#9126,1.);
#9126 = DIRECTION('',(0.,1.));
#9127 = ( GEOMETRIC_REPRESENTATION_CONTEXT(2) 
PARAMETRIC_REPRESENTATION_CONTEXT() REPRESENTATION_CONTEXT('2D SPACE',''
  ) );
#9128 = PCURVE('',#9069,#9129);
#9129 = DEFINITIONAL_REPRESENTATION('',(#9130),#9134);
#9130 = LINE('',#9131,#9132);
#9131 = CARTESIAN_POINT('',(0.,-0.));
#9132 = VECTOR('',#9133,1.);
#9133 = DIRECTION('',(0.,1.));
#9134 = ( GEOMETRIC_REPRESENTATION_CONTEXT(2) 
PARAMETRIC_REPRESENTATION_CONTEXT() REPRESENTATION_CONTEXT('2D SPACE',''
  ) );
#9135 = ORIENTED_EDGE('',*,*,#9087,.T.);
#9136 = ORIENTED_EDGE('',*,*,#9115,.T.);
#9137 = ( GEOMETRIC_REPRESENTATION_CONTEXT(3) 
GLOBAL_UNCERTAINTY_ASSIGNED_CONTEXT((#9141)) 
GLOBAL_UNIT_ASSIGNED_CONTEXT((#9138,#9139,#9140)) REPRESENTATION_CONTEXT
('Context #1','3D Context with UNIT and UNCERTAINTY') );
#9138 = ( LENGTH_UNIT() NAMED_UNIT(*) SI_UNIT(.MILLI.,.METRE.) );
#9139 = ( NAMED_UNIT(*) PLANE_ANGLE_UNIT() SI_UNIT($,.RADIAN.) );
#9140 = ( NAMED_UNIT(*) SI_UNIT($,.STERADIAN.) SOLID_ANGLE_UNIT() );
#9141 = UNCERTAINTY_MEASURE_WITH_UNIT(LENGTH_MEASURE(1.E-07),#9138,
  'distance_accuracy_value','confusion accuracy');
#9142 = CONTEXT_DEPENDENT_SHAPE_REPRESENTATION(#9143,#9145);
#9143 = ( REPRESENTATION_RELATIONSHIP('','',#8954,#6108) 
REPRESENTATION_RELATIONSHIP_WITH_TRANSFORMATION(#9144) 
SHAPE_REPRESENTATION_RELATIONSHIP() );
#9144 = ITEM_DEFINED_TRANSFORMATION('','',#11,#6117);
#9145 = PRODUCT_DEFINITION_SHAPE('Placement','Placement of an item',
  #9146);
#9146 = NEXT_ASSEMBLY_USAGE_OCCURRENCE('47',
  'V3_PIN_1_PEEK_ISOLATION_SLEEVE','',#6103,#8949,$);
#9147 = PRODUCT_RELATED_PRODUCT_CATEGORY('part',$,(#8951));
#9148 = SHAPE_DEFINITION_REPRESENTATION(#9149,#9155);
#9149 = PRODUCT_DEFINITION_SHAPE('','',#9150);
#9150 = PRODUCT_DEFINITION('design','',#9151,#9154);
#9151 = PRODUCT_DEFINITION_FORMATION('','',#9152);
#9152 = PRODUCT('V3_DIVER_PULL_PIN_1_ISOLATED_316',
  'V3_DIVER_PULL_PIN_1_ISOLATED_316','',(#9153));
#9153 = PRODUCT_CONTEXT('',#2,'mechanical');
#9154 = PRODUCT_DEFINITION_CONTEXT('part definition',#2,'design');
#9155 = ADVANCED_BREP_SHAPE_REPRESENTATION('',(#11,#9156),#11736);
#9156 = MANIFOLD_SOLID_BREP('',#9157);
#9157 = CLOSED_SHELL('',(#9158,#9581,#10156,#10915,#11214,#11669,#11673,
    #11701,#11729));
#9158 = ADVANCED_FACE('',(#9159),#9174,.T.);
#9159 = FACE_BOUND('',#9160,.T.);
#9160 = EDGE_LOOP('',(#9161,#9197,#9276,#9299,#9326,#9327,#9401,#9430,
    #9509));
#9161 = ORIENTED_EDGE('',*,*,#9162,.F.);
#9162 = EDGE_CURVE('',#9163,#9165,#9167,.T.);
#9163 = VERTEX_POINT('',#9164);
#9164 = CARTESIAN_POINT('',(-117.9844355629,1.479019945775,125.));
#9165 = VERTEX_POINT('',#9166);
#9166 = CARTESIAN_POINT('',(-122.015564437,1.479019945775,125.));
#9167 = SURFACE_CURVE('',#9168,(#9173,#9185),.PCURVE_S1.);
#9168 = CIRCLE('',#9169,2.5);
#9169 = AXIS2_PLACEMENT_3D('',#9170,#9171,#9172);
#9170 = CARTESIAN_POINT('',(-120.,0.,125.));
#9171 = DIRECTION('',(0.,0.,1.));
#9172 = DIRECTION('',(1.,0.,-0.));
#9173 = PCURVE('',#9174,#9179);
#9174 = CYLINDRICAL_SURFACE('',#9175,2.5);
#9175 = AXIS2_PLACEMENT_3D('',#9176,#9177,#9178);
#9176 = CARTESIAN_POINT('',(-120.,0.,80.));
#9177 = DIRECTION('',(0.,0.,1.));
#9178 = DIRECTION('',(1.,0.,-0.));
#9179 = DEFINITIONAL_REPRESENTATION('',(#9180),#9184);
#9180 = LINE('',#9181,#9182);
#9181 = CARTESIAN_POINT('',(0.,45.));
#9182 = VECTOR('',#9183,1.);
#9183 = DIRECTION('',(1.,0.));
#9184 = ( GEOMETRIC_REPRESENTATION_CONTEXT(2) 
PARAMETRIC_REPRESENTATION_CONTEXT() REPRESENTATION_CONTEXT('2D SPACE',''
  ) );
#9185 = PCURVE('',#9186,#9191);
#9186 = PLANE('',#9187);
#9187 = AXIS2_PLACEMENT_3D('',#9188,#9189,#9190);
#9188 = CARTESIAN_POINT('',(-120.,0.,125.));
#9189 = DIRECTION('',(0.,0.,1.));
#9190 = DIRECTION('',(1.,0.,-0.));
#9191 = DEFINITIONAL_REPRESENTATION('',(#9192),#9196);
#9192 = CIRCLE('',#9193,2.5);
#9193 = AXIS2_PLACEMENT_2D('',#9194,#9195);
#9194 = CARTESIAN_POINT('',(0.,0.));
#9195 = DIRECTION('',(1.,0.));
#9196 = ( GEOMETRIC_REPRESENTATION_CONTEXT(2) 
PARAMETRIC_REPRESENTATION_CONTEXT() REPRESENTATION_CONTEXT('2D SPACE',''
  ) );
#9197 = ORIENTED_EDGE('',*,*,#9198,.F.);
#9198 = EDGE_CURVE('',#9199,#9163,#9201,.T.);
#9199 = VERTEX_POINT('',#9200);
#9200 = CARTESIAN_POINT('',(-117.5,-4.898587196589E-16,123.83484861008)
  );
#9201 = SURFACE_CURVE('',#9202,(#9223,#9247),.PCURVE_S1.);
#9202 = B_SPLINE_CURVE_WITH_KNOTS('',7,(#9203,#9204,#9205,#9206,#9207,
    #9208,#9209,#9210,#9211,#9212,#9213,#9214,#9215,#9216,#9217,#9218,
    #9219,#9220,#9221,#9222),.UNSPECIFIED.,.F.,.F.,(8,6,6,8),(0.,
    0.351763051954,0.497010841327,1.),.UNSPECIFIED.);
#9203 = CARTESIAN_POINT('',(-117.5,0.,123.83484861008));
#9204 = CARTESIAN_POINT('',(-117.5,0.11635113018,123.83484861008));
#9205 = CARTESIAN_POINT('',(-117.5063175093,0.232764754114,
    123.8440393626));
#9206 = CARTESIAN_POINT('',(-117.5189649876,0.347355952315,
    123.86243799759));
#9207 = CARTESIAN_POINT('',(-117.5374401473,0.458554370856,
    123.88963590901));
#9208 = CARTESIAN_POINT('',(-117.5609017649,0.565097283936,
    123.92503733682));
#9209 = CARTESIAN_POINT('',(-117.5883021984,0.666011365939,
    123.9679150168));
#9210 = CARTESIAN_POINT('',(-117.6309805584,0.799642141257,
    124.03793055559));
#9211 = CARTESIAN_POINT('',(-117.6439370679,0.837632400121,
    124.05953976665));
#9212 = CARTESIAN_POINT('',(-117.6573018106,0.874518854846,
    124.0822474274));
#9213 = CARTESIAN_POINT('',(-117.6709976929,0.910267864495,
    124.10600482049));
#9214 = CARTESIAN_POINT('',(-117.6849472877,0.944852646145,
    124.13076437696));
#9215 = CARTESIAN_POINT('',(-117.6990737578,0.978252329196,
    124.15648031062));
#9216 = CARTESIAN_POINT('',(-117.7625730277,1.12195416765,124.2753245565
    ));
#9217 = CARTESIAN_POINT('',(-117.8130480418,1.219021828112,
    124.37846117206));
#9218 = CARTESIAN_POINT('',(-117.861633075,1.301108710035,
    124.49078894899));
#9219 = CARTESIAN_POINT('',(-117.90532439,1.367984623474,124.61069471068
    ));
#9220 = CARTESIAN_POINT('',(-117.9413618432,1.419705846388,
    124.73662091924));
#9221 = CARTESIAN_POINT('',(-117.9679350325,1.456533515562,
    124.86696814644));
#9222 = CARTESIAN_POINT('',(-117.9844356373,1.479020047193,125.0000006)
  );
#9223 = PCURVE('',#9174,#9224);
#9224 = DEFINITIONAL_REPRESENTATION('',(#9225),#9246);
#9225 = B_SPLINE_CURVE_WITH_KNOTS('',7,(#9226,#9227,#9228,#9229,#9230,
    #9231,#9232,#9233,#9234,#9235,#9236,#9237,#9238,#9239,#9240,#9241,
    #9242,#9243,#9244,#9245),.UNSPECIFIED.,.F.,.F.,(8,6,6,8),(0.,
    0.351763051954,0.497010841327,1.),.UNSPECIFIED.);
#9226 = CARTESIAN_POINT('',(0.,43.834848610088));
#9227 = CARTESIAN_POINT('',(4.654045207182E-02,43.834848610088));
#9228 = CARTESIAN_POINT('',(9.310590356706E-02,43.844039362602));
#9229 = CARTESIAN_POINT('',(0.139107020918,43.862437997596));
#9230 = CARTESIAN_POINT('',(0.184081199953,43.88963590901));
#9231 = CARTESIAN_POINT('',(0.227635635049,43.92503733682));
#9232 = CARTESIAN_POINT('',(0.269422280618,43.967915016809));
#9233 = CARTESIAN_POINT('',(0.325534491793,44.037930555599));
#9234 = CARTESIAN_POINT('',(0.341586977572,44.059539766653));
#9235 = CARTESIAN_POINT('',(0.357275773077,44.082247427405));
#9236 = CARTESIAN_POINT('',(0.372584478801,44.106004820495));
#9237 = CARTESIAN_POINT('',(0.38749788088,44.13076437696));
#9238 = CARTESIAN_POINT('',(0.402001744198,44.156480310623));
#9239 = CARTESIAN_POINT('',(0.464844246585,44.2753245565));
#9240 = CARTESIAN_POINT('',(0.508519124978,44.378461172062));
#9241 = CARTESIAN_POINT('',(0.5465957224,44.490788948997));
#9242 = CARTESIAN_POINT('',(0.57852023822,44.610694710683));
#9243 = CARTESIAN_POINT('',(0.603730608871,44.736620919248));
#9244 = CARTESIAN_POINT('',(0.621895442364,44.866968146444));
#9245 = CARTESIAN_POINT('',(0.633051886707,45.0000006));
#9246 = ( GEOMETRIC_REPRESENTATION_CONTEXT(2) 
PARAMETRIC_REPRESENTATION_CONTEXT() REPRESENTATION_CONTEXT('2D SPACE',''
  ) );
#9247 = PCURVE('',#9248,#9253);
#9248 = TOROIDAL_SURFACE('',#9249,8.,1.5);
#9249 = AXIS2_PLACEMENT_3D('',#9250,#9251,#9252);
#9250 = CARTESIAN_POINT('',(-120.,0.,133.));
#9251 = DIRECTION('',(0.,1.,0.));
#9252 = DIRECTION('',(0.,-0.,1.));
#9253 = DEFINITIONAL_REPRESENTATION('',(#9254),#9275);
#9254 = B_SPLINE_CURVE_WITH_KNOTS('',7,(#9255,#9256,#9257,#9258,#9259,
    #9260,#9261,#9262,#9263,#9264,#9265,#9266,#9267,#9268,#9269,#9270,
    #9271,#9272,#9273,#9274),.UNSPECIFIED.,.F.,.F.,(8,6,6,8),(0.,
    0.351763051954,0.497010841327,1.),.UNSPECIFIED.);
#9255 = CARTESIAN_POINT('',(2.875298636472,0.));
#9256 = CARTESIAN_POINT('',(2.875298636472,7.75674201197E-02));
#9257 = CARTESIAN_POINT('',(2.875685607886,0.155176440304));
#9258 = CARTESIAN_POINT('',(2.876460331495,0.232333200203));
#9259 = CARTESIAN_POINT('',(2.877588557757,0.308754930714));
#9260 = CARTESIAN_POINT('',(2.879012136868,0.384234497123));
#9261 = CARTESIAN_POINT('',(2.880654966053,0.458616108609));
#9262 = CARTESIAN_POINT('',(2.883163359514,0.561976187689));
#9263 = CARTESIAN_POINT('',(2.883919348385,0.591986933774));
#9264 = CARTESIAN_POINT('',(2.884692384125,0.621800596923));
#9265 = CARTESIAN_POINT('',(2.885476332546,0.651417461774));
#9266 = CARTESIAN_POINT('',(2.886264855365,0.680839530486));
#9267 = CARTESIAN_POINT('',(2.887051457968,0.710070355015));
#9268 = CARTESIAN_POINT('',(2.890524004387,0.839695235617));
#9269 = CARTESIAN_POINT('',(2.893115561345,0.938011713816));
#9270 = CARTESIAN_POINT('',(2.895331562951,1.034363110238));
#9271 = CARTESIAN_POINT('',(2.896878622897,1.128948739812));
#9272 = CARTESIAN_POINT('',(2.897445212364,1.22193122694));
#9273 = CARTESIAN_POINT('',(2.896783794309,1.313402310851));
#9274 = CARTESIAN_POINT('',(2.8947837111,1.403348653249));
#9275 = ( GEOMETRIC_REPRESENTATION_CONTEXT(2) 
PARAMETRIC_REPRESENTATION_CONTEXT() REPRESENTATION_CONTEXT('2D SPACE',''
  ) );
#9276 = ORIENTED_EDGE('',*,*,#9277,.F.);
#9277 = EDGE_CURVE('',#9278,#9199,#9280,.T.);
#9278 = VERTEX_POINT('',#9279);
#9279 = CARTESIAN_POINT('',(-117.5,-6.123233995737E-16,80.));
#9280 = SEAM_CURVE('',#9281,(#9285,#9292),.PCURVE_S1.);
#9281 = LINE('',#9282,#9283);
#9282 = CARTESIAN_POINT('',(-117.5,-6.123233995737E-16,80.));
#9283 = VECTOR('',#9284,1.);
#9284 = DIRECTION('',(0.,0.,1.));
#9285 = PCURVE('',#9174,#9286);
#9286 = DEFINITIONAL_REPRESENTATION('',(#9287),#9291);
#9287 = LINE('',#9288,#9289);
#9288 = CARTESIAN_POINT('',(6.28318530718,-0.));
#9289 = VECTOR('',#9290,1.);
#9290 = DIRECTION('',(0.,1.));
#9291 = ( GEOMETRIC_REPRESENTATION_CONTEXT(2) 
PARAMETRIC_REPRESENTATION_CONTEXT() REPRESENTATION_CONTEXT('2D SPACE',''
  ) );
#9292 = PCURVE('',#9174,#9293);
#9293 = DEFINITIONAL_REPRESENTATION('',(#9294),#9298);
#9294 = LINE('',#9295,#9296);
#9295 = CARTESIAN_POINT('',(0.,-0.));
#9296 = VECTOR('',#9297,1.);
#9297 = DIRECTION('',(0.,1.));
#9298 = ( GEOMETRIC_REPRESENTATION_CONTEXT(2) 
PARAMETRIC_REPRESENTATION_CONTEXT() REPRESENTATION_CONTEXT('2D SPACE',''
  ) );
#9299 = ORIENTED_EDGE('',*,*,#9300,.T.);
#9300 = EDGE_CURVE('',#9278,#9278,#9301,.T.);
#9301 = SURFACE_CURVE('',#9302,(#9307,#9314),.PCURVE_S1.);
#9302 = CIRCLE('',#9303,2.5);
#9303 = AXIS2_PLACEMENT_3D('',#9304,#9305,#9306);
#9304 = CARTESIAN_POINT('',(-120.,0.,80.));
#9305 = DIRECTION('',(0.,0.,1.));
#9306 = DIRECTION('',(1.,0.,-0.));
#9307 = PCURVE('',#9174,#9308);
#9308 = DEFINITIONAL_REPRESENTATION('',(#9309),#9313);
#9309 = LINE('',#9310,#9311);
#9310 = CARTESIAN_POINT('',(0.,0.));
#9311 = VECTOR('',#9312,1.);
#9312 = DIRECTION('',(1.,0.));
#9313 = ( GEOMETRIC_REPRESENTATION_CONTEXT(2) 
PARAMETRIC_REPRESENTATION_CONTEXT() REPRESENTATION_CONTEXT('2D SPACE',''
  ) );
#9314 = PCURVE('',#9315,#9320);
#9315 = PLANE('',#9316);
#9316 = AXIS2_PLACEMENT_3D('',#9317,#9318,#9319);
#9317 = CARTESIAN_POINT('',(-120.,0.,80.));
#9318 = DIRECTION('',(0.,0.,1.));
#9319 = DIRECTION('',(1.,0.,-0.));
#9320 = DEFINITIONAL_REPRESENTATION('',(#9321),#9325);
#9321 = CIRCLE('',#9322,2.5);
#9322 = AXIS2_PLACEMENT_2D('',#9323,#9324);
#9323 = CARTESIAN_POINT('',(0.,0.));
#9324 = DIRECTION('',(1.,0.));
#9325 = ( GEOMETRIC_REPRESENTATION_CONTEXT(2) 
PARAMETRIC_REPRESENTATION_CONTEXT() REPRESENTATION_CONTEXT('2D SPACE',''
  ) );
#9326 = ORIENTED_EDGE('',*,*,#9277,.T.);
#9327 = ORIENTED_EDGE('',*,*,#9328,.F.);
#9328 = EDGE_CURVE('',#9329,#9199,#9331,.T.);
#9329 = VERTEX_POINT('',#9330);
#9330 = CARTESIAN_POINT('',(-117.9844355629,-1.479019945775,125.));
#9331 = SURFACE_CURVE('',#9332,(#9353,#9377),.PCURVE_S1.);
#9332 = B_SPLINE_CURVE_WITH_KNOTS('',7,(#9333,#9334,#9335,#9336,#9337,
    #9338,#9339,#9340,#9341,#9342,#9343,#9344,#9345,#9346,#9347,#9348,
    #9349,#9350,#9351,#9352),.UNSPECIFIED.,.F.,.F.,(8,6,6,8),(0.,
    0.505109549574,0.650274846007,1.),.UNSPECIFIED.);
#9333 = CARTESIAN_POINT('',(-117.9844356373,-1.479020047193,125.0000006)
  );
#9334 = CARTESIAN_POINT('',(-117.9678653955,-1.456438616415,
    124.86640671409));
#9335 = CARTESIAN_POINT('',(-117.9411374623,-1.419394850318,
    124.73552137448));
#9336 = CARTESIAN_POINT('',(-117.9048679241,-1.367329492641,
    124.60910215105));
#9337 = CARTESIAN_POINT('',(-117.860895606,-1.299979365141,
    124.48876763758));
#9338 = CARTESIAN_POINT('',(-117.8120230027,-1.217288884261,
    124.37609478067));
#9339 = CARTESIAN_POINT('',(-117.7612956958,-1.119494692381,
    124.27271797877));
#9340 = CARTESIAN_POINT('',(-117.697637127,-0.97486897778,
    124.15385774855));
#9341 = CARTESIAN_POINT('',(-117.6835331403,-0.941384728921,
    124.12823894932));
#9342 = CARTESIAN_POINT('',(-117.6696113661,-0.906718159902,
    124.10357873424));
#9343 = CARTESIAN_POINT('',(-117.6559485553,-0.870890419765,
    124.07992291672));
#9344 = CARTESIAN_POINT('',(-117.6426220187,-0.833928613228,
    124.0573190781));
#9345 = CARTESIAN_POINT('',(-117.6297086965,-0.795866749687,
    124.03581592424));
#9346 = CARTESIAN_POINT('',(-117.5873518086,-0.662500557237,
    123.96642850749));
#9347 = CARTESIAN_POINT('',(-117.5602239378,-0.562009918913,
    123.92401476982));
#9348 = CARTESIAN_POINT('',(-117.5370130763,-0.455976676051,
    123.88900722551));
#9349 = CARTESIAN_POINT('',(-117.5187456406,-0.345363289497,
    123.8621189198));
#9350 = CARTESIAN_POINT('',(-117.5062444758,-0.231414895106,
    123.84393310939));
#9351 = CARTESIAN_POINT('',(-117.5,-0.115676631757,123.83484861008));
#9352 = CARTESIAN_POINT('',(-117.5,0.,123.83484861008));
#9353 = PCURVE('',#9174,#9354);
#9354 = DEFINITIONAL_REPRESENTATION('',(#9355),#9376);
#9355 = B_SPLINE_CURVE_WITH_KNOTS('',7,(#9356,#9357,#9358,#9359,#9360,
    #9361,#9362,#9363,#9364,#9365,#9366,#9367,#9368,#9369,#9370,#9371,
    #9372,#9373,#9374,#9375),.UNSPECIFIED.,.F.,.F.,(8,6,6,8),(0.,
    0.505109549574,0.650274846007,1.),.UNSPECIFIED.);
#9356 = CARTESIAN_POINT('',(5.650133420472,45.0000006));
#9357 = CARTESIAN_POINT('',(5.661336947979,44.866406714093));
#9358 = CARTESIAN_POINT('',(5.679608086872,44.735521374481));
#9359 = CARTESIAN_POINT('',(5.704984404927,44.609102151058));
#9360 = CARTESIAN_POINT('',(5.73712860593,44.488767637586));
#9361 = CARTESIAN_POINT('',(5.775469888645,44.376094780671));
#9362 = CARTESIAN_POINT('',(5.819447371572,44.272717978776));
#9363 = CARTESIAN_POINT('',(5.882653713922,44.15385774855));
#9364 = CARTESIAN_POINT('',(5.897185232406,44.128238949323));
#9365 = CARTESIAN_POINT('',(5.912124809518,44.103578734243));
#9366 = CARTESIAN_POINT('',(5.927458187176,44.079922916727));
#9367 = CARTESIAN_POINT('',(5.943170115587,44.057319078103));
#9368 = CARTESIAN_POINT('',(5.959244143385,44.035815924241));
#9369 = CARTESIAN_POINT('',(6.015216489769,43.966428507492));
#9370 = CARTESIAN_POINT('',(6.056811616262,43.924014769827));
#9371 = CARTESIAN_POINT('',(6.100146594446,43.88900722551));
#9372 = CARTESIAN_POINT('',(6.14487819806,43.862118919807));
#9373 = CARTESIAN_POINT('',(6.190619347244,43.843933109396));
#9374 = CARTESIAN_POINT('',(6.236914654477,43.834848610088));
#9375 = CARTESIAN_POINT('',(6.28318530718,43.834848610088));
#9376 = ( GEOMETRIC_REPRESENTATION_CONTEXT(2) 
PARAMETRIC_REPRESENTATION_CONTEXT() REPRESENTATION_CONTEXT('2D SPACE',''
  ) );
#9377 = PCURVE('',#9248,#9378);
#9378 = DEFINITIONAL_REPRESENTATION('',(#9379),#9400);
#9379 = B_SPLINE_CURVE_WITH_KNOTS('',7,(#9380,#9381,#9382,#9383,#9384,
    #9385,#9386,#9387,#9388,#9389,#9390,#9391,#9392,#9393,#9394,#9395,
    #9396,#9397,#9398,#9399),.UNSPECIFIED.,.F.,.F.,(8,6,6,8),(0.,
    0.505109549574,0.650274846007,1.),.UNSPECIFIED.);
#9380 = CARTESIAN_POINT('',(2.8947837111,4.87983665393));
#9381 = CARTESIAN_POINT('',(2.896792235192,4.970162593826));
#9382 = CARTESIAN_POINT('',(2.897450764089,5.06202575823));
#9383 = CARTESIAN_POINT('',(2.896871374304,5.155412802762));
#9384 = CARTESIAN_POINT('',(2.895305385388,5.250417352809));
#9385 = CARTESIAN_POINT('',(2.893068723584,5.347204864203));
#9386 = CARTESIAN_POINT('',(2.890458349884,5.445977677814));
#9387 = CARTESIAN_POINT('',(2.886971606491,5.576084378748));
#9388 = CARTESIAN_POINT('',(2.886185205285,5.605315422364));
#9389 = CARTESIAN_POINT('',(2.88539735694,5.634737769222));
#9390 = CARTESIAN_POINT('',(2.884614536551,5.664354890932));
#9391 = CARTESIAN_POINT('',(2.883843061744,5.694168692259));
#9392 = CARTESIAN_POINT('',(2.88308904463,5.724179340016));
#9393 = CARTESIAN_POINT('',(2.880597974855,5.827155316712));
#9394 = CARTESIAN_POINT('',(2.878971006312,5.901137261114));
#9395 = CARTESIAN_POINT('',(2.877562477435,5.976201618076));
#9396 = CARTESIAN_POINT('',(2.876446895232,6.052193742173));
#9397 = CARTESIAN_POINT('',(2.875681134354,6.128908770073));
#9398 = CARTESIAN_POINT('',(2.875298636472,6.206067552675));
#9399 = CARTESIAN_POINT('',(2.875298636472,6.28318530718));
#9400 = ( GEOMETRIC_REPRESENTATION_CONTEXT(2) 
PARAMETRIC_REPRESENTATION_CONTEXT() REPRESENTATION_CONTEXT('2D SPACE',''
  ) );
#9401 = ORIENTED_EDGE('',*,*,#9402,.F.);
#9402 = EDGE_CURVE('',#9403,#9329,#9405,.T.);
#9403 = VERTEX_POINT('',#9404);
#9404 = CARTESIAN_POINT('',(-122.015564437,-1.479019945775,125.));
#9405 = SURFACE_CURVE('',#9406,(#9411,#9418),.PCURVE_S1.);
#9406 = CIRCLE('',#9407,2.5);
#9407 = AXIS2_PLACEMENT_3D('',#9408,#9409,#9410);
#9408 = CARTESIAN_POINT('',(-120.,0.,125.));
#9409 = DIRECTION('',(0.,0.,1.));
#9410 = DIRECTION('',(1.,0.,-0.));
#9411 = PCURVE('',#9174,#9412);
#9412 = DEFINITIONAL_REPRESENTATION('',(#9413),#9417);
#9413 = LINE('',#9414,#9415);
#9414 = CARTESIAN_POINT('',(0.,45.));
#9415 = VECTOR('',#9416,1.);
#9416 = DIRECTION('',(1.,0.));
#9417 = ( GEOMETRIC_REPRESENTATION_CONTEXT(2) 
PARAMETRIC_REPRESENTATION_CONTEXT() REPRESENTATION_CONTEXT('2D SPACE',''
  ) );
#9418 = PCURVE('',#9419,#9424);
#9419 = PLANE('',#9420);
#9420 = AXIS2_PLACEMENT_3D('',#9421,#9422,#9423);
#9421 = CARTESIAN_POINT('',(-120.,0.,125.));
#9422 = DIRECTION('',(0.,0.,1.));
#9423 = DIRECTION('',(1.,0.,-0.));
#9424 = DEFINITIONAL_REPRESENTATION('',(#9425),#9429);
#9425 = CIRCLE('',#9426,2.5);
#9426 = AXIS2_PLACEMENT_2D('',#9427,#9428);
#9427 = CARTESIAN_POINT('',(0.,0.));
#9428 = DIRECTION('',(1.,0.));
#9429 = ( GEOMETRIC_REPRESENTATION_CONTEXT(2) 
PARAMETRIC_REPRESENTATION_CONTEXT() REPRESENTATION_CONTEXT('2D SPACE',''
  ) );
#9430 = ORIENTED_EDGE('',*,*,#9431,.T.);
#9431 = EDGE_CURVE('',#9403,#9432,#9434,.T.);
#9432 = VERTEX_POINT('',#9433);
#9433 = CARTESIAN_POINT('',(-122.5,-3.673940397442E-16,123.83484861008)
  );
#9434 = SURFACE_CURVE('',#9435,(#9456,#9480),.PCURVE_S1.);
#9435 = B_SPLINE_CURVE_WITH_KNOTS('',7,(#9436,#9437,#9438,#9439,#9440,
    #9441,#9442,#9443,#9444,#9445,#9446,#9447,#9448,#9449,#9450,#9451,
    #9452,#9453,#9454,#9455),.UNSPECIFIED.,.F.,.F.,(8,6,6,8),(0.,
    0.505109549535,0.650274845969,1.),.UNSPECIFIED.);
#9436 = CARTESIAN_POINT('',(-122.0155643626,-1.479020047193,125.0000006)
  );
#9437 = CARTESIAN_POINT('',(-122.0321346044,-1.456438616417,
    124.8664067141));
#9438 = CARTESIAN_POINT('',(-122.0588625376,-1.419394850324,
    124.7355213745));
#9439 = CARTESIAN_POINT('',(-122.0951320758,-1.367329492653,
    124.60910215108));
#9440 = CARTESIAN_POINT('',(-122.1391043939,-1.299979365163,
    124.48876763762));
#9441 = CARTESIAN_POINT('',(-122.1879769972,-1.217288884293,
    124.37609478071));
#9442 = CARTESIAN_POINT('',(-122.2387043041,-1.119494692428,
    124.27271797882));
#9443 = CARTESIAN_POINT('',(-122.3023628729,-0.974868977844,
    124.15385774859));
#9444 = CARTESIAN_POINT('',(-122.3164668595,-0.941384728987,
    124.12823894937));
#9445 = CARTESIAN_POINT('',(-122.3303886338,-0.906718159969,
    124.10357873428));
#9446 = CARTESIAN_POINT('',(-122.3440514445,-0.870890419833,
    124.07992291677));
#9447 = CARTESIAN_POINT('',(-122.3573779812,-0.833928613298,
    124.05731907814));
#9448 = CARTESIAN_POINT('',(-122.3702913033,-0.795866749758,
    124.03581592428));
#9449 = CARTESIAN_POINT('',(-122.4126481913,-0.662500557303,
    123.96642850752));
#9450 = CARTESIAN_POINT('',(-122.4397760621,-0.562009918971,
    123.92401476984));
#9451 = CARTESIAN_POINT('',(-122.4629869236,-0.4559766761,
    123.88900722552));
#9452 = CARTESIAN_POINT('',(-122.4812543593,-0.345363289535,
    123.86211891981));
#9453 = CARTESIAN_POINT('',(-122.4937555241,-0.231414895132,
    123.84393310939));
#9454 = CARTESIAN_POINT('',(-122.5,-0.11567663177,123.83484861008));
#9455 = CARTESIAN_POINT('',(-122.5,0.,123.83484861008));
#9456 = PCURVE('',#9174,#9457);
#9457 = DEFINITIONAL_REPRESENTATION('',(#9458),#9479);
#9458 = B_SPLINE_CURVE_WITH_KNOTS('',7,(#9459,#9460,#9461,#9462,#9463,
    #9464,#9465,#9466,#9467,#9468,#9469,#9470,#9471,#9472,#9473,#9474,
    #9475,#9476,#9477,#9478),.UNSPECIFIED.,.F.,.F.,(8,6,6,8),(0.,
    0.505109549535,0.650274845969,1.),.UNSPECIFIED.);
#9459 = CARTESIAN_POINT('',(3.774644540297,45.0000006));
#9460 = CARTESIAN_POINT('',(3.763441012791,44.866406714103));
#9461 = CARTESIAN_POINT('',(3.7451698739,44.735521374502));
#9462 = CARTESIAN_POINT('',(3.719793555849,44.609102151087));
#9463 = CARTESIAN_POINT('',(3.68764935485,44.488767637625));
#9464 = CARTESIAN_POINT('',(3.64930807214,44.376094780715));
#9465 = CARTESIAN_POINT('',(3.605330589219,44.272717978825));
#9466 = CARTESIAN_POINT('',(3.542124246875,44.153857748599));
#9467 = CARTESIAN_POINT('',(3.527592728391,44.128238949371));
#9468 = CARTESIAN_POINT('',(3.51265315128,44.103578734288));
#9469 = CARTESIAN_POINT('',(3.497319773623,44.07992291677));
#9470 = CARTESIAN_POINT('',(3.481607845212,44.057319078144));
#9471 = CARTESIAN_POINT('',(3.465533817414,44.03581592428));
#9472 = CARTESIAN_POINT('',(3.409561471028,43.96642850752));
#9473 = CARTESIAN_POINT('',(3.367966344531,43.924014769846));
#9474 = CARTESIAN_POINT('',(3.324631366343,43.889007225522));
#9475 = CARTESIAN_POINT('',(3.279899762724,43.862118919813));
#9476 = CARTESIAN_POINT('',(3.234158613536,43.843933109398));
#9477 = CARTESIAN_POINT('',(3.187863306298,43.834848610088));
#9478 = CARTESIAN_POINT('',(3.14159265359,43.834848610088));
#9479 = ( GEOMETRIC_REPRESENTATION_CONTEXT(2) 
PARAMETRIC_REPRESENTATION_CONTEXT() REPRESENTATION_CONTEXT('2D SPACE',''
  ) );
#9480 = PCURVE('',#9481,#9486);
#9481 = TOROIDAL_SURFACE('',#9482,8.,1.5);
#9482 = AXIS2_PLACEMENT_3D('',#9483,#9484,#9485);
#9483 = CARTESIAN_POINT('',(-120.,0.,133.));
#9484 = DIRECTION('',(0.,1.,0.));
#9485 = DIRECTION('',(0.,-0.,1.));
#9486 = DEFINITIONAL_REPRESENTATION('',(#9487),#9508);
#9487 = B_SPLINE_CURVE_WITH_KNOTS('',7,(#9488,#9489,#9490,#9491,#9492,
    #9493,#9494,#9495,#9496,#9497,#9498,#9499,#9500,#9501,#9502,#9503,
    #9504,#9505,#9506,#9507),.UNSPECIFIED.,.F.,.F.,(8,6,6,8),(0.,
    0.505109549535,0.650274845969,1.),.UNSPECIFIED.);
#9488 = CARTESIAN_POINT('',(3.38840159608,4.87983665393));
#9489 = CARTESIAN_POINT('',(3.386393071987,4.970162593819));
#9490 = CARTESIAN_POINT('',(3.385734543091,5.062025758216));
#9491 = CARTESIAN_POINT('',(3.386313932876,5.15541280274));
#9492 = CARTESIAN_POINT('',(3.387879921791,5.250417352778));
#9493 = CARTESIAN_POINT('',(3.390116583594,5.347204864165));
#9494 = CARTESIAN_POINT('',(3.392726957295,5.445977677767));
#9495 = CARTESIAN_POINT('',(3.396213700687,5.576084378692));
#9496 = CARTESIAN_POINT('',(3.397000101893,5.605315422308));
#9497 = CARTESIAN_POINT('',(3.397787950238,5.634737769166));
#9498 = CARTESIAN_POINT('',(3.398570770627,5.664354890876));
#9499 = CARTESIAN_POINT('',(3.399342245435,5.694168692203));
#9500 = CARTESIAN_POINT('',(3.400096262548,5.724179339961));
#9501 = CARTESIAN_POINT('',(3.402587332324,5.827155316663));
#9502 = CARTESIAN_POINT('',(3.404214300867,5.901137261073));
#9503 = CARTESIAN_POINT('',(3.405622829744,5.976201618042));
#9504 = CARTESIAN_POINT('',(3.406738411948,6.052193742148));
#9505 = CARTESIAN_POINT('',(3.407504172825,6.128908770057));
#9506 = CARTESIAN_POINT('',(3.407886670708,6.206067552667));
#9507 = CARTESIAN_POINT('',(3.407886670708,6.28318530718));
#9508 = ( GEOMETRIC_REPRESENTATION_CONTEXT(2) 
PARAMETRIC_REPRESENTATION_CONTEXT() REPRESENTATION_CONTEXT('2D SPACE',''
  ) );
#9509 = ORIENTED_EDGE('',*,*,#9510,.T.);
#9510 = EDGE_CURVE('',#9432,#9165,#9511,.T.);
#9511 = SURFACE_CURVE('',#9512,(#9533,#9557),.PCURVE_S1.);
#9512 = B_SPLINE_CURVE_WITH_KNOTS('',7,(#9513,#9514,#9515,#9516,#9517,
    #9518,#9519,#9520,#9521,#9522,#9523,#9524,#9525,#9526,#9527,#9528,
    #9529,#9530,#9531,#9532),.UNSPECIFIED.,.F.,.F.,(8,6,6,8),(0.,
    0.351763051954,0.497010841327,1.),.UNSPECIFIED.);
#9513 = CARTESIAN_POINT('',(-122.5,0.,123.83484861008));
#9514 = CARTESIAN_POINT('',(-122.5,0.11635113018,123.83484861008));
#9515 = CARTESIAN_POINT('',(-122.4936824907,0.232764754114,
    123.8440393626));
#9516 = CARTESIAN_POINT('',(-122.4810350123,0.347355952315,
    123.86243799759));
#9517 = CARTESIAN_POINT('',(-122.4625598526,0.458554370856,
    123.88963590901));
#9518 = CARTESIAN_POINT('',(-122.439098235,0.565097283936,
    123.92503733682));
#9519 = CARTESIAN_POINT('',(-122.4116978015,0.666011365939,
    123.9679150168));
#9520 = CARTESIAN_POINT('',(-122.3690194415,0.799642141257,
    124.03793055559));
#9521 = CARTESIAN_POINT('',(-122.356062932,0.837632400121,
    124.05953976665));
#9522 = CARTESIAN_POINT('',(-122.3426981893,0.874518854846,
    124.0822474274));
#9523 = CARTESIAN_POINT('',(-122.329002307,0.910267864495,
    124.10600482049));
#9524 = CARTESIAN_POINT('',(-122.3150527122,0.944852646145,
    124.13076437696));
#9525 = CARTESIAN_POINT('',(-122.3009262421,0.978252329196,
    124.15648031062));
#9526 = CARTESIAN_POINT('',(-122.2374269722,1.12195416765,124.2753245565
    ));
#9527 = CARTESIAN_POINT('',(-122.1869519581,1.219021828112,
    124.37846117206));
#9528 = CARTESIAN_POINT('',(-122.1383669249,1.301108710035,
    124.49078894899));
#9529 = CARTESIAN_POINT('',(-122.0946756099,1.367984623474,
    124.61069471068));
#9530 = CARTESIAN_POINT('',(-122.0586381567,1.419705846388,
    124.73662091924));
#9531 = CARTESIAN_POINT('',(-122.0320649674,1.456533515562,
    124.86696814644));
#9532 = CARTESIAN_POINT('',(-122.0155643626,1.479020047193,125.0000006)
  );
#9533 = PCURVE('',#9174,#9534);
#9534 = DEFINITIONAL_REPRESENTATION('',(#9535),#9556);
#9535 = B_SPLINE_CURVE_WITH_KNOTS('',7,(#9536,#9537,#9538,#9539,#9540,
    #9541,#9542,#9543,#9544,#9545,#9546,#9547,#9548,#9549,#9550,#9551,
    #9552,#9553,#9554,#9555),.UNSPECIFIED.,.F.,.F.,(8,6,6,8),(0.,
    0.351763051954,0.497010841327,1.),.UNSPECIFIED.);
#9536 = CARTESIAN_POINT('',(3.14159265359,43.834848610088));
#9537 = CARTESIAN_POINT('',(3.095052201518,43.834848610088));
#9538 = CARTESIAN_POINT('',(3.048486750023,43.844039362602));
#9539 = CARTESIAN_POINT('',(3.002485632671,43.862437997596));
#9540 = CARTESIAN_POINT('',(2.957511453637,43.88963590901));
#9541 = CARTESIAN_POINT('',(2.913957018541,43.92503733682));
#9542 = CARTESIAN_POINT('',(2.872170372972,43.967915016809));
#9543 = CARTESIAN_POINT('',(2.816058161797,44.037930555599));
#9544 = CARTESIAN_POINT('',(2.800005676018,44.059539766653));
#9545 = CARTESIAN_POINT('',(2.784316880513,44.082247427405));
#9546 = CARTESIAN_POINT('',(2.769008174789,44.106004820495));
#9547 = CARTESIAN_POINT('',(2.75409477271,44.13076437696));
#9548 = CARTESIAN_POINT('',(2.739590909391,44.156480310623));
#9549 = CARTESIAN_POINT('',(2.676748407005,44.2753245565));
#9550 = CARTESIAN_POINT('',(2.633073528611,44.378461172062));
#9551 = CARTESIAN_POINT('',(2.59499693119,44.490788948997));
#9552 = CARTESIAN_POINT('',(2.56307241537,44.610694710683));
#9553 = CARTESIAN_POINT('',(2.537862044719,44.736620919248));
#9554 = CARTESIAN_POINT('',(2.519697211225,44.866968146444));
#9555 = CARTESIAN_POINT('',(2.508540766882,45.0000006));
#9556 = ( GEOMETRIC_REPRESENTATION_CONTEXT(2) 
PARAMETRIC_REPRESENTATION_CONTEXT() REPRESENTATION_CONTEXT('2D SPACE',''
  ) );
#9557 = PCURVE('',#9481,#9558);
#9558 = DEFINITIONAL_REPRESENTATION('',(#9559),#9580);
#9559 = B_SPLINE_CURVE_WITH_KNOTS('',7,(#9560,#9561,#9562,#9563,#9564,
    #9565,#9566,#9567,#9568,#9569,#9570,#9571,#9572,#9573,#9574,#9575,
    #9576,#9577,#9578,#9579),.UNSPECIFIED.,.F.,.F.,(8,6,6,8),(0.,
    0.351763051954,0.497010841327,1.),.UNSPECIFIED.);
#9560 = CARTESIAN_POINT('',(3.407886670708,0.));
#9561 = CARTESIAN_POINT('',(3.407886670708,7.756742011969E-02));
#9562 = CARTESIAN_POINT('',(3.407499699294,0.155176440304));
#9563 = CARTESIAN_POINT('',(3.406724975684,0.232333200203));
#9564 = CARTESIAN_POINT('',(3.405596749423,0.308754930714));
#9565 = CARTESIAN_POINT('',(3.404173170312,0.384234497122));
#9566 = CARTESIAN_POINT('',(3.402530341126,0.458616108609));
#9567 = CARTESIAN_POINT('',(3.400021947666,0.561976187689));
#9568 = CARTESIAN_POINT('',(3.399265958794,0.591986933774));
#9569 = CARTESIAN_POINT('',(3.398492923054,0.621800596923));
#9570 = CARTESIAN_POINT('',(3.397708974634,0.651417461774));
#9571 = CARTESIAN_POINT('',(3.396920451815,0.680839530486));
#9572 = CARTESIAN_POINT('',(3.396133849211,0.710070355015));
#9573 = CARTESIAN_POINT('',(3.392661302792,0.839695235617));
#9574 = CARTESIAN_POINT('',(3.390069745835,0.938011713816));
#9575 = CARTESIAN_POINT('',(3.387853744229,1.034363110238));
#9576 = CARTESIAN_POINT('',(3.386306684283,1.128948739813));
#9577 = CARTESIAN_POINT('',(3.385740094816,1.22193122694));
#9578 = CARTESIAN_POINT('',(3.38640151287,1.313402310851));
#9579 = CARTESIAN_POINT('',(3.38840159608,1.403348653249));
#9580 = ( GEOMETRIC_REPRESENTATION_CONTEXT(2) 
PARAMETRIC_REPRESENTATION_CONTEXT() REPRESENTATION_CONTEXT('2D SPACE',''
  ) );
#9581 = ADVANCED_FACE('',(#9582),#9186,.F.);
#9582 = FACE_BOUND('',#9583,.F.);
#9583 = EDGE_LOOP('',(#9584,#9856,#9885,#10155));
#9584 = ORIENTED_EDGE('',*,*,#9585,.F.);
#9585 = EDGE_CURVE('',#9586,#9163,#9588,.T.);
#9586 = VERTEX_POINT('',#9587);
#9587 = CARTESIAN_POINT('',(-115.0228794955,0.477777651607,125.));
#9588 = SURFACE_CURVE('',#9589,(#9676,#9766),.PCURVE_S1.);
#9589 = B_SPLINE_CURVE_WITH_KNOTS('',8,(#9590,#9591,#9592,#9593,#9594,
    #9595,#9596,#9597,#9598,#9599,#9600,#9601,#9602,#9603,#9604,#9605,
    #9606,#9607,#9608,#9609,#9610,#9611,#9612,#9613,#9614,#9615,#9616,
    #9617,#9618,#9619,#9620,#9621,#9622,#9623,#9624,#9625,#9626,#9627,
    #9628,#9629,#9630,#9631,#9632,#9633,#9634,#9635,#9636,#9637,#9638,
    #9639,#9640,#9641,#9642,#9643,#9644,#9645,#9646,#9647,#9648,#9649,
    #9650,#9651,#9652,#9653,#9654,#9655,#9656,#9657,#9658,#9659,#9660,
    #9661,#9662,#9663,#9664,#9665,#9666,#9667,#9668,#9669,#9670,#9671,
    #9672,#9673,#9674,#9675),.UNSPECIFIED.,.F.,.F.,(9,7,7,7,7,7,7,7,7,7,
    7,7,9),(0.,5.663172402394E-02,9.784058608876E-02,0.163171775346,
    0.346315647879,0.428435641026,0.499810988015,0.568547380391,
    0.727752825703,0.819834597853,0.921192828749,0.951940283352,1.),
  .UNSPECIFIED.);
#9590 = CARTESIAN_POINT('',(-114.876524617,0.,125.));
#9591 = CARTESIAN_POINT('',(-114.876524617,7.169654187032E-02,125.));
#9592 = CARTESIAN_POINT('',(-114.8837866578,0.143430004981,125.));
#9593 = CARTESIAN_POINT('',(-114.898323561,0.214429840105,125.));
#9594 = CARTESIAN_POINT('',(-114.9198591167,0.284058998513,125.));
#9595 = CARTESIAN_POINT('',(-114.9479441514,0.351801469656,125.));
#9596 = CARTESIAN_POINT('',(-114.9820219093,0.417253214168,125.));
#9597 = CARTESIAN_POINT('',(-115.0214683818,0.480113843073,125.));
#9598 = CARTESIAN_POINT('',(-115.0977703847,0.583881745088,125.));
#9599 = CARTESIAN_POINT('',(-115.1324300039,0.626137853514,125.));
#9600 = CARTESIAN_POINT('',(-115.1693923511,0.666896066054,125.));
#9601 = CARTESIAN_POINT('',(-115.2084455077,0.706131894267,125.));
#9602 = CARTESIAN_POINT('',(-115.249389515,0.743841503367,125.));
#9603 = CARTESIAN_POINT('',(-115.2920405225,0.780038201046,125.));
#9604 = CARTESIAN_POINT('',(-115.3362349369,0.814748926291,125.));
#9605 = CARTESIAN_POINT('',(-115.45412416,0.900742932702,125.));
#9606 = CARTESIAN_POINT('',(-115.5299111316,0.949810316234,125.));
#9607 = CARTESIAN_POINT('',(-115.6086510612,0.995380858019,125.));
#9608 = CARTESIAN_POINT('',(-115.6898774814,1.037631175182,125.));
#9609 = CARTESIAN_POINT('',(-115.7731967783,1.076746377467,125.));
#9610 = CARTESIAN_POINT('',(-115.8582866914,1.112917801483,125.));
#9611 = CARTESIAN_POINT('',(-115.9448974162,1.146338634475,125.));
#9612 = CARTESIAN_POINT('',(-116.2794289537,1.263704331089,125.));
#9613 = CARTESIAN_POINT('',(-116.5358031333,1.329804591979,125.));
#9614 = CARTESIAN_POINT('',(-116.7984285149,1.38000875372,125.));
#9615 = CARTESIAN_POINT('',(-117.0650396551,1.417177551433,125.));
#9616 = CARTESIAN_POINT('',(-117.3339828581,1.444156934132,125.));
#9617 = CARTESIAN_POINT('',(-117.6044157163,1.463193400891,125.));
#9618 = CARTESIAN_POINT('',(-117.8761162315,1.476290004179,125.));
#9619 = CARTESIAN_POINT('',(-118.2721916894,1.488984827643,125.));
#9620 = CARTESIAN_POINT('',(-118.3950245581,1.492039929311,125.));
#9621 = CARTESIAN_POINT('',(-118.5180486753,1.494366836217,125.));
#9622 = CARTESIAN_POINT('',(-118.6412411517,1.496099443979,125.));
#9623 = CARTESIAN_POINT('',(-118.7645812031,1.49735810219,125.));
#9624 = CARTESIAN_POINT('',(-118.8880499764,1.498248920903,125.));
#9625 = CARTESIAN_POINT('',(-119.0116303742,1.498863077134,125.));
#9626 = CARTESIAN_POINT('',(-119.2428014542,1.499635122527,125.));
#9627 = CARTESIAN_POINT('',(-119.350367434,1.499842098615,125.));
#9628 = CARTESIAN_POINT('',(-119.4579932719,1.499946614467,125.));
#9629 = CARTESIAN_POINT('',(-119.5656673252,1.499988952072,125.));
#9630 = CARTESIAN_POINT('',(-119.6733778328,1.499999802343,125.));
#9631 = CARTESIAN_POINT('',(-119.7811128909,1.499999956923,125.));
#9632 = CARTESIAN_POINT('',(-119.888860429,1.499999999978,125.));
#9633 = CARTESIAN_POINT('',(-120.1003721931,1.500000000021,125.));
#9634 = CARTESIAN_POINT('',(-120.2041365467,1.499999964706,125.));
#9635 = CARTESIAN_POINT('',(-120.3078902858,1.500000183301,125.));
#9636 = CARTESIAN_POINT('',(-120.4116226131,1.499991912127,125.));
#9637 = CARTESIAN_POINT('',(-120.5153228757,1.49995761914,125.));
#9638 = CARTESIAN_POINT('',(-120.618980546,1.499871228487,125.));
#9639 = CARTESIAN_POINT('',(-120.7225852035,1.499698365064,125.));
#9640 = CARTESIAN_POINT('',(-121.0659462122,1.498697656535,125.));
#9641 = CARTESIAN_POINT('',(-121.3053445252,1.497307802392,125.));
#9642 = CARTESIAN_POINT('',(-121.5442922407,1.494700225463,125.));
#9643 = CARTESIAN_POINT('',(-121.7826933775,1.490125024708,125.));
#9644 = CARTESIAN_POINT('',(-122.0203795608,1.482621860443,125.));
#9645 = CARTESIAN_POINT('',(-122.2571073809,1.471063948431,125.));
#9646 = CARTESIAN_POINT('',(-122.4925504796,1.454160869456,125.));
#9647 = CARTESIAN_POINT('',(-122.86146227,1.416574508256,125.));
#9648 = CARTESIAN_POINT('',(-122.9960145978,1.400495236348,125.));
#9649 = CARTESIAN_POINT('',(-123.1298631324,1.381810429455,125.));
#9650 = CARTESIAN_POINT('',(-123.2628733254,1.360191096221,125.));
#9651 = CARTESIAN_POINT('',(-123.3948496503,1.335282741588,125.));
#9652 = CARTESIAN_POINT('',(-123.5255334701,1.306701689288,125.));
#9653 = CARTESIAN_POINT('',(-123.6545971622,1.274023661037,125.));
#9654 = CARTESIAN_POINT('',(-123.9214697763,1.195752030201,125.));
#9655 = CARTESIAN_POINT('',(-124.0585928083,1.149264331139,125.));
#9656 = CARTESIAN_POINT('',(-124.1927156257,1.096616335841,125.));
#9657 = CARTESIAN_POINT('',(-124.3231002618,1.037086401043,125.));
#9658 = CARTESIAN_POINT('',(-124.4485543784,0.969936189755,125.));
#9659 = CARTESIAN_POINT('',(-124.5674748109,0.894487307017,125.));
#9660 = CARTESIAN_POINT('',(-124.6778591825,0.810174131995,125.));
#9661 = CARTESIAN_POINT('',(-124.8073429415,0.688073353786,125.));
#9662 = CARTESIAN_POINT('',(-124.8364436581,0.658811737947,125.));
#9663 = CARTESIAN_POINT('',(-124.8644316345,0.628703798649,125.));
#9664 = CARTESIAN_POINT('',(-124.8912236598,0.597751776305,125.));
#9665 = CARTESIAN_POINT('',(-124.9167313017,0.565964801756,125.));
#9666 = CARTESIAN_POINT('',(-124.9408626443,0.533360015338,125.));
#9667 = CARTESIAN_POINT('',(-124.9635240249,0.499963685963,125.));
#9668 = CARTESIAN_POINT('',(-125.0175985401,0.412432156038,125.));
#9669 = CARTESIAN_POINT('',(-125.0467768457,0.357173062016,125.));
#9670 = CARTESIAN_POINT('',(-125.0717625877,0.300216207834,125.));
#9671 = CARTESIAN_POINT('',(-125.0921972554,0.2417930202,125.));
#9672 = CARTESIAN_POINT('',(-125.1077705191,0.182188447682,125.));
#9673 = CARTESIAN_POINT('',(-125.1182424518,0.12174396248,125.));
#9674 = CARTESIAN_POINT('',(-125.1234753829,6.08603091096E-02,125.));
#9675 = CARTESIAN_POINT('',(-125.1234753829,0.,125.));
#9676 = PCURVE('',#9186,#9677);
#9677 = DEFINITIONAL_REPRESENTATION('',(#9678),#9765);
#9678 = B_SPLINE_CURVE_WITH_KNOTS('',8,(#9679,#9680,#9681,#9682,#9683,
    #9684,#9685,#9686,#9687,#9688,#9689,#9690,#9691,#9692,#9693,#9694,
    #9695,#9696,#9697,#9698,#9699,#9700,#9701,#9702,#9703,#9704,#9705,
    #9706,#9707,#9708,#9709,#9710,#9711,#9712,#9713,#9714,#9715,#9716,
    #9717,#9718,#9719,#9720,#9721,#9722,#9723,#9724,#9725,#9726,#9727,
    #9728,#9729,#9730,#9731,#9732,#9733,#9734,#9735,#9736,#9737,#9738,
    #9739,#9740,#9741,#9742,#9743,#9744,#9745,#9746,#9747,#9748,#9749,
    #9750,#9751,#9752,#9753,#9754,#9755,#9756,#9757,#9758,#9759,#9760,
    #9761,#9762,#9763,#9764),.UNSPECIFIED.,.F.,.F.,(9,7,7,7,7,7,7,7,7,7,
    7,7,9),(0.,5.663172402394E-02,9.784058608876E-02,0.163171775346,
    0.346315647879,0.428435641026,0.499810988015,0.568547380391,
    0.727752825703,0.819834597853,0.921192828749,0.951940283352,1.),
  .UNSPECIFIED.);
#9679 = CARTESIAN_POINT('',(5.12347538298,0.));
#9680 = CARTESIAN_POINT('',(5.12347538298,7.169654187032E-02));
#9681 = CARTESIAN_POINT('',(5.116213342195,0.143430004981));
#9682 = CARTESIAN_POINT('',(5.101676438996,0.214429840105));
#9683 = CARTESIAN_POINT('',(5.080140883296,0.284058998513));
#9684 = CARTESIAN_POINT('',(5.05205584854,0.351801469656));
#9685 = CARTESIAN_POINT('',(5.017978090688,0.417253214168));
#9686 = CARTESIAN_POINT('',(4.978531618168,0.480113843073));
#9687 = CARTESIAN_POINT('',(4.902229615264,0.583881745088));
#9688 = CARTESIAN_POINT('',(4.867569996066,0.626137853514));
#9689 = CARTESIAN_POINT('',(4.83060764888,0.666896066054));
#9690 = CARTESIAN_POINT('',(4.791554492256,0.706131894267));
#9691 = CARTESIAN_POINT('',(4.750610484963,0.743841503367));
#9692 = CARTESIAN_POINT('',(4.707959477402,0.780038201046));
#9693 = CARTESIAN_POINT('',(4.663765063015,0.814748926291));
#9694 = CARTESIAN_POINT('',(4.545875839906,0.900742932702));
#9695 = CARTESIAN_POINT('',(4.470088868382,0.949810316234));
#9696 = CARTESIAN_POINT('',(4.391348938762,0.995380858019));
#9697 = CARTESIAN_POINT('',(4.310122518502,1.037631175182));
#9698 = CARTESIAN_POINT('',(4.226803221601,1.076746377467));
#9699 = CARTESIAN_POINT('',(4.141713308578,1.112917801483));
#9700 = CARTESIAN_POINT('',(4.055102583714,1.146338634475));
#9701 = CARTESIAN_POINT('',(3.720571046215,1.263704331089));
#9702 = CARTESIAN_POINT('',(3.464196866635,1.329804591979));
#9703 = CARTESIAN_POINT('',(3.201571485081,1.38000875372));
#9704 = CARTESIAN_POINT('',(2.934960344863,1.417177551433));
#9705 = CARTESIAN_POINT('',(2.666017141824,1.444156934132));
#9706 = CARTESIAN_POINT('',(2.395584283689,1.463193400891));
#9707 = CARTESIAN_POINT('',(2.12388376847,1.476290004179));
#9708 = CARTESIAN_POINT('',(1.727808310564,1.488984827643));
#9709 = CARTESIAN_POINT('',(1.60497544181,1.492039929311));
#9710 = CARTESIAN_POINT('',(1.481951324632,1.494366836217));
#9711 = CARTESIAN_POINT('',(1.358758848278,1.496099443979));
#9712 = CARTESIAN_POINT('',(1.235418796801,1.49735810219));
#9713 = CARTESIAN_POINT('',(1.111950023561,1.498248920903));
#9714 = CARTESIAN_POINT('',(0.988369625724,1.498863077134));
#9715 = CARTESIAN_POINT('',(0.757198545768,1.499635122527));
#9716 = CARTESIAN_POINT('',(0.649632565962,1.499842098615));
#9717 = CARTESIAN_POINT('',(0.542006728044,1.499946614467));
#9718 = CARTESIAN_POINT('',(0.434332674761,1.499988952072));
#9719 = CARTESIAN_POINT('',(0.326622167197,1.499999802343));
#9720 = CARTESIAN_POINT('',(0.218887109051,1.499999956923));
#9721 = CARTESIAN_POINT('',(0.111139570919,1.499999999978));
#9722 = CARTESIAN_POINT('',(-0.100372193175,1.500000000021));
#9723 = CARTESIAN_POINT('',(-0.204136546724,1.499999964706));
#9724 = CARTESIAN_POINT('',(-0.307890285818,1.500000183301));
#9725 = CARTESIAN_POINT('',(-0.411622613156,1.499991912127));
#9726 = CARTESIAN_POINT('',(-0.515322875709,1.49995761914));
#9727 = CARTESIAN_POINT('',(-0.618980546029,1.499871228487));
#9728 = CARTESIAN_POINT('',(-0.722585203555,1.499698365064));
#9729 = CARTESIAN_POINT('',(-1.06594621224,1.498697656535));
#9730 = CARTESIAN_POINT('',(-1.305344525255,1.497307802392));
#9731 = CARTESIAN_POINT('',(-1.544292240755,1.494700225463));
#9732 = CARTESIAN_POINT('',(-1.782693377532,1.490125024708));
#9733 = CARTESIAN_POINT('',(-2.020379560877,1.482621860443));
#9734 = CARTESIAN_POINT('',(-2.257107380936,1.471063948431));
#9735 = CARTESIAN_POINT('',(-2.492550479654,1.454160869456));
#9736 = CARTESIAN_POINT('',(-2.861462270058,1.416574508256));
#9737 = CARTESIAN_POINT('',(-2.99601459781,1.400495236348));
#9738 = CARTESIAN_POINT('',(-3.12986313242,1.381810429455));
#9739 = CARTESIAN_POINT('',(-3.262873325409,1.360191096221));
#9740 = CARTESIAN_POINT('',(-3.39484965033,1.335282741588));
#9741 = CARTESIAN_POINT('',(-3.525533470142,1.306701689288));
#9742 = CARTESIAN_POINT('',(-3.654597162254,1.274023661037));
#9743 = CARTESIAN_POINT('',(-3.921469776369,1.195752030201));
#9744 = CARTESIAN_POINT('',(-4.058592808354,1.149264331139));
#9745 = CARTESIAN_POINT('',(-4.192715625797,1.096616335841));
#9746 = CARTESIAN_POINT('',(-4.323100261896,1.037086401043));
#9747 = CARTESIAN_POINT('',(-4.448554378484,0.969936189755));
#9748 = CARTESIAN_POINT('',(-4.567474810906,0.894487307017));
#9749 = CARTESIAN_POINT('',(-4.67785918251,0.810174131995));
#9750 = CARTESIAN_POINT('',(-4.807342941582,0.688073353786));
#9751 = CARTESIAN_POINT('',(-4.836443658142,0.658811737947));
#9752 = CARTESIAN_POINT('',(-4.864431634547,0.628703798649));
#9753 = CARTESIAN_POINT('',(-4.891223659801,0.597751776305));
#9754 = CARTESIAN_POINT('',(-4.916731301767,0.565964801756));
#9755 = CARTESIAN_POINT('',(-4.940862644395,0.533360015338));
#9756 = CARTESIAN_POINT('',(-4.96352402494,0.499963685963));
#9757 = CARTESIAN_POINT('',(-5.017598540143,0.412432156038));
#9758 = CARTESIAN_POINT('',(-5.046776845765,0.357173062016));
#9759 = CARTESIAN_POINT('',(-5.071762587722,0.300216207834));
#9760 = CARTESIAN_POINT('',(-5.092197255446,0.2417930202));
#9761 = CARTESIAN_POINT('',(-5.107770519109,0.182188447682));
#9762 = CARTESIAN_POINT('',(-5.118242451812,0.12174396248));
#9763 = CARTESIAN_POINT('',(-5.12347538298,6.08603091096E-02));
#9764 = CARTESIAN_POINT('',(-5.12347538298,0.));
#9765 = ( GEOMETRIC_REPRESENTATION_CONTEXT(2) 
PARAMETRIC_REPRESENTATION_CONTEXT() REPRESENTATION_CONTEXT('2D SPACE',''
  ) );
#9766 = PCURVE('',#9248,#9767);
#9767 = DEFINITIONAL_REPRESENTATION('',(#9768),#9855);
#9768 = B_SPLINE_CURVE_WITH_KNOTS('',8,(#9769,#9770,#9771,#9772,#9773,
    #9774,#9775,#9776,#9777,#9778,#9779,#9780,#9781,#9782,#9783,#9784,
    #9785,#9786,#9787,#9788,#9789,#9790,#9791,#9792,#9793,#9794,#9795,
    #9796,#9797,#9798,#9799,#9800,#9801,#9802,#9803,#9804,#9805,#9806,
    #9807,#9808,#9809,#9810,#9811,#9812,#9813,#9814,#9815,#9816,#9817,
    #9818,#9819,#9820,#9821,#9822,#9823,#9824,#9825,#9826,#9827,#9828,
    #9829,#9830,#9831,#9832,#9833,#9834,#9835,#9836,#9837,#9838,#9839,
    #9840,#9841,#9842,#9843,#9844,#9845,#9846,#9847,#9848,#9849,#9850,
    #9851,#9852,#9853,#9854),.UNSPECIFIED.,.F.,.F.,(9,7,7,7,7,7,7,7,7,7,
    7,7,9),(0.,5.663172402394E-02,9.784058608876E-02,0.163171775346,
    0.346315647879,0.428435641026,0.499810988015,0.568547380391,
    0.727752825703,0.819834597853,0.921192828749,0.951940283352,1.),
  .UNSPECIFIED.);
#9769 = CARTESIAN_POINT('',(2.571971334517,0.));
#9770 = CARTESIAN_POINT('',(2.571971334517,4.779769458021E-02));
#9771 = CARTESIAN_POINT('',(2.572615063058,9.561999435788E-02));
#9772 = CARTESIAN_POINT('',(2.573903644468,0.143119654211));
#9773 = CARTESIAN_POINT('',(2.575815601772,0.190038947078));
#9774 = CARTESIAN_POINT('',(2.578317031672,0.236175305298));
#9775 = CARTESIAN_POINT('',(2.581366177544,0.281364260828));
#9776 = CARTESIAN_POINT('',(2.584915546743,0.325472511901));
#9777 = CARTESIAN_POINT('',(2.591824771543,0.399626320854));
#9778 = CARTESIAN_POINT('',(2.594975159568,0.430253361652));
#9779 = CARTESIAN_POINT('',(2.598349324543,0.460257629902));
#9780 = CARTESIAN_POINT('',(2.601931238977,0.489629721918));
#9781 = CARTESIAN_POINT('',(2.605705746447,0.518367491393));
#9782 = CARTESIAN_POINT('',(2.609658902089,0.546475274255));
#9783 = CARTESIAN_POINT('',(2.613778313084,0.573963113527));
#9784 = CARTESIAN_POINT('',(2.624831188347,0.643465212746));
#9785 = CARTESIAN_POINT('',(2.631997316824,0.68454521013));
#9786 = CARTESIAN_POINT('',(2.639511186276,0.724159959747));
#9787 = CARTESIAN_POINT('',(2.647337398593,0.762371795405));
#9788 = CARTESIAN_POINT('',(2.655445497172,0.79923882197));
#9789 = CARTESIAN_POINT('',(2.66381007163,0.834819696289));
#9790 = CARTESIAN_POINT('',(2.672411305942,0.869175768353));
#9791 = CARTESIAN_POINT('',(2.705974279004,0.995426088436));
#9792 = CARTESIAN_POINT('',(2.732389539021,1.079061285588));
#9793 = CARTESIAN_POINT('',(2.760209929068,1.154922050181));
#9794 = CARTESIAN_POINT('',(2.789230252151,1.223444051804));
#9795 = CARTESIAN_POINT('',(2.819260086634,1.285041892269));
#9796 = CARTESIAN_POINT('',(2.850159304935,1.339855918774));
#9797 = CARTESIAN_POINT('',(2.881840539415,1.388019273747));
#9798 = CARTESIAN_POINT('',(2.928835678965,1.448122723696));
#9799 = CARTESIAN_POINT('',(2.943521944543,1.465368562916));
#9800 = CARTESIAN_POINT('',(2.958335628216,1.48124741277));
#9801 = CARTESIAN_POINT('',(2.973265999609,1.495749257256));
#9802 = CARTESIAN_POINT('',(2.988301833944,1.508861566084));
#9803 = CARTESIAN_POINT('',(3.003431485956,1.520570704483));
#9804 = CARTESIAN_POINT('',(3.018642963818,1.530863343006));
#9805 = CARTESIAN_POINT('',(3.047205658796,1.547432550142));
#9806 = CARTESIAN_POINT('',(3.060539717235,1.554058284515));
#9807 = CARTESIAN_POINT('',(3.073917966687,1.559597114348));
#9808 = CARTESIAN_POINT('',(3.087331917326,1.564042071576));
#9809 = CARTESIAN_POINT('',(3.100772863264,1.567387487832));
#9810 = CARTESIAN_POINT('',(3.114231944634,1.569629306107));
#9811 = CARTESIAN_POINT('',(3.127700209671,1.570765392413));
#9812 = CARTESIAN_POINT('',(3.154139175431,1.570825176465));
#9813 = CARTESIAN_POINT('',(3.167109881075,1.569829114256));
#9814 = CARTESIAN_POINT('',(3.180072771277,1.567807513203));
#9815 = CARTESIAN_POINT('',(3.193019846675,1.564762134003));
#9816 = CARTESIAN_POINT('',(3.205943182929,1.560696399541));
#9817 = CARTESIAN_POINT('',(3.218834982653,1.555615148746));
#9818 = CARTESIAN_POINT('',(3.231687627344,1.549524390463));
#9819 = CARTESIAN_POINT('',(3.274154889828,1.526001663469));
#9820 = CARTESIAN_POINT('',(3.303556269578,1.504199385198));
#9821 = CARTESIAN_POINT('',(3.332618563586,1.477107625711));
#9822 = CARTESIAN_POINT('',(3.361260055012,1.444826878306));
#9823 = CARTESIAN_POINT('',(3.389399020168,1.407449312742));
#9824 = CARTESIAN_POINT('',(3.416956556229,1.365035648856));
#9825 = CARTESIAN_POINT('',(3.443858416425,1.317568849892));
#9826 = CARTESIAN_POINT('',(3.485174211174,1.234372767868));
#9827 = CARTESIAN_POINT('',(3.500064680754,1.202145277542));
#9828 = CARTESIAN_POINT('',(3.51469381963,1.168140828232));
#9829 = CARTESIAN_POINT('',(3.529044292856,1.132312270392));
#9830 = CARTESIAN_POINT('',(3.543094354169,1.094602971808));
#9831 = CARTESIAN_POINT('',(3.556818349355,1.054942023137));
#9832 = CARTESIAN_POINT('',(3.570186825969,1.013232850955));
#9833 = CARTESIAN_POINT('',(3.597453239814,0.921015312888));
#9834 = CARTESIAN_POINT('',(3.611242572307,0.87013270325));
#9835 = CARTESIAN_POINT('',(3.624516896332,0.81643108719));
#9836 = CARTESIAN_POINT('',(3.637216281878,0.759679958247));
#9837 = CARTESIAN_POINT('',(3.649243816299,0.699666418985));
#9838 = CARTESIAN_POINT('',(3.660474872217,0.636199349033));
#9839 = CARTESIAN_POINT('',(3.670760382604,0.569079733139));
#9840 = CARTESIAN_POINT('',(3.682691387598,0.476425842189));
#9841 = CARTESIAN_POINT('',(3.68536228922,0.454510169068));
#9842 = CARTESIAN_POINT('',(3.68792139835,0.432242431813));
#9843 = CARTESIAN_POINT('',(3.690362416156,0.409623585657));
#9844 = CARTESIAN_POINT('',(3.692678645023,0.386657401789));
#9845 = CARTESIAN_POINT('',(3.694863122921,0.363350844726));
#9846 = CARTESIAN_POINT('',(3.696908757776,0.339714449699));
#9847 = CARTESIAN_POINT('',(3.701777788572,0.278324989557));
#9848 = CARTESIAN_POINT('',(3.70439254097,0.240092857199));
#9849 = CARTESIAN_POINT('',(3.706622275143,0.201152079107));
#9850 = CARTESIAN_POINT('',(3.708439850625,0.16160278713));
#9851 = CARTESIAN_POINT('',(3.70982186636,0.121560818705));
#9852 = CARTESIAN_POINT('',(3.710750103167,8.116259673324E-02));
#9853 = CARTESIAN_POINT('',(3.711213972663,4.05735394064E-02));
#9854 = CARTESIAN_POINT('',(3.711213972663,0.));
#9855 = ( GEOMETRIC_REPRESENTATION_CONTEXT(2) 
PARAMETRIC_REPRESENTATION_CONTEXT() REPRESENTATION_CONTEXT('2D SPACE',''
  ) );
#9856 = ORIENTED_EDGE('',*,*,#9857,.T.);
#9857 = EDGE_CURVE('',#9586,#9858,#9860,.T.);
#9858 = VERTEX_POINT('',#9859);
#9859 = CARTESIAN_POINT('',(-124.9771205044,0.477777651607,125.));
#9860 = SURFACE_CURVE('',#9861,(#9866,#9873),.PCURVE_S1.);
#9861 = CIRCLE('',#9862,5.);
#9862 = AXIS2_PLACEMENT_3D('',#9863,#9864,#9865);
#9863 = CARTESIAN_POINT('',(-120.,0.,125.));
#9864 = DIRECTION('',(0.,0.,1.));
#9865 = DIRECTION('',(1.,0.,-0.));
#9866 = PCURVE('',#9186,#9867);
#9867 = DEFINITIONAL_REPRESENTATION('',(#9868),#9872);
#9868 = CIRCLE('',#9869,5.);
#9869 = AXIS2_PLACEMENT_2D('',#9870,#9871);
#9870 = CARTESIAN_POINT('',(0.,0.));
#9871 = DIRECTION('',(1.,0.));
#9872 = ( GEOMETRIC_REPRESENTATION_CONTEXT(2) 
PARAMETRIC_REPRESENTATION_CONTEXT() REPRESENTATION_CONTEXT('2D SPACE',''
  ) );
#9873 = PCURVE('',#9874,#9879);
#9874 = CYLINDRICAL_SURFACE('',#9875,5.);
#9875 = AXIS2_PLACEMENT_3D('',#9876,#9877,#9878);
#9876 = CARTESIAN_POINT('',(-120.,0.,125.));
#9877 = DIRECTION('',(0.,0.,1.));
#9878 = DIRECTION('',(1.,0.,-0.));
#9879 = DEFINITIONAL_REPRESENTATION('',(#9880),#9884);
#9880 = LINE('',#9881,#9882);
#9881 = CARTESIAN_POINT('',(0.,0.));
#9882 = VECTOR('',#9883,1.);
#9883 = DIRECTION('',(1.,0.));
#9884 = ( GEOMETRIC_REPRESENTATION_CONTEXT(2) 
PARAMETRIC_REPRESENTATION_CONTEXT() REPRESENTATION_CONTEXT('2D SPACE',''
  ) );
#9885 = ORIENTED_EDGE('',*,*,#9886,.F.);
#9886 = EDGE_CURVE('',#9165,#9858,#9887,.T.);
#9887 = SURFACE_CURVE('',#9888,(#9975,#10065),.PCURVE_S1.);
#9888 = B_SPLINE_CURVE_WITH_KNOTS('',8,(#9889,#9890,#9891,#9892,#9893,
    #9894,#9895,#9896,#9897,#9898,#9899,#9900,#9901,#9902,#9903,#9904,
    #9905,#9906,#9907,#9908,#9909,#9910,#9911,#9912,#9913,#9914,#9915,
    #9916,#9917,#9918,#9919,#9920,#9921,#9922,#9923,#9924,#9925,#9926,
    #9927,#9928,#9929,#9930,#9931,#9932,#9933,#9934,#9935,#9936,#9937,
    #9938,#9939,#9940,#9941,#9942,#9943,#9944,#9945,#9946,#9947,#9948,
    #9949,#9950,#9951,#9952,#9953,#9954,#9955,#9956,#9957,#9958,#9959,
    #9960,#9961,#9962,#9963,#9964,#9965,#9966,#9967,#9968,#9969,#9970,
    #9971,#9972,#9973,#9974),.UNSPECIFIED.,.F.,.F.,(9,7,7,7,7,7,7,7,7,7,
    7,7,9),(0.,5.663172402394E-02,9.784058608876E-02,0.163171775346,
    0.346315647879,0.428435641026,0.499810988015,0.568547380391,
    0.727752825703,0.819834597853,0.921192828749,0.951940283352,1.),
  .UNSPECIFIED.);
#9889 = CARTESIAN_POINT('',(-114.876524617,0.,125.));
#9890 = CARTESIAN_POINT('',(-114.876524617,7.169654187032E-02,125.));
#9891 = CARTESIAN_POINT('',(-114.8837866578,0.143430004981,125.));
#9892 = CARTESIAN_POINT('',(-114.898323561,0.214429840105,125.));
#9893 = CARTESIAN_POINT('',(-114.9198591167,0.284058998513,125.));
#9894 = CARTESIAN_POINT('',(-114.9479441514,0.351801469656,125.));
#9895 = CARTESIAN_POINT('',(-114.9820219093,0.417253214168,125.));
#9896 = CARTESIAN_POINT('',(-115.0214683818,0.480113843073,125.));
#9897 = CARTESIAN_POINT('',(-115.0977703847,0.583881745088,125.));
#9898 = CARTESIAN_POINT('',(-115.1324300039,0.626137853514,125.));
#9899 = CARTESIAN_POINT('',(-115.1693923511,0.666896066054,125.));
#9900 = CARTESIAN_POINT('',(-115.2084455077,0.706131894267,125.));
#9901 = CARTESIAN_POINT('',(-115.249389515,0.743841503367,125.));
#9902 = CARTESIAN_POINT('',(-115.2920405225,0.780038201046,125.));
#9903 = CARTESIAN_POINT('',(-115.3362349369,0.814748926291,125.));
#9904 = CARTESIAN_POINT('',(-115.45412416,0.900742932702,125.));
#9905 = CARTESIAN_POINT('',(-115.5299111316,0.949810316234,125.));
#9906 = CARTESIAN_POINT('',(-115.6086510612,0.995380858019,125.));
#9907 = CARTESIAN_POINT('',(-115.6898774814,1.037631175182,125.));
#9908 = CARTESIAN_POINT('',(-115.7731967783,1.076746377467,125.));
#9909 = CARTESIAN_POINT('',(-115.8582866914,1.112917801483,125.));
#9910 = CARTESIAN_POINT('',(-115.9448974162,1.146338634475,125.));
#9911 = CARTESIAN_POINT('',(-116.2794289537,1.263704331089,125.));
#9912 = CARTESIAN_POINT('',(-116.5358031333,1.329804591979,125.));
#9913 = CARTESIAN_POINT('',(-116.7984285149,1.38000875372,125.));
#9914 = CARTESIAN_POINT('',(-117.0650396551,1.417177551433,125.));
#9915 = CARTESIAN_POINT('',(-117.3339828581,1.444156934132,125.));
#9916 = CARTESIAN_POINT('',(-117.6044157163,1.463193400891,125.));
#9917 = CARTESIAN_POINT('',(-117.8761162315,1.476290004179,125.));
#9918 = CARTESIAN_POINT('',(-118.2721916894,1.488984827643,125.));
#9919 = CARTESIAN_POINT('',(-118.3950245581,1.492039929311,125.));
#9920 = CARTESIAN_POINT('',(-118.5180486753,1.494366836217,125.));
#9921 = CARTESIAN_POINT('',(-118.6412411517,1.496099443979,125.));
#9922 = CARTESIAN_POINT('',(-118.7645812031,1.49735810219,125.));
#9923 = CARTESIAN_POINT('',(-118.8880499764,1.498248920903,125.));
#9924 = CARTESIAN_POINT('',(-119.0116303742,1.498863077134,125.));
#9925 = CARTESIAN_POINT('',(-119.2428014542,1.499635122527,125.));
#9926 = CARTESIAN_POINT('',(-119.350367434,1.499842098615,125.));
#9927 = CARTESIAN_POINT('',(-119.4579932719,1.499946614467,125.));
#9928 = CARTESIAN_POINT('',(-119.5656673252,1.499988952072,125.));
#9929 = CARTESIAN_POINT('',(-119.6733778328,1.499999802343,125.));
#9930 = CARTESIAN_POINT('',(-119.7811128909,1.499999956923,125.));
#9931 = CARTESIAN_POINT('',(-119.888860429,1.499999999978,125.));
#9932 = CARTESIAN_POINT('',(-120.1003721931,1.500000000021,125.));
#9933 = CARTESIAN_POINT('',(-120.2041365467,1.499999964706,125.));
#9934 = CARTESIAN_POINT('',(-120.3078902858,1.500000183301,125.));
#9935 = CARTESIAN_POINT('',(-120.4116226131,1.499991912127,125.));
#9936 = CARTESIAN_POINT('',(-120.5153228757,1.49995761914,125.));
#9937 = CARTESIAN_POINT('',(-120.618980546,1.499871228487,125.));
#9938 = CARTESIAN_POINT('',(-120.7225852035,1.499698365064,125.));
#9939 = CARTESIAN_POINT('',(-121.0659462122,1.498697656535,125.));
#9940 = CARTESIAN_POINT('',(-121.3053445252,1.497307802392,125.));
#9941 = CARTESIAN_POINT('',(-121.5442922407,1.494700225463,125.));
#9942 = CARTESIAN_POINT('',(-121.7826933775,1.490125024708,125.));
#9943 = CARTESIAN_POINT('',(-122.0203795608,1.482621860443,125.));
#9944 = CARTESIAN_POINT('',(-122.2571073809,1.471063948431,125.));
#9945 = CARTESIAN_POINT('',(-122.4925504796,1.454160869456,125.));
#9946 = CARTESIAN_POINT('',(-122.86146227,1.416574508256,125.));
#9947 = CARTESIAN_POINT('',(-122.9960145978,1.400495236348,125.));
#9948 = CARTESIAN_POINT('',(-123.1298631324,1.381810429455,125.));
#9949 = CARTESIAN_POINT('',(-123.2628733254,1.360191096221,125.));
#9950 = CARTESIAN_POINT('',(-123.3948496503,1.335282741588,125.));
#9951 = CARTESIAN_POINT('',(-123.5255334701,1.306701689288,125.));
#9952 = CARTESIAN_POINT('',(-123.6545971622,1.274023661037,125.));
#9953 = CARTESIAN_POINT('',(-123.9214697763,1.195752030201,125.));
#9954 = CARTESIAN_POINT('',(-124.0585928083,1.149264331139,125.));
#9955 = CARTESIAN_POINT('',(-124.1927156257,1.096616335841,125.));
#9956 = CARTESIAN_POINT('',(-124.3231002618,1.037086401043,125.));
#9957 = CARTESIAN_POINT('',(-124.4485543784,0.969936189755,125.));
#9958 = CARTESIAN_POINT('',(-124.5674748109,0.894487307017,125.));
#9959 = CARTESIAN_POINT('',(-124.6778591825,0.810174131995,125.));
#9960 = CARTESIAN_POINT('',(-124.8073429415,0.688073353786,125.));
#9961 = CARTESIAN_POINT('',(-124.8364436581,0.658811737947,125.));
#9962 = CARTESIAN_POINT('',(-124.8644316345,0.628703798649,125.));
#9963 = CARTESIAN_POINT('',(-124.8912236598,0.597751776305,125.));
#9964 = CARTESIAN_POINT('',(-124.9167313017,0.565964801756,125.));
#9965 = CARTESIAN_POINT('',(-124.9408626443,0.533360015338,125.));
#9966 = CARTESIAN_POINT('',(-124.9635240249,0.499963685963,125.));
#9967 = CARTESIAN_POINT('',(-125.0175985401,0.412432156038,125.));
#9968 = CARTESIAN_POINT('',(-125.0467768457,0.357173062016,125.));
#9969 = CARTESIAN_POINT('',(-125.0717625877,0.300216207834,125.));
#9970 = CARTESIAN_POINT('',(-125.0921972554,0.2417930202,125.));
#9971 = CARTESIAN_POINT('',(-125.1077705191,0.182188447682,125.));
#9972 = CARTESIAN_POINT('',(-125.1182424518,0.12174396248,125.));
#9973 = CARTESIAN_POINT('',(-125.1234753829,6.08603091096E-02,125.));
#9974 = CARTESIAN_POINT('',(-125.1234753829,0.,125.));
#9975 = PCURVE('',#9186,#9976);
#9976 = DEFINITIONAL_REPRESENTATION('',(#9977),#10064);
#9977 = B_SPLINE_CURVE_WITH_KNOTS('',8,(#9978,#9979,#9980,#9981,#9982,
    #9983,#9984,#9985,#9986,#9987,#9988,#9989,#9990,#9991,#9992,#9993,
    #9994,#9995,#9996,#9997,#9998,#9999,#10000,#10001,#10002,#10003,
    #10004,#10005,#10006,#10007,#10008,#10009,#10010,#10011,#10012,
    #10013,#10014,#10015,#10016,#10017,#10018,#10019,#10020,#10021,
    #10022,#10023,#10024,#10025,#10026,#10027,#10028,#10029,#10030,
    #10031,#10032,#10033,#10034,#10035,#10036,#10037,#10038,#10039,
    #10040,#10041,#10042,#10043,#10044,#10045,#10046,#10047,#10048,
    #10049,#10050,#10051,#10052,#10053,#10054,#10055,#10056,#10057,
    #10058,#10059,#10060,#10061,#10062,#10063),.UNSPECIFIED.,.F.,.F.,(9,
    7,7,7,7,7,7,7,7,7,7,7,9),(0.,5.663172402394E-02,9.784058608876E-02,
    0.163171775346,0.346315647879,0.428435641026,0.499810988015,
    0.568547380391,0.727752825703,0.819834597853,0.921192828749,
    0.951940283352,1.),.UNSPECIFIED.);
#9978 = CARTESIAN_POINT('',(5.12347538298,0.));
#9979 = CARTESIAN_POINT('',(5.12347538298,7.169654187032E-02));
#9980 = CARTESIAN_POINT('',(5.116213342195,0.143430004981));
#9981 = CARTESIAN_POINT('',(5.101676438996,0.214429840105));
#9982 = CARTESIAN_POINT('',(5.080140883296,0.284058998513));
#9983 = CARTESIAN_POINT('',(5.05205584854,0.351801469656));
#9984 = CARTESIAN_POINT('',(5.017978090688,0.417253214168));
#9985 = CARTESIAN_POINT('',(4.978531618168,0.480113843073));
#9986 = CARTESIAN_POINT('',(4.902229615264,0.583881745088));
#9987 = CARTESIAN_POINT('',(4.867569996066,0.626137853514));
#9988 = CARTESIAN_POINT('',(4.83060764888,0.666896066054));
#9989 = CARTESIAN_POINT('',(4.791554492256,0.706131894267));
#9990 = CARTESIAN_POINT('',(4.750610484963,0.743841503367));
#9991 = CARTESIAN_POINT('',(4.707959477402,0.780038201046));
#9992 = CARTESIAN_POINT('',(4.663765063015,0.814748926291));
#9993 = CARTESIAN_POINT('',(4.545875839906,0.900742932702));
#9994 = CARTESIAN_POINT('',(4.470088868382,0.949810316234));
#9995 = CARTESIAN_POINT('',(4.391348938762,0.995380858019));
#9996 = CARTESIAN_POINT('',(4.310122518502,1.037631175182));
#9997 = CARTESIAN_POINT('',(4.226803221601,1.076746377467));
#9998 = CARTESIAN_POINT('',(4.141713308578,1.112917801483));
#9999 = CARTESIAN_POINT('',(4.055102583714,1.146338634475));
#10000 = CARTESIAN_POINT('',(3.720571046215,1.263704331089));
#10001 = CARTESIAN_POINT('',(3.464196866635,1.329804591979));
#10002 = CARTESIAN_POINT('',(3.201571485081,1.38000875372));
#10003 = CARTESIAN_POINT('',(2.934960344863,1.417177551433));
#10004 = CARTESIAN_POINT('',(2.666017141824,1.444156934132));
#10005 = CARTESIAN_POINT('',(2.395584283689,1.463193400891));
#10006 = CARTESIAN_POINT('',(2.12388376847,1.476290004179));
#10007 = CARTESIAN_POINT('',(1.727808310564,1.488984827643));
#10008 = CARTESIAN_POINT('',(1.60497544181,1.492039929311));
#10009 = CARTESIAN_POINT('',(1.481951324632,1.494366836217));
#10010 = CARTESIAN_POINT('',(1.358758848278,1.496099443979));
#10011 = CARTESIAN_POINT('',(1.235418796801,1.49735810219));
#10012 = CARTESIAN_POINT('',(1.111950023561,1.498248920903));
#10013 = CARTESIAN_POINT('',(0.988369625724,1.498863077134));
#10014 = CARTESIAN_POINT('',(0.757198545768,1.499635122527));
#10015 = CARTESIAN_POINT('',(0.649632565962,1.499842098615));
#10016 = CARTESIAN_POINT('',(0.542006728044,1.499946614467));
#10017 = CARTESIAN_POINT('',(0.434332674761,1.499988952072));
#10018 = CARTESIAN_POINT('',(0.326622167197,1.499999802343));
#10019 = CARTESIAN_POINT('',(0.218887109051,1.499999956923));
#10020 = CARTESIAN_POINT('',(0.111139570919,1.499999999978));
#10021 = CARTESIAN_POINT('',(-0.100372193175,1.500000000021));
#10022 = CARTESIAN_POINT('',(-0.204136546724,1.499999964706));
#10023 = CARTESIAN_POINT('',(-0.307890285818,1.500000183301));
#10024 = CARTESIAN_POINT('',(-0.411622613156,1.499991912127));
#10025 = CARTESIAN_POINT('',(-0.515322875709,1.49995761914));
#10026 = CARTESIAN_POINT('',(-0.618980546029,1.499871228487));
#10027 = CARTESIAN_POINT('',(-0.722585203555,1.499698365064));
#10028 = CARTESIAN_POINT('',(-1.06594621224,1.498697656535));
#10029 = CARTESIAN_POINT('',(-1.305344525255,1.497307802392));
#10030 = CARTESIAN_POINT('',(-1.544292240755,1.494700225463));
#10031 = CARTESIAN_POINT('',(-1.782693377532,1.490125024708));
#10032 = CARTESIAN_POINT('',(-2.020379560877,1.482621860443));
#10033 = CARTESIAN_POINT('',(-2.257107380936,1.471063948431));
#10034 = CARTESIAN_POINT('',(-2.492550479654,1.454160869456));
#10035 = CARTESIAN_POINT('',(-2.861462270058,1.416574508256));
#10036 = CARTESIAN_POINT('',(-2.99601459781,1.400495236348));
#10037 = CARTESIAN_POINT('',(-3.12986313242,1.381810429455));
#10038 = CARTESIAN_POINT('',(-3.262873325409,1.360191096221));
#10039 = CARTESIAN_POINT('',(-3.39484965033,1.335282741588));
#10040 = CARTESIAN_POINT('',(-3.525533470142,1.306701689288));
#10041 = CARTESIAN_POINT('',(-3.654597162254,1.274023661037));
#10042 = CARTESIAN_POINT('',(-3.921469776369,1.195752030201));
#10043 = CARTESIAN_POINT('',(-4.058592808354,1.149264331139));
#10044 = CARTESIAN_POINT('',(-4.192715625797,1.096616335841));
#10045 = CARTESIAN_POINT('',(-4.323100261896,1.037086401043));
#10046 = CARTESIAN_POINT('',(-4.448554378484,0.969936189755));
#10047 = CARTESIAN_POINT('',(-4.567474810906,0.894487307017));
#10048 = CARTESIAN_POINT('',(-4.67785918251,0.810174131995));
#10049 = CARTESIAN_POINT('',(-4.807342941582,0.688073353786));
#10050 = CARTESIAN_POINT('',(-4.836443658142,0.658811737947));
#10051 = CARTESIAN_POINT('',(-4.864431634547,0.628703798649));
#10052 = CARTESIAN_POINT('',(-4.891223659801,0.597751776305));
#10053 = CARTESIAN_POINT('',(-4.916731301767,0.565964801756));
#10054 = CARTESIAN_POINT('',(-4.940862644395,0.533360015338));
#10055 = CARTESIAN_POINT('',(-4.96352402494,0.499963685963));
#10056 = CARTESIAN_POINT('',(-5.017598540143,0.412432156038));
#10057 = CARTESIAN_POINT('',(-5.046776845765,0.357173062016));
#10058 = CARTESIAN_POINT('',(-5.071762587722,0.300216207834));
#10059 = CARTESIAN_POINT('',(-5.092197255446,0.2417930202));
#10060 = CARTESIAN_POINT('',(-5.107770519109,0.182188447682));
#10061 = CARTESIAN_POINT('',(-5.118242451812,0.12174396248));
#10062 = CARTESIAN_POINT('',(-5.12347538298,6.08603091096E-02));
#10063 = CARTESIAN_POINT('',(-5.12347538298,0.));
#10064 = ( GEOMETRIC_REPRESENTATION_CONTEXT(2) 
PARAMETRIC_REPRESENTATION_CONTEXT() REPRESENTATION_CONTEXT('2D SPACE',''
  ) );
#10065 = PCURVE('',#9481,#10066);
#10066 = DEFINITIONAL_REPRESENTATION('',(#10067),#10154);
#10067 = B_SPLINE_CURVE_WITH_KNOTS('',8,(#10068,#10069,#10070,#10071,
    #10072,#10073,#10074,#10075,#10076,#10077,#10078,#10079,#10080,
    #10081,#10082,#10083,#10084,#10085,#10086,#10087,#10088,#10089,
    #10090,#10091,#10092,#10093,#10094,#10095,#10096,#10097,#10098,
    #10099,#10100,#10101,#10102,#10103,#10104,#10105,#10106,#10107,
    #10108,#10109,#10110,#10111,#10112,#10113,#10114,#10115,#10116,
    #10117,#10118,#10119,#10120,#10121,#10122,#10123,#10124,#10125,
    #10126,#10127,#10128,#10129,#10130,#10131,#10132,#10133,#10134,
    #10135,#10136,#10137,#10138,#10139,#10140,#10141,#10142,#10143,
    #10144,#10145,#10146,#10147,#10148,#10149,#10150,#10151,#10152,
    #10153),.UNSPECIFIED.,.F.,.F.,(9,7,7,7,7,7,7,7,7,7,7,7,9),(0.,
    5.663172402394E-02,9.784058608876E-02,0.163171775346,0.346315647879,
    0.428435641026,0.499810988015,0.568547380391,0.727752825703,
    0.819834597853,0.921192828749,0.951940283352,1.),.UNSPECIFIED.);
#10068 = CARTESIAN_POINT('',(2.571971334517,0.));
#10069 = CARTESIAN_POINT('',(2.571971334517,4.779769458021E-02));
#10070 = CARTESIAN_POINT('',(2.572615063058,9.561999435788E-02));
#10071 = CARTESIAN_POINT('',(2.573903644468,0.143119654211));
#10072 = CARTESIAN_POINT('',(2.575815601772,0.190038947078));
#10073 = CARTESIAN_POINT('',(2.578317031672,0.236175305298));
#10074 = CARTESIAN_POINT('',(2.581366177544,0.281364260828));
#10075 = CARTESIAN_POINT('',(2.584915546743,0.325472511901));
#10076 = CARTESIAN_POINT('',(2.591824771543,0.399626320854));
#10077 = CARTESIAN_POINT('',(2.594975159568,0.430253361652));
#10078 = CARTESIAN_POINT('',(2.598349324543,0.460257629902));
#10079 = CARTESIAN_POINT('',(2.601931238977,0.489629721918));
#10080 = CARTESIAN_POINT('',(2.605705746447,0.518367491393));
#10081 = CARTESIAN_POINT('',(2.609658902089,0.546475274255));
#10082 = CARTESIAN_POINT('',(2.613778313084,0.573963113527));
#10083 = CARTESIAN_POINT('',(2.624831188347,0.643465212746));
#10084 = CARTESIAN_POINT('',(2.631997316824,0.68454521013));
#10085 = CARTESIAN_POINT('',(2.639511186276,0.724159959747));
#10086 = CARTESIAN_POINT('',(2.647337398593,0.762371795405));
#10087 = CARTESIAN_POINT('',(2.655445497172,0.79923882197));
#10088 = CARTESIAN_POINT('',(2.66381007163,0.834819696289));
#10089 = CARTESIAN_POINT('',(2.672411305942,0.869175768353));
#10090 = CARTESIAN_POINT('',(2.705974279004,0.995426088436));
#10091 = CARTESIAN_POINT('',(2.732389539021,1.079061285588));
#10092 = CARTESIAN_POINT('',(2.760209929068,1.154922050181));
#10093 = CARTESIAN_POINT('',(2.789230252151,1.223444051804));
#10094 = CARTESIAN_POINT('',(2.819260086634,1.285041892269));
#10095 = CARTESIAN_POINT('',(2.850159304935,1.339855918774));
#10096 = CARTESIAN_POINT('',(2.881840539415,1.388019273747));
#10097 = CARTESIAN_POINT('',(2.928835678965,1.448122723696));
#10098 = CARTESIAN_POINT('',(2.943521944543,1.465368562916));
#10099 = CARTESIAN_POINT('',(2.958335628216,1.48124741277));
#10100 = CARTESIAN_POINT('',(2.973265999609,1.495749257256));
#10101 = CARTESIAN_POINT('',(2.988301833944,1.508861566084));
#10102 = CARTESIAN_POINT('',(3.003431485956,1.520570704483));
#10103 = CARTESIAN_POINT('',(3.018642963818,1.530863343006));
#10104 = CARTESIAN_POINT('',(3.047205658796,1.547432550142));
#10105 = CARTESIAN_POINT('',(3.060539717235,1.554058284515));
#10106 = CARTESIAN_POINT('',(3.073917966687,1.559597114348));
#10107 = CARTESIAN_POINT('',(3.087331917326,1.564042071576));
#10108 = CARTESIAN_POINT('',(3.100772863264,1.567387487832));
#10109 = CARTESIAN_POINT('',(3.114231944634,1.569629306107));
#10110 = CARTESIAN_POINT('',(3.127700209671,1.570765392413));
#10111 = CARTESIAN_POINT('',(3.154139175431,1.570825176465));
#10112 = CARTESIAN_POINT('',(3.167109881075,1.569829114256));
#10113 = CARTESIAN_POINT('',(3.180072771277,1.567807513203));
#10114 = CARTESIAN_POINT('',(3.193019846675,1.564762134003));
#10115 = CARTESIAN_POINT('',(3.205943182929,1.560696399541));
#10116 = CARTESIAN_POINT('',(3.218834982653,1.555615148746));
#10117 = CARTESIAN_POINT('',(3.231687627344,1.549524390463));
#10118 = CARTESIAN_POINT('',(3.274154889828,1.526001663469));
#10119 = CARTESIAN_POINT('',(3.303556269578,1.504199385198));
#10120 = CARTESIAN_POINT('',(3.332618563586,1.477107625711));
#10121 = CARTESIAN_POINT('',(3.361260055012,1.444826878306));
#10122 = CARTESIAN_POINT('',(3.389399020168,1.407449312742));
#10123 = CARTESIAN_POINT('',(3.416956556229,1.365035648856));
#10124 = CARTESIAN_POINT('',(3.443858416425,1.317568849892));
#10125 = CARTESIAN_POINT('',(3.485174211174,1.234372767868));
#10126 = CARTESIAN_POINT('',(3.500064680754,1.202145277542));
#10127 = CARTESIAN_POINT('',(3.51469381963,1.168140828232));
#10128 = CARTESIAN_POINT('',(3.529044292856,1.132312270392));
#10129 = CARTESIAN_POINT('',(3.543094354169,1.094602971808));
#10130 = CARTESIAN_POINT('',(3.556818349355,1.054942023137));
#10131 = CARTESIAN_POINT('',(3.570186825969,1.013232850955));
#10132 = CARTESIAN_POINT('',(3.597453239814,0.921015312888));
#10133 = CARTESIAN_POINT('',(3.611242572307,0.87013270325));
#10134 = CARTESIAN_POINT('',(3.624516896332,0.81643108719));
#10135 = CARTESIAN_POINT('',(3.637216281878,0.759679958247));
#10136 = CARTESIAN_POINT('',(3.649243816299,0.699666418985));
#10137 = CARTESIAN_POINT('',(3.660474872217,0.636199349033));
#10138 = CARTESIAN_POINT('',(3.670760382604,0.569079733139));
#10139 = CARTESIAN_POINT('',(3.682691387598,0.476425842189));
#10140 = CARTESIAN_POINT('',(3.68536228922,0.454510169068));
#10141 = CARTESIAN_POINT('',(3.68792139835,0.432242431813));
#10142 = CARTESIAN_POINT('',(3.690362416156,0.409623585657));
#10143 = CARTESIAN_POINT('',(3.692678645023,0.386657401789));
#10144 = CARTESIAN_POINT('',(3.694863122921,0.363350844726));
#10145 = CARTESIAN_POINT('',(3.696908757776,0.339714449699));
#10146 = CARTESIAN_POINT('',(3.701777788572,0.278324989557));
#10147 = CARTESIAN_POINT('',(3.70439254097,0.240092857199));
#10148 = CARTESIAN_POINT('',(3.706622275143,0.201152079107));
#10149 = CARTESIAN_POINT('',(3.708439850625,0.16160278713));
#10150 = CARTESIAN_POINT('',(3.70982186636,0.121560818705));
#10151 = CARTESIAN_POINT('',(3.710750103167,8.116259673324E-02));
#10152 = CARTESIAN_POINT('',(3.711213972663,4.05735394064E-02));
#10153 = CARTESIAN_POINT('',(3.711213972663,0.));
#10154 = ( GEOMETRIC_REPRESENTATION_CONTEXT(2) 
PARAMETRIC_REPRESENTATION_CONTEXT() REPRESENTATION_CONTEXT('2D SPACE',''
  ) );
#10155 = ORIENTED_EDGE('',*,*,#9162,.F.);
#10156 = ADVANCED_FACE('',(#10157),#9481,.T.);
#10157 = FACE_BOUND('',#10158,.T.);
#10158 = EDGE_LOOP('',(#10159,#10160,#10161,#10185,#10207,#10208,#10209,
    #10481,#10590,#10813));
#10159 = ORIENTED_EDGE('',*,*,#9886,.F.);
#10160 = ORIENTED_EDGE('',*,*,#9510,.F.);
#10161 = ORIENTED_EDGE('',*,*,#10162,.T.);
#10162 = EDGE_CURVE('',#9432,#10163,#10165,.T.);
#10163 = VERTEX_POINT('',#10164);
#10164 = CARTESIAN_POINT('',(-120.,-3.673940397442E-16,142.5));
#10165 = SEAM_CURVE('',#10166,(#10171,#10178),.PCURVE_S1.);
#10166 = CIRCLE('',#10167,9.5);
#10167 = AXIS2_PLACEMENT_3D('',#10168,#10169,#10170);
#10168 = CARTESIAN_POINT('',(-120.,-3.673940397442E-16,133.));
#10169 = DIRECTION('',(0.,1.,0.));
#10170 = DIRECTION('',(0.,-0.,1.));
#10171 = PCURVE('',#9481,#10172);
#10172 = DEFINITIONAL_REPRESENTATION('',(#10173),#10177);
#10173 = LINE('',#10174,#10175);
#10174 = CARTESIAN_POINT('',(0.,0.));
#10175 = VECTOR('',#10176,1.);
#10176 = DIRECTION('',(1.,0.));
#10177 = ( GEOMETRIC_REPRESENTATION_CONTEXT(2) 
PARAMETRIC_REPRESENTATION_CONTEXT() REPRESENTATION_CONTEXT('2D SPACE',''
  ) );
#10178 = PCURVE('',#9481,#10179);
#10179 = DEFINITIONAL_REPRESENTATION('',(#10180),#10184);
#10180 = LINE('',#10181,#10182);
#10181 = CARTESIAN_POINT('',(0.,6.28318530718));
#10182 = VECTOR('',#10183,1.);
#10183 = DIRECTION('',(1.,0.));
#10184 = ( GEOMETRIC_REPRESENTATION_CONTEXT(2) 
PARAMETRIC_REPRESENTATION_CONTEXT() REPRESENTATION_CONTEXT('2D SPACE',''
  ) );
#10185 = ORIENTED_EDGE('',*,*,#10186,.T.);
#10186 = EDGE_CURVE('',#10163,#10163,#10187,.T.);
#10187 = SURFACE_CURVE('',#10188,(#10193,#10200),.PCURVE_S1.);
#10188 = CIRCLE('',#10189,1.5);
#10189 = AXIS2_PLACEMENT_3D('',#10190,#10191,#10192);
#10190 = CARTESIAN_POINT('',(-120.,0.,141.));
#10191 = DIRECTION('',(-1.,0.,-2.449293598295E-16));
#10192 = DIRECTION('',(-2.449293598295E-16,0.,1.));
#10193 = PCURVE('',#9481,#10194);
#10194 = DEFINITIONAL_REPRESENTATION('',(#10195),#10199);
#10195 = LINE('',#10196,#10197);
#10196 = CARTESIAN_POINT('',(6.28318530718,-0.));
#10197 = VECTOR('',#10198,1.);
#10198 = DIRECTION('',(0.,1.));
#10199 = ( GEOMETRIC_REPRESENTATION_CONTEXT(2) 
PARAMETRIC_REPRESENTATION_CONTEXT() REPRESENTATION_CONTEXT('2D SPACE',''
  ) );
#10200 = PCURVE('',#9248,#10201);
#10201 = DEFINITIONAL_REPRESENTATION('',(#10202),#10206);
#10202 = LINE('',#10203,#10204);
#10203 = CARTESIAN_POINT('',(0.,-0.));
#10204 = VECTOR('',#10205,1.);
#10205 = DIRECTION('',(0.,1.));
#10206 = ( GEOMETRIC_REPRESENTATION_CONTEXT(2) 
PARAMETRIC_REPRESENTATION_CONTEXT() REPRESENTATION_CONTEXT('2D SPACE',''
  ) );
#10207 = ORIENTED_EDGE('',*,*,#10162,.F.);
#10208 = ORIENTED_EDGE('',*,*,#9431,.F.);
#10209 = ORIENTED_EDGE('',*,*,#10210,.F.);
#10210 = EDGE_CURVE('',#10211,#9403,#10213,.T.);
#10211 = VERTEX_POINT('',#10212);
#10212 = CARTESIAN_POINT('',(-124.9771205044,-0.477777651607,125.));
#10213 = SURFACE_CURVE('',#10214,(#10301,#10391),.PCURVE_S1.);
#10214 = B_SPLINE_CURVE_WITH_KNOTS('',8,(#10215,#10216,#10217,#10218,
    #10219,#10220,#10221,#10222,#10223,#10224,#10225,#10226,#10227,
    #10228,#10229,#10230,#10231,#10232,#10233,#10234,#10235,#10236,
    #10237,#10238,#10239,#10240,#10241,#10242,#10243,#10244,#10245,
    #10246,#10247,#10248,#10249,#10250,#10251,#10252,#10253,#10254,
    #10255,#10256,#10257,#10258,#10259,#10260,#10261,#10262,#10263,
    #10264,#10265,#10266,#10267,#10268,#10269,#10270,#10271,#10272,
    #10273,#10274,#10275,#10276,#10277,#10278,#10279,#10280,#10281,
    #10282,#10283,#10284,#10285,#10286,#10287,#10288,#10289,#10290,
    #10291,#10292,#10293,#10294,#10295,#10296,#10297,#10298,#10299,
    #10300),.UNSPECIFIED.,.F.,.F.,(9,7,7,7,7,7,7,7,7,7,7,7,9),(0.,
    5.663172402432E-02,9.784058608956E-02,0.163171775348,0.346315647881,
    0.428435641027,0.499810988016,0.56854738039,0.727752825703,
    0.819834597852,0.921192828749,0.951940283352,1.),.UNSPECIFIED.);
#10215 = CARTESIAN_POINT('',(-125.1234753829,0.,125.));
#10216 = CARTESIAN_POINT('',(-125.1234753829,-7.169654187E-02,125.));
#10217 = CARTESIAN_POINT('',(-125.1162133421,-0.143430004981,125.));
#10218 = CARTESIAN_POINT('',(-125.1016764389,-0.214429840104,125.));
#10219 = CARTESIAN_POINT('',(-125.0801408832,-0.284058998512,125.));
#10220 = CARTESIAN_POINT('',(-125.0520558485,-0.351801469655,125.));
#10221 = CARTESIAN_POINT('',(-125.0179780906,-0.417253214167,125.));
#10222 = CARTESIAN_POINT('',(-124.9785316181,-0.480113843072,125.));
#10223 = CARTESIAN_POINT('',(-124.9022296152,-0.583881745086,125.));
#10224 = CARTESIAN_POINT('',(-124.867569996,-0.626137853513,125.));
#10225 = CARTESIAN_POINT('',(-124.8306076488,-0.666896066052,125.));
#10226 = CARTESIAN_POINT('',(-124.7915544922,-0.706131894265,125.));
#10227 = CARTESIAN_POINT('',(-124.7506104849,-0.743841503366,125.));
#10228 = CARTESIAN_POINT('',(-124.7079594774,-0.780038201044,125.));
#10229 = CARTESIAN_POINT('',(-124.663765063,-0.814748926289,125.));
#10230 = CARTESIAN_POINT('',(-124.5458758399,-0.900742932701,125.));
#10231 = CARTESIAN_POINT('',(-124.4700888683,-0.949810316233,125.));
#10232 = CARTESIAN_POINT('',(-124.3913489387,-0.995380858018,125.));
#10233 = CARTESIAN_POINT('',(-124.3101225185,-1.037631175181,125.));
#10234 = CARTESIAN_POINT('',(-124.2268032216,-1.076746377466,125.));
#10235 = CARTESIAN_POINT('',(-124.1417133085,-1.112917801482,125.));
#10236 = CARTESIAN_POINT('',(-124.0551025837,-1.146338634474,125.));
#10237 = CARTESIAN_POINT('',(-123.7205710462,-1.263704331087,125.));
#10238 = CARTESIAN_POINT('',(-123.4641968666,-1.32980459198,125.));
#10239 = CARTESIAN_POINT('',(-123.2015714851,-1.380008753716,125.));
#10240 = CARTESIAN_POINT('',(-122.9349603448,-1.417177551436,125.));
#10241 = CARTESIAN_POINT('',(-122.6660171418,-1.444156934129,125.));
#10242 = CARTESIAN_POINT('',(-122.3955842836,-1.463193400891,125.));
#10243 = CARTESIAN_POINT('',(-122.1238837684,-1.476290004179,125.));
#10244 = CARTESIAN_POINT('',(-121.7278083105,-1.488984827642,125.));
#10245 = CARTESIAN_POINT('',(-121.6049754418,-1.492039929311,125.));
#10246 = CARTESIAN_POINT('',(-121.4819513246,-1.494366836216,125.));
#10247 = CARTESIAN_POINT('',(-121.3587588482,-1.496099443979,125.));
#10248 = CARTESIAN_POINT('',(-121.2354187968,-1.49735810219,125.));
#10249 = CARTESIAN_POINT('',(-121.1119500235,-1.498248920903,125.));
#10250 = CARTESIAN_POINT('',(-120.9883696257,-1.498863077134,125.));
#10251 = CARTESIAN_POINT('',(-120.7571985457,-1.499635122527,125.));
#10252 = CARTESIAN_POINT('',(-120.6496325659,-1.499842098615,125.));
#10253 = CARTESIAN_POINT('',(-120.542006728,-1.499946614467,125.));
#10254 = CARTESIAN_POINT('',(-120.4343326747,-1.499988952072,125.));
#10255 = CARTESIAN_POINT('',(-120.3266221672,-1.499999802343,125.));
#10256 = CARTESIAN_POINT('',(-120.218887109,-1.499999956923,125.));
#10257 = CARTESIAN_POINT('',(-120.1111395709,-1.499999999978,125.));
#10258 = CARTESIAN_POINT('',(-119.8996278068,-1.500000000021,125.));
#10259 = CARTESIAN_POINT('',(-119.7958634532,-1.499999964706,125.));
#10260 = CARTESIAN_POINT('',(-119.6921097142,-1.500000183301,125.));
#10261 = CARTESIAN_POINT('',(-119.5883773868,-1.499991912127,125.));
#10262 = CARTESIAN_POINT('',(-119.4846771243,-1.49995761914,125.));
#10263 = CARTESIAN_POINT('',(-119.3810194539,-1.499871228487,125.));
#10264 = CARTESIAN_POINT('',(-119.2774147964,-1.499698365064,125.));
#10265 = CARTESIAN_POINT('',(-118.9340537877,-1.498697656535,125.));
#10266 = CARTESIAN_POINT('',(-118.6946554747,-1.497307802392,125.));
#10267 = CARTESIAN_POINT('',(-118.4557077592,-1.494700225464,125.));
#10268 = CARTESIAN_POINT('',(-118.2173066224,-1.490125024708,125.));
#10269 = CARTESIAN_POINT('',(-117.9796204391,-1.482621860444,125.));
#10270 = CARTESIAN_POINT('',(-117.742892619,-1.471063948432,125.));
#10271 = CARTESIAN_POINT('',(-117.5074495203,-1.454160869457,125.));
#10272 = CARTESIAN_POINT('',(-117.1385377299,-1.416574508258,125.));
#10273 = CARTESIAN_POINT('',(-117.0039854022,-1.40049523635,125.));
#10274 = CARTESIAN_POINT('',(-116.8701368675,-1.381810429457,125.));
#10275 = CARTESIAN_POINT('',(-116.7371266746,-1.360191096223,125.));
#10276 = CARTESIAN_POINT('',(-116.6051503496,-1.335282741591,125.));
#10277 = CARTESIAN_POINT('',(-116.4744665298,-1.306701689291,125.));
#10278 = CARTESIAN_POINT('',(-116.3454028377,-1.27402366104,125.));
#10279 = CARTESIAN_POINT('',(-116.0785302236,-1.195752030205,125.));
#10280 = CARTESIAN_POINT('',(-115.9414071916,-1.149264331143,125.));
#10281 = CARTESIAN_POINT('',(-115.8072843742,-1.096616335844,125.));
#10282 = CARTESIAN_POINT('',(-115.6768997381,-1.037086401047,125.));
#10283 = CARTESIAN_POINT('',(-115.5514456215,-0.969936189759,125.));
#10284 = CARTESIAN_POINT('',(-115.4325251891,-0.894487307021,125.));
#10285 = CARTESIAN_POINT('',(-115.3221408174,-0.810174132,125.));
#10286 = CARTESIAN_POINT('',(-115.1926570584,-0.688073353791,125.));
#10287 = CARTESIAN_POINT('',(-115.1635563418,-0.658811737952,125.));
#10288 = CARTESIAN_POINT('',(-115.1355683654,-0.628703798653,125.));
#10289 = CARTESIAN_POINT('',(-115.1087763402,-0.59775177631,125.));
#10290 = CARTESIAN_POINT('',(-115.0832686982,-0.565964801761,125.));
#10291 = CARTESIAN_POINT('',(-115.0591373556,-0.533360015343,125.));
#10292 = CARTESIAN_POINT('',(-115.036475975,-0.499963685968,125.));
#10293 = CARTESIAN_POINT('',(-114.9824014598,-0.412432156042,125.));
#10294 = CARTESIAN_POINT('',(-114.9532231542,-0.35717306202,125.));
#10295 = CARTESIAN_POINT('',(-114.9282374122,-0.300216207837,125.));
#10296 = CARTESIAN_POINT('',(-114.9078027445,-0.241793020203,125.));
#10297 = CARTESIAN_POINT('',(-114.8922294808,-0.182188447685,125.));
#10298 = CARTESIAN_POINT('',(-114.8817575481,-0.121743962481,125.));
#10299 = CARTESIAN_POINT('',(-114.876524617,-6.086030911045E-02,125.));
#10300 = CARTESIAN_POINT('',(-114.876524617,0.,125.));
#10301 = PCURVE('',#9481,#10302);
#10302 = DEFINITIONAL_REPRESENTATION('',(#10303),#10390);
#10303 = B_SPLINE_CURVE_WITH_KNOTS('',8,(#10304,#10305,#10306,#10307,
    #10308,#10309,#10310,#10311,#10312,#10313,#10314,#10315,#10316,
    #10317,#10318,#10319,#10320,#10321,#10322,#10323,#10324,#10325,
    #10326,#10327,#10328,#10329,#10330,#10331,#10332,#10333,#10334,
    #10335,#10336,#10337,#10338,#10339,#10340,#10341,#10342,#10343,
    #10344,#10345,#10346,#10347,#10348,#10349,#10350,#10351,#10352,
    #10353,#10354,#10355,#10356,#10357,#10358,#10359,#10360,#10361,
    #10362,#10363,#10364,#10365,#10366,#10367,#10368,#10369,#10370,
    #10371,#10372,#10373,#10374,#10375,#10376,#10377,#10378,#10379,
    #10380,#10381,#10382,#10383,#10384,#10385,#10386,#10387,#10388,
    #10389),.UNSPECIFIED.,.F.,.F.,(9,7,7,7,7,7,7,7,7,7,7,7,9),(0.,
    5.663172402432E-02,9.784058608956E-02,0.163171775348,0.346315647881,
    0.428435641027,0.499810988016,0.56854738039,0.727752825703,
    0.819834597852,0.921192828749,0.951940283352,1.),.UNSPECIFIED.);
#10304 = CARTESIAN_POINT('',(3.711213972663,6.28318530718));
#10305 = CARTESIAN_POINT('',(3.711213972663,6.2353876126));
#10306 = CARTESIAN_POINT('',(3.710570244122,6.187565312822));
#10307 = CARTESIAN_POINT('',(3.709281662712,6.140065652969));
#10308 = CARTESIAN_POINT('',(3.707369705408,6.093146360102));
#10309 = CARTESIAN_POINT('',(3.704868275508,6.047010001882));
#10310 = CARTESIAN_POINT('',(3.701819129636,6.001821046353));
#10311 = CARTESIAN_POINT('',(3.698269760436,5.957712795279));
#10312 = CARTESIAN_POINT('',(3.691360535637,5.883558986327));
#10313 = CARTESIAN_POINT('',(3.688210147612,5.852931945529));
#10314 = CARTESIAN_POINT('',(3.684835982637,5.822927677279));
#10315 = CARTESIAN_POINT('',(3.681254068203,5.793555585263));
#10316 = CARTESIAN_POINT('',(3.677479560733,5.764817815788));
#10317 = CARTESIAN_POINT('',(3.673526405091,5.736710032926));
#10318 = CARTESIAN_POINT('',(3.669406994096,5.709222193654));
#10319 = CARTESIAN_POINT('',(3.658354118833,5.639720094435));
#10320 = CARTESIAN_POINT('',(3.651187990355,5.598640097051));
#10321 = CARTESIAN_POINT('',(3.643674120904,5.559025347434));
#10322 = CARTESIAN_POINT('',(3.635847908587,5.520813511776));
#10323 = CARTESIAN_POINT('',(3.627739810008,5.48394648521));
#10324 = CARTESIAN_POINT('',(3.61937523555,5.448365610892));
#10325 = CARTESIAN_POINT('',(3.610774001238,5.414009538828));
#10326 = CARTESIAN_POINT('',(3.577211028176,5.287759218745));
#10327 = CARTESIAN_POINT('',(3.550795768158,5.204124021591));
#10328 = CARTESIAN_POINT('',(3.522975378113,5.128263257005));
#10329 = CARTESIAN_POINT('',(3.493955055028,5.059741255371));
#10330 = CARTESIAN_POINT('',(3.463925220548,4.998143414917));
#10331 = CARTESIAN_POINT('',(3.433026002244,4.943329388405));
#10332 = CARTESIAN_POINT('',(3.401344767765,4.895166033434));
#10333 = CARTESIAN_POINT('',(3.354349628215,4.835062583484));
#10334 = CARTESIAN_POINT('',(3.339663362638,4.817816744265));
#10335 = CARTESIAN_POINT('',(3.324849678965,4.801937894411));
#10336 = CARTESIAN_POINT('',(3.309919307572,4.787436049925));
#10337 = CARTESIAN_POINT('',(3.294883473237,4.774323741097));
#10338 = CARTESIAN_POINT('',(3.279753821225,4.762614602697));
#10339 = CARTESIAN_POINT('',(3.264542343362,4.752321964175));
#10340 = CARTESIAN_POINT('',(3.235979648385,4.735752757038));
#10341 = CARTESIAN_POINT('',(3.222645589946,4.729127022666));
#10342 = CARTESIAN_POINT('',(3.209267340493,4.723588192832));
#10343 = CARTESIAN_POINT('',(3.195853389855,4.719143235604));
#10344 = CARTESIAN_POINT('',(3.182412443917,4.715797819348));
#10345 = CARTESIAN_POINT('',(3.168953362547,4.713556001073));
#10346 = CARTESIAN_POINT('',(3.15548509751,4.712419914766));
#10347 = CARTESIAN_POINT('',(3.129046131751,4.712360130715));
#10348 = CARTESIAN_POINT('',(3.116075426107,4.713356192923));
#10349 = CARTESIAN_POINT('',(3.103112535905,4.715377793977));
#10350 = CARTESIAN_POINT('',(3.090165460507,4.718423173176));
#10351 = CARTESIAN_POINT('',(3.077242124253,4.722488907638));
#10352 = CARTESIAN_POINT('',(3.06435032453,4.727570158433));
#10353 = CARTESIAN_POINT('',(3.051497679839,4.733660916715));
#10354 = CARTESIAN_POINT('',(3.009030417355,4.757183643708));
#10355 = CARTESIAN_POINT('',(2.979629037604,4.778985921979));
#10356 = CARTESIAN_POINT('',(2.950566743596,4.806077681466));
#10357 = CARTESIAN_POINT('',(2.921925252171,4.838358428871));
#10358 = CARTESIAN_POINT('',(2.893786287014,4.875735994434));
#10359 = CARTESIAN_POINT('',(2.866228750952,4.91814965832));
#10360 = CARTESIAN_POINT('',(2.839326890756,4.965616457284));
#10361 = CARTESIAN_POINT('',(2.798011096007,5.048812539308));
#10362 = CARTESIAN_POINT('',(2.783120626427,5.081040029634));
#10363 = CARTESIAN_POINT('',(2.768491487551,5.115044478944));
#10364 = CARTESIAN_POINT('',(2.754141014325,5.150873036784));
#10365 = CARTESIAN_POINT('',(2.740090953012,5.188582335368));
#10366 = CARTESIAN_POINT('',(2.726366957825,5.228243284039));
#10367 = CARTESIAN_POINT('',(2.712998481211,5.269952456221));
#10368 = CARTESIAN_POINT('',(2.685732067366,5.362169994288));
#10369 = CARTESIAN_POINT('',(2.671942734873,5.413052603926));
#10370 = CARTESIAN_POINT('',(2.658668410849,5.466754219986));
#10371 = CARTESIAN_POINT('',(2.645969025303,5.523505348929));
#10372 = CARTESIAN_POINT('',(2.633941490881,5.583518888191));
#10373 = CARTESIAN_POINT('',(2.622710434963,5.646985958143));
#10374 = CARTESIAN_POINT('',(2.612424924577,5.714105574037));
#10375 = CARTESIAN_POINT('',(2.600493919582,5.806759464987));
#10376 = CARTESIAN_POINT('',(2.59782301796,5.828675138108));
#10377 = CARTESIAN_POINT('',(2.59526390883,5.850942875363));
#10378 = CARTESIAN_POINT('',(2.592822891024,5.873561721519));
#10379 = CARTESIAN_POINT('',(2.590506662157,5.896527905387));
#10380 = CARTESIAN_POINT('',(2.588322184259,5.91983446245));
#10381 = CARTESIAN_POINT('',(2.586276549404,5.943470857477));
#10382 = CARTESIAN_POINT('',(2.581407518608,6.004860317619));
#10383 = CARTESIAN_POINT('',(2.57879276621,6.043092449978));
#10384 = CARTESIAN_POINT('',(2.576563032036,6.08203322807));
#10385 = CARTESIAN_POINT('',(2.574745456554,6.121582520048));
#10386 = CARTESIAN_POINT('',(2.573363440819,6.161624488473));
#10387 = CARTESIAN_POINT('',(2.572435204013,6.202022710446));
#10388 = CARTESIAN_POINT('',(2.571971334517,6.242611767773));
#10389 = CARTESIAN_POINT('',(2.571971334517,6.28318530718));
#10390 = ( GEOMETRIC_REPRESENTATION_CONTEXT(2) 
PARAMETRIC_REPRESENTATION_CONTEXT() REPRESENTATION_CONTEXT('2D SPACE',''
  ) );
#10391 = PCURVE('',#9419,#10392);
#10392 = DEFINITIONAL_REPRESENTATION('',(#10393),#10480);
#10393 = B_SPLINE_CURVE_WITH_KNOTS('',8,(#10394,#10395,#10396,#10397,
    #10398,#10399,#10400,#10401,#10402,#10403,#10404,#10405,#10406,
    #10407,#10408,#10409,#10410,#10411,#10412,#10413,#10414,#10415,
    #10416,#10417,#10418,#10419,#10420,#10421,#10422,#10423,#10424,
    #10425,#10426,#10427,#10428,#10429,#10430,#10431,#10432,#10433,
    #10434,#10435,#10436,#10437,#10438,#10439,#10440,#10441,#10442,
    #10443,#10444,#10445,#10446,#10447,#10448,#10449,#10450,#10451,
    #10452,#10453,#10454,#10455,#10456,#10457,#10458,#10459,#10460,
    #10461,#10462,#10463,#10464,#10465,#10466,#10467,#10468,#10469,
    #10470,#10471,#10472,#10473,#10474,#10475,#10476,#10477,#10478,
    #10479),.UNSPECIFIED.,.F.,.F.,(9,7,7,7,7,7,7,7,7,7,7,7,9),(0.,
    5.663172402432E-02,9.784058608956E-02,0.163171775348,0.346315647881,
    0.428435641027,0.499810988016,0.56854738039,0.727752825703,
    0.819834597852,0.921192828749,0.951940283352,1.),.UNSPECIFIED.);
#10394 = CARTESIAN_POINT('',(-5.12347538298,0.));
#10395 = CARTESIAN_POINT('',(-5.12347538298,-7.169654187E-02));
#10396 = CARTESIAN_POINT('',(-5.116213342195,-0.143430004981));
#10397 = CARTESIAN_POINT('',(-5.101676438996,-0.214429840104));
#10398 = CARTESIAN_POINT('',(-5.080140883297,-0.284058998512));
#10399 = CARTESIAN_POINT('',(-5.05205584854,-0.351801469655));
#10400 = CARTESIAN_POINT('',(-5.017978090689,-0.417253214167));
#10401 = CARTESIAN_POINT('',(-4.978531618169,-0.480113843072));
#10402 = CARTESIAN_POINT('',(-4.902229615265,-0.583881745086));
#10403 = CARTESIAN_POINT('',(-4.867569996068,-0.626137853513));
#10404 = CARTESIAN_POINT('',(-4.830607648881,-0.666896066052));
#10405 = CARTESIAN_POINT('',(-4.791554492257,-0.706131894265));
#10406 = CARTESIAN_POINT('',(-4.750610484965,-0.743841503366));
#10407 = CARTESIAN_POINT('',(-4.707959477404,-0.780038201044));
#10408 = CARTESIAN_POINT('',(-4.663765063017,-0.814748926289));
#10409 = CARTESIAN_POINT('',(-4.545875839908,-0.900742932701));
#10410 = CARTESIAN_POINT('',(-4.470088868384,-0.949810316233));
#10411 = CARTESIAN_POINT('',(-4.391348938765,-0.995380858018));
#10412 = CARTESIAN_POINT('',(-4.310122518505,-1.037631175181));
#10413 = CARTESIAN_POINT('',(-4.226803221604,-1.076746377466));
#10414 = CARTESIAN_POINT('',(-4.141713308581,-1.112917801482));
#10415 = CARTESIAN_POINT('',(-4.055102583717,-1.146338634474));
#10416 = CARTESIAN_POINT('',(-3.720571046221,-1.263704331087));
#10417 = CARTESIAN_POINT('',(-3.464196866631,-1.32980459198));
#10418 = CARTESIAN_POINT('',(-3.201571485106,-1.380008753716));
#10419 = CARTESIAN_POINT('',(-2.934960344843,-1.417177551436));
#10420 = CARTESIAN_POINT('',(-2.666017141852,-1.444156934129));
#10421 = CARTESIAN_POINT('',(-2.395584283687,-1.463193400891));
#10422 = CARTESIAN_POINT('',(-2.12388376848,-1.476290004179));
#10423 = CARTESIAN_POINT('',(-1.727808310572,-1.488984827642));
#10424 = CARTESIAN_POINT('',(-1.604975441819,-1.492039929311));
#10425 = CARTESIAN_POINT('',(-1.481951324641,-1.494366836216));
#10426 = CARTESIAN_POINT('',(-1.358758848288,-1.496099443979));
#10427 = CARTESIAN_POINT('',(-1.235418796811,-1.49735810219));
#10428 = CARTESIAN_POINT('',(-1.111950023571,-1.498248920903));
#10429 = CARTESIAN_POINT('',(-0.988369625734,-1.498863077134));
#10430 = CARTESIAN_POINT('',(-0.757198545779,-1.499635122527));
#10431 = CARTESIAN_POINT('',(-0.649632565973,-1.499842098615));
#10432 = CARTESIAN_POINT('',(-0.542006728055,-1.499946614467));
#10433 = CARTESIAN_POINT('',(-0.434332674772,-1.499988952072));
#10434 = CARTESIAN_POINT('',(-0.326622167207,-1.499999802343));
#10435 = CARTESIAN_POINT('',(-0.218887109061,-1.499999956923));
#10436 = CARTESIAN_POINT('',(-0.111139570929,-1.499999999978));
#10437 = CARTESIAN_POINT('',(0.100372193162,-1.500000000021));
#10438 = CARTESIAN_POINT('',(0.204136546709,-1.499999964706));
#10439 = CARTESIAN_POINT('',(0.3078902858,-1.500000183301));
#10440 = CARTESIAN_POINT('',(0.411622613137,-1.499991912127));
#10441 = CARTESIAN_POINT('',(0.515322875688,-1.49995761914));
#10442 = CARTESIAN_POINT('',(0.618980546005,-1.499871228487));
#10443 = CARTESIAN_POINT('',(0.722585203529,-1.499698365064));
#10444 = CARTESIAN_POINT('',(1.065946212214,-1.498697656535));
#10445 = CARTESIAN_POINT('',(1.30534452523,-1.497307802392));
#10446 = CARTESIAN_POINT('',(1.544292240731,-1.494700225464));
#10447 = CARTESIAN_POINT('',(1.782693377511,-1.490125024708));
#10448 = CARTESIAN_POINT('',(2.020379560857,-1.482621860444));
#10449 = CARTESIAN_POINT('',(2.257107380917,-1.471063948432));
#10450 = CARTESIAN_POINT('',(2.492550479637,-1.454160869457));
#10451 = CARTESIAN_POINT('',(2.861462270043,-1.416574508258));
#10452 = CARTESIAN_POINT('',(2.996014597796,-1.40049523635));
#10453 = CARTESIAN_POINT('',(3.129863132406,-1.381810429457));
#10454 = CARTESIAN_POINT('',(3.262873325395,-1.360191096223));
#10455 = CARTESIAN_POINT('',(3.394849650318,-1.335282741591));
#10456 = CARTESIAN_POINT('',(3.525533470131,-1.306701689291));
#10457 = CARTESIAN_POINT('',(3.654597162243,-1.27402366104));
#10458 = CARTESIAN_POINT('',(3.92146977636,-1.195752030205));
#10459 = CARTESIAN_POINT('',(4.058592808345,-1.149264331143));
#10460 = CARTESIAN_POINT('',(4.192715625788,-1.096616335844));
#10461 = CARTESIAN_POINT('',(4.323100261889,-1.037086401047));
#10462 = CARTESIAN_POINT('',(4.448554378477,-0.969936189759));
#10463 = CARTESIAN_POINT('',(4.567474810899,-0.894487307021));
#10464 = CARTESIAN_POINT('',(4.677859182505,-0.810174132));
#10465 = CARTESIAN_POINT('',(4.807342941578,-0.688073353791));
#10466 = CARTESIAN_POINT('',(4.836443658138,-0.658811737952));
#10467 = CARTESIAN_POINT('',(4.864431634543,-0.628703798653));
#10468 = CARTESIAN_POINT('',(4.891223659796,-0.59775177631));
#10469 = CARTESIAN_POINT('',(4.916731301763,-0.565964801761));
#10470 = CARTESIAN_POINT('',(4.940862644392,-0.533360015343));
#10471 = CARTESIAN_POINT('',(4.963524024937,-0.499963685968));
#10472 = CARTESIAN_POINT('',(5.01759854014,-0.412432156042));
#10473 = CARTESIAN_POINT('',(5.046776845763,-0.35717306202));
#10474 = CARTESIAN_POINT('',(5.07176258772,-0.300216207837));
#10475 = CARTESIAN_POINT('',(5.092197255445,-0.241793020203));
#10476 = CARTESIAN_POINT('',(5.107770519109,-0.182188447685));
#10477 = CARTESIAN_POINT('',(5.118242451812,-0.121743962481));
#10478 = CARTESIAN_POINT('',(5.12347538298,-6.086030911045E-02));
#10479 = CARTESIAN_POINT('',(5.12347538298,0.));
#10480 = ( GEOMETRIC_REPRESENTATION_CONTEXT(2) 
PARAMETRIC_REPRESENTATION_CONTEXT() REPRESENTATION_CONTEXT('2D SPACE',''
  ) );
#10481 = ORIENTED_EDGE('',*,*,#10482,.F.);
#10482 = EDGE_CURVE('',#10483,#10211,#10485,.T.);
#10483 = VERTEX_POINT('',#10484);
#10484 = CARTESIAN_POINT('',(-124.8766273325,-1.103859528824,128.));
#10485 = SURFACE_CURVE('',#10486,(#10517,#10551),.PCURVE_S1.);
#10486 = B_SPLINE_CURVE_WITH_KNOTS('',8,(#10487,#10488,#10489,#10490,
    #10491,#10492,#10493,#10494,#10495,#10496,#10497,#10498,#10499,
    #10500,#10501,#10502,#10503,#10504,#10505,#10506,#10507,#10508,
    #10509,#10510,#10511,#10512,#10513,#10514,#10515,#10516),
  .UNSPECIFIED.,.F.,.F.,(9,7,7,7,9),(0.,0.167870824285,0.593845697447,
    0.766816668215,1.),.UNSPECIFIED.);
#10487 = CARTESIAN_POINT('',(-124.8766274106,-1.103859183798,128.0000006
    ));
#10488 = CARTESIAN_POINT('',(-124.8681501688,-1.141309929517,
    127.93487366547));
#10489 = CARTESIAN_POINT('',(-124.8598169352,-1.176598103726,
    127.86896889863));
#10490 = CARTESIAN_POINT('',(-124.8516730239,-1.209820762359,
    127.80238721501));
#10491 = CARTESIAN_POINT('',(-124.8437622553,-1.241040728988,
    127.73521141979));
#10492 = CARTESIAN_POINT('',(-124.8361274923,-1.270297016885,
    127.66751069798));
#10493 = CARTESIAN_POINT('',(-124.8288110092,-1.297611629389,
    127.59934366278));
#10494 = CARTESIAN_POINT('',(-124.821854693,-1.322992738547,
    127.53075996199));
#10495 = CARTESIAN_POINT('',(-124.7986676351,-1.40591742819,
    127.28681457068));
#10496 = CARTESIAN_POINT('',(-124.784644254,-1.452831657504,
    127.10964558606));
#10497 = CARTESIAN_POINT('',(-124.773875916,-1.487216400264,
    126.93075485953));
#10498 = CARTESIAN_POINT('',(-124.7670565636,-1.50829728924,
    126.7507487907));
#10499 = CARTESIAN_POINT('',(-124.7648896114,-1.514942893151,
    126.5704757327));
#10500 = CARTESIAN_POINT('',(-124.767982467,-1.505600926068,
    126.39105297965));
#10501 = CARTESIAN_POINT('',(-124.7766568142,-1.478505523304,
    126.21388573339));
#10502 = CARTESIAN_POINT('',(-124.7964932894,-1.41210927751,
    125.97047469732));
#10503 = CARTESIAN_POINT('',(-124.8031130707,-1.389631192823,
    125.90090265349));
#10504 = CARTESIAN_POINT('',(-124.8106107094,-1.36370512812,
    125.83219255108));
#10505 = CARTESIAN_POINT('',(-124.8189557437,-1.334182576429,
    125.76451435888));
#10506 = CARTESIAN_POINT('',(-124.828097249,-1.300916501887,
    125.69806850788));
#10507 = CARTESIAN_POINT('',(-124.8379605348,-1.263766695414,
    125.63308512777));
#10508 = CARTESIAN_POINT('',(-124.8484438416,-1.222605130392,
    125.56982328342));
#10509 = CARTESIAN_POINT('',(-124.8742053821,-1.116273906024,
    125.42599453174));
#10510 = CARTESIAN_POINT('',(-124.8898838696,-1.047730503133,
    125.34706472656));
#10511 = CARTESIAN_POINT('',(-124.9061264928,-0.971429789943,
    125.27250006988));
#10512 = CARTESIAN_POINT('',(-124.9224977676,-0.887236330132,
    125.20320615275));
#10513 = CARTESIAN_POINT('',(-124.9384415673,-0.795224802238,
    125.14020824751));
#10514 = CARTESIAN_POINT('',(-124.9533026516,-0.695748145791,
    125.08461429885));
#10515 = CARTESIAN_POINT('',(-124.9663934526,-0.58952425663,
    125.03754887346));
#10516 = CARTESIAN_POINT('',(-124.9771206758,-0.477775865992,124.9999994
    ));
#10517 = PCURVE('',#9481,#10518);
#10518 = DEFINITIONAL_REPRESENTATION('',(#10519),#10550);
#10519 = B_SPLINE_CURVE_WITH_KNOTS('',8,(#10520,#10521,#10522,#10523,
    #10524,#10525,#10526,#10527,#10528,#10529,#10530,#10531,#10532,
    #10533,#10534,#10535,#10536,#10537,#10538,#10539,#10540,#10541,
    #10542,#10543,#10544,#10545,#10546,#10547,#10548,#10549),
  .UNSPECIFIED.,.F.,.F.,(9,7,7,7,9),(0.,0.167870824285,0.593845697447,
    0.766816668215,1.),.UNSPECIFIED.);
#10520 = CARTESIAN_POINT('',(3.914500158423,3.968596635888));
#10521 = CARTESIAN_POINT('',(3.907120596914,4.005471202672));
#10522 = CARTESIAN_POINT('',(3.899776340736,4.041905425151));
#10523 = CARTESIAN_POINT('',(3.892485298196,4.078000809277));
#10524 = CARTESIAN_POINT('',(3.88526244337,4.113839469837));
#10525 = CARTESIAN_POINT('',(3.878120492404,4.149491354945));
#10526 = CARTESIAN_POINT('',(3.871070388354,4.185019465051));
#10527 = CARTESIAN_POINT('',(3.864121594586,4.22048306646));
#10528 = CARTESIAN_POINT('',(3.839927116409,4.345908636459));
#10529 = CARTESIAN_POINT('',(3.823299925756,4.435707461721));
#10530 = CARTESIAN_POINT('',(3.807507961261,4.526377126728));
#10531 = CARTESIAN_POINT('',(3.792658538131,4.618619194109));
#10532 = CARTESIAN_POINT('',(3.778858845259,4.713057130501));
#10533 = CARTESIAN_POINT('',(3.766199060419,4.810310293121));
#10534 = CARTESIAN_POINT('',(3.754736991417,4.911030671776));
#10535 = CARTESIAN_POINT('',(3.740334565814,5.058970685243));
#10536 = CARTESIAN_POINT('',(3.736379461884,5.102402291199));
#10537 = CARTESIAN_POINT('',(3.732630775117,5.146596624083));
#10538 = CARTESIAN_POINT('',(3.729090478415,5.191603550552));
#10539 = CARTESIAN_POINT('',(3.725760007494,5.237469683468));
#10540 = CARTESIAN_POINT('',(3.72263996174,5.284240324818));
#10541 = CARTESIAN_POINT('',(3.719729805049,5.331961408635));
#10542 = CARTESIAN_POINT('',(3.713384660907,5.446361251952));
#10543 = CARTESIAN_POINT('',(3.71011949622,5.513861136408));
#10544 = CARTESIAN_POINT('',(3.707228352178,5.583288192679));
#10545 = CARTESIAN_POINT('',(3.704707565179,5.654691630212));
#10546 = CARTESIAN_POINT('',(3.702548932722,5.728063531164));
#10547 = CARTESIAN_POINT('',(3.700740700895,5.803349444324));
#10548 = CARTESIAN_POINT('',(3.699271266212,5.88042821571));
#10549 = CARTESIAN_POINT('',(3.698132722917,5.95902045728));
#10550 = ( GEOMETRIC_REPRESENTATION_CONTEXT(2) 
PARAMETRIC_REPRESENTATION_CONTEXT() REPRESENTATION_CONTEXT('2D SPACE',''
  ) );
#10551 = PCURVE('',#10552,#10557);
#10552 = CYLINDRICAL_SURFACE('',#10553,5.);
#10553 = AXIS2_PLACEMENT_3D('',#10554,#10555,#10556);
#10554 = CARTESIAN_POINT('',(-120.,0.,125.));
#10555 = DIRECTION('',(0.,0.,1.));
#10556 = DIRECTION('',(1.,0.,-0.));
#10557 = DEFINITIONAL_REPRESENTATION('',(#10558),#10589);
#10558 = B_SPLINE_CURVE_WITH_KNOTS('',8,(#10559,#10560,#10561,#10562,
    #10563,#10564,#10565,#10566,#10567,#10568,#10569,#10570,#10571,
    #10572,#10573,#10574,#10575,#10576,#10577,#10578,#10579,#10580,
    #10581,#10582,#10583,#10584,#10585,#10586,#10587,#10588),
  .UNSPECIFIED.,.F.,.F.,(9,7,7,7,9),(0.,0.167870824285,0.593845697447,
    0.766816668215,1.),.UNSPECIFIED.);
#10559 = CARTESIAN_POINT('',(3.36419841657,3.0000006));
#10560 = CARTESIAN_POINT('',(3.371878057142,2.934873665475));
#10561 = CARTESIAN_POINT('',(3.379129497699,2.868968898633));
#10562 = CARTESIAN_POINT('',(3.385970355971,2.802387215017));
#10563 = CARTESIAN_POINT('',(3.392411326046,2.735211419794));
#10564 = CARTESIAN_POINT('',(3.398458274632,2.667510697984));
#10565 = CARTESIAN_POINT('',(3.404113617075,2.599343662784));
#10566 = CARTESIAN_POINT('',(3.409376973122,2.530759961995));
#10567 = CARTESIAN_POINT('',(3.426598057648,2.286814570681));
#10568 = CARTESIAN_POINT('',(3.436389563519,2.109645586064));
#10569 = CARTESIAN_POINT('',(3.443595304624,1.930754859534));
#10570 = CARTESIAN_POINT('',(3.448026630005,1.75074879071));
#10571 = CARTESIAN_POINT('',(3.449424950014,1.570475732703));
#10572 = CARTESIAN_POINT('',(3.447456225399,1.391052979652));
#10573 = CARTESIAN_POINT('',(3.441767297699,1.213885733397));
#10574 = CARTESIAN_POINT('',(3.427908080976,0.97047469732));
#10575 = CARTESIAN_POINT('',(3.423221623143,0.90090265349));
#10576 = CARTESIAN_POINT('',(3.417824022706,0.832192551088));
#10577 = CARTESIAN_POINT('',(3.411688378983,0.764514358884));
#10578 = CARTESIAN_POINT('',(3.404788972453,0.698068507881));
#10579 = CARTESIAN_POINT('',(3.397102226227,0.633085127778));
#10580 = CARTESIAN_POINT('',(3.38860766751,0.56982328342));
#10581 = CARTESIAN_POINT('',(3.366726181049,0.42599453174));
#10582 = CARTESIAN_POINT('',(3.352664593189,0.347064726568));
#10583 = CARTESIAN_POINT('',(3.337065626291,0.272500069888));
#10584 = CARTESIAN_POINT('',(3.319917256479,0.203206152759));
#10585 = CARTESIAN_POINT('',(3.301249581556,0.140208247518));
#10586 = CARTESIAN_POINT('',(3.281143995633,8.461429885648E-02));
#10587 = CARTESIAN_POINT('',(3.259746260624,3.754887346023E-02));
#10588 = CARTESIAN_POINT('',(3.237293843269,-6.E-07));
#10589 = ( GEOMETRIC_REPRESENTATION_CONTEXT(2) 
PARAMETRIC_REPRESENTATION_CONTEXT() REPRESENTATION_CONTEXT('2D SPACE',''
  ) );
#10590 = ORIENTED_EDGE('',*,*,#10591,.F.);
#10591 = EDGE_CURVE('',#10592,#10483,#10594,.T.);
#10592 = VERTEX_POINT('',#10593);
#10593 = CARTESIAN_POINT('',(-124.8766273325,1.103859528824,128.));
#10594 = SURFACE_CURVE('',#10595,(#10664,#10736),.PCURVE_S1.);
#10595 = B_SPLINE_CURVE_WITH_KNOTS('',7,(#10596,#10597,#10598,#10599,
    #10600,#10601,#10602,#10603,#10604,#10605,#10606,#10607,#10608,
    #10609,#10610,#10611,#10612,#10613,#10614,#10615,#10616,#10617,
    #10618,#10619,#10620,#10621,#10622,#10623,#10624,#10625,#10626,
    #10627,#10628,#10629,#10630,#10631,#10632,#10633,#10634,#10635,
    #10636,#10637,#10638,#10639,#10640,#10641,#10642,#10643,#10644,
    #10645,#10646,#10647,#10648,#10649,#10650,#10651,#10652,#10653,
    #10654,#10655,#10656,#10657,#10658,#10659,#10660,#10661,#10662,
    #10663),.UNSPECIFIED.,.F.,.F.,(8,6,6,6,6,6,6,6,6,6,6,8),(0.,
    7.584713847905E-02,0.289029734112,0.357266463303,0.412058791714,
    0.441542707446,0.499281316129,0.587892004904,0.642682024523,
    0.710915490882,0.924108527568,1.),.UNSPECIFIED.);
#10596 = CARTESIAN_POINT('',(-126.,1.487949869621,128.));
#10597 = CARTESIAN_POINT('',(-125.9433477548,1.482399809526,128.));
#10598 = CARTESIAN_POINT('',(-125.8868111527,1.475376863117,128.));
#10599 = CARTESIAN_POINT('',(-125.8304400448,1.466898243453,128.));
#10600 = CARTESIAN_POINT('',(-125.7742836186,1.456980488611,128.));
#10601 = CARTESIAN_POINT('',(-125.7183906235,1.445639103841,128.));
#10602 = CARTESIAN_POINT('',(-125.662809594,1.432888203713,128.));
#10603 = CARTESIAN_POINT('',(-125.4523814575,1.378974410132,128.));
#10604 = CARTESIAN_POINT('',(-125.3001907353,1.32821473943,128.));
#10605 = CARTESIAN_POINT('',(-125.1518441363,1.266713816017,128.));
#10606 = CARTESIAN_POINT('',(-125.0084775315,1.194587129088,128.));
#10607 = CARTESIAN_POINT('',(-124.8715755014,1.111898010779,128.));
#10608 = CARTESIAN_POINT('',(-124.7429615309,1.018682559073,128.));
#10609 = CARTESIAN_POINT('',(-124.5873955117,0.881379315837,128.));
#10610 = CARTESIAN_POINT('',(-124.5507931012,0.846993924905,128.));
#10611 = CARTESIAN_POINT('',(-124.5153957087,0.811514506703,128.));
#10612 = CARTESIAN_POINT('',(-124.4813030047,0.774943992444,128.));
#10613 = CARTESIAN_POINT('',(-124.4486260918,0.73729059372,128.));
#10614 = CARTESIAN_POINT('',(-124.4174860554,0.698569117127,128.));
#10615 = CARTESIAN_POINT('',(-124.3643460261,0.626870536437,128.));
#10616 = CARTESIAN_POINT('',(-124.3417549223,0.59426594189,128.));
#10617 = CARTESIAN_POINT('',(-124.320306564,0.561001416025,128.));
#10618 = CARTESIAN_POINT('',(-124.3000733617,0.52709525808,128.));
#10619 = CARTESIAN_POINT('',(-124.2811305143,0.492572175719,128.));
#10620 = CARTESIAN_POINT('',(-124.2635537463,0.457464315006,128.));
#10621 = CARTESIAN_POINT('',(-124.2387338375,0.40262782934,128.));
#10622 = CARTESIAN_POINT('',(-124.2304675533,0.383285926988,128.));
#10623 = CARTESIAN_POINT('',(-124.2226299398,0.363793028726,128.));
#10624 = CARTESIAN_POINT('',(-124.2152322851,0.34415634813,128.));
#10625 = CARTESIAN_POINT('',(-124.2082854175,0.324383866957,128.));
#10626 = CARTESIAN_POINT('',(-124.2017997057,0.304484335137,128.));
#10627 = CARTESIAN_POINT('',(-124.184006523,0.245267679495,128.));
#10628 = CARTESIAN_POINT('',(-124.1740332576,0.205614339158,128.));
#10629 = CARTESIAN_POINT('',(-124.1659399423,0.165583420237,128.));
#10630 = CARTESIAN_POINT('',(-124.1597878045,0.125258078296,128.));
#10631 = CARTESIAN_POINT('',(-124.1556212476,8.472842067808E-02,128.));
#10632 = CARTESIAN_POINT('',(-124.15346448,4.409147319535E-02,128.));
#10633 = CARTESIAN_POINT('',(-124.153093566,-5.891903137087E-02,128.));
#10634 = CARTESIAN_POINT('',(-124.1576039643,-0.121318033638,128.));
#10635 = CARTESIAN_POINT('',(-124.1668575555,-0.183354140264,128.));
#10636 = CARTESIAN_POINT('',(-124.1807233338,-0.244686301524,128.));
#10637 = CARTESIAN_POINT('',(-124.1989712295,-0.305022686916,128.));
#10638 = CARTESIAN_POINT('',(-124.2213064478,-0.364118090527,128.));
#10639 = CARTESIAN_POINT('',(-124.2635309912,-0.457417808498,128.));
#10640 = CARTESIAN_POINT('',(-124.2811037192,-0.492521447078,128.));
#10641 = CARTESIAN_POINT('',(-124.3000422209,-0.527040504264,128.));
#10642 = CARTESIAN_POINT('',(-124.3202708031,-0.560942840658,128.));
#10643 = CARTESIAN_POINT('',(-124.3417142969,-0.594203752138,128.));
#10644 = CARTESIAN_POINT('',(-124.3643003185,-0.626804940519,128.));
#10645 = CARTESIAN_POINT('',(-124.4174283315,-0.69849611297,128.));
#10646 = CARTESIAN_POINT('',(-124.4485613087,-0.737213714883,128.));
#10647 = CARTESIAN_POINT('',(-124.4812308887,-0.774863571674,128.));
#10648 = CARTESIAN_POINT('',(-124.5153160263,-0.81143087363,128.));
#10649 = CARTESIAN_POINT('',(-124.550705653,-0.846907405322,128.));
#10650 = CARTESIAN_POINT('',(-124.587300126,-0.881290231334,128.));
#10651 = CARTESIAN_POINT('',(-124.7428441983,-1.01859427269,128.));
#10652 = CARTESIAN_POINT('',(-124.8714449682,-1.111813789243,128.));
#10653 = CARTESIAN_POINT('',(-125.0083343709,-1.194507919014,128.));
#10654 = CARTESIAN_POINT('',(-125.1516888486,-1.266640613162,128.));
#10655 = CARTESIAN_POINT('',(-125.3000238138,-1.328148616649,128.));
#10656 = CARTESIAN_POINT('',(-125.4522034461,-1.378916549738,128.));
#10657 = CARTESIAN_POINT('',(-125.6626470277,-1.43285090396,128.));
#10658 = CARTESIAN_POINT('',(-125.7182543911,-1.445611457061,128.));
#10659 = CARTESIAN_POINT('',(-125.7741741192,-1.456961147846,128.));
#10660 = CARTESIAN_POINT('',(-125.8303576062,-1.466885843053,128.));
#10661 = CARTESIAN_POINT('',(-125.8867560322,-1.475370015736,128.));
#10662 = CARTESIAN_POINT('',(-125.9433201379,-1.482397103978,128.));
#10663 = CARTESIAN_POINT('',(-126.,-1.487949869621,128.));
#10664 = PCURVE('',#9481,#10665);
#10665 = DEFINITIONAL_REPRESENTATION('',(#10666),#10735);
#10666 = B_SPLINE_CURVE_WITH_KNOTS('',7,(#10667,#10668,#10669,#10670,
    #10671,#10672,#10673,#10674,#10675,#10676,#10677,#10678,#10679,
    #10680,#10681,#10682,#10683,#10684,#10685,#10686,#10687,#10688,
    #10689,#10690,#10691,#10692,#10693,#10694,#10695,#10696,#10697,
    #10698,#10699,#10700,#10701,#10702,#10703,#10704,#10705,#10706,
    #10707,#10708,#10709,#10710,#10711,#10712,#10713,#10714,#10715,
    #10716,#10717,#10718,#10719,#10720,#10721,#10722,#10723,#10724,
    #10725,#10726,#10727,#10728,#10729,#10730,#10731,#10732,#10733,
    #10734),.UNSPECIFIED.,.F.,.F.,(8,6,6,6,6,6,6,6,6,6,6,8),(0.,
    7.584713847905E-02,0.289029734112,0.357266463303,0.412058791714,
    0.441542707446,0.499281316129,0.587892004904,0.642682024523,
    0.710915490882,0.924108527568,1.),.UNSPECIFIED.);
#10667 = CARTESIAN_POINT('',(4.017650704188,1.697636378257));
#10668 = CARTESIAN_POINT('',(4.013007077533,1.726885656864));
#10669 = CARTESIAN_POINT('',(4.008312552657,1.756070456192));
#10670 = CARTESIAN_POINT('',(4.003570573499,1.785202804465));
#10671 = CARTESIAN_POINT('',(3.998784849964,1.814294911696));
#10672 = CARTESIAN_POINT('',(3.993959391861,1.843359471188));
#10673 = CARTESIAN_POINT('',(3.989098542842,1.872409961028));
#10674 = CARTESIAN_POINT('',(3.970458456864,1.983114181539));
#10675 = CARTESIAN_POINT('',(3.956482489569,2.064682244692));
#10676 = CARTESIAN_POINT('',(3.942363478195,2.146617326355));
#10677 = CARTESIAN_POINT('',(3.928231247609,2.229278231355));
#10678 = CARTESIAN_POINT('',(3.914276677938,2.31304183489));
#10679 = CARTESIAN_POINT('',(3.90076312028,2.398319959789));
#10680 = CARTESIAN_POINT('',(3.88399654121,2.513811983811));
#10681 = CARTESIAN_POINT('',(3.88001594313,2.542031205793));
#10682 = CARTESIAN_POINT('',(3.876132990757,2.570483105133));
#10683 = CARTESIAN_POINT('',(3.872362336253,2.599182638625));
#10684 = CARTESIAN_POINT('',(3.868720308595,2.628142516832));
#10685 = CARTESIAN_POINT('',(3.865224730885,2.657373211953));
#10686 = CARTESIAN_POINT('',(3.85922083923,2.71057853458));
#10687 = CARTESIAN_POINT('',(3.856653802967,2.73445317233));
#10688 = CARTESIAN_POINT('',(3.85420354007,2.758510273704));
#10689 = CARTESIAN_POINT('',(3.851880681312,2.782750859712));
#10690 = CARTESIAN_POINT('',(3.849696248583,2.807173179929));
#10691 = CARTESIAN_POINT('',(3.847661326442,2.831772314806));
#10692 = CARTESIAN_POINT('',(3.844778009679,2.869867223978));
#10693 = CARTESIAN_POINT('',(3.843815700011,2.883243320972));
#10694 = CARTESIAN_POINT('',(3.84290152029,2.89666665869));
#10695 = CARTESIAN_POINT('',(3.842037117927,2.910135484725));
#10696 = CARTESIAN_POINT('',(3.841224072108,2.923647704536));
#10697 = CARTESIAN_POINT('',(3.840463893796,2.937200881455));
#10698 = CARTESIAN_POINT('',(3.838375718161,2.977408305876));
#10699 = CARTESIAN_POINT('',(3.837201526957,3.004172852989));
#10700 = CARTESIAN_POINT('',(3.83624629155,3.031061663593));
#10701 = CARTESIAN_POINT('',(3.835518911335,3.058048633456));
#10702 = CARTESIAN_POINT('',(3.835025845731,3.08510494844));
#10703 = CARTESIAN_POINT('',(3.834770614231,3.112198264386));
#10704 = CARTESIAN_POINT('',(3.834726719133,3.18087211586));
#10705 = CARTESIAN_POINT('',(3.835260482301,3.2224668989));
#10706 = CARTESIAN_POINT('',(3.836355716366,3.263932619292));
#10707 = CARTESIAN_POINT('',(3.837993606201,3.305159522436));
#10708 = CARTESIAN_POINT('',(3.840140584899,3.346060821104));
#10709 = CARTESIAN_POINT('',(3.842753466865,3.38656570917));
#10710 = CARTESIAN_POINT('',(3.847658690036,3.451380472212));
#10711 = CARTESIAN_POINT('',(3.849693153701,3.475976386826));
#10712 = CARTESIAN_POINT('',(3.851877097226,3.500395541951));
#10713 = CARTESIAN_POINT('',(3.854199440685,3.524633017135));
#10714 = CARTESIAN_POINT('',(3.856649166555,3.548687059811));
#10715 = CARTESIAN_POINT('',(3.859215648016,3.572558687781));
#10716 = CARTESIAN_POINT('',(3.865218242728,3.625757185371));
#10717 = CARTESIAN_POINT('',(3.86871306862,3.654984094052));
#10718 = CARTESIAN_POINT('',(3.872354327288,3.683940250723));
#10719 = CARTESIAN_POINT('',(3.876124201548,3.71263611926));
#10720 = CARTESIAN_POINT('',(3.880006367404,3.741084402025));
#10721 = CARTESIAN_POINT('',(3.883986176766,3.769300047444));
#10722 = CARTESIAN_POINT('',(3.900750736325,3.884785917447));
#10723 = CARTESIAN_POINT('',(3.914263232549,3.970061325959));
#10724 = CARTESIAN_POINT('',(3.928216896749,4.053822020192));
#10725 = CARTESIAN_POINT('',(3.942348359867,4.136479792272));
#10726 = CARTESIAN_POINT('',(3.956466729643,4.218411491673));
#10727 = CARTESIAN_POINT('',(3.970442173278,4.29997591094));
#10728 = CARTESIAN_POINT('',(3.989084325353,4.410690377253));
#10729 = CARTESIAN_POINT('',(3.99394763024,4.439754994356));
#10730 = CARTESIAN_POINT('',(3.998775518188,4.468833668629));
#10731 = CARTESIAN_POINT('',(4.003563638666,4.497939898815));
#10732 = CARTESIAN_POINT('',(4.008307975701,4.527086397194));
#10733 = CARTESIAN_POINT('',(4.013004813854,4.55628539185));
#10734 = CARTESIAN_POINT('',(4.017650704188,4.585548928922));
#10735 = ( GEOMETRIC_REPRESENTATION_CONTEXT(2) 
PARAMETRIC_REPRESENTATION_CONTEXT() REPRESENTATION_CONTEXT('2D SPACE',''
  ) );
#10736 = PCURVE('',#10737,#10742);
#10737 = PLANE('',#10738);
#10738 = AXIS2_PLACEMENT_3D('',#10739,#10740,#10741);
#10739 = CARTESIAN_POINT('',(-120.,0.,128.));
#10740 = DIRECTION('',(0.,0.,1.));
#10741 = DIRECTION('',(1.,0.,-0.));
#10742 = DEFINITIONAL_REPRESENTATION('',(#10743),#10812);
#10743 = B_SPLINE_CURVE_WITH_KNOTS('',7,(#10744,#10745,#10746,#10747,
    #10748,#10749,#10750,#10751,#10752,#10753,#10754,#10755,#10756,
    #10757,#10758,#10759,#10760,#10761,#10762,#10763,#10764,#10765,
    #10766,#10767,#10768,#10769,#10770,#10771,#10772,#10773,#10774,
    #10775,#10776,#10777,#10778,#10779,#10780,#10781,#10782,#10783,
    #10784,#10785,#10786,#10787,#10788,#10789,#10790,#10791,#10792,
    #10793,#10794,#10795,#10796,#10797,#10798,#10799,#10800,#10801,
    #10802,#10803,#10804,#10805,#10806,#10807,#10808,#10809,#10810,
    #10811),.UNSPECIFIED.,.F.,.F.,(8,6,6,6,6,6,6,6,6,6,6,8),(0.,
    7.584713847905E-02,0.289029734112,0.357266463303,0.412058791714,
    0.441542707446,0.499281316129,0.587892004904,0.642682024523,
    0.710915490882,0.924108527568,1.),.UNSPECIFIED.);
#10744 = CARTESIAN_POINT('',(-6.,1.487949869621));
#10745 = CARTESIAN_POINT('',(-5.943347754812,1.482399809526));
#10746 = CARTESIAN_POINT('',(-5.886811152791,1.475376863117));
#10747 = CARTESIAN_POINT('',(-5.830440044807,1.466898243453));
#10748 = CARTESIAN_POINT('',(-5.774283618694,1.456980488611));
#10749 = CARTESIAN_POINT('',(-5.718390623553,1.445639103841));
#10750 = CARTESIAN_POINT('',(-5.662809594057,1.432888203713));
#10751 = CARTESIAN_POINT('',(-5.452381457556,1.378974410132));
#10752 = CARTESIAN_POINT('',(-5.300190735309,1.32821473943));
#10753 = CARTESIAN_POINT('',(-5.151844136319,1.266713816017));
#10754 = CARTESIAN_POINT('',(-5.008477531512,1.194587129088));
#10755 = CARTESIAN_POINT('',(-4.871575501412,1.111898010779));
#10756 = CARTESIAN_POINT('',(-4.742961530957,1.018682559073));
#10757 = CARTESIAN_POINT('',(-4.587395511744,0.881379315837));
#10758 = CARTESIAN_POINT('',(-4.550793101292,0.846993924905));
#10759 = CARTESIAN_POINT('',(-4.5153957087,0.811514506703));
#10760 = CARTESIAN_POINT('',(-4.481303004771,0.774943992444));
#10761 = CARTESIAN_POINT('',(-4.448626091864,0.73729059372));
#10762 = CARTESIAN_POINT('',(-4.417486055497,0.698569117127));
#10763 = CARTESIAN_POINT('',(-4.364346026119,0.626870536437));
#10764 = CARTESIAN_POINT('',(-4.341754922315,0.59426594189));
#10765 = CARTESIAN_POINT('',(-4.32030656403,0.561001416025));
#10766 = CARTESIAN_POINT('',(-4.30007336178,0.52709525808));
#10767 = CARTESIAN_POINT('',(-4.281130514398,0.492572175719));
#10768 = CARTESIAN_POINT('',(-4.263553746316,0.457464315006));
#10769 = CARTESIAN_POINT('',(-4.238733837559,0.40262782934));
#10770 = CARTESIAN_POINT('',(-4.230467553339,0.383285926988));
#10771 = CARTESIAN_POINT('',(-4.222629939871,0.363793028726));
#10772 = CARTESIAN_POINT('',(-4.215232285162,0.34415634813));
#10773 = CARTESIAN_POINT('',(-4.208285417556,0.324383866957));
#10774 = CARTESIAN_POINT('',(-4.201799705728,0.304484335137));
#10775 = CARTESIAN_POINT('',(-4.184006523079,0.245267679495));
#10776 = CARTESIAN_POINT('',(-4.174033257619,0.205614339158));
#10777 = CARTESIAN_POINT('',(-4.165939942392,0.165583420237));
#10778 = CARTESIAN_POINT('',(-4.159787804598,0.125258078296));
#10779 = CARTESIAN_POINT('',(-4.155621247609,8.472842067808E-02));
#10780 = CARTESIAN_POINT('',(-4.153464480038,4.409147319535E-02));
#10781 = CARTESIAN_POINT('',(-4.153093566007,-5.891903137087E-02));
#10782 = CARTESIAN_POINT('',(-4.157603964384,-0.121318033638));
#10783 = CARTESIAN_POINT('',(-4.166857555508,-0.183354140264));
#10784 = CARTESIAN_POINT('',(-4.18072333385,-0.244686301524));
#10785 = CARTESIAN_POINT('',(-4.198971229522,-0.305022686916));
#10786 = CARTESIAN_POINT('',(-4.221306447841,-0.364118090527));
#10787 = CARTESIAN_POINT('',(-4.263530991208,-0.457417808498));
#10788 = CARTESIAN_POINT('',(-4.281103719292,-0.492521447078));
#10789 = CARTESIAN_POINT('',(-4.300042220919,-0.527040504264));
#10790 = CARTESIAN_POINT('',(-4.320270803185,-0.560942840658));
#10791 = CARTESIAN_POINT('',(-4.341714296956,-0.594203752138));
#10792 = CARTESIAN_POINT('',(-4.364300318534,-0.626804940519));
#10793 = CARTESIAN_POINT('',(-4.417428331597,-0.69849611297));
#10794 = CARTESIAN_POINT('',(-4.448561308763,-0.737213714883));
#10795 = CARTESIAN_POINT('',(-4.481230888794,-0.774863571674));
#10796 = CARTESIAN_POINT('',(-4.51531602631,-0.81143087363));
#10797 = CARTESIAN_POINT('',(-4.550705653002,-0.846907405322));
#10798 = CARTESIAN_POINT('',(-4.587300126064,-0.881290231334));
#10799 = CARTESIAN_POINT('',(-4.742844198379,-1.01859427269));
#10800 = CARTESIAN_POINT('',(-4.871444968299,-1.111813789243));
#10801 = CARTESIAN_POINT('',(-5.008334370938,-1.194507919014));
#10802 = CARTESIAN_POINT('',(-5.151688848676,-1.266640613162));
#10803 = CARTESIAN_POINT('',(-5.300023813894,-1.328148616649));
#10804 = CARTESIAN_POINT('',(-5.452203446103,-1.378916549738));
#10805 = CARTESIAN_POINT('',(-5.662647027761,-1.43285090396));
#10806 = CARTESIAN_POINT('',(-5.718254391107,-1.445611457061));
#10807 = CARTESIAN_POINT('',(-5.77417411921,-1.456961147846));
#10808 = CARTESIAN_POINT('',(-5.830357606281,-1.466885843053));
#10809 = CARTESIAN_POINT('',(-5.88675603226,-1.475370015736));
#10810 = CARTESIAN_POINT('',(-5.943320137924,-1.482397103978));
#10811 = CARTESIAN_POINT('',(-6.,-1.487949869621));
#10812 = ( GEOMETRIC_REPRESENTATION_CONTEXT(2) 
PARAMETRIC_REPRESENTATION_CONTEXT() REPRESENTATION_CONTEXT('2D SPACE',''
  ) );
#10813 = ORIENTED_EDGE('',*,*,#10814,.F.);
#10814 = EDGE_CURVE('',#9858,#10592,#10815,.T.);
#10815 = SURFACE_CURVE('',#10816,(#10847,#10881),.PCURVE_S1.);
#10816 = B_SPLINE_CURVE_WITH_KNOTS('',8,(#10817,#10818,#10819,#10820,
    #10821,#10822,#10823,#10824,#10825,#10826,#10827,#10828,#10829,
    #10830,#10831,#10832,#10833,#10834,#10835,#10836,#10837,#10838,
    #10839,#10840,#10841,#10842,#10843,#10844,#10845,#10846),
  .UNSPECIFIED.,.F.,.F.,(9,7,7,7,9),(0.,0.23316989493,0.406128881815,
    0.832048970564,1.),.UNSPECIFIED.);
#10817 = CARTESIAN_POINT('',(-124.9771206758,0.477775865992,124.9999994)
  );
#10818 = CARTESIAN_POINT('',(-124.9663940741,0.589517783069,
    125.03754669822));
#10819 = CARTESIAN_POINT('',(-124.9533041664,0.695735858889,
    125.08460885259));
#10820 = CARTESIAN_POINT('',(-124.938444144,0.795207556824,
    125.14019860765));
#10821 = CARTESIAN_POINT('',(-124.922501452,0.887215067531,
    125.20319159437));
#10822 = CARTESIAN_POINT('',(-124.906131222,0.971405467285,
    125.27248005345));
#10823 = CARTESIAN_POINT('',(-124.8898895018,1.047704044103,
    125.34703887305));
#10824 = CARTESIAN_POINT('',(-124.8742117268,1.116246167992,
    125.42596259185));
#10825 = CARTESIAN_POINT('',(-124.8484511787,1.222575995833,
    125.56977973782));
#10826 = CARTESIAN_POINT('',(-124.8379682377,1.26373718894,
    125.63303609165));
#10827 = CARTESIAN_POINT('',(-124.828105172,1.300887114688,
    125.69801388738));
#10828 = CARTESIAN_POINT('',(-124.8189637335,1.334153764681,
    125.76445409768));
#10829 = CARTESIAN_POINT('',(-124.8106186108,1.363677313675,
    125.83212662389));
#10830 = CARTESIAN_POINT('',(-124.8031207318,1.389604764847,
    125.90083105969));
#10831 = CARTESIAN_POINT('',(-124.7965005649,1.412084595045,
    125.97039745474));
#10832 = CARTESIAN_POINT('',(-124.7766631184,1.478485234096,
    126.21377876485));
#10833 = CARTESIAN_POINT('',(-124.7679868427,1.505587376191,
    126.39092174091));
#10834 = CARTESIAN_POINT('',(-124.7648907058,1.514939614847,
    126.57032045009));
#10835 = CARTESIAN_POINT('',(-124.7670533044,1.50830732616,
    126.7505699775));
#10836 = CARTESIAN_POINT('',(-124.77386757,1.487242397581,
    126.93055325855));
#10837 = CARTESIAN_POINT('',(-124.7846304056,1.452876127048,
    127.10942213938));
#10838 = CARTESIAN_POINT('',(-124.79864814,1.405982881134,
    127.28657038859));
#10839 = CARTESIAN_POINT('',(-124.8218314321,1.323077605719,
    127.53053060889));
#10840 = CARTESIAN_POINT('',(-124.8287900384,1.297689917488,
    127.59914826786));
#10841 = CARTESIAN_POINT('',(-124.8361092564,1.27036689486,
    127.66734898576));
#10842 = CARTESIAN_POINT('',(-124.8437471393,1.241100382781,
    127.73508305618));
#10843 = CARTESIAN_POINT('',(-124.8516613528,1.209868372789,
    127.802291795));
#10844 = CARTESIAN_POINT('',(-124.8598089734,1.176631818714,
    127.86890593102));
#10845 = CARTESIAN_POINT('',(-124.8681461188,1.141327821594,
    127.93484255111));
#10846 = CARTESIAN_POINT('',(-124.8766274106,1.103859183798,128.0000006)
  );
#10847 = PCURVE('',#9481,#10848);
#10848 = DEFINITIONAL_REPRESENTATION('',(#10849),#10880);
#10849 = B_SPLINE_CURVE_WITH_KNOTS('',8,(#10850,#10851,#10852,#10853,
    #10854,#10855,#10856,#10857,#10858,#10859,#10860,#10861,#10862,
    #10863,#10864,#10865,#10866,#10867,#10868,#10869,#10870,#10871,
    #10872,#10873,#10874,#10875,#10876,#10877,#10878,#10879),
  .UNSPECIFIED.,.F.,.F.,(9,7,7,7,9),(0.,0.23316989493,0.406128881815,
    0.832048970564,1.),.UNSPECIFIED.);
#10850 = CARTESIAN_POINT('',(3.698132722917,0.3241648499));
#10851 = CARTESIAN_POINT('',(3.699271200256,0.402752538637));
#10852 = CARTESIAN_POINT('',(3.70074053085,0.479826946747));
#10853 = CARTESIAN_POINT('',(3.70254861916,0.555108723539));
#10854 = CARTESIAN_POINT('',(3.704707066316,0.628476721497));
#10855 = CARTESIAN_POINT('',(3.707227624035,0.699876487594));
#10856 = CARTESIAN_POINT('',(3.71011849384,0.769300096627));
#10857 = CARTESIAN_POINT('',(3.713383339642,0.836796740142));
#10858 = CARTESIAN_POINT('',(3.719727818905,0.951190679192));
#10859 = CARTESIAN_POINT('',(3.722637644919,0.998909043663));
#10860 = CARTESIAN_POINT('',(3.725757330426,1.045677073775));
#10861 = CARTESIAN_POINT('',(3.729087411824,1.091540692161));
#10862 = CARTESIAN_POINT('',(3.73262729034,1.13654519045));
#10863 = CARTESIAN_POINT('',(3.736375531076,1.180737171474));
#10864 = CARTESIAN_POINT('',(3.740330162052,1.224166491488));
#10865 = CARTESIAN_POINT('',(3.754730252218,1.372092535627));
#10866 = CARTESIAN_POINT('',(3.766190191077,1.472802116514));
#10867 = CARTESIAN_POINT('',(3.778847564736,1.570044991616));
#10868 = CARTESIAN_POINT('',(3.792644594796,1.664472925171));
#10869 = CARTESIAN_POINT('',(3.80749114667,1.756705052332));
#10870 = CARTESIAN_POINT('',(3.823280083658,1.847364592365));
#10871 = CARTESIAN_POINT('',(3.839904143828,1.937152828439));
#10872 = CARTESIAN_POINT('',(3.864098357595,2.062583647308));
#10873 = CARTESIAN_POINT('',(3.871050180322,2.098064004817));
#10874 = CARTESIAN_POINT('',(3.878103433195,2.133608793834));
#10875 = CARTESIAN_POINT('',(3.885248641664,2.169277355612));
#10876 = CARTESIAN_POINT('',(3.892474849294,2.20513276925));
#10877 = CARTESIAN_POINT('',(3.899769323828,2.24124507162));
#10878 = CARTESIAN_POINT('',(3.907117071332,2.2776964877));
#10879 = CARTESIAN_POINT('',(3.914500158423,2.314588671292));
#10880 = ( GEOMETRIC_REPRESENTATION_CONTEXT(2) 
PARAMETRIC_REPRESENTATION_CONTEXT() REPRESENTATION_CONTEXT('2D SPACE',''
  ) );
#10881 = PCURVE('',#9874,#10882);
#10882 = DEFINITIONAL_REPRESENTATION('',(#10883),#10914);
#10883 = B_SPLINE_CURVE_WITH_KNOTS('',8,(#10884,#10885,#10886,#10887,
    #10888,#10889,#10890,#10891,#10892,#10893,#10894,#10895,#10896,
    #10897,#10898,#10899,#10900,#10901,#10902,#10903,#10904,#10905,
    #10906,#10907,#10908,#10909,#10910,#10911,#10912,#10913),
  .UNSPECIFIED.,.F.,.F.,(9,7,7,7,9),(0.,0.23316989493,0.406128881815,
    0.832048970564,1.),.UNSPECIFIED.);
#10884 = CARTESIAN_POINT('',(3.04589146391,-6.E-07));
#10885 = CARTESIAN_POINT('',(3.02344034722,3.75466982269E-02));
#10886 = CARTESIAN_POINT('',(3.002043786627,8.46088525947E-02));
#10887 = CARTESIAN_POINT('',(2.981939211177,0.140198607656));
#10888 = CARTESIAN_POINT('',(2.963272364543,0.203191594379));
#10889 = CARTESIAN_POINT('',(2.946124634863,0.272480053455));
#10890 = CARTESIAN_POINT('',(2.930526123288,0.347038873052));
#10891 = CARTESIAN_POINT('',(2.916464816542,0.425962591859));
#10892 = CARTESIAN_POINT('',(2.894583648271,0.569779737823));
#10893 = CARTESIAN_POINT('',(2.886089179656,0.633036091653));
#10894 = CARTESIAN_POINT('',(2.878402421654,0.698013887386));
#10895 = CARTESIAN_POINT('',(2.871502907706,0.764454097686));
#10896 = CARTESIAN_POINT('',(2.865367067282,0.832126623897));
#10897 = CARTESIAN_POINT('',(2.859969187152,0.900831059695));
#10898 = CARTESIAN_POINT('',(2.855282372651,0.970397454748));
#10899 = CARTESIAN_POINT('',(2.84142225844,1.213778764855));
#10900 = CARTESIAN_POINT('',(2.835731929391,1.390921740912));
#10901 = CARTESIAN_POINT('',(2.833761048624,1.570320450098));
#10902 = CARTESIAN_POINT('',(2.835156566367,1.750569977503));
#10903 = CARTESIAN_POINT('',(2.839584541731,1.930553258555));
#10904 = CARTESIAN_POINT('',(2.846786429211,2.109422139386));
#10905 = CARTESIAN_POINT('',(2.856573592552,2.28657038859));
#10906 = CARTESIAN_POINT('',(2.873790734853,2.530530608894));
#10907 = CARTESIAN_POINT('',(2.879055480945,2.599148267863));
#10908 = CARTESIAN_POINT('',(2.884712589524,2.667348985762));
#10909 = CARTESIAN_POINT('',(2.890761673982,2.735083056181));
#10910 = CARTESIAN_POINT('',(2.897205147762,2.802291795004));
#10911 = CARTESIAN_POINT('',(2.904048881314,2.868905931021));
#10912 = CARTESIAN_POINT('',(2.911303581093,2.934842551112));
#10913 = CARTESIAN_POINT('',(2.91898689061,3.0000006));
#10914 = ( GEOMETRIC_REPRESENTATION_CONTEXT(2) 
PARAMETRIC_REPRESENTATION_CONTEXT() REPRESENTATION_CONTEXT('2D SPACE',''
  ) );
#10915 = ADVANCED_FACE('',(#10916),#9419,.F.);
#10916 = FACE_BOUND('',#10917,.F.);
#10917 = EDGE_LOOP('',(#10918,#10942,#11212,#11213));
#10918 = ORIENTED_EDGE('',*,*,#10919,.T.);
#10919 = EDGE_CURVE('',#10211,#10920,#10922,.T.);
#10920 = VERTEX_POINT('',#10921);
#10921 = CARTESIAN_POINT('',(-115.0228794955,-0.477777651607,125.));
#10922 = SURFACE_CURVE('',#10923,(#10928,#10935),.PCURVE_S1.);
#10923 = CIRCLE('',#10924,5.);
#10924 = AXIS2_PLACEMENT_3D('',#10925,#10926,#10927);
#10925 = CARTESIAN_POINT('',(-120.,0.,125.));
#10926 = DIRECTION('',(0.,0.,1.));
#10927 = DIRECTION('',(1.,0.,-0.));
#10928 = PCURVE('',#9419,#10929);
#10929 = DEFINITIONAL_REPRESENTATION('',(#10930),#10934);
#10930 = CIRCLE('',#10931,5.);
#10931 = AXIS2_PLACEMENT_2D('',#10932,#10933);
#10932 = CARTESIAN_POINT('',(0.,0.));
#10933 = DIRECTION('',(1.,0.));
#10934 = ( GEOMETRIC_REPRESENTATION_CONTEXT(2) 
PARAMETRIC_REPRESENTATION_CONTEXT() REPRESENTATION_CONTEXT('2D SPACE',''
  ) );
#10935 = PCURVE('',#10552,#10936);
#10936 = DEFINITIONAL_REPRESENTATION('',(#10937),#10941);
#10937 = LINE('',#10938,#10939);
#10938 = CARTESIAN_POINT('',(0.,0.));
#10939 = VECTOR('',#10940,1.);
#10940 = DIRECTION('',(1.,0.));
#10941 = ( GEOMETRIC_REPRESENTATION_CONTEXT(2) 
PARAMETRIC_REPRESENTATION_CONTEXT() REPRESENTATION_CONTEXT('2D SPACE',''
  ) );
#10942 = ORIENTED_EDGE('',*,*,#10943,.F.);
#10943 = EDGE_CURVE('',#9329,#10920,#10944,.T.);
#10944 = SURFACE_CURVE('',#10945,(#11032,#11122),.PCURVE_S1.);
#10945 = B_SPLINE_CURVE_WITH_KNOTS('',8,(#10946,#10947,#10948,#10949,
    #10950,#10951,#10952,#10953,#10954,#10955,#10956,#10957,#10958,
    #10959,#10960,#10961,#10962,#10963,#10964,#10965,#10966,#10967,
    #10968,#10969,#10970,#10971,#10972,#10973,#10974,#10975,#10976,
    #10977,#10978,#10979,#10980,#10981,#10982,#10983,#10984,#10985,
    #10986,#10987,#10988,#10989,#10990,#10991,#10992,#10993,#10994,
    #10995,#10996,#10997,#10998,#10999,#11000,#11001,#11002,#11003,
    #11004,#11005,#11006,#11007,#11008,#11009,#11010,#11011,#11012,
    #11013,#11014,#11015,#11016,#11017,#11018,#11019,#11020,#11021,
    #11022,#11023,#11024,#11025,#11026,#11027,#11028,#11029,#11030,
    #11031),.UNSPECIFIED.,.F.,.F.,(9,7,7,7,7,7,7,7,7,7,7,7,9),(0.,
    5.663172402432E-02,9.784058608956E-02,0.163171775348,0.346315647881,
    0.428435641027,0.499810988016,0.56854738039,0.727752825703,
    0.819834597852,0.921192828749,0.951940283352,1.),.UNSPECIFIED.);
#10946 = CARTESIAN_POINT('',(-125.1234753829,0.,125.));
#10947 = CARTESIAN_POINT('',(-125.1234753829,-7.169654187E-02,125.));
#10948 = CARTESIAN_POINT('',(-125.1162133421,-0.143430004981,125.));
#10949 = CARTESIAN_POINT('',(-125.1016764389,-0.214429840104,125.));
#10950 = CARTESIAN_POINT('',(-125.0801408832,-0.284058998512,125.));
#10951 = CARTESIAN_POINT('',(-125.0520558485,-0.351801469655,125.));
#10952 = CARTESIAN_POINT('',(-125.0179780906,-0.417253214167,125.));
#10953 = CARTESIAN_POINT('',(-124.9785316181,-0.480113843072,125.));
#10954 = CARTESIAN_POINT('',(-124.9022296152,-0.583881745086,125.));
#10955 = CARTESIAN_POINT('',(-124.867569996,-0.626137853513,125.));
#10956 = CARTESIAN_POINT('',(-124.8306076488,-0.666896066052,125.));
#10957 = CARTESIAN_POINT('',(-124.7915544922,-0.706131894265,125.));
#10958 = CARTESIAN_POINT('',(-124.7506104849,-0.743841503366,125.));
#10959 = CARTESIAN_POINT('',(-124.7079594774,-0.780038201044,125.));
#10960 = CARTESIAN_POINT('',(-124.663765063,-0.814748926289,125.));
#10961 = CARTESIAN_POINT('',(-124.5458758399,-0.900742932701,125.));
#10962 = CARTESIAN_POINT('',(-124.4700888683,-0.949810316233,125.));
#10963 = CARTESIAN_POINT('',(-124.3913489387,-0.995380858018,125.));
#10964 = CARTESIAN_POINT('',(-124.3101225185,-1.037631175181,125.));
#10965 = CARTESIAN_POINT('',(-124.2268032216,-1.076746377466,125.));
#10966 = CARTESIAN_POINT('',(-124.1417133085,-1.112917801482,125.));
#10967 = CARTESIAN_POINT('',(-124.0551025837,-1.146338634474,125.));
#10968 = CARTESIAN_POINT('',(-123.7205710462,-1.263704331087,125.));
#10969 = CARTESIAN_POINT('',(-123.4641968666,-1.32980459198,125.));
#10970 = CARTESIAN_POINT('',(-123.2015714851,-1.380008753716,125.));
#10971 = CARTESIAN_POINT('',(-122.9349603448,-1.417177551436,125.));
#10972 = CARTESIAN_POINT('',(-122.6660171418,-1.444156934129,125.));
#10973 = CARTESIAN_POINT('',(-122.3955842836,-1.463193400891,125.));
#10974 = CARTESIAN_POINT('',(-122.1238837684,-1.476290004179,125.));
#10975 = CARTESIAN_POINT('',(-121.7278083105,-1.488984827642,125.));
#10976 = CARTESIAN_POINT('',(-121.6049754418,-1.492039929311,125.));
#10977 = CARTESIAN_POINT('',(-121.4819513246,-1.494366836216,125.));
#10978 = CARTESIAN_POINT('',(-121.3587588482,-1.496099443979,125.));
#10979 = CARTESIAN_POINT('',(-121.2354187968,-1.49735810219,125.));
#10980 = CARTESIAN_POINT('',(-121.1119500235,-1.498248920903,125.));
#10981 = CARTESIAN_POINT('',(-120.9883696257,-1.498863077134,125.));
#10982 = CARTESIAN_POINT('',(-120.7571985457,-1.499635122527,125.));
#10983 = CARTESIAN_POINT('',(-120.6496325659,-1.499842098615,125.));
#10984 = CARTESIAN_POINT('',(-120.542006728,-1.499946614467,125.));
#10985 = CARTESIAN_POINT('',(-120.4343326747,-1.499988952072,125.));
#10986 = CARTESIAN_POINT('',(-120.3266221672,-1.499999802343,125.));
#10987 = CARTESIAN_POINT('',(-120.218887109,-1.499999956923,125.));
#10988 = CARTESIAN_POINT('',(-120.1111395709,-1.499999999978,125.));
#10989 = CARTESIAN_POINT('',(-119.8996278068,-1.500000000021,125.));
#10990 = CARTESIAN_POINT('',(-119.7958634532,-1.499999964706,125.));
#10991 = CARTESIAN_POINT('',(-119.6921097142,-1.500000183301,125.));
#10992 = CARTESIAN_POINT('',(-119.5883773868,-1.499991912127,125.));
#10993 = CARTESIAN_POINT('',(-119.4846771243,-1.49995761914,125.));
#10994 = CARTESIAN_POINT('',(-119.3810194539,-1.499871228487,125.));
#10995 = CARTESIAN_POINT('',(-119.2774147964,-1.499698365064,125.));
#10996 = CARTESIAN_POINT('',(-118.9340537877,-1.498697656535,125.));
#10997 = CARTESIAN_POINT('',(-118.6946554747,-1.497307802392,125.));
#10998 = CARTESIAN_POINT('',(-118.4557077592,-1.494700225464,125.));
#10999 = CARTESIAN_POINT('',(-118.2173066224,-1.490125024708,125.));
#11000 = CARTESIAN_POINT('',(-117.9796204391,-1.482621860444,125.));
#11001 = CARTESIAN_POINT('',(-117.742892619,-1.471063948432,125.));
#11002 = CARTESIAN_POINT('',(-117.5074495203,-1.454160869457,125.));
#11003 = CARTESIAN_POINT('',(-117.1385377299,-1.416574508258,125.));
#11004 = CARTESIAN_POINT('',(-117.0039854022,-1.40049523635,125.));
#11005 = CARTESIAN_POINT('',(-116.8701368675,-1.381810429457,125.));
#11006 = CARTESIAN_POINT('',(-116.7371266746,-1.360191096223,125.));
#11007 = CARTESIAN_POINT('',(-116.6051503496,-1.335282741591,125.));
#11008 = CARTESIAN_POINT('',(-116.4744665298,-1.306701689291,125.));
#11009 = CARTESIAN_POINT('',(-116.3454028377,-1.27402366104,125.));
#11010 = CARTESIAN_POINT('',(-116.0785302236,-1.195752030205,125.));
#11011 = CARTESIAN_POINT('',(-115.9414071916,-1.149264331143,125.));
#11012 = CARTESIAN_POINT('',(-115.8072843742,-1.096616335844,125.));
#11013 = CARTESIAN_POINT('',(-115.6768997381,-1.037086401047,125.));
#11014 = CARTESIAN_POINT('',(-115.5514456215,-0.969936189759,125.));
#11015 = CARTESIAN_POINT('',(-115.4325251891,-0.894487307021,125.));
#11016 = CARTESIAN_POINT('',(-115.3221408174,-0.810174132,125.));
#11017 = CARTESIAN_POINT('',(-115.1926570584,-0.688073353791,125.));
#11018 = CARTESIAN_POINT('',(-115.1635563418,-0.658811737952,125.));
#11019 = CARTESIAN_POINT('',(-115.1355683654,-0.628703798653,125.));
#11020 = CARTESIAN_POINT('',(-115.1087763402,-0.59775177631,125.));
#11021 = CARTESIAN_POINT('',(-115.0832686982,-0.565964801761,125.));
#11022 = CARTESIAN_POINT('',(-115.0591373556,-0.533360015343,125.));
#11023 = CARTESIAN_POINT('',(-115.036475975,-0.499963685968,125.));
#11024 = CARTESIAN_POINT('',(-114.9824014598,-0.412432156042,125.));
#11025 = CARTESIAN_POINT('',(-114.9532231542,-0.35717306202,125.));
#11026 = CARTESIAN_POINT('',(-114.9282374122,-0.300216207837,125.));
#11027 = CARTESIAN_POINT('',(-114.9078027445,-0.241793020203,125.));
#11028 = CARTESIAN_POINT('',(-114.8922294808,-0.182188447685,125.));
#11029 = CARTESIAN_POINT('',(-114.8817575481,-0.121743962481,125.));
#11030 = CARTESIAN_POINT('',(-114.876524617,-6.086030911045E-02,125.));
#11031 = CARTESIAN_POINT('',(-114.876524617,0.,125.));
#11032 = PCURVE('',#9419,#11033);
#11033 = DEFINITIONAL_REPRESENTATION('',(#11034),#11121);
#11034 = B_SPLINE_CURVE_WITH_KNOTS('',8,(#11035,#11036,#11037,#11038,
    #11039,#11040,#11041,#11042,#11043,#11044,#11045,#11046,#11047,
    #11048,#11049,#11050,#11051,#11052,#11053,#11054,#11055,#11056,
    #11057,#11058,#11059,#11060,#11061,#11062,#11063,#11064,#11065,
    #11066,#11067,#11068,#11069,#11070,#11071,#11072,#11073,#11074,
    #11075,#11076,#11077,#11078,#11079,#11080,#11081,#11082,#11083,
    #11084,#11085,#11086,#11087,#11088,#11089,#11090,#11091,#11092,
    #11093,#11094,#11095,#11096,#11097,#11098,#11099,#11100,#11101,
    #11102,#11103,#11104,#11105,#11106,#11107,#11108,#11109,#11110,
    #11111,#11112,#11113,#11114,#11115,#11116,#11117,#11118,#11119,
    #11120),.UNSPECIFIED.,.F.,.F.,(9,7,7,7,7,7,7,7,7,7,7,7,9),(0.,
    5.663172402432E-02,9.784058608956E-02,0.163171775348,0.346315647881,
    0.428435641027,0.499810988016,0.56854738039,0.727752825703,
    0.819834597852,0.921192828749,0.951940283352,1.),.UNSPECIFIED.);
#11035 = CARTESIAN_POINT('',(-5.12347538298,0.));
#11036 = CARTESIAN_POINT('',(-5.12347538298,-7.169654187E-02));
#11037 = CARTESIAN_POINT('',(-5.116213342195,-0.143430004981));
#11038 = CARTESIAN_POINT('',(-5.101676438996,-0.214429840104));
#11039 = CARTESIAN_POINT('',(-5.080140883297,-0.284058998512));
#11040 = CARTESIAN_POINT('',(-5.05205584854,-0.351801469655));
#11041 = CARTESIAN_POINT('',(-5.017978090689,-0.417253214167));
#11042 = CARTESIAN_POINT('',(-4.978531618169,-0.480113843072));
#11043 = CARTESIAN_POINT('',(-4.902229615265,-0.583881745086));
#11044 = CARTESIAN_POINT('',(-4.867569996068,-0.626137853513));
#11045 = CARTESIAN_POINT('',(-4.830607648881,-0.666896066052));
#11046 = CARTESIAN_POINT('',(-4.791554492257,-0.706131894265));
#11047 = CARTESIAN_POINT('',(-4.750610484965,-0.743841503366));
#11048 = CARTESIAN_POINT('',(-4.707959477404,-0.780038201044));
#11049 = CARTESIAN_POINT('',(-4.663765063017,-0.814748926289));
#11050 = CARTESIAN_POINT('',(-4.545875839908,-0.900742932701));
#11051 = CARTESIAN_POINT('',(-4.470088868384,-0.949810316233));
#11052 = CARTESIAN_POINT('',(-4.391348938765,-0.995380858018));
#11053 = CARTESIAN_POINT('',(-4.310122518505,-1.037631175181));
#11054 = CARTESIAN_POINT('',(-4.226803221604,-1.076746377466));
#11055 = CARTESIAN_POINT('',(-4.141713308581,-1.112917801482));
#11056 = CARTESIAN_POINT('',(-4.055102583717,-1.146338634474));
#11057 = CARTESIAN_POINT('',(-3.720571046221,-1.263704331087));
#11058 = CARTESIAN_POINT('',(-3.464196866631,-1.32980459198));
#11059 = CARTESIAN_POINT('',(-3.201571485106,-1.380008753716));
#11060 = CARTESIAN_POINT('',(-2.934960344843,-1.417177551436));
#11061 = CARTESIAN_POINT('',(-2.666017141852,-1.444156934129));
#11062 = CARTESIAN_POINT('',(-2.395584283687,-1.463193400891));
#11063 = CARTESIAN_POINT('',(-2.12388376848,-1.476290004179));
#11064 = CARTESIAN_POINT('',(-1.727808310572,-1.488984827642));
#11065 = CARTESIAN_POINT('',(-1.604975441819,-1.492039929311));
#11066 = CARTESIAN_POINT('',(-1.481951324641,-1.494366836216));
#11067 = CARTESIAN_POINT('',(-1.358758848288,-1.496099443979));
#11068 = CARTESIAN_POINT('',(-1.235418796811,-1.49735810219));
#11069 = CARTESIAN_POINT('',(-1.111950023571,-1.498248920903));
#11070 = CARTESIAN_POINT('',(-0.988369625734,-1.498863077134));
#11071 = CARTESIAN_POINT('',(-0.757198545779,-1.499635122527));
#11072 = CARTESIAN_POINT('',(-0.649632565973,-1.499842098615));
#11073 = CARTESIAN_POINT('',(-0.542006728055,-1.499946614467));
#11074 = CARTESIAN_POINT('',(-0.434332674772,-1.499988952072));
#11075 = CARTESIAN_POINT('',(-0.326622167207,-1.499999802343));
#11076 = CARTESIAN_POINT('',(-0.218887109061,-1.499999956923));
#11077 = CARTESIAN_POINT('',(-0.111139570929,-1.499999999978));
#11078 = CARTESIAN_POINT('',(0.100372193162,-1.500000000021));
#11079 = CARTESIAN_POINT('',(0.204136546709,-1.499999964706));
#11080 = CARTESIAN_POINT('',(0.3078902858,-1.500000183301));
#11081 = CARTESIAN_POINT('',(0.411622613137,-1.499991912127));
#11082 = CARTESIAN_POINT('',(0.515322875688,-1.49995761914));
#11083 = CARTESIAN_POINT('',(0.618980546005,-1.499871228487));
#11084 = CARTESIAN_POINT('',(0.722585203529,-1.499698365064));
#11085 = CARTESIAN_POINT('',(1.065946212214,-1.498697656535));
#11086 = CARTESIAN_POINT('',(1.30534452523,-1.497307802392));
#11087 = CARTESIAN_POINT('',(1.544292240731,-1.494700225464));
#11088 = CARTESIAN_POINT('',(1.782693377511,-1.490125024708));
#11089 = CARTESIAN_POINT('',(2.020379560857,-1.482621860444));
#11090 = CARTESIAN_POINT('',(2.257107380917,-1.471063948432));
#11091 = CARTESIAN_POINT('',(2.492550479637,-1.454160869457));
#11092 = CARTESIAN_POINT('',(2.861462270043,-1.416574508258));
#11093 = CARTESIAN_POINT('',(2.996014597796,-1.40049523635));
#11094 = CARTESIAN_POINT('',(3.129863132406,-1.381810429457));
#11095 = CARTESIAN_POINT('',(3.262873325395,-1.360191096223));
#11096 = CARTESIAN_POINT('',(3.394849650318,-1.335282741591));
#11097 = CARTESIAN_POINT('',(3.525533470131,-1.306701689291));
#11098 = CARTESIAN_POINT('',(3.654597162243,-1.27402366104));
#11099 = CARTESIAN_POINT('',(3.92146977636,-1.195752030205));
#11100 = CARTESIAN_POINT('',(4.058592808345,-1.149264331143));
#11101 = CARTESIAN_POINT('',(4.192715625788,-1.096616335844));
#11102 = CARTESIAN_POINT('',(4.323100261889,-1.037086401047));
#11103 = CARTESIAN_POINT('',(4.448554378477,-0.969936189759));
#11104 = CARTESIAN_POINT('',(4.567474810899,-0.894487307021));
#11105 = CARTESIAN_POINT('',(4.677859182505,-0.810174132));
#11106 = CARTESIAN_POINT('',(4.807342941578,-0.688073353791));
#11107 = CARTESIAN_POINT('',(4.836443658138,-0.658811737952));
#11108 = CARTESIAN_POINT('',(4.864431634543,-0.628703798653));
#11109 = CARTESIAN_POINT('',(4.891223659796,-0.59775177631));
#11110 = CARTESIAN_POINT('',(4.916731301763,-0.565964801761));
#11111 = CARTESIAN_POINT('',(4.940862644392,-0.533360015343));
#11112 = CARTESIAN_POINT('',(4.963524024937,-0.499963685968));
#11113 = CARTESIAN_POINT('',(5.01759854014,-0.412432156042));
#11114 = CARTESIAN_POINT('',(5.046776845763,-0.35717306202));
#11115 = CARTESIAN_POINT('',(5.07176258772,-0.300216207837));
#11116 = CARTESIAN_POINT('',(5.092197255445,-0.241793020203));
#11117 = CARTESIAN_POINT('',(5.107770519109,-0.182188447685));
#11118 = CARTESIAN_POINT('',(5.118242451812,-0.121743962481));
#11119 = CARTESIAN_POINT('',(5.12347538298,-6.086030911045E-02));
#11120 = CARTESIAN_POINT('',(5.12347538298,0.));
#11121 = ( GEOMETRIC_REPRESENTATION_CONTEXT(2) 
PARAMETRIC_REPRESENTATION_CONTEXT() REPRESENTATION_CONTEXT('2D SPACE',''
  ) );
#11122 = PCURVE('',#9248,#11123);
#11123 = DEFINITIONAL_REPRESENTATION('',(#11124),#11211);
#11124 = B_SPLINE_CURVE_WITH_KNOTS('',8,(#11125,#11126,#11127,#11128,
    #11129,#11130,#11131,#11132,#11133,#11134,#11135,#11136,#11137,
    #11138,#11139,#11140,#11141,#11142,#11143,#11144,#11145,#11146,
    #11147,#11148,#11149,#11150,#11151,#11152,#11153,#11154,#11155,
    #11156,#11157,#11158,#11159,#11160,#11161,#11162,#11163,#11164,
    #11165,#11166,#11167,#11168,#11169,#11170,#11171,#11172,#11173,
    #11174,#11175,#11176,#11177,#11178,#11179,#11180,#11181,#11182,
    #11183,#11184,#11185,#11186,#11187,#11188,#11189,#11190,#11191,
    #11192,#11193,#11194,#11195,#11196,#11197,#11198,#11199,#11200,
    #11201,#11202,#11203,#11204,#11205,#11206,#11207,#11208,#11209,
    #11210),.UNSPECIFIED.,.F.,.F.,(9,7,7,7,7,7,7,7,7,7,7,7,9),(0.,
    5.663172402432E-02,9.784058608956E-02,0.163171775348,0.346315647881,
    0.428435641027,0.499810988016,0.56854738039,0.727752825703,
    0.819834597852,0.921192828749,0.951940283352,1.),.UNSPECIFIED.);
#11125 = CARTESIAN_POINT('',(3.711213972663,6.28318530718));
#11126 = CARTESIAN_POINT('',(3.711213972663,6.2353876126));
#11127 = CARTESIAN_POINT('',(3.710570244122,6.187565312822));
#11128 = CARTESIAN_POINT('',(3.709281662712,6.140065652969));
#11129 = CARTESIAN_POINT('',(3.707369705408,6.093146360102));
#11130 = CARTESIAN_POINT('',(3.704868275508,6.047010001882));
#11131 = CARTESIAN_POINT('',(3.701819129636,6.001821046353));
#11132 = CARTESIAN_POINT('',(3.698269760436,5.957712795279));
#11133 = CARTESIAN_POINT('',(3.691360535637,5.883558986327));
#11134 = CARTESIAN_POINT('',(3.688210147612,5.852931945529));
#11135 = CARTESIAN_POINT('',(3.684835982637,5.822927677279));
#11136 = CARTESIAN_POINT('',(3.681254068203,5.793555585263));
#11137 = CARTESIAN_POINT('',(3.677479560733,5.764817815788));
#11138 = CARTESIAN_POINT('',(3.673526405091,5.736710032926));
#11139 = CARTESIAN_POINT('',(3.669406994096,5.709222193654));
#11140 = CARTESIAN_POINT('',(3.658354118833,5.639720094435));
#11141 = CARTESIAN_POINT('',(3.651187990355,5.598640097051));
#11142 = CARTESIAN_POINT('',(3.643674120904,5.559025347434));
#11143 = CARTESIAN_POINT('',(3.635847908587,5.520813511776));
#11144 = CARTESIAN_POINT('',(3.627739810008,5.48394648521));
#11145 = CARTESIAN_POINT('',(3.61937523555,5.448365610892));
#11146 = CARTESIAN_POINT('',(3.610774001238,5.414009538828));
#11147 = CARTESIAN_POINT('',(3.577211028176,5.287759218745));
#11148 = CARTESIAN_POINT('',(3.550795768158,5.204124021591));
#11149 = CARTESIAN_POINT('',(3.522975378113,5.128263257005));
#11150 = CARTESIAN_POINT('',(3.493955055028,5.059741255371));
#11151 = CARTESIAN_POINT('',(3.463925220548,4.998143414917));
#11152 = CARTESIAN_POINT('',(3.433026002244,4.943329388405));
#11153 = CARTESIAN_POINT('',(3.401344767765,4.895166033434));
#11154 = CARTESIAN_POINT('',(3.354349628215,4.835062583484));
#11155 = CARTESIAN_POINT('',(3.339663362638,4.817816744265));
#11156 = CARTESIAN_POINT('',(3.324849678965,4.801937894411));
#11157 = CARTESIAN_POINT('',(3.309919307572,4.787436049925));
#11158 = CARTESIAN_POINT('',(3.294883473237,4.774323741097));
#11159 = CARTESIAN_POINT('',(3.279753821225,4.762614602697));
#11160 = CARTESIAN_POINT('',(3.264542343362,4.752321964175));
#11161 = CARTESIAN_POINT('',(3.235979648385,4.735752757038));
#11162 = CARTESIAN_POINT('',(3.222645589946,4.729127022666));
#11163 = CARTESIAN_POINT('',(3.209267340493,4.723588192832));
#11164 = CARTESIAN_POINT('',(3.195853389855,4.719143235604));
#11165 = CARTESIAN_POINT('',(3.182412443917,4.715797819348));
#11166 = CARTESIAN_POINT('',(3.168953362547,4.713556001073));
#11167 = CARTESIAN_POINT('',(3.15548509751,4.712419914766));
#11168 = CARTESIAN_POINT('',(3.129046131751,4.712360130715));
#11169 = CARTESIAN_POINT('',(3.116075426107,4.713356192923));
#11170 = CARTESIAN_POINT('',(3.103112535905,4.715377793977));
#11171 = CARTESIAN_POINT('',(3.090165460507,4.718423173176));
#11172 = CARTESIAN_POINT('',(3.077242124253,4.722488907638));
#11173 = CARTESIAN_POINT('',(3.06435032453,4.727570158433));
#11174 = CARTESIAN_POINT('',(3.051497679839,4.733660916715));
#11175 = CARTESIAN_POINT('',(3.009030417355,4.757183643708));
#11176 = CARTESIAN_POINT('',(2.979629037604,4.778985921979));
#11177 = CARTESIAN_POINT('',(2.950566743596,4.806077681466));
#11178 = CARTESIAN_POINT('',(2.921925252171,4.838358428871));
#11179 = CARTESIAN_POINT('',(2.893786287014,4.875735994434));
#11180 = CARTESIAN_POINT('',(2.866228750952,4.91814965832));
#11181 = CARTESIAN_POINT('',(2.839326890756,4.965616457284));
#11182 = CARTESIAN_POINT('',(2.798011096007,5.048812539308));
#11183 = CARTESIAN_POINT('',(2.783120626427,5.081040029634));
#11184 = CARTESIAN_POINT('',(2.768491487551,5.115044478944));
#11185 = CARTESIAN_POINT('',(2.754141014325,5.150873036784));
#11186 = CARTESIAN_POINT('',(2.740090953012,5.188582335368));
#11187 = CARTESIAN_POINT('',(2.726366957825,5.228243284039));
#11188 = CARTESIAN_POINT('',(2.712998481211,5.269952456221));
#11189 = CARTESIAN_POINT('',(2.685732067366,5.362169994288));
#11190 = CARTESIAN_POINT('',(2.671942734873,5.413052603926));
#11191 = CARTESIAN_POINT('',(2.658668410849,5.466754219986));
#11192 = CARTESIAN_POINT('',(2.645969025303,5.523505348929));
#11193 = CARTESIAN_POINT('',(2.633941490881,5.583518888191));
#11194 = CARTESIAN_POINT('',(2.622710434963,5.646985958143));
#11195 = CARTESIAN_POINT('',(2.612424924577,5.714105574037));
#11196 = CARTESIAN_POINT('',(2.600493919582,5.806759464987));
#11197 = CARTESIAN_POINT('',(2.59782301796,5.828675138108));
#11198 = CARTESIAN_POINT('',(2.59526390883,5.850942875363));
#11199 = CARTESIAN_POINT('',(2.592822891024,5.873561721519));
#11200 = CARTESIAN_POINT('',(2.590506662157,5.896527905387));
#11201 = CARTESIAN_POINT('',(2.588322184259,5.91983446245));
#11202 = CARTESIAN_POINT('',(2.586276549404,5.943470857477));
#11203 = CARTESIAN_POINT('',(2.581407518608,6.004860317619));
#11204 = CARTESIAN_POINT('',(2.57879276621,6.043092449978));
#11205 = CARTESIAN_POINT('',(2.576563032036,6.08203322807));
#11206 = CARTESIAN_POINT('',(2.574745456554,6.121582520048));
#11207 = CARTESIAN_POINT('',(2.573363440819,6.161624488473));
#11208 = CARTESIAN_POINT('',(2.572435204013,6.202022710446));
#11209 = CARTESIAN_POINT('',(2.571971334517,6.242611767773));
#11210 = CARTESIAN_POINT('',(2.571971334517,6.28318530718));
#11211 = ( GEOMETRIC_REPRESENTATION_CONTEXT(2) 
PARAMETRIC_REPRESENTATION_CONTEXT() REPRESENTATION_CONTEXT('2D SPACE',''
  ) );
#11212 = ORIENTED_EDGE('',*,*,#9402,.F.);
#11213 = ORIENTED_EDGE('',*,*,#10210,.F.);
#11214 = ADVANCED_FACE('',(#11215),#9248,.T.);
#11215 = FACE_BOUND('',#11216,.T.);
#11216 = EDGE_LOOP('',(#11217,#11218,#11322,#11540,#11642,#11643,#11644,
    #11666,#11667,#11668));
#11217 = ORIENTED_EDGE('',*,*,#9585,.F.);
#11218 = ORIENTED_EDGE('',*,*,#11219,.T.);
#11219 = EDGE_CURVE('',#9586,#11220,#11222,.T.);
#11220 = VERTEX_POINT('',#11221);
#11221 = CARTESIAN_POINT('',(-115.1233726674,1.103859528824,128.));
#11222 = SURFACE_CURVE('',#11223,(#11254,#11288),.PCURVE_S1.);
#11223 = B_SPLINE_CURVE_WITH_KNOTS('',8,(#11224,#11225,#11226,#11227,
    #11228,#11229,#11230,#11231,#11232,#11233,#11234,#11235,#11236,
    #11237,#11238,#11239,#11240,#11241,#11242,#11243,#11244,#11245,
    #11246,#11247,#11248,#11249,#11250,#11251,#11252,#11253),
  .UNSPECIFIED.,.F.,.F.,(9,7,7,7,9),(0.,0.233169894922,0.406128881806,
    0.832048970553,1.),.UNSPECIFIED.);
#11224 = CARTESIAN_POINT('',(-115.0228793241,0.477775865992,124.9999994)
  );
#11225 = CARTESIAN_POINT('',(-115.0336059258,0.589517783064,
    125.03754669822));
#11226 = CARTESIAN_POINT('',(-115.0466958335,0.695735858881,
    125.08460885259));
#11227 = CARTESIAN_POINT('',(-115.0615558559,0.795207556813,
    125.14019860765));
#11228 = CARTESIAN_POINT('',(-115.0774985479,0.887215067517,
    125.20319159437));
#11229 = CARTESIAN_POINT('',(-115.0938687779,0.97140546727,
    125.27248005344));
#11230 = CARTESIAN_POINT('',(-115.1101104981,1.047704044087,
    125.34703887303));
#11231 = CARTESIAN_POINT('',(-115.1257882731,1.116246167974,
    125.42596259183));
#11232 = CARTESIAN_POINT('',(-115.1515488212,1.222575995816,
    125.56977973779));
#11233 = CARTESIAN_POINT('',(-115.1620317622,1.263737188924,
    125.63303609162));
#11234 = CARTESIAN_POINT('',(-115.1718948279,1.300887114674,
    125.69801388735));
#11235 = CARTESIAN_POINT('',(-115.1810362664,1.334153764667,
    125.76445409765));
#11236 = CARTESIAN_POINT('',(-115.1893813891,1.363677313663,
    125.83212662386));
#11237 = CARTESIAN_POINT('',(-115.1968792681,1.389604764836,
    125.90083105966));
#11238 = CARTESIAN_POINT('',(-115.203499435,1.412084595035,
    125.97039745471));
#11239 = CARTESIAN_POINT('',(-115.2233368815,1.47848523409,
    126.21377876482));
#11240 = CARTESIAN_POINT('',(-115.2320131572,1.505587376189,
    126.39092174087));
#11241 = CARTESIAN_POINT('',(-115.2351092941,1.514939614846,
    126.57032045006));
#11242 = CARTESIAN_POINT('',(-115.2329466955,1.508307326163,
    126.75056997746));
#11243 = CARTESIAN_POINT('',(-115.2261324299,1.487242397587,
    126.93055325851));
#11244 = CARTESIAN_POINT('',(-115.2153695943,1.452876127055,
    127.10942213934));
#11245 = CARTESIAN_POINT('',(-115.2013518599,1.405982881145,
    127.28657038855));
#11246 = CARTESIAN_POINT('',(-115.1781685678,1.323077605731,
    127.53053060886));
#11247 = CARTESIAN_POINT('',(-115.1712099615,1.297689917499,
    127.59914826783));
#11248 = CARTESIAN_POINT('',(-115.1638907435,1.27036689487,
    127.66734898573));
#11249 = CARTESIAN_POINT('',(-115.1562528606,1.24110038279,
    127.73508305616));
#11250 = CARTESIAN_POINT('',(-115.1483386471,1.209868372796,
    127.80229179499));
#11251 = CARTESIAN_POINT('',(-115.1401910265,1.176631818719,
    127.86890593101));
#11252 = CARTESIAN_POINT('',(-115.1318538811,1.141327821596,
    127.9348425511));
#11253 = CARTESIAN_POINT('',(-115.1233725893,1.103859183798,128.0000006)
  );
#11254 = PCURVE('',#9248,#11255);
#11255 = DEFINITIONAL_REPRESENTATION('',(#11256),#11287);
#11256 = B_SPLINE_CURVE_WITH_KNOTS('',8,(#11257,#11258,#11259,#11260,
    #11261,#11262,#11263,#11264,#11265,#11266,#11267,#11268,#11269,
    #11270,#11271,#11272,#11273,#11274,#11275,#11276,#11277,#11278,
    #11279,#11280,#11281,#11282,#11283,#11284,#11285,#11286),
  .UNSPECIFIED.,.F.,.F.,(9,7,7,7,9),(0.,0.233169894922,0.406128881806,
    0.832048970553,1.),.UNSPECIFIED.);
#11257 = CARTESIAN_POINT('',(2.585052584263,0.3241648499));
#11258 = CARTESIAN_POINT('',(2.583914106924,0.402752538634));
#11259 = CARTESIAN_POINT('',(2.58244477633,0.479826946742));
#11260 = CARTESIAN_POINT('',(2.58063668802,0.555108723531));
#11261 = CARTESIAN_POINT('',(2.578478240864,0.628476721487));
#11262 = CARTESIAN_POINT('',(2.575957683145,0.699876487581));
#11263 = CARTESIAN_POINT('',(2.57306681334,0.769300096612));
#11264 = CARTESIAN_POINT('',(2.569801967538,0.836796740125));
#11265 = CARTESIAN_POINT('',(2.563457488276,0.951190679173));
#11266 = CARTESIAN_POINT('',(2.560547662262,0.998909043644));
#11267 = CARTESIAN_POINT('',(2.557427976755,1.045677073755));
#11268 = CARTESIAN_POINT('',(2.554097895358,1.091540692142));
#11269 = CARTESIAN_POINT('',(2.550558016841,1.136545190431));
#11270 = CARTESIAN_POINT('',(2.546809776105,1.180737171455));
#11271 = CARTESIAN_POINT('',(2.542855145129,1.224166491468));
#11272 = CARTESIAN_POINT('',(2.528455054964,1.372092535607));
#11273 = CARTESIAN_POINT('',(2.516995116105,1.472802116496));
#11274 = CARTESIAN_POINT('',(2.504337742447,1.570044991596));
#11275 = CARTESIAN_POINT('',(2.490540712387,1.664472925153));
#11276 = CARTESIAN_POINT('',(2.475694160513,1.756705052313));
#11277 = CARTESIAN_POINT('',(2.459905223525,1.847364592347));
#11278 = CARTESIAN_POINT('',(2.443281163355,1.93715282842));
#11279 = CARTESIAN_POINT('',(2.419086949588,2.062583647291));
#11280 = CARTESIAN_POINT('',(2.41213512686,2.098064004803));
#11281 = CARTESIAN_POINT('',(2.405081873987,2.133608793821));
#11282 = CARTESIAN_POINT('',(2.397936665517,2.169277355603));
#11283 = CARTESIAN_POINT('',(2.390710457887,2.205132769243));
#11284 = CARTESIAN_POINT('',(2.383415983353,2.241245071615));
#11285 = CARTESIAN_POINT('',(2.376068235848,2.277696487697));
#11286 = CARTESIAN_POINT('',(2.368685148756,2.314588671292));
#11287 = ( GEOMETRIC_REPRESENTATION_CONTEXT(2) 
PARAMETRIC_REPRESENTATION_CONTEXT() REPRESENTATION_CONTEXT('2D SPACE',''
  ) );
#11288 = PCURVE('',#9874,#11289);
#11289 = DEFINITIONAL_REPRESENTATION('',(#11290),#11321);
#11290 = B_SPLINE_CURVE_WITH_KNOTS('',8,(#11291,#11292,#11293,#11294,
    #11295,#11296,#11297,#11298,#11299,#11300,#11301,#11302,#11303,
    #11304,#11305,#11306,#11307,#11308,#11309,#11310,#11311,#11312,
    #11313,#11314,#11315,#11316,#11317,#11318,#11319,#11320),
  .UNSPECIFIED.,.F.,.F.,(9,7,7,7,9),(0.,0.233169894922,0.406128881806,
    0.832048970553,1.),.UNSPECIFIED.);
#11291 = CARTESIAN_POINT('',(9.57011896796E-02,-6.E-07));
#11292 = CARTESIAN_POINT('',(0.118152306369,3.754669822552E-02));
#11293 = CARTESIAN_POINT('',(0.139548866961,8.460885259122E-02));
#11294 = CARTESIAN_POINT('',(0.15965344241,0.14019860765));
#11295 = CARTESIAN_POINT('',(0.178320289044,0.20319159437));
#11296 = CARTESIAN_POINT('',(0.195468018724,0.272480053442));
#11297 = CARTESIAN_POINT('',(0.211066530299,0.347038873036));
#11298 = CARTESIAN_POINT('',(0.225127837044,0.425962591838));
#11299 = CARTESIAN_POINT('',(0.247009005316,0.569779737798));
#11300 = CARTESIAN_POINT('',(0.25550347393,0.633036091627));
#11301 = CARTESIAN_POINT('',(0.263190231933,0.698013887358));
#11302 = CARTESIAN_POINT('',(0.270089745881,0.764454097658));
#11303 = CARTESIAN_POINT('',(0.276225586305,0.832126623867));
#11304 = CARTESIAN_POINT('',(0.281623466435,0.900831059664));
#11305 = CARTESIAN_POINT('',(0.286310280937,0.970397454717));
#11306 = CARTESIAN_POINT('',(0.300170395149,1.213778764821));
#11307 = CARTESIAN_POINT('',(0.305860724198,1.390921740879));
#11308 = CARTESIAN_POINT('',(0.307831604965,1.57032045006));
#11309 = CARTESIAN_POINT('',(0.306436087224,1.75056997747));
#11310 = CARTESIAN_POINT('',(0.302008111859,1.930553258518));
#11311 = CARTESIAN_POINT('',(0.294806224381,2.109422139349));
#11312 = CARTESIAN_POINT('',(0.28501906104,2.286570388553));
#11313 = CARTESIAN_POINT('',(0.267801918739,2.530530608861));
#11314 = CARTESIAN_POINT('',(0.262537172647,2.599148267835));
#11315 = CARTESIAN_POINT('',(0.256880064068,2.667348985739));
#11316 = CARTESIAN_POINT('',(0.25083097961,2.735083056162));
#11317 = CARTESIAN_POINT('',(0.244387505829,2.80229179499));
#11318 = CARTESIAN_POINT('',(0.237543772277,2.868905931012));
#11319 = CARTESIAN_POINT('',(0.230289072498,2.934842551107));
#11320 = CARTESIAN_POINT('',(0.22260576298,3.0000006));
#11321 = ( GEOMETRIC_REPRESENTATION_CONTEXT(2) 
PARAMETRIC_REPRESENTATION_CONTEXT() REPRESENTATION_CONTEXT('2D SPACE',''
  ) );
#11322 = ORIENTED_EDGE('',*,*,#11323,.T.);
#11323 = EDGE_CURVE('',#11220,#11324,#11326,.T.);
#11324 = VERTEX_POINT('',#11325);
#11325 = CARTESIAN_POINT('',(-115.1233726674,-1.103859528824,128.));
#11326 = SURFACE_CURVE('',#11327,(#11396,#11468),.PCURVE_S1.);
#11327 = B_SPLINE_CURVE_WITH_KNOTS('',7,(#11328,#11329,#11330,#11331,
    #11332,#11333,#11334,#11335,#11336,#11337,#11338,#11339,#11340,
    #11341,#11342,#11343,#11344,#11345,#11346,#11347,#11348,#11349,
    #11350,#11351,#11352,#11353,#11354,#11355,#11356,#11357,#11358,
    #11359,#11360,#11361,#11362,#11363,#11364,#11365,#11366,#11367,
    #11368,#11369,#11370,#11371,#11372,#11373,#11374,#11375,#11376,
    #11377,#11378,#11379,#11380,#11381,#11382,#11383,#11384,#11385,
    #11386,#11387,#11388,#11389,#11390,#11391,#11392,#11393,#11394,
    #11395),.UNSPECIFIED.,.F.,.F.,(8,6,6,6,6,6,6,6,6,6,6,8),(0.,
    7.584713847943E-02,0.289029734113,0.357266463303,0.412058791714,
    0.441542707446,0.499281316129,0.587892004899,0.642682024517,
    0.710915490876,0.924108527562,1.),.UNSPECIFIED.);
#11328 = CARTESIAN_POINT('',(-114.,1.487949869621,128.));
#11329 = CARTESIAN_POINT('',(-114.0566522451,1.482399809526,128.));
#11330 = CARTESIAN_POINT('',(-114.1131888472,1.475376863117,128.));
#11331 = CARTESIAN_POINT('',(-114.1695599551,1.466898243453,128.));
#11332 = CARTESIAN_POINT('',(-114.2257163813,1.456980488611,128.));
#11333 = CARTESIAN_POINT('',(-114.2816093764,1.445639103841,128.));
#11334 = CARTESIAN_POINT('',(-114.3371904059,1.432888203712,128.));
#11335 = CARTESIAN_POINT('',(-114.5476185424,1.378974410131,128.));
#11336 = CARTESIAN_POINT('',(-114.6998092646,1.328214739429,128.));
#11337 = CARTESIAN_POINT('',(-114.8481558636,1.266713816016,128.));
#11338 = CARTESIAN_POINT('',(-114.9915224684,1.194587129087,128.));
#11339 = CARTESIAN_POINT('',(-115.1284244985,1.111898010777,128.));
#11340 = CARTESIAN_POINT('',(-115.257038469,1.018682559072,128.));
#11341 = CARTESIAN_POINT('',(-115.4126044882,0.881379315835,128.));
#11342 = CARTESIAN_POINT('',(-115.4492068987,0.846993924904,128.));
#11343 = CARTESIAN_POINT('',(-115.4846042913,0.811514506702,128.));
#11344 = CARTESIAN_POINT('',(-115.5186969952,0.774943992442,128.));
#11345 = CARTESIAN_POINT('',(-115.5513739081,0.737290593719,128.));
#11346 = CARTESIAN_POINT('',(-115.5825139445,0.698569117125,128.));
#11347 = CARTESIAN_POINT('',(-115.6356539738,0.626870536435,128.));
#11348 = CARTESIAN_POINT('',(-115.6582450776,0.594265941888,128.));
#11349 = CARTESIAN_POINT('',(-115.6796934359,0.561001416023,128.));
#11350 = CARTESIAN_POINT('',(-115.6999266382,0.527095258078,128.));
#11351 = CARTESIAN_POINT('',(-115.7188694856,0.492572175717,128.));
#11352 = CARTESIAN_POINT('',(-115.7364462536,0.457464315004,128.));
#11353 = CARTESIAN_POINT('',(-115.7612661624,0.402627829338,128.));
#11354 = CARTESIAN_POINT('',(-115.7695324466,0.383285926986,128.));
#11355 = CARTESIAN_POINT('',(-115.7773700601,0.363793028724,128.));
#11356 = CARTESIAN_POINT('',(-115.7847677148,0.344156348129,128.));
#11357 = CARTESIAN_POINT('',(-115.7917145824,0.324383866955,128.));
#11358 = CARTESIAN_POINT('',(-115.7982002942,0.304484335135,128.));
#11359 = CARTESIAN_POINT('',(-115.8159934769,0.245267679493,128.));
#11360 = CARTESIAN_POINT('',(-115.8259667423,0.205614339156,128.));
#11361 = CARTESIAN_POINT('',(-115.8340600576,0.165583420236,128.));
#11362 = CARTESIAN_POINT('',(-115.8402121954,0.125258078295,128.));
#11363 = CARTESIAN_POINT('',(-115.8443787523,8.472842067634E-02,128.));
#11364 = CARTESIAN_POINT('',(-115.8465355199,4.409147319362E-02,128.));
#11365 = CARTESIAN_POINT('',(-115.8469064339,-5.891903136867E-02,128.));
#11366 = CARTESIAN_POINT('',(-115.8423960356,-0.121318033632,128.));
#11367 = CARTESIAN_POINT('',(-115.8331424444,-0.183354140253,128.));
#11368 = CARTESIAN_POINT('',(-115.8192766661,-0.24468630151,128.));
#11369 = CARTESIAN_POINT('',(-115.8010287704,-0.305022686899,128.));
#11370 = CARTESIAN_POINT('',(-115.7786935521,-0.364118090506,128.));
#11371 = CARTESIAN_POINT('',(-115.7364690088,-0.457417808475,128.));
#11372 = CARTESIAN_POINT('',(-115.7188962807,-0.492521447054,128.));
#11373 = CARTESIAN_POINT('',(-115.699957779,-0.527040504241,128.));
#11374 = CARTESIAN_POINT('',(-115.6797291968,-0.560942840635,128.));
#11375 = CARTESIAN_POINT('',(-115.658285703,-0.594203752115,128.));
#11376 = CARTESIAN_POINT('',(-115.6356996814,-0.626804940496,128.));
#11377 = CARTESIAN_POINT('',(-115.5825716684,-0.698496112948,128.));
#11378 = CARTESIAN_POINT('',(-115.5514386912,-0.737213714861,128.));
#11379 = CARTESIAN_POINT('',(-115.5187691112,-0.774863571652,128.));
#11380 = CARTESIAN_POINT('',(-115.4846839737,-0.811430873609,128.));
#11381 = CARTESIAN_POINT('',(-115.449294347,-0.846907405302,128.));
#11382 = CARTESIAN_POINT('',(-115.4126998739,-0.881290231314,128.));
#11383 = CARTESIAN_POINT('',(-115.2571558016,-1.018594272672,128.));
#11384 = CARTESIAN_POINT('',(-115.1285550317,-1.111813789226,128.));
#11385 = CARTESIAN_POINT('',(-114.991665629,-1.194507918999,128.));
#11386 = CARTESIAN_POINT('',(-114.8483111513,-1.266640613149,128.));
#11387 = CARTESIAN_POINT('',(-114.6999761861,-1.328148616637,128.));
#11388 = CARTESIAN_POINT('',(-114.5477965539,-1.378916549728,128.));
#11389 = CARTESIAN_POINT('',(-114.3373529722,-1.432850903954,128.));
#11390 = CARTESIAN_POINT('',(-114.2817456089,-1.445611457056,128.));
#11391 = CARTESIAN_POINT('',(-114.2258258808,-1.456961147843,128.));
#11392 = CARTESIAN_POINT('',(-114.1696423937,-1.466885843051,128.));
#11393 = CARTESIAN_POINT('',(-114.1132439677,-1.475370015734,128.));
#11394 = CARTESIAN_POINT('',(-114.056679862,-1.482397103977,128.));
#11395 = CARTESIAN_POINT('',(-114.,-1.487949869621,128.));
#11396 = PCURVE('',#9248,#11397);
#11397 = DEFINITIONAL_REPRESENTATION('',(#11398),#11467);
#11398 = B_SPLINE_CURVE_WITH_KNOTS('',7,(#11399,#11400,#11401,#11402,
    #11403,#11404,#11405,#11406,#11407,#11408,#11409,#11410,#11411,
    #11412,#11413,#11414,#11415,#11416,#11417,#11418,#11419,#11420,
    #11421,#11422,#11423,#11424,#11425,#11426,#11427,#11428,#11429,
    #11430,#11431,#11432,#11433,#11434,#11435,#11436,#11437,#11438,
    #11439,#11440,#11441,#11442,#11443,#11444,#11445,#11446,#11447,
    #11448,#11449,#11450,#11451,#11452,#11453,#11454,#11455,#11456,
    #11457,#11458,#11459,#11460,#11461,#11462,#11463,#11464,#11465,
    #11466),.UNSPECIFIED.,.F.,.F.,(8,6,6,6,6,6,6,6,6,6,6,8),(0.,
    7.584713847943E-02,0.289029734113,0.357266463303,0.412058791714,
    0.441542707446,0.499281316129,0.587892004899,0.642682024517,
    0.710915490876,0.924108527562,1.),.UNSPECIFIED.);
#11399 = CARTESIAN_POINT('',(2.265534602992,1.697636378257));
#11400 = CARTESIAN_POINT('',(2.270178229646,1.726885656865));
#11401 = CARTESIAN_POINT('',(2.274872754523,1.756070456193));
#11402 = CARTESIAN_POINT('',(2.279614733681,1.785202804465));
#11403 = CARTESIAN_POINT('',(2.284400457216,1.814294911697));
#11404 = CARTESIAN_POINT('',(2.289225915319,1.843359471189));
#11405 = CARTESIAN_POINT('',(2.294086764338,1.872409961029));
#11406 = CARTESIAN_POINT('',(2.312726850315,1.98311418154));
#11407 = CARTESIAN_POINT('',(2.326702817611,2.064682244693));
#11408 = CARTESIAN_POINT('',(2.340821828985,2.146617326357));
#11409 = CARTESIAN_POINT('',(2.354954059571,2.229278231356));
#11410 = CARTESIAN_POINT('',(2.368908629242,2.313041834892));
#11411 = CARTESIAN_POINT('',(2.3824221869,2.398319959791));
#11412 = CARTESIAN_POINT('',(2.39918876597,2.513811983812));
#11413 = CARTESIAN_POINT('',(2.40316936405,2.542031205794));
#11414 = CARTESIAN_POINT('',(2.407052316423,2.570483105135));
#11415 = CARTESIAN_POINT('',(2.410822970927,2.599182638626));
#11416 = CARTESIAN_POINT('',(2.414464998585,2.628142516833));
#11417 = CARTESIAN_POINT('',(2.417960576295,2.657373211954));
#11418 = CARTESIAN_POINT('',(2.42396446795,2.710578534581));
#11419 = CARTESIAN_POINT('',(2.426531504212,2.734453172332));
#11420 = CARTESIAN_POINT('',(2.42898176711,2.758510273705));
#11421 = CARTESIAN_POINT('',(2.431304625868,2.782750859713));
#11422 = CARTESIAN_POINT('',(2.433489058597,2.80717317993));
#11423 = CARTESIAN_POINT('',(2.435523980738,2.831772314807));
#11424 = CARTESIAN_POINT('',(2.438407297501,2.86986722398));
#11425 = CARTESIAN_POINT('',(2.439369607168,2.883243320973));
#11426 = CARTESIAN_POINT('',(2.440283786889,2.896666658692));
#11427 = CARTESIAN_POINT('',(2.441148189253,2.910135484726));
#11428 = CARTESIAN_POINT('',(2.441961235072,2.923647704537));
#11429 = CARTESIAN_POINT('',(2.442721413384,2.937200881456));
#11430 = CARTESIAN_POINT('',(2.444809589018,2.977408305877));
#11431 = CARTESIAN_POINT('',(2.445983780223,3.00417285299));
#11432 = CARTESIAN_POINT('',(2.44693901563,3.031061663594));
#11433 = CARTESIAN_POINT('',(2.447666395844,3.058048633458));
#11434 = CARTESIAN_POINT('',(2.448159461449,3.085104948441));
#11435 = CARTESIAN_POINT('',(2.448414692948,3.112198264387));
#11436 = CARTESIAN_POINT('',(2.448458588046,3.180872115859));
#11437 = CARTESIAN_POINT('',(2.447924824879,3.222466898896));
#11438 = CARTESIAN_POINT('',(2.446829590813,3.263932619285));
#11439 = CARTESIAN_POINT('',(2.445191700979,3.305159522427));
#11440 = CARTESIAN_POINT('',(2.443044722281,3.346060821092));
#11441 = CARTESIAN_POINT('',(2.440431840315,3.386565709156));
#11442 = CARTESIAN_POINT('',(2.435526617145,3.451380472196));
#11443 = CARTESIAN_POINT('',(2.43349215348,3.47597638681));
#11444 = CARTESIAN_POINT('',(2.431308209955,3.500395541934));
#11445 = CARTESIAN_POINT('',(2.428985866496,3.524633017118));
#11446 = CARTESIAN_POINT('',(2.426536140626,3.548687059794));
#11447 = CARTESIAN_POINT('',(2.423969659165,3.572558687764));
#11448 = CARTESIAN_POINT('',(2.417967064454,3.625757185354));
#11449 = CARTESIAN_POINT('',(2.414472238562,3.654984094035));
#11450 = CARTESIAN_POINT('',(2.410830979894,3.683940250706));
#11451 = CARTESIAN_POINT('',(2.407061105633,3.712636119243));
#11452 = CARTESIAN_POINT('',(2.403178939778,3.741084402008));
#11453 = CARTESIAN_POINT('',(2.399199130416,3.769300047427));
#11454 = CARTESIAN_POINT('',(2.382434570857,3.884785917431));
#11455 = CARTESIAN_POINT('',(2.368922074633,3.970061325943));
#11456 = CARTESIAN_POINT('',(2.354968410434,4.053822020176));
#11457 = CARTESIAN_POINT('',(2.340836947315,4.136479792256));
#11458 = CARTESIAN_POINT('',(2.32671857754,4.218411491656));
#11459 = CARTESIAN_POINT('',(2.312743133904,4.299975910923));
#11460 = CARTESIAN_POINT('',(2.294100981829,4.410690377238));
#11461 = CARTESIAN_POINT('',(2.289237676942,4.439754994344));
#11462 = CARTESIAN_POINT('',(2.284409788993,4.468833668619));
#11463 = CARTESIAN_POINT('',(2.279621668515,4.497939898807));
#11464 = CARTESIAN_POINT('',(2.274877331479,4.52708639719));
#11465 = CARTESIAN_POINT('',(2.270180493326,4.556285391848));
#11466 = CARTESIAN_POINT('',(2.265534602992,4.585548928922));
#11467 = ( GEOMETRIC_REPRESENTATION_CONTEXT(2) 
PARAMETRIC_REPRESENTATION_CONTEXT() REPRESENTATION_CONTEXT('2D SPACE',''
  ) );
#11468 = PCURVE('',#10737,#11469);
#11469 = DEFINITIONAL_REPRESENTATION('',(#11470),#11539);
#11470 = B_SPLINE_CURVE_WITH_KNOTS('',7,(#11471,#11472,#11473,#11474,
    #11475,#11476,#11477,#11478,#11479,#11480,#11481,#11482,#11483,
    #11484,#11485,#11486,#11487,#11488,#11489,#11490,#11491,#11492,
    #11493,#11494,#11495,#11496,#11497,#11498,#11499,#11500,#11501,
    #11502,#11503,#11504,#11505,#11506,#11507,#11508,#11509,#11510,
    #11511,#11512,#11513,#11514,#11515,#11516,#11517,#11518,#11519,
    #11520,#11521,#11522,#11523,#11524,#11525,#11526,#11527,#11528,
    #11529,#11530,#11531,#11532,#11533,#11534,#11535,#11536,#11537,
    #11538),.UNSPECIFIED.,.F.,.F.,(8,6,6,6,6,6,6,6,6,6,6,8),(0.,
    7.584713847943E-02,0.289029734113,0.357266463303,0.412058791714,
    0.441542707446,0.499281316129,0.587892004899,0.642682024517,
    0.710915490876,0.924108527562,1.),.UNSPECIFIED.);
#11471 = CARTESIAN_POINT('',(6.,1.487949869621));
#11472 = CARTESIAN_POINT('',(5.943347754812,1.482399809526));
#11473 = CARTESIAN_POINT('',(5.88681115279,1.475376863117));
#11474 = CARTESIAN_POINT('',(5.830440044806,1.466898243453));
#11475 = CARTESIAN_POINT('',(5.774283618693,1.456980488611));
#11476 = CARTESIAN_POINT('',(5.718390623551,1.445639103841));
#11477 = CARTESIAN_POINT('',(5.662809594056,1.432888203712));
#11478 = CARTESIAN_POINT('',(5.452381457553,1.378974410131));
#11479 = CARTESIAN_POINT('',(5.300190735308,1.328214739429));
#11480 = CARTESIAN_POINT('',(5.151844136316,1.266713816016));
#11481 = CARTESIAN_POINT('',(5.008477531511,1.194587129087));
#11482 = CARTESIAN_POINT('',(4.87157550141,1.111898010777));
#11483 = CARTESIAN_POINT('',(4.742961530956,1.018682559072));
#11484 = CARTESIAN_POINT('',(4.587395511742,0.881379315835));
#11485 = CARTESIAN_POINT('',(4.550793101291,0.846993924904));
#11486 = CARTESIAN_POINT('',(4.515395708698,0.811514506702));
#11487 = CARTESIAN_POINT('',(4.48130300477,0.774943992442));
#11488 = CARTESIAN_POINT('',(4.448626091862,0.737290593719));
#11489 = CARTESIAN_POINT('',(4.417486055495,0.698569117125));
#11490 = CARTESIAN_POINT('',(4.364346026118,0.626870536435));
#11491 = CARTESIAN_POINT('',(4.341754922314,0.594265941888));
#11492 = CARTESIAN_POINT('',(4.320306564029,0.561001416023));
#11493 = CARTESIAN_POINT('',(4.300073361779,0.527095258078));
#11494 = CARTESIAN_POINT('',(4.281130514397,0.492572175717));
#11495 = CARTESIAN_POINT('',(4.263553746315,0.457464315004));
#11496 = CARTESIAN_POINT('',(4.238733837559,0.402627829338));
#11497 = CARTESIAN_POINT('',(4.230467553339,0.383285926986));
#11498 = CARTESIAN_POINT('',(4.222629939871,0.363793028724));
#11499 = CARTESIAN_POINT('',(4.215232285162,0.344156348129));
#11500 = CARTESIAN_POINT('',(4.208285417555,0.324383866955));
#11501 = CARTESIAN_POINT('',(4.201799705728,0.304484335135));
#11502 = CARTESIAN_POINT('',(4.184006523079,0.245267679493));
#11503 = CARTESIAN_POINT('',(4.174033257618,0.205614339156));
#11504 = CARTESIAN_POINT('',(4.165939942392,0.165583420236));
#11505 = CARTESIAN_POINT('',(4.159787804597,0.125258078295));
#11506 = CARTESIAN_POINT('',(4.155621247609,8.472842067634E-02));
#11507 = CARTESIAN_POINT('',(4.153464480038,4.409147319362E-02));
#11508 = CARTESIAN_POINT('',(4.153093566007,-5.891903136867E-02));
#11509 = CARTESIAN_POINT('',(4.157603964383,-0.121318033632));
#11510 = CARTESIAN_POINT('',(4.166857555507,-0.183354140253));
#11511 = CARTESIAN_POINT('',(4.180723333847,-0.24468630151));
#11512 = CARTESIAN_POINT('',(4.198971229517,-0.305022686899));
#11513 = CARTESIAN_POINT('',(4.221306447833,-0.364118090506));
#11514 = CARTESIAN_POINT('',(4.263530991197,-0.457417808475));
#11515 = CARTESIAN_POINT('',(4.281103719279,-0.492521447054));
#11516 = CARTESIAN_POINT('',(4.300042220906,-0.527040504241));
#11517 = CARTESIAN_POINT('',(4.32027080317,-0.560942840635));
#11518 = CARTESIAN_POINT('',(4.341714296941,-0.594203752115));
#11519 = CARTESIAN_POINT('',(4.364300318518,-0.626804940496));
#11520 = CARTESIAN_POINT('',(4.417428331579,-0.698496112948));
#11521 = CARTESIAN_POINT('',(4.448561308745,-0.737213714861));
#11522 = CARTESIAN_POINT('',(4.481230888775,-0.774863571652));
#11523 = CARTESIAN_POINT('',(4.51531602629,-0.811430873609));
#11524 = CARTESIAN_POINT('',(4.550705652981,-0.846907405302));
#11525 = CARTESIAN_POINT('',(4.587300126043,-0.881290231314));
#11526 = CARTESIAN_POINT('',(4.742844198354,-1.018594272672));
#11527 = CARTESIAN_POINT('',(4.871444968273,-1.111813789226));
#11528 = CARTESIAN_POINT('',(5.008334370911,-1.194507918999));
#11529 = CARTESIAN_POINT('',(5.151688848647,-1.266640613149));
#11530 = CARTESIAN_POINT('',(5.300023813864,-1.328148616637));
#11531 = CARTESIAN_POINT('',(5.452203446072,-1.378916549728));
#11532 = CARTESIAN_POINT('',(5.662647027734,-1.432850903954));
#11533 = CARTESIAN_POINT('',(5.718254391084,-1.445611457056));
#11534 = CARTESIAN_POINT('',(5.774174119191,-1.456961147843));
#11535 = CARTESIAN_POINT('',(5.830357606267,-1.466885843051));
#11536 = CARTESIAN_POINT('',(5.886756032251,-1.475370015734));
#11537 = CARTESIAN_POINT('',(5.943320137919,-1.482397103977));
#11538 = CARTESIAN_POINT('',(6.,-1.487949869621));
#11539 = ( GEOMETRIC_REPRESENTATION_CONTEXT(2) 
PARAMETRIC_REPRESENTATION_CONTEXT() REPRESENTATION_CONTEXT('2D SPACE',''
  ) );
#11540 = ORIENTED_EDGE('',*,*,#11541,.T.);
#11541 = EDGE_CURVE('',#11324,#10920,#11542,.T.);
#11542 = SURFACE_CURVE('',#11543,(#11574,#11608),.PCURVE_S1.);
#11543 = B_SPLINE_CURVE_WITH_KNOTS('',8,(#11544,#11545,#11546,#11547,
    #11548,#11549,#11550,#11551,#11552,#11553,#11554,#11555,#11556,
    #11557,#11558,#11559,#11560,#11561,#11562,#11563,#11564,#11565,
    #11566,#11567,#11568,#11569,#11570,#11571,#11572,#11573),
  .UNSPECIFIED.,.F.,.F.,(9,7,7,7,9),(0.,0.167870824113,0.5938456973,
    0.766816668086,1.),.UNSPECIFIED.);
#11544 = CARTESIAN_POINT('',(-115.1233725893,-1.103859183798,128.0000006
    ));
#11545 = CARTESIAN_POINT('',(-115.1318498311,-1.141309929478,
    127.93487366554));
#11546 = CARTESIAN_POINT('',(-115.1401830647,-1.176598103653,
    127.86896889876));
#11547 = CARTESIAN_POINT('',(-115.148326976,-1.209820762257,
    127.80238721522));
#11548 = CARTESIAN_POINT('',(-115.1562377446,-1.24104072886,
    127.73521142007));
#11549 = CARTESIAN_POINT('',(-115.1638725076,-1.270297016735,
    127.66751069833));
#11550 = CARTESIAN_POINT('',(-115.1711889906,-1.29761162922,
    127.5993436632));
#11551 = CARTESIAN_POINT('',(-115.1781453069,-1.322992738364,
    127.53075996248));
#11552 = CARTESIAN_POINT('',(-115.2013323648,-1.405917428036,
    127.28681457124));
#11553 = CARTESIAN_POINT('',(-115.2153557459,-1.452831657388,
    127.10964558662));
#11554 = CARTESIAN_POINT('',(-115.2261240839,-1.487216400184,
    126.93075486008));
#11555 = CARTESIAN_POINT('',(-115.2329434363,-1.508297289201,
    126.75074879124));
#11556 = CARTESIAN_POINT('',(-115.2351103885,-1.51494289315,
    126.57047573323));
#11557 = CARTESIAN_POINT('',(-115.2320175329,-1.50560092611,
    126.39105298016));
#11558 = CARTESIAN_POINT('',(-115.2233431857,-1.478505523389,
    126.21388573389));
#11559 = CARTESIAN_POINT('',(-115.2035067106,-1.412109277659,
    125.97047469778));
#11560 = CARTESIAN_POINT('',(-115.1968869293,-1.38963119299,
    125.90090265394));
#11561 = CARTESIAN_POINT('',(-115.1893892906,-1.363705128305,
    125.83219255153));
#11562 = CARTESIAN_POINT('',(-115.1810442563,-1.334182576631,
    125.76451435931));
#11563 = CARTESIAN_POINT('',(-115.1719027509,-1.300916502106,
    125.69806850829));
#11564 = CARTESIAN_POINT('',(-115.1620394651,-1.263766695651,
    125.63308512817));
#11565 = CARTESIAN_POINT('',(-115.1515561583,-1.222605130646,
    125.5698232838));
#11566 = CARTESIAN_POINT('',(-115.1257946178,-1.116273906291,
    125.42599453204));
#11567 = CARTESIAN_POINT('',(-115.1101161304,-1.047730503387,
    125.34706472681));
#11568 = CARTESIAN_POINT('',(-115.0938735072,-0.971429790177,
    125.27250007008));
#11569 = CARTESIAN_POINT('',(-115.0775022323,-0.887236330336,
    125.20320615289));
#11570 = CARTESIAN_POINT('',(-115.0615584326,-0.795224802404,
    125.14020824761));
#11571 = CARTESIAN_POINT('',(-115.0466973483,-0.695748145909,
    125.0846142989));
#11572 = CARTESIAN_POINT('',(-115.0336065473,-0.589524256692,
    125.03754887348));
#11573 = CARTESIAN_POINT('',(-115.0228793241,-0.477775865992,124.9999994
    ));
#11574 = PCURVE('',#9248,#11575);
#11575 = DEFINITIONAL_REPRESENTATION('',(#11576),#11607);
#11576 = B_SPLINE_CURVE_WITH_KNOTS('',8,(#11577,#11578,#11579,#11580,
    #11581,#11582,#11583,#11584,#11585,#11586,#11587,#11588,#11589,
    #11590,#11591,#11592,#11593,#11594,#11595,#11596,#11597,#11598,
    #11599,#11600,#11601,#11602,#11603,#11604,#11605,#11606),
  .UNSPECIFIED.,.F.,.F.,(9,7,7,7,9),(0.,0.167870824113,0.5938456973,
    0.766816668086,1.),.UNSPECIFIED.);
#11577 = CARTESIAN_POINT('',(2.368685148756,3.968596635888));
#11578 = CARTESIAN_POINT('',(2.376064710258,4.005471202634));
#11579 = CARTESIAN_POINT('',(2.383408966428,4.041905425076));
#11580 = CARTESIAN_POINT('',(2.390700008961,4.078000809166));
#11581 = CARTESIAN_POINT('',(2.39792286378,4.113839469689));
#11582 = CARTESIAN_POINT('',(2.405064814739,4.149491354762));
#11583 = CARTESIAN_POINT('',(2.412114918782,4.185019464832));
#11584 = CARTESIAN_POINT('',(2.419063712543,4.220483066205));
#11585 = CARTESIAN_POINT('',(2.443258190717,4.345908636172));
#11586 = CARTESIAN_POINT('',(2.459885381374,4.435707461439));
#11587 = CARTESIAN_POINT('',(2.475677345872,4.526377126444));
#11588 = CARTESIAN_POINT('',(2.490526769006,4.618619193831));
#11589 = CARTESIAN_POINT('',(2.504326461881,4.713057130218));
#11590 = CARTESIAN_POINT('',(2.516986246725,4.810310292837));
#11591 = CARTESIAN_POINT('',(2.52844831573,4.911030671489));
#11592 = CARTESIAN_POINT('',(2.542850741339,5.058970684951));
#11593 = CARTESIAN_POINT('',(2.546805845271,5.102402290908));
#11594 = CARTESIAN_POINT('',(2.550554532039,5.146596623791));
#11595 = CARTESIAN_POINT('',(2.554094828743,5.191603550261));
#11596 = CARTESIAN_POINT('',(2.557425299665,5.237469683177));
#11597 = CARTESIAN_POINT('',(2.56054534542,5.284240324526));
#11598 = CARTESIAN_POINT('',(2.563455502113,5.331961408343));
#11599 = CARTESIAN_POINT('',(2.56980064626,5.44636125169));
#11600 = CARTESIAN_POINT('',(2.57306581095,5.513861136177));
#11601 = CARTESIAN_POINT('',(2.575956954994,5.583288192481));
#11602 = CARTESIAN_POINT('',(2.578477741996,5.654691630049));
#11603 = CARTESIAN_POINT('',(2.580636374455,5.728063531039));
#11604 = CARTESIAN_POINT('',(2.582444606283,5.803349444238));
#11605 = CARTESIAN_POINT('',(2.583914040967,5.880428215666));
#11606 = CARTESIAN_POINT('',(2.585052584263,5.95902045728));
#11607 = ( GEOMETRIC_REPRESENTATION_CONTEXT(2) 
PARAMETRIC_REPRESENTATION_CONTEXT() REPRESENTATION_CONTEXT('2D SPACE',''
  ) );
#11608 = PCURVE('',#10552,#11609);
#11609 = DEFINITIONAL_REPRESENTATION('',(#11610),#11641);
#11610 = B_SPLINE_CURVE_WITH_KNOTS('',8,(#11611,#11612,#11613,#11614,
    #11615,#11616,#11617,#11618,#11619,#11620,#11621,#11622,#11623,
    #11624,#11625,#11626,#11627,#11628,#11629,#11630,#11631,#11632,
    #11633,#11634,#11635,#11636,#11637,#11638,#11639,#11640),
  .UNSPECIFIED.,.F.,.F.,(9,7,7,7,9),(0.,0.167870824113,0.5938456973,
    0.766816668086,1.),.UNSPECIFIED.);
#11611 = CARTESIAN_POINT('',(6.060579544199,3.0000006));
#11612 = CARTESIAN_POINT('',(6.052899903635,2.934873665542));
#11613 = CARTESIAN_POINT('',(6.045648463085,2.868968898769));
#11614 = CARTESIAN_POINT('',(6.03880760482,2.802387215222));
#11615 = CARTESIAN_POINT('',(6.03236663475,2.73521142007));
#11616 = CARTESIAN_POINT('',(6.026319686168,2.667510698332));
#11617 = CARTESIAN_POINT('',(6.020664343729,2.599343663204));
#11618 = CARTESIAN_POINT('',(6.015400987685,2.530759962488));
#11619 = CARTESIAN_POINT('',(5.998179903154,2.286814571246));
#11620 = CARTESIAN_POINT('',(5.988388397274,2.10964558662));
#11621 = CARTESIAN_POINT('',(5.981182656162,1.930754860089));
#11622 = CARTESIAN_POINT('',(5.976751330772,1.750748791248));
#11623 = CARTESIAN_POINT('',(5.975353010756,1.570475733236));
#11624 = CARTESIAN_POINT('',(5.977321735362,1.391052980168));
#11625 = CARTESIAN_POINT('',(5.983010663053,1.213885733897));
#11626 = CARTESIAN_POINT('',(5.996869879763,0.970474697789));
#11627 = CARTESIAN_POINT('',(6.001556337592,0.900902653946));
#11628 = CARTESIAN_POINT('',(6.006953938025,0.832192551531));
#11629 = CARTESIAN_POINT('',(6.013089581745,0.764514359313));
#11630 = CARTESIAN_POINT('',(6.019988988271,0.698068508296));
#11631 = CARTESIAN_POINT('',(6.027675734494,0.633085128177));
#11632 = CARTESIAN_POINT('',(6.036170293207,0.569823283804));
#11633 = CARTESIAN_POINT('',(6.058051779666,0.425994532047));
#11634 = CARTESIAN_POINT('',(6.072113367529,0.347064726817));
#11635 = CARTESIAN_POINT('',(6.08771233443,0.27250007008));
#11636 = CARTESIAN_POINT('',(6.104860704249,0.203206152899));
#11637 = CARTESIAN_POINT('',(6.123528379179,0.14020824761));
#11638 = CARTESIAN_POINT('',(6.143633965112,8.461429890887E-02));
#11639 = CARTESIAN_POINT('',(6.165031700133,3.754887348109E-02));
#11640 = CARTESIAN_POINT('',(6.1874841175,-6.E-07));
#11641 = ( GEOMETRIC_REPRESENTATION_CONTEXT(2) 
PARAMETRIC_REPRESENTATION_CONTEXT() REPRESENTATION_CONTEXT('2D SPACE',''
  ) );
#11642 = ORIENTED_EDGE('',*,*,#10943,.F.);
#11643 = ORIENTED_EDGE('',*,*,#9328,.T.);
#11644 = ORIENTED_EDGE('',*,*,#11645,.F.);
#11645 = EDGE_CURVE('',#10163,#9199,#11646,.T.);
#11646 = SEAM_CURVE('',#11647,(#11652,#11659),.PCURVE_S1.);
#11647 = CIRCLE('',#11648,9.5);
#11648 = AXIS2_PLACEMENT_3D('',#11649,#11650,#11651);
#11649 = CARTESIAN_POINT('',(-120.,-3.673940397442E-16,133.));
#11650 = DIRECTION('',(0.,1.,0.));
#11651 = DIRECTION('',(0.,-0.,1.));
#11652 = PCURVE('',#9248,#11653);
#11653 = DEFINITIONAL_REPRESENTATION('',(#11654),#11658);
#11654 = LINE('',#11655,#11656);
#11655 = CARTESIAN_POINT('',(0.,6.28318530718));
#11656 = VECTOR('',#11657,1.);
#11657 = DIRECTION('',(1.,0.));
#11658 = ( GEOMETRIC_REPRESENTATION_CONTEXT(2) 
PARAMETRIC_REPRESENTATION_CONTEXT() REPRESENTATION_CONTEXT('2D SPACE',''
  ) );
#11659 = PCURVE('',#9248,#11660);
#11660 = DEFINITIONAL_REPRESENTATION('',(#11661),#11665);
#11661 = LINE('',#11662,#11663);
#11662 = CARTESIAN_POINT('',(0.,0.));
#11663 = VECTOR('',#11664,1.);
#11664 = DIRECTION('',(1.,0.));
#11665 = ( GEOMETRIC_REPRESENTATION_CONTEXT(2) 
PARAMETRIC_REPRESENTATION_CONTEXT() REPRESENTATION_CONTEXT('2D SPACE',''
  ) );
#11666 = ORIENTED_EDGE('',*,*,#10186,.F.);
#11667 = ORIENTED_EDGE('',*,*,#11645,.T.);
#11668 = ORIENTED_EDGE('',*,*,#9198,.T.);
#11669 = ADVANCED_FACE('',(#11670),#9315,.F.);
#11670 = FACE_BOUND('',#11671,.T.);
#11671 = EDGE_LOOP('',(#11672));
#11672 = ORIENTED_EDGE('',*,*,#9300,.F.);
#11673 = ADVANCED_FACE('',(#11674),#9874,.T.);
#11674 = FACE_BOUND('',#11675,.T.);
#11675 = EDGE_LOOP('',(#11676,#11698,#11699,#11700));
#11676 = ORIENTED_EDGE('',*,*,#11677,.F.);
#11677 = EDGE_CURVE('',#11220,#10592,#11678,.T.);
#11678 = SURFACE_CURVE('',#11679,(#11684,#11691),.PCURVE_S1.);
#11679 = CIRCLE('',#11680,5.);
#11680 = AXIS2_PLACEMENT_3D('',#11681,#11682,#11683);
#11681 = CARTESIAN_POINT('',(-120.,0.,128.));
#11682 = DIRECTION('',(0.,0.,1.));
#11683 = DIRECTION('',(1.,0.,-0.));
#11684 = PCURVE('',#9874,#11685);
#11685 = DEFINITIONAL_REPRESENTATION('',(#11686),#11690);
#11686 = LINE('',#11687,#11688);
#11687 = CARTESIAN_POINT('',(0.,3.));
#11688 = VECTOR('',#11689,1.);
#11689 = DIRECTION('',(1.,0.));
#11690 = ( GEOMETRIC_REPRESENTATION_CONTEXT(2) 
PARAMETRIC_REPRESENTATION_CONTEXT() REPRESENTATION_CONTEXT('2D SPACE',''
  ) );
#11691 = PCURVE('',#10737,#11692);
#11692 = DEFINITIONAL_REPRESENTATION('',(#11693),#11697);
#11693 = CIRCLE('',#11694,5.);
#11694 = AXIS2_PLACEMENT_2D('',#11695,#11696);
#11695 = CARTESIAN_POINT('',(0.,0.));
#11696 = DIRECTION('',(1.,0.));
#11697 = ( GEOMETRIC_REPRESENTATION_CONTEXT(2) 
PARAMETRIC_REPRESENTATION_CONTEXT() REPRESENTATION_CONTEXT('2D SPACE',''
  ) );
#11698 = ORIENTED_EDGE('',*,*,#11219,.F.);
#11699 = ORIENTED_EDGE('',*,*,#9857,.T.);
#11700 = ORIENTED_EDGE('',*,*,#10814,.T.);
#11701 = ADVANCED_FACE('',(#11702),#10737,.T.);
#11702 = FACE_BOUND('',#11703,.T.);
#11703 = EDGE_LOOP('',(#11704,#11705,#11706,#11707));
#11704 = ORIENTED_EDGE('',*,*,#11323,.F.);
#11705 = ORIENTED_EDGE('',*,*,#11677,.T.);
#11706 = ORIENTED_EDGE('',*,*,#10591,.T.);
#11707 = ORIENTED_EDGE('',*,*,#11708,.T.);
#11708 = EDGE_CURVE('',#10483,#11324,#11709,.T.);
#11709 = SURFACE_CURVE('',#11710,(#11715,#11722),.PCURVE_S1.);
#11710 = CIRCLE('',#11711,5.);
#11711 = AXIS2_PLACEMENT_3D('',#11712,#11713,#11714);
#11712 = CARTESIAN_POINT('',(-120.,0.,128.));
#11713 = DIRECTION('',(0.,0.,1.));
#11714 = DIRECTION('',(1.,0.,-0.));
#11715 = PCURVE('',#10737,#11716);
#11716 = DEFINITIONAL_REPRESENTATION('',(#11717),#11721);
#11717 = CIRCLE('',#11718,5.);
#11718 = AXIS2_PLACEMENT_2D('',#11719,#11720);
#11719 = CARTESIAN_POINT('',(0.,0.));
#11720 = DIRECTION('',(1.,0.));
#11721 = ( GEOMETRIC_REPRESENTATION_CONTEXT(2) 
PARAMETRIC_REPRESENTATION_CONTEXT() REPRESENTATION_CONTEXT('2D SPACE',''
  ) );
#11722 = PCURVE('',#10552,#11723);
#11723 = DEFINITIONAL_REPRESENTATION('',(#11724),#11728);
#11724 = LINE('',#11725,#11726);
#11725 = CARTESIAN_POINT('',(0.,3.));
#11726 = VECTOR('',#11727,1.);
#11727 = DIRECTION('',(1.,0.));
#11728 = ( GEOMETRIC_REPRESENTATION_CONTEXT(2) 
PARAMETRIC_REPRESENTATION_CONTEXT() REPRESENTATION_CONTEXT('2D SPACE',''
  ) );
#11729 = ADVANCED_FACE('',(#11730),#10552,.T.);
#11730 = FACE_BOUND('',#11731,.T.);
#11731 = EDGE_LOOP('',(#11732,#11733,#11734,#11735));
#11732 = ORIENTED_EDGE('',*,*,#11541,.F.);
#11733 = ORIENTED_EDGE('',*,*,#11708,.F.);
#11734 = ORIENTED_EDGE('',*,*,#10482,.T.);
#11735 = ORIENTED_EDGE('',*,*,#10919,.T.);
#11736 = ( GEOMETRIC_REPRESENTATION_CONTEXT(3) 
GLOBAL_UNCERTAINTY_ASSIGNED_CONTEXT((#11740)) 
GLOBAL_UNIT_ASSIGNED_CONTEXT((#11737,#11738,#11739)) 
REPRESENTATION_CONTEXT('Context #1',
  '3D Context with UNIT and UNCERTAINTY') );
#11737 = ( LENGTH_UNIT() NAMED_UNIT(*) SI_UNIT(.MILLI.,.METRE.) );
#11738 = ( NAMED_UNIT(*) PLANE_ANGLE_UNIT() SI_UNIT($,.RADIAN.) );
#11739 = ( NAMED_UNIT(*) SI_UNIT($,.STERADIAN.) SOLID_ANGLE_UNIT() );
#11740 = UNCERTAINTY_MEASURE_WITH_UNIT(LENGTH_MEASURE(5.E-07),#11737,
  'distance_accuracy_value','confusion accuracy');
#11741 = CONTEXT_DEPENDENT_SHAPE_REPRESENTATION(#11742,#11744);
#11742 = ( REPRESENTATION_RELATIONSHIP('','',#9155,#6108) 
REPRESENTATION_RELATIONSHIP_WITH_TRANSFORMATION(#11743) 
SHAPE_REPRESENTATION_RELATIONSHIP() );
#11743 = ITEM_DEFINED_TRANSFORMATION('','',#11,#6121);
#11744 = PRODUCT_DEFINITION_SHAPE('Placement','Placement of an item',
  #11745);
#11745 = NEXT_ASSEMBLY_USAGE_OCCURRENCE('48',
  'V3_DIVER_PULL_PIN_1_ISOLATED_316','',#6103,#9150,$);
#11746 = PRODUCT_RELATED_PRODUCT_CATEGORY('part',$,(#9152));
#11747 = SHAPE_DEFINITION_REPRESENTATION(#11748,#11754);
#11748 = PRODUCT_DEFINITION_SHAPE('','',#11749);
#11749 = PRODUCT_DEFINITION('design','',#11750,#11753);
#11750 = PRODUCT_DEFINITION_FORMATION('','',#11751);
#11751 = PRODUCT('V3_PIN_2_PEEK_ISOLATION_SLEEVE',
  'V3_PIN_2_PEEK_ISOLATION_SLEEVE','',(#11752));
#11752 = PRODUCT_CONTEXT('',#2,'mechanical');
#11753 = PRODUCT_DEFINITION_CONTEXT('part definition',#2,'design');
#11754 = ADVANCED_BREP_SHAPE_REPRESENTATION('',(#11,#11755),#11937);
#11755 = MANIFOLD_SOLID_BREP('',#11756);
#11756 = CLOSED_SHELL('',(#11757,#11845,#11880,#11910));
#11757 = ADVANCED_FACE('',(#11758),#11771,.T.);
#11758 = FACE_BOUND('',#11759,.T.);
#11759 = EDGE_LOOP('',(#11760,#11794,#11817,#11844));
#11760 = ORIENTED_EDGE('',*,*,#11761,.F.);
#11761 = EDGE_CURVE('',#11762,#11762,#11764,.T.);
#11762 = VERTEX_POINT('',#11763);
#11763 = CARTESIAN_POINT('',(-76.,-9.797174393179E-16,120.));
#11764 = SURFACE_CURVE('',#11765,(#11770,#11782),.PCURVE_S1.);
#11765 = CIRCLE('',#11766,4.);
#11766 = AXIS2_PLACEMENT_3D('',#11767,#11768,#11769);
#11767 = CARTESIAN_POINT('',(-80.,0.,120.));
#11768 = DIRECTION('',(0.,0.,1.));
#11769 = DIRECTION('',(1.,0.,-0.));
#11770 = PCURVE('',#11771,#11776);
#11771 = CYLINDRICAL_SURFACE('',#11772,4.);
#11772 = AXIS2_PLACEMENT_3D('',#11773,#11774,#11775);
#11773 = CARTESIAN_POINT('',(-80.,0.,80.));
#11774 = DIRECTION('',(0.,0.,1.));
#11775 = DIRECTION('',(1.,0.,-0.));
#11776 = DEFINITIONAL_REPRESENTATION('',(#11777),#11781);
#11777 = LINE('',#11778,#11779);
#11778 = CARTESIAN_POINT('',(0.,40.));
#11779 = VECTOR('',#11780,1.);
#11780 = DIRECTION('',(1.,0.));
#11781 = ( GEOMETRIC_REPRESENTATION_CONTEXT(2) 
PARAMETRIC_REPRESENTATION_CONTEXT() REPRESENTATION_CONTEXT('2D SPACE',''
  ) );
#11782 = PCURVE('',#11783,#11788);
#11783 = PLANE('',#11784);
#11784 = AXIS2_PLACEMENT_3D('',#11785,#11786,#11787);
#11785 = CARTESIAN_POINT('',(-80.,0.,120.));
#11786 = DIRECTION('',(0.,0.,1.));
#11787 = DIRECTION('',(1.,0.,-0.));
#11788 = DEFINITIONAL_REPRESENTATION('',(#11789),#11793);
#11789 = CIRCLE('',#11790,4.);
#11790 = AXIS2_PLACEMENT_2D('',#11791,#11792);
#11791 = CARTESIAN_POINT('',(0.,0.));
#11792 = DIRECTION('',(1.,0.));
#11793 = ( GEOMETRIC_REPRESENTATION_CONTEXT(2) 
PARAMETRIC_REPRESENTATION_CONTEXT() REPRESENTATION_CONTEXT('2D SPACE',''
  ) );
#11794 = ORIENTED_EDGE('',*,*,#11795,.F.);
#11795 = EDGE_CURVE('',#11796,#11762,#11798,.T.);
#11796 = VERTEX_POINT('',#11797);
#11797 = CARTESIAN_POINT('',(-76.,-9.797174393179E-16,80.));
#11798 = SEAM_CURVE('',#11799,(#11803,#11810),.PCURVE_S1.);
#11799 = LINE('',#11800,#11801);
#11800 = CARTESIAN_POINT('',(-76.,-9.797174393179E-16,80.));
#11801 = VECTOR('',#11802,1.);
#11802 = DIRECTION('',(0.,0.,1.));
#11803 = PCURVE('',#11771,#11804);
#11804 = DEFINITIONAL_REPRESENTATION('',(#11805),#11809);
#11805 = LINE('',#11806,#11807);
#11806 = CARTESIAN_POINT('',(6.28318530718,-0.));
#11807 = VECTOR('',#11808,1.);
#11808 = DIRECTION('',(0.,1.));
#11809 = ( GEOMETRIC_REPRESENTATION_CONTEXT(2) 
PARAMETRIC_REPRESENTATION_CONTEXT() REPRESENTATION_CONTEXT('2D SPACE',''
  ) );
#11810 = PCURVE('',#11771,#11811);
#11811 = DEFINITIONAL_REPRESENTATION('',(#11812),#11816);
#11812 = LINE('',#11813,#11814);
#11813 = CARTESIAN_POINT('',(0.,-0.));
#11814 = VECTOR('',#11815,1.);
#11815 = DIRECTION('',(0.,1.));
#11816 = ( GEOMETRIC_REPRESENTATION_CONTEXT(2) 
PARAMETRIC_REPRESENTATION_CONTEXT() REPRESENTATION_CONTEXT('2D SPACE',''
  ) );
#11817 = ORIENTED_EDGE('',*,*,#11818,.T.);
#11818 = EDGE_CURVE('',#11796,#11796,#11819,.T.);
#11819 = SURFACE_CURVE('',#11820,(#11825,#11832),.PCURVE_S1.);
#11820 = CIRCLE('',#11821,4.);
#11821 = AXIS2_PLACEMENT_3D('',#11822,#11823,#11824);
#11822 = CARTESIAN_POINT('',(-80.,0.,80.));
#11823 = DIRECTION('',(0.,0.,1.));
#11824 = DIRECTION('',(1.,0.,-0.));
#11825 = PCURVE('',#11771,#11826);
#11826 = DEFINITIONAL_REPRESENTATION('',(#11827),#11831);
#11827 = LINE('',#11828,#11829);
#11828 = CARTESIAN_POINT('',(0.,0.));
#11829 = VECTOR('',#11830,1.);
#11830 = DIRECTION('',(1.,0.));
#11831 = ( GEOMETRIC_REPRESENTATION_CONTEXT(2) 
PARAMETRIC_REPRESENTATION_CONTEXT() REPRESENTATION_CONTEXT('2D SPACE',''
  ) );
#11832 = PCURVE('',#11833,#11838);
#11833 = PLANE('',#11834);
#11834 = AXIS2_PLACEMENT_3D('',#11835,#11836,#11837);
#11835 = CARTESIAN_POINT('',(-80.,0.,80.));
#11836 = DIRECTION('',(0.,0.,1.));
#11837 = DIRECTION('',(1.,0.,-0.));
#11838 = DEFINITIONAL_REPRESENTATION('',(#11839),#11843);
#11839 = CIRCLE('',#11840,4.);
#11840 = AXIS2_PLACEMENT_2D('',#11841,#11842);
#11841 = CARTESIAN_POINT('',(0.,0.));
#11842 = DIRECTION('',(1.,0.));
#11843 = ( GEOMETRIC_REPRESENTATION_CONTEXT(2) 
PARAMETRIC_REPRESENTATION_CONTEXT() REPRESENTATION_CONTEXT('2D SPACE',''
  ) );
#11844 = ORIENTED_EDGE('',*,*,#11795,.T.);
#11845 = ADVANCED_FACE('',(#11846,#11849),#11783,.T.);
#11846 = FACE_BOUND('',#11847,.T.);
#11847 = EDGE_LOOP('',(#11848));
#11848 = ORIENTED_EDGE('',*,*,#11761,.T.);
#11849 = FACE_BOUND('',#11850,.T.);
#11850 = EDGE_LOOP('',(#11851));
#11851 = ORIENTED_EDGE('',*,*,#11852,.F.);
#11852 = EDGE_CURVE('',#11853,#11853,#11855,.T.);
#11853 = VERTEX_POINT('',#11854);
#11854 = CARTESIAN_POINT('',(-77.3,-6.613092715396E-16,120.));
#11855 = SURFACE_CURVE('',#11856,(#11861,#11868),.PCURVE_S1.);
#11856 = CIRCLE('',#11857,2.7);
#11857 = AXIS2_PLACEMENT_3D('',#11858,#11859,#11860);
#11858 = CARTESIAN_POINT('',(-80.,0.,120.));
#11859 = DIRECTION('',(0.,0.,1.));
#11860 = DIRECTION('',(1.,0.,-0.));
#11861 = PCURVE('',#11783,#11862);
#11862 = DEFINITIONAL_REPRESENTATION('',(#11863),#11867);
#11863 = CIRCLE('',#11864,2.7);
#11864 = AXIS2_PLACEMENT_2D('',#11865,#11866);
#11865 = CARTESIAN_POINT('',(0.,0.));
#11866 = DIRECTION('',(1.,0.));
#11867 = ( GEOMETRIC_REPRESENTATION_CONTEXT(2) 
PARAMETRIC_REPRESENTATION_CONTEXT() REPRESENTATION_CONTEXT('2D SPACE',''
  ) );
#11868 = PCURVE('',#11869,#11874);
#11869 = CYLINDRICAL_SURFACE('',#11870,2.7);
#11870 = AXIS2_PLACEMENT_3D('',#11871,#11872,#11873);
#11871 = CARTESIAN_POINT('',(-80.,0.,80.));
#11872 = DIRECTION('',(0.,0.,1.));
#11873 = DIRECTION('',(1.,0.,-0.));
#11874 = DEFINITIONAL_REPRESENTATION('',(#11875),#11879);
#11875 = LINE('',#11876,#11877);
#11876 = CARTESIAN_POINT('',(0.,40.));
#11877 = VECTOR('',#11878,1.);
#11878 = DIRECTION('',(1.,0.));
#11879 = ( GEOMETRIC_REPRESENTATION_CONTEXT(2) 
PARAMETRIC_REPRESENTATION_CONTEXT() REPRESENTATION_CONTEXT('2D SPACE',''
  ) );
#11880 = ADVANCED_FACE('',(#11881,#11884),#11833,.F.);
#11881 = FACE_BOUND('',#11882,.F.);
#11882 = EDGE_LOOP('',(#11883));
#11883 = ORIENTED_EDGE('',*,*,#11818,.T.);
#11884 = FACE_BOUND('',#11885,.F.);
#11885 = EDGE_LOOP('',(#11886));
#11886 = ORIENTED_EDGE('',*,*,#11887,.F.);
#11887 = EDGE_CURVE('',#11888,#11888,#11890,.T.);
#11888 = VERTEX_POINT('',#11889);
#11889 = CARTESIAN_POINT('',(-77.3,-6.613092715396E-16,80.));
#11890 = SURFACE_CURVE('',#11891,(#11896,#11903),.PCURVE_S1.);
#11891 = CIRCLE('',#11892,2.7);
#11892 = AXIS2_PLACEMENT_3D('',#11893,#11894,#11895);
#11893 = CARTESIAN_POINT('',(-80.,0.,80.));
#11894 = DIRECTION('',(0.,0.,1.));
#11895 = DIRECTION('',(1.,0.,-0.));
#11896 = PCURVE('',#11833,#11897);
#11897 = DEFINITIONAL_REPRESENTATION('',(#11898),#11902);
#11898 = CIRCLE('',#11899,2.7);
#11899 = AXIS2_PLACEMENT_2D('',#11900,#11901);
#11900 = CARTESIAN_POINT('',(0.,0.));
#11901 = DIRECTION('',(1.,0.));
#11902 = ( GEOMETRIC_REPRESENTATION_CONTEXT(2) 
PARAMETRIC_REPRESENTATION_CONTEXT() REPRESENTATION_CONTEXT('2D SPACE',''
  ) );
#11903 = PCURVE('',#11869,#11904);
#11904 = DEFINITIONAL_REPRESENTATION('',(#11905),#11909);
#11905 = LINE('',#11906,#11907);
#11906 = CARTESIAN_POINT('',(0.,0.));
#11907 = VECTOR('',#11908,1.);
#11908 = DIRECTION('',(1.,0.));
#11909 = ( GEOMETRIC_REPRESENTATION_CONTEXT(2) 
PARAMETRIC_REPRESENTATION_CONTEXT() REPRESENTATION_CONTEXT('2D SPACE',''
  ) );
#11910 = ADVANCED_FACE('',(#11911),#11869,.F.);
#11911 = FACE_BOUND('',#11912,.F.);
#11912 = EDGE_LOOP('',(#11913,#11914,#11935,#11936));
#11913 = ORIENTED_EDGE('',*,*,#11852,.F.);
#11914 = ORIENTED_EDGE('',*,*,#11915,.F.);
#11915 = EDGE_CURVE('',#11888,#11853,#11916,.T.);
#11916 = SEAM_CURVE('',#11917,(#11921,#11928),.PCURVE_S1.);
#11917 = LINE('',#11918,#11919);
#11918 = CARTESIAN_POINT('',(-77.3,-6.613092715396E-16,80.));
#11919 = VECTOR('',#11920,1.);
#11920 = DIRECTION('',(0.,0.,1.));
#11921 = PCURVE('',#11869,#11922);
#11922 = DEFINITIONAL_REPRESENTATION('',(#11923),#11927);
#11923 = LINE('',#11924,#11925);
#11924 = CARTESIAN_POINT('',(6.28318530718,-0.));
#11925 = VECTOR('',#11926,1.);
#11926 = DIRECTION('',(0.,1.));
#11927 = ( GEOMETRIC_REPRESENTATION_CONTEXT(2) 
PARAMETRIC_REPRESENTATION_CONTEXT() REPRESENTATION_CONTEXT('2D SPACE',''
  ) );
#11928 = PCURVE('',#11869,#11929);
#11929 = DEFINITIONAL_REPRESENTATION('',(#11930),#11934);
#11930 = LINE('',#11931,#11932);
#11931 = CARTESIAN_POINT('',(0.,-0.));
#11932 = VECTOR('',#11933,1.);
#11933 = DIRECTION('',(0.,1.));
#11934 = ( GEOMETRIC_REPRESENTATION_CONTEXT(2) 
PARAMETRIC_REPRESENTATION_CONTEXT() REPRESENTATION_CONTEXT('2D SPACE',''
  ) );
#11935 = ORIENTED_EDGE('',*,*,#11887,.T.);
#11936 = ORIENTED_EDGE('',*,*,#11915,.T.);
#11937 = ( GEOMETRIC_REPRESENTATION_CONTEXT(3) 
GLOBAL_UNCERTAINTY_ASSIGNED_CONTEXT((#11941)) 
GLOBAL_UNIT_ASSIGNED_CONTEXT((#11938,#11939,#11940)) 
REPRESENTATION_CONTEXT('Context #1',
  '3D Context with UNIT and UNCERTAINTY') );
#11938 = ( LENGTH_UNIT() NAMED_UNIT(*) SI_UNIT(.MILLI.,.METRE.) );
#11939 = ( NAMED_UNIT(*) PLANE_ANGLE_UNIT() SI_UNIT($,.RADIAN.) );
#11940 = ( NAMED_UNIT(*) SI_UNIT($,.STERADIAN.) SOLID_ANGLE_UNIT() );
#11941 = UNCERTAINTY_MEASURE_WITH_UNIT(LENGTH_MEASURE(1.E-07),#11938,
  'distance_accuracy_value','confusion accuracy');
#11942 = CONTEXT_DEPENDENT_SHAPE_REPRESENTATION(#11943,#11945);
#11943 = ( REPRESENTATION_RELATIONSHIP('','',#11754,#6108) 
REPRESENTATION_RELATIONSHIP_WITH_TRANSFORMATION(#11944) 
SHAPE_REPRESENTATION_RELATIONSHIP() );
#11944 = ITEM_DEFINED_TRANSFORMATION('','',#11,#6125);
#11945 = PRODUCT_DEFINITION_SHAPE('Placement','Placement of an item',
  #11946);
#11946 = NEXT_ASSEMBLY_USAGE_OCCURRENCE('49',
  'V3_PIN_2_PEEK_ISOLATION_SLEEVE','',#6103,#11749,$);
#11947 = PRODUCT_RELATED_PRODUCT_CATEGORY('part',$,(#11751));
#11948 = SHAPE_DEFINITION_REPRESENTATION(#11949,#11955);
#11949 = PRODUCT_DEFINITION_SHAPE('','',#11950);
#11950 = PRODUCT_DEFINITION('design','',#11951,#11954);
#11951 = PRODUCT_DEFINITION_FORMATION('','',#11952);
#11952 = PRODUCT('V3_DIVER_PULL_PIN_2_ISOLATED_316',
  'V3_DIVER_PULL_PIN_2_ISOLATED_316','',(#11953));
#11953 = PRODUCT_CONTEXT('',#2,'mechanical');
#11954 = PRODUCT_DEFINITION_CONTEXT('part definition',#2,'design');
#11955 = ADVANCED_BREP_SHAPE_REPRESENTATION('',(#11,#11956),#14536);
#11956 = MANIFOLD_SOLID_BREP('',#11957);
#11957 = CLOSED_SHELL('',(#11958,#12381,#12956,#13715,#14014,#14469,
    #14473,#14501,#14529));
#11958 = ADVANCED_FACE('',(#11959),#11974,.T.);
#11959 = FACE_BOUND('',#11960,.T.);
#11960 = EDGE_LOOP('',(#11961,#11997,#12076,#12099,#12126,#12127,#12201,
    #12230,#12309));
#11961 = ORIENTED_EDGE('',*,*,#11962,.F.);
#11962 = EDGE_CURVE('',#11963,#11965,#11967,.T.);
#11963 = VERTEX_POINT('',#11964);
#11964 = CARTESIAN_POINT('',(-77.98443556292,1.479019945775,125.));
#11965 = VERTEX_POINT('',#11966);
#11966 = CARTESIAN_POINT('',(-82.01556443707,1.479019945775,125.));
#11967 = SURFACE_CURVE('',#11968,(#11973,#11985),.PCURVE_S1.);
#11968 = CIRCLE('',#11969,2.5);
#11969 = AXIS2_PLACEMENT_3D('',#11970,#11971,#11972);
#11970 = CARTESIAN_POINT('',(-80.,0.,125.));
#11971 = DIRECTION('',(0.,0.,1.));
#11972 = DIRECTION('',(1.,0.,-0.));
#11973 = PCURVE('',#11974,#11979);
#11974 = CYLINDRICAL_SURFACE('',#11975,2.5);
#11975 = AXIS2_PLACEMENT_3D('',#11976,#11977,#11978);
#11976 = CARTESIAN_POINT('',(-80.,0.,80.));
#11977 = DIRECTION('',(0.,0.,1.));
#11978 = DIRECTION('',(1.,0.,-0.));
#11979 = DEFINITIONAL_REPRESENTATION('',(#11980),#11984);
#11980 = LINE('',#11981,#11982);
#11981 = CARTESIAN_POINT('',(0.,45.));
#11982 = VECTOR('',#11983,1.);
#11983 = DIRECTION('',(1.,0.));
#11984 = ( GEOMETRIC_REPRESENTATION_CONTEXT(2) 
PARAMETRIC_REPRESENTATION_CONTEXT() REPRESENTATION_CONTEXT('2D SPACE',''
  ) );
#11985 = PCURVE('',#11986,#11991);
#11986 = PLANE('',#11987);
#11987 = AXIS2_PLACEMENT_3D('',#11988,#11989,#11990);
#11988 = CARTESIAN_POINT('',(-80.,0.,125.));
#11989 = DIRECTION('',(0.,0.,1.));
#11990 = DIRECTION('',(1.,0.,-0.));
#11991 = DEFINITIONAL_REPRESENTATION('',(#11992),#11996);
#11992 = CIRCLE('',#11993,2.5);
#11993 = AXIS2_PLACEMENT_2D('',#11994,#11995);
#11994 = CARTESIAN_POINT('',(0.,0.));
#11995 = DIRECTION('',(1.,0.));
#11996 = ( GEOMETRIC_REPRESENTATION_CONTEXT(2) 
PARAMETRIC_REPRESENTATION_CONTEXT() REPRESENTATION_CONTEXT('2D SPACE',''
  ) );
#11997 = ORIENTED_EDGE('',*,*,#11998,.F.);
#11998 = EDGE_CURVE('',#11999,#11963,#12001,.T.);
#11999 = VERTEX_POINT('',#12000);
#12000 = CARTESIAN_POINT('',(-77.5,-4.898587196589E-16,123.83484861008)
  );
#12001 = SURFACE_CURVE('',#12002,(#12023,#12047),.PCURVE_S1.);
#12002 = B_SPLINE_CURVE_WITH_KNOTS('',7,(#12003,#12004,#12005,#12006,
    #12007,#12008,#12009,#12010,#12011,#12012,#12013,#12014,#12015,
    #12016,#12017,#12018,#12019,#12020,#12021,#12022),.UNSPECIFIED.,.F.,
  .F.,(8,6,6,8),(0.,0.351763051954,0.497010841327,1.),.UNSPECIFIED.);
#12003 = CARTESIAN_POINT('',(-77.5,0.,123.83484861008));
#12004 = CARTESIAN_POINT('',(-77.5,0.11635113018,123.83484861008));
#12005 = CARTESIAN_POINT('',(-77.5063175093,0.232764754114,
    123.8440393626));
#12006 = CARTESIAN_POINT('',(-77.5189649876,0.347355952315,
    123.86243799759));
#12007 = CARTESIAN_POINT('',(-77.53744014733,0.458554370856,
    123.88963590901));
#12008 = CARTESIAN_POINT('',(-77.5609017649,0.565097283936,
    123.92503733682));
#12009 = CARTESIAN_POINT('',(-77.58830219847,0.666011365939,
    123.9679150168));
#12010 = CARTESIAN_POINT('',(-77.6309805584,0.799642141257,
    124.03793055559));
#12011 = CARTESIAN_POINT('',(-77.64393706791,0.837632400121,
    124.05953976665));
#12012 = CARTESIAN_POINT('',(-77.65730181063,0.874518854846,
    124.0822474274));
#12013 = CARTESIAN_POINT('',(-77.67099769293,0.910267864495,
    124.10600482049));
#12014 = CARTESIAN_POINT('',(-77.68494728778,0.944852646145,
    124.13076437696));
#12015 = CARTESIAN_POINT('',(-77.6990737578,0.978252329196,
    124.15648031062));
#12016 = CARTESIAN_POINT('',(-77.76257302779,1.12195416765,
    124.2753245565));
#12017 = CARTESIAN_POINT('',(-77.8130480418,1.219021828112,
    124.37846117206));
#12018 = CARTESIAN_POINT('',(-77.86163307501,1.301108710035,
    124.49078894899));
#12019 = CARTESIAN_POINT('',(-77.90532439004,1.367984623474,
    124.61069471068));
#12020 = CARTESIAN_POINT('',(-77.94136184326,1.419705846388,
    124.73662091924));
#12021 = CARTESIAN_POINT('',(-77.9679350325,1.456533515562,
    124.86696814644));
#12022 = CARTESIAN_POINT('',(-77.98443563734,1.479020047193,125.0000006)
  );
#12023 = PCURVE('',#11974,#12024);
#12024 = DEFINITIONAL_REPRESENTATION('',(#12025),#12046);
#12025 = B_SPLINE_CURVE_WITH_KNOTS('',7,(#12026,#12027,#12028,#12029,
    #12030,#12031,#12032,#12033,#12034,#12035,#12036,#12037,#12038,
    #12039,#12040,#12041,#12042,#12043,#12044,#12045),.UNSPECIFIED.,.F.,
  .F.,(8,6,6,8),(0.,0.351763051954,0.497010841327,1.),.UNSPECIFIED.);
#12026 = CARTESIAN_POINT('',(0.,43.834848610088));
#12027 = CARTESIAN_POINT('',(4.654045207182E-02,43.834848610088));
#12028 = CARTESIAN_POINT('',(9.310590356706E-02,43.844039362602));
#12029 = CARTESIAN_POINT('',(0.139107020918,43.862437997596));
#12030 = CARTESIAN_POINT('',(0.184081199953,43.88963590901));
#12031 = CARTESIAN_POINT('',(0.227635635049,43.92503733682));
#12032 = CARTESIAN_POINT('',(0.269422280618,43.967915016809));
#12033 = CARTESIAN_POINT('',(0.325534491793,44.037930555599));
#12034 = CARTESIAN_POINT('',(0.341586977572,44.059539766653));
#12035 = CARTESIAN_POINT('',(0.357275773077,44.082247427405));
#12036 = CARTESIAN_POINT('',(0.372584478801,44.106004820495));
#12037 = CARTESIAN_POINT('',(0.38749788088,44.13076437696));
#12038 = CARTESIAN_POINT('',(0.402001744198,44.156480310623));
#12039 = CARTESIAN_POINT('',(0.464844246585,44.2753245565));
#12040 = CARTESIAN_POINT('',(0.508519124978,44.378461172062));
#12041 = CARTESIAN_POINT('',(0.5465957224,44.490788948997));
#12042 = CARTESIAN_POINT('',(0.57852023822,44.610694710683));
#12043 = CARTESIAN_POINT('',(0.603730608871,44.736620919248));
#12044 = CARTESIAN_POINT('',(0.621895442364,44.866968146444));
#12045 = CARTESIAN_POINT('',(0.633051886707,45.0000006));
#12046 = ( GEOMETRIC_REPRESENTATION_CONTEXT(2) 
PARAMETRIC_REPRESENTATION_CONTEXT() REPRESENTATION_CONTEXT('2D SPACE',''
  ) );
#12047 = PCURVE('',#12048,#12053);
#12048 = TOROIDAL_SURFACE('',#12049,8.,1.5);
#12049 = AXIS2_PLACEMENT_3D('',#12050,#12051,#12052);
#12050 = CARTESIAN_POINT('',(-80.,0.,133.));
#12051 = DIRECTION('',(0.,1.,0.));
#12052 = DIRECTION('',(0.,-0.,1.));
#12053 = DEFINITIONAL_REPRESENTATION('',(#12054),#12075);
#12054 = B_SPLINE_CURVE_WITH_KNOTS('',7,(#12055,#12056,#12057,#12058,
    #12059,#12060,#12061,#12062,#12063,#12064,#12065,#12066,#12067,
    #12068,#12069,#12070,#12071,#12072,#12073,#12074),.UNSPECIFIED.,.F.,
  .F.,(8,6,6,8),(0.,0.351763051954,0.497010841327,1.),.UNSPECIFIED.);
#12055 = CARTESIAN_POINT('',(2.875298636472,0.));
#12056 = CARTESIAN_POINT('',(2.875298636472,7.75674201197E-02));
#12057 = CARTESIAN_POINT('',(2.875685607886,0.155176440304));
#12058 = CARTESIAN_POINT('',(2.876460331495,0.232333200203));
#12059 = CARTESIAN_POINT('',(2.877588557757,0.308754930714));
#12060 = CARTESIAN_POINT('',(2.879012136868,0.384234497123));
#12061 = CARTESIAN_POINT('',(2.880654966053,0.458616108609));
#12062 = CARTESIAN_POINT('',(2.883163359514,0.561976187689));
#12063 = CARTESIAN_POINT('',(2.883919348385,0.591986933774));
#12064 = CARTESIAN_POINT('',(2.884692384125,0.621800596923));
#12065 = CARTESIAN_POINT('',(2.885476332546,0.651417461774));
#12066 = CARTESIAN_POINT('',(2.886264855365,0.680839530486));
#12067 = CARTESIAN_POINT('',(2.887051457968,0.710070355015));
#12068 = CARTESIAN_POINT('',(2.890524004387,0.839695235617));
#12069 = CARTESIAN_POINT('',(2.893115561345,0.938011713816));
#12070 = CARTESIAN_POINT('',(2.895331562951,1.034363110238));
#12071 = CARTESIAN_POINT('',(2.896878622897,1.128948739812));
#12072 = CARTESIAN_POINT('',(2.897445212364,1.22193122694));
#12073 = CARTESIAN_POINT('',(2.896783794309,1.313402310851));
#12074 = CARTESIAN_POINT('',(2.8947837111,1.403348653249));
#12075 = ( GEOMETRIC_REPRESENTATION_CONTEXT(2) 
PARAMETRIC_REPRESENTATION_CONTEXT() REPRESENTATION_CONTEXT('2D SPACE',''
  ) );
#12076 = ORIENTED_EDGE('',*,*,#12077,.F.);
#12077 = EDGE_CURVE('',#12078,#11999,#12080,.T.);
#12078 = VERTEX_POINT('',#12079);
#12079 = CARTESIAN_POINT('',(-77.5,-6.123233995737E-16,80.));
#12080 = SEAM_CURVE('',#12081,(#12085,#12092),.PCURVE_S1.);
#12081 = LINE('',#12082,#12083);
#12082 = CARTESIAN_POINT('',(-77.5,-6.123233995737E-16,80.));
#12083 = VECTOR('',#12084,1.);
#12084 = DIRECTION('',(0.,0.,1.));
#12085 = PCURVE('',#11974,#12086);
#12086 = DEFINITIONAL_REPRESENTATION('',(#12087),#12091);
#12087 = LINE('',#12088,#12089);
#12088 = CARTESIAN_POINT('',(6.28318530718,-0.));
#12089 = VECTOR('',#12090,1.);
#12090 = DIRECTION('',(0.,1.));
#12091 = ( GEOMETRIC_REPRESENTATION_CONTEXT(2) 
PARAMETRIC_REPRESENTATION_CONTEXT() REPRESENTATION_CONTEXT('2D SPACE',''
  ) );
#12092 = PCURVE('',#11974,#12093);
#12093 = DEFINITIONAL_REPRESENTATION('',(#12094),#12098);
#12094 = LINE('',#12095,#12096);
#12095 = CARTESIAN_POINT('',(0.,-0.));
#12096 = VECTOR('',#12097,1.);
#12097 = DIRECTION('',(0.,1.));
#12098 = ( GEOMETRIC_REPRESENTATION_CONTEXT(2) 
PARAMETRIC_REPRESENTATION_CONTEXT() REPRESENTATION_CONTEXT('2D SPACE',''
  ) );
#12099 = ORIENTED_EDGE('',*,*,#12100,.T.);
#12100 = EDGE_CURVE('',#12078,#12078,#12101,.T.);
#12101 = SURFACE_CURVE('',#12102,(#12107,#12114),.PCURVE_S1.);
#12102 = CIRCLE('',#12103,2.5);
#12103 = AXIS2_PLACEMENT_3D('',#12104,#12105,#12106);
#12104 = CARTESIAN_POINT('',(-80.,0.,80.));
#12105 = DIRECTION('',(0.,0.,1.));
#12106 = DIRECTION('',(1.,0.,-0.));
#12107 = PCURVE('',#11974,#12108);
#12108 = DEFINITIONAL_REPRESENTATION('',(#12109),#12113);
#12109 = LINE('',#12110,#12111);
#12110 = CARTESIAN_POINT('',(0.,0.));
#12111 = VECTOR('',#12112,1.);
#12112 = DIRECTION('',(1.,0.));
#12113 = ( GEOMETRIC_REPRESENTATION_CONTEXT(2) 
PARAMETRIC_REPRESENTATION_CONTEXT() REPRESENTATION_CONTEXT('2D SPACE',''
  ) );
#12114 = PCURVE('',#12115,#12120);
#12115 = PLANE('',#12116);
#12116 = AXIS2_PLACEMENT_3D('',#12117,#12118,#12119);
#12117 = CARTESIAN_POINT('',(-80.,0.,80.));
#12118 = DIRECTION('',(0.,0.,1.));
#12119 = DIRECTION('',(1.,0.,-0.));
#12120 = DEFINITIONAL_REPRESENTATION('',(#12121),#12125);
#12121 = CIRCLE('',#12122,2.5);
#12122 = AXIS2_PLACEMENT_2D('',#12123,#12124);
#12123 = CARTESIAN_POINT('',(0.,0.));
#12124 = DIRECTION('',(1.,0.));
#12125 = ( GEOMETRIC_REPRESENTATION_CONTEXT(2) 
PARAMETRIC_REPRESENTATION_CONTEXT() REPRESENTATION_CONTEXT('2D SPACE',''
  ) );
#12126 = ORIENTED_EDGE('',*,*,#12077,.T.);
#12127 = ORIENTED_EDGE('',*,*,#12128,.F.);
#12128 = EDGE_CURVE('',#12129,#11999,#12131,.T.);
#12129 = VERTEX_POINT('',#12130);
#12130 = CARTESIAN_POINT('',(-77.98443556292,-1.479019945775,125.));
#12131 = SURFACE_CURVE('',#12132,(#12153,#12177),.PCURVE_S1.);
#12132 = B_SPLINE_CURVE_WITH_KNOTS('',7,(#12133,#12134,#12135,#12136,
    #12137,#12138,#12139,#12140,#12141,#12142,#12143,#12144,#12145,
    #12146,#12147,#12148,#12149,#12150,#12151,#12152),.UNSPECIFIED.,.F.,
  .F.,(8,6,6,8),(0.,0.505109549574,0.650274846007,1.),.UNSPECIFIED.);
#12133 = CARTESIAN_POINT('',(-77.98443563734,-1.479020047193,125.0000006
    ));
#12134 = CARTESIAN_POINT('',(-77.96786539556,-1.456438616415,
    124.86640671409));
#12135 = CARTESIAN_POINT('',(-77.94113746234,-1.419394850318,
    124.73552137448));
#12136 = CARTESIAN_POINT('',(-77.90486792414,-1.367329492641,
    124.60910215105));
#12137 = CARTESIAN_POINT('',(-77.86089560605,-1.299979365141,
    124.48876763758));
#12138 = CARTESIAN_POINT('',(-77.81202300271,-1.217288884261,
    124.37609478067));
#12139 = CARTESIAN_POINT('',(-77.76129569583,-1.119494692381,
    124.27271797877));
#12140 = CARTESIAN_POINT('',(-77.69763712701,-0.97486897778,
    124.15385774855));
#12141 = CARTESIAN_POINT('',(-77.68353314037,-0.941384728921,
    124.12823894932));
#12142 = CARTESIAN_POINT('',(-77.66961136613,-0.906718159902,
    124.10357873424));
#12143 = CARTESIAN_POINT('',(-77.65594855538,-0.870890419765,
    124.07992291672));
#12144 = CARTESIAN_POINT('',(-77.64262201874,-0.833928613228,
    124.0573190781));
#12145 = CARTESIAN_POINT('',(-77.62970869658,-0.795866749687,
    124.03581592424));
#12146 = CARTESIAN_POINT('',(-77.5873518086,-0.662500557237,
    123.96642850749));
#12147 = CARTESIAN_POINT('',(-77.56022393782,-0.562009918913,
    123.92401476982));
#12148 = CARTESIAN_POINT('',(-77.53701307638,-0.455976676051,
    123.88900722551));
#12149 = CARTESIAN_POINT('',(-77.51874564064,-0.345363289497,
    123.8621189198));
#12150 = CARTESIAN_POINT('',(-77.50624447588,-0.231414895106,
    123.84393310939));
#12151 = CARTESIAN_POINT('',(-77.5,-0.115676631757,123.83484861008));
#12152 = CARTESIAN_POINT('',(-77.5,0.,123.83484861008));
#12153 = PCURVE('',#11974,#12154);
#12154 = DEFINITIONAL_REPRESENTATION('',(#12155),#12176);
#12155 = B_SPLINE_CURVE_WITH_KNOTS('',7,(#12156,#12157,#12158,#12159,
    #12160,#12161,#12162,#12163,#12164,#12165,#12166,#12167,#12168,
    #12169,#12170,#12171,#12172,#12173,#12174,#12175),.UNSPECIFIED.,.F.,
  .F.,(8,6,6,8),(0.,0.505109549574,0.650274846007,1.),.UNSPECIFIED.);
#12156 = CARTESIAN_POINT('',(5.650133420472,45.0000006));
#12157 = CARTESIAN_POINT('',(5.661336947979,44.866406714093));
#12158 = CARTESIAN_POINT('',(5.679608086872,44.735521374481));
#12159 = CARTESIAN_POINT('',(5.704984404927,44.609102151058));
#12160 = CARTESIAN_POINT('',(5.73712860593,44.488767637586));
#12161 = CARTESIAN_POINT('',(5.775469888645,44.376094780671));
#12162 = CARTESIAN_POINT('',(5.819447371572,44.272717978776));
#12163 = CARTESIAN_POINT('',(5.882653713922,44.15385774855));
#12164 = CARTESIAN_POINT('',(5.897185232406,44.128238949323));
#12165 = CARTESIAN_POINT('',(5.912124809518,44.103578734243));
#12166 = CARTESIAN_POINT('',(5.927458187176,44.079922916727));
#12167 = CARTESIAN_POINT('',(5.943170115587,44.057319078103));
#12168 = CARTESIAN_POINT('',(5.959244143385,44.035815924241));
#12169 = CARTESIAN_POINT('',(6.015216489769,43.966428507492));
#12170 = CARTESIAN_POINT('',(6.056811616262,43.924014769827));
#12171 = CARTESIAN_POINT('',(6.100146594446,43.88900722551));
#12172 = CARTESIAN_POINT('',(6.14487819806,43.862118919807));
#12173 = CARTESIAN_POINT('',(6.190619347244,43.843933109396));
#12174 = CARTESIAN_POINT('',(6.236914654477,43.834848610088));
#12175 = CARTESIAN_POINT('',(6.28318530718,43.834848610088));
#12176 = ( GEOMETRIC_REPRESENTATION_CONTEXT(2) 
PARAMETRIC_REPRESENTATION_CONTEXT() REPRESENTATION_CONTEXT('2D SPACE',''
  ) );
#12177 = PCURVE('',#12048,#12178);
#12178 = DEFINITIONAL_REPRESENTATION('',(#12179),#12200);
#12179 = B_SPLINE_CURVE_WITH_KNOTS('',7,(#12180,#12181,#12182,#12183,
    #12184,#12185,#12186,#12187,#12188,#12189,#12190,#12191,#12192,
    #12193,#12194,#12195,#12196,#12197,#12198,#12199),.UNSPECIFIED.,.F.,
  .F.,(8,6,6,8),(0.,0.505109549574,0.650274846007,1.),.UNSPECIFIED.);
#12180 = CARTESIAN_POINT('',(2.8947837111,4.87983665393));
#12181 = CARTESIAN_POINT('',(2.896792235192,4.970162593826));
#12182 = CARTESIAN_POINT('',(2.897450764089,5.06202575823));
#12183 = CARTESIAN_POINT('',(2.896871374304,5.155412802762));
#12184 = CARTESIAN_POINT('',(2.895305385388,5.250417352809));
#12185 = CARTESIAN_POINT('',(2.893068723584,5.347204864203));
#12186 = CARTESIAN_POINT('',(2.890458349884,5.445977677814));
#12187 = CARTESIAN_POINT('',(2.886971606491,5.576084378748));
#12188 = CARTESIAN_POINT('',(2.886185205285,5.605315422364));
#12189 = CARTESIAN_POINT('',(2.88539735694,5.634737769222));
#12190 = CARTESIAN_POINT('',(2.884614536551,5.664354890932));
#12191 = CARTESIAN_POINT('',(2.883843061744,5.694168692259));
#12192 = CARTESIAN_POINT('',(2.88308904463,5.724179340016));
#12193 = CARTESIAN_POINT('',(2.880597974855,5.827155316712));
#12194 = CARTESIAN_POINT('',(2.878971006312,5.901137261114));
#12195 = CARTESIAN_POINT('',(2.877562477435,5.976201618076));
#12196 = CARTESIAN_POINT('',(2.876446895232,6.052193742173));
#12197 = CARTESIAN_POINT('',(2.875681134354,6.128908770073));
#12198 = CARTESIAN_POINT('',(2.875298636472,6.206067552675));
#12199 = CARTESIAN_POINT('',(2.875298636472,6.28318530718));
#12200 = ( GEOMETRIC_REPRESENTATION_CONTEXT(2) 
PARAMETRIC_REPRESENTATION_CONTEXT() REPRESENTATION_CONTEXT('2D SPACE',''
  ) );
#12201 = ORIENTED_EDGE('',*,*,#12202,.F.);
#12202 = EDGE_CURVE('',#12203,#12129,#12205,.T.);
#12203 = VERTEX_POINT('',#12204);
#12204 = CARTESIAN_POINT('',(-82.01556443707,-1.479019945775,125.));
#12205 = SURFACE_CURVE('',#12206,(#12211,#12218),.PCURVE_S1.);
#12206 = CIRCLE('',#12207,2.5);
#12207 = AXIS2_PLACEMENT_3D('',#12208,#12209,#12210);
#12208 = CARTESIAN_POINT('',(-80.,0.,125.));
#12209 = DIRECTION('',(0.,0.,1.));
#12210 = DIRECTION('',(1.,0.,-0.));
#12211 = PCURVE('',#11974,#12212);
#12212 = DEFINITIONAL_REPRESENTATION('',(#12213),#12217);
#12213 = LINE('',#12214,#12215);
#12214 = CARTESIAN_POINT('',(0.,45.));
#12215 = VECTOR('',#12216,1.);
#12216 = DIRECTION('',(1.,0.));
#12217 = ( GEOMETRIC_REPRESENTATION_CONTEXT(2) 
PARAMETRIC_REPRESENTATION_CONTEXT() REPRESENTATION_CONTEXT('2D SPACE',''
  ) );
#12218 = PCURVE('',#12219,#12224);
#12219 = PLANE('',#12220);
#12220 = AXIS2_PLACEMENT_3D('',#12221,#12222,#12223);
#12221 = CARTESIAN_POINT('',(-80.,0.,125.));
#12222 = DIRECTION('',(0.,0.,1.));
#12223 = DIRECTION('',(1.,0.,-0.));
#12224 = DEFINITIONAL_REPRESENTATION('',(#12225),#12229);
#12225 = CIRCLE('',#12226,2.5);
#12226 = AXIS2_PLACEMENT_2D('',#12227,#12228);
#12227 = CARTESIAN_POINT('',(0.,0.));
#12228 = DIRECTION('',(1.,0.));
#12229 = ( GEOMETRIC_REPRESENTATION_CONTEXT(2) 
PARAMETRIC_REPRESENTATION_CONTEXT() REPRESENTATION_CONTEXT('2D SPACE',''
  ) );
#12230 = ORIENTED_EDGE('',*,*,#12231,.T.);
#12231 = EDGE_CURVE('',#12203,#12232,#12234,.T.);
#12232 = VERTEX_POINT('',#12233);
#12233 = CARTESIAN_POINT('',(-82.5,-3.673940397442E-16,123.83484861008)
  );
#12234 = SURFACE_CURVE('',#12235,(#12256,#12280),.PCURVE_S1.);
#12235 = B_SPLINE_CURVE_WITH_KNOTS('',7,(#12236,#12237,#12238,#12239,
    #12240,#12241,#12242,#12243,#12244,#12245,#12246,#12247,#12248,
    #12249,#12250,#12251,#12252,#12253,#12254,#12255),.UNSPECIFIED.,.F.,
  .F.,(8,6,6,8),(0.,0.505109549535,0.650274845969,1.),.UNSPECIFIED.);
#12236 = CARTESIAN_POINT('',(-82.01556436265,-1.479020047193,125.0000006
    ));
#12237 = CARTESIAN_POINT('',(-82.03213460443,-1.456438616417,
    124.8664067141));
#12238 = CARTESIAN_POINT('',(-82.05886253764,-1.419394850324,
    124.7355213745));
#12239 = CARTESIAN_POINT('',(-82.09513207585,-1.367329492653,
    124.60910215108));
#12240 = CARTESIAN_POINT('',(-82.13910439393,-1.299979365163,
    124.48876763762));
#12241 = CARTESIAN_POINT('',(-82.18797699726,-1.217288884293,
    124.37609478071));
#12242 = CARTESIAN_POINT('',(-82.23870430414,-1.119494692428,
    124.27271797882));
#12243 = CARTESIAN_POINT('',(-82.30236287295,-0.974868977844,
    124.15385774859));
#12244 = CARTESIAN_POINT('',(-82.31646685959,-0.941384728987,
    124.12823894937));
#12245 = CARTESIAN_POINT('',(-82.33038863384,-0.906718159969,
    124.10357873428));
#12246 = CARTESIAN_POINT('',(-82.34405144458,-0.870890419833,
    124.07992291677));
#12247 = CARTESIAN_POINT('',(-82.35737798123,-0.833928613298,
    124.05731907814));
#12248 = CARTESIAN_POINT('',(-82.37029130338,-0.795866749758,
    124.03581592428));
#12249 = CARTESIAN_POINT('',(-82.41264819137,-0.662500557303,
    123.96642850752));
#12250 = CARTESIAN_POINT('',(-82.43977606216,-0.562009918971,
    123.92401476984));
#12251 = CARTESIAN_POINT('',(-82.4629869236,-0.4559766761,
    123.88900722552));
#12252 = CARTESIAN_POINT('',(-82.48125435935,-0.345363289535,
    123.86211891981));
#12253 = CARTESIAN_POINT('',(-82.49375552411,-0.231414895132,
    123.84393310939));
#12254 = CARTESIAN_POINT('',(-82.5,-0.11567663177,123.83484861008));
#12255 = CARTESIAN_POINT('',(-82.5,0.,123.83484861008));
#12256 = PCURVE('',#11974,#12257);
#12257 = DEFINITIONAL_REPRESENTATION('',(#12258),#12279);
#12258 = B_SPLINE_CURVE_WITH_KNOTS('',7,(#12259,#12260,#12261,#12262,
    #12263,#12264,#12265,#12266,#12267,#12268,#12269,#12270,#12271,
    #12272,#12273,#12274,#12275,#12276,#12277,#12278),.UNSPECIFIED.,.F.,
  .F.,(8,6,6,8),(0.,0.505109549535,0.650274845969,1.),.UNSPECIFIED.);
#12259 = CARTESIAN_POINT('',(3.774644540297,45.0000006));
#12260 = CARTESIAN_POINT('',(3.763441012791,44.866406714103));
#12261 = CARTESIAN_POINT('',(3.7451698739,44.735521374502));
#12262 = CARTESIAN_POINT('',(3.719793555849,44.609102151087));
#12263 = CARTESIAN_POINT('',(3.68764935485,44.488767637625));
#12264 = CARTESIAN_POINT('',(3.64930807214,44.376094780715));
#12265 = CARTESIAN_POINT('',(3.605330589219,44.272717978825));
#12266 = CARTESIAN_POINT('',(3.542124246875,44.153857748599));
#12267 = CARTESIAN_POINT('',(3.527592728391,44.128238949371));
#12268 = CARTESIAN_POINT('',(3.51265315128,44.103578734288));
#12269 = CARTESIAN_POINT('',(3.497319773623,44.07992291677));
#12270 = CARTESIAN_POINT('',(3.481607845212,44.057319078144));
#12271 = CARTESIAN_POINT('',(3.465533817414,44.03581592428));
#12272 = CARTESIAN_POINT('',(3.409561471028,43.96642850752));
#12273 = CARTESIAN_POINT('',(3.367966344531,43.924014769846));
#12274 = CARTESIAN_POINT('',(3.324631366343,43.889007225522));
#12275 = CARTESIAN_POINT('',(3.279899762724,43.862118919813));
#12276 = CARTESIAN_POINT('',(3.234158613536,43.843933109398));
#12277 = CARTESIAN_POINT('',(3.187863306298,43.834848610088));
#12278 = CARTESIAN_POINT('',(3.14159265359,43.834848610088));
#12279 = ( GEOMETRIC_REPRESENTATION_CONTEXT(2) 
PARAMETRIC_REPRESENTATION_CONTEXT() REPRESENTATION_CONTEXT('2D SPACE',''
  ) );
#12280 = PCURVE('',#12281,#12286);
#12281 = TOROIDAL_SURFACE('',#12282,8.,1.5);
#12282 = AXIS2_PLACEMENT_3D('',#12283,#12284,#12285);
#12283 = CARTESIAN_POINT('',(-80.,0.,133.));
#12284 = DIRECTION('',(0.,1.,0.));
#12285 = DIRECTION('',(0.,-0.,1.));
#12286 = DEFINITIONAL_REPRESENTATION('',(#12287),#12308);
#12287 = B_SPLINE_CURVE_WITH_KNOTS('',7,(#12288,#12289,#12290,#12291,
    #12292,#12293,#12294,#12295,#12296,#12297,#12298,#12299,#12300,
    #12301,#12302,#12303,#12304,#12305,#12306,#12307),.UNSPECIFIED.,.F.,
  .F.,(8,6,6,8),(0.,0.505109549535,0.650274845969,1.),.UNSPECIFIED.);
#12288 = CARTESIAN_POINT('',(3.38840159608,4.87983665393));
#12289 = CARTESIAN_POINT('',(3.386393071987,4.970162593819));
#12290 = CARTESIAN_POINT('',(3.385734543091,5.062025758216));
#12291 = CARTESIAN_POINT('',(3.386313932876,5.15541280274));
#12292 = CARTESIAN_POINT('',(3.387879921791,5.250417352778));
#12293 = CARTESIAN_POINT('',(3.390116583594,5.347204864165));
#12294 = CARTESIAN_POINT('',(3.392726957295,5.445977677767));
#12295 = CARTESIAN_POINT('',(3.396213700687,5.576084378692));
#12296 = CARTESIAN_POINT('',(3.397000101893,5.605315422308));
#12297 = CARTESIAN_POINT('',(3.397787950238,5.634737769166));
#12298 = CARTESIAN_POINT('',(3.398570770627,5.664354890876));
#12299 = CARTESIAN_POINT('',(3.399342245435,5.694168692203));
#12300 = CARTESIAN_POINT('',(3.400096262548,5.724179339961));
#12301 = CARTESIAN_POINT('',(3.402587332324,5.827155316663));
#12302 = CARTESIAN_POINT('',(3.404214300867,5.901137261073));
#12303 = CARTESIAN_POINT('',(3.405622829744,5.976201618042));
#12304 = CARTESIAN_POINT('',(3.406738411948,6.052193742148));
#12305 = CARTESIAN_POINT('',(3.407504172825,6.128908770057));
#12306 = CARTESIAN_POINT('',(3.407886670708,6.206067552667));
#12307 = CARTESIAN_POINT('',(3.407886670708,6.28318530718));
#12308 = ( GEOMETRIC_REPRESENTATION_CONTEXT(2) 
PARAMETRIC_REPRESENTATION_CONTEXT() REPRESENTATION_CONTEXT('2D SPACE',''
  ) );
#12309 = ORIENTED_EDGE('',*,*,#12310,.T.);
#12310 = EDGE_CURVE('',#12232,#11965,#12311,.T.);
#12311 = SURFACE_CURVE('',#12312,(#12333,#12357),.PCURVE_S1.);
#12312 = B_SPLINE_CURVE_WITH_KNOTS('',7,(#12313,#12314,#12315,#12316,
    #12317,#12318,#12319,#12320,#12321,#12322,#12323,#12324,#12325,
    #12326,#12327,#12328,#12329,#12330,#12331,#12332),.UNSPECIFIED.,.F.,
  .F.,(8,6,6,8),(0.,0.351763051954,0.497010841327,1.),.UNSPECIFIED.);
#12313 = CARTESIAN_POINT('',(-82.5,0.,123.83484861008));
#12314 = CARTESIAN_POINT('',(-82.5,0.11635113018,123.83484861008));
#12315 = CARTESIAN_POINT('',(-82.4936824907,0.232764754114,
    123.8440393626));
#12316 = CARTESIAN_POINT('',(-82.48103501239,0.347355952315,
    123.86243799759));
#12317 = CARTESIAN_POINT('',(-82.46255985266,0.458554370856,
    123.88963590901));
#12318 = CARTESIAN_POINT('',(-82.43909823509,0.565097283936,
    123.92503733682));
#12319 = CARTESIAN_POINT('',(-82.41169780152,0.666011365939,
    123.9679150168));
#12320 = CARTESIAN_POINT('',(-82.36901944159,0.799642141257,
    124.03793055559));
#12321 = CARTESIAN_POINT('',(-82.35606293208,0.837632400121,
    124.05953976665));
#12322 = CARTESIAN_POINT('',(-82.34269818936,0.874518854846,
    124.0822474274));
#12323 = CARTESIAN_POINT('',(-82.32900230706,0.910267864495,
    124.10600482049));
#12324 = CARTESIAN_POINT('',(-82.31505271222,0.944852646145,
    124.13076437696));
#12325 = CARTESIAN_POINT('',(-82.30092624219,0.978252329196,
    124.15648031062));
#12326 = CARTESIAN_POINT('',(-82.2374269722,1.12195416765,124.2753245565
    ));
#12327 = CARTESIAN_POINT('',(-82.18695195819,1.219021828112,
    124.37846117206));
#12328 = CARTESIAN_POINT('',(-82.13836692499,1.301108710035,
    124.49078894899));
#12329 = CARTESIAN_POINT('',(-82.09467560995,1.367984623474,
    124.61069471068));
#12330 = CARTESIAN_POINT('',(-82.05863815674,1.419705846388,
    124.73662091924));
#12331 = CARTESIAN_POINT('',(-82.03206496749,1.456533515562,
    124.86696814644));
#12332 = CARTESIAN_POINT('',(-82.01556436265,1.479020047193,125.0000006)
  );
#12333 = PCURVE('',#11974,#12334);
#12334 = DEFINITIONAL_REPRESENTATION('',(#12335),#12356);
#12335 = B_SPLINE_CURVE_WITH_KNOTS('',7,(#12336,#12337,#12338,#12339,
    #12340,#12341,#12342,#12343,#12344,#12345,#12346,#12347,#12348,
    #12349,#12350,#12351,#12352,#12353,#12354,#12355),.UNSPECIFIED.,.F.,
  .F.,(8,6,6,8),(0.,0.351763051954,0.497010841327,1.),.UNSPECIFIED.);
#12336 = CARTESIAN_POINT('',(3.14159265359,43.834848610088));
#12337 = CARTESIAN_POINT('',(3.095052201518,43.834848610088));
#12338 = CARTESIAN_POINT('',(3.048486750023,43.844039362602));
#12339 = CARTESIAN_POINT('',(3.002485632671,43.862437997596));
#12340 = CARTESIAN_POINT('',(2.957511453637,43.88963590901));
#12341 = CARTESIAN_POINT('',(2.913957018541,43.92503733682));
#12342 = CARTESIAN_POINT('',(2.872170372972,43.967915016809));
#12343 = CARTESIAN_POINT('',(2.816058161797,44.037930555599));
#12344 = CARTESIAN_POINT('',(2.800005676018,44.059539766653));
#12345 = CARTESIAN_POINT('',(2.784316880513,44.082247427405));
#12346 = CARTESIAN_POINT('',(2.769008174789,44.106004820495));
#12347 = CARTESIAN_POINT('',(2.75409477271,44.13076437696));
#12348 = CARTESIAN_POINT('',(2.739590909391,44.156480310623));
#12349 = CARTESIAN_POINT('',(2.676748407005,44.2753245565));
#12350 = CARTESIAN_POINT('',(2.633073528611,44.378461172062));
#12351 = CARTESIAN_POINT('',(2.59499693119,44.490788948997));
#12352 = CARTESIAN_POINT('',(2.56307241537,44.610694710683));
#12353 = CARTESIAN_POINT('',(2.537862044719,44.736620919248));
#12354 = CARTESIAN_POINT('',(2.519697211225,44.866968146444));
#12355 = CARTESIAN_POINT('',(2.508540766882,45.0000006));
#12356 = ( GEOMETRIC_REPRESENTATION_CONTEXT(2) 
PARAMETRIC_REPRESENTATION_CONTEXT() REPRESENTATION_CONTEXT('2D SPACE',''
  ) );
#12357 = PCURVE('',#12281,#12358);
#12358 = DEFINITIONAL_REPRESENTATION('',(#12359),#12380);
#12359 = B_SPLINE_CURVE_WITH_KNOTS('',7,(#12360,#12361,#12362,#12363,
    #12364,#12365,#12366,#12367,#12368,#12369,#12370,#12371,#12372,
    #12373,#12374,#12375,#12376,#12377,#12378,#12379),.UNSPECIFIED.,.F.,
  .F.,(8,6,6,8),(0.,0.351763051954,0.497010841327,1.),.UNSPECIFIED.);
#12360 = CARTESIAN_POINT('',(3.407886670708,0.));
#12361 = CARTESIAN_POINT('',(3.407886670708,7.756742011969E-02));
#12362 = CARTESIAN_POINT('',(3.407499699294,0.155176440304));
#12363 = CARTESIAN_POINT('',(3.406724975684,0.232333200203));
#12364 = CARTESIAN_POINT('',(3.405596749423,0.308754930714));
#12365 = CARTESIAN_POINT('',(3.404173170312,0.384234497122));
#12366 = CARTESIAN_POINT('',(3.402530341126,0.458616108609));
#12367 = CARTESIAN_POINT('',(3.400021947666,0.561976187689));
#12368 = CARTESIAN_POINT('',(3.399265958794,0.591986933774));
#12369 = CARTESIAN_POINT('',(3.398492923054,0.621800596923));
#12370 = CARTESIAN_POINT('',(3.397708974634,0.651417461774));
#12371 = CARTESIAN_POINT('',(3.396920451815,0.680839530486));
#12372 = CARTESIAN_POINT('',(3.396133849211,0.710070355015));
#12373 = CARTESIAN_POINT('',(3.392661302792,0.839695235617));
#12374 = CARTESIAN_POINT('',(3.390069745835,0.938011713816));
#12375 = CARTESIAN_POINT('',(3.387853744229,1.034363110238));
#12376 = CARTESIAN_POINT('',(3.386306684283,1.128948739813));
#12377 = CARTESIAN_POINT('',(3.385740094816,1.22193122694));
#12378 = CARTESIAN_POINT('',(3.38640151287,1.313402310851));
#12379 = CARTESIAN_POINT('',(3.38840159608,1.403348653249));
#12380 = ( GEOMETRIC_REPRESENTATION_CONTEXT(2) 
PARAMETRIC_REPRESENTATION_CONTEXT() REPRESENTATION_CONTEXT('2D SPACE',''
  ) );
#12381 = ADVANCED_FACE('',(#12382),#11986,.F.);
#12382 = FACE_BOUND('',#12383,.F.);
#12383 = EDGE_LOOP('',(#12384,#12656,#12685,#12955));
#12384 = ORIENTED_EDGE('',*,*,#12385,.F.);
#12385 = EDGE_CURVE('',#12386,#11963,#12388,.T.);
#12386 = VERTEX_POINT('',#12387);
#12387 = CARTESIAN_POINT('',(-75.02287949556,0.477777651607,125.));
#12388 = SURFACE_CURVE('',#12389,(#12476,#12566),.PCURVE_S1.);
#12389 = B_SPLINE_CURVE_WITH_KNOTS('',8,(#12390,#12391,#12392,#12393,
    #12394,#12395,#12396,#12397,#12398,#12399,#12400,#12401,#12402,
    #12403,#12404,#12405,#12406,#12407,#12408,#12409,#12410,#12411,
    #12412,#12413,#12414,#12415,#12416,#12417,#12418,#12419,#12420,
    #12421,#12422,#12423,#12424,#12425,#12426,#12427,#12428,#12429,
    #12430,#12431,#12432,#12433,#12434,#12435,#12436,#12437,#12438,
    #12439,#12440,#12441,#12442,#12443,#12444,#12445,#12446,#12447,
    #12448,#12449,#12450,#12451,#12452,#12453,#12454,#12455,#12456,
    #12457,#12458,#12459,#12460,#12461,#12462,#12463,#12464,#12465,
    #12466,#12467,#12468,#12469,#12470,#12471,#12472,#12473,#12474,
    #12475),.UNSPECIFIED.,.F.,.F.,(9,7,7,7,7,7,7,7,7,7,7,7,9),(0.,
    5.663172402394E-02,9.784058608876E-02,0.163171775346,0.346315647879,
    0.428435641026,0.499810988015,0.568547380391,0.727752825703,
    0.819834597853,0.921192828749,0.951940283352,1.),.UNSPECIFIED.);
#12390 = CARTESIAN_POINT('',(-74.87652461702,0.,125.));
#12391 = CARTESIAN_POINT('',(-74.87652461702,7.169654187032E-02,125.));
#12392 = CARTESIAN_POINT('',(-74.8837866578,0.143430004981,125.));
#12393 = CARTESIAN_POINT('',(-74.898323561,0.214429840105,125.));
#12394 = CARTESIAN_POINT('',(-74.9198591167,0.284058998513,125.));
#12395 = CARTESIAN_POINT('',(-74.94794415146,0.351801469656,125.));
#12396 = CARTESIAN_POINT('',(-74.98202190931,0.417253214168,125.));
#12397 = CARTESIAN_POINT('',(-75.02146838183,0.480113843073,125.));
#12398 = CARTESIAN_POINT('',(-75.09777038473,0.583881745088,125.));
#12399 = CARTESIAN_POINT('',(-75.13243000393,0.626137853514,125.));
#12400 = CARTESIAN_POINT('',(-75.16939235112,0.666896066054,125.));
#12401 = CARTESIAN_POINT('',(-75.20844550774,0.706131894267,125.));
#12402 = CARTESIAN_POINT('',(-75.24938951503,0.743841503367,125.));
#12403 = CARTESIAN_POINT('',(-75.29204052259,0.780038201046,125.));
#12404 = CARTESIAN_POINT('',(-75.33623493698,0.814748926291,125.));
#12405 = CARTESIAN_POINT('',(-75.45412416009,0.900742932702,125.));
#12406 = CARTESIAN_POINT('',(-75.52991113161,0.949810316234,125.));
#12407 = CARTESIAN_POINT('',(-75.60865106123,0.995380858019,125.));
#12408 = CARTESIAN_POINT('',(-75.68987748149,1.037631175182,125.));
#12409 = CARTESIAN_POINT('',(-75.77319677839,1.076746377467,125.));
#12410 = CARTESIAN_POINT('',(-75.85828669142,1.112917801483,125.));
#12411 = CARTESIAN_POINT('',(-75.94489741628,1.146338634475,125.));
#12412 = CARTESIAN_POINT('',(-76.27942895378,1.263704331089,125.));
#12413 = CARTESIAN_POINT('',(-76.53580313336,1.329804591979,125.));
#12414 = CARTESIAN_POINT('',(-76.79842851491,1.38000875372,125.));
#12415 = CARTESIAN_POINT('',(-77.06503965513,1.417177551433,125.));
#12416 = CARTESIAN_POINT('',(-77.33398285817,1.444156934132,125.));
#12417 = CARTESIAN_POINT('',(-77.60441571631,1.463193400891,125.));
#12418 = CARTESIAN_POINT('',(-77.87611623153,1.476290004179,125.));
#12419 = CARTESIAN_POINT('',(-78.27219168943,1.488984827643,125.));
#12420 = CARTESIAN_POINT('',(-78.39502455819,1.492039929311,125.));
#12421 = CARTESIAN_POINT('',(-78.51804867536,1.494366836217,125.));
#12422 = CARTESIAN_POINT('',(-78.64124115172,1.496099443979,125.));
#12423 = CARTESIAN_POINT('',(-78.76458120319,1.49735810219,125.));
#12424 = CARTESIAN_POINT('',(-78.88804997643,1.498248920903,125.));
#12425 = CARTESIAN_POINT('',(-79.01163037427,1.498863077134,125.));
#12426 = CARTESIAN_POINT('',(-79.24280145423,1.499635122527,125.));
#12427 = CARTESIAN_POINT('',(-79.35036743403,1.499842098615,125.));
#12428 = CARTESIAN_POINT('',(-79.45799327195,1.499946614467,125.));
#12429 = CARTESIAN_POINT('',(-79.56566732523,1.499988952072,125.));
#12430 = CARTESIAN_POINT('',(-79.6733778328,1.499999802343,125.));
#12431 = CARTESIAN_POINT('',(-79.78111289094,1.499999956923,125.));
#12432 = CARTESIAN_POINT('',(-79.88886042908,1.499999999978,125.));
#12433 = CARTESIAN_POINT('',(-80.10037219317,1.500000000021,125.));
#12434 = CARTESIAN_POINT('',(-80.20413654672,1.499999964706,125.));
#12435 = CARTESIAN_POINT('',(-80.30789028581,1.500000183301,125.));
#12436 = CARTESIAN_POINT('',(-80.41162261315,1.499991912127,125.));
#12437 = CARTESIAN_POINT('',(-80.5153228757,1.49995761914,125.));
#12438 = CARTESIAN_POINT('',(-80.61898054602,1.499871228487,125.));
#12439 = CARTESIAN_POINT('',(-80.72258520355,1.499698365064,125.));
#12440 = CARTESIAN_POINT('',(-81.06594621224,1.498697656535,125.));
#12441 = CARTESIAN_POINT('',(-81.30534452525,1.497307802392,125.));
#12442 = CARTESIAN_POINT('',(-81.54429224075,1.494700225463,125.));
#12443 = CARTESIAN_POINT('',(-81.78269337753,1.490125024708,125.));
#12444 = CARTESIAN_POINT('',(-82.02037956087,1.482621860443,125.));
#12445 = CARTESIAN_POINT('',(-82.25710738093,1.471063948431,125.));
#12446 = CARTESIAN_POINT('',(-82.49255047965,1.454160869456,125.));
#12447 = CARTESIAN_POINT('',(-82.86146227005,1.416574508256,125.));
#12448 = CARTESIAN_POINT('',(-82.99601459781,1.400495236348,125.));
#12449 = CARTESIAN_POINT('',(-83.12986313242,1.381810429455,125.));
#12450 = CARTESIAN_POINT('',(-83.2628733254,1.360191096221,125.));
#12451 = CARTESIAN_POINT('',(-83.39484965033,1.335282741588,125.));
#12452 = CARTESIAN_POINT('',(-83.52553347014,1.306701689288,125.));
#12453 = CARTESIAN_POINT('',(-83.65459716225,1.274023661037,125.));
#12454 = CARTESIAN_POINT('',(-83.92146977636,1.195752030201,125.));
#12455 = CARTESIAN_POINT('',(-84.05859280835,1.149264331139,125.));
#12456 = CARTESIAN_POINT('',(-84.19271562579,1.096616335841,125.));
#12457 = CARTESIAN_POINT('',(-84.32310026189,1.037086401043,125.));
#12458 = CARTESIAN_POINT('',(-84.44855437848,0.969936189755,125.));
#12459 = CARTESIAN_POINT('',(-84.5674748109,0.894487307017,125.));
#12460 = CARTESIAN_POINT('',(-84.67785918251,0.810174131995,125.));
#12461 = CARTESIAN_POINT('',(-84.80734294158,0.688073353786,125.));
#12462 = CARTESIAN_POINT('',(-84.83644365814,0.658811737947,125.));
#12463 = CARTESIAN_POINT('',(-84.86443163454,0.628703798649,125.));
#12464 = CARTESIAN_POINT('',(-84.8912236598,0.597751776305,125.));
#12465 = CARTESIAN_POINT('',(-84.91673130176,0.565964801756,125.));
#12466 = CARTESIAN_POINT('',(-84.94086264439,0.533360015338,125.));
#12467 = CARTESIAN_POINT('',(-84.96352402494,0.499963685963,125.));
#12468 = CARTESIAN_POINT('',(-85.01759854014,0.412432156038,125.));
#12469 = CARTESIAN_POINT('',(-85.04677684576,0.357173062016,125.));
#12470 = CARTESIAN_POINT('',(-85.07176258772,0.300216207834,125.));
#12471 = CARTESIAN_POINT('',(-85.09219725544,0.2417930202,125.));
#12472 = CARTESIAN_POINT('',(-85.1077705191,0.182188447682,125.));
#12473 = CARTESIAN_POINT('',(-85.11824245181,0.12174396248,125.));
#12474 = CARTESIAN_POINT('',(-85.12347538298,6.08603091096E-02,125.));
#12475 = CARTESIAN_POINT('',(-85.12347538298,0.,125.));
#12476 = PCURVE('',#11986,#12477);
#12477 = DEFINITIONAL_REPRESENTATION('',(#12478),#12565);
#12478 = B_SPLINE_CURVE_WITH_KNOTS('',8,(#12479,#12480,#12481,#12482,
    #12483,#12484,#12485,#12486,#12487,#12488,#12489,#12490,#12491,
    #12492,#12493,#12494,#12495,#12496,#12497,#12498,#12499,#12500,
    #12501,#12502,#12503,#12504,#12505,#12506,#12507,#12508,#12509,
    #12510,#12511,#12512,#12513,#12514,#12515,#12516,#12517,#12518,
    #12519,#12520,#12521,#12522,#12523,#12524,#12525,#12526,#12527,
    #12528,#12529,#12530,#12531,#12532,#12533,#12534,#12535,#12536,
    #12537,#12538,#12539,#12540,#12541,#12542,#12543,#12544,#12545,
    #12546,#12547,#12548,#12549,#12550,#12551,#12552,#12553,#12554,
    #12555,#12556,#12557,#12558,#12559,#12560,#12561,#12562,#12563,
    #12564),.UNSPECIFIED.,.F.,.F.,(9,7,7,7,7,7,7,7,7,7,7,7,9),(0.,
    5.663172402394E-02,9.784058608876E-02,0.163171775346,0.346315647879,
    0.428435641026,0.499810988015,0.568547380391,0.727752825703,
    0.819834597853,0.921192828749,0.951940283352,1.),.UNSPECIFIED.);
#12479 = CARTESIAN_POINT('',(5.12347538298,0.));
#12480 = CARTESIAN_POINT('',(5.12347538298,7.169654187032E-02));
#12481 = CARTESIAN_POINT('',(5.116213342195,0.143430004981));
#12482 = CARTESIAN_POINT('',(5.101676438996,0.214429840105));
#12483 = CARTESIAN_POINT('',(5.080140883296,0.284058998513));
#12484 = CARTESIAN_POINT('',(5.05205584854,0.351801469656));
#12485 = CARTESIAN_POINT('',(5.017978090688,0.417253214168));
#12486 = CARTESIAN_POINT('',(4.978531618168,0.480113843073));
#12487 = CARTESIAN_POINT('',(4.902229615264,0.583881745088));
#12488 = CARTESIAN_POINT('',(4.867569996066,0.626137853514));
#12489 = CARTESIAN_POINT('',(4.83060764888,0.666896066054));
#12490 = CARTESIAN_POINT('',(4.791554492256,0.706131894267));
#12491 = CARTESIAN_POINT('',(4.750610484963,0.743841503367));
#12492 = CARTESIAN_POINT('',(4.707959477402,0.780038201046));
#12493 = CARTESIAN_POINT('',(4.663765063015,0.814748926291));
#12494 = CARTESIAN_POINT('',(4.545875839906,0.900742932702));
#12495 = CARTESIAN_POINT('',(4.470088868382,0.949810316234));
#12496 = CARTESIAN_POINT('',(4.391348938762,0.995380858019));
#12497 = CARTESIAN_POINT('',(4.310122518502,1.037631175182));
#12498 = CARTESIAN_POINT('',(4.226803221601,1.076746377467));
#12499 = CARTESIAN_POINT('',(4.141713308578,1.112917801483));
#12500 = CARTESIAN_POINT('',(4.055102583714,1.146338634475));
#12501 = CARTESIAN_POINT('',(3.720571046215,1.263704331089));
#12502 = CARTESIAN_POINT('',(3.464196866635,1.329804591979));
#12503 = CARTESIAN_POINT('',(3.201571485081,1.38000875372));
#12504 = CARTESIAN_POINT('',(2.934960344863,1.417177551433));
#12505 = CARTESIAN_POINT('',(2.666017141824,1.444156934132));
#12506 = CARTESIAN_POINT('',(2.395584283689,1.463193400891));
#12507 = CARTESIAN_POINT('',(2.12388376847,1.476290004179));
#12508 = CARTESIAN_POINT('',(1.727808310564,1.488984827643));
#12509 = CARTESIAN_POINT('',(1.60497544181,1.492039929311));
#12510 = CARTESIAN_POINT('',(1.481951324632,1.494366836217));
#12511 = CARTESIAN_POINT('',(1.358758848278,1.496099443979));
#12512 = CARTESIAN_POINT('',(1.235418796801,1.49735810219));
#12513 = CARTESIAN_POINT('',(1.111950023561,1.498248920903));
#12514 = CARTESIAN_POINT('',(0.988369625724,1.498863077134));
#12515 = CARTESIAN_POINT('',(0.757198545768,1.499635122527));
#12516 = CARTESIAN_POINT('',(0.649632565962,1.499842098615));
#12517 = CARTESIAN_POINT('',(0.542006728044,1.499946614467));
#12518 = CARTESIAN_POINT('',(0.434332674761,1.499988952072));
#12519 = CARTESIAN_POINT('',(0.326622167197,1.499999802343));
#12520 = CARTESIAN_POINT('',(0.218887109051,1.499999956923));
#12521 = CARTESIAN_POINT('',(0.111139570919,1.499999999978));
#12522 = CARTESIAN_POINT('',(-0.100372193175,1.500000000021));
#12523 = CARTESIAN_POINT('',(-0.204136546724,1.499999964706));
#12524 = CARTESIAN_POINT('',(-0.307890285818,1.500000183301));
#12525 = CARTESIAN_POINT('',(-0.411622613156,1.499991912127));
#12526 = CARTESIAN_POINT('',(-0.515322875709,1.49995761914));
#12527 = CARTESIAN_POINT('',(-0.618980546029,1.499871228487));
#12528 = CARTESIAN_POINT('',(-0.722585203555,1.499698365064));
#12529 = CARTESIAN_POINT('',(-1.06594621224,1.498697656535));
#12530 = CARTESIAN_POINT('',(-1.305344525255,1.497307802392));
#12531 = CARTESIAN_POINT('',(-1.544292240755,1.494700225463));
#12532 = CARTESIAN_POINT('',(-1.782693377532,1.490125024708));
#12533 = CARTESIAN_POINT('',(-2.020379560877,1.482621860443));
#12534 = CARTESIAN_POINT('',(-2.257107380936,1.471063948431));
#12535 = CARTESIAN_POINT('',(-2.492550479654,1.454160869456));
#12536 = CARTESIAN_POINT('',(-2.861462270058,1.416574508256));
#12537 = CARTESIAN_POINT('',(-2.99601459781,1.400495236348));
#12538 = CARTESIAN_POINT('',(-3.12986313242,1.381810429455));
#12539 = CARTESIAN_POINT('',(-3.262873325409,1.360191096221));
#12540 = CARTESIAN_POINT('',(-3.39484965033,1.335282741588));
#12541 = CARTESIAN_POINT('',(-3.525533470142,1.306701689288));
#12542 = CARTESIAN_POINT('',(-3.654597162254,1.274023661037));
#12543 = CARTESIAN_POINT('',(-3.921469776369,1.195752030201));
#12544 = CARTESIAN_POINT('',(-4.058592808354,1.149264331139));
#12545 = CARTESIAN_POINT('',(-4.192715625797,1.096616335841));
#12546 = CARTESIAN_POINT('',(-4.323100261896,1.037086401043));
#12547 = CARTESIAN_POINT('',(-4.448554378484,0.969936189755));
#12548 = CARTESIAN_POINT('',(-4.567474810906,0.894487307017));
#12549 = CARTESIAN_POINT('',(-4.67785918251,0.810174131995));
#12550 = CARTESIAN_POINT('',(-4.807342941582,0.688073353786));
#12551 = CARTESIAN_POINT('',(-4.836443658142,0.658811737947));
#12552 = CARTESIAN_POINT('',(-4.864431634547,0.628703798649));
#12553 = CARTESIAN_POINT('',(-4.891223659801,0.597751776305));
#12554 = CARTESIAN_POINT('',(-4.916731301767,0.565964801756));
#12555 = CARTESIAN_POINT('',(-4.940862644395,0.533360015338));
#12556 = CARTESIAN_POINT('',(-4.96352402494,0.499963685963));
#12557 = CARTESIAN_POINT('',(-5.017598540143,0.412432156038));
#12558 = CARTESIAN_POINT('',(-5.046776845765,0.357173062016));
#12559 = CARTESIAN_POINT('',(-5.071762587722,0.300216207834));
#12560 = CARTESIAN_POINT('',(-5.092197255446,0.2417930202));
#12561 = CARTESIAN_POINT('',(-5.107770519109,0.182188447682));
#12562 = CARTESIAN_POINT('',(-5.118242451812,0.12174396248));
#12563 = CARTESIAN_POINT('',(-5.12347538298,6.08603091096E-02));
#12564 = CARTESIAN_POINT('',(-5.12347538298,0.));
#12565 = ( GEOMETRIC_REPRESENTATION_CONTEXT(2) 
PARAMETRIC_REPRESENTATION_CONTEXT() REPRESENTATION_CONTEXT('2D SPACE',''
  ) );
#12566 = PCURVE('',#12048,#12567);
#12567 = DEFINITIONAL_REPRESENTATION('',(#12568),#12655);
#12568 = B_SPLINE_CURVE_WITH_KNOTS('',8,(#12569,#12570,#12571,#12572,
    #12573,#12574,#12575,#12576,#12577,#12578,#12579,#12580,#12581,
    #12582,#12583,#12584,#12585,#12586,#12587,#12588,#12589,#12590,
    #12591,#12592,#12593,#12594,#12595,#12596,#12597,#12598,#12599,
    #12600,#12601,#12602,#12603,#12604,#12605,#12606,#12607,#12608,
    #12609,#12610,#12611,#12612,#12613,#12614,#12615,#12616,#12617,
    #12618,#12619,#12620,#12621,#12622,#12623,#12624,#12625,#12626,
    #12627,#12628,#12629,#12630,#12631,#12632,#12633,#12634,#12635,
    #12636,#12637,#12638,#12639,#12640,#12641,#12642,#12643,#12644,
    #12645,#12646,#12647,#12648,#12649,#12650,#12651,#12652,#12653,
    #12654),.UNSPECIFIED.,.F.,.F.,(9,7,7,7,7,7,7,7,7,7,7,7,9),(0.,
    5.663172402394E-02,9.784058608876E-02,0.163171775346,0.346315647879,
    0.428435641026,0.499810988015,0.568547380391,0.727752825703,
    0.819834597853,0.921192828749,0.951940283352,1.),.UNSPECIFIED.);
#12569 = CARTESIAN_POINT('',(2.571971334517,0.));
#12570 = CARTESIAN_POINT('',(2.571971334517,4.779769458021E-02));
#12571 = CARTESIAN_POINT('',(2.572615063058,9.561999435788E-02));
#12572 = CARTESIAN_POINT('',(2.573903644468,0.143119654211));
#12573 = CARTESIAN_POINT('',(2.575815601772,0.190038947078));
#12574 = CARTESIAN_POINT('',(2.578317031672,0.236175305298));
#12575 = CARTESIAN_POINT('',(2.581366177544,0.281364260828));
#12576 = CARTESIAN_POINT('',(2.584915546743,0.325472511901));
#12577 = CARTESIAN_POINT('',(2.591824771543,0.399626320854));
#12578 = CARTESIAN_POINT('',(2.594975159568,0.430253361652));
#12579 = CARTESIAN_POINT('',(2.598349324543,0.460257629902));
#12580 = CARTESIAN_POINT('',(2.601931238977,0.489629721918));
#12581 = CARTESIAN_POINT('',(2.605705746447,0.518367491393));
#12582 = CARTESIAN_POINT('',(2.609658902089,0.546475274255));
#12583 = CARTESIAN_POINT('',(2.613778313084,0.573963113527));
#12584 = CARTESIAN_POINT('',(2.624831188347,0.643465212746));
#12585 = CARTESIAN_POINT('',(2.631997316824,0.68454521013));
#12586 = CARTESIAN_POINT('',(2.639511186276,0.724159959747));
#12587 = CARTESIAN_POINT('',(2.647337398593,0.762371795405));
#12588 = CARTESIAN_POINT('',(2.655445497172,0.79923882197));
#12589 = CARTESIAN_POINT('',(2.66381007163,0.834819696289));
#12590 = CARTESIAN_POINT('',(2.672411305942,0.869175768353));
#12591 = CARTESIAN_POINT('',(2.705974279004,0.995426088436));
#12592 = CARTESIAN_POINT('',(2.732389539021,1.079061285588));
#12593 = CARTESIAN_POINT('',(2.760209929068,1.154922050181));
#12594 = CARTESIAN_POINT('',(2.789230252151,1.223444051804));
#12595 = CARTESIAN_POINT('',(2.819260086634,1.285041892269));
#12596 = CARTESIAN_POINT('',(2.850159304935,1.339855918774));
#12597 = CARTESIAN_POINT('',(2.881840539415,1.388019273747));
#12598 = CARTESIAN_POINT('',(2.928835678965,1.448122723696));
#12599 = CARTESIAN_POINT('',(2.943521944543,1.465368562916));
#12600 = CARTESIAN_POINT('',(2.958335628216,1.48124741277));
#12601 = CARTESIAN_POINT('',(2.973265999609,1.495749257256));
#12602 = CARTESIAN_POINT('',(2.988301833944,1.508861566084));
#12603 = CARTESIAN_POINT('',(3.003431485956,1.520570704483));
#12604 = CARTESIAN_POINT('',(3.018642963818,1.530863343006));
#12605 = CARTESIAN_POINT('',(3.047205658796,1.547432550142));
#12606 = CARTESIAN_POINT('',(3.060539717235,1.554058284515));
#12607 = CARTESIAN_POINT('',(3.073917966687,1.559597114348));
#12608 = CARTESIAN_POINT('',(3.087331917326,1.564042071576));
#12609 = CARTESIAN_POINT('',(3.100772863264,1.567387487832));
#12610 = CARTESIAN_POINT('',(3.114231944634,1.569629306107));
#12611 = CARTESIAN_POINT('',(3.127700209671,1.570765392413));
#12612 = CARTESIAN_POINT('',(3.154139175431,1.570825176465));
#12613 = CARTESIAN_POINT('',(3.167109881075,1.569829114256));
#12614 = CARTESIAN_POINT('',(3.180072771277,1.567807513203));
#12615 = CARTESIAN_POINT('',(3.193019846675,1.564762134003));
#12616 = CARTESIAN_POINT('',(3.205943182929,1.560696399541));
#12617 = CARTESIAN_POINT('',(3.218834982653,1.555615148746));
#12618 = CARTESIAN_POINT('',(3.231687627344,1.549524390463));
#12619 = CARTESIAN_POINT('',(3.274154889828,1.526001663469));
#12620 = CARTESIAN_POINT('',(3.303556269578,1.504199385198));
#12621 = CARTESIAN_POINT('',(3.332618563586,1.477107625711));
#12622 = CARTESIAN_POINT('',(3.361260055012,1.444826878306));
#12623 = CARTESIAN_POINT('',(3.389399020168,1.407449312742));
#12624 = CARTESIAN_POINT('',(3.416956556229,1.365035648856));
#12625 = CARTESIAN_POINT('',(3.443858416425,1.317568849892));
#12626 = CARTESIAN_POINT('',(3.485174211174,1.234372767868));
#12627 = CARTESIAN_POINT('',(3.500064680754,1.202145277542));
#12628 = CARTESIAN_POINT('',(3.51469381963,1.168140828232));
#12629 = CARTESIAN_POINT('',(3.529044292856,1.132312270392));
#12630 = CARTESIAN_POINT('',(3.543094354169,1.094602971808));
#12631 = CARTESIAN_POINT('',(3.556818349355,1.054942023137));
#12632 = CARTESIAN_POINT('',(3.570186825969,1.013232850955));
#12633 = CARTESIAN_POINT('',(3.597453239814,0.921015312888));
#12634 = CARTESIAN_POINT('',(3.611242572307,0.87013270325));
#12635 = CARTESIAN_POINT('',(3.624516896332,0.81643108719));
#12636 = CARTESIAN_POINT('',(3.637216281878,0.759679958247));
#12637 = CARTESIAN_POINT('',(3.649243816299,0.699666418985));
#12638 = CARTESIAN_POINT('',(3.660474872217,0.636199349033));
#12639 = CARTESIAN_POINT('',(3.670760382604,0.569079733139));
#12640 = CARTESIAN_POINT('',(3.682691387598,0.476425842189));
#12641 = CARTESIAN_POINT('',(3.68536228922,0.454510169068));
#12642 = CARTESIAN_POINT('',(3.68792139835,0.432242431813));
#12643 = CARTESIAN_POINT('',(3.690362416156,0.409623585657));
#12644 = CARTESIAN_POINT('',(3.692678645023,0.386657401789));
#12645 = CARTESIAN_POINT('',(3.694863122921,0.363350844726));
#12646 = CARTESIAN_POINT('',(3.696908757776,0.339714449699));
#12647 = CARTESIAN_POINT('',(3.701777788572,0.278324989557));
#12648 = CARTESIAN_POINT('',(3.70439254097,0.240092857199));
#12649 = CARTESIAN_POINT('',(3.706622275143,0.201152079107));
#12650 = CARTESIAN_POINT('',(3.708439850625,0.16160278713));
#12651 = CARTESIAN_POINT('',(3.70982186636,0.121560818705));
#12652 = CARTESIAN_POINT('',(3.710750103167,8.116259673324E-02));
#12653 = CARTESIAN_POINT('',(3.711213972663,4.05735394064E-02));
#12654 = CARTESIAN_POINT('',(3.711213972663,0.));
#12655 = ( GEOMETRIC_REPRESENTATION_CONTEXT(2) 
PARAMETRIC_REPRESENTATION_CONTEXT() REPRESENTATION_CONTEXT('2D SPACE',''
  ) );
#12656 = ORIENTED_EDGE('',*,*,#12657,.T.);
#12657 = EDGE_CURVE('',#12386,#12658,#12660,.T.);
#12658 = VERTEX_POINT('',#12659);
#12659 = CARTESIAN_POINT('',(-84.97712050443,0.477777651607,125.));
#12660 = SURFACE_CURVE('',#12661,(#12666,#12673),.PCURVE_S1.);
#12661 = CIRCLE('',#12662,5.);
#12662 = AXIS2_PLACEMENT_3D('',#12663,#12664,#12665);
#12663 = CARTESIAN_POINT('',(-80.,0.,125.));
#12664 = DIRECTION('',(0.,0.,1.));
#12665 = DIRECTION('',(1.,0.,-0.));
#12666 = PCURVE('',#11986,#12667);
#12667 = DEFINITIONAL_REPRESENTATION('',(#12668),#12672);
#12668 = CIRCLE('',#12669,5.);
#12669 = AXIS2_PLACEMENT_2D('',#12670,#12671);
#12670 = CARTESIAN_POINT('',(0.,0.));
#12671 = DIRECTION('',(1.,0.));
#12672 = ( GEOMETRIC_REPRESENTATION_CONTEXT(2) 
PARAMETRIC_REPRESENTATION_CONTEXT() REPRESENTATION_CONTEXT('2D SPACE',''
  ) );
#12673 = PCURVE('',#12674,#12679);
#12674 = CYLINDRICAL_SURFACE('',#12675,5.);
#12675 = AXIS2_PLACEMENT_3D('',#12676,#12677,#12678);
#12676 = CARTESIAN_POINT('',(-80.,0.,125.));
#12677 = DIRECTION('',(0.,0.,1.));
#12678 = DIRECTION('',(1.,0.,-0.));
#12679 = DEFINITIONAL_REPRESENTATION('',(#12680),#12684);
#12680 = LINE('',#12681,#12682);
#12681 = CARTESIAN_POINT('',(0.,0.));
#12682 = VECTOR('',#12683,1.);
#12683 = DIRECTION('',(1.,0.));
#12684 = ( GEOMETRIC_REPRESENTATION_CONTEXT(2) 
PARAMETRIC_REPRESENTATION_CONTEXT() REPRESENTATION_CONTEXT('2D SPACE',''
  ) );
#12685 = ORIENTED_EDGE('',*,*,#12686,.F.);
#12686 = EDGE_CURVE('',#11965,#12658,#12687,.T.);
#12687 = SURFACE_CURVE('',#12688,(#12775,#12865),.PCURVE_S1.);
#12688 = B_SPLINE_CURVE_WITH_KNOTS('',8,(#12689,#12690,#12691,#12692,
    #12693,#12694,#12695,#12696,#12697,#12698,#12699,#12700,#12701,
    #12702,#12703,#12704,#12705,#12706,#12707,#12708,#12709,#12710,
    #12711,#12712,#12713,#12714,#12715,#12716,#12717,#12718,#12719,
    #12720,#12721,#12722,#12723,#12724,#12725,#12726,#12727,#12728,
    #12729,#12730,#12731,#12732,#12733,#12734,#12735,#12736,#12737,
    #12738,#12739,#12740,#12741,#12742,#12743,#12744,#12745,#12746,
    #12747,#12748,#12749,#12750,#12751,#12752,#12753,#12754,#12755,
    #12756,#12757,#12758,#12759,#12760,#12761,#12762,#12763,#12764,
    #12765,#12766,#12767,#12768,#12769,#12770,#12771,#12772,#12773,
    #12774),.UNSPECIFIED.,.F.,.F.,(9,7,7,7,7,7,7,7,7,7,7,7,9),(0.,
    5.663172402394E-02,9.784058608876E-02,0.163171775346,0.346315647879,
    0.428435641026,0.499810988015,0.568547380391,0.727752825703,
    0.819834597853,0.921192828749,0.951940283352,1.),.UNSPECIFIED.);
#12689 = CARTESIAN_POINT('',(-74.87652461702,0.,125.));
#12690 = CARTESIAN_POINT('',(-74.87652461702,7.169654187032E-02,125.));
#12691 = CARTESIAN_POINT('',(-74.8837866578,0.143430004981,125.));
#12692 = CARTESIAN_POINT('',(-74.898323561,0.214429840105,125.));
#12693 = CARTESIAN_POINT('',(-74.9198591167,0.284058998513,125.));
#12694 = CARTESIAN_POINT('',(-74.94794415146,0.351801469656,125.));
#12695 = CARTESIAN_POINT('',(-74.98202190931,0.417253214168,125.));
#12696 = CARTESIAN_POINT('',(-75.02146838183,0.480113843073,125.));
#12697 = CARTESIAN_POINT('',(-75.09777038473,0.583881745088,125.));
#12698 = CARTESIAN_POINT('',(-75.13243000393,0.626137853514,125.));
#12699 = CARTESIAN_POINT('',(-75.16939235112,0.666896066054,125.));
#12700 = CARTESIAN_POINT('',(-75.20844550774,0.706131894267,125.));
#12701 = CARTESIAN_POINT('',(-75.24938951503,0.743841503367,125.));
#12702 = CARTESIAN_POINT('',(-75.29204052259,0.780038201046,125.));
#12703 = CARTESIAN_POINT('',(-75.33623493698,0.814748926291,125.));
#12704 = CARTESIAN_POINT('',(-75.45412416009,0.900742932702,125.));
#12705 = CARTESIAN_POINT('',(-75.52991113161,0.949810316234,125.));
#12706 = CARTESIAN_POINT('',(-75.60865106123,0.995380858019,125.));
#12707 = CARTESIAN_POINT('',(-75.68987748149,1.037631175182,125.));
#12708 = CARTESIAN_POINT('',(-75.77319677839,1.076746377467,125.));
#12709 = CARTESIAN_POINT('',(-75.85828669142,1.112917801483,125.));
#12710 = CARTESIAN_POINT('',(-75.94489741628,1.146338634475,125.));
#12711 = CARTESIAN_POINT('',(-76.27942895378,1.263704331089,125.));
#12712 = CARTESIAN_POINT('',(-76.53580313336,1.329804591979,125.));
#12713 = CARTESIAN_POINT('',(-76.79842851491,1.38000875372,125.));
#12714 = CARTESIAN_POINT('',(-77.06503965513,1.417177551433,125.));
#12715 = CARTESIAN_POINT('',(-77.33398285817,1.444156934132,125.));
#12716 = CARTESIAN_POINT('',(-77.60441571631,1.463193400891,125.));
#12717 = CARTESIAN_POINT('',(-77.87611623153,1.476290004179,125.));
#12718 = CARTESIAN_POINT('',(-78.27219168943,1.488984827643,125.));
#12719 = CARTESIAN_POINT('',(-78.39502455819,1.492039929311,125.));
#12720 = CARTESIAN_POINT('',(-78.51804867536,1.494366836217,125.));
#12721 = CARTESIAN_POINT('',(-78.64124115172,1.496099443979,125.));
#12722 = CARTESIAN_POINT('',(-78.76458120319,1.49735810219,125.));
#12723 = CARTESIAN_POINT('',(-78.88804997643,1.498248920903,125.));
#12724 = CARTESIAN_POINT('',(-79.01163037427,1.498863077134,125.));
#12725 = CARTESIAN_POINT('',(-79.24280145423,1.499635122527,125.));
#12726 = CARTESIAN_POINT('',(-79.35036743403,1.499842098615,125.));
#12727 = CARTESIAN_POINT('',(-79.45799327195,1.499946614467,125.));
#12728 = CARTESIAN_POINT('',(-79.56566732523,1.499988952072,125.));
#12729 = CARTESIAN_POINT('',(-79.6733778328,1.499999802343,125.));
#12730 = CARTESIAN_POINT('',(-79.78111289094,1.499999956923,125.));
#12731 = CARTESIAN_POINT('',(-79.88886042908,1.499999999978,125.));
#12732 = CARTESIAN_POINT('',(-80.10037219317,1.500000000021,125.));
#12733 = CARTESIAN_POINT('',(-80.20413654672,1.499999964706,125.));
#12734 = CARTESIAN_POINT('',(-80.30789028581,1.500000183301,125.));
#12735 = CARTESIAN_POINT('',(-80.41162261315,1.499991912127,125.));
#12736 = CARTESIAN_POINT('',(-80.5153228757,1.49995761914,125.));
#12737 = CARTESIAN_POINT('',(-80.61898054602,1.499871228487,125.));
#12738 = CARTESIAN_POINT('',(-80.72258520355,1.499698365064,125.));
#12739 = CARTESIAN_POINT('',(-81.06594621224,1.498697656535,125.));
#12740 = CARTESIAN_POINT('',(-81.30534452525,1.497307802392,125.));
#12741 = CARTESIAN_POINT('',(-81.54429224075,1.494700225463,125.));
#12742 = CARTESIAN_POINT('',(-81.78269337753,1.490125024708,125.));
#12743 = CARTESIAN_POINT('',(-82.02037956087,1.482621860443,125.));
#12744 = CARTESIAN_POINT('',(-82.25710738093,1.471063948431,125.));
#12745 = CARTESIAN_POINT('',(-82.49255047965,1.454160869456,125.));
#12746 = CARTESIAN_POINT('',(-82.86146227005,1.416574508256,125.));
#12747 = CARTESIAN_POINT('',(-82.99601459781,1.400495236348,125.));
#12748 = CARTESIAN_POINT('',(-83.12986313242,1.381810429455,125.));
#12749 = CARTESIAN_POINT('',(-83.2628733254,1.360191096221,125.));
#12750 = CARTESIAN_POINT('',(-83.39484965033,1.335282741588,125.));
#12751 = CARTESIAN_POINT('',(-83.52553347014,1.306701689288,125.));
#12752 = CARTESIAN_POINT('',(-83.65459716225,1.274023661037,125.));
#12753 = CARTESIAN_POINT('',(-83.92146977636,1.195752030201,125.));
#12754 = CARTESIAN_POINT('',(-84.05859280835,1.149264331139,125.));
#12755 = CARTESIAN_POINT('',(-84.19271562579,1.096616335841,125.));
#12756 = CARTESIAN_POINT('',(-84.32310026189,1.037086401043,125.));
#12757 = CARTESIAN_POINT('',(-84.44855437848,0.969936189755,125.));
#12758 = CARTESIAN_POINT('',(-84.5674748109,0.894487307017,125.));
#12759 = CARTESIAN_POINT('',(-84.67785918251,0.810174131995,125.));
#12760 = CARTESIAN_POINT('',(-84.80734294158,0.688073353786,125.));
#12761 = CARTESIAN_POINT('',(-84.83644365814,0.658811737947,125.));
#12762 = CARTESIAN_POINT('',(-84.86443163454,0.628703798649,125.));
#12763 = CARTESIAN_POINT('',(-84.8912236598,0.597751776305,125.));
#12764 = CARTESIAN_POINT('',(-84.91673130176,0.565964801756,125.));
#12765 = CARTESIAN_POINT('',(-84.94086264439,0.533360015338,125.));
#12766 = CARTESIAN_POINT('',(-84.96352402494,0.499963685963,125.));
#12767 = CARTESIAN_POINT('',(-85.01759854014,0.412432156038,125.));
#12768 = CARTESIAN_POINT('',(-85.04677684576,0.357173062016,125.));
#12769 = CARTESIAN_POINT('',(-85.07176258772,0.300216207834,125.));
#12770 = CARTESIAN_POINT('',(-85.09219725544,0.2417930202,125.));
#12771 = CARTESIAN_POINT('',(-85.1077705191,0.182188447682,125.));
#12772 = CARTESIAN_POINT('',(-85.11824245181,0.12174396248,125.));
#12773 = CARTESIAN_POINT('',(-85.12347538298,6.08603091096E-02,125.));
#12774 = CARTESIAN_POINT('',(-85.12347538298,0.,125.));
#12775 = PCURVE('',#11986,#12776);
#12776 = DEFINITIONAL_REPRESENTATION('',(#12777),#12864);
#12777 = B_SPLINE_CURVE_WITH_KNOTS('',8,(#12778,#12779,#12780,#12781,
    #12782,#12783,#12784,#12785,#12786,#12787,#12788,#12789,#12790,
    #12791,#12792,#12793,#12794,#12795,#12796,#12797,#12798,#12799,
    #12800,#12801,#12802,#12803,#12804,#12805,#12806,#12807,#12808,
    #12809,#12810,#12811,#12812,#12813,#12814,#12815,#12816,#12817,
    #12818,#12819,#12820,#12821,#12822,#12823,#12824,#12825,#12826,
    #12827,#12828,#12829,#12830,#12831,#12832,#12833,#12834,#12835,
    #12836,#12837,#12838,#12839,#12840,#12841,#12842,#12843,#12844,
    #12845,#12846,#12847,#12848,#12849,#12850,#12851,#12852,#12853,
    #12854,#12855,#12856,#12857,#12858,#12859,#12860,#12861,#12862,
    #12863),.UNSPECIFIED.,.F.,.F.,(9,7,7,7,7,7,7,7,7,7,7,7,9),(0.,
    5.663172402394E-02,9.784058608876E-02,0.163171775346,0.346315647879,
    0.428435641026,0.499810988015,0.568547380391,0.727752825703,
    0.819834597853,0.921192828749,0.951940283352,1.),.UNSPECIFIED.);
#12778 = CARTESIAN_POINT('',(5.12347538298,0.));
#12779 = CARTESIAN_POINT('',(5.12347538298,7.169654187032E-02));
#12780 = CARTESIAN_POINT('',(5.116213342195,0.143430004981));
#12781 = CARTESIAN_POINT('',(5.101676438996,0.214429840105));
#12782 = CARTESIAN_POINT('',(5.080140883296,0.284058998513));
#12783 = CARTESIAN_POINT('',(5.05205584854,0.351801469656));
#12784 = CARTESIAN_POINT('',(5.017978090688,0.417253214168));
#12785 = CARTESIAN_POINT('',(4.978531618168,0.480113843073));
#12786 = CARTESIAN_POINT('',(4.902229615264,0.583881745088));
#12787 = CARTESIAN_POINT('',(4.867569996066,0.626137853514));
#12788 = CARTESIAN_POINT('',(4.83060764888,0.666896066054));
#12789 = CARTESIAN_POINT('',(4.791554492256,0.706131894267));
#12790 = CARTESIAN_POINT('',(4.750610484963,0.743841503367));
#12791 = CARTESIAN_POINT('',(4.707959477402,0.780038201046));
#12792 = CARTESIAN_POINT('',(4.663765063015,0.814748926291));
#12793 = CARTESIAN_POINT('',(4.545875839906,0.900742932702));
#12794 = CARTESIAN_POINT('',(4.470088868382,0.949810316234));
#12795 = CARTESIAN_POINT('',(4.391348938762,0.995380858019));
#12796 = CARTESIAN_POINT('',(4.310122518502,1.037631175182));
#12797 = CARTESIAN_POINT('',(4.226803221601,1.076746377467));
#12798 = CARTESIAN_POINT('',(4.141713308578,1.112917801483));
#12799 = CARTESIAN_POINT('',(4.055102583714,1.146338634475));
#12800 = CARTESIAN_POINT('',(3.720571046215,1.263704331089));
#12801 = CARTESIAN_POINT('',(3.464196866635,1.329804591979));
#12802 = CARTESIAN_POINT('',(3.201571485081,1.38000875372));
#12803 = CARTESIAN_POINT('',(2.934960344863,1.417177551433));
#12804 = CARTESIAN_POINT('',(2.666017141824,1.444156934132));
#12805 = CARTESIAN_POINT('',(2.395584283689,1.463193400891));
#12806 = CARTESIAN_POINT('',(2.12388376847,1.476290004179));
#12807 = CARTESIAN_POINT('',(1.727808310564,1.488984827643));
#12808 = CARTESIAN_POINT('',(1.60497544181,1.492039929311));
#12809 = CARTESIAN_POINT('',(1.481951324632,1.494366836217));
#12810 = CARTESIAN_POINT('',(1.358758848278,1.496099443979));
#12811 = CARTESIAN_POINT('',(1.235418796801,1.49735810219));
#12812 = CARTESIAN_POINT('',(1.111950023561,1.498248920903));
#12813 = CARTESIAN_POINT('',(0.988369625724,1.498863077134));
#12814 = CARTESIAN_POINT('',(0.757198545768,1.499635122527));
#12815 = CARTESIAN_POINT('',(0.649632565962,1.499842098615));
#12816 = CARTESIAN_POINT('',(0.542006728044,1.499946614467));
#12817 = CARTESIAN_POINT('',(0.434332674761,1.499988952072));
#12818 = CARTESIAN_POINT('',(0.326622167197,1.499999802343));
#12819 = CARTESIAN_POINT('',(0.218887109051,1.499999956923));
#12820 = CARTESIAN_POINT('',(0.111139570919,1.499999999978));
#12821 = CARTESIAN_POINT('',(-0.100372193175,1.500000000021));
#12822 = CARTESIAN_POINT('',(-0.204136546724,1.499999964706));
#12823 = CARTESIAN_POINT('',(-0.307890285818,1.500000183301));
#12824 = CARTESIAN_POINT('',(-0.411622613156,1.499991912127));
#12825 = CARTESIAN_POINT('',(-0.515322875709,1.49995761914));
#12826 = CARTESIAN_POINT('',(-0.618980546029,1.499871228487));
#12827 = CARTESIAN_POINT('',(-0.722585203555,1.499698365064));
#12828 = CARTESIAN_POINT('',(-1.06594621224,1.498697656535));
#12829 = CARTESIAN_POINT('',(-1.305344525255,1.497307802392));
#12830 = CARTESIAN_POINT('',(-1.544292240755,1.494700225463));
#12831 = CARTESIAN_POINT('',(-1.782693377532,1.490125024708));
#12832 = CARTESIAN_POINT('',(-2.020379560877,1.482621860443));
#12833 = CARTESIAN_POINT('',(-2.257107380936,1.471063948431));
#12834 = CARTESIAN_POINT('',(-2.492550479654,1.454160869456));
#12835 = CARTESIAN_POINT('',(-2.861462270058,1.416574508256));
#12836 = CARTESIAN_POINT('',(-2.99601459781,1.400495236348));
#12837 = CARTESIAN_POINT('',(-3.12986313242,1.381810429455));
#12838 = CARTESIAN_POINT('',(-3.262873325409,1.360191096221));
#12839 = CARTESIAN_POINT('',(-3.39484965033,1.335282741588));
#12840 = CARTESIAN_POINT('',(-3.525533470142,1.306701689288));
#12841 = CARTESIAN_POINT('',(-3.654597162254,1.274023661037));
#12842 = CARTESIAN_POINT('',(-3.921469776369,1.195752030201));
#12843 = CARTESIAN_POINT('',(-4.058592808354,1.149264331139));
#12844 = CARTESIAN_POINT('',(-4.192715625797,1.096616335841));
#12845 = CARTESIAN_POINT('',(-4.323100261896,1.037086401043));
#12846 = CARTESIAN_POINT('',(-4.448554378484,0.969936189755));
#12847 = CARTESIAN_POINT('',(-4.567474810906,0.894487307017));
#12848 = CARTESIAN_POINT('',(-4.67785918251,0.810174131995));
#12849 = CARTESIAN_POINT('',(-4.807342941582,0.688073353786));
#12850 = CARTESIAN_POINT('',(-4.836443658142,0.658811737947));
#12851 = CARTESIAN_POINT('',(-4.864431634547,0.628703798649));
#12852 = CARTESIAN_POINT('',(-4.891223659801,0.597751776305));
#12853 = CARTESIAN_POINT('',(-4.916731301767,0.565964801756));
#12854 = CARTESIAN_POINT('',(-4.940862644395,0.533360015338));
#12855 = CARTESIAN_POINT('',(-4.96352402494,0.499963685963));
#12856 = CARTESIAN_POINT('',(-5.017598540143,0.412432156038));
#12857 = CARTESIAN_POINT('',(-5.046776845765,0.357173062016));
#12858 = CARTESIAN_POINT('',(-5.071762587722,0.300216207834));
#12859 = CARTESIAN_POINT('',(-5.092197255446,0.2417930202));
#12860 = CARTESIAN_POINT('',(-5.107770519109,0.182188447682));
#12861 = CARTESIAN_POINT('',(-5.118242451812,0.12174396248));
#12862 = CARTESIAN_POINT('',(-5.12347538298,6.08603091096E-02));
#12863 = CARTESIAN_POINT('',(-5.12347538298,0.));
#12864 = ( GEOMETRIC_REPRESENTATION_CONTEXT(2) 
PARAMETRIC_REPRESENTATION_CONTEXT() REPRESENTATION_CONTEXT('2D SPACE',''
  ) );
#12865 = PCURVE('',#12281,#12866);
#12866 = DEFINITIONAL_REPRESENTATION('',(#12867),#12954);
#12867 = B_SPLINE_CURVE_WITH_KNOTS('',8,(#12868,#12869,#12870,#12871,
    #12872,#12873,#12874,#12875,#12876,#12877,#12878,#12879,#12880,
    #12881,#12882,#12883,#12884,#12885,#12886,#12887,#12888,#12889,
    #12890,#12891,#12892,#12893,#12894,#12895,#12896,#12897,#12898,
    #12899,#12900,#12901,#12902,#12903,#12904,#12905,#12906,#12907,
    #12908,#12909,#12910,#12911,#12912,#12913,#12914,#12915,#12916,
    #12917,#12918,#12919,#12920,#12921,#12922,#12923,#12924,#12925,
    #12926,#12927,#12928,#12929,#12930,#12931,#12932,#12933,#12934,
    #12935,#12936,#12937,#12938,#12939,#12940,#12941,#12942,#12943,
    #12944,#12945,#12946,#12947,#12948,#12949,#12950,#12951,#12952,
    #12953),.UNSPECIFIED.,.F.,.F.,(9,7,7,7,7,7,7,7,7,7,7,7,9),(0.,
    5.663172402394E-02,9.784058608876E-02,0.163171775346,0.346315647879,
    0.428435641026,0.499810988015,0.568547380391,0.727752825703,
    0.819834597853,0.921192828749,0.951940283352,1.),.UNSPECIFIED.);
#12868 = CARTESIAN_POINT('',(2.571971334517,0.));
#12869 = CARTESIAN_POINT('',(2.571971334517,4.779769458021E-02));
#12870 = CARTESIAN_POINT('',(2.572615063058,9.561999435788E-02));
#12871 = CARTESIAN_POINT('',(2.573903644468,0.143119654211));
#12872 = CARTESIAN_POINT('',(2.575815601772,0.190038947078));
#12873 = CARTESIAN_POINT('',(2.578317031672,0.236175305298));
#12874 = CARTESIAN_POINT('',(2.581366177544,0.281364260828));
#12875 = CARTESIAN_POINT('',(2.584915546743,0.325472511901));
#12876 = CARTESIAN_POINT('',(2.591824771543,0.399626320854));
#12877 = CARTESIAN_POINT('',(2.594975159568,0.430253361652));
#12878 = CARTESIAN_POINT('',(2.598349324543,0.460257629902));
#12879 = CARTESIAN_POINT('',(2.601931238977,0.489629721918));
#12880 = CARTESIAN_POINT('',(2.605705746447,0.518367491393));
#12881 = CARTESIAN_POINT('',(2.609658902089,0.546475274255));
#12882 = CARTESIAN_POINT('',(2.613778313084,0.573963113527));
#12883 = CARTESIAN_POINT('',(2.624831188347,0.643465212746));
#12884 = CARTESIAN_POINT('',(2.631997316824,0.68454521013));
#12885 = CARTESIAN_POINT('',(2.639511186276,0.724159959747));
#12886 = CARTESIAN_POINT('',(2.647337398593,0.762371795405));
#12887 = CARTESIAN_POINT('',(2.655445497172,0.79923882197));
#12888 = CARTESIAN_POINT('',(2.66381007163,0.834819696289));
#12889 = CARTESIAN_POINT('',(2.672411305942,0.869175768353));
#12890 = CARTESIAN_POINT('',(2.705974279004,0.995426088436));
#12891 = CARTESIAN_POINT('',(2.732389539021,1.079061285588));
#12892 = CARTESIAN_POINT('',(2.760209929068,1.154922050181));
#12893 = CARTESIAN_POINT('',(2.789230252151,1.223444051804));
#12894 = CARTESIAN_POINT('',(2.819260086634,1.285041892269));
#12895 = CARTESIAN_POINT('',(2.850159304935,1.339855918774));
#12896 = CARTESIAN_POINT('',(2.881840539415,1.388019273747));
#12897 = CARTESIAN_POINT('',(2.928835678965,1.448122723696));
#12898 = CARTESIAN_POINT('',(2.943521944543,1.465368562916));
#12899 = CARTESIAN_POINT('',(2.958335628216,1.48124741277));
#12900 = CARTESIAN_POINT('',(2.973265999609,1.495749257256));
#12901 = CARTESIAN_POINT('',(2.988301833944,1.508861566084));
#12902 = CARTESIAN_POINT('',(3.003431485956,1.520570704483));
#12903 = CARTESIAN_POINT('',(3.018642963818,1.530863343006));
#12904 = CARTESIAN_POINT('',(3.047205658796,1.547432550142));
#12905 = CARTESIAN_POINT('',(3.060539717235,1.554058284515));
#12906 = CARTESIAN_POINT('',(3.073917966687,1.559597114348));
#12907 = CARTESIAN_POINT('',(3.087331917326,1.564042071576));
#12908 = CARTESIAN_POINT('',(3.100772863264,1.567387487832));
#12909 = CARTESIAN_POINT('',(3.114231944634,1.569629306107));
#12910 = CARTESIAN_POINT('',(3.127700209671,1.570765392413));
#12911 = CARTESIAN_POINT('',(3.154139175431,1.570825176465));
#12912 = CARTESIAN_POINT('',(3.167109881075,1.569829114256));
#12913 = CARTESIAN_POINT('',(3.180072771277,1.567807513203));
#12914 = CARTESIAN_POINT('',(3.193019846675,1.564762134003));
#12915 = CARTESIAN_POINT('',(3.205943182929,1.560696399541));
#12916 = CARTESIAN_POINT('',(3.218834982653,1.555615148746));
#12917 = CARTESIAN_POINT('',(3.231687627344,1.549524390463));
#12918 = CARTESIAN_POINT('',(3.274154889828,1.526001663469));
#12919 = CARTESIAN_POINT('',(3.303556269578,1.504199385198));
#12920 = CARTESIAN_POINT('',(3.332618563586,1.477107625711));
#12921 = CARTESIAN_POINT('',(3.361260055012,1.444826878306));
#12922 = CARTESIAN_POINT('',(3.389399020168,1.407449312742));
#12923 = CARTESIAN_POINT('',(3.416956556229,1.365035648856));
#12924 = CARTESIAN_POINT('',(3.443858416425,1.317568849892));
#12925 = CARTESIAN_POINT('',(3.485174211174,1.234372767868));
#12926 = CARTESIAN_POINT('',(3.500064680754,1.202145277542));
#12927 = CARTESIAN_POINT('',(3.51469381963,1.168140828232));
#12928 = CARTESIAN_POINT('',(3.529044292856,1.132312270392));
#12929 = CARTESIAN_POINT('',(3.543094354169,1.094602971808));
#12930 = CARTESIAN_POINT('',(3.556818349355,1.054942023137));
#12931 = CARTESIAN_POINT('',(3.570186825969,1.013232850955));
#12932 = CARTESIAN_POINT('',(3.597453239814,0.921015312888));
#12933 = CARTESIAN_POINT('',(3.611242572307,0.87013270325));
#12934 = CARTESIAN_POINT('',(3.624516896332,0.81643108719));
#12935 = CARTESIAN_POINT('',(3.637216281878,0.759679958247));
#12936 = CARTESIAN_POINT('',(3.649243816299,0.699666418985));
#12937 = CARTESIAN_POINT('',(3.660474872217,0.636199349033));
#12938 = CARTESIAN_POINT('',(3.670760382604,0.569079733139));
#12939 = CARTESIAN_POINT('',(3.682691387598,0.476425842189));
#12940 = CARTESIAN_POINT('',(3.68536228922,0.454510169068));
#12941 = CARTESIAN_POINT('',(3.68792139835,0.432242431813));
#12942 = CARTESIAN_POINT('',(3.690362416156,0.409623585657));
#12943 = CARTESIAN_POINT('',(3.692678645023,0.386657401789));
#12944 = CARTESIAN_POINT('',(3.694863122921,0.363350844726));
#12945 = CARTESIAN_POINT('',(3.696908757776,0.339714449699));
#12946 = CARTESIAN_POINT('',(3.701777788572,0.278324989557));
#12947 = CARTESIAN_POINT('',(3.70439254097,0.240092857199));
#12948 = CARTESIAN_POINT('',(3.706622275143,0.201152079107));
#12949 = CARTESIAN_POINT('',(3.708439850625,0.16160278713));
#12950 = CARTESIAN_POINT('',(3.70982186636,0.121560818705));
#12951 = CARTESIAN_POINT('',(3.710750103167,8.116259673324E-02));
#12952 = CARTESIAN_POINT('',(3.711213972663,4.05735394064E-02));
#12953 = CARTESIAN_POINT('',(3.711213972663,0.));
#12954 = ( GEOMETRIC_REPRESENTATION_CONTEXT(2) 
PARAMETRIC_REPRESENTATION_CONTEXT() REPRESENTATION_CONTEXT('2D SPACE',''
  ) );
#12955 = ORIENTED_EDGE('',*,*,#11962,.F.);
#12956 = ADVANCED_FACE('',(#12957),#12281,.T.);
#12957 = FACE_BOUND('',#12958,.T.);
#12958 = EDGE_LOOP('',(#12959,#12960,#12961,#12985,#13007,#13008,#13009,
    #13281,#13390,#13613));
#12959 = ORIENTED_EDGE('',*,*,#12686,.F.);
#12960 = ORIENTED_EDGE('',*,*,#12310,.F.);
#12961 = ORIENTED_EDGE('',*,*,#12962,.T.);
#12962 = EDGE_CURVE('',#12232,#12963,#12965,.T.);
#12963 = VERTEX_POINT('',#12964);
#12964 = CARTESIAN_POINT('',(-80.,-3.673940397442E-16,142.5));
#12965 = SEAM_CURVE('',#12966,(#12971,#12978),.PCURVE_S1.);
#12966 = CIRCLE('',#12967,9.5);
#12967 = AXIS2_PLACEMENT_3D('',#12968,#12969,#12970);
#12968 = CARTESIAN_POINT('',(-80.,-3.673940397442E-16,133.));
#12969 = DIRECTION('',(0.,1.,0.));
#12970 = DIRECTION('',(0.,-0.,1.));
#12971 = PCURVE('',#12281,#12972);
#12972 = DEFINITIONAL_REPRESENTATION('',(#12973),#12977);
#12973 = LINE('',#12974,#12975);
#12974 = CARTESIAN_POINT('',(0.,0.));
#12975 = VECTOR('',#12976,1.);
#12976 = DIRECTION('',(1.,0.));
#12977 = ( GEOMETRIC_REPRESENTATION_CONTEXT(2) 
PARAMETRIC_REPRESENTATION_CONTEXT() REPRESENTATION_CONTEXT('2D SPACE',''
  ) );
#12978 = PCURVE('',#12281,#12979);
#12979 = DEFINITIONAL_REPRESENTATION('',(#12980),#12984);
#12980 = LINE('',#12981,#12982);
#12981 = CARTESIAN_POINT('',(0.,6.28318530718));
#12982 = VECTOR('',#12983,1.);
#12983 = DIRECTION('',(1.,0.));
#12984 = ( GEOMETRIC_REPRESENTATION_CONTEXT(2) 
PARAMETRIC_REPRESENTATION_CONTEXT() REPRESENTATION_CONTEXT('2D SPACE',''
  ) );
#12985 = ORIENTED_EDGE('',*,*,#12986,.T.);
#12986 = EDGE_CURVE('',#12963,#12963,#12987,.T.);
#12987 = SURFACE_CURVE('',#12988,(#12993,#13000),.PCURVE_S1.);
#12988 = CIRCLE('',#12989,1.5);
#12989 = AXIS2_PLACEMENT_3D('',#12990,#12991,#12992);
#12990 = CARTESIAN_POINT('',(-80.,0.,141.));
#12991 = DIRECTION('',(-1.,0.,-2.449293598295E-16));
#12992 = DIRECTION('',(-2.449293598295E-16,0.,1.));
#12993 = PCURVE('',#12281,#12994);
#12994 = DEFINITIONAL_REPRESENTATION('',(#12995),#12999);
#12995 = LINE('',#12996,#12997);
#12996 = CARTESIAN_POINT('',(6.28318530718,-0.));
#12997 = VECTOR('',#12998,1.);
#12998 = DIRECTION('',(0.,1.));
#12999 = ( GEOMETRIC_REPRESENTATION_CONTEXT(2) 
PARAMETRIC_REPRESENTATION_CONTEXT() REPRESENTATION_CONTEXT('2D SPACE',''
  ) );
#13000 = PCURVE('',#12048,#13001);
#13001 = DEFINITIONAL_REPRESENTATION('',(#13002),#13006);
#13002 = LINE('',#13003,#13004);
#13003 = CARTESIAN_POINT('',(0.,-0.));
#13004 = VECTOR('',#13005,1.);
#13005 = DIRECTION('',(0.,1.));
#13006 = ( GEOMETRIC_REPRESENTATION_CONTEXT(2) 
PARAMETRIC_REPRESENTATION_CONTEXT() REPRESENTATION_CONTEXT('2D SPACE',''
  ) );
#13007 = ORIENTED_EDGE('',*,*,#12962,.F.);
#13008 = ORIENTED_EDGE('',*,*,#12231,.F.);
#13009 = ORIENTED_EDGE('',*,*,#13010,.F.);
#13010 = EDGE_CURVE('',#13011,#12203,#13013,.T.);
#13011 = VERTEX_POINT('',#13012);
#13012 = CARTESIAN_POINT('',(-84.97712050443,-0.477777651607,125.));
#13013 = SURFACE_CURVE('',#13014,(#13101,#13191),.PCURVE_S1.);
#13014 = B_SPLINE_CURVE_WITH_KNOTS('',8,(#13015,#13016,#13017,#13018,
    #13019,#13020,#13021,#13022,#13023,#13024,#13025,#13026,#13027,
    #13028,#13029,#13030,#13031,#13032,#13033,#13034,#13035,#13036,
    #13037,#13038,#13039,#13040,#13041,#13042,#13043,#13044,#13045,
    #13046,#13047,#13048,#13049,#13050,#13051,#13052,#13053,#13054,
    #13055,#13056,#13057,#13058,#13059,#13060,#13061,#13062,#13063,
    #13064,#13065,#13066,#13067,#13068,#13069,#13070,#13071,#13072,
    #13073,#13074,#13075,#13076,#13077,#13078,#13079,#13080,#13081,
    #13082,#13083,#13084,#13085,#13086,#13087,#13088,#13089,#13090,
    #13091,#13092,#13093,#13094,#13095,#13096,#13097,#13098,#13099,
    #13100),.UNSPECIFIED.,.F.,.F.,(9,7,7,7,7,7,7,7,7,7,7,7,9),(0.,
    5.663172402432E-02,9.784058608956E-02,0.163171775348,0.346315647881,
    0.428435641027,0.499810988016,0.56854738039,0.727752825703,
    0.819834597852,0.921192828749,0.951940283352,1.),.UNSPECIFIED.);
#13015 = CARTESIAN_POINT('',(-85.12347538298,0.,125.));
#13016 = CARTESIAN_POINT('',(-85.12347538298,-7.169654187E-02,125.));
#13017 = CARTESIAN_POINT('',(-85.11621334219,-0.143430004981,125.));
#13018 = CARTESIAN_POINT('',(-85.10167643899,-0.214429840104,125.));
#13019 = CARTESIAN_POINT('',(-85.08014088329,-0.284058998512,125.));
#13020 = CARTESIAN_POINT('',(-85.05205584854,-0.351801469655,125.));
#13021 = CARTESIAN_POINT('',(-85.01797809068,-0.417253214167,125.));
#13022 = CARTESIAN_POINT('',(-84.97853161816,-0.480113843072,125.));
#13023 = CARTESIAN_POINT('',(-84.90222961526,-0.583881745086,125.));
#13024 = CARTESIAN_POINT('',(-84.86756999606,-0.626137853513,125.));
#13025 = CARTESIAN_POINT('',(-84.83060764888,-0.666896066052,125.));
#13026 = CARTESIAN_POINT('',(-84.79155449225,-0.706131894265,125.));
#13027 = CARTESIAN_POINT('',(-84.75061048496,-0.743841503366,125.));
#13028 = CARTESIAN_POINT('',(-84.7079594774,-0.780038201044,125.));
#13029 = CARTESIAN_POINT('',(-84.66376506301,-0.814748926289,125.));
#13030 = CARTESIAN_POINT('',(-84.5458758399,-0.900742932701,125.));
#13031 = CARTESIAN_POINT('',(-84.47008886838,-0.949810316233,125.));
#13032 = CARTESIAN_POINT('',(-84.39134893876,-0.995380858018,125.));
#13033 = CARTESIAN_POINT('',(-84.3101225185,-1.037631175181,125.));
#13034 = CARTESIAN_POINT('',(-84.2268032216,-1.076746377466,125.));
#13035 = CARTESIAN_POINT('',(-84.14171330858,-1.112917801482,125.));
#13036 = CARTESIAN_POINT('',(-84.05510258371,-1.146338634474,125.));
#13037 = CARTESIAN_POINT('',(-83.72057104622,-1.263704331087,125.));
#13038 = CARTESIAN_POINT('',(-83.46419686663,-1.32980459198,125.));
#13039 = CARTESIAN_POINT('',(-83.2015714851,-1.380008753716,125.));
#13040 = CARTESIAN_POINT('',(-82.93496034484,-1.417177551436,125.));
#13041 = CARTESIAN_POINT('',(-82.66601714185,-1.444156934129,125.));
#13042 = CARTESIAN_POINT('',(-82.39558428368,-1.463193400891,125.));
#13043 = CARTESIAN_POINT('',(-82.12388376848,-1.476290004179,125.));
#13044 = CARTESIAN_POINT('',(-81.72780831057,-1.488984827642,125.));
#13045 = CARTESIAN_POINT('',(-81.60497544181,-1.492039929311,125.));
#13046 = CARTESIAN_POINT('',(-81.48195132464,-1.494366836216,125.));
#13047 = CARTESIAN_POINT('',(-81.35875884828,-1.496099443979,125.));
#13048 = CARTESIAN_POINT('',(-81.23541879681,-1.49735810219,125.));
#13049 = CARTESIAN_POINT('',(-81.11195002357,-1.498248920903,125.));
#13050 = CARTESIAN_POINT('',(-80.98836962573,-1.498863077134,125.));
#13051 = CARTESIAN_POINT('',(-80.75719854577,-1.499635122527,125.));
#13052 = CARTESIAN_POINT('',(-80.64963256597,-1.499842098615,125.));
#13053 = CARTESIAN_POINT('',(-80.54200672805,-1.499946614467,125.));
#13054 = CARTESIAN_POINT('',(-80.43433267477,-1.499988952072,125.));
#13055 = CARTESIAN_POINT('',(-80.3266221672,-1.499999802343,125.));
#13056 = CARTESIAN_POINT('',(-80.21888710906,-1.499999956923,125.));
#13057 = CARTESIAN_POINT('',(-80.11113957092,-1.499999999978,125.));
#13058 = CARTESIAN_POINT('',(-79.89962780683,-1.500000000021,125.));
#13059 = CARTESIAN_POINT('',(-79.79586345329,-1.499999964706,125.));
#13060 = CARTESIAN_POINT('',(-79.6921097142,-1.500000183301,125.));
#13061 = CARTESIAN_POINT('',(-79.58837738686,-1.499991912127,125.));
#13062 = CARTESIAN_POINT('',(-79.48467712431,-1.49995761914,125.));
#13063 = CARTESIAN_POINT('',(-79.38101945399,-1.499871228487,125.));
#13064 = CARTESIAN_POINT('',(-79.27741479647,-1.499698365064,125.));
#13065 = CARTESIAN_POINT('',(-78.93405378778,-1.498697656535,125.));
#13066 = CARTESIAN_POINT('',(-78.69465547477,-1.497307802392,125.));
#13067 = CARTESIAN_POINT('',(-78.45570775926,-1.494700225464,125.));
#13068 = CARTESIAN_POINT('',(-78.21730662248,-1.490125024708,125.));
#13069 = CARTESIAN_POINT('',(-77.97962043914,-1.482621860444,125.));
#13070 = CARTESIAN_POINT('',(-77.74289261908,-1.471063948432,125.));
#13071 = CARTESIAN_POINT('',(-77.50744952036,-1.454160869457,125.));
#13072 = CARTESIAN_POINT('',(-77.13853772995,-1.416574508258,125.));
#13073 = CARTESIAN_POINT('',(-77.0039854022,-1.40049523635,125.));
#13074 = CARTESIAN_POINT('',(-76.87013686759,-1.381810429457,125.));
#13075 = CARTESIAN_POINT('',(-76.7371266746,-1.360191096223,125.));
#13076 = CARTESIAN_POINT('',(-76.60515034968,-1.335282741591,125.));
#13077 = CARTESIAN_POINT('',(-76.47446652986,-1.306701689291,125.));
#13078 = CARTESIAN_POINT('',(-76.34540283775,-1.27402366104,125.));
#13079 = CARTESIAN_POINT('',(-76.07853022364,-1.195752030205,125.));
#13080 = CARTESIAN_POINT('',(-75.94140719165,-1.149264331143,125.));
#13081 = CARTESIAN_POINT('',(-75.80728437421,-1.096616335844,125.));
#13082 = CARTESIAN_POINT('',(-75.67689973811,-1.037086401047,125.));
#13083 = CARTESIAN_POINT('',(-75.55144562152,-0.969936189759,125.));
#13084 = CARTESIAN_POINT('',(-75.4325251891,-0.894487307021,125.));
#13085 = CARTESIAN_POINT('',(-75.32214081749,-0.810174132,125.));
#13086 = CARTESIAN_POINT('',(-75.19265705842,-0.688073353791,125.));
#13087 = CARTESIAN_POINT('',(-75.16355634186,-0.658811737952,125.));
#13088 = CARTESIAN_POINT('',(-75.13556836545,-0.628703798653,125.));
#13089 = CARTESIAN_POINT('',(-75.1087763402,-0.59775177631,125.));
#13090 = CARTESIAN_POINT('',(-75.08326869823,-0.565964801761,125.));
#13091 = CARTESIAN_POINT('',(-75.0591373556,-0.533360015343,125.));
#13092 = CARTESIAN_POINT('',(-75.03647597506,-0.499963685968,125.));
#13093 = CARTESIAN_POINT('',(-74.98240145986,-0.412432156042,125.));
#13094 = CARTESIAN_POINT('',(-74.95322315423,-0.35717306202,125.));
#13095 = CARTESIAN_POINT('',(-74.92823741228,-0.300216207837,125.));
#13096 = CARTESIAN_POINT('',(-74.90780274455,-0.241793020203,125.));
#13097 = CARTESIAN_POINT('',(-74.89222948089,-0.182188447685,125.));
#13098 = CARTESIAN_POINT('',(-74.88175754818,-0.121743962481,125.));
#13099 = CARTESIAN_POINT('',(-74.87652461702,-6.086030911045E-02,125.));
#13100 = CARTESIAN_POINT('',(-74.87652461702,0.,125.));
#13101 = PCURVE('',#12281,#13102);
#13102 = DEFINITIONAL_REPRESENTATION('',(#13103),#13190);
#13103 = B_SPLINE_CURVE_WITH_KNOTS('',8,(#13104,#13105,#13106,#13107,
    #13108,#13109,#13110,#13111,#13112,#13113,#13114,#13115,#13116,
    #13117,#13118,#13119,#13120,#13121,#13122,#13123,#13124,#13125,
    #13126,#13127,#13128,#13129,#13130,#13131,#13132,#13133,#13134,
    #13135,#13136,#13137,#13138,#13139,#13140,#13141,#13142,#13143,
    #13144,#13145,#13146,#13147,#13148,#13149,#13150,#13151,#13152,
    #13153,#13154,#13155,#13156,#13157,#13158,#13159,#13160,#13161,
    #13162,#13163,#13164,#13165,#13166,#13167,#13168,#13169,#13170,
    #13171,#13172,#13173,#13174,#13175,#13176,#13177,#13178,#13179,
    #13180,#13181,#13182,#13183,#13184,#13185,#13186,#13187,#13188,
    #13189),.UNSPECIFIED.,.F.,.F.,(9,7,7,7,7,7,7,7,7,7,7,7,9),(0.,
    5.663172402432E-02,9.784058608956E-02,0.163171775348,0.346315647881,
    0.428435641027,0.499810988016,0.56854738039,0.727752825703,
    0.819834597852,0.921192828749,0.951940283352,1.),.UNSPECIFIED.);
#13104 = CARTESIAN_POINT('',(3.711213972663,6.28318530718));
#13105 = CARTESIAN_POINT('',(3.711213972663,6.2353876126));
#13106 = CARTESIAN_POINT('',(3.710570244122,6.187565312822));
#13107 = CARTESIAN_POINT('',(3.709281662712,6.140065652969));
#13108 = CARTESIAN_POINT('',(3.707369705408,6.093146360102));
#13109 = CARTESIAN_POINT('',(3.704868275508,6.047010001882));
#13110 = CARTESIAN_POINT('',(3.701819129636,6.001821046353));
#13111 = CARTESIAN_POINT('',(3.698269760436,5.957712795279));
#13112 = CARTESIAN_POINT('',(3.691360535637,5.883558986327));
#13113 = CARTESIAN_POINT('',(3.688210147612,5.852931945529));
#13114 = CARTESIAN_POINT('',(3.684835982637,5.822927677279));
#13115 = CARTESIAN_POINT('',(3.681254068203,5.793555585263));
#13116 = CARTESIAN_POINT('',(3.677479560733,5.764817815788));
#13117 = CARTESIAN_POINT('',(3.673526405091,5.736710032926));
#13118 = CARTESIAN_POINT('',(3.669406994096,5.709222193654));
#13119 = CARTESIAN_POINT('',(3.658354118833,5.639720094435));
#13120 = CARTESIAN_POINT('',(3.651187990355,5.598640097051));
#13121 = CARTESIAN_POINT('',(3.643674120904,5.559025347434));
#13122 = CARTESIAN_POINT('',(3.635847908587,5.520813511776));
#13123 = CARTESIAN_POINT('',(3.627739810008,5.48394648521));
#13124 = CARTESIAN_POINT('',(3.61937523555,5.448365610892));
#13125 = CARTESIAN_POINT('',(3.610774001238,5.414009538828));
#13126 = CARTESIAN_POINT('',(3.577211028176,5.287759218745));
#13127 = CARTESIAN_POINT('',(3.550795768158,5.204124021591));
#13128 = CARTESIAN_POINT('',(3.522975378113,5.128263257005));
#13129 = CARTESIAN_POINT('',(3.493955055028,5.059741255371));
#13130 = CARTESIAN_POINT('',(3.463925220548,4.998143414917));
#13131 = CARTESIAN_POINT('',(3.433026002244,4.943329388405));
#13132 = CARTESIAN_POINT('',(3.401344767765,4.895166033434));
#13133 = CARTESIAN_POINT('',(3.354349628215,4.835062583484));
#13134 = CARTESIAN_POINT('',(3.339663362638,4.817816744265));
#13135 = CARTESIAN_POINT('',(3.324849678965,4.801937894411));
#13136 = CARTESIAN_POINT('',(3.309919307572,4.787436049925));
#13137 = CARTESIAN_POINT('',(3.294883473237,4.774323741097));
#13138 = CARTESIAN_POINT('',(3.279753821225,4.762614602697));
#13139 = CARTESIAN_POINT('',(3.264542343362,4.752321964175));
#13140 = CARTESIAN_POINT('',(3.235979648385,4.735752757038));
#13141 = CARTESIAN_POINT('',(3.222645589946,4.729127022666));
#13142 = CARTESIAN_POINT('',(3.209267340493,4.723588192832));
#13143 = CARTESIAN_POINT('',(3.195853389855,4.719143235604));
#13144 = CARTESIAN_POINT('',(3.182412443917,4.715797819348));
#13145 = CARTESIAN_POINT('',(3.168953362547,4.713556001073));
#13146 = CARTESIAN_POINT('',(3.15548509751,4.712419914766));
#13147 = CARTESIAN_POINT('',(3.129046131751,4.712360130715));
#13148 = CARTESIAN_POINT('',(3.116075426107,4.713356192923));
#13149 = CARTESIAN_POINT('',(3.103112535905,4.715377793977));
#13150 = CARTESIAN_POINT('',(3.090165460507,4.718423173176));
#13151 = CARTESIAN_POINT('',(3.077242124253,4.722488907638));
#13152 = CARTESIAN_POINT('',(3.06435032453,4.727570158433));
#13153 = CARTESIAN_POINT('',(3.051497679839,4.733660916715));
#13154 = CARTESIAN_POINT('',(3.009030417355,4.757183643708));
#13155 = CARTESIAN_POINT('',(2.979629037604,4.778985921979));
#13156 = CARTESIAN_POINT('',(2.950566743596,4.806077681466));
#13157 = CARTESIAN_POINT('',(2.921925252171,4.838358428871));
#13158 = CARTESIAN_POINT('',(2.893786287014,4.875735994434));
#13159 = CARTESIAN_POINT('',(2.866228750952,4.91814965832));
#13160 = CARTESIAN_POINT('',(2.839326890756,4.965616457284));
#13161 = CARTESIAN_POINT('',(2.798011096007,5.048812539308));
#13162 = CARTESIAN_POINT('',(2.783120626427,5.081040029634));
#13163 = CARTESIAN_POINT('',(2.768491487551,5.115044478944));
#13164 = CARTESIAN_POINT('',(2.754141014325,5.150873036784));
#13165 = CARTESIAN_POINT('',(2.740090953012,5.188582335368));
#13166 = CARTESIAN_POINT('',(2.726366957825,5.228243284039));
#13167 = CARTESIAN_POINT('',(2.712998481211,5.269952456221));
#13168 = CARTESIAN_POINT('',(2.685732067366,5.362169994288));
#13169 = CARTESIAN_POINT('',(2.671942734873,5.413052603926));
#13170 = CARTESIAN_POINT('',(2.658668410849,5.466754219986));
#13171 = CARTESIAN_POINT('',(2.645969025303,5.523505348929));
#13172 = CARTESIAN_POINT('',(2.633941490881,5.583518888191));
#13173 = CARTESIAN_POINT('',(2.622710434963,5.646985958143));
#13174 = CARTESIAN_POINT('',(2.612424924577,5.714105574037));
#13175 = CARTESIAN_POINT('',(2.600493919582,5.806759464987));
#13176 = CARTESIAN_POINT('',(2.59782301796,5.828675138108));
#13177 = CARTESIAN_POINT('',(2.59526390883,5.850942875363));
#13178 = CARTESIAN_POINT('',(2.592822891024,5.873561721519));
#13179 = CARTESIAN_POINT('',(2.590506662157,5.896527905387));
#13180 = CARTESIAN_POINT('',(2.588322184259,5.91983446245));
#13181 = CARTESIAN_POINT('',(2.586276549404,5.943470857477));
#13182 = CARTESIAN_POINT('',(2.581407518608,6.004860317619));
#13183 = CARTESIAN_POINT('',(2.57879276621,6.043092449978));
#13184 = CARTESIAN_POINT('',(2.576563032036,6.08203322807));
#13185 = CARTESIAN_POINT('',(2.574745456554,6.121582520048));
#13186 = CARTESIAN_POINT('',(2.573363440819,6.161624488473));
#13187 = CARTESIAN_POINT('',(2.572435204013,6.202022710446));
#13188 = CARTESIAN_POINT('',(2.571971334517,6.242611767773));
#13189 = CARTESIAN_POINT('',(2.571971334517,6.28318530718));
#13190 = ( GEOMETRIC_REPRESENTATION_CONTEXT(2) 
PARAMETRIC_REPRESENTATION_CONTEXT() REPRESENTATION_CONTEXT('2D SPACE',''
  ) );
#13191 = PCURVE('',#12219,#13192);
#13192 = DEFINITIONAL_REPRESENTATION('',(#13193),#13280);
#13193 = B_SPLINE_CURVE_WITH_KNOTS('',8,(#13194,#13195,#13196,#13197,
    #13198,#13199,#13200,#13201,#13202,#13203,#13204,#13205,#13206,
    #13207,#13208,#13209,#13210,#13211,#13212,#13213,#13214,#13215,
    #13216,#13217,#13218,#13219,#13220,#13221,#13222,#13223,#13224,
    #13225,#13226,#13227,#13228,#13229,#13230,#13231,#13232,#13233,
    #13234,#13235,#13236,#13237,#13238,#13239,#13240,#13241,#13242,
    #13243,#13244,#13245,#13246,#13247,#13248,#13249,#13250,#13251,
    #13252,#13253,#13254,#13255,#13256,#13257,#13258,#13259,#13260,
    #13261,#13262,#13263,#13264,#13265,#13266,#13267,#13268,#13269,
    #13270,#13271,#13272,#13273,#13274,#13275,#13276,#13277,#13278,
    #13279),.UNSPECIFIED.,.F.,.F.,(9,7,7,7,7,7,7,7,7,7,7,7,9),(0.,
    5.663172402432E-02,9.784058608956E-02,0.163171775348,0.346315647881,
    0.428435641027,0.499810988016,0.56854738039,0.727752825703,
    0.819834597852,0.921192828749,0.951940283352,1.),.UNSPECIFIED.);
#13194 = CARTESIAN_POINT('',(-5.12347538298,0.));
#13195 = CARTESIAN_POINT('',(-5.12347538298,-7.169654187E-02));
#13196 = CARTESIAN_POINT('',(-5.116213342195,-0.143430004981));
#13197 = CARTESIAN_POINT('',(-5.101676438996,-0.214429840104));
#13198 = CARTESIAN_POINT('',(-5.080140883297,-0.284058998512));
#13199 = CARTESIAN_POINT('',(-5.05205584854,-0.351801469655));
#13200 = CARTESIAN_POINT('',(-5.017978090689,-0.417253214167));
#13201 = CARTESIAN_POINT('',(-4.978531618169,-0.480113843072));
#13202 = CARTESIAN_POINT('',(-4.902229615265,-0.583881745086));
#13203 = CARTESIAN_POINT('',(-4.867569996068,-0.626137853513));
#13204 = CARTESIAN_POINT('',(-4.830607648881,-0.666896066052));
#13205 = CARTESIAN_POINT('',(-4.791554492257,-0.706131894265));
#13206 = CARTESIAN_POINT('',(-4.750610484965,-0.743841503366));
#13207 = CARTESIAN_POINT('',(-4.707959477404,-0.780038201044));
#13208 = CARTESIAN_POINT('',(-4.663765063017,-0.814748926289));
#13209 = CARTESIAN_POINT('',(-4.545875839908,-0.900742932701));
#13210 = CARTESIAN_POINT('',(-4.470088868384,-0.949810316233));
#13211 = CARTESIAN_POINT('',(-4.391348938765,-0.995380858018));
#13212 = CARTESIAN_POINT('',(-4.310122518505,-1.037631175181));
#13213 = CARTESIAN_POINT('',(-4.226803221604,-1.076746377466));
#13214 = CARTESIAN_POINT('',(-4.141713308581,-1.112917801482));
#13215 = CARTESIAN_POINT('',(-4.055102583717,-1.146338634474));
#13216 = CARTESIAN_POINT('',(-3.720571046221,-1.263704331087));
#13217 = CARTESIAN_POINT('',(-3.464196866631,-1.32980459198));
#13218 = CARTESIAN_POINT('',(-3.201571485106,-1.380008753716));
#13219 = CARTESIAN_POINT('',(-2.934960344843,-1.417177551436));
#13220 = CARTESIAN_POINT('',(-2.666017141852,-1.444156934129));
#13221 = CARTESIAN_POINT('',(-2.395584283687,-1.463193400891));
#13222 = CARTESIAN_POINT('',(-2.12388376848,-1.476290004179));
#13223 = CARTESIAN_POINT('',(-1.727808310572,-1.488984827642));
#13224 = CARTESIAN_POINT('',(-1.604975441819,-1.492039929311));
#13225 = CARTESIAN_POINT('',(-1.481951324641,-1.494366836216));
#13226 = CARTESIAN_POINT('',(-1.358758848288,-1.496099443979));
#13227 = CARTESIAN_POINT('',(-1.235418796811,-1.49735810219));
#13228 = CARTESIAN_POINT('',(-1.111950023571,-1.498248920903));
#13229 = CARTESIAN_POINT('',(-0.988369625734,-1.498863077134));
#13230 = CARTESIAN_POINT('',(-0.757198545779,-1.499635122527));
#13231 = CARTESIAN_POINT('',(-0.649632565973,-1.499842098615));
#13232 = CARTESIAN_POINT('',(-0.542006728055,-1.499946614467));
#13233 = CARTESIAN_POINT('',(-0.434332674772,-1.499988952072));
#13234 = CARTESIAN_POINT('',(-0.326622167207,-1.499999802343));
#13235 = CARTESIAN_POINT('',(-0.218887109061,-1.499999956923));
#13236 = CARTESIAN_POINT('',(-0.111139570929,-1.499999999978));
#13237 = CARTESIAN_POINT('',(0.100372193162,-1.500000000021));
#13238 = CARTESIAN_POINT('',(0.204136546709,-1.499999964706));
#13239 = CARTESIAN_POINT('',(0.3078902858,-1.500000183301));
#13240 = CARTESIAN_POINT('',(0.411622613137,-1.499991912127));
#13241 = CARTESIAN_POINT('',(0.515322875688,-1.49995761914));
#13242 = CARTESIAN_POINT('',(0.618980546005,-1.499871228487));
#13243 = CARTESIAN_POINT('',(0.722585203529,-1.499698365064));
#13244 = CARTESIAN_POINT('',(1.065946212214,-1.498697656535));
#13245 = CARTESIAN_POINT('',(1.30534452523,-1.497307802392));
#13246 = CARTESIAN_POINT('',(1.544292240731,-1.494700225464));
#13247 = CARTESIAN_POINT('',(1.782693377511,-1.490125024708));
#13248 = CARTESIAN_POINT('',(2.020379560857,-1.482621860444));
#13249 = CARTESIAN_POINT('',(2.257107380917,-1.471063948432));
#13250 = CARTESIAN_POINT('',(2.492550479637,-1.454160869457));
#13251 = CARTESIAN_POINT('',(2.861462270043,-1.416574508258));
#13252 = CARTESIAN_POINT('',(2.996014597796,-1.40049523635));
#13253 = CARTESIAN_POINT('',(3.129863132406,-1.381810429457));
#13254 = CARTESIAN_POINT('',(3.262873325395,-1.360191096223));
#13255 = CARTESIAN_POINT('',(3.394849650318,-1.335282741591));
#13256 = CARTESIAN_POINT('',(3.525533470131,-1.306701689291));
#13257 = CARTESIAN_POINT('',(3.654597162243,-1.27402366104));
#13258 = CARTESIAN_POINT('',(3.92146977636,-1.195752030205));
#13259 = CARTESIAN_POINT('',(4.058592808345,-1.149264331143));
#13260 = CARTESIAN_POINT('',(4.192715625788,-1.096616335844));
#13261 = CARTESIAN_POINT('',(4.323100261889,-1.037086401047));
#13262 = CARTESIAN_POINT('',(4.448554378477,-0.969936189759));
#13263 = CARTESIAN_POINT('',(4.567474810899,-0.894487307021));
#13264 = CARTESIAN_POINT('',(4.677859182505,-0.810174132));
#13265 = CARTESIAN_POINT('',(4.807342941578,-0.688073353791));
#13266 = CARTESIAN_POINT('',(4.836443658138,-0.658811737952));
#13267 = CARTESIAN_POINT('',(4.864431634543,-0.628703798653));
#13268 = CARTESIAN_POINT('',(4.891223659796,-0.59775177631));
#13269 = CARTESIAN_POINT('',(4.916731301763,-0.565964801761));
#13270 = CARTESIAN_POINT('',(4.940862644392,-0.533360015343));
#13271 = CARTESIAN_POINT('',(4.963524024937,-0.499963685968));
#13272 = CARTESIAN_POINT('',(5.01759854014,-0.412432156042));
#13273 = CARTESIAN_POINT('',(5.046776845763,-0.35717306202));
#13274 = CARTESIAN_POINT('',(5.07176258772,-0.300216207837));
#13275 = CARTESIAN_POINT('',(5.092197255445,-0.241793020203));
#13276 = CARTESIAN_POINT('',(5.107770519109,-0.182188447685));
#13277 = CARTESIAN_POINT('',(5.118242451812,-0.121743962481));
#13278 = CARTESIAN_POINT('',(5.12347538298,-6.086030911045E-02));
#13279 = CARTESIAN_POINT('',(5.12347538298,0.));
#13280 = ( GEOMETRIC_REPRESENTATION_CONTEXT(2) 
PARAMETRIC_REPRESENTATION_CONTEXT() REPRESENTATION_CONTEXT('2D SPACE',''
  ) );
#13281 = ORIENTED_EDGE('',*,*,#13282,.F.);
#13282 = EDGE_CURVE('',#13283,#13011,#13285,.T.);
#13283 = VERTEX_POINT('',#13284);
#13284 = CARTESIAN_POINT('',(-84.87662733255,-1.103859528824,128.));
#13285 = SURFACE_CURVE('',#13286,(#13317,#13351),.PCURVE_S1.);
#13286 = B_SPLINE_CURVE_WITH_KNOTS('',8,(#13287,#13288,#13289,#13290,
    #13291,#13292,#13293,#13294,#13295,#13296,#13297,#13298,#13299,
    #13300,#13301,#13302,#13303,#13304,#13305,#13306,#13307,#13308,
    #13309,#13310,#13311,#13312,#13313,#13314,#13315,#13316),
  .UNSPECIFIED.,.F.,.F.,(9,7,7,7,9),(0.,0.167870824285,0.593845697447,
    0.766816668215,1.),.UNSPECIFIED.);
#13287 = CARTESIAN_POINT('',(-84.87662741065,-1.103859183798,128.0000006
    ));
#13288 = CARTESIAN_POINT('',(-84.86815016888,-1.141309929517,
    127.93487366547));
#13289 = CARTESIAN_POINT('',(-84.85981693525,-1.176598103726,
    127.86896889863));
#13290 = CARTESIAN_POINT('',(-84.85167302395,-1.209820762359,
    127.80238721501));
#13291 = CARTESIAN_POINT('',(-84.84376225534,-1.241040728988,
    127.73521141979));
#13292 = CARTESIAN_POINT('',(-84.83612749235,-1.270297016885,
    127.66751069798));
#13293 = CARTESIAN_POINT('',(-84.82881100926,-1.297611629389,
    127.59934366278));
#13294 = CARTESIAN_POINT('',(-84.82185469304,-1.322992738547,
    127.53075996199));
#13295 = CARTESIAN_POINT('',(-84.79866763515,-1.40591742819,
    127.28681457068));
#13296 = CARTESIAN_POINT('',(-84.78464425401,-1.452831657504,
    127.10964558606));
#13297 = CARTESIAN_POINT('',(-84.77387591601,-1.487216400264,
    126.93075485953));
#13298 = CARTESIAN_POINT('',(-84.76705656363,-1.50829728924,
    126.7507487907));
#13299 = CARTESIAN_POINT('',(-84.76488961149,-1.514942893151,
    126.5704757327));
#13300 = CARTESIAN_POINT('',(-84.76798246708,-1.505600926068,
    126.39105297965));
#13301 = CARTESIAN_POINT('',(-84.77665681422,-1.478505523304,
    126.21388573339));
#13302 = CARTESIAN_POINT('',(-84.79649328944,-1.41210927751,
    125.97047469732));
#13303 = CARTESIAN_POINT('',(-84.80311307073,-1.389631192823,
    125.90090265349));
#13304 = CARTESIAN_POINT('',(-84.81061070942,-1.36370512812,
    125.83219255108));
#13305 = CARTESIAN_POINT('',(-84.81895574375,-1.334182576429,
    125.76451435888));
#13306 = CARTESIAN_POINT('',(-84.82809724907,-1.300916501887,
    125.69806850788));
#13307 = CARTESIAN_POINT('',(-84.83796053486,-1.263766695414,
    125.63308512777));
#13308 = CARTESIAN_POINT('',(-84.84844384168,-1.222605130392,
    125.56982328342));
#13309 = CARTESIAN_POINT('',(-84.87420538216,-1.116273906024,
    125.42599453174));
#13310 = CARTESIAN_POINT('',(-84.88988386964,-1.047730503133,
    125.34706472656));
#13311 = CARTESIAN_POINT('',(-84.90612649283,-0.971429789943,
    125.27250006988));
#13312 = CARTESIAN_POINT('',(-84.92249776768,-0.887236330132,
    125.20320615275));
#13313 = CARTESIAN_POINT('',(-84.93844156734,-0.795224802238,
    125.14020824751));
#13314 = CARTESIAN_POINT('',(-84.95330265167,-0.695748145791,
    125.08461429885));
#13315 = CARTESIAN_POINT('',(-84.96639345269,-0.58952425663,
    125.03754887346));
#13316 = CARTESIAN_POINT('',(-84.97712067584,-0.477775865992,124.9999994
    ));
#13317 = PCURVE('',#12281,#13318);
#13318 = DEFINITIONAL_REPRESENTATION('',(#13319),#13350);
#13319 = B_SPLINE_CURVE_WITH_KNOTS('',8,(#13320,#13321,#13322,#13323,
    #13324,#13325,#13326,#13327,#13328,#13329,#13330,#13331,#13332,
    #13333,#13334,#13335,#13336,#13337,#13338,#13339,#13340,#13341,
    #13342,#13343,#13344,#13345,#13346,#13347,#13348,#13349),
  .UNSPECIFIED.,.F.,.F.,(9,7,7,7,9),(0.,0.167870824285,0.593845697447,
    0.766816668215,1.),.UNSPECIFIED.);
#13320 = CARTESIAN_POINT('',(3.914500158423,3.968596635888));
#13321 = CARTESIAN_POINT('',(3.907120596914,4.005471202672));
#13322 = CARTESIAN_POINT('',(3.899776340736,4.041905425151));
#13323 = CARTESIAN_POINT('',(3.892485298196,4.078000809277));
#13324 = CARTESIAN_POINT('',(3.88526244337,4.113839469837));
#13325 = CARTESIAN_POINT('',(3.878120492404,4.149491354945));
#13326 = CARTESIAN_POINT('',(3.871070388354,4.185019465051));
#13327 = CARTESIAN_POINT('',(3.864121594586,4.22048306646));
#13328 = CARTESIAN_POINT('',(3.839927116409,4.345908636459));
#13329 = CARTESIAN_POINT('',(3.823299925756,4.435707461721));
#13330 = CARTESIAN_POINT('',(3.807507961261,4.526377126728));
#13331 = CARTESIAN_POINT('',(3.792658538131,4.618619194109));
#13332 = CARTESIAN_POINT('',(3.778858845259,4.713057130501));
#13333 = CARTESIAN_POINT('',(3.766199060419,4.810310293121));
#13334 = CARTESIAN_POINT('',(3.754736991417,4.911030671776));
#13335 = CARTESIAN_POINT('',(3.740334565814,5.058970685243));
#13336 = CARTESIAN_POINT('',(3.736379461884,5.102402291199));
#13337 = CARTESIAN_POINT('',(3.732630775117,5.146596624083));
#13338 = CARTESIAN_POINT('',(3.729090478415,5.191603550552));
#13339 = CARTESIAN_POINT('',(3.725760007494,5.237469683468));
#13340 = CARTESIAN_POINT('',(3.72263996174,5.284240324818));
#13341 = CARTESIAN_POINT('',(3.719729805049,5.331961408635));
#13342 = CARTESIAN_POINT('',(3.713384660907,5.446361251952));
#13343 = CARTESIAN_POINT('',(3.71011949622,5.513861136408));
#13344 = CARTESIAN_POINT('',(3.707228352178,5.583288192679));
#13345 = CARTESIAN_POINT('',(3.704707565179,5.654691630212));
#13346 = CARTESIAN_POINT('',(3.702548932722,5.728063531164));
#13347 = CARTESIAN_POINT('',(3.700740700895,5.803349444324));
#13348 = CARTESIAN_POINT('',(3.699271266212,5.88042821571));
#13349 = CARTESIAN_POINT('',(3.698132722917,5.95902045728));
#13350 = ( GEOMETRIC_REPRESENTATION_CONTEXT(2) 
PARAMETRIC_REPRESENTATION_CONTEXT() REPRESENTATION_CONTEXT('2D SPACE',''
  ) );
#13351 = PCURVE('',#13352,#13357);
#13352 = CYLINDRICAL_SURFACE('',#13353,5.);
#13353 = AXIS2_PLACEMENT_3D('',#13354,#13355,#13356);
#13354 = CARTESIAN_POINT('',(-80.,0.,125.));
#13355 = DIRECTION('',(0.,0.,1.));
#13356 = DIRECTION('',(1.,0.,-0.));
#13357 = DEFINITIONAL_REPRESENTATION('',(#13358),#13389);
#13358 = B_SPLINE_CURVE_WITH_KNOTS('',8,(#13359,#13360,#13361,#13362,
    #13363,#13364,#13365,#13366,#13367,#13368,#13369,#13370,#13371,
    #13372,#13373,#13374,#13375,#13376,#13377,#13378,#13379,#13380,
    #13381,#13382,#13383,#13384,#13385,#13386,#13387,#13388),
  .UNSPECIFIED.,.F.,.F.,(9,7,7,7,9),(0.,0.167870824285,0.593845697447,
    0.766816668215,1.),.UNSPECIFIED.);
#13359 = CARTESIAN_POINT('',(3.36419841657,3.0000006));
#13360 = CARTESIAN_POINT('',(3.371878057142,2.934873665475));
#13361 = CARTESIAN_POINT('',(3.379129497699,2.868968898633));
#13362 = CARTESIAN_POINT('',(3.385970355971,2.802387215017));
#13363 = CARTESIAN_POINT('',(3.392411326046,2.735211419794));
#13364 = CARTESIAN_POINT('',(3.398458274632,2.667510697984));
#13365 = CARTESIAN_POINT('',(3.404113617075,2.599343662784));
#13366 = CARTESIAN_POINT('',(3.409376973122,2.530759961995));
#13367 = CARTESIAN_POINT('',(3.426598057648,2.286814570681));
#13368 = CARTESIAN_POINT('',(3.436389563519,2.109645586064));
#13369 = CARTESIAN_POINT('',(3.443595304624,1.930754859534));
#13370 = CARTESIAN_POINT('',(3.448026630005,1.75074879071));
#13371 = CARTESIAN_POINT('',(3.449424950014,1.570475732703));
#13372 = CARTESIAN_POINT('',(3.447456225399,1.391052979652));
#13373 = CARTESIAN_POINT('',(3.441767297699,1.213885733397));
#13374 = CARTESIAN_POINT('',(3.427908080976,0.97047469732));
#13375 = CARTESIAN_POINT('',(3.423221623143,0.90090265349));
#13376 = CARTESIAN_POINT('',(3.417824022706,0.832192551088));
#13377 = CARTESIAN_POINT('',(3.411688378983,0.764514358884));
#13378 = CARTESIAN_POINT('',(3.404788972453,0.698068507881));
#13379 = CARTESIAN_POINT('',(3.397102226227,0.633085127778));
#13380 = CARTESIAN_POINT('',(3.38860766751,0.56982328342));
#13381 = CARTESIAN_POINT('',(3.366726181049,0.42599453174));
#13382 = CARTESIAN_POINT('',(3.352664593189,0.347064726568));
#13383 = CARTESIAN_POINT('',(3.337065626291,0.272500069888));
#13384 = CARTESIAN_POINT('',(3.319917256479,0.203206152759));
#13385 = CARTESIAN_POINT('',(3.301249581556,0.140208247518));
#13386 = CARTESIAN_POINT('',(3.281143995633,8.461429885648E-02));
#13387 = CARTESIAN_POINT('',(3.259746260624,3.754887346023E-02));
#13388 = CARTESIAN_POINT('',(3.237293843269,-6.E-07));
#13389 = ( GEOMETRIC_REPRESENTATION_CONTEXT(2) 
PARAMETRIC_REPRESENTATION_CONTEXT() REPRESENTATION_CONTEXT('2D SPACE',''
  ) );
#13390 = ORIENTED_EDGE('',*,*,#13391,.F.);
#13391 = EDGE_CURVE('',#13392,#13283,#13394,.T.);
#13392 = VERTEX_POINT('',#13393);
#13393 = CARTESIAN_POINT('',(-84.87662733255,1.103859528824,128.));
#13394 = SURFACE_CURVE('',#13395,(#13464,#13536),.PCURVE_S1.);
#13395 = B_SPLINE_CURVE_WITH_KNOTS('',7,(#13396,#13397,#13398,#13399,
    #13400,#13401,#13402,#13403,#13404,#13405,#13406,#13407,#13408,
    #13409,#13410,#13411,#13412,#13413,#13414,#13415,#13416,#13417,
    #13418,#13419,#13420,#13421,#13422,#13423,#13424,#13425,#13426,
    #13427,#13428,#13429,#13430,#13431,#13432,#13433,#13434,#13435,
    #13436,#13437,#13438,#13439,#13440,#13441,#13442,#13443,#13444,
    #13445,#13446,#13447,#13448,#13449,#13450,#13451,#13452,#13453,
    #13454,#13455,#13456,#13457,#13458,#13459,#13460,#13461,#13462,
    #13463),.UNSPECIFIED.,.F.,.F.,(8,6,6,6,6,6,6,6,6,6,6,8),(0.,
    7.584713847905E-02,0.289029734112,0.357266463303,0.412058791714,
    0.441542707446,0.499281316129,0.587892004904,0.642682024523,
    0.710915490882,0.924108527568,1.),.UNSPECIFIED.);
#13396 = CARTESIAN_POINT('',(-86.,1.487949869621,128.));
#13397 = CARTESIAN_POINT('',(-85.94334775481,1.482399809526,128.));
#13398 = CARTESIAN_POINT('',(-85.88681115279,1.475376863117,128.));
#13399 = CARTESIAN_POINT('',(-85.8304400448,1.466898243453,128.));
#13400 = CARTESIAN_POINT('',(-85.77428361869,1.456980488611,128.));
#13401 = CARTESIAN_POINT('',(-85.71839062355,1.445639103841,128.));
#13402 = CARTESIAN_POINT('',(-85.66280959405,1.432888203713,128.));
#13403 = CARTESIAN_POINT('',(-85.45238145755,1.378974410132,128.));
#13404 = CARTESIAN_POINT('',(-85.3001907353,1.32821473943,128.));
#13405 = CARTESIAN_POINT('',(-85.15184413631,1.266713816017,128.));
#13406 = CARTESIAN_POINT('',(-85.00847753151,1.194587129088,128.));
#13407 = CARTESIAN_POINT('',(-84.87157550141,1.111898010779,128.));
#13408 = CARTESIAN_POINT('',(-84.74296153095,1.018682559073,128.));
#13409 = CARTESIAN_POINT('',(-84.58739551174,0.881379315837,128.));
#13410 = CARTESIAN_POINT('',(-84.55079310129,0.846993924905,128.));
#13411 = CARTESIAN_POINT('',(-84.5153957087,0.811514506703,128.));
#13412 = CARTESIAN_POINT('',(-84.48130300477,0.774943992444,128.));
#13413 = CARTESIAN_POINT('',(-84.44862609186,0.73729059372,128.));
#13414 = CARTESIAN_POINT('',(-84.41748605549,0.698569117127,128.));
#13415 = CARTESIAN_POINT('',(-84.36434602611,0.626870536437,128.));
#13416 = CARTESIAN_POINT('',(-84.34175492231,0.59426594189,128.));
#13417 = CARTESIAN_POINT('',(-84.32030656403,0.561001416025,128.));
#13418 = CARTESIAN_POINT('',(-84.30007336178,0.52709525808,128.));
#13419 = CARTESIAN_POINT('',(-84.28113051439,0.492572175719,128.));
#13420 = CARTESIAN_POINT('',(-84.26355374631,0.457464315006,128.));
#13421 = CARTESIAN_POINT('',(-84.23873383755,0.40262782934,128.));
#13422 = CARTESIAN_POINT('',(-84.23046755333,0.383285926988,128.));
#13423 = CARTESIAN_POINT('',(-84.22262993987,0.363793028726,128.));
#13424 = CARTESIAN_POINT('',(-84.21523228516,0.34415634813,128.));
#13425 = CARTESIAN_POINT('',(-84.20828541755,0.324383866957,128.));
#13426 = CARTESIAN_POINT('',(-84.20179970572,0.304484335137,128.));
#13427 = CARTESIAN_POINT('',(-84.18400652307,0.245267679495,128.));
#13428 = CARTESIAN_POINT('',(-84.17403325761,0.205614339158,128.));
#13429 = CARTESIAN_POINT('',(-84.16593994239,0.165583420237,128.));
#13430 = CARTESIAN_POINT('',(-84.15978780459,0.125258078296,128.));
#13431 = CARTESIAN_POINT('',(-84.1556212476,8.472842067808E-02,128.));
#13432 = CARTESIAN_POINT('',(-84.15346448003,4.409147319535E-02,128.));
#13433 = CARTESIAN_POINT('',(-84.153093566,-5.891903137087E-02,128.));
#13434 = CARTESIAN_POINT('',(-84.15760396438,-0.121318033638,128.));
#13435 = CARTESIAN_POINT('',(-84.1668575555,-0.183354140264,128.));
#13436 = CARTESIAN_POINT('',(-84.18072333385,-0.244686301524,128.));
#13437 = CARTESIAN_POINT('',(-84.19897122952,-0.305022686916,128.));
#13438 = CARTESIAN_POINT('',(-84.22130644784,-0.364118090527,128.));
#13439 = CARTESIAN_POINT('',(-84.2635309912,-0.457417808498,128.));
#13440 = CARTESIAN_POINT('',(-84.28110371929,-0.492521447078,128.));
#13441 = CARTESIAN_POINT('',(-84.30004222091,-0.527040504264,128.));
#13442 = CARTESIAN_POINT('',(-84.32027080318,-0.560942840658,128.));
#13443 = CARTESIAN_POINT('',(-84.34171429695,-0.594203752138,128.));
#13444 = CARTESIAN_POINT('',(-84.36430031853,-0.626804940519,128.));
#13445 = CARTESIAN_POINT('',(-84.41742833159,-0.69849611297,128.));
#13446 = CARTESIAN_POINT('',(-84.44856130876,-0.737213714883,128.));
#13447 = CARTESIAN_POINT('',(-84.48123088879,-0.774863571674,128.));
#13448 = CARTESIAN_POINT('',(-84.51531602631,-0.81143087363,128.));
#13449 = CARTESIAN_POINT('',(-84.550705653,-0.846907405322,128.));
#13450 = CARTESIAN_POINT('',(-84.58730012606,-0.881290231334,128.));
#13451 = CARTESIAN_POINT('',(-84.74284419837,-1.01859427269,128.));
#13452 = CARTESIAN_POINT('',(-84.87144496829,-1.111813789243,128.));
#13453 = CARTESIAN_POINT('',(-85.00833437093,-1.194507919014,128.));
#13454 = CARTESIAN_POINT('',(-85.15168884867,-1.266640613162,128.));
#13455 = CARTESIAN_POINT('',(-85.30002381389,-1.328148616649,128.));
#13456 = CARTESIAN_POINT('',(-85.4522034461,-1.378916549738,128.));
#13457 = CARTESIAN_POINT('',(-85.66264702776,-1.43285090396,128.));
#13458 = CARTESIAN_POINT('',(-85.7182543911,-1.445611457061,128.));
#13459 = CARTESIAN_POINT('',(-85.77417411921,-1.456961147846,128.));
#13460 = CARTESIAN_POINT('',(-85.83035760628,-1.466885843053,128.));
#13461 = CARTESIAN_POINT('',(-85.88675603226,-1.475370015736,128.));
#13462 = CARTESIAN_POINT('',(-85.94332013792,-1.482397103978,128.));
#13463 = CARTESIAN_POINT('',(-86.,-1.487949869621,128.));
#13464 = PCURVE('',#12281,#13465);
#13465 = DEFINITIONAL_REPRESENTATION('',(#13466),#13535);
#13466 = B_SPLINE_CURVE_WITH_KNOTS('',7,(#13467,#13468,#13469,#13470,
    #13471,#13472,#13473,#13474,#13475,#13476,#13477,#13478,#13479,
    #13480,#13481,#13482,#13483,#13484,#13485,#13486,#13487,#13488,
    #13489,#13490,#13491,#13492,#13493,#13494,#13495,#13496,#13497,
    #13498,#13499,#13500,#13501,#13502,#13503,#13504,#13505,#13506,
    #13507,#13508,#13509,#13510,#13511,#13512,#13513,#13514,#13515,
    #13516,#13517,#13518,#13519,#13520,#13521,#13522,#13523,#13524,
    #13525,#13526,#13527,#13528,#13529,#13530,#13531,#13532,#13533,
    #13534),.UNSPECIFIED.,.F.,.F.,(8,6,6,6,6,6,6,6,6,6,6,8),(0.,
    7.584713847905E-02,0.289029734112,0.357266463303,0.412058791714,
    0.441542707446,0.499281316129,0.587892004904,0.642682024523,
    0.710915490882,0.924108527568,1.),.UNSPECIFIED.);
#13467 = CARTESIAN_POINT('',(4.017650704188,1.697636378257));
#13468 = CARTESIAN_POINT('',(4.013007077533,1.726885656864));
#13469 = CARTESIAN_POINT('',(4.008312552657,1.756070456192));
#13470 = CARTESIAN_POINT('',(4.003570573499,1.785202804465));
#13471 = CARTESIAN_POINT('',(3.998784849964,1.814294911696));
#13472 = CARTESIAN_POINT('',(3.993959391861,1.843359471188));
#13473 = CARTESIAN_POINT('',(3.989098542842,1.872409961028));
#13474 = CARTESIAN_POINT('',(3.970458456864,1.983114181539));
#13475 = CARTESIAN_POINT('',(3.956482489569,2.064682244692));
#13476 = CARTESIAN_POINT('',(3.942363478195,2.146617326355));
#13477 = CARTESIAN_POINT('',(3.928231247609,2.229278231355));
#13478 = CARTESIAN_POINT('',(3.914276677938,2.31304183489));
#13479 = CARTESIAN_POINT('',(3.90076312028,2.398319959789));
#13480 = CARTESIAN_POINT('',(3.88399654121,2.513811983811));
#13481 = CARTESIAN_POINT('',(3.88001594313,2.542031205793));
#13482 = CARTESIAN_POINT('',(3.876132990757,2.570483105133));
#13483 = CARTESIAN_POINT('',(3.872362336253,2.599182638625));
#13484 = CARTESIAN_POINT('',(3.868720308595,2.628142516832));
#13485 = CARTESIAN_POINT('',(3.865224730885,2.657373211953));
#13486 = CARTESIAN_POINT('',(3.85922083923,2.71057853458));
#13487 = CARTESIAN_POINT('',(3.856653802967,2.73445317233));
#13488 = CARTESIAN_POINT('',(3.85420354007,2.758510273704));
#13489 = CARTESIAN_POINT('',(3.851880681312,2.782750859712));
#13490 = CARTESIAN_POINT('',(3.849696248583,2.807173179929));
#13491 = CARTESIAN_POINT('',(3.847661326442,2.831772314806));
#13492 = CARTESIAN_POINT('',(3.844778009679,2.869867223978));
#13493 = CARTESIAN_POINT('',(3.843815700011,2.883243320972));
#13494 = CARTESIAN_POINT('',(3.84290152029,2.89666665869));
#13495 = CARTESIAN_POINT('',(3.842037117927,2.910135484725));
#13496 = CARTESIAN_POINT('',(3.841224072108,2.923647704536));
#13497 = CARTESIAN_POINT('',(3.840463893796,2.937200881455));
#13498 = CARTESIAN_POINT('',(3.838375718161,2.977408305876));
#13499 = CARTESIAN_POINT('',(3.837201526957,3.004172852989));
#13500 = CARTESIAN_POINT('',(3.83624629155,3.031061663593));
#13501 = CARTESIAN_POINT('',(3.835518911335,3.058048633456));
#13502 = CARTESIAN_POINT('',(3.835025845731,3.08510494844));
#13503 = CARTESIAN_POINT('',(3.834770614231,3.112198264386));
#13504 = CARTESIAN_POINT('',(3.834726719133,3.18087211586));
#13505 = CARTESIAN_POINT('',(3.835260482301,3.2224668989));
#13506 = CARTESIAN_POINT('',(3.836355716366,3.263932619292));
#13507 = CARTESIAN_POINT('',(3.837993606201,3.305159522436));
#13508 = CARTESIAN_POINT('',(3.840140584899,3.346060821104));
#13509 = CARTESIAN_POINT('',(3.842753466865,3.38656570917));
#13510 = CARTESIAN_POINT('',(3.847658690036,3.451380472212));
#13511 = CARTESIAN_POINT('',(3.849693153701,3.475976386826));
#13512 = CARTESIAN_POINT('',(3.851877097226,3.500395541951));
#13513 = CARTESIAN_POINT('',(3.854199440685,3.524633017135));
#13514 = CARTESIAN_POINT('',(3.856649166555,3.548687059811));
#13515 = CARTESIAN_POINT('',(3.859215648016,3.572558687781));
#13516 = CARTESIAN_POINT('',(3.865218242728,3.625757185371));
#13517 = CARTESIAN_POINT('',(3.86871306862,3.654984094052));
#13518 = CARTESIAN_POINT('',(3.872354327288,3.683940250723));
#13519 = CARTESIAN_POINT('',(3.876124201548,3.71263611926));
#13520 = CARTESIAN_POINT('',(3.880006367404,3.741084402025));
#13521 = CARTESIAN_POINT('',(3.883986176766,3.769300047444));
#13522 = CARTESIAN_POINT('',(3.900750736325,3.884785917447));
#13523 = CARTESIAN_POINT('',(3.914263232549,3.970061325959));
#13524 = CARTESIAN_POINT('',(3.928216896749,4.053822020192));
#13525 = CARTESIAN_POINT('',(3.942348359867,4.136479792272));
#13526 = CARTESIAN_POINT('',(3.956466729643,4.218411491673));
#13527 = CARTESIAN_POINT('',(3.970442173278,4.29997591094));
#13528 = CARTESIAN_POINT('',(3.989084325353,4.410690377253));
#13529 = CARTESIAN_POINT('',(3.99394763024,4.439754994356));
#13530 = CARTESIAN_POINT('',(3.998775518188,4.468833668629));
#13531 = CARTESIAN_POINT('',(4.003563638666,4.497939898815));
#13532 = CARTESIAN_POINT('',(4.008307975701,4.527086397194));
#13533 = CARTESIAN_POINT('',(4.013004813854,4.55628539185));
#13534 = CARTESIAN_POINT('',(4.017650704188,4.585548928922));
#13535 = ( GEOMETRIC_REPRESENTATION_CONTEXT(2) 
PARAMETRIC_REPRESENTATION_CONTEXT() REPRESENTATION_CONTEXT('2D SPACE',''
  ) );
#13536 = PCURVE('',#13537,#13542);
#13537 = PLANE('',#13538);
#13538 = AXIS2_PLACEMENT_3D('',#13539,#13540,#13541);
#13539 = CARTESIAN_POINT('',(-80.,0.,128.));
#13540 = DIRECTION('',(0.,0.,1.));
#13541 = DIRECTION('',(1.,0.,-0.));
#13542 = DEFINITIONAL_REPRESENTATION('',(#13543),#13612);
#13543 = B_SPLINE_CURVE_WITH_KNOTS('',7,(#13544,#13545,#13546,#13547,
    #13548,#13549,#13550,#13551,#13552,#13553,#13554,#13555,#13556,
    #13557,#13558,#13559,#13560,#13561,#13562,#13563,#13564,#13565,
    #13566,#13567,#13568,#13569,#13570,#13571,#13572,#13573,#13574,
    #13575,#13576,#13577,#13578,#13579,#13580,#13581,#13582,#13583,
    #13584,#13585,#13586,#13587,#13588,#13589,#13590,#13591,#13592,
    #13593,#13594,#13595,#13596,#13597,#13598,#13599,#13600,#13601,
    #13602,#13603,#13604,#13605,#13606,#13607,#13608,#13609,#13610,
    #13611),.UNSPECIFIED.,.F.,.F.,(8,6,6,6,6,6,6,6,6,6,6,8),(0.,
    7.584713847905E-02,0.289029734112,0.357266463303,0.412058791714,
    0.441542707446,0.499281316129,0.587892004904,0.642682024523,
    0.710915490882,0.924108527568,1.),.UNSPECIFIED.);
#13544 = CARTESIAN_POINT('',(-6.,1.487949869621));
#13545 = CARTESIAN_POINT('',(-5.943347754812,1.482399809526));
#13546 = CARTESIAN_POINT('',(-5.886811152791,1.475376863117));
#13547 = CARTESIAN_POINT('',(-5.830440044807,1.466898243453));
#13548 = CARTESIAN_POINT('',(-5.774283618694,1.456980488611));
#13549 = CARTESIAN_POINT('',(-5.718390623553,1.445639103841));
#13550 = CARTESIAN_POINT('',(-5.662809594057,1.432888203713));
#13551 = CARTESIAN_POINT('',(-5.452381457556,1.378974410132));
#13552 = CARTESIAN_POINT('',(-5.300190735309,1.32821473943));
#13553 = CARTESIAN_POINT('',(-5.151844136319,1.266713816017));
#13554 = CARTESIAN_POINT('',(-5.008477531512,1.194587129088));
#13555 = CARTESIAN_POINT('',(-4.871575501412,1.111898010779));
#13556 = CARTESIAN_POINT('',(-4.742961530957,1.018682559073));
#13557 = CARTESIAN_POINT('',(-4.587395511744,0.881379315837));
#13558 = CARTESIAN_POINT('',(-4.550793101292,0.846993924905));
#13559 = CARTESIAN_POINT('',(-4.5153957087,0.811514506703));
#13560 = CARTESIAN_POINT('',(-4.481303004771,0.774943992444));
#13561 = CARTESIAN_POINT('',(-4.448626091864,0.73729059372));
#13562 = CARTESIAN_POINT('',(-4.417486055497,0.698569117127));
#13563 = CARTESIAN_POINT('',(-4.364346026119,0.626870536437));
#13564 = CARTESIAN_POINT('',(-4.341754922315,0.59426594189));
#13565 = CARTESIAN_POINT('',(-4.32030656403,0.561001416025));
#13566 = CARTESIAN_POINT('',(-4.30007336178,0.52709525808));
#13567 = CARTESIAN_POINT('',(-4.281130514398,0.492572175719));
#13568 = CARTESIAN_POINT('',(-4.263553746316,0.457464315006));
#13569 = CARTESIAN_POINT('',(-4.238733837559,0.40262782934));
#13570 = CARTESIAN_POINT('',(-4.230467553339,0.383285926988));
#13571 = CARTESIAN_POINT('',(-4.222629939871,0.363793028726));
#13572 = CARTESIAN_POINT('',(-4.215232285162,0.34415634813));
#13573 = CARTESIAN_POINT('',(-4.208285417556,0.324383866957));
#13574 = CARTESIAN_POINT('',(-4.201799705728,0.304484335137));
#13575 = CARTESIAN_POINT('',(-4.184006523079,0.245267679495));
#13576 = CARTESIAN_POINT('',(-4.174033257619,0.205614339158));
#13577 = CARTESIAN_POINT('',(-4.165939942392,0.165583420237));
#13578 = CARTESIAN_POINT('',(-4.159787804598,0.125258078296));
#13579 = CARTESIAN_POINT('',(-4.155621247609,8.472842067808E-02));
#13580 = CARTESIAN_POINT('',(-4.153464480038,4.409147319535E-02));
#13581 = CARTESIAN_POINT('',(-4.153093566007,-5.891903137087E-02));
#13582 = CARTESIAN_POINT('',(-4.157603964384,-0.121318033638));
#13583 = CARTESIAN_POINT('',(-4.166857555508,-0.183354140264));
#13584 = CARTESIAN_POINT('',(-4.18072333385,-0.244686301524));
#13585 = CARTESIAN_POINT('',(-4.198971229522,-0.305022686916));
#13586 = CARTESIAN_POINT('',(-4.221306447841,-0.364118090527));
#13587 = CARTESIAN_POINT('',(-4.263530991208,-0.457417808498));
#13588 = CARTESIAN_POINT('',(-4.281103719292,-0.492521447078));
#13589 = CARTESIAN_POINT('',(-4.300042220919,-0.527040504264));
#13590 = CARTESIAN_POINT('',(-4.320270803185,-0.560942840658));
#13591 = CARTESIAN_POINT('',(-4.341714296956,-0.594203752138));
#13592 = CARTESIAN_POINT('',(-4.364300318534,-0.626804940519));
#13593 = CARTESIAN_POINT('',(-4.417428331597,-0.69849611297));
#13594 = CARTESIAN_POINT('',(-4.448561308763,-0.737213714883));
#13595 = CARTESIAN_POINT('',(-4.481230888794,-0.774863571674));
#13596 = CARTESIAN_POINT('',(-4.51531602631,-0.81143087363));
#13597 = CARTESIAN_POINT('',(-4.550705653002,-0.846907405322));
#13598 = CARTESIAN_POINT('',(-4.587300126064,-0.881290231334));
#13599 = CARTESIAN_POINT('',(-4.742844198379,-1.01859427269));
#13600 = CARTESIAN_POINT('',(-4.871444968299,-1.111813789243));
#13601 = CARTESIAN_POINT('',(-5.008334370938,-1.194507919014));
#13602 = CARTESIAN_POINT('',(-5.151688848676,-1.266640613162));
#13603 = CARTESIAN_POINT('',(-5.300023813894,-1.328148616649));
#13604 = CARTESIAN_POINT('',(-5.452203446103,-1.378916549738));
#13605 = CARTESIAN_POINT('',(-5.662647027761,-1.43285090396));
#13606 = CARTESIAN_POINT('',(-5.718254391107,-1.445611457061));
#13607 = CARTESIAN_POINT('',(-5.77417411921,-1.456961147846));
#13608 = CARTESIAN_POINT('',(-5.830357606281,-1.466885843053));
#13609 = CARTESIAN_POINT('',(-5.88675603226,-1.475370015736));
#13610 = CARTESIAN_POINT('',(-5.943320137924,-1.482397103978));
#13611 = CARTESIAN_POINT('',(-6.,-1.487949869621));
#13612 = ( GEOMETRIC_REPRESENTATION_CONTEXT(2) 
PARAMETRIC_REPRESENTATION_CONTEXT() REPRESENTATION_CONTEXT('2D SPACE',''
  ) );
#13613 = ORIENTED_EDGE('',*,*,#13614,.F.);
#13614 = EDGE_CURVE('',#12658,#13392,#13615,.T.);
#13615 = SURFACE_CURVE('',#13616,(#13647,#13681),.PCURVE_S1.);
#13616 = B_SPLINE_CURVE_WITH_KNOTS('',8,(#13617,#13618,#13619,#13620,
    #13621,#13622,#13623,#13624,#13625,#13626,#13627,#13628,#13629,
    #13630,#13631,#13632,#13633,#13634,#13635,#13636,#13637,#13638,
    #13639,#13640,#13641,#13642,#13643,#13644,#13645,#13646),
  .UNSPECIFIED.,.F.,.F.,(9,7,7,7,9),(0.,0.23316989493,0.406128881815,
    0.832048970564,1.),.UNSPECIFIED.);
#13617 = CARTESIAN_POINT('',(-84.97712067584,0.477775865992,124.9999994)
  );
#13618 = CARTESIAN_POINT('',(-84.96639407412,0.589517783069,
    125.03754669822));
#13619 = CARTESIAN_POINT('',(-84.95330416643,0.695735858889,
    125.08460885259));
#13620 = CARTESIAN_POINT('',(-84.93844414409,0.795207556824,
    125.14019860765));
#13621 = CARTESIAN_POINT('',(-84.92250145203,0.887215067531,
    125.20319159437));
#13622 = CARTESIAN_POINT('',(-84.90613122201,0.971405467285,
    125.27248005345));
#13623 = CARTESIAN_POINT('',(-84.88988950183,1.047704044103,
    125.34703887305));
#13624 = CARTESIAN_POINT('',(-84.8742117268,1.116246167992,
    125.42596259185));
#13625 = CARTESIAN_POINT('',(-84.84845117877,1.222575995833,
    125.56977973782));
#13626 = CARTESIAN_POINT('',(-84.83796823771,1.26373718894,
    125.63303609165));
#13627 = CARTESIAN_POINT('',(-84.82810517208,1.300887114688,
    125.69801388738));
#13628 = CARTESIAN_POINT('',(-84.81896373351,1.334153764681,
    125.76445409768));
#13629 = CARTESIAN_POINT('',(-84.81061861086,1.363677313675,
    125.83212662389));
#13630 = CARTESIAN_POINT('',(-84.80312073188,1.389604764847,
    125.90083105969));
#13631 = CARTESIAN_POINT('',(-84.79650056493,1.412084595045,
    125.97039745474));
#13632 = CARTESIAN_POINT('',(-84.77666311846,1.478485234096,
    126.21377876485));
#13633 = CARTESIAN_POINT('',(-84.76798684279,1.505587376191,
    126.39092174091));
#13634 = CARTESIAN_POINT('',(-84.76489070585,1.514939614847,
    126.57032045009));
#13635 = CARTESIAN_POINT('',(-84.76705330447,1.50830732616,
    126.7505699775));
#13636 = CARTESIAN_POINT('',(-84.77386757001,1.487242397581,
    126.93055325855));
#13637 = CARTESIAN_POINT('',(-84.78463040563,1.452876127048,
    127.10942213938));
#13638 = CARTESIAN_POINT('',(-84.79864814005,1.405982881134,
    127.28657038859));
#13639 = CARTESIAN_POINT('',(-84.82183143218,1.323077605719,
    127.53053060889));
#13640 = CARTESIAN_POINT('',(-84.82879003846,1.297689917488,
    127.59914826786));
#13641 = CARTESIAN_POINT('',(-84.83610925642,1.27036689486,
    127.66734898576));
#13642 = CARTESIAN_POINT('',(-84.84374713935,1.241100382781,
    127.73508305618));
#13643 = CARTESIAN_POINT('',(-84.85166135288,1.209868372789,
    127.802291795));
#13644 = CARTESIAN_POINT('',(-84.85980897348,1.176631818714,
    127.86890593102));
#13645 = CARTESIAN_POINT('',(-84.86814611888,1.141327821594,
    127.93484255111));
#13646 = CARTESIAN_POINT('',(-84.87662741065,1.103859183798,128.0000006)
  );
#13647 = PCURVE('',#12281,#13648);
#13648 = DEFINITIONAL_REPRESENTATION('',(#13649),#13680);
#13649 = B_SPLINE_CURVE_WITH_KNOTS('',8,(#13650,#13651,#13652,#13653,
    #13654,#13655,#13656,#13657,#13658,#13659,#13660,#13661,#13662,
    #13663,#13664,#13665,#13666,#13667,#13668,#13669,#13670,#13671,
    #13672,#13673,#13674,#13675,#13676,#13677,#13678,#13679),
  .UNSPECIFIED.,.F.,.F.,(9,7,7,7,9),(0.,0.23316989493,0.406128881815,
    0.832048970564,1.),.UNSPECIFIED.);
#13650 = CARTESIAN_POINT('',(3.698132722917,0.3241648499));
#13651 = CARTESIAN_POINT('',(3.699271200256,0.402752538637));
#13652 = CARTESIAN_POINT('',(3.70074053085,0.479826946747));
#13653 = CARTESIAN_POINT('',(3.70254861916,0.555108723539));
#13654 = CARTESIAN_POINT('',(3.704707066316,0.628476721497));
#13655 = CARTESIAN_POINT('',(3.707227624035,0.699876487594));
#13656 = CARTESIAN_POINT('',(3.71011849384,0.769300096627));
#13657 = CARTESIAN_POINT('',(3.713383339642,0.836796740142));
#13658 = CARTESIAN_POINT('',(3.719727818905,0.951190679192));
#13659 = CARTESIAN_POINT('',(3.722637644919,0.998909043663));
#13660 = CARTESIAN_POINT('',(3.725757330426,1.045677073775));
#13661 = CARTESIAN_POINT('',(3.729087411824,1.091540692161));
#13662 = CARTESIAN_POINT('',(3.73262729034,1.13654519045));
#13663 = CARTESIAN_POINT('',(3.736375531076,1.180737171474));
#13664 = CARTESIAN_POINT('',(3.740330162052,1.224166491488));
#13665 = CARTESIAN_POINT('',(3.754730252218,1.372092535627));
#13666 = CARTESIAN_POINT('',(3.766190191077,1.472802116514));
#13667 = CARTESIAN_POINT('',(3.778847564736,1.570044991616));
#13668 = CARTESIAN_POINT('',(3.792644594796,1.664472925171));
#13669 = CARTESIAN_POINT('',(3.80749114667,1.756705052332));
#13670 = CARTESIAN_POINT('',(3.823280083658,1.847364592365));
#13671 = CARTESIAN_POINT('',(3.839904143828,1.937152828439));
#13672 = CARTESIAN_POINT('',(3.864098357595,2.062583647308));
#13673 = CARTESIAN_POINT('',(3.871050180322,2.098064004817));
#13674 = CARTESIAN_POINT('',(3.878103433195,2.133608793834));
#13675 = CARTESIAN_POINT('',(3.885248641664,2.169277355612));
#13676 = CARTESIAN_POINT('',(3.892474849294,2.20513276925));
#13677 = CARTESIAN_POINT('',(3.899769323828,2.24124507162));
#13678 = CARTESIAN_POINT('',(3.907117071332,2.2776964877));
#13679 = CARTESIAN_POINT('',(3.914500158423,2.314588671292));
#13680 = ( GEOMETRIC_REPRESENTATION_CONTEXT(2) 
PARAMETRIC_REPRESENTATION_CONTEXT() REPRESENTATION_CONTEXT('2D SPACE',''
  ) );
#13681 = PCURVE('',#12674,#13682);
#13682 = DEFINITIONAL_REPRESENTATION('',(#13683),#13714);
#13683 = B_SPLINE_CURVE_WITH_KNOTS('',8,(#13684,#13685,#13686,#13687,
    #13688,#13689,#13690,#13691,#13692,#13693,#13694,#13695,#13696,
    #13697,#13698,#13699,#13700,#13701,#13702,#13703,#13704,#13705,
    #13706,#13707,#13708,#13709,#13710,#13711,#13712,#13713),
  .UNSPECIFIED.,.F.,.F.,(9,7,7,7,9),(0.,0.23316989493,0.406128881815,
    0.832048970564,1.),.UNSPECIFIED.);
#13684 = CARTESIAN_POINT('',(3.04589146391,-6.E-07));
#13685 = CARTESIAN_POINT('',(3.02344034722,3.75466982269E-02));
#13686 = CARTESIAN_POINT('',(3.002043786627,8.46088525947E-02));
#13687 = CARTESIAN_POINT('',(2.981939211177,0.140198607656));
#13688 = CARTESIAN_POINT('',(2.963272364543,0.203191594379));
#13689 = CARTESIAN_POINT('',(2.946124634863,0.272480053455));
#13690 = CARTESIAN_POINT('',(2.930526123288,0.347038873052));
#13691 = CARTESIAN_POINT('',(2.916464816542,0.425962591859));
#13692 = CARTESIAN_POINT('',(2.894583648271,0.569779737823));
#13693 = CARTESIAN_POINT('',(2.886089179656,0.633036091653));
#13694 = CARTESIAN_POINT('',(2.878402421654,0.698013887386));
#13695 = CARTESIAN_POINT('',(2.871502907706,0.764454097686));
#13696 = CARTESIAN_POINT('',(2.865367067282,0.832126623897));
#13697 = CARTESIAN_POINT('',(2.859969187152,0.900831059695));
#13698 = CARTESIAN_POINT('',(2.855282372651,0.970397454748));
#13699 = CARTESIAN_POINT('',(2.84142225844,1.213778764855));
#13700 = CARTESIAN_POINT('',(2.835731929391,1.390921740912));
#13701 = CARTESIAN_POINT('',(2.833761048624,1.570320450098));
#13702 = CARTESIAN_POINT('',(2.835156566367,1.750569977503));
#13703 = CARTESIAN_POINT('',(2.839584541731,1.930553258555));
#13704 = CARTESIAN_POINT('',(2.846786429211,2.109422139386));
#13705 = CARTESIAN_POINT('',(2.856573592552,2.28657038859));
#13706 = CARTESIAN_POINT('',(2.873790734853,2.530530608894));
#13707 = CARTESIAN_POINT('',(2.879055480945,2.599148267863));
#13708 = CARTESIAN_POINT('',(2.884712589524,2.667348985762));
#13709 = CARTESIAN_POINT('',(2.890761673982,2.735083056181));
#13710 = CARTESIAN_POINT('',(2.897205147762,2.802291795004));
#13711 = CARTESIAN_POINT('',(2.904048881314,2.868905931021));
#13712 = CARTESIAN_POINT('',(2.911303581093,2.934842551112));
#13713 = CARTESIAN_POINT('',(2.91898689061,3.0000006));
#13714 = ( GEOMETRIC_REPRESENTATION_CONTEXT(2) 
PARAMETRIC_REPRESENTATION_CONTEXT() REPRESENTATION_CONTEXT('2D SPACE',''
  ) );
#13715 = ADVANCED_FACE('',(#13716),#12219,.F.);
#13716 = FACE_BOUND('',#13717,.F.);
#13717 = EDGE_LOOP('',(#13718,#13742,#14012,#14013));
#13718 = ORIENTED_EDGE('',*,*,#13719,.T.);
#13719 = EDGE_CURVE('',#13011,#13720,#13722,.T.);
#13720 = VERTEX_POINT('',#13721);
#13721 = CARTESIAN_POINT('',(-75.02287949556,-0.477777651607,125.));
#13722 = SURFACE_CURVE('',#13723,(#13728,#13735),.PCURVE_S1.);
#13723 = CIRCLE('',#13724,5.);
#13724 = AXIS2_PLACEMENT_3D('',#13725,#13726,#13727);
#13725 = CARTESIAN_POINT('',(-80.,0.,125.));
#13726 = DIRECTION('',(0.,0.,1.));
#13727 = DIRECTION('',(1.,0.,-0.));
#13728 = PCURVE('',#12219,#13729);
#13729 = DEFINITIONAL_REPRESENTATION('',(#13730),#13734);
#13730 = CIRCLE('',#13731,5.);
#13731 = AXIS2_PLACEMENT_2D('',#13732,#13733);
#13732 = CARTESIAN_POINT('',(0.,0.));
#13733 = DIRECTION('',(1.,0.));
#13734 = ( GEOMETRIC_REPRESENTATION_CONTEXT(2) 
PARAMETRIC_REPRESENTATION_CONTEXT() REPRESENTATION_CONTEXT('2D SPACE',''
  ) );
#13735 = PCURVE('',#13352,#13736);
#13736 = DEFINITIONAL_REPRESENTATION('',(#13737),#13741);
#13737 = LINE('',#13738,#13739);
#13738 = CARTESIAN_POINT('',(0.,0.));
#13739 = VECTOR('',#13740,1.);
#13740 = DIRECTION('',(1.,0.));
#13741 = ( GEOMETRIC_REPRESENTATION_CONTEXT(2) 
PARAMETRIC_REPRESENTATION_CONTEXT() REPRESENTATION_CONTEXT('2D SPACE',''
  ) );
#13742 = ORIENTED_EDGE('',*,*,#13743,.F.);
#13743 = EDGE_CURVE('',#12129,#13720,#13744,.T.);
#13744 = SURFACE_CURVE('',#13745,(#13832,#13922),.PCURVE_S1.);
#13745 = B_SPLINE_CURVE_WITH_KNOTS('',8,(#13746,#13747,#13748,#13749,
    #13750,#13751,#13752,#13753,#13754,#13755,#13756,#13757,#13758,
    #13759,#13760,#13761,#13762,#13763,#13764,#13765,#13766,#13767,
    #13768,#13769,#13770,#13771,#13772,#13773,#13774,#13775,#13776,
    #13777,#13778,#13779,#13780,#13781,#13782,#13783,#13784,#13785,
    #13786,#13787,#13788,#13789,#13790,#13791,#13792,#13793,#13794,
    #13795,#13796,#13797,#13798,#13799,#13800,#13801,#13802,#13803,
    #13804,#13805,#13806,#13807,#13808,#13809,#13810,#13811,#13812,
    #13813,#13814,#13815,#13816,#13817,#13818,#13819,#13820,#13821,
    #13822,#13823,#13824,#13825,#13826,#13827,#13828,#13829,#13830,
    #13831),.UNSPECIFIED.,.F.,.F.,(9,7,7,7,7,7,7,7,7,7,7,7,9),(0.,
    5.663172402432E-02,9.784058608956E-02,0.163171775348,0.346315647881,
    0.428435641027,0.499810988016,0.56854738039,0.727752825703,
    0.819834597852,0.921192828749,0.951940283352,1.),.UNSPECIFIED.);
#13746 = CARTESIAN_POINT('',(-85.12347538298,0.,125.));
#13747 = CARTESIAN_POINT('',(-85.12347538298,-7.169654187E-02,125.));
#13748 = CARTESIAN_POINT('',(-85.11621334219,-0.143430004981,125.));
#13749 = CARTESIAN_POINT('',(-85.10167643899,-0.214429840104,125.));
#13750 = CARTESIAN_POINT('',(-85.08014088329,-0.284058998512,125.));
#13751 = CARTESIAN_POINT('',(-85.05205584854,-0.351801469655,125.));
#13752 = CARTESIAN_POINT('',(-85.01797809068,-0.417253214167,125.));
#13753 = CARTESIAN_POINT('',(-84.97853161816,-0.480113843072,125.));
#13754 = CARTESIAN_POINT('',(-84.90222961526,-0.583881745086,125.));
#13755 = CARTESIAN_POINT('',(-84.86756999606,-0.626137853513,125.));
#13756 = CARTESIAN_POINT('',(-84.83060764888,-0.666896066052,125.));
#13757 = CARTESIAN_POINT('',(-84.79155449225,-0.706131894265,125.));
#13758 = CARTESIAN_POINT('',(-84.75061048496,-0.743841503366,125.));
#13759 = CARTESIAN_POINT('',(-84.7079594774,-0.780038201044,125.));
#13760 = CARTESIAN_POINT('',(-84.66376506301,-0.814748926289,125.));
#13761 = CARTESIAN_POINT('',(-84.5458758399,-0.900742932701,125.));
#13762 = CARTESIAN_POINT('',(-84.47008886838,-0.949810316233,125.));
#13763 = CARTESIAN_POINT('',(-84.39134893876,-0.995380858018,125.));
#13764 = CARTESIAN_POINT('',(-84.3101225185,-1.037631175181,125.));
#13765 = CARTESIAN_POINT('',(-84.2268032216,-1.076746377466,125.));
#13766 = CARTESIAN_POINT('',(-84.14171330858,-1.112917801482,125.));
#13767 = CARTESIAN_POINT('',(-84.05510258371,-1.146338634474,125.));
#13768 = CARTESIAN_POINT('',(-83.72057104622,-1.263704331087,125.));
#13769 = CARTESIAN_POINT('',(-83.46419686663,-1.32980459198,125.));
#13770 = CARTESIAN_POINT('',(-83.2015714851,-1.380008753716,125.));
#13771 = CARTESIAN_POINT('',(-82.93496034484,-1.417177551436,125.));
#13772 = CARTESIAN_POINT('',(-82.66601714185,-1.444156934129,125.));
#13773 = CARTESIAN_POINT('',(-82.39558428368,-1.463193400891,125.));
#13774 = CARTESIAN_POINT('',(-82.12388376848,-1.476290004179,125.));
#13775 = CARTESIAN_POINT('',(-81.72780831057,-1.488984827642,125.));
#13776 = CARTESIAN_POINT('',(-81.60497544181,-1.492039929311,125.));
#13777 = CARTESIAN_POINT('',(-81.48195132464,-1.494366836216,125.));
#13778 = CARTESIAN_POINT('',(-81.35875884828,-1.496099443979,125.));
#13779 = CARTESIAN_POINT('',(-81.23541879681,-1.49735810219,125.));
#13780 = CARTESIAN_POINT('',(-81.11195002357,-1.498248920903,125.));
#13781 = CARTESIAN_POINT('',(-80.98836962573,-1.498863077134,125.));
#13782 = CARTESIAN_POINT('',(-80.75719854577,-1.499635122527,125.));
#13783 = CARTESIAN_POINT('',(-80.64963256597,-1.499842098615,125.));
#13784 = CARTESIAN_POINT('',(-80.54200672805,-1.499946614467,125.));
#13785 = CARTESIAN_POINT('',(-80.43433267477,-1.499988952072,125.));
#13786 = CARTESIAN_POINT('',(-80.3266221672,-1.499999802343,125.));
#13787 = CARTESIAN_POINT('',(-80.21888710906,-1.499999956923,125.));
#13788 = CARTESIAN_POINT('',(-80.11113957092,-1.499999999978,125.));
#13789 = CARTESIAN_POINT('',(-79.89962780683,-1.500000000021,125.));
#13790 = CARTESIAN_POINT('',(-79.79586345329,-1.499999964706,125.));
#13791 = CARTESIAN_POINT('',(-79.6921097142,-1.500000183301,125.));
#13792 = CARTESIAN_POINT('',(-79.58837738686,-1.499991912127,125.));
#13793 = CARTESIAN_POINT('',(-79.48467712431,-1.49995761914,125.));
#13794 = CARTESIAN_POINT('',(-79.38101945399,-1.499871228487,125.));
#13795 = CARTESIAN_POINT('',(-79.27741479647,-1.499698365064,125.));
#13796 = CARTESIAN_POINT('',(-78.93405378778,-1.498697656535,125.));
#13797 = CARTESIAN_POINT('',(-78.69465547477,-1.497307802392,125.));
#13798 = CARTESIAN_POINT('',(-78.45570775926,-1.494700225464,125.));
#13799 = CARTESIAN_POINT('',(-78.21730662248,-1.490125024708,125.));
#13800 = CARTESIAN_POINT('',(-77.97962043914,-1.482621860444,125.));
#13801 = CARTESIAN_POINT('',(-77.74289261908,-1.471063948432,125.));
#13802 = CARTESIAN_POINT('',(-77.50744952036,-1.454160869457,125.));
#13803 = CARTESIAN_POINT('',(-77.13853772995,-1.416574508258,125.));
#13804 = CARTESIAN_POINT('',(-77.0039854022,-1.40049523635,125.));
#13805 = CARTESIAN_POINT('',(-76.87013686759,-1.381810429457,125.));
#13806 = CARTESIAN_POINT('',(-76.7371266746,-1.360191096223,125.));
#13807 = CARTESIAN_POINT('',(-76.60515034968,-1.335282741591,125.));
#13808 = CARTESIAN_POINT('',(-76.47446652986,-1.306701689291,125.));
#13809 = CARTESIAN_POINT('',(-76.34540283775,-1.27402366104,125.));
#13810 = CARTESIAN_POINT('',(-76.07853022364,-1.195752030205,125.));
#13811 = CARTESIAN_POINT('',(-75.94140719165,-1.149264331143,125.));
#13812 = CARTESIAN_POINT('',(-75.80728437421,-1.096616335844,125.));
#13813 = CARTESIAN_POINT('',(-75.67689973811,-1.037086401047,125.));
#13814 = CARTESIAN_POINT('',(-75.55144562152,-0.969936189759,125.));
#13815 = CARTESIAN_POINT('',(-75.4325251891,-0.894487307021,125.));
#13816 = CARTESIAN_POINT('',(-75.32214081749,-0.810174132,125.));
#13817 = CARTESIAN_POINT('',(-75.19265705842,-0.688073353791,125.));
#13818 = CARTESIAN_POINT('',(-75.16355634186,-0.658811737952,125.));
#13819 = CARTESIAN_POINT('',(-75.13556836545,-0.628703798653,125.));
#13820 = CARTESIAN_POINT('',(-75.1087763402,-0.59775177631,125.));
#13821 = CARTESIAN_POINT('',(-75.08326869823,-0.565964801761,125.));
#13822 = CARTESIAN_POINT('',(-75.0591373556,-0.533360015343,125.));
#13823 = CARTESIAN_POINT('',(-75.03647597506,-0.499963685968,125.));
#13824 = CARTESIAN_POINT('',(-74.98240145986,-0.412432156042,125.));
#13825 = CARTESIAN_POINT('',(-74.95322315423,-0.35717306202,125.));
#13826 = CARTESIAN_POINT('',(-74.92823741228,-0.300216207837,125.));
#13827 = CARTESIAN_POINT('',(-74.90780274455,-0.241793020203,125.));
#13828 = CARTESIAN_POINT('',(-74.89222948089,-0.182188447685,125.));
#13829 = CARTESIAN_POINT('',(-74.88175754818,-0.121743962481,125.));
#13830 = CARTESIAN_POINT('',(-74.87652461702,-6.086030911045E-02,125.));
#13831 = CARTESIAN_POINT('',(-74.87652461702,0.,125.));
#13832 = PCURVE('',#12219,#13833);
#13833 = DEFINITIONAL_REPRESENTATION('',(#13834),#13921);
#13834 = B_SPLINE_CURVE_WITH_KNOTS('',8,(#13835,#13836,#13837,#13838,
    #13839,#13840,#13841,#13842,#13843,#13844,#13845,#13846,#13847,
    #13848,#13849,#13850,#13851,#13852,#13853,#13854,#13855,#13856,
    #13857,#13858,#13859,#13860,#13861,#13862,#13863,#13864,#13865,
    #13866,#13867,#13868,#13869,#13870,#13871,#13872,#13873,#13874,
    #13875,#13876,#13877,#13878,#13879,#13880,#13881,#13882,#13883,
    #13884,#13885,#13886,#13887,#13888,#13889,#13890,#13891,#13892,
    #13893,#13894,#13895,#13896,#13897,#13898,#13899,#13900,#13901,
    #13902,#13903,#13904,#13905,#13906,#13907,#13908,#13909,#13910,
    #13911,#13912,#13913,#13914,#13915,#13916,#13917,#13918,#13919,
    #13920),.UNSPECIFIED.,.F.,.F.,(9,7,7,7,7,7,7,7,7,7,7,7,9),(0.,
    5.663172402432E-02,9.784058608956E-02,0.163171775348,0.346315647881,
    0.428435641027,0.499810988016,0.56854738039,0.727752825703,
    0.819834597852,0.921192828749,0.951940283352,1.),.UNSPECIFIED.);
#13835 = CARTESIAN_POINT('',(-5.12347538298,0.));
#13836 = CARTESIAN_POINT('',(-5.12347538298,-7.169654187E-02));
#13837 = CARTESIAN_POINT('',(-5.116213342195,-0.143430004981));
#13838 = CARTESIAN_POINT('',(-5.101676438996,-0.214429840104));
#13839 = CARTESIAN_POINT('',(-5.080140883297,-0.284058998512));
#13840 = CARTESIAN_POINT('',(-5.05205584854,-0.351801469655));
#13841 = CARTESIAN_POINT('',(-5.017978090689,-0.417253214167));
#13842 = CARTESIAN_POINT('',(-4.978531618169,-0.480113843072));
#13843 = CARTESIAN_POINT('',(-4.902229615265,-0.583881745086));
#13844 = CARTESIAN_POINT('',(-4.867569996068,-0.626137853513));
#13845 = CARTESIAN_POINT('',(-4.830607648881,-0.666896066052));
#13846 = CARTESIAN_POINT('',(-4.791554492257,-0.706131894265));
#13847 = CARTESIAN_POINT('',(-4.750610484965,-0.743841503366));
#13848 = CARTESIAN_POINT('',(-4.707959477404,-0.780038201044));
#13849 = CARTESIAN_POINT('',(-4.663765063017,-0.814748926289));
#13850 = CARTESIAN_POINT('',(-4.545875839908,-0.900742932701));
#13851 = CARTESIAN_POINT('',(-4.470088868384,-0.949810316233));
#13852 = CARTESIAN_POINT('',(-4.391348938765,-0.995380858018));
#13853 = CARTESIAN_POINT('',(-4.310122518505,-1.037631175181));
#13854 = CARTESIAN_POINT('',(-4.226803221604,-1.076746377466));
#13855 = CARTESIAN_POINT('',(-4.141713308581,-1.112917801482));
#13856 = CARTESIAN_POINT('',(-4.055102583717,-1.146338634474));
#13857 = CARTESIAN_POINT('',(-3.720571046221,-1.263704331087));
#13858 = CARTESIAN_POINT('',(-3.464196866631,-1.32980459198));
#13859 = CARTESIAN_POINT('',(-3.201571485106,-1.380008753716));
#13860 = CARTESIAN_POINT('',(-2.934960344843,-1.417177551436));
#13861 = CARTESIAN_POINT('',(-2.666017141852,-1.444156934129));
#13862 = CARTESIAN_POINT('',(-2.395584283687,-1.463193400891));
#13863 = CARTESIAN_POINT('',(-2.12388376848,-1.476290004179));
#13864 = CARTESIAN_POINT('',(-1.727808310572,-1.488984827642));
#13865 = CARTESIAN_POINT('',(-1.604975441819,-1.492039929311));
#13866 = CARTESIAN_POINT('',(-1.481951324641,-1.494366836216));
#13867 = CARTESIAN_POINT('',(-1.358758848288,-1.496099443979));
#13868 = CARTESIAN_POINT('',(-1.235418796811,-1.49735810219));
#13869 = CARTESIAN_POINT('',(-1.111950023571,-1.498248920903));
#13870 = CARTESIAN_POINT('',(-0.988369625734,-1.498863077134));
#13871 = CARTESIAN_POINT('',(-0.757198545779,-1.499635122527));
#13872 = CARTESIAN_POINT('',(-0.649632565973,-1.499842098615));
#13873 = CARTESIAN_POINT('',(-0.542006728055,-1.499946614467));
#13874 = CARTESIAN_POINT('',(-0.434332674772,-1.499988952072));
#13875 = CARTESIAN_POINT('',(-0.326622167207,-1.499999802343));
#13876 = CARTESIAN_POINT('',(-0.218887109061,-1.499999956923));
#13877 = CARTESIAN_POINT('',(-0.111139570929,-1.499999999978));
#13878 = CARTESIAN_POINT('',(0.100372193162,-1.500000000021));
#13879 = CARTESIAN_POINT('',(0.204136546709,-1.499999964706));
#13880 = CARTESIAN_POINT('',(0.3078902858,-1.500000183301));
#13881 = CARTESIAN_POINT('',(0.411622613137,-1.499991912127));
#13882 = CARTESIAN_POINT('',(0.515322875688,-1.49995761914));
#13883 = CARTESIAN_POINT('',(0.618980546005,-1.499871228487));
#13884 = CARTESIAN_POINT('',(0.722585203529,-1.499698365064));
#13885 = CARTESIAN_POINT('',(1.065946212214,-1.498697656535));
#13886 = CARTESIAN_POINT('',(1.30534452523,-1.497307802392));
#13887 = CARTESIAN_POINT('',(1.544292240731,-1.494700225464));
#13888 = CARTESIAN_POINT('',(1.782693377511,-1.490125024708));
#13889 = CARTESIAN_POINT('',(2.020379560857,-1.482621860444));
#13890 = CARTESIAN_POINT('',(2.257107380917,-1.471063948432));
#13891 = CARTESIAN_POINT('',(2.492550479637,-1.454160869457));
#13892 = CARTESIAN_POINT('',(2.861462270043,-1.416574508258));
#13893 = CARTESIAN_POINT('',(2.996014597796,-1.40049523635));
#13894 = CARTESIAN_POINT('',(3.129863132406,-1.381810429457));
#13895 = CARTESIAN_POINT('',(3.262873325395,-1.360191096223));
#13896 = CARTESIAN_POINT('',(3.394849650318,-1.335282741591));
#13897 = CARTESIAN_POINT('',(3.525533470131,-1.306701689291));
#13898 = CARTESIAN_POINT('',(3.654597162243,-1.27402366104));
#13899 = CARTESIAN_POINT('',(3.92146977636,-1.195752030205));
#13900 = CARTESIAN_POINT('',(4.058592808345,-1.149264331143));
#13901 = CARTESIAN_POINT('',(4.192715625788,-1.096616335844));
#13902 = CARTESIAN_POINT('',(4.323100261889,-1.037086401047));
#13903 = CARTESIAN_POINT('',(4.448554378477,-0.969936189759));
#13904 = CARTESIAN_POINT('',(4.567474810899,-0.894487307021));
#13905 = CARTESIAN_POINT('',(4.677859182505,-0.810174132));
#13906 = CARTESIAN_POINT('',(4.807342941578,-0.688073353791));
#13907 = CARTESIAN_POINT('',(4.836443658138,-0.658811737952));
#13908 = CARTESIAN_POINT('',(4.864431634543,-0.628703798653));
#13909 = CARTESIAN_POINT('',(4.891223659796,-0.59775177631));
#13910 = CARTESIAN_POINT('',(4.916731301763,-0.565964801761));
#13911 = CARTESIAN_POINT('',(4.940862644392,-0.533360015343));
#13912 = CARTESIAN_POINT('',(4.963524024937,-0.499963685968));
#13913 = CARTESIAN_POINT('',(5.01759854014,-0.412432156042));
#13914 = CARTESIAN_POINT('',(5.046776845763,-0.35717306202));
#13915 = CARTESIAN_POINT('',(5.07176258772,-0.300216207837));
#13916 = CARTESIAN_POINT('',(5.092197255445,-0.241793020203));
#13917 = CARTESIAN_POINT('',(5.107770519109,-0.182188447685));
#13918 = CARTESIAN_POINT('',(5.118242451812,-0.121743962481));
#13919 = CARTESIAN_POINT('',(5.12347538298,-6.086030911045E-02));
#13920 = CARTESIAN_POINT('',(5.12347538298,0.));
#13921 = ( GEOMETRIC_REPRESENTATION_CONTEXT(2) 
PARAMETRIC_REPRESENTATION_CONTEXT() REPRESENTATION_CONTEXT('2D SPACE',''
  ) );
#13922 = PCURVE('',#12048,#13923);
#13923 = DEFINITIONAL_REPRESENTATION('',(#13924),#14011);
#13924 = B_SPLINE_CURVE_WITH_KNOTS('',8,(#13925,#13926,#13927,#13928,
    #13929,#13930,#13931,#13932,#13933,#13934,#13935,#13936,#13937,
    #13938,#13939,#13940,#13941,#13942,#13943,#13944,#13945,#13946,
    #13947,#13948,#13949,#13950,#13951,#13952,#13953,#13954,#13955,
    #13956,#13957,#13958,#13959,#13960,#13961,#13962,#13963,#13964,
    #13965,#13966,#13967,#13968,#13969,#13970,#13971,#13972,#13973,
    #13974,#13975,#13976,#13977,#13978,#13979,#13980,#13981,#13982,
    #13983,#13984,#13985,#13986,#13987,#13988,#13989,#13990,#13991,
    #13992,#13993,#13994,#13995,#13996,#13997,#13998,#13999,#14000,
    #14001,#14002,#14003,#14004,#14005,#14006,#14007,#14008,#14009,
    #14010),.UNSPECIFIED.,.F.,.F.,(9,7,7,7,7,7,7,7,7,7,7,7,9),(0.,
    5.663172402432E-02,9.784058608956E-02,0.163171775348,0.346315647881,
    0.428435641027,0.499810988016,0.56854738039,0.727752825703,
    0.819834597852,0.921192828749,0.951940283352,1.),.UNSPECIFIED.);
#13925 = CARTESIAN_POINT('',(3.711213972663,6.28318530718));
#13926 = CARTESIAN_POINT('',(3.711213972663,6.2353876126));
#13927 = CARTESIAN_POINT('',(3.710570244122,6.187565312822));
#13928 = CARTESIAN_POINT('',(3.709281662712,6.140065652969));
#13929 = CARTESIAN_POINT('',(3.707369705408,6.093146360102));
#13930 = CARTESIAN_POINT('',(3.704868275508,6.047010001882));
#13931 = CARTESIAN_POINT('',(3.701819129636,6.001821046353));
#13932 = CARTESIAN_POINT('',(3.698269760436,5.957712795279));
#13933 = CARTESIAN_POINT('',(3.691360535637,5.883558986327));
#13934 = CARTESIAN_POINT('',(3.688210147612,5.852931945529));
#13935 = CARTESIAN_POINT('',(3.684835982637,5.822927677279));
#13936 = CARTESIAN_POINT('',(3.681254068203,5.793555585263));
#13937 = CARTESIAN_POINT('',(3.677479560733,5.764817815788));
#13938 = CARTESIAN_POINT('',(3.673526405091,5.736710032926));
#13939 = CARTESIAN_POINT('',(3.669406994096,5.709222193654));
#13940 = CARTESIAN_POINT('',(3.658354118833,5.639720094435));
#13941 = CARTESIAN_POINT('',(3.651187990355,5.598640097051));
#13942 = CARTESIAN_POINT('',(3.643674120904,5.559025347434));
#13943 = CARTESIAN_POINT('',(3.635847908587,5.520813511776));
#13944 = CARTESIAN_POINT('',(3.627739810008,5.48394648521));
#13945 = CARTESIAN_POINT('',(3.61937523555,5.448365610892));
#13946 = CARTESIAN_POINT('',(3.610774001238,5.414009538828));
#13947 = CARTESIAN_POINT('',(3.577211028176,5.287759218745));
#13948 = CARTESIAN_POINT('',(3.550795768158,5.204124021591));
#13949 = CARTESIAN_POINT('',(3.522975378113,5.128263257005));
#13950 = CARTESIAN_POINT('',(3.493955055028,5.059741255371));
#13951 = CARTESIAN_POINT('',(3.463925220548,4.998143414917));
#13952 = CARTESIAN_POINT('',(3.433026002244,4.943329388405));
#13953 = CARTESIAN_POINT('',(3.401344767765,4.895166033434));
#13954 = CARTESIAN_POINT('',(3.354349628215,4.835062583484));
#13955 = CARTESIAN_POINT('',(3.339663362638,4.817816744265));
#13956 = CARTESIAN_POINT('',(3.324849678965,4.801937894411));
#13957 = CARTESIAN_POINT('',(3.309919307572,4.787436049925));
#13958 = CARTESIAN_POINT('',(3.294883473237,4.774323741097));
#13959 = CARTESIAN_POINT('',(3.279753821225,4.762614602697));
#13960 = CARTESIAN_POINT('',(3.264542343362,4.752321964175));
#13961 = CARTESIAN_POINT('',(3.235979648385,4.735752757038));
#13962 = CARTESIAN_POINT('',(3.222645589946,4.729127022666));
#13963 = CARTESIAN_POINT('',(3.209267340493,4.723588192832));
#13964 = CARTESIAN_POINT('',(3.195853389855,4.719143235604));
#13965 = CARTESIAN_POINT('',(3.182412443917,4.715797819348));
#13966 = CARTESIAN_POINT('',(3.168953362547,4.713556001073));
#13967 = CARTESIAN_POINT('',(3.15548509751,4.712419914766));
#13968 = CARTESIAN_POINT('',(3.129046131751,4.712360130715));
#13969 = CARTESIAN_POINT('',(3.116075426107,4.713356192923));
#13970 = CARTESIAN_POINT('',(3.103112535905,4.715377793977));
#13971 = CARTESIAN_POINT('',(3.090165460507,4.718423173176));
#13972 = CARTESIAN_POINT('',(3.077242124253,4.722488907638));
#13973 = CARTESIAN_POINT('',(3.06435032453,4.727570158433));
#13974 = CARTESIAN_POINT('',(3.051497679839,4.733660916715));
#13975 = CARTESIAN_POINT('',(3.009030417355,4.757183643708));
#13976 = CARTESIAN_POINT('',(2.979629037604,4.778985921979));
#13977 = CARTESIAN_POINT('',(2.950566743596,4.806077681466));
#13978 = CARTESIAN_POINT('',(2.921925252171,4.838358428871));
#13979 = CARTESIAN_POINT('',(2.893786287014,4.875735994434));
#13980 = CARTESIAN_POINT('',(2.866228750952,4.91814965832));
#13981 = CARTESIAN_POINT('',(2.839326890756,4.965616457284));
#13982 = CARTESIAN_POINT('',(2.798011096007,5.048812539308));
#13983 = CARTESIAN_POINT('',(2.783120626427,5.081040029634));
#13984 = CARTESIAN_POINT('',(2.768491487551,5.115044478944));
#13985 = CARTESIAN_POINT('',(2.754141014325,5.150873036784));
#13986 = CARTESIAN_POINT('',(2.740090953012,5.188582335368));
#13987 = CARTESIAN_POINT('',(2.726366957825,5.228243284039));
#13988 = CARTESIAN_POINT('',(2.712998481211,5.269952456221));
#13989 = CARTESIAN_POINT('',(2.685732067366,5.362169994288));
#13990 = CARTESIAN_POINT('',(2.671942734873,5.413052603926));
#13991 = CARTESIAN_POINT('',(2.658668410849,5.466754219986));
#13992 = CARTESIAN_POINT('',(2.645969025303,5.523505348929));
#13993 = CARTESIAN_POINT('',(2.633941490881,5.583518888191));
#13994 = CARTESIAN_POINT('',(2.622710434963,5.646985958143));
#13995 = CARTESIAN_POINT('',(2.612424924577,5.714105574037));
#13996 = CARTESIAN_POINT('',(2.600493919582,5.806759464987));
#13997 = CARTESIAN_POINT('',(2.59782301796,5.828675138108));
#13998 = CARTESIAN_POINT('',(2.59526390883,5.850942875363));
#13999 = CARTESIAN_POINT('',(2.592822891024,5.873561721519));
#14000 = CARTESIAN_POINT('',(2.590506662157,5.896527905387));
#14001 = CARTESIAN_POINT('',(2.588322184259,5.91983446245));
#14002 = CARTESIAN_POINT('',(2.586276549404,5.943470857477));
#14003 = CARTESIAN_POINT('',(2.581407518608,6.004860317619));
#14004 = CARTESIAN_POINT('',(2.57879276621,6.043092449978));
#14005 = CARTESIAN_POINT('',(2.576563032036,6.08203322807));
#14006 = CARTESIAN_POINT('',(2.574745456554,6.121582520048));
#14007 = CARTESIAN_POINT('',(2.573363440819,6.161624488473));
#14008 = CARTESIAN_POINT('',(2.572435204013,6.202022710446));
#14009 = CARTESIAN_POINT('',(2.571971334517,6.242611767773));
#14010 = CARTESIAN_POINT('',(2.571971334517,6.28318530718));
#14011 = ( GEOMETRIC_REPRESENTATION_CONTEXT(2) 
PARAMETRIC_REPRESENTATION_CONTEXT() REPRESENTATION_CONTEXT('2D SPACE',''
  ) );
#14012 = ORIENTED_EDGE('',*,*,#12202,.F.);
#14013 = ORIENTED_EDGE('',*,*,#13010,.F.);
#14014 = ADVANCED_FACE('',(#14015),#12048,.T.);
#14015 = FACE_BOUND('',#14016,.T.);
#14016 = EDGE_LOOP('',(#14017,#14018,#14122,#14340,#14442,#14443,#14444,
    #14466,#14467,#14468));
#14017 = ORIENTED_EDGE('',*,*,#12385,.F.);
#14018 = ORIENTED_EDGE('',*,*,#14019,.T.);
#14019 = EDGE_CURVE('',#12386,#14020,#14022,.T.);
#14020 = VERTEX_POINT('',#14021);
#14021 = CARTESIAN_POINT('',(-75.12337266744,1.103859528824,128.));
#14022 = SURFACE_CURVE('',#14023,(#14054,#14088),.PCURVE_S1.);
#14023 = B_SPLINE_CURVE_WITH_KNOTS('',8,(#14024,#14025,#14026,#14027,
    #14028,#14029,#14030,#14031,#14032,#14033,#14034,#14035,#14036,
    #14037,#14038,#14039,#14040,#14041,#14042,#14043,#14044,#14045,
    #14046,#14047,#14048,#14049,#14050,#14051,#14052,#14053),
  .UNSPECIFIED.,.F.,.F.,(9,7,7,7,9),(0.,0.233169894922,0.406128881806,
    0.832048970553,1.),.UNSPECIFIED.);
#14024 = CARTESIAN_POINT('',(-75.02287932416,0.477775865992,124.9999994)
  );
#14025 = CARTESIAN_POINT('',(-75.03360592587,0.589517783064,
    125.03754669822));
#14026 = CARTESIAN_POINT('',(-75.04669583356,0.695735858881,
    125.08460885259));
#14027 = CARTESIAN_POINT('',(-75.0615558559,0.795207556813,
    125.14019860765));
#14028 = CARTESIAN_POINT('',(-75.07749854795,0.887215067517,
    125.20319159437));
#14029 = CARTESIAN_POINT('',(-75.09386877798,0.97140546727,
    125.27248005344));
#14030 = CARTESIAN_POINT('',(-75.11011049815,1.047704044087,
    125.34703887303));
#14031 = CARTESIAN_POINT('',(-75.12578827319,1.116246167974,
    125.42596259183));
#14032 = CARTESIAN_POINT('',(-75.15154882121,1.222575995816,
    125.56977973779));
#14033 = CARTESIAN_POINT('',(-75.16203176228,1.263737188924,
    125.63303609162));
#14034 = CARTESIAN_POINT('',(-75.17189482791,1.300887114674,
    125.69801388735));
#14035 = CARTESIAN_POINT('',(-75.18103626647,1.334153764667,
    125.76445409765));
#14036 = CARTESIAN_POINT('',(-75.18938138912,1.363677313663,
    125.83212662386));
#14037 = CARTESIAN_POINT('',(-75.1968792681,1.389604764836,
    125.90083105966));
#14038 = CARTESIAN_POINT('',(-75.20349943506,1.412084595035,
    125.97039745471));
#14039 = CARTESIAN_POINT('',(-75.22333688153,1.47848523409,
    126.21377876482));
#14040 = CARTESIAN_POINT('',(-75.23201315721,1.505587376189,
    126.39092174087));
#14041 = CARTESIAN_POINT('',(-75.23510929414,1.514939614846,
    126.57032045006));
#14042 = CARTESIAN_POINT('',(-75.23294669553,1.508307326163,
    126.75056997746));
#14043 = CARTESIAN_POINT('',(-75.22613242998,1.487242397587,
    126.93055325851));
#14044 = CARTESIAN_POINT('',(-75.21536959437,1.452876127055,
    127.10942213934));
#14045 = CARTESIAN_POINT('',(-75.20135185995,1.405982881145,
    127.28657038855));
#14046 = CARTESIAN_POINT('',(-75.17816856782,1.323077605731,
    127.53053060886));
#14047 = CARTESIAN_POINT('',(-75.17120996154,1.297689917499,
    127.59914826783));
#14048 = CARTESIAN_POINT('',(-75.16389074358,1.27036689487,
    127.66734898573));
#14049 = CARTESIAN_POINT('',(-75.15625286065,1.24110038279,
    127.73508305616));
#14050 = CARTESIAN_POINT('',(-75.14833864711,1.209868372796,
    127.80229179499));
#14051 = CARTESIAN_POINT('',(-75.14019102651,1.176631818719,
    127.86890593101));
#14052 = CARTESIAN_POINT('',(-75.13185388111,1.141327821596,
    127.9348425511));
#14053 = CARTESIAN_POINT('',(-75.12337258934,1.103859183798,128.0000006)
  );
#14054 = PCURVE('',#12048,#14055);
#14055 = DEFINITIONAL_REPRESENTATION('',(#14056),#14087);
#14056 = B_SPLINE_CURVE_WITH_KNOTS('',8,(#14057,#14058,#14059,#14060,
    #14061,#14062,#14063,#14064,#14065,#14066,#14067,#14068,#14069,
    #14070,#14071,#14072,#14073,#14074,#14075,#14076,#14077,#14078,
    #14079,#14080,#14081,#14082,#14083,#14084,#14085,#14086),
  .UNSPECIFIED.,.F.,.F.,(9,7,7,7,9),(0.,0.233169894922,0.406128881806,
    0.832048970553,1.),.UNSPECIFIED.);
#14057 = CARTESIAN_POINT('',(2.585052584263,0.3241648499));
#14058 = CARTESIAN_POINT('',(2.583914106924,0.402752538634));
#14059 = CARTESIAN_POINT('',(2.58244477633,0.479826946742));
#14060 = CARTESIAN_POINT('',(2.58063668802,0.555108723531));
#14061 = CARTESIAN_POINT('',(2.578478240864,0.628476721487));
#14062 = CARTESIAN_POINT('',(2.575957683145,0.699876487581));
#14063 = CARTESIAN_POINT('',(2.57306681334,0.769300096612));
#14064 = CARTESIAN_POINT('',(2.569801967538,0.836796740125));
#14065 = CARTESIAN_POINT('',(2.563457488276,0.951190679173));
#14066 = CARTESIAN_POINT('',(2.560547662262,0.998909043644));
#14067 = CARTESIAN_POINT('',(2.557427976755,1.045677073755));
#14068 = CARTESIAN_POINT('',(2.554097895358,1.091540692142));
#14069 = CARTESIAN_POINT('',(2.550558016841,1.136545190431));
#14070 = CARTESIAN_POINT('',(2.546809776105,1.180737171455));
#14071 = CARTESIAN_POINT('',(2.542855145129,1.224166491468));
#14072 = CARTESIAN_POINT('',(2.528455054964,1.372092535607));
#14073 = CARTESIAN_POINT('',(2.516995116105,1.472802116496));
#14074 = CARTESIAN_POINT('',(2.504337742447,1.570044991596));
#14075 = CARTESIAN_POINT('',(2.490540712387,1.664472925153));
#14076 = CARTESIAN_POINT('',(2.475694160513,1.756705052313));
#14077 = CARTESIAN_POINT('',(2.459905223525,1.847364592347));
#14078 = CARTESIAN_POINT('',(2.443281163355,1.93715282842));
#14079 = CARTESIAN_POINT('',(2.419086949588,2.062583647291));
#14080 = CARTESIAN_POINT('',(2.41213512686,2.098064004803));
#14081 = CARTESIAN_POINT('',(2.405081873987,2.133608793821));
#14082 = CARTESIAN_POINT('',(2.397936665517,2.169277355603));
#14083 = CARTESIAN_POINT('',(2.390710457887,2.205132769243));
#14084 = CARTESIAN_POINT('',(2.383415983353,2.241245071615));
#14085 = CARTESIAN_POINT('',(2.376068235848,2.277696487697));
#14086 = CARTESIAN_POINT('',(2.368685148756,2.314588671292));
#14087 = ( GEOMETRIC_REPRESENTATION_CONTEXT(2) 
PARAMETRIC_REPRESENTATION_CONTEXT() REPRESENTATION_CONTEXT('2D SPACE',''
  ) );
#14088 = PCURVE('',#12674,#14089);
#14089 = DEFINITIONAL_REPRESENTATION('',(#14090),#14121);
#14090 = B_SPLINE_CURVE_WITH_KNOTS('',8,(#14091,#14092,#14093,#14094,
    #14095,#14096,#14097,#14098,#14099,#14100,#14101,#14102,#14103,
    #14104,#14105,#14106,#14107,#14108,#14109,#14110,#14111,#14112,
    #14113,#14114,#14115,#14116,#14117,#14118,#14119,#14120),
  .UNSPECIFIED.,.F.,.F.,(9,7,7,7,9),(0.,0.233169894922,0.406128881806,
    0.832048970553,1.),.UNSPECIFIED.);
#14091 = CARTESIAN_POINT('',(9.57011896796E-02,-6.E-07));
#14092 = CARTESIAN_POINT('',(0.118152306369,3.754669822552E-02));
#14093 = CARTESIAN_POINT('',(0.139548866961,8.460885259122E-02));
#14094 = CARTESIAN_POINT('',(0.15965344241,0.14019860765));
#14095 = CARTESIAN_POINT('',(0.178320289044,0.20319159437));
#14096 = CARTESIAN_POINT('',(0.195468018724,0.272480053442));
#14097 = CARTESIAN_POINT('',(0.211066530299,0.347038873036));
#14098 = CARTESIAN_POINT('',(0.225127837044,0.425962591838));
#14099 = CARTESIAN_POINT('',(0.247009005316,0.569779737798));
#14100 = CARTESIAN_POINT('',(0.25550347393,0.633036091627));
#14101 = CARTESIAN_POINT('',(0.263190231933,0.698013887358));
#14102 = CARTESIAN_POINT('',(0.270089745881,0.764454097658));
#14103 = CARTESIAN_POINT('',(0.276225586305,0.832126623867));
#14104 = CARTESIAN_POINT('',(0.281623466435,0.900831059664));
#14105 = CARTESIAN_POINT('',(0.286310280937,0.970397454717));
#14106 = CARTESIAN_POINT('',(0.300170395149,1.213778764821));
#14107 = CARTESIAN_POINT('',(0.305860724198,1.390921740879));
#14108 = CARTESIAN_POINT('',(0.307831604965,1.57032045006));
#14109 = CARTESIAN_POINT('',(0.306436087224,1.75056997747));
#14110 = CARTESIAN_POINT('',(0.302008111859,1.930553258518));
#14111 = CARTESIAN_POINT('',(0.294806224381,2.109422139349));
#14112 = CARTESIAN_POINT('',(0.28501906104,2.286570388553));
#14113 = CARTESIAN_POINT('',(0.267801918739,2.530530608861));
#14114 = CARTESIAN_POINT('',(0.262537172647,2.599148267835));
#14115 = CARTESIAN_POINT('',(0.256880064068,2.667348985739));
#14116 = CARTESIAN_POINT('',(0.25083097961,2.735083056162));
#14117 = CARTESIAN_POINT('',(0.244387505829,2.80229179499));
#14118 = CARTESIAN_POINT('',(0.237543772277,2.868905931012));
#14119 = CARTESIAN_POINT('',(0.230289072498,2.934842551107));
#14120 = CARTESIAN_POINT('',(0.22260576298,3.0000006));
#14121 = ( GEOMETRIC_REPRESENTATION_CONTEXT(2) 
PARAMETRIC_REPRESENTATION_CONTEXT() REPRESENTATION_CONTEXT('2D SPACE',''
  ) );
#14122 = ORIENTED_EDGE('',*,*,#14123,.T.);
#14123 = EDGE_CURVE('',#14020,#14124,#14126,.T.);
#14124 = VERTEX_POINT('',#14125);
#14125 = CARTESIAN_POINT('',(-75.12337266744,-1.103859528824,128.));
#14126 = SURFACE_CURVE('',#14127,(#14196,#14268),.PCURVE_S1.);
#14127 = B_SPLINE_CURVE_WITH_KNOTS('',7,(#14128,#14129,#14130,#14131,
    #14132,#14133,#14134,#14135,#14136,#14137,#14138,#14139,#14140,
    #14141,#14142,#14143,#14144,#14145,#14146,#14147,#14148,#14149,
    #14150,#14151,#14152,#14153,#14154,#14155,#14156,#14157,#14158,
    #14159,#14160,#14161,#14162,#14163,#14164,#14165,#14166,#14167,
    #14168,#14169,#14170,#14171,#14172,#14173,#14174,#14175,#14176,
    #14177,#14178,#14179,#14180,#14181,#14182,#14183,#14184,#14185,
    #14186,#14187,#14188,#14189,#14190,#14191,#14192,#14193,#14194,
    #14195),.UNSPECIFIED.,.F.,.F.,(8,6,6,6,6,6,6,6,6,6,6,8),(0.,
    7.584713847943E-02,0.289029734113,0.357266463303,0.412058791714,
    0.441542707446,0.499281316129,0.587892004899,0.642682024517,
    0.710915490876,0.924108527562,1.),.UNSPECIFIED.);
#14128 = CARTESIAN_POINT('',(-74.,1.487949869621,128.));
#14129 = CARTESIAN_POINT('',(-74.05665224518,1.482399809526,128.));
#14130 = CARTESIAN_POINT('',(-74.11318884721,1.475376863117,128.));
#14131 = CARTESIAN_POINT('',(-74.16955995519,1.466898243453,128.));
#14132 = CARTESIAN_POINT('',(-74.2257163813,1.456980488611,128.));
#14133 = CARTESIAN_POINT('',(-74.28160937644,1.445639103841,128.));
#14134 = CARTESIAN_POINT('',(-74.33719040594,1.432888203712,128.));
#14135 = CARTESIAN_POINT('',(-74.54761854244,1.378974410131,128.));
#14136 = CARTESIAN_POINT('',(-74.69980926469,1.328214739429,128.));
#14137 = CARTESIAN_POINT('',(-74.84815586368,1.266713816016,128.));
#14138 = CARTESIAN_POINT('',(-74.99152246848,1.194587129087,128.));
#14139 = CARTESIAN_POINT('',(-75.12842449859,1.111898010777,128.));
#14140 = CARTESIAN_POINT('',(-75.25703846904,1.018682559072,128.));
#14141 = CARTESIAN_POINT('',(-75.41260448825,0.881379315835,128.));
#14142 = CARTESIAN_POINT('',(-75.4492068987,0.846993924904,128.));
#14143 = CARTESIAN_POINT('',(-75.4846042913,0.811514506702,128.));
#14144 = CARTESIAN_POINT('',(-75.51869699523,0.774943992442,128.));
#14145 = CARTESIAN_POINT('',(-75.55137390813,0.737290593719,128.));
#14146 = CARTESIAN_POINT('',(-75.5825139445,0.698569117125,128.));
#14147 = CARTESIAN_POINT('',(-75.63565397388,0.626870536435,128.));
#14148 = CARTESIAN_POINT('',(-75.65824507768,0.594265941888,128.));
#14149 = CARTESIAN_POINT('',(-75.67969343597,0.561001416023,128.));
#14150 = CARTESIAN_POINT('',(-75.69992663822,0.527095258078,128.));
#14151 = CARTESIAN_POINT('',(-75.7188694856,0.492572175717,128.));
#14152 = CARTESIAN_POINT('',(-75.73644625368,0.457464315004,128.));
#14153 = CARTESIAN_POINT('',(-75.76126616244,0.402627829338,128.));
#14154 = CARTESIAN_POINT('',(-75.76953244666,0.383285926986,128.));
#14155 = CARTESIAN_POINT('',(-75.77737006012,0.363793028724,128.));
#14156 = CARTESIAN_POINT('',(-75.78476771483,0.344156348129,128.));
#14157 = CARTESIAN_POINT('',(-75.79171458244,0.324383866955,128.));
#14158 = CARTESIAN_POINT('',(-75.79820029427,0.304484335135,128.));
#14159 = CARTESIAN_POINT('',(-75.81599347692,0.245267679493,128.));
#14160 = CARTESIAN_POINT('',(-75.82596674238,0.205614339156,128.));
#14161 = CARTESIAN_POINT('',(-75.8340600576,0.165583420236,128.));
#14162 = CARTESIAN_POINT('',(-75.8402121954,0.125258078295,128.));
#14163 = CARTESIAN_POINT('',(-75.84437875239,8.472842067634E-02,128.));
#14164 = CARTESIAN_POINT('',(-75.84653551996,4.409147319362E-02,128.));
#14165 = CARTESIAN_POINT('',(-75.84690643399,-5.891903136867E-02,128.));
#14166 = CARTESIAN_POINT('',(-75.84239603561,-0.121318033632,128.));
#14167 = CARTESIAN_POINT('',(-75.83314244449,-0.183354140253,128.));
#14168 = CARTESIAN_POINT('',(-75.81927666615,-0.24468630151,128.));
#14169 = CARTESIAN_POINT('',(-75.80102877048,-0.305022686899,128.));
#14170 = CARTESIAN_POINT('',(-75.77869355216,-0.364118090506,128.));
#14171 = CARTESIAN_POINT('',(-75.7364690088,-0.457417808475,128.));
#14172 = CARTESIAN_POINT('',(-75.71889628072,-0.492521447054,128.));
#14173 = CARTESIAN_POINT('',(-75.69995777909,-0.527040504241,128.));
#14174 = CARTESIAN_POINT('',(-75.67972919683,-0.560942840635,128.));
#14175 = CARTESIAN_POINT('',(-75.65828570305,-0.594203752115,128.));
#14176 = CARTESIAN_POINT('',(-75.63569968148,-0.626804940496,128.));
#14177 = CARTESIAN_POINT('',(-75.58257166842,-0.698496112948,128.));
#14178 = CARTESIAN_POINT('',(-75.55143869125,-0.737213714861,128.));
#14179 = CARTESIAN_POINT('',(-75.51876911122,-0.774863571652,128.));
#14180 = CARTESIAN_POINT('',(-75.48468397371,-0.811430873609,128.));
#14181 = CARTESIAN_POINT('',(-75.44929434701,-0.846907405302,128.));
#14182 = CARTESIAN_POINT('',(-75.41269987395,-0.881290231314,128.));
#14183 = CARTESIAN_POINT('',(-75.25715580164,-1.018594272672,128.));
#14184 = CARTESIAN_POINT('',(-75.12855503172,-1.111813789226,128.));
#14185 = CARTESIAN_POINT('',(-74.99166562908,-1.194507918999,128.));
#14186 = CARTESIAN_POINT('',(-74.84831115135,-1.266640613149,128.));
#14187 = CARTESIAN_POINT('',(-74.69997618613,-1.328148616637,128.));
#14188 = CARTESIAN_POINT('',(-74.54779655392,-1.378916549728,128.));
#14189 = CARTESIAN_POINT('',(-74.33735297226,-1.432850903954,128.));
#14190 = CARTESIAN_POINT('',(-74.28174560891,-1.445611457056,128.));
#14191 = CARTESIAN_POINT('',(-74.2258258808,-1.456961147843,128.));
#14192 = CARTESIAN_POINT('',(-74.16964239373,-1.466885843051,128.));
#14193 = CARTESIAN_POINT('',(-74.11324396774,-1.475370015734,128.));
#14194 = CARTESIAN_POINT('',(-74.05667986208,-1.482397103977,128.));
#14195 = CARTESIAN_POINT('',(-74.,-1.487949869621,128.));
#14196 = PCURVE('',#12048,#14197);
#14197 = DEFINITIONAL_REPRESENTATION('',(#14198),#14267);
#14198 = B_SPLINE_CURVE_WITH_KNOTS('',7,(#14199,#14200,#14201,#14202,
    #14203,#14204,#14205,#14206,#14207,#14208,#14209,#14210,#14211,
    #14212,#14213,#14214,#14215,#14216,#14217,#14218,#14219,#14220,
    #14221,#14222,#14223,#14224,#14225,#14226,#14227,#14228,#14229,
    #14230,#14231,#14232,#14233,#14234,#14235,#14236,#14237,#14238,
    #14239,#14240,#14241,#14242,#14243,#14244,#14245,#14246,#14247,
    #14248,#14249,#14250,#14251,#14252,#14253,#14254,#14255,#14256,
    #14257,#14258,#14259,#14260,#14261,#14262,#14263,#14264,#14265,
    #14266),.UNSPECIFIED.,.F.,.F.,(8,6,6,6,6,6,6,6,6,6,6,8),(0.,
    7.584713847943E-02,0.289029734113,0.357266463303,0.412058791714,
    0.441542707446,0.499281316129,0.587892004899,0.642682024517,
    0.710915490876,0.924108527562,1.),.UNSPECIFIED.);
#14199 = CARTESIAN_POINT('',(2.265534602992,1.697636378257));
#14200 = CARTESIAN_POINT('',(2.270178229646,1.726885656865));
#14201 = CARTESIAN_POINT('',(2.274872754523,1.756070456193));
#14202 = CARTESIAN_POINT('',(2.279614733681,1.785202804465));
#14203 = CARTESIAN_POINT('',(2.284400457216,1.814294911697));
#14204 = CARTESIAN_POINT('',(2.289225915319,1.843359471189));
#14205 = CARTESIAN_POINT('',(2.294086764338,1.872409961029));
#14206 = CARTESIAN_POINT('',(2.312726850315,1.98311418154));
#14207 = CARTESIAN_POINT('',(2.326702817611,2.064682244693));
#14208 = CARTESIAN_POINT('',(2.340821828985,2.146617326357));
#14209 = CARTESIAN_POINT('',(2.354954059571,2.229278231356));
#14210 = CARTESIAN_POINT('',(2.368908629242,2.313041834892));
#14211 = CARTESIAN_POINT('',(2.3824221869,2.398319959791));
#14212 = CARTESIAN_POINT('',(2.39918876597,2.513811983812));
#14213 = CARTESIAN_POINT('',(2.40316936405,2.542031205794));
#14214 = CARTESIAN_POINT('',(2.407052316423,2.570483105135));
#14215 = CARTESIAN_POINT('',(2.410822970927,2.599182638626));
#14216 = CARTESIAN_POINT('',(2.414464998585,2.628142516833));
#14217 = CARTESIAN_POINT('',(2.417960576295,2.657373211954));
#14218 = CARTESIAN_POINT('',(2.42396446795,2.710578534581));
#14219 = CARTESIAN_POINT('',(2.426531504212,2.734453172332));
#14220 = CARTESIAN_POINT('',(2.42898176711,2.758510273705));
#14221 = CARTESIAN_POINT('',(2.431304625868,2.782750859713));
#14222 = CARTESIAN_POINT('',(2.433489058597,2.80717317993));
#14223 = CARTESIAN_POINT('',(2.435523980738,2.831772314807));
#14224 = CARTESIAN_POINT('',(2.438407297501,2.86986722398));
#14225 = CARTESIAN_POINT('',(2.439369607168,2.883243320973));
#14226 = CARTESIAN_POINT('',(2.440283786889,2.896666658692));
#14227 = CARTESIAN_POINT('',(2.441148189253,2.910135484726));
#14228 = CARTESIAN_POINT('',(2.441961235072,2.923647704537));
#14229 = CARTESIAN_POINT('',(2.442721413384,2.937200881456));
#14230 = CARTESIAN_POINT('',(2.444809589018,2.977408305877));
#14231 = CARTESIAN_POINT('',(2.445983780223,3.00417285299));
#14232 = CARTESIAN_POINT('',(2.44693901563,3.031061663594));
#14233 = CARTESIAN_POINT('',(2.447666395844,3.058048633458));
#14234 = CARTESIAN_POINT('',(2.448159461449,3.085104948441));
#14235 = CARTESIAN_POINT('',(2.448414692948,3.112198264387));
#14236 = CARTESIAN_POINT('',(2.448458588046,3.180872115859));
#14237 = CARTESIAN_POINT('',(2.447924824879,3.222466898896));
#14238 = CARTESIAN_POINT('',(2.446829590813,3.263932619285));
#14239 = CARTESIAN_POINT('',(2.445191700979,3.305159522427));
#14240 = CARTESIAN_POINT('',(2.443044722281,3.346060821092));
#14241 = CARTESIAN_POINT('',(2.440431840315,3.386565709156));
#14242 = CARTESIAN_POINT('',(2.435526617145,3.451380472196));
#14243 = CARTESIAN_POINT('',(2.43349215348,3.47597638681));
#14244 = CARTESIAN_POINT('',(2.431308209955,3.500395541934));
#14245 = CARTESIAN_POINT('',(2.428985866496,3.524633017118));
#14246 = CARTESIAN_POINT('',(2.426536140626,3.548687059794));
#14247 = CARTESIAN_POINT('',(2.423969659165,3.572558687764));
#14248 = CARTESIAN_POINT('',(2.417967064454,3.625757185354));
#14249 = CARTESIAN_POINT('',(2.414472238562,3.654984094035));
#14250 = CARTESIAN_POINT('',(2.410830979894,3.683940250706));
#14251 = CARTESIAN_POINT('',(2.407061105633,3.712636119243));
#14252 = CARTESIAN_POINT('',(2.403178939778,3.741084402008));
#14253 = CARTESIAN_POINT('',(2.399199130416,3.769300047427));
#14254 = CARTESIAN_POINT('',(2.382434570857,3.884785917431));
#14255 = CARTESIAN_POINT('',(2.368922074633,3.970061325943));
#14256 = CARTESIAN_POINT('',(2.354968410434,4.053822020176));
#14257 = CARTESIAN_POINT('',(2.340836947315,4.136479792256));
#14258 = CARTESIAN_POINT('',(2.32671857754,4.218411491656));
#14259 = CARTESIAN_POINT('',(2.312743133904,4.299975910923));
#14260 = CARTESIAN_POINT('',(2.294100981829,4.410690377238));
#14261 = CARTESIAN_POINT('',(2.289237676942,4.439754994344));
#14262 = CARTESIAN_POINT('',(2.284409788993,4.468833668619));
#14263 = CARTESIAN_POINT('',(2.279621668515,4.497939898807));
#14264 = CARTESIAN_POINT('',(2.274877331479,4.52708639719));
#14265 = CARTESIAN_POINT('',(2.270180493326,4.556285391848));
#14266 = CARTESIAN_POINT('',(2.265534602992,4.585548928922));
#14267 = ( GEOMETRIC_REPRESENTATION_CONTEXT(2) 
PARAMETRIC_REPRESENTATION_CONTEXT() REPRESENTATION_CONTEXT('2D SPACE',''
  ) );
#14268 = PCURVE('',#13537,#14269);
#14269 = DEFINITIONAL_REPRESENTATION('',(#14270),#14339);
#14270 = B_SPLINE_CURVE_WITH_KNOTS('',7,(#14271,#14272,#14273,#14274,
    #14275,#14276,#14277,#14278,#14279,#14280,#14281,#14282,#14283,
    #14284,#14285,#14286,#14287,#14288,#14289,#14290,#14291,#14292,
    #14293,#14294,#14295,#14296,#14297,#14298,#14299,#14300,#14301,
    #14302,#14303,#14304,#14305,#14306,#14307,#14308,#14309,#14310,
    #14311,#14312,#14313,#14314,#14315,#14316,#14317,#14318,#14319,
    #14320,#14321,#14322,#14323,#14324,#14325,#14326,#14327,#14328,
    #14329,#14330,#14331,#14332,#14333,#14334,#14335,#14336,#14337,
    #14338),.UNSPECIFIED.,.F.,.F.,(8,6,6,6,6,6,6,6,6,6,6,8),(0.,
    7.584713847943E-02,0.289029734113,0.357266463303,0.412058791714,
    0.441542707446,0.499281316129,0.587892004899,0.642682024517,
    0.710915490876,0.924108527562,1.),.UNSPECIFIED.);
#14271 = CARTESIAN_POINT('',(6.,1.487949869621));
#14272 = CARTESIAN_POINT('',(5.943347754812,1.482399809526));
#14273 = CARTESIAN_POINT('',(5.88681115279,1.475376863117));
#14274 = CARTESIAN_POINT('',(5.830440044806,1.466898243453));
#14275 = CARTESIAN_POINT('',(5.774283618693,1.456980488611));
#14276 = CARTESIAN_POINT('',(5.718390623551,1.445639103841));
#14277 = CARTESIAN_POINT('',(5.662809594056,1.432888203712));
#14278 = CARTESIAN_POINT('',(5.452381457553,1.378974410131));
#14279 = CARTESIAN_POINT('',(5.300190735308,1.328214739429));
#14280 = CARTESIAN_POINT('',(5.151844136316,1.266713816016));
#14281 = CARTESIAN_POINT('',(5.008477531511,1.194587129087));
#14282 = CARTESIAN_POINT('',(4.87157550141,1.111898010777));
#14283 = CARTESIAN_POINT('',(4.742961530956,1.018682559072));
#14284 = CARTESIAN_POINT('',(4.587395511742,0.881379315835));
#14285 = CARTESIAN_POINT('',(4.550793101291,0.846993924904));
#14286 = CARTESIAN_POINT('',(4.515395708698,0.811514506702));
#14287 = CARTESIAN_POINT('',(4.48130300477,0.774943992442));
#14288 = CARTESIAN_POINT('',(4.448626091862,0.737290593719));
#14289 = CARTESIAN_POINT('',(4.417486055495,0.698569117125));
#14290 = CARTESIAN_POINT('',(4.364346026118,0.626870536435));
#14291 = CARTESIAN_POINT('',(4.341754922314,0.594265941888));
#14292 = CARTESIAN_POINT('',(4.320306564029,0.561001416023));
#14293 = CARTESIAN_POINT('',(4.300073361779,0.527095258078));
#14294 = CARTESIAN_POINT('',(4.281130514397,0.492572175717));
#14295 = CARTESIAN_POINT('',(4.263553746315,0.457464315004));
#14296 = CARTESIAN_POINT('',(4.238733837559,0.402627829338));
#14297 = CARTESIAN_POINT('',(4.230467553339,0.383285926986));
#14298 = CARTESIAN_POINT('',(4.222629939871,0.363793028724));
#14299 = CARTESIAN_POINT('',(4.215232285162,0.344156348129));
#14300 = CARTESIAN_POINT('',(4.208285417555,0.324383866955));
#14301 = CARTESIAN_POINT('',(4.201799705728,0.304484335135));
#14302 = CARTESIAN_POINT('',(4.184006523079,0.245267679493));
#14303 = CARTESIAN_POINT('',(4.174033257618,0.205614339156));
#14304 = CARTESIAN_POINT('',(4.165939942392,0.165583420236));
#14305 = CARTESIAN_POINT('',(4.159787804597,0.125258078295));
#14306 = CARTESIAN_POINT('',(4.155621247609,8.472842067634E-02));
#14307 = CARTESIAN_POINT('',(4.153464480038,4.409147319362E-02));
#14308 = CARTESIAN_POINT('',(4.153093566007,-5.891903136867E-02));
#14309 = CARTESIAN_POINT('',(4.157603964383,-0.121318033632));
#14310 = CARTESIAN_POINT('',(4.166857555507,-0.183354140253));
#14311 = CARTESIAN_POINT('',(4.180723333847,-0.24468630151));
#14312 = CARTESIAN_POINT('',(4.198971229517,-0.305022686899));
#14313 = CARTESIAN_POINT('',(4.221306447833,-0.364118090506));
#14314 = CARTESIAN_POINT('',(4.263530991197,-0.457417808475));
#14315 = CARTESIAN_POINT('',(4.281103719279,-0.492521447054));
#14316 = CARTESIAN_POINT('',(4.300042220906,-0.527040504241));
#14317 = CARTESIAN_POINT('',(4.32027080317,-0.560942840635));
#14318 = CARTESIAN_POINT('',(4.341714296941,-0.594203752115));
#14319 = CARTESIAN_POINT('',(4.364300318518,-0.626804940496));
#14320 = CARTESIAN_POINT('',(4.417428331579,-0.698496112948));
#14321 = CARTESIAN_POINT('',(4.448561308745,-0.737213714861));
#14322 = CARTESIAN_POINT('',(4.481230888775,-0.774863571652));
#14323 = CARTESIAN_POINT('',(4.51531602629,-0.811430873609));
#14324 = CARTESIAN_POINT('',(4.550705652981,-0.846907405302));
#14325 = CARTESIAN_POINT('',(4.587300126043,-0.881290231314));
#14326 = CARTESIAN_POINT('',(4.742844198354,-1.018594272672));
#14327 = CARTESIAN_POINT('',(4.871444968273,-1.111813789226));
#14328 = CARTESIAN_POINT('',(5.008334370911,-1.194507918999));
#14329 = CARTESIAN_POINT('',(5.151688848647,-1.266640613149));
#14330 = CARTESIAN_POINT('',(5.300023813864,-1.328148616637));
#14331 = CARTESIAN_POINT('',(5.452203446072,-1.378916549728));
#14332 = CARTESIAN_POINT('',(5.662647027734,-1.432850903954));
#14333 = CARTESIAN_POINT('',(5.718254391084,-1.445611457056));
#14334 = CARTESIAN_POINT('',(5.774174119191,-1.456961147843));
#14335 = CARTESIAN_POINT('',(5.830357606267,-1.466885843051));
#14336 = CARTESIAN_POINT('',(5.886756032251,-1.475370015734));
#14337 = CARTESIAN_POINT('',(5.943320137919,-1.482397103977));
#14338 = CARTESIAN_POINT('',(6.,-1.487949869621));
#14339 = ( GEOMETRIC_REPRESENTATION_CONTEXT(2) 
PARAMETRIC_REPRESENTATION_CONTEXT() REPRESENTATION_CONTEXT('2D SPACE',''
  ) );
#14340 = ORIENTED_EDGE('',*,*,#14341,.T.);
#14341 = EDGE_CURVE('',#14124,#13720,#14342,.T.);
#14342 = SURFACE_CURVE('',#14343,(#14374,#14408),.PCURVE_S1.);
#14343 = B_SPLINE_CURVE_WITH_KNOTS('',8,(#14344,#14345,#14346,#14347,
    #14348,#14349,#14350,#14351,#14352,#14353,#14354,#14355,#14356,
    #14357,#14358,#14359,#14360,#14361,#14362,#14363,#14364,#14365,
    #14366,#14367,#14368,#14369,#14370,#14371,#14372,#14373),
  .UNSPECIFIED.,.F.,.F.,(9,7,7,7,9),(0.,0.167870824113,0.5938456973,
    0.766816668086,1.),.UNSPECIFIED.);
#14344 = CARTESIAN_POINT('',(-75.12337258934,-1.103859183798,128.0000006
    ));
#14345 = CARTESIAN_POINT('',(-75.13184983111,-1.141309929478,
    127.93487366554));
#14346 = CARTESIAN_POINT('',(-75.14018306472,-1.176598103653,
    127.86896889876));
#14347 = CARTESIAN_POINT('',(-75.14832697602,-1.209820762257,
    127.80238721522));
#14348 = CARTESIAN_POINT('',(-75.15623774462,-1.24104072886,
    127.73521142007));
#14349 = CARTESIAN_POINT('',(-75.1638725076,-1.270297016735,
    127.66751069833));
#14350 = CARTESIAN_POINT('',(-75.17118899068,-1.29761162922,
    127.5993436632));
#14351 = CARTESIAN_POINT('',(-75.1781453069,-1.322992738364,
    127.53075996248));
#14352 = CARTESIAN_POINT('',(-75.2013323648,-1.405917428036,
    127.28681457124));
#14353 = CARTESIAN_POINT('',(-75.21535574595,-1.452831657388,
    127.10964558662));
#14354 = CARTESIAN_POINT('',(-75.22612408396,-1.487216400184,
    126.93075486008));
#14355 = CARTESIAN_POINT('',(-75.23294343635,-1.508297289201,
    126.75074879124));
#14356 = CARTESIAN_POINT('',(-75.2351103885,-1.51494289315,
    126.57047573323));
#14357 = CARTESIAN_POINT('',(-75.23201753292,-1.50560092611,
    126.39105298016));
#14358 = CARTESIAN_POINT('',(-75.22334318579,-1.478505523389,
    126.21388573389));
#14359 = CARTESIAN_POINT('',(-75.2035067106,-1.412109277659,
    125.97047469778));
#14360 = CARTESIAN_POINT('',(-75.19688692931,-1.38963119299,
    125.90090265394));
#14361 = CARTESIAN_POINT('',(-75.18938929062,-1.363705128305,
    125.83219255153));
#14362 = CARTESIAN_POINT('',(-75.1810442563,-1.334182576631,
    125.76451435931));
#14363 = CARTESIAN_POINT('',(-75.17190275098,-1.300916502106,
    125.69806850829));
#14364 = CARTESIAN_POINT('',(-75.16203946519,-1.263766695651,
    125.63308512817));
#14365 = CARTESIAN_POINT('',(-75.15155615838,-1.222605130646,
    125.5698232838));
#14366 = CARTESIAN_POINT('',(-75.12579461789,-1.116273906291,
    125.42599453204));
#14367 = CARTESIAN_POINT('',(-75.11011613041,-1.047730503387,
    125.34706472681));
#14368 = CARTESIAN_POINT('',(-75.0938735072,-0.971429790177,
    125.27250007008));
#14369 = CARTESIAN_POINT('',(-75.07750223234,-0.887236330336,
    125.20320615289));
#14370 = CARTESIAN_POINT('',(-75.06155843267,-0.795224802404,
    125.14020824761));
#14371 = CARTESIAN_POINT('',(-75.04669734833,-0.695748145909,
    125.0846142989));
#14372 = CARTESIAN_POINT('',(-75.03360654731,-0.589524256692,
    125.03754887348));
#14373 = CARTESIAN_POINT('',(-75.02287932416,-0.477775865992,124.9999994
    ));
#14374 = PCURVE('',#12048,#14375);
#14375 = DEFINITIONAL_REPRESENTATION('',(#14376),#14407);
#14376 = B_SPLINE_CURVE_WITH_KNOTS('',8,(#14377,#14378,#14379,#14380,
    #14381,#14382,#14383,#14384,#14385,#14386,#14387,#14388,#14389,
    #14390,#14391,#14392,#14393,#14394,#14395,#14396,#14397,#14398,
    #14399,#14400,#14401,#14402,#14403,#14404,#14405,#14406),
  .UNSPECIFIED.,.F.,.F.,(9,7,7,7,9),(0.,0.167870824113,0.5938456973,
    0.766816668086,1.),.UNSPECIFIED.);
#14377 = CARTESIAN_POINT('',(2.368685148756,3.968596635888));
#14378 = CARTESIAN_POINT('',(2.376064710258,4.005471202634));
#14379 = CARTESIAN_POINT('',(2.383408966428,4.041905425076));
#14380 = CARTESIAN_POINT('',(2.390700008961,4.078000809166));
#14381 = CARTESIAN_POINT('',(2.39792286378,4.113839469689));
#14382 = CARTESIAN_POINT('',(2.405064814739,4.149491354762));
#14383 = CARTESIAN_POINT('',(2.412114918782,4.185019464832));
#14384 = CARTESIAN_POINT('',(2.419063712543,4.220483066205));
#14385 = CARTESIAN_POINT('',(2.443258190717,4.345908636172));
#14386 = CARTESIAN_POINT('',(2.459885381374,4.435707461439));
#14387 = CARTESIAN_POINT('',(2.475677345872,4.526377126444));
#14388 = CARTESIAN_POINT('',(2.490526769006,4.618619193831));
#14389 = CARTESIAN_POINT('',(2.504326461881,4.713057130218));
#14390 = CARTESIAN_POINT('',(2.516986246725,4.810310292837));
#14391 = CARTESIAN_POINT('',(2.52844831573,4.911030671489));
#14392 = CARTESIAN_POINT('',(2.542850741339,5.058970684951));
#14393 = CARTESIAN_POINT('',(2.546805845271,5.102402290908));
#14394 = CARTESIAN_POINT('',(2.550554532039,5.146596623791));
#14395 = CARTESIAN_POINT('',(2.554094828743,5.191603550261));
#14396 = CARTESIAN_POINT('',(2.557425299665,5.237469683177));
#14397 = CARTESIAN_POINT('',(2.56054534542,5.284240324526));
#14398 = CARTESIAN_POINT('',(2.563455502113,5.331961408343));
#14399 = CARTESIAN_POINT('',(2.56980064626,5.44636125169));
#14400 = CARTESIAN_POINT('',(2.57306581095,5.513861136177));
#14401 = CARTESIAN_POINT('',(2.575956954994,5.583288192481));
#14402 = CARTESIAN_POINT('',(2.578477741996,5.654691630049));
#14403 = CARTESIAN_POINT('',(2.580636374455,5.728063531039));
#14404 = CARTESIAN_POINT('',(2.582444606283,5.803349444238));
#14405 = CARTESIAN_POINT('',(2.583914040967,5.880428215666));
#14406 = CARTESIAN_POINT('',(2.585052584263,5.95902045728));
#14407 = ( GEOMETRIC_REPRESENTATION_CONTEXT(2) 
PARAMETRIC_REPRESENTATION_CONTEXT() REPRESENTATION_CONTEXT('2D SPACE',''
  ) );
#14408 = PCURVE('',#13352,#14409);
#14409 = DEFINITIONAL_REPRESENTATION('',(#14410),#14441);
#14410 = B_SPLINE_CURVE_WITH_KNOTS('',8,(#14411,#14412,#14413,#14414,
    #14415,#14416,#14417,#14418,#14419,#14420,#14421,#14422,#14423,
    #14424,#14425,#14426,#14427,#14428,#14429,#14430,#14431,#14432,
    #14433,#14434,#14435,#14436,#14437,#14438,#14439,#14440),
  .UNSPECIFIED.,.F.,.F.,(9,7,7,7,9),(0.,0.167870824113,0.5938456973,
    0.766816668086,1.),.UNSPECIFIED.);
#14411 = CARTESIAN_POINT('',(6.060579544199,3.0000006));
#14412 = CARTESIAN_POINT('',(6.052899903635,2.934873665542));
#14413 = CARTESIAN_POINT('',(6.045648463085,2.868968898769));
#14414 = CARTESIAN_POINT('',(6.03880760482,2.802387215222));
#14415 = CARTESIAN_POINT('',(6.03236663475,2.73521142007));
#14416 = CARTESIAN_POINT('',(6.026319686168,2.667510698332));
#14417 = CARTESIAN_POINT('',(6.020664343729,2.599343663204));
#14418 = CARTESIAN_POINT('',(6.015400987685,2.530759962488));
#14419 = CARTESIAN_POINT('',(5.998179903154,2.286814571246));
#14420 = CARTESIAN_POINT('',(5.988388397274,2.10964558662));
#14421 = CARTESIAN_POINT('',(5.981182656162,1.930754860089));
#14422 = CARTESIAN_POINT('',(5.976751330772,1.750748791248));
#14423 = CARTESIAN_POINT('',(5.975353010756,1.570475733236));
#14424 = CARTESIAN_POINT('',(5.977321735362,1.391052980168));
#14425 = CARTESIAN_POINT('',(5.983010663053,1.213885733897));
#14426 = CARTESIAN_POINT('',(5.996869879763,0.970474697789));
#14427 = CARTESIAN_POINT('',(6.001556337592,0.900902653946));
#14428 = CARTESIAN_POINT('',(6.006953938025,0.832192551531));
#14429 = CARTESIAN_POINT('',(6.013089581745,0.764514359313));
#14430 = CARTESIAN_POINT('',(6.019988988271,0.698068508296));
#14431 = CARTESIAN_POINT('',(6.027675734494,0.633085128177));
#14432 = CARTESIAN_POINT('',(6.036170293207,0.569823283804));
#14433 = CARTESIAN_POINT('',(6.058051779666,0.425994532047));
#14434 = CARTESIAN_POINT('',(6.072113367529,0.347064726817));
#14435 = CARTESIAN_POINT('',(6.08771233443,0.27250007008));
#14436 = CARTESIAN_POINT('',(6.104860704249,0.203206152899));
#14437 = CARTESIAN_POINT('',(6.123528379179,0.14020824761));
#14438 = CARTESIAN_POINT('',(6.143633965112,8.461429890887E-02));
#14439 = CARTESIAN_POINT('',(6.165031700133,3.754887348109E-02));
#14440 = CARTESIAN_POINT('',(6.1874841175,-6.E-07));
#14441 = ( GEOMETRIC_REPRESENTATION_CONTEXT(2) 
PARAMETRIC_REPRESENTATION_CONTEXT() REPRESENTATION_CONTEXT('2D SPACE',''
  ) );
#14442 = ORIENTED_EDGE('',*,*,#13743,.F.);
#14443 = ORIENTED_EDGE('',*,*,#12128,.T.);
#14444 = ORIENTED_EDGE('',*,*,#14445,.F.);
#14445 = EDGE_CURVE('',#12963,#11999,#14446,.T.);
#14446 = SEAM_CURVE('',#14447,(#14452,#14459),.PCURVE_S1.);
#14447 = CIRCLE('',#14448,9.5);
#14448 = AXIS2_PLACEMENT_3D('',#14449,#14450,#14451);
#14449 = CARTESIAN_POINT('',(-80.,-3.673940397442E-16,133.));
#14450 = DIRECTION('',(0.,1.,0.));
#14451 = DIRECTION('',(0.,-0.,1.));
#14452 = PCURVE('',#12048,#14453);
#14453 = DEFINITIONAL_REPRESENTATION('',(#14454),#14458);
#14454 = LINE('',#14455,#14456);
#14455 = CARTESIAN_POINT('',(0.,6.28318530718));
#14456 = VECTOR('',#14457,1.);
#14457 = DIRECTION('',(1.,0.));
#14458 = ( GEOMETRIC_REPRESENTATION_CONTEXT(2) 
PARAMETRIC_REPRESENTATION_CONTEXT() REPRESENTATION_CONTEXT('2D SPACE',''
  ) );
#14459 = PCURVE('',#12048,#14460);
#14460 = DEFINITIONAL_REPRESENTATION('',(#14461),#14465);
#14461 = LINE('',#14462,#14463);
#14462 = CARTESIAN_POINT('',(0.,0.));
#14463 = VECTOR('',#14464,1.);
#14464 = DIRECTION('',(1.,0.));
#14465 = ( GEOMETRIC_REPRESENTATION_CONTEXT(2) 
PARAMETRIC_REPRESENTATION_CONTEXT() REPRESENTATION_CONTEXT('2D SPACE',''
  ) );
#14466 = ORIENTED_EDGE('',*,*,#12986,.F.);
#14467 = ORIENTED_EDGE('',*,*,#14445,.T.);
#14468 = ORIENTED_EDGE('',*,*,#11998,.T.);
#14469 = ADVANCED_FACE('',(#14470),#12115,.F.);
#14470 = FACE_BOUND('',#14471,.T.);
#14471 = EDGE_LOOP('',(#14472));
#14472 = ORIENTED_EDGE('',*,*,#12100,.F.);
#14473 = ADVANCED_FACE('',(#14474),#12674,.T.);
#14474 = FACE_BOUND('',#14475,.T.);
#14475 = EDGE_LOOP('',(#14476,#14498,#14499,#14500));
#14476 = ORIENTED_EDGE('',*,*,#14477,.F.);
#14477 = EDGE_CURVE('',#14020,#13392,#14478,.T.);
#14478 = SURFACE_CURVE('',#14479,(#14484,#14491),.PCURVE_S1.);
#14479 = CIRCLE('',#14480,5.);
#14480 = AXIS2_PLACEMENT_3D('',#14481,#14482,#14483);
#14481 = CARTESIAN_POINT('',(-80.,0.,128.));
#14482 = DIRECTION('',(0.,0.,1.));
#14483 = DIRECTION('',(1.,0.,-0.));
#14484 = PCURVE('',#12674,#14485);
#14485 = DEFINITIONAL_REPRESENTATION('',(#14486),#14490);
#14486 = LINE('',#14487,#14488);
#14487 = CARTESIAN_POINT('',(0.,3.));
#14488 = VECTOR('',#14489,1.);
#14489 = DIRECTION('',(1.,0.));
#14490 = ( GEOMETRIC_REPRESENTATION_CONTEXT(2) 
PARAMETRIC_REPRESENTATION_CONTEXT() REPRESENTATION_CONTEXT('2D SPACE',''
  ) );
#14491 = PCURVE('',#13537,#14492);
#14492 = DEFINITIONAL_REPRESENTATION('',(#14493),#14497);
#14493 = CIRCLE('',#14494,5.);
#14494 = AXIS2_PLACEMENT_2D('',#14495,#14496);
#14495 = CARTESIAN_POINT('',(0.,0.));
#14496 = DIRECTION('',(1.,0.));
#14497 = ( GEOMETRIC_REPRESENTATION_CONTEXT(2) 
PARAMETRIC_REPRESENTATION_CONTEXT() REPRESENTATION_CONTEXT('2D SPACE',''
  ) );
#14498 = ORIENTED_EDGE('',*,*,#14019,.F.);
#14499 = ORIENTED_EDGE('',*,*,#12657,.T.);
#14500 = ORIENTED_EDGE('',*,*,#13614,.T.);
#14501 = ADVANCED_FACE('',(#14502),#13537,.T.);
#14502 = FACE_BOUND('',#14503,.T.);
#14503 = EDGE_LOOP('',(#14504,#14505,#14506,#14507));
#14504 = ORIENTED_EDGE('',*,*,#14123,.F.);
#14505 = ORIENTED_EDGE('',*,*,#14477,.T.);
#14506 = ORIENTED_EDGE('',*,*,#13391,.T.);
#14507 = ORIENTED_EDGE('',*,*,#14508,.T.);
#14508 = EDGE_CURVE('',#13283,#14124,#14509,.T.);
#14509 = SURFACE_CURVE('',#14510,(#14515,#14522),.PCURVE_S1.);
#14510 = CIRCLE('',#14511,5.);
#14511 = AXIS2_PLACEMENT_3D('',#14512,#14513,#14514);
#14512 = CARTESIAN_POINT('',(-80.,0.,128.));
#14513 = DIRECTION('',(0.,0.,1.));
#14514 = DIRECTION('',(1.,0.,-0.));
#14515 = PCURVE('',#13537,#14516);
#14516 = DEFINITIONAL_REPRESENTATION('',(#14517),#14521);
#14517 = CIRCLE('',#14518,5.);
#14518 = AXIS2_PLACEMENT_2D('',#14519,#14520);
#14519 = CARTESIAN_POINT('',(0.,0.));
#14520 = DIRECTION('',(1.,0.));
#14521 = ( GEOMETRIC_REPRESENTATION_CONTEXT(2) 
PARAMETRIC_REPRESENTATION_CONTEXT() REPRESENTATION_CONTEXT('2D SPACE',''
  ) );
#14522 = PCURVE('',#13352,#14523);
#14523 = DEFINITIONAL_REPRESENTATION('',(#14524),#14528);
#14524 = LINE('',#14525,#14526);
#14525 = CARTESIAN_POINT('',(0.,3.));
#14526 = VECTOR('',#14527,1.);
#14527 = DIRECTION('',(1.,0.));
#14528 = ( GEOMETRIC_REPRESENTATION_CONTEXT(2) 
PARAMETRIC_REPRESENTATION_CONTEXT() REPRESENTATION_CONTEXT('2D SPACE',''
  ) );
#14529 = ADVANCED_FACE('',(#14530),#13352,.T.);
#14530 = FACE_BOUND('',#14531,.T.);
#14531 = EDGE_LOOP('',(#14532,#14533,#14534,#14535));
#14532 = ORIENTED_EDGE('',*,*,#14341,.F.);
#14533 = ORIENTED_EDGE('',*,*,#14508,.F.);
#14534 = ORIENTED_EDGE('',*,*,#13282,.T.);
#14535 = ORIENTED_EDGE('',*,*,#13719,.T.);
#14536 = ( GEOMETRIC_REPRESENTATION_CONTEXT(3) 
GLOBAL_UNCERTAINTY_ASSIGNED_CONTEXT((#14540)) 
GLOBAL_UNIT_ASSIGNED_CONTEXT((#14537,#14538,#14539)) 
REPRESENTATION_CONTEXT('Context #1',
  '3D Context with UNIT and UNCERTAINTY') );
#14537 = ( LENGTH_UNIT() NAMED_UNIT(*) SI_UNIT(.MILLI.,.METRE.) );
#14538 = ( NAMED_UNIT(*) PLANE_ANGLE_UNIT() SI_UNIT($,.RADIAN.) );
#14539 = ( NAMED_UNIT(*) SI_UNIT($,.STERADIAN.) SOLID_ANGLE_UNIT() );
#14540 = UNCERTAINTY_MEASURE_WITH_UNIT(LENGTH_MEASURE(5.E-07),#14537,
  'distance_accuracy_value','confusion accuracy');
#14541 = CONTEXT_DEPENDENT_SHAPE_REPRESENTATION(#14542,#14544);
#14542 = ( REPRESENTATION_RELATIONSHIP('','',#11955,#6108) 
REPRESENTATION_RELATIONSHIP_WITH_TRANSFORMATION(#14543) 
SHAPE_REPRESENTATION_RELATIONSHIP() );
#14543 = ITEM_DEFINED_TRANSFORMATION('','',#11,#6129);
#14544 = PRODUCT_DEFINITION_SHAPE('Placement','Placement of an item',
  #14545);
#14545 = NEXT_ASSEMBLY_USAGE_OCCURRENCE('50',
  'V3_DIVER_PULL_PIN_2_ISOLATED_316','',#6103,#11950,$);
#14546 = PRODUCT_RELATED_PRODUCT_CATEGORY('part',$,(#11952));
#14547 = SHAPE_DEFINITION_REPRESENTATION(#14548,#14554);
#14548 = PRODUCT_DEFINITION_SHAPE('','',#14549);
#14549 = PRODUCT_DEFINITION('design','',#14550,#14553);
#14550 = PRODUCT_DEFINITION_FORMATION('','',#14551);
#14551 = PRODUCT('V3_LANYARD_ROUTE_CONCEPT_UNTERMINATED',
  'V3_LANYARD_ROUTE_CONCEPT_UNTERMINATED','',(#14552));
#14552 = PRODUCT_CONTEXT('',#2,'mechanical');
#14553 = PRODUCT_DEFINITION_CONTEXT('part definition',#2,'design');
#14554 = ADVANCED_BREP_SHAPE_REPRESENTATION('',(#11,#14555),#14653);
#14555 = MANIFOLD_SOLID_BREP('',#14556);
#14556 = CLOSED_SHELL('',(#14557,#14645,#14649));
#14557 = ADVANCED_FACE('',(#14558),#14571,.T.);
#14558 = FACE_BOUND('',#14559,.T.);
#14559 = EDGE_LOOP('',(#14560,#14594,#14617,#14644));
#14560 = ORIENTED_EDGE('',*,*,#14561,.F.);
#14561 = EDGE_CURVE('',#14562,#14562,#14564,.T.);
#14562 = VERTEX_POINT('',#14563);
#14563 = CARTESIAN_POINT('',(-132.,140.,95.));
#14564 = SURFACE_CURVE('',#14565,(#14570,#14582),.PCURVE_S1.);
#14565 = CIRCLE('',#14566,1.5);
#14566 = AXIS2_PLACEMENT_3D('',#14567,#14568,#14569);
#14567 = CARTESIAN_POINT('',(-132.,140.,93.5));
#14568 = DIRECTION('',(0.,1.,0.));
#14569 = DIRECTION('',(0.,-0.,1.));
#14570 = PCURVE('',#14571,#14576);
#14571 = CYLINDRICAL_SURFACE('',#14572,1.5);
#14572 = AXIS2_PLACEMENT_3D('',#14573,#14574,#14575);
#14573 = CARTESIAN_POINT('',(-132.,0.,93.5));
#14574 = DIRECTION('',(0.,1.,0.));
#14575 = DIRECTION('',(0.,-0.,1.));
#14576 = DEFINITIONAL_REPRESENTATION('',(#14577),#14581);
#14577 = LINE('',#14578,#14579);
#14578 = CARTESIAN_POINT('',(0.,140.));
#14579 = VECTOR('',#14580,1.);
#14580 = DIRECTION('',(1.,0.));
#14581 = ( GEOMETRIC_REPRESENTATION_CONTEXT(2) 
PARAMETRIC_REPRESENTATION_CONTEXT() REPRESENTATION_CONTEXT('2D SPACE',''
  ) );
#14582 = PCURVE('',#14583,#14588);
#14583 = PLANE('',#14584);
#14584 = AXIS2_PLACEMENT_3D('',#14585,#14586,#14587);
#14585 = CARTESIAN_POINT('',(-132.,140.,93.5));
#14586 = DIRECTION('',(0.,1.,0.));
#14587 = DIRECTION('',(0.,-0.,1.));
#14588 = DEFINITIONAL_REPRESENTATION('',(#14589),#14593);
#14589 = CIRCLE('',#14590,1.5);
#14590 = AXIS2_PLACEMENT_2D('',#14591,#14592);
#14591 = CARTESIAN_POINT('',(0.,0.));
#14592 = DIRECTION('',(1.,0.));
#14593 = ( GEOMETRIC_REPRESENTATION_CONTEXT(2) 
PARAMETRIC_REPRESENTATION_CONTEXT() REPRESENTATION_CONTEXT('2D SPACE',''
  ) );
#14594 = ORIENTED_EDGE('',*,*,#14595,.F.);
#14595 = EDGE_CURVE('',#14596,#14562,#14598,.T.);
#14596 = VERTEX_POINT('',#14597);
#14597 = CARTESIAN_POINT('',(-132.,0.,95.));
#14598 = SEAM_CURVE('',#14599,(#14603,#14610),.PCURVE_S1.);
#14599 = LINE('',#14600,#14601);
#14600 = CARTESIAN_POINT('',(-132.,0.,95.));
#14601 = VECTOR('',#14602,1.);
#14602 = DIRECTION('',(0.,1.,0.));
#14603 = PCURVE('',#14571,#14604);
#14604 = DEFINITIONAL_REPRESENTATION('',(#14605),#14609);
#14605 = LINE('',#14606,#14607);
#14606 = CARTESIAN_POINT('',(6.28318530718,-0.));
#14607 = VECTOR('',#14608,1.);
#14608 = DIRECTION('',(0.,1.));
#14609 = ( GEOMETRIC_REPRESENTATION_CONTEXT(2) 
PARAMETRIC_REPRESENTATION_CONTEXT() REPRESENTATION_CONTEXT('2D SPACE',''
  ) );
#14610 = PCURVE('',#14571,#14611);
#14611 = DEFINITIONAL_REPRESENTATION('',(#14612),#14616);
#14612 = LINE('',#14613,#14614);
#14613 = CARTESIAN_POINT('',(0.,-0.));
#14614 = VECTOR('',#14615,1.);
#14615 = DIRECTION('',(0.,1.));
#14616 = ( GEOMETRIC_REPRESENTATION_CONTEXT(2) 
PARAMETRIC_REPRESENTATION_CONTEXT() REPRESENTATION_CONTEXT('2D SPACE',''
  ) );
#14617 = ORIENTED_EDGE('',*,*,#14618,.T.);
#14618 = EDGE_CURVE('',#14596,#14596,#14619,.T.);
#14619 = SURFACE_CURVE('',#14620,(#14625,#14632),.PCURVE_S1.);
#14620 = CIRCLE('',#14621,1.5);
#14621 = AXIS2_PLACEMENT_3D('',#14622,#14623,#14624);
#14622 = CARTESIAN_POINT('',(-132.,0.,93.5));
#14623 = DIRECTION('',(0.,1.,0.));
#14624 = DIRECTION('',(0.,-0.,1.));
#14625 = PCURVE('',#14571,#14626);
#14626 = DEFINITIONAL_REPRESENTATION('',(#14627),#14631);
#14627 = LINE('',#14628,#14629);
#14628 = CARTESIAN_POINT('',(0.,0.));
#14629 = VECTOR('',#14630,1.);
#14630 = DIRECTION('',(1.,0.));
#14631 = ( GEOMETRIC_REPRESENTATION_CONTEXT(2) 
PARAMETRIC_REPRESENTATION_CONTEXT() REPRESENTATION_CONTEXT('2D SPACE',''
  ) );
#14632 = PCURVE('',#14633,#14638);
#14633 = PLANE('',#14634);
#14634 = AXIS2_PLACEMENT_3D('',#14635,#14636,#14637);
#14635 = CARTESIAN_POINT('',(-132.,0.,93.5));
#14636 = DIRECTION('',(0.,1.,0.));
#14637 = DIRECTION('',(0.,-0.,1.));
#14638 = DEFINITIONAL_REPRESENTATION('',(#14639),#14643);
#14639 = CIRCLE('',#14640,1.5);
#14640 = AXIS2_PLACEMENT_2D('',#14641,#14642);
#14641 = CARTESIAN_POINT('',(0.,0.));
#14642 = DIRECTION('',(1.,0.));
#14643 = ( GEOMETRIC_REPRESENTATION_CONTEXT(2) 
PARAMETRIC_REPRESENTATION_CONTEXT() REPRESENTATION_CONTEXT('2D SPACE',''
  ) );
#14644 = ORIENTED_EDGE('',*,*,#14595,.T.);
#14645 = ADVANCED_FACE('',(#14646),#14583,.T.);
#14646 = FACE_BOUND('',#14647,.T.);
#14647 = EDGE_LOOP('',(#14648));
#14648 = ORIENTED_EDGE('',*,*,#14561,.T.);
#14649 = ADVANCED_FACE('',(#14650),#14633,.F.);
#14650 = FACE_BOUND('',#14651,.T.);
#14651 = EDGE_LOOP('',(#14652));
#14652 = ORIENTED_EDGE('',*,*,#14618,.F.);
#14653 = ( GEOMETRIC_REPRESENTATION_CONTEXT(3) 
GLOBAL_UNCERTAINTY_ASSIGNED_CONTEXT((#14657)) 
GLOBAL_UNIT_ASSIGNED_CONTEXT((#14654,#14655,#14656)) 
REPRESENTATION_CONTEXT('Context #1',
  '3D Context with UNIT and UNCERTAINTY') );
#14654 = ( LENGTH_UNIT() NAMED_UNIT(*) SI_UNIT(.MILLI.,.METRE.) );
#14655 = ( NAMED_UNIT(*) PLANE_ANGLE_UNIT() SI_UNIT($,.RADIAN.) );
#14656 = ( NAMED_UNIT(*) SI_UNIT($,.STERADIAN.) SOLID_ANGLE_UNIT() );
#14657 = UNCERTAINTY_MEASURE_WITH_UNIT(LENGTH_MEASURE(1.E-07),#14654,
  'distance_accuracy_value','confusion accuracy');
#14658 = CONTEXT_DEPENDENT_SHAPE_REPRESENTATION(#14659,#14661);
#14659 = ( REPRESENTATION_RELATIONSHIP('','',#14554,#6108) 
REPRESENTATION_RELATIONSHIP_WITH_TRANSFORMATION(#14660) 
SHAPE_REPRESENTATION_RELATIONSHIP() );
#14660 = ITEM_DEFINED_TRANSFORMATION('','',#11,#6133);
#14661 = PRODUCT_DEFINITION_SHAPE('Placement','Placement of an item',
  #14662);
#14662 = NEXT_ASSEMBLY_USAGE_OCCURRENCE('51',
  'V3_LANYARD_ROUTE_CONCEPT_UNTERMINATED','',#6103,#14549,$);
#14663 = PRODUCT_RELATED_PRODUCT_CATEGORY('part',$,(#14551));
#14664 = SHAPE_DEFINITION_REPRESENTATION(#14665,#14671);
#14665 = PRODUCT_DEFINITION_SHAPE('','',#14666);
#14666 = PRODUCT_DEFINITION('design','',#14667,#14670);
#14667 = PRODUCT_DEFINITION_FORMATION('','',#14668);
#14668 = PRODUCT('SURFACE_ROUTE_CONCEPT','SURFACE_ROUTE_CONCEPT','',(
    #14669));
#14669 = PRODUCT_CONTEXT('',#2,'mechanical');
#14670 = PRODUCT_DEFINITION_CONTEXT('part definition',#2,'design');
#14671 = SHAPE_REPRESENTATION('',(#11,#14672,#14676),#14680);
#14672 = AXIS2_PLACEMENT_3D('',#14673,#14674,#14675);
#14673 = CARTESIAN_POINT('',(0.,0.,0.));
#14674 = DIRECTION('',(0.,0.,1.));
#14675 = DIRECTION('',(1.,0.,-0.));
#14676 = AXIS2_PLACEMENT_3D('',#14677,#14678,#14679);
#14677 = CARTESIAN_POINT('',(0.,0.,0.));
#14678 = DIRECTION('',(0.,0.,1.));
#14679 = DIRECTION('',(1.,0.,-0.));
#14680 = ( GEOMETRIC_REPRESENTATION_CONTEXT(3) 
GLOBAL_UNCERTAINTY_ASSIGNED_CONTEXT((#14684)) 
GLOBAL_UNIT_ASSIGNED_CONTEXT((#14681,#14682,#14683)) 
REPRESENTATION_CONTEXT('Context #1',
  '3D Context with UNIT and UNCERTAINTY') );
#14681 = ( LENGTH_UNIT() NAMED_UNIT(*) SI_UNIT(.MILLI.,.METRE.) );
#14682 = ( NAMED_UNIT(*) PLANE_ANGLE_UNIT() SI_UNIT($,.RADIAN.) );
#14683 = ( NAMED_UNIT(*) SI_UNIT($,.STERADIAN.) SOLID_ANGLE_UNIT() );
#14684 = UNCERTAINTY_MEASURE_WITH_UNIT(LENGTH_MEASURE(2.E-07),#14681,
  'distance_accuracy_value','confusion accuracy');
#14685 = CONTEXT_DEPENDENT_SHAPE_REPRESENTATION(#14686,#14688);
#14686 = ( REPRESENTATION_RELATIONSHIP('','',#14671,#10) 
REPRESENTATION_RELATIONSHIP_WITH_TRANSFORMATION(#14687) 
SHAPE_REPRESENTATION_RELATIONSHIP() );
#14687 = ITEM_DEFINED_TRANSFORMATION('','',#11,#31);
#14688 = PRODUCT_DEFINITION_SHAPE('Placement','Placement of an item',
  #14689);
#14689 = NEXT_ASSEMBLY_USAGE_OCCURRENCE('55','','',#5,#14666,$);
#14690 = PRODUCT_RELATED_PRODUCT_CATEGORY('part',$,(#14668));
#14691 = SHAPE_DEFINITION_REPRESENTATION(#14692,#14698);
#14692 = PRODUCT_DEFINITION_SHAPE('','',#14693);
#14693 = PRODUCT_DEFINITION('design','',#14694,#14697);
#14694 = PRODUCT_DEFINITION_FORMATION('','',#14695);
#14695 = PRODUCT('V3_FATHOM_TETHER_SURFACE_ROUTE_CONCEPT',
  'V3_FATHOM_TETHER_SURFACE_ROUTE_CONCEPT','',(#14696));
#14696 = PRODUCT_CONTEXT('',#2,'mechanical');
#14697 = PRODUCT_DEFINITION_CONTEXT('part definition',#2,'design');
#14698 = ADVANCED_BREP_SHAPE_REPRESENTATION('',(#11,#14699),#14854);
#14699 = MANIFOLD_SOLID_BREP('',#14700);
#14700 = CLOSED_SHELL('',(#14701,#14792,#14846,#14850));
#14701 = ADVANCED_FACE('',(#14702),#14717,.T.);
#14702 = FACE_BOUND('',#14703,.T.);
#14703 = EDGE_LOOP('',(#14704,#14734,#14760,#14761));
#14704 = ORIENTED_EDGE('',*,*,#14705,.T.);
#14705 = EDGE_CURVE('',#14706,#14708,#14710,.T.);
#14706 = VERTEX_POINT('',#14707);
#14707 = CARTESIAN_POINT('',(3.8,28.,-40.8));
#14708 = VERTEX_POINT('',#14709);
#14709 = CARTESIAN_POINT('',(3.8,78.,-90.8));
#14710 = SEAM_CURVE('',#14711,(#14716,#14727),.PCURVE_S1.);
#14711 = CIRCLE('',#14712,50.);
#14712 = AXIS2_PLACEMENT_3D('',#14713,#14714,#14715);
#14713 = CARTESIAN_POINT('',(3.8,78.,-40.8));
#14714 = DIRECTION('',(1.,0.,0.));
#14715 = DIRECTION('',(0.,-1.,-5.684341886081E-16));
#14716 = PCURVE('',#14717,#14722);
#14717 = TOROIDAL_SURFACE('',#14718,50.,3.8);
#14718 = AXIS2_PLACEMENT_3D('',#14719,#14720,#14721);
#14719 = CARTESIAN_POINT('',(0.,78.,-40.8));
#14720 = DIRECTION('',(1.,0.,0.));
#14721 = DIRECTION('',(0.,-1.,-5.684341886081E-16));
#14722 = DEFINITIONAL_REPRESENTATION('',(#14723),#14726);
#14723 = B_SPLINE_CURVE_WITH_KNOTS('',1,(#14724,#14725),.UNSPECIFIED.,
  .F.,.F.,(2,2),(0.,1.570796326795),.PIECEWISE_BEZIER_KNOTS.);
#14724 = CARTESIAN_POINT('',(0.,1.570796326795));
#14725 = CARTESIAN_POINT('',(1.570796326795,1.570796326795));
#14726 = ( GEOMETRIC_REPRESENTATION_CONTEXT(2) 
PARAMETRIC_REPRESENTATION_CONTEXT() REPRESENTATION_CONTEXT('2D SPACE',''
  ) );
#14727 = PCURVE('',#14717,#14728);
#14728 = DEFINITIONAL_REPRESENTATION('',(#14729),#14733);
#14729 = LINE('',#14730,#14731);
#14730 = CARTESIAN_POINT('',(0.,7.853981633974));
#14731 = VECTOR('',#14732,1.);
#14732 = DIRECTION('',(1.,0.));
#14733 = ( GEOMETRIC_REPRESENTATION_CONTEXT(2) 
PARAMETRIC_REPRESENTATION_CONTEXT() REPRESENTATION_CONTEXT('2D SPACE',''
  ) );
#14734 = ORIENTED_EDGE('',*,*,#14735,.T.);
#14735 = EDGE_CURVE('',#14708,#14708,#14736,.T.);
#14736 = SURFACE_CURVE('',#14737,(#14742,#14749),.PCURVE_S1.);
#14737 = CIRCLE('',#14738,3.8);
#14738 = AXIS2_PLACEMENT_3D('',#14739,#14740,#14741);
#14739 = CARTESIAN_POINT('',(0.,78.,-90.8));
#14740 = DIRECTION('',(0.,-1.,6.030211759744E-16));
#14741 = DIRECTION('',(0.,-6.030211759744E-16,-1.));
#14742 = PCURVE('',#14717,#14743);
#14743 = DEFINITIONAL_REPRESENTATION('',(#14744),#14748);
#14744 = LINE('',#14745,#14746);
#14745 = CARTESIAN_POINT('',(1.570796326795,0.));
#14746 = VECTOR('',#14747,1.);
#14747 = DIRECTION('',(0.,1.));
#14748 = ( GEOMETRIC_REPRESENTATION_CONTEXT(2) 
PARAMETRIC_REPRESENTATION_CONTEXT() REPRESENTATION_CONTEXT('2D SPACE',''
  ) );
#14749 = PCURVE('',#14750,#14755);
#14750 = CYLINDRICAL_SURFACE('',#14751,3.8);
#14751 = AXIS2_PLACEMENT_3D('',#14752,#14753,#14754);
#14752 = CARTESIAN_POINT('',(0.,78.,-90.8));
#14753 = DIRECTION('',(0.,1.,0.));
#14754 = DIRECTION('',(1.,0.,0.));
#14755 = DEFINITIONAL_REPRESENTATION('',(#14756),#14759);
#14756 = B_SPLINE_CURVE_WITH_KNOTS('',1,(#14757,#14758),.UNSPECIFIED.,
  .F.,.F.,(2,2),(1.570796326795,7.853981633974),
  .PIECEWISE_BEZIER_KNOTS.);
#14757 = CARTESIAN_POINT('',(6.28318530718,0.));
#14758 = CARTESIAN_POINT('',(0.,0.));
#14759 = ( GEOMETRIC_REPRESENTATION_CONTEXT(2) 
PARAMETRIC_REPRESENTATION_CONTEXT() REPRESENTATION_CONTEXT('2D SPACE',''
  ) );
#14760 = ORIENTED_EDGE('',*,*,#14705,.F.);
#14761 = ORIENTED_EDGE('',*,*,#14762,.F.);
#14762 = EDGE_CURVE('',#14706,#14706,#14763,.T.);
#14763 = SURFACE_CURVE('',#14764,(#14769,#14776),.PCURVE_S1.);
#14764 = CIRCLE('',#14765,3.8);
#14765 = AXIS2_PLACEMENT_3D('',#14766,#14767,#14768);
#14766 = CARTESIAN_POINT('',(0.,28.,-40.8));
#14767 = DIRECTION('',(0.,-5.684341886081E-16,1.));
#14768 = DIRECTION('',(0.,-1.,-5.684341886081E-16));
#14769 = PCURVE('',#14717,#14770);
#14770 = DEFINITIONAL_REPRESENTATION('',(#14771),#14775);
#14771 = LINE('',#14772,#14773);
#14772 = CARTESIAN_POINT('',(0.,0.));
#14773 = VECTOR('',#14774,1.);
#14774 = DIRECTION('',(0.,1.));
#14775 = ( GEOMETRIC_REPRESENTATION_CONTEXT(2) 
PARAMETRIC_REPRESENTATION_CONTEXT() REPRESENTATION_CONTEXT('2D SPACE',''
  ) );
#14776 = PCURVE('',#14777,#14782);
#14777 = PLANE('',#14778);
#14778 = AXIS2_PLACEMENT_3D('',#14779,#14780,#14781);
#14779 = CARTESIAN_POINT('',(-2.698894998433E-16,28.,-40.8));
#14780 = DIRECTION('',(-0.,-0.,-1.));
#14781 = DIRECTION('',(-1.,0.,0.));
#14782 = DEFINITIONAL_REPRESENTATION('',(#14783),#14791);
#14783 = ( BOUNDED_CURVE() B_SPLINE_CURVE(2,(#14784,#14785,#14786,#14787
    ,#14788,#14789,#14790),.UNSPECIFIED.,.T.,.F.) 
B_SPLINE_CURVE_WITH_KNOTS((1,2,2,2,2,1),(-2.094395102393,0.,
    2.094395102393,4.188790204786,6.28318530718,8.377580409573),
.UNSPECIFIED.) CURVE() GEOMETRIC_REPRESENTATION_ITEM() 
RATIONAL_B_SPLINE_CURVE((1.,0.5,1.,0.5,1.,0.5,1.)) REPRESENTATION_ITEM(
  '') );
#14784 = CARTESIAN_POINT('',(-2.698894998433E-16,-3.8));
#14785 = CARTESIAN_POINT('',(-6.581793068762,-3.8));
#14786 = CARTESIAN_POINT('',(-3.290896534381,1.9));
#14787 = CARTESIAN_POINT('',(-1.200621067195E-15,7.6));
#14788 = CARTESIAN_POINT('',(3.290896534381,1.9));
#14789 = CARTESIAN_POINT('',(6.581793068762,-3.8));
#14790 = CARTESIAN_POINT('',(-2.698894998433E-16,-3.8));
#14791 = ( GEOMETRIC_REPRESENTATION_CONTEXT(2) 
PARAMETRIC_REPRESENTATION_CONTEXT() REPRESENTATION_CONTEXT('2D SPACE',''
  ) );
#14792 = ADVANCED_FACE('',(#14793),#14750,.T.);
#14793 = FACE_BOUND('',#14794,.T.);
#14794 = EDGE_LOOP('',(#14795,#14817,#14844,#14845));
#14795 = ORIENTED_EDGE('',*,*,#14796,.T.);
#14796 = EDGE_CURVE('',#14708,#14797,#14799,.T.);
#14797 = VERTEX_POINT('',#14798);
#14798 = CARTESIAN_POINT('',(3.8,300.,-90.8));
#14799 = SEAM_CURVE('',#14800,(#14804,#14810),.PCURVE_S1.);
#14800 = LINE('',#14801,#14802);
#14801 = CARTESIAN_POINT('',(3.8,78.,-90.8));
#14802 = VECTOR('',#14803,1.);
#14803 = DIRECTION('',(0.,1.,0.));
#14804 = PCURVE('',#14750,#14805);
#14805 = DEFINITIONAL_REPRESENTATION('',(#14806),#14809);
#14806 = B_SPLINE_CURVE_WITH_KNOTS('',1,(#14807,#14808),.UNSPECIFIED.,
  .F.,.F.,(2,2),(0.,222.),.PIECEWISE_BEZIER_KNOTS.);
#14807 = CARTESIAN_POINT('',(6.28318530718,0.));
#14808 = CARTESIAN_POINT('',(6.28318530718,222.));
#14809 = ( GEOMETRIC_REPRESENTATION_CONTEXT(2) 
PARAMETRIC_REPRESENTATION_CONTEXT() REPRESENTATION_CONTEXT('2D SPACE',''
  ) );
#14810 = PCURVE('',#14750,#14811);
#14811 = DEFINITIONAL_REPRESENTATION('',(#14812),#14816);
#14812 = LINE('',#14813,#14814);
#14813 = CARTESIAN_POINT('',(0.,0.));
#14814 = VECTOR('',#14815,1.);
#14815 = DIRECTION('',(0.,1.));
#14816 = ( GEOMETRIC_REPRESENTATION_CONTEXT(2) 
PARAMETRIC_REPRESENTATION_CONTEXT() REPRESENTATION_CONTEXT('2D SPACE',''
  ) );
#14817 = ORIENTED_EDGE('',*,*,#14818,.F.);
#14818 = EDGE_CURVE('',#14797,#14797,#14819,.T.);
#14819 = SURFACE_CURVE('',#14820,(#14825,#14832),.PCURVE_S1.);
#14820 = CIRCLE('',#14821,3.8);
#14821 = AXIS2_PLACEMENT_3D('',#14822,#14823,#14824);
#14822 = CARTESIAN_POINT('',(0.,300.,-90.8));
#14823 = DIRECTION('',(-0.,1.,0.));
#14824 = DIRECTION('',(1.,0.,0.));
#14825 = PCURVE('',#14750,#14826);
#14826 = DEFINITIONAL_REPRESENTATION('',(#14827),#14831);
#14827 = LINE('',#14828,#14829);
#14828 = CARTESIAN_POINT('',(0.,222.));
#14829 = VECTOR('',#14830,1.);
#14830 = DIRECTION('',(1.,0.));
#14831 = ( GEOMETRIC_REPRESENTATION_CONTEXT(2) 
PARAMETRIC_REPRESENTATION_CONTEXT() REPRESENTATION_CONTEXT('2D SPACE',''
  ) );
#14832 = PCURVE('',#14833,#14838);
#14833 = PLANE('',#14834);
#14834 = AXIS2_PLACEMENT_3D('',#14835,#14836,#14837);
#14835 = CARTESIAN_POINT('',(2.698894998433E-16,300.,-90.8));
#14836 = DIRECTION('',(0.,1.,0.));
#14837 = DIRECTION('',(0.,-0.,1.));
#14838 = DEFINITIONAL_REPRESENTATION('',(#14839),#14843);
#14839 = CIRCLE('',#14840,3.8);
#14840 = AXIS2_PLACEMENT_2D('',#14841,#14842);
#14841 = CARTESIAN_POINT('',(0.,-2.698894998433E-16));
#14842 = DIRECTION('',(0.,1.));
#14843 = ( GEOMETRIC_REPRESENTATION_CONTEXT(2) 
PARAMETRIC_REPRESENTATION_CONTEXT() REPRESENTATION_CONTEXT('2D SPACE',''
  ) );
#14844 = ORIENTED_EDGE('',*,*,#14796,.F.);
#14845 = ORIENTED_EDGE('',*,*,#14735,.F.);
#14846 = ADVANCED_FACE('',(#14847),#14777,.F.);
#14847 = FACE_BOUND('',#14848,.F.);
#14848 = EDGE_LOOP('',(#14849));
#14849 = ORIENTED_EDGE('',*,*,#14762,.F.);
#14850 = ADVANCED_FACE('',(#14851),#14833,.T.);
#14851 = FACE_BOUND('',#14852,.T.);
#14852 = EDGE_LOOP('',(#14853));
#14853 = ORIENTED_EDGE('',*,*,#14818,.T.);
#14854 = ( GEOMETRIC_REPRESENTATION_CONTEXT(3) 
GLOBAL_UNCERTAINTY_ASSIGNED_CONTEXT((#14858)) 
GLOBAL_UNIT_ASSIGNED_CONTEXT((#14855,#14856,#14857)) 
REPRESENTATION_CONTEXT('Context #1',
  '3D Context with UNIT and UNCERTAINTY') );
#14855 = ( LENGTH_UNIT() NAMED_UNIT(*) SI_UNIT(.MILLI.,.METRE.) );
#14856 = ( NAMED_UNIT(*) PLANE_ANGLE_UNIT() SI_UNIT($,.RADIAN.) );
#14857 = ( NAMED_UNIT(*) SI_UNIT($,.STERADIAN.) SOLID_ANGLE_UNIT() );
#14858 = UNCERTAINTY_MEASURE_WITH_UNIT(LENGTH_MEASURE(1.E-07),#14855,
  'distance_accuracy_value','confusion accuracy');
#14859 = CONTEXT_DEPENDENT_SHAPE_REPRESENTATION(#14860,#14862);
#14860 = ( REPRESENTATION_RELATIONSHIP('','',#14698,#14671) 
REPRESENTATION_RELATIONSHIP_WITH_TRANSFORMATION(#14861) 
SHAPE_REPRESENTATION_RELATIONSHIP() );
#14861 = ITEM_DEFINED_TRANSFORMATION('','',#11,#14672);
#14862 = PRODUCT_DEFINITION_SHAPE('Placement','Placement of an item',
  #14863);
#14863 = NEXT_ASSEMBLY_USAGE_OCCURRENCE('53',
  'V3_FATHOM_TETHER_SURFACE_ROUTE_CONCEPT','',#14666,#14693,$);
#14864 = PRODUCT_RELATED_PRODUCT_CATEGORY('part',$,(#14695));
#14865 = SHAPE_DEFINITION_REPRESENTATION(#14866,#14872);
#14866 = PRODUCT_DEFINITION_SHAPE('','',#14867);
#14867 = PRODUCT_DEFINITION('design','',#14868,#14871);
#14868 = PRODUCT_DEFINITION_FORMATION('','',#14869);
#14869 = PRODUCT('V3_TETHER_NONMETAL_STRAIN_RELIEF_CONCEPT',
  'V3_TETHER_NONMETAL_STRAIN_RELIEF_CONCEPT','',(#14870));
#14870 = PRODUCT_CONTEXT('',#2,'mechanical');
#14871 = PRODUCT_DEFINITION_CONTEXT('part definition',#2,'design');
#14872 = ADVANCED_BREP_SHAPE_REPRESENTATION('',(#11,#14873),#17306);
#14873 = MANIFOLD_SOLID_BREP('',#14874);
#14874 = CLOSED_SHELL('',(#14875,#14995,#15205,#15254,#15329,#15425,
    #15689,#15736,#15743,#15945,#15971,#15998,#16460,#16488,#16516,
    #16544,#16621,#16722,#17156,#17163,#17190,#17249,#17299));
#14875 = ADVANCED_FACE('',(#14876),#14890,.F.);
#14876 = FACE_BOUND('',#14877,.F.);
#14877 = EDGE_LOOP('',(#14878,#14913,#14941,#14969));
#14878 = ORIENTED_EDGE('',*,*,#14879,.F.);
#14879 = EDGE_CURVE('',#14880,#14882,#14884,.T.);
#14880 = VERTEX_POINT('',#14881);
#14881 = CARTESIAN_POINT('',(-12.,105.,-99.8));
#14882 = VERTEX_POINT('',#14883);
#14883 = CARTESIAN_POINT('',(-12.,105.,-81.8));
#14884 = SURFACE_CURVE('',#14885,(#14889,#14901),.PCURVE_S1.);
#14885 = LINE('',#14886,#14887);
#14886 = CARTESIAN_POINT('',(-12.,105.,-99.8));
#14887 = VECTOR('',#14888,1.);
#14888 = DIRECTION('',(0.,0.,1.));
#14889 = PCURVE('',#14890,#14895);
#14890 = PLANE('',#14891);
#14891 = AXIS2_PLACEMENT_3D('',#14892,#14893,#14894);
#14892 = CARTESIAN_POINT('',(-12.,105.,-99.8));
#14893 = DIRECTION('',(1.,0.,0.));
#14894 = DIRECTION('',(0.,0.,1.));
#14895 = DEFINITIONAL_REPRESENTATION('',(#14896),#14900);
#14896 = LINE('',#14897,#14898);
#14897 = CARTESIAN_POINT('',(0.,0.));
#14898 = VECTOR('',#14899,1.);
#14899 = DIRECTION('',(1.,0.));
#14900 = ( GEOMETRIC_REPRESENTATION_CONTEXT(2) 
PARAMETRIC_REPRESENTATION_CONTEXT() REPRESENTATION_CONTEXT('2D SPACE',''
  ) );
#14901 = PCURVE('',#14902,#14907);
#14902 = PLANE('',#14903);
#14903 = AXIS2_PLACEMENT_3D('',#14904,#14905,#14906);
#14904 = CARTESIAN_POINT('',(-12.,105.,-99.8));
#14905 = DIRECTION('',(0.,1.,0.));
#14906 = DIRECTION('',(0.,0.,1.));
#14907 = DEFINITIONAL_REPRESENTATION('',(#14908),#14912);
#14908 = LINE('',#14909,#14910);
#14909 = CARTESIAN_POINT('',(0.,0.));
#14910 = VECTOR('',#14911,1.);
#14911 = DIRECTION('',(1.,0.));
#14912 = ( GEOMETRIC_REPRESENTATION_CONTEXT(2) 
PARAMETRIC_REPRESENTATION_CONTEXT() REPRESENTATION_CONTEXT('2D SPACE',''
  ) );
#14913 = ORIENTED_EDGE('',*,*,#14914,.T.);
#14914 = EDGE_CURVE('',#14880,#14915,#14917,.T.);
#14915 = VERTEX_POINT('',#14916);
#14916 = CARTESIAN_POINT('',(-12.,135.,-99.8));
#14917 = SURFACE_CURVE('',#14918,(#14922,#14929),.PCURVE_S1.);
#14918 = LINE('',#14919,#14920);
#14919 = CARTESIAN_POINT('',(-12.,105.,-99.8));
#14920 = VECTOR('',#14921,1.);
#14921 = DIRECTION('',(0.,1.,0.));
#14922 = PCURVE('',#14890,#14923);
#14923 = DEFINITIONAL_REPRESENTATION('',(#14924),#14928);
#14924 = LINE('',#14925,#14926);
#14925 = CARTESIAN_POINT('',(0.,0.));
#14926 = VECTOR('',#14927,1.);
#14927 = DIRECTION('',(0.,-1.));
#14928 = ( GEOMETRIC_REPRESENTATION_CONTEXT(2) 
PARAMETRIC_REPRESENTATION_CONTEXT() REPRESENTATION_CONTEXT('2D SPACE',''
  ) );
#14929 = PCURVE('',#14930,#14935);
#14930 = PLANE('',#14931);
#14931 = AXIS2_PLACEMENT_3D('',#14932,#14933,#14934);
#14932 = CARTESIAN_POINT('',(-12.,105.,-99.8));
#14933 = DIRECTION('',(0.,0.,1.));
#14934 = DIRECTION('',(1.,0.,0.));
#14935 = DEFINITIONAL_REPRESENTATION('',(#14936),#14940);
#14936 = LINE('',#14937,#14938);
#14937 = CARTESIAN_POINT('',(0.,0.));
#14938 = VECTOR('',#14939,1.);
#14939 = DIRECTION('',(0.,1.));
#14940 = ( GEOMETRIC_REPRESENTATION_CONTEXT(2) 
PARAMETRIC_REPRESENTATION_CONTEXT() REPRESENTATION_CONTEXT('2D SPACE',''
  ) );
#14941 = ORIENTED_EDGE('',*,*,#14942,.T.);
#14942 = EDGE_CURVE('',#14915,#14943,#14945,.T.);
#14943 = VERTEX_POINT('',#14944);
#14944 = CARTESIAN_POINT('',(-12.,135.,-81.8));
#14945 = SURFACE_CURVE('',#14946,(#14950,#14957),.PCURVE_S1.);
#14946 = LINE('',#14947,#14948);
#14947 = CARTESIAN_POINT('',(-12.,135.,-99.8));
#14948 = VECTOR('',#14949,1.);
#14949 = DIRECTION('',(0.,0.,1.));
#14950 = PCURVE('',#14890,#14951);
#14951 = DEFINITIONAL_REPRESENTATION('',(#14952),#14956);
#14952 = LINE('',#14953,#14954);
#14953 = CARTESIAN_POINT('',(0.,-30.));
#14954 = VECTOR('',#14955,1.);
#14955 = DIRECTION('',(1.,0.));
#14956 = ( GEOMETRIC_REPRESENTATION_CONTEXT(2) 
PARAMETRIC_REPRESENTATION_CONTEXT() REPRESENTATION_CONTEXT('2D SPACE',''
  ) );
#14957 = PCURVE('',#14958,#14963);
#14958 = PLANE('',#14959);
#14959 = AXIS2_PLACEMENT_3D('',#14960,#14961,#14962);
#14960 = CARTESIAN_POINT('',(-12.,135.,-99.8));
#14961 = DIRECTION('',(0.,1.,0.));
#14962 = DIRECTION('',(0.,0.,1.));
#14963 = DEFINITIONAL_REPRESENTATION('',(#14964),#14968);
#14964 = LINE('',#14965,#14966);
#14965 = CARTESIAN_POINT('',(0.,0.));
#14966 = VECTOR('',#14967,1.);
#14967 = DIRECTION('',(1.,0.));
#14968 = ( GEOMETRIC_REPRESENTATION_CONTEXT(2) 
PARAMETRIC_REPRESENTATION_CONTEXT() REPRESENTATION_CONTEXT('2D SPACE',''
  ) );
#14969 = ORIENTED_EDGE('',*,*,#14970,.F.);
#14970 = EDGE_CURVE('',#14882,#14943,#14971,.T.);
#14971 = SURFACE_CURVE('',#14972,(#14976,#14983),.PCURVE_S1.);
#14972 = LINE('',#14973,#14974);
#14973 = CARTESIAN_POINT('',(-12.,105.,-81.8));
#14974 = VECTOR('',#14975,1.);
#14975 = DIRECTION('',(0.,1.,0.));
#14976 = PCURVE('',#14890,#14977);
#14977 = DEFINITIONAL_REPRESENTATION('',(#14978),#14982);
#14978 = LINE('',#14979,#14980);
#14979 = CARTESIAN_POINT('',(18.,0.));
#14980 = VECTOR('',#14981,1.);
#14981 = DIRECTION('',(0.,-1.));
#14982 = ( GEOMETRIC_REPRESENTATION_CONTEXT(2) 
PARAMETRIC_REPRESENTATION_CONTEXT() REPRESENTATION_CONTEXT('2D SPACE',''
  ) );
#14983 = PCURVE('',#14984,#14989);
#14984 = PLANE('',#14985);
#14985 = AXIS2_PLACEMENT_3D('',#14986,#14987,#14988);
#14986 = CARTESIAN_POINT('',(-12.,105.,-81.8));
#14987 = DIRECTION('',(0.,0.,1.));
#14988 = DIRECTION('',(1.,0.,0.));
#14989 = DEFINITIONAL_REPRESENTATION('',(#14990),#14994);
#14990 = LINE('',#14991,#14992);
#14991 = CARTESIAN_POINT('',(0.,0.));
#14992 = VECTOR('',#14993,1.);
#14993 = DIRECTION('',(0.,1.));
#14994 = ( GEOMETRIC_REPRESENTATION_CONTEXT(2) 
PARAMETRIC_REPRESENTATION_CONTEXT() REPRESENTATION_CONTEXT('2D SPACE',''
  ) );
#14995 = ADVANCED_FACE('',(#14996,#15174),#14902,.F.);
#14996 = FACE_BOUND('',#14997,.F.);
#14997 = EDGE_LOOP('',(#14998,#15021,#15022,#15045,#15073,#15096,#15123,
    #15149));
#14998 = ORIENTED_EDGE('',*,*,#14999,.F.);
#14999 = EDGE_CURVE('',#14880,#15000,#15002,.T.);
#15000 = VERTEX_POINT('',#15001);
#15001 = CARTESIAN_POINT('',(-6.,105.,-99.8));
#15002 = SURFACE_CURVE('',#15003,(#15007,#15014),.PCURVE_S1.);
#15003 = LINE('',#15004,#15005);
#15004 = CARTESIAN_POINT('',(-12.,105.,-99.8));
#15005 = VECTOR('',#15006,1.);
#15006 = DIRECTION('',(1.,0.,0.));
#15007 = PCURVE('',#14902,#15008);
#15008 = DEFINITIONAL_REPRESENTATION('',(#15009),#15013);
#15009 = LINE('',#15010,#15011);
#15010 = CARTESIAN_POINT('',(0.,0.));
#15011 = VECTOR('',#15012,1.);
#15012 = DIRECTION('',(0.,1.));
#15013 = ( GEOMETRIC_REPRESENTATION_CONTEXT(2) 
PARAMETRIC_REPRESENTATION_CONTEXT() REPRESENTATION_CONTEXT('2D SPACE',''
  ) );
#15014 = PCURVE('',#14930,#15015);
#15015 = DEFINITIONAL_REPRESENTATION('',(#15016),#15020);
#15016 = LINE('',#15017,#15018);
#15017 = CARTESIAN_POINT('',(0.,0.));
#15018 = VECTOR('',#15019,1.);
#15019 = DIRECTION('',(1.,0.));
#15020 = ( GEOMETRIC_REPRESENTATION_CONTEXT(2) 
PARAMETRIC_REPRESENTATION_CONTEXT() REPRESENTATION_CONTEXT('2D SPACE',''
  ) );
#15021 = ORIENTED_EDGE('',*,*,#14879,.T.);
#15022 = ORIENTED_EDGE('',*,*,#15023,.T.);
#15023 = EDGE_CURVE('',#14882,#15024,#15026,.T.);
#15024 = VERTEX_POINT('',#15025);
#15025 = CARTESIAN_POINT('',(12.,105.,-81.8));
#15026 = SURFACE_CURVE('',#15027,(#15031,#15038),.PCURVE_S1.);
#15027 = LINE('',#15028,#15029);
#15028 = CARTESIAN_POINT('',(-12.,105.,-81.8));
#15029 = VECTOR('',#15030,1.);
#15030 = DIRECTION('',(1.,0.,0.));
#15031 = PCURVE('',#14902,#15032);
#15032 = DEFINITIONAL_REPRESENTATION('',(#15033),#15037);
#15033 = LINE('',#15034,#15035);
#15034 = CARTESIAN_POINT('',(18.,0.));
#15035 = VECTOR('',#15036,1.);
#15036 = DIRECTION('',(0.,1.));
#15037 = ( GEOMETRIC_REPRESENTATION_CONTEXT(2) 
PARAMETRIC_REPRESENTATION_CONTEXT() REPRESENTATION_CONTEXT('2D SPACE',''
  ) );
#15038 = PCURVE('',#14984,#15039);
#15039 = DEFINITIONAL_REPRESENTATION('',(#15040),#15044);
#15040 = LINE('',#15041,#15042);
#15041 = CARTESIAN_POINT('',(0.,0.));
#15042 = VECTOR('',#15043,1.);
#15043 = DIRECTION('',(1.,0.));
#15044 = ( GEOMETRIC_REPRESENTATION_CONTEXT(2) 
PARAMETRIC_REPRESENTATION_CONTEXT() REPRESENTATION_CONTEXT('2D SPACE',''
  ) );
#15045 = ORIENTED_EDGE('',*,*,#15046,.F.);
#15046 = EDGE_CURVE('',#15047,#15024,#15049,.T.);
#15047 = VERTEX_POINT('',#15048);
#15048 = CARTESIAN_POINT('',(12.,105.,-99.8));
#15049 = SURFACE_CURVE('',#15050,(#15054,#15061),.PCURVE_S1.);
#15050 = LINE('',#15051,#15052);
#15051 = CARTESIAN_POINT('',(12.,105.,-99.8));
#15052 = VECTOR('',#15053,1.);
#15053 = DIRECTION('',(0.,0.,1.));
#15054 = PCURVE('',#14902,#15055);
#15055 = DEFINITIONAL_REPRESENTATION('',(#15056),#15060);
#15056 = LINE('',#15057,#15058);
#15057 = CARTESIAN_POINT('',(0.,24.));
#15058 = VECTOR('',#15059,1.);
#15059 = DIRECTION('',(1.,0.));
#15060 = ( GEOMETRIC_REPRESENTATION_CONTEXT(2) 
PARAMETRIC_REPRESENTATION_CONTEXT() REPRESENTATION_CONTEXT('2D SPACE',''
  ) );
#15061 = PCURVE('',#15062,#15067);
#15062 = PLANE('',#15063);
#15063 = AXIS2_PLACEMENT_3D('',#15064,#15065,#15066);
#15064 = CARTESIAN_POINT('',(12.,105.,-99.8));
#15065 = DIRECTION('',(1.,0.,0.));
#15066 = DIRECTION('',(0.,0.,1.));
#15067 = DEFINITIONAL_REPRESENTATION('',(#15068),#15072);
#15068 = LINE('',#15069,#15070);
#15069 = CARTESIAN_POINT('',(0.,0.));
#15070 = VECTOR('',#15071,1.);
#15071 = DIRECTION('',(1.,0.));
#15072 = ( GEOMETRIC_REPRESENTATION_CONTEXT(2) 
PARAMETRIC_REPRESENTATION_CONTEXT() REPRESENTATION_CONTEXT('2D SPACE',''
  ) );
#15073 = ORIENTED_EDGE('',*,*,#15074,.F.);
#15074 = EDGE_CURVE('',#15075,#15047,#15077,.T.);
#15075 = VERTEX_POINT('',#15076);
#15076 = CARTESIAN_POINT('',(6.,105.,-99.8));
#15077 = SURFACE_CURVE('',#15078,(#15082,#15089),.PCURVE_S1.);
#15078 = LINE('',#15079,#15080);
#15079 = CARTESIAN_POINT('',(-12.,105.,-99.8));
#15080 = VECTOR('',#15081,1.);
#15081 = DIRECTION('',(1.,0.,0.));
#15082 = PCURVE('',#14902,#15083);
#15083 = DEFINITIONAL_REPRESENTATION('',(#15084),#15088);
#15084 = LINE('',#15085,#15086);
#15085 = CARTESIAN_POINT('',(0.,0.));
#15086 = VECTOR('',#15087,1.);
#15087 = DIRECTION('',(0.,1.));
#15088 = ( GEOMETRIC_REPRESENTATION_CONTEXT(2) 
PARAMETRIC_REPRESENTATION_CONTEXT() REPRESENTATION_CONTEXT('2D SPACE',''
  ) );
#15089 = PCURVE('',#14930,#15090);
#15090 = DEFINITIONAL_REPRESENTATION('',(#15091),#15095);
#15091 = LINE('',#15092,#15093);
#15092 = CARTESIAN_POINT('',(0.,0.));
#15093 = VECTOR('',#15094,1.);
#15094 = DIRECTION('',(1.,0.));
#15095 = ( GEOMETRIC_REPRESENTATION_CONTEXT(2) 
PARAMETRIC_REPRESENTATION_CONTEXT() REPRESENTATION_CONTEXT('2D SPACE',''
  ) );
#15096 = ORIENTED_EDGE('',*,*,#15097,.F.);
#15097 = EDGE_CURVE('',#15098,#15075,#15100,.T.);
#15098 = VERTEX_POINT('',#15099);
#15099 = CARTESIAN_POINT('',(6.,105.,-96.));
#15100 = SURFACE_CURVE('',#15101,(#15105,#15111),.PCURVE_S1.);
#15101 = LINE('',#15102,#15103);
#15102 = CARTESIAN_POINT('',(6.,105.,-102.9));
#15103 = VECTOR('',#15104,1.);
#15104 = DIRECTION('',(0.,0.,-1.));
#15105 = PCURVE('',#14902,#15106);
#15106 = DEFINITIONAL_REPRESENTATION('',(#15107),#15110);
#15107 = B_SPLINE_CURVE_WITH_KNOTS('',1,(#15108,#15109),.UNSPECIFIED.,
  .F.,.F.,(2,2),(-6.9,-3.1),.PIECEWISE_BEZIER_KNOTS.);
#15108 = CARTESIAN_POINT('',(3.8,18.));
#15109 = CARTESIAN_POINT('',(0.,18.));
#15110 = ( GEOMETRIC_REPRESENTATION_CONTEXT(2) 
PARAMETRIC_REPRESENTATION_CONTEXT() REPRESENTATION_CONTEXT('2D SPACE',''
  ) );
#15111 = PCURVE('',#15112,#15117);
#15112 = PLANE('',#15113);
#15113 = AXIS2_PLACEMENT_3D('',#15114,#15115,#15116);
#15114 = CARTESIAN_POINT('',(6.,51.,-106.));
#15115 = DIRECTION('',(1.,0.,0.));
#15116 = DIRECTION('',(0.,0.,1.));
#15117 = DEFINITIONAL_REPRESENTATION('',(#15118),#15122);
#15118 = LINE('',#15119,#15120);
#15119 = CARTESIAN_POINT('',(3.1,-54.));
#15120 = VECTOR('',#15121,1.);
#15121 = DIRECTION('',(-1.,0.));
#15122 = ( GEOMETRIC_REPRESENTATION_CONTEXT(2) 
PARAMETRIC_REPRESENTATION_CONTEXT() REPRESENTATION_CONTEXT('2D SPACE',''
  ) );
#15123 = ORIENTED_EDGE('',*,*,#15124,.F.);
#15124 = EDGE_CURVE('',#15125,#15098,#15127,.T.);
#15125 = VERTEX_POINT('',#15126);
#15126 = CARTESIAN_POINT('',(-6.,105.,-96.));
#15127 = SURFACE_CURVE('',#15128,(#15132,#15138),.PCURVE_S1.);
#15128 = LINE('',#15129,#15130);
#15129 = CARTESIAN_POINT('',(-9.,105.,-96.));
#15130 = VECTOR('',#15131,1.);
#15131 = DIRECTION('',(1.,0.,0.));
#15132 = PCURVE('',#14902,#15133);
#15133 = DEFINITIONAL_REPRESENTATION('',(#15134),#15137);
#15134 = B_SPLINE_CURVE_WITH_KNOTS('',1,(#15135,#15136),.UNSPECIFIED.,
  .F.,.F.,(2,2),(3.,15.),.PIECEWISE_BEZIER_KNOTS.);
#15135 = CARTESIAN_POINT('',(3.8,6.));
#15136 = CARTESIAN_POINT('',(3.8,18.));
#15137 = ( GEOMETRIC_REPRESENTATION_CONTEXT(2) 
PARAMETRIC_REPRESENTATION_CONTEXT() REPRESENTATION_CONTEXT('2D SPACE',''
  ) );
#15138 = PCURVE('',#15139,#15144);
#15139 = PLANE('',#15140);
#15140 = AXIS2_PLACEMENT_3D('',#15141,#15142,#15143);
#15141 = CARTESIAN_POINT('',(-6.,51.,-96.));
#15142 = DIRECTION('',(0.,0.,1.));
#15143 = DIRECTION('',(1.,0.,0.));
#15144 = DEFINITIONAL_REPRESENTATION('',(#15145),#15148);
#15145 = B_SPLINE_CURVE_WITH_KNOTS('',1,(#15146,#15147),.UNSPECIFIED.,
  .F.,.F.,(2,2),(3.,15.),.PIECEWISE_BEZIER_KNOTS.);
#15146 = CARTESIAN_POINT('',(0.,54.));
#15147 = CARTESIAN_POINT('',(12.,54.));
#15148 = ( GEOMETRIC_REPRESENTATION_CONTEXT(2) 
PARAMETRIC_REPRESENTATION_CONTEXT() REPRESENTATION_CONTEXT('2D SPACE',''
  ) );
#15149 = ORIENTED_EDGE('',*,*,#15150,.T.);
#15150 = EDGE_CURVE('',#15125,#15000,#15151,.T.);
#15151 = SURFACE_CURVE('',#15152,(#15156,#15162),.PCURVE_S1.);
#15152 = LINE('',#15153,#15154);
#15153 = CARTESIAN_POINT('',(-6.,105.,-102.9));
#15154 = VECTOR('',#15155,1.);
#15155 = DIRECTION('',(0.,0.,-1.));
#15156 = PCURVE('',#14902,#15157);
#15157 = DEFINITIONAL_REPRESENTATION('',(#15158),#15161);
#15158 = B_SPLINE_CURVE_WITH_KNOTS('',1,(#15159,#15160),.UNSPECIFIED.,
  .F.,.F.,(2,2),(-6.9,-3.1),.PIECEWISE_BEZIER_KNOTS.);
#15159 = CARTESIAN_POINT('',(3.8,6.));
#15160 = CARTESIAN_POINT('',(0.,6.));
#15161 = ( GEOMETRIC_REPRESENTATION_CONTEXT(2) 
PARAMETRIC_REPRESENTATION_CONTEXT() REPRESENTATION_CONTEXT('2D SPACE',''
  ) );
#15162 = PCURVE('',#15163,#15168);
#15163 = PLANE('',#15164);
#15164 = AXIS2_PLACEMENT_3D('',#15165,#15166,#15167);
#15165 = CARTESIAN_POINT('',(-6.,51.,-106.));
#15166 = DIRECTION('',(1.,0.,0.));
#15167 = DIRECTION('',(0.,0.,1.));
#15168 = DEFINITIONAL_REPRESENTATION('',(#15169),#15173);
#15169 = LINE('',#15170,#15171);
#15170 = CARTESIAN_POINT('',(3.1,-54.));
#15171 = VECTOR('',#15172,1.);
#15172 = DIRECTION('',(-1.,0.));
#15173 = ( GEOMETRIC_REPRESENTATION_CONTEXT(2) 
PARAMETRIC_REPRESENTATION_CONTEXT() REPRESENTATION_CONTEXT('2D SPACE',''
  ) );
#15174 = FACE_BOUND('',#15175,.F.);
#15175 = EDGE_LOOP('',(#15176));
#15176 = ORIENTED_EDGE('',*,*,#15177,.F.);
#15177 = EDGE_CURVE('',#15178,#15178,#15180,.T.);
#15178 = VERTEX_POINT('',#15179);
#15179 = CARTESIAN_POINT('',(4.2,105.,-90.8));
#15180 = SURFACE_CURVE('',#15181,(#15186,#15193),.PCURVE_S1.);
#15181 = CIRCLE('',#15182,4.2);
#15182 = AXIS2_PLACEMENT_3D('',#15183,#15184,#15185);
#15183 = CARTESIAN_POINT('',(0.,105.,-90.8));
#15184 = DIRECTION('',(-0.,1.,0.));
#15185 = DIRECTION('',(1.,0.,0.));
#15186 = PCURVE('',#14902,#15187);
#15187 = DEFINITIONAL_REPRESENTATION('',(#15188),#15192);
#15188 = CIRCLE('',#15189,4.2);
#15189 = AXIS2_PLACEMENT_2D('',#15190,#15191);
#15190 = CARTESIAN_POINT('',(9.,12.));
#15191 = DIRECTION('',(0.,1.));
#15192 = ( GEOMETRIC_REPRESENTATION_CONTEXT(2) 
PARAMETRIC_REPRESENTATION_CONTEXT() REPRESENTATION_CONTEXT('2D SPACE',''
  ) );
#15193 = PCURVE('',#15194,#15199);
#15194 = CYLINDRICAL_SURFACE('',#15195,4.2);
#15195 = AXIS2_PLACEMENT_3D('',#15196,#15197,#15198);
#15196 = CARTESIAN_POINT('',(0.,78.,-90.8));
#15197 = DIRECTION('',(0.,1.,0.));
#15198 = DIRECTION('',(1.,0.,0.));
#15199 = DEFINITIONAL_REPRESENTATION('',(#15200),#15204);
#15200 = LINE('',#15201,#15202);
#15201 = CARTESIAN_POINT('',(0.,27.));
#15202 = VECTOR('',#15203,1.);
#15203 = DIRECTION('',(1.,0.));
#15204 = ( GEOMETRIC_REPRESENTATION_CONTEXT(2) 
PARAMETRIC_REPRESENTATION_CONTEXT() REPRESENTATION_CONTEXT('2D SPACE',''
  ) );
#15205 = ADVANCED_FACE('',(#15206),#14984,.T.);
#15206 = FACE_BOUND('',#15207,.T.);
#15207 = EDGE_LOOP('',(#15208,#15209,#15210,#15233));
#15208 = ORIENTED_EDGE('',*,*,#14970,.F.);
#15209 = ORIENTED_EDGE('',*,*,#15023,.T.);
#15210 = ORIENTED_EDGE('',*,*,#15211,.T.);
#15211 = EDGE_CURVE('',#15024,#15212,#15214,.T.);
#15212 = VERTEX_POINT('',#15213);
#15213 = CARTESIAN_POINT('',(12.,135.,-81.8));
#15214 = SURFACE_CURVE('',#15215,(#15219,#15226),.PCURVE_S1.);
#15215 = LINE('',#15216,#15217);
#15216 = CARTESIAN_POINT('',(12.,105.,-81.8));
#15217 = VECTOR('',#15218,1.);
#15218 = DIRECTION('',(0.,1.,0.));
#15219 = PCURVE('',#14984,#15220);
#15220 = DEFINITIONAL_REPRESENTATION('',(#15221),#15225);
#15221 = LINE('',#15222,#15223);
#15222 = CARTESIAN_POINT('',(24.,0.));
#15223 = VECTOR('',#15224,1.);
#15224 = DIRECTION('',(0.,1.));
#15225 = ( GEOMETRIC_REPRESENTATION_CONTEXT(2) 
PARAMETRIC_REPRESENTATION_CONTEXT() REPRESENTATION_CONTEXT('2D SPACE',''
  ) );
#15226 = PCURVE('',#15062,#15227);
#15227 = DEFINITIONAL_REPRESENTATION('',(#15228),#15232);
#15228 = LINE('',#15229,#15230);
#15229 = CARTESIAN_POINT('',(18.,0.));
#15230 = VECTOR('',#15231,1.);
#15231 = DIRECTION('',(0.,-1.));
#15232 = ( GEOMETRIC_REPRESENTATION_CONTEXT(2) 
PARAMETRIC_REPRESENTATION_CONTEXT() REPRESENTATION_CONTEXT('2D SPACE',''
  ) );
#15233 = ORIENTED_EDGE('',*,*,#15234,.F.);
#15234 = EDGE_CURVE('',#14943,#15212,#15235,.T.);
#15235 = SURFACE_CURVE('',#15236,(#15240,#15247),.PCURVE_S1.);
#15236 = LINE('',#15237,#15238);
#15237 = CARTESIAN_POINT('',(-12.,135.,-81.8));
#15238 = VECTOR('',#15239,1.);
#15239 = DIRECTION('',(1.,0.,0.));
#15240 = PCURVE('',#14984,#15241);
#15241 = DEFINITIONAL_REPRESENTATION('',(#15242),#15246);
#15242 = LINE('',#15243,#15244);
#15243 = CARTESIAN_POINT('',(0.,30.));
#15244 = VECTOR('',#15245,1.);
#15245 = DIRECTION('',(1.,0.));
#15246 = ( GEOMETRIC_REPRESENTATION_CONTEXT(2) 
PARAMETRIC_REPRESENTATION_CONTEXT() REPRESENTATION_CONTEXT('2D SPACE',''
  ) );
#15247 = PCURVE('',#14958,#15248);
#15248 = DEFINITIONAL_REPRESENTATION('',(#15249),#15253);
#15249 = LINE('',#15250,#15251);
#15250 = CARTESIAN_POINT('',(18.,0.));
#15251 = VECTOR('',#15252,1.);
#15252 = DIRECTION('',(0.,1.));
#15253 = ( GEOMETRIC_REPRESENTATION_CONTEXT(2) 
PARAMETRIC_REPRESENTATION_CONTEXT() REPRESENTATION_CONTEXT('2D SPACE',''
  ) );
#15254 = ADVANCED_FACE('',(#15255,#15303),#14958,.T.);
#15255 = FACE_BOUND('',#15256,.T.);
#15256 = EDGE_LOOP('',(#15257,#15280,#15281,#15282));
#15257 = ORIENTED_EDGE('',*,*,#15258,.F.);
#15258 = EDGE_CURVE('',#14915,#15259,#15261,.T.);
#15259 = VERTEX_POINT('',#15260);
#15260 = CARTESIAN_POINT('',(12.,135.,-99.8));
#15261 = SURFACE_CURVE('',#15262,(#15266,#15273),.PCURVE_S1.);
#15262 = LINE('',#15263,#15264);
#15263 = CARTESIAN_POINT('',(-12.,135.,-99.8));
#15264 = VECTOR('',#15265,1.);
#15265 = DIRECTION('',(1.,0.,0.));
#15266 = PCURVE('',#14958,#15267);
#15267 = DEFINITIONAL_REPRESENTATION('',(#15268),#15272);
#15268 = LINE('',#15269,#15270);
#15269 = CARTESIAN_POINT('',(0.,0.));
#15270 = VECTOR('',#15271,1.);
#15271 = DIRECTION('',(0.,1.));
#15272 = ( GEOMETRIC_REPRESENTATION_CONTEXT(2) 
PARAMETRIC_REPRESENTATION_CONTEXT() REPRESENTATION_CONTEXT('2D SPACE',''
  ) );
#15273 = PCURVE('',#14930,#15274);
#15274 = DEFINITIONAL_REPRESENTATION('',(#15275),#15279);
#15275 = LINE('',#15276,#15277);
#15276 = CARTESIAN_POINT('',(0.,30.));
#15277 = VECTOR('',#15278,1.);
#15278 = DIRECTION('',(1.,0.));
#15279 = ( GEOMETRIC_REPRESENTATION_CONTEXT(2) 
PARAMETRIC_REPRESENTATION_CONTEXT() REPRESENTATION_CONTEXT('2D SPACE',''
  ) );
#15280 = ORIENTED_EDGE('',*,*,#14942,.T.);
#15281 = ORIENTED_EDGE('',*,*,#15234,.T.);
#15282 = ORIENTED_EDGE('',*,*,#15283,.F.);
#15283 = EDGE_CURVE('',#15259,#15212,#15284,.T.);
#15284 = SURFACE_CURVE('',#15285,(#15289,#15296),.PCURVE_S1.);
#15285 = LINE('',#15286,#15287);
#15286 = CARTESIAN_POINT('',(12.,135.,-99.8));
#15287 = VECTOR('',#15288,1.);
#15288 = DIRECTION('',(0.,0.,1.));
#15289 = PCURVE('',#14958,#15290);
#15290 = DEFINITIONAL_REPRESENTATION('',(#15291),#15295);
#15291 = LINE('',#15292,#15293);
#15292 = CARTESIAN_POINT('',(0.,24.));
#15293 = VECTOR('',#15294,1.);
#15294 = DIRECTION('',(1.,0.));
#15295 = ( GEOMETRIC_REPRESENTATION_CONTEXT(2) 
PARAMETRIC_REPRESENTATION_CONTEXT() REPRESENTATION_CONTEXT('2D SPACE',''
  ) );
#15296 = PCURVE('',#15062,#15297);
#15297 = DEFINITIONAL_REPRESENTATION('',(#15298),#15302);
#15298 = LINE('',#15299,#15300);
#15299 = CARTESIAN_POINT('',(0.,-30.));
#15300 = VECTOR('',#15301,1.);
#15301 = DIRECTION('',(1.,0.));
#15302 = ( GEOMETRIC_REPRESENTATION_CONTEXT(2) 
PARAMETRIC_REPRESENTATION_CONTEXT() REPRESENTATION_CONTEXT('2D SPACE',''
  ) );
#15303 = FACE_BOUND('',#15304,.T.);
#15304 = EDGE_LOOP('',(#15305));
#15305 = ORIENTED_EDGE('',*,*,#15306,.F.);
#15306 = EDGE_CURVE('',#15307,#15307,#15309,.T.);
#15307 = VERTEX_POINT('',#15308);
#15308 = CARTESIAN_POINT('',(4.2,135.,-90.8));
#15309 = SURFACE_CURVE('',#15310,(#15315,#15322),.PCURVE_S1.);
#15310 = CIRCLE('',#15311,4.2);
#15311 = AXIS2_PLACEMENT_3D('',#15312,#15313,#15314);
#15312 = CARTESIAN_POINT('',(0.,135.,-90.8));
#15313 = DIRECTION('',(-0.,1.,0.));
#15314 = DIRECTION('',(1.,0.,0.));
#15315 = PCURVE('',#14958,#15316);
#15316 = DEFINITIONAL_REPRESENTATION('',(#15317),#15321);
#15317 = CIRCLE('',#15318,4.2);
#15318 = AXIS2_PLACEMENT_2D('',#15319,#15320);
#15319 = CARTESIAN_POINT('',(9.,12.));
#15320 = DIRECTION('',(0.,1.));
#15321 = ( GEOMETRIC_REPRESENTATION_CONTEXT(2) 
PARAMETRIC_REPRESENTATION_CONTEXT() REPRESENTATION_CONTEXT('2D SPACE',''
  ) );
#15322 = PCURVE('',#15194,#15323);
#15323 = DEFINITIONAL_REPRESENTATION('',(#15324),#15328);
#15324 = LINE('',#15325,#15326);
#15325 = CARTESIAN_POINT('',(0.,57.));
#15326 = VECTOR('',#15327,1.);
#15327 = DIRECTION('',(1.,0.));
#15328 = ( GEOMETRIC_REPRESENTATION_CONTEXT(2) 
PARAMETRIC_REPRESENTATION_CONTEXT() REPRESENTATION_CONTEXT('2D SPACE',''
  ) );
#15329 = ADVANCED_FACE('',(#15330),#14930,.F.);
#15330 = FACE_BOUND('',#15331,.F.);
#15331 = EDGE_LOOP('',(#15332,#15333,#15334,#15335,#15357,#15383,#15403,
    #15404));
#15332 = ORIENTED_EDGE('',*,*,#15258,.F.);
#15333 = ORIENTED_EDGE('',*,*,#14914,.F.);
#15334 = ORIENTED_EDGE('',*,*,#14999,.T.);
#15335 = ORIENTED_EDGE('',*,*,#15336,.T.);
#15336 = EDGE_CURVE('',#15000,#15337,#15339,.T.);
#15337 = VERTEX_POINT('',#15338);
#15338 = CARTESIAN_POINT('',(-6.,111.,-99.8));
#15339 = SURFACE_CURVE('',#15340,(#15344,#15350),.PCURVE_S1.);
#15340 = LINE('',#15341,#15342);
#15341 = CARTESIAN_POINT('',(-6.,78.,-99.8));
#15342 = VECTOR('',#15343,1.);
#15343 = DIRECTION('',(0.,1.,0.));
#15344 = PCURVE('',#14930,#15345);
#15345 = DEFINITIONAL_REPRESENTATION('',(#15346),#15349);
#15346 = B_SPLINE_CURVE_WITH_KNOTS('',1,(#15347,#15348),.UNSPECIFIED.,
  .F.,.F.,(2,2),(27.,33.),.PIECEWISE_BEZIER_KNOTS.);
#15347 = CARTESIAN_POINT('',(6.,0.));
#15348 = CARTESIAN_POINT('',(6.,6.));
#15349 = ( GEOMETRIC_REPRESENTATION_CONTEXT(2) 
PARAMETRIC_REPRESENTATION_CONTEXT() REPRESENTATION_CONTEXT('2D SPACE',''
  ) );
#15350 = PCURVE('',#15163,#15351);
#15351 = DEFINITIONAL_REPRESENTATION('',(#15352),#15356);
#15352 = LINE('',#15353,#15354);
#15353 = CARTESIAN_POINT('',(6.2,-27.));
#15354 = VECTOR('',#15355,1.);
#15355 = DIRECTION('',(0.,-1.));
#15356 = ( GEOMETRIC_REPRESENTATION_CONTEXT(2) 
PARAMETRIC_REPRESENTATION_CONTEXT() REPRESENTATION_CONTEXT('2D SPACE',''
  ) );
#15357 = ORIENTED_EDGE('',*,*,#15358,.F.);
#15358 = EDGE_CURVE('',#15359,#15337,#15361,.T.);
#15359 = VERTEX_POINT('',#15360);
#15360 = CARTESIAN_POINT('',(6.,111.,-99.8));
#15361 = SURFACE_CURVE('',#15362,(#15366,#15372),.PCURVE_S1.);
#15362 = LINE('',#15363,#15364);
#15363 = CARTESIAN_POINT('',(-9.,111.,-99.8));
#15364 = VECTOR('',#15365,1.);
#15365 = DIRECTION('',(-1.,0.,0.));
#15366 = PCURVE('',#14930,#15367);
#15367 = DEFINITIONAL_REPRESENTATION('',(#15368),#15371);
#15368 = B_SPLINE_CURVE_WITH_KNOTS('',1,(#15369,#15370),.UNSPECIFIED.,
  .F.,.F.,(2,2),(-15.,-3.),.PIECEWISE_BEZIER_KNOTS.);
#15369 = CARTESIAN_POINT('',(18.,6.));
#15370 = CARTESIAN_POINT('',(6.,6.));
#15371 = ( GEOMETRIC_REPRESENTATION_CONTEXT(2) 
PARAMETRIC_REPRESENTATION_CONTEXT() REPRESENTATION_CONTEXT('2D SPACE',''
  ) );
#15372 = PCURVE('',#15373,#15378);
#15373 = PLANE('',#15374);
#15374 = AXIS2_PLACEMENT_3D('',#15375,#15376,#15377);
#15375 = CARTESIAN_POINT('',(-6.,111.,-106.));
#15376 = DIRECTION('',(0.,1.,0.));
#15377 = DIRECTION('',(0.,0.,1.));
#15378 = DEFINITIONAL_REPRESENTATION('',(#15379),#15382);
#15379 = B_SPLINE_CURVE_WITH_KNOTS('',1,(#15380,#15381),.UNSPECIFIED.,
  .F.,.F.,(2,2),(-15.,-3.),.PIECEWISE_BEZIER_KNOTS.);
#15380 = CARTESIAN_POINT('',(6.2,12.));
#15381 = CARTESIAN_POINT('',(6.2,0.));
#15382 = ( GEOMETRIC_REPRESENTATION_CONTEXT(2) 
PARAMETRIC_REPRESENTATION_CONTEXT() REPRESENTATION_CONTEXT('2D SPACE',''
  ) );
#15383 = ORIENTED_EDGE('',*,*,#15384,.F.);
#15384 = EDGE_CURVE('',#15075,#15359,#15385,.T.);
#15385 = SURFACE_CURVE('',#15386,(#15390,#15396),.PCURVE_S1.);
#15386 = LINE('',#15387,#15388);
#15387 = CARTESIAN_POINT('',(6.,78.,-99.8));
#15388 = VECTOR('',#15389,1.);
#15389 = DIRECTION('',(0.,1.,0.));
#15390 = PCURVE('',#14930,#15391);
#15391 = DEFINITIONAL_REPRESENTATION('',(#15392),#15395);
#15392 = B_SPLINE_CURVE_WITH_KNOTS('',1,(#15393,#15394),.UNSPECIFIED.,
  .F.,.F.,(2,2),(27.,33.),.PIECEWISE_BEZIER_KNOTS.);
#15393 = CARTESIAN_POINT('',(18.,0.));
#15394 = CARTESIAN_POINT('',(18.,6.));
#15395 = ( GEOMETRIC_REPRESENTATION_CONTEXT(2) 
PARAMETRIC_REPRESENTATION_CONTEXT() REPRESENTATION_CONTEXT('2D SPACE',''
  ) );
#15396 = PCURVE('',#15112,#15397);
#15397 = DEFINITIONAL_REPRESENTATION('',(#15398),#15402);
#15398 = LINE('',#15399,#15400);
#15399 = CARTESIAN_POINT('',(6.2,-27.));
#15400 = VECTOR('',#15401,1.);
#15401 = DIRECTION('',(0.,-1.));
#15402 = ( GEOMETRIC_REPRESENTATION_CONTEXT(2) 
PARAMETRIC_REPRESENTATION_CONTEXT() REPRESENTATION_CONTEXT('2D SPACE',''
  ) );
#15403 = ORIENTED_EDGE('',*,*,#15074,.T.);
#15404 = ORIENTED_EDGE('',*,*,#15405,.T.);
#15405 = EDGE_CURVE('',#15047,#15259,#15406,.T.);
#15406 = SURFACE_CURVE('',#15407,(#15411,#15418),.PCURVE_S1.);
#15407 = LINE('',#15408,#15409);
#15408 = CARTESIAN_POINT('',(12.,105.,-99.8));
#15409 = VECTOR('',#15410,1.);
#15410 = DIRECTION('',(0.,1.,0.));
#15411 = PCURVE('',#14930,#15412);
#15412 = DEFINITIONAL_REPRESENTATION('',(#15413),#15417);
#15413 = LINE('',#15414,#15415);
#15414 = CARTESIAN_POINT('',(24.,0.));
#15415 = VECTOR('',#15416,1.);
#15416 = DIRECTION('',(0.,1.));
#15417 = ( GEOMETRIC_REPRESENTATION_CONTEXT(2) 
PARAMETRIC_REPRESENTATION_CONTEXT() REPRESENTATION_CONTEXT('2D SPACE',''
  ) );
#15418 = PCURVE('',#15062,#15419);
#15419 = DEFINITIONAL_REPRESENTATION('',(#15420),#15424);
#15420 = LINE('',#15421,#15422);
#15421 = CARTESIAN_POINT('',(0.,0.));
#15422 = VECTOR('',#15423,1.);
#15423 = DIRECTION('',(0.,-1.));
#15424 = ( GEOMETRIC_REPRESENTATION_CONTEXT(2) 
PARAMETRIC_REPRESENTATION_CONTEXT() REPRESENTATION_CONTEXT('2D SPACE',''
  ) );
#15425 = ADVANCED_FACE('',(#15426),#15163,.F.);
#15426 = FACE_BOUND('',#15427,.F.);
#15427 = EDGE_LOOP('',(#15428,#15458,#15486,#15507,#15508,#15509,#15532,
    #15560,#15587,#15613,#15639,#15665));
#15428 = ORIENTED_EDGE('',*,*,#15429,.F.);
#15429 = EDGE_CURVE('',#15430,#15432,#15434,.T.);
#15430 = VERTEX_POINT('',#15431);
#15431 = CARTESIAN_POINT('',(-6.,51.,-106.));
#15432 = VERTEX_POINT('',#15433);
#15433 = CARTESIAN_POINT('',(-6.,51.,-13.9));
#15434 = SURFACE_CURVE('',#15435,(#15439,#15446),.PCURVE_S1.);
#15435 = LINE('',#15436,#15437);
#15436 = CARTESIAN_POINT('',(-6.,51.,-106.));
#15437 = VECTOR('',#15438,1.);
#15438 = DIRECTION('',(0.,0.,1.));
#15439 = PCURVE('',#15163,#15440);
#15440 = DEFINITIONAL_REPRESENTATION('',(#15441),#15445);
#15441 = LINE('',#15442,#15443);
#15442 = CARTESIAN_POINT('',(0.,0.));
#15443 = VECTOR('',#15444,1.);
#15444 = DIRECTION('',(1.,0.));
#15445 = ( GEOMETRIC_REPRESENTATION_CONTEXT(2) 
PARAMETRIC_REPRESENTATION_CONTEXT() REPRESENTATION_CONTEXT('2D SPACE',''
  ) );
#15446 = PCURVE('',#15447,#15452);
#15447 = PLANE('',#15448);
#15448 = AXIS2_PLACEMENT_3D('',#15449,#15450,#15451);
#15449 = CARTESIAN_POINT('',(-6.,51.,-106.));
#15450 = DIRECTION('',(0.,1.,0.));
#15451 = DIRECTION('',(0.,0.,1.));
#15452 = DEFINITIONAL_REPRESENTATION('',(#15453),#15457);
#15453 = LINE('',#15454,#15455);
#15454 = CARTESIAN_POINT('',(0.,0.));
#15455 = VECTOR('',#15456,1.);
#15456 = DIRECTION('',(1.,0.));
#15457 = ( GEOMETRIC_REPRESENTATION_CONTEXT(2) 
PARAMETRIC_REPRESENTATION_CONTEXT() REPRESENTATION_CONTEXT('2D SPACE',''
  ) );
#15458 = ORIENTED_EDGE('',*,*,#15459,.T.);
#15459 = EDGE_CURVE('',#15430,#15460,#15462,.T.);
#15460 = VERTEX_POINT('',#15461);
#15461 = CARTESIAN_POINT('',(-6.,111.,-106.));
#15462 = SURFACE_CURVE('',#15463,(#15467,#15474),.PCURVE_S1.);
#15463 = LINE('',#15464,#15465);
#15464 = CARTESIAN_POINT('',(-6.,51.,-106.));
#15465 = VECTOR('',#15466,1.);
#15466 = DIRECTION('',(0.,1.,0.));
#15467 = PCURVE('',#15163,#15468);
#15468 = DEFINITIONAL_REPRESENTATION('',(#15469),#15473);
#15469 = LINE('',#15470,#15471);
#15470 = CARTESIAN_POINT('',(0.,0.));
#15471 = VECTOR('',#15472,1.);
#15472 = DIRECTION('',(0.,-1.));
#15473 = ( GEOMETRIC_REPRESENTATION_CONTEXT(2) 
PARAMETRIC_REPRESENTATION_CONTEXT() REPRESENTATION_CONTEXT('2D SPACE',''
  ) );
#15474 = PCURVE('',#15475,#15480);
#15475 = PLANE('',#15476);
#15476 = AXIS2_PLACEMENT_3D('',#15477,#15478,#15479);
#15477 = CARTESIAN_POINT('',(-6.,51.,-106.));
#15478 = DIRECTION('',(0.,0.,1.));
#15479 = DIRECTION('',(1.,0.,0.));
#15480 = DEFINITIONAL_REPRESENTATION('',(#15481),#15485);
#15481 = LINE('',#15482,#15483);
#15482 = CARTESIAN_POINT('',(0.,0.));
#15483 = VECTOR('',#15484,1.);
#15484 = DIRECTION('',(0.,1.));
#15485 = ( GEOMETRIC_REPRESENTATION_CONTEXT(2) 
PARAMETRIC_REPRESENTATION_CONTEXT() REPRESENTATION_CONTEXT('2D SPACE',''
  ) );
#15486 = ORIENTED_EDGE('',*,*,#15487,.T.);
#15487 = EDGE_CURVE('',#15460,#15337,#15488,.T.);
#15488 = SURFACE_CURVE('',#15489,(#15493,#15500),.PCURVE_S1.);
#15489 = LINE('',#15490,#15491);
#15490 = CARTESIAN_POINT('',(-6.,111.,-106.));
#15491 = VECTOR('',#15492,1.);
#15492 = DIRECTION('',(0.,0.,1.));
#15493 = PCURVE('',#15163,#15494);
#15494 = DEFINITIONAL_REPRESENTATION('',(#15495),#15499);
#15495 = LINE('',#15496,#15497);
#15496 = CARTESIAN_POINT('',(0.,-60.));
#15497 = VECTOR('',#15498,1.);
#15498 = DIRECTION('',(1.,0.));
#15499 = ( GEOMETRIC_REPRESENTATION_CONTEXT(2) 
PARAMETRIC_REPRESENTATION_CONTEXT() REPRESENTATION_CONTEXT('2D SPACE',''
  ) );
#15500 = PCURVE('',#15373,#15501);
#15501 = DEFINITIONAL_REPRESENTATION('',(#15502),#15506);
#15502 = LINE('',#15503,#15504);
#15503 = CARTESIAN_POINT('',(0.,0.));
#15504 = VECTOR('',#15505,1.);
#15505 = DIRECTION('',(1.,0.));
#15506 = ( GEOMETRIC_REPRESENTATION_CONTEXT(2) 
PARAMETRIC_REPRESENTATION_CONTEXT() REPRESENTATION_CONTEXT('2D SPACE',''
  ) );
#15507 = ORIENTED_EDGE('',*,*,#15336,.F.);
#15508 = ORIENTED_EDGE('',*,*,#15150,.F.);
#15509 = ORIENTED_EDGE('',*,*,#15510,.F.);
#15510 = EDGE_CURVE('',#15511,#15125,#15513,.T.);
#15511 = VERTEX_POINT('',#15512);
#15512 = CARTESIAN_POINT('',(-6.,61.,-96.));
#15513 = SURFACE_CURVE('',#15514,(#15518,#15525),.PCURVE_S1.);
#15514 = LINE('',#15515,#15516);
#15515 = CARTESIAN_POINT('',(-6.,51.,-96.));
#15516 = VECTOR('',#15517,1.);
#15517 = DIRECTION('',(0.,1.,0.));
#15518 = PCURVE('',#15163,#15519);
#15519 = DEFINITIONAL_REPRESENTATION('',(#15520),#15524);
#15520 = LINE('',#15521,#15522);
#15521 = CARTESIAN_POINT('',(10.,0.));
#15522 = VECTOR('',#15523,1.);
#15523 = DIRECTION('',(0.,-1.));
#15524 = ( GEOMETRIC_REPRESENTATION_CONTEXT(2) 
PARAMETRIC_REPRESENTATION_CONTEXT() REPRESENTATION_CONTEXT('2D SPACE',''
  ) );
#15525 = PCURVE('',#15139,#15526);
#15526 = DEFINITIONAL_REPRESENTATION('',(#15527),#15531);
#15527 = LINE('',#15528,#15529);
#15528 = CARTESIAN_POINT('',(0.,0.));
#15529 = VECTOR('',#15530,1.);
#15530 = DIRECTION('',(0.,1.));
#15531 = ( GEOMETRIC_REPRESENTATION_CONTEXT(2) 
PARAMETRIC_REPRESENTATION_CONTEXT() REPRESENTATION_CONTEXT('2D SPACE',''
  ) );
#15532 = ORIENTED_EDGE('',*,*,#15533,.T.);
#15533 = EDGE_CURVE('',#15511,#15534,#15536,.T.);
#15534 = VERTEX_POINT('',#15535);
#15535 = CARTESIAN_POINT('',(-6.,61.,10.));
#15536 = SURFACE_CURVE('',#15537,(#15541,#15548),.PCURVE_S1.);
#15537 = LINE('',#15538,#15539);
#15538 = CARTESIAN_POINT('',(-6.,61.,-101.));
#15539 = VECTOR('',#15540,1.);
#15540 = DIRECTION('',(0.,0.,1.));
#15541 = PCURVE('',#15163,#15542);
#15542 = DEFINITIONAL_REPRESENTATION('',(#15543),#15547);
#15543 = LINE('',#15544,#15545);
#15544 = CARTESIAN_POINT('',(5.,-10.));
#15545 = VECTOR('',#15546,1.);
#15546 = DIRECTION('',(1.,0.));
#15547 = ( GEOMETRIC_REPRESENTATION_CONTEXT(2) 
PARAMETRIC_REPRESENTATION_CONTEXT() REPRESENTATION_CONTEXT('2D SPACE',''
  ) );
#15548 = PCURVE('',#15549,#15554);
#15549 = PLANE('',#15550);
#15550 = AXIS2_PLACEMENT_3D('',#15551,#15552,#15553);
#15551 = CARTESIAN_POINT('',(-6.,61.,-101.));
#15552 = DIRECTION('',(0.,1.,0.));
#15553 = DIRECTION('',(0.,0.,1.));
#15554 = DEFINITIONAL_REPRESENTATION('',(#15555),#15559);
#15555 = LINE('',#15556,#15557);
#15556 = CARTESIAN_POINT('',(0.,0.));
#15557 = VECTOR('',#15558,1.);
#15558 = DIRECTION('',(1.,0.));
#15559 = ( GEOMETRIC_REPRESENTATION_CONTEXT(2) 
PARAMETRIC_REPRESENTATION_CONTEXT() REPRESENTATION_CONTEXT('2D SPACE',''
  ) );
#15560 = ORIENTED_EDGE('',*,*,#15561,.T.);
#15561 = EDGE_CURVE('',#15534,#15562,#15564,.T.);
#15562 = VERTEX_POINT('',#15563);
#15563 = CARTESIAN_POINT('',(-6.,56.281080302354,10.));
#15564 = SURFACE_CURVE('',#15565,(#15569,#15576),.PCURVE_S1.);
#15565 = LINE('',#15566,#15567);
#15566 = CARTESIAN_POINT('',(-6.,25.5,10.));
#15567 = VECTOR('',#15568,1.);
#15568 = DIRECTION('',(0.,-1.,0.));
#15569 = PCURVE('',#15163,#15570);
#15570 = DEFINITIONAL_REPRESENTATION('',(#15571),#15575);
#15571 = LINE('',#15572,#15573);
#15572 = CARTESIAN_POINT('',(116.,25.5));
#15573 = VECTOR('',#15574,1.);
#15574 = DIRECTION('',(0.,1.));
#15575 = ( GEOMETRIC_REPRESENTATION_CONTEXT(2) 
PARAMETRIC_REPRESENTATION_CONTEXT() REPRESENTATION_CONTEXT('2D SPACE',''
  ) );
#15576 = PCURVE('',#15577,#15582);
#15577 = PLANE('',#15578);
#15578 = AXIS2_PLACEMENT_3D('',#15579,#15580,#15581);
#15579 = CARTESIAN_POINT('',(0.,0.,10.));
#15580 = DIRECTION('',(0.,0.,1.));
#15581 = DIRECTION('',(1.,0.,-0.));
#15582 = DEFINITIONAL_REPRESENTATION('',(#15583),#15586);
#15583 = B_SPLINE_CURVE_WITH_KNOTS('',1,(#15584,#15585),.UNSPECIFIED.,
  .F.,.F.,(2,2),(-35.5,-25.5),.PIECEWISE_BEZIER_KNOTS.);
#15584 = CARTESIAN_POINT('',(-6.,61.));
#15585 = CARTESIAN_POINT('',(-6.,51.));
#15586 = ( GEOMETRIC_REPRESENTATION_CONTEXT(2) 
PARAMETRIC_REPRESENTATION_CONTEXT() REPRESENTATION_CONTEXT('2D SPACE',''
  ) );
#15587 = ORIENTED_EDGE('',*,*,#15588,.F.);
#15588 = EDGE_CURVE('',#15589,#15562,#15591,.T.);
#15589 = VERTEX_POINT('',#15590);
#15590 = CARTESIAN_POINT('',(-6.,56.281080302354,0.));
#15591 = SURFACE_CURVE('',#15592,(#15596,#15602),.PCURVE_S1.);
#15592 = LINE('',#15593,#15594);
#15593 = CARTESIAN_POINT('',(-6.,56.281080302354,0.));
#15594 = VECTOR('',#15595,1.);
#15595 = DIRECTION('',(0.,0.,1.));
#15596 = PCURVE('',#15163,#15597);
#15597 = DEFINITIONAL_REPRESENTATION('',(#15598),#15601);
#15598 = B_SPLINE_CURVE_WITH_KNOTS('',1,(#15599,#15600),.UNSPECIFIED.,
  .F.,.F.,(2,2),(-6.E-07,27.1),.PIECEWISE_BEZIER_KNOTS.);
#15599 = CARTESIAN_POINT('',(105.9999994,-5.281080302354));
#15600 = CARTESIAN_POINT('',(133.1,-5.281080302354));
#15601 = ( GEOMETRIC_REPRESENTATION_CONTEXT(2) 
PARAMETRIC_REPRESENTATION_CONTEXT() REPRESENTATION_CONTEXT('2D SPACE',''
  ) );
#15602 = PCURVE('',#15603,#15608);
#15603 = CYLINDRICAL_SURFACE('',#15604,56.6);
#15604 = AXIS2_PLACEMENT_3D('',#15605,#15606,#15607);
#15605 = CARTESIAN_POINT('',(0.,0.,0.));
#15606 = DIRECTION('',(0.,0.,1.));
#15607 = DIRECTION('',(1.,0.,-0.));
#15608 = DEFINITIONAL_REPRESENTATION('',(#15609),#15612);
#15609 = B_SPLINE_CURVE_WITH_KNOTS('',1,(#15610,#15611),.UNSPECIFIED.,
  .F.,.F.,(2,2),(-6.E-07,27.1),.PIECEWISE_BEZIER_KNOTS.);
#15610 = CARTESIAN_POINT('',(1.677002947077,-6.E-07));
#15611 = CARTESIAN_POINT('',(1.677002947077,27.1));
#15612 = ( GEOMETRIC_REPRESENTATION_CONTEXT(2) 
PARAMETRIC_REPRESENTATION_CONTEXT() REPRESENTATION_CONTEXT('2D SPACE',''
  ) );
#15613 = ORIENTED_EDGE('',*,*,#15614,.F.);
#15614 = EDGE_CURVE('',#15615,#15589,#15617,.T.);
#15615 = VERTEX_POINT('',#15616);
#15616 = CARTESIAN_POINT('',(-6.,57.437465995637,0.));
#15617 = SURFACE_CURVE('',#15618,(#15622,#15628),.PCURVE_S1.);
#15618 = LINE('',#15619,#15620);
#15619 = CARTESIAN_POINT('',(-6.,25.5,0.));
#15620 = VECTOR('',#15621,1.);
#15621 = DIRECTION('',(0.,-1.,0.));
#15622 = PCURVE('',#15163,#15623);
#15623 = DEFINITIONAL_REPRESENTATION('',(#15624),#15627);
#15624 = B_SPLINE_CURVE_WITH_KNOTS('',1,(#15625,#15626),.UNSPECIFIED.,
  .F.,.F.,(2,2),(-32.25,-25.5),.PIECEWISE_BEZIER_KNOTS.);
#15625 = CARTESIAN_POINT('',(106.,-6.75));
#15626 = CARTESIAN_POINT('',(106.,0.));
#15627 = ( GEOMETRIC_REPRESENTATION_CONTEXT(2) 
PARAMETRIC_REPRESENTATION_CONTEXT() REPRESENTATION_CONTEXT('2D SPACE',''
  ) );
#15628 = PCURVE('',#15629,#15634);
#15629 = PLANE('',#15630);
#15630 = AXIS2_PLACEMENT_3D('',#15631,#15632,#15633);
#15631 = CARTESIAN_POINT('',(0.,0.,0.));
#15632 = DIRECTION('',(0.,0.,1.));
#15633 = DIRECTION('',(1.,0.,-0.));
#15634 = DEFINITIONAL_REPRESENTATION('',(#15635),#15638);
#15635 = B_SPLINE_CURVE_WITH_KNOTS('',1,(#15636,#15637),.UNSPECIFIED.,
  .F.,.F.,(2,2),(-32.25,-25.5),.PIECEWISE_BEZIER_KNOTS.);
#15636 = CARTESIAN_POINT('',(-6.,57.75));
#15637 = CARTESIAN_POINT('',(-6.,51.));
#15638 = ( GEOMETRIC_REPRESENTATION_CONTEXT(2) 
PARAMETRIC_REPRESENTATION_CONTEXT() REPRESENTATION_CONTEXT('2D SPACE',''
  ) );
#15639 = ORIENTED_EDGE('',*,*,#15640,.F.);
#15640 = EDGE_CURVE('',#15641,#15615,#15643,.T.);
#15641 = VERTEX_POINT('',#15642);
#15642 = CARTESIAN_POINT('',(-6.,57.437465995637,-13.9));
#15643 = SURFACE_CURVE('',#15644,(#15648,#15654),.PCURVE_S1.);
#15644 = LINE('',#15645,#15646);
#15645 = CARTESIAN_POINT('',(-6.,57.437465995637,-13.9));
#15646 = VECTOR('',#15647,1.);
#15647 = DIRECTION('',(0.,0.,1.));
#15648 = PCURVE('',#15163,#15649);
#15649 = DEFINITIONAL_REPRESENTATION('',(#15650),#15653);
#15650 = B_SPLINE_CURVE_WITH_KNOTS('',1,(#15651,#15652),.UNSPECIFIED.,
  .F.,.F.,(2,2),(-5.999999999062E-07,13.9000006),
  .PIECEWISE_BEZIER_KNOTS.);
#15651 = CARTESIAN_POINT('',(92.0999994,-6.437465995637));
#15652 = CARTESIAN_POINT('',(106.0000006,-6.437465995637));
#15653 = ( GEOMETRIC_REPRESENTATION_CONTEXT(2) 
PARAMETRIC_REPRESENTATION_CONTEXT() REPRESENTATION_CONTEXT('2D SPACE',''
  ) );
#15654 = PCURVE('',#15655,#15660);
#15655 = CYLINDRICAL_SURFACE('',#15656,57.75);
#15656 = AXIS2_PLACEMENT_3D('',#15657,#15658,#15659);
#15657 = CARTESIAN_POINT('',(0.,0.,-13.9));
#15658 = DIRECTION('',(0.,0.,1.));
#15659 = DIRECTION('',(1.,0.,-0.));
#15660 = DEFINITIONAL_REPRESENTATION('',(#15661),#15664);
#15661 = B_SPLINE_CURVE_WITH_KNOTS('',1,(#15662,#15663),.UNSPECIFIED.,
  .F.,.F.,(2,2),(-5.999999999062E-07,13.9000006),
  .PIECEWISE_BEZIER_KNOTS.);
#15662 = CARTESIAN_POINT('',(1.674880260533,-5.999999999062E-07));
#15663 = CARTESIAN_POINT('',(1.674880260533,13.9000006));
#15664 = ( GEOMETRIC_REPRESENTATION_CONTEXT(2) 
PARAMETRIC_REPRESENTATION_CONTEXT() REPRESENTATION_CONTEXT('2D SPACE',''
  ) );
#15665 = ORIENTED_EDGE('',*,*,#15666,.T.);
#15666 = EDGE_CURVE('',#15641,#15432,#15667,.T.);
#15667 = SURFACE_CURVE('',#15668,(#15672,#15678),.PCURVE_S1.);
#15668 = LINE('',#15669,#15670);
#15669 = CARTESIAN_POINT('',(-6.,25.5,-13.9));
#15670 = VECTOR('',#15671,1.);
#15671 = DIRECTION('',(0.,-1.,0.));
#15672 = PCURVE('',#15163,#15673);
#15673 = DEFINITIONAL_REPRESENTATION('',(#15674),#15677);
#15674 = B_SPLINE_CURVE_WITH_KNOTS('',1,(#15675,#15676),.UNSPECIFIED.,
  .F.,.F.,(2,2),(-32.25,-25.5),.PIECEWISE_BEZIER_KNOTS.);
#15675 = CARTESIAN_POINT('',(92.1,-6.75));
#15676 = CARTESIAN_POINT('',(92.1,0.));
#15677 = ( GEOMETRIC_REPRESENTATION_CONTEXT(2) 
PARAMETRIC_REPRESENTATION_CONTEXT() REPRESENTATION_CONTEXT('2D SPACE',''
  ) );
#15678 = PCURVE('',#15679,#15684);
#15679 = PLANE('',#15680);
#15680 = AXIS2_PLACEMENT_3D('',#15681,#15682,#15683);
#15681 = CARTESIAN_POINT('',(0.,0.,-13.9));
#15682 = DIRECTION('',(0.,0.,1.));
#15683 = DIRECTION('',(1.,0.,-0.));
#15684 = DEFINITIONAL_REPRESENTATION('',(#15685),#15688);
#15685 = B_SPLINE_CURVE_WITH_KNOTS('',1,(#15686,#15687),.UNSPECIFIED.,
  .F.,.F.,(2,2),(-32.25,-25.5),.PIECEWISE_BEZIER_KNOTS.);
#15686 = CARTESIAN_POINT('',(-6.,57.75));
#15687 = CARTESIAN_POINT('',(-6.,51.));
#15688 = ( GEOMETRIC_REPRESENTATION_CONTEXT(2) 
PARAMETRIC_REPRESENTATION_CONTEXT() REPRESENTATION_CONTEXT('2D SPACE',''
  ) );
#15689 = ADVANCED_FACE('',(#15690),#15139,.T.);
#15690 = FACE_BOUND('',#15691,.T.);
#15691 = EDGE_LOOP('',(#15692,#15693,#15714,#15735));
#15692 = ORIENTED_EDGE('',*,*,#15510,.F.);
#15693 = ORIENTED_EDGE('',*,*,#15694,.F.);
#15694 = EDGE_CURVE('',#15695,#15511,#15697,.T.);
#15695 = VERTEX_POINT('',#15696);
#15696 = CARTESIAN_POINT('',(6.,61.,-96.));
#15697 = SURFACE_CURVE('',#15698,(#15702,#15708),.PCURVE_S1.);
#15698 = LINE('',#15699,#15700);
#15699 = CARTESIAN_POINT('',(-6.,61.,-96.));
#15700 = VECTOR('',#15701,1.);
#15701 = DIRECTION('',(-1.,0.,0.));
#15702 = PCURVE('',#15139,#15703);
#15703 = DEFINITIONAL_REPRESENTATION('',(#15704),#15707);
#15704 = B_SPLINE_CURVE_WITH_KNOTS('',1,(#15705,#15706),.UNSPECIFIED.,
  .F.,.F.,(2,2),(-12.,0.),.PIECEWISE_BEZIER_KNOTS.);
#15705 = CARTESIAN_POINT('',(12.,10.));
#15706 = CARTESIAN_POINT('',(0.,10.));
#15707 = ( GEOMETRIC_REPRESENTATION_CONTEXT(2) 
PARAMETRIC_REPRESENTATION_CONTEXT() REPRESENTATION_CONTEXT('2D SPACE',''
  ) );
#15708 = PCURVE('',#15549,#15709);
#15709 = DEFINITIONAL_REPRESENTATION('',(#15710),#15713);
#15710 = B_SPLINE_CURVE_WITH_KNOTS('',1,(#15711,#15712),.UNSPECIFIED.,
  .F.,.F.,(2,2),(-12.,0.),.PIECEWISE_BEZIER_KNOTS.);
#15711 = CARTESIAN_POINT('',(5.,12.));
#15712 = CARTESIAN_POINT('',(5.,0.));
#15713 = ( GEOMETRIC_REPRESENTATION_CONTEXT(2) 
PARAMETRIC_REPRESENTATION_CONTEXT() REPRESENTATION_CONTEXT('2D SPACE',''
  ) );
#15714 = ORIENTED_EDGE('',*,*,#15715,.T.);
#15715 = EDGE_CURVE('',#15695,#15098,#15716,.T.);
#15716 = SURFACE_CURVE('',#15717,(#15721,#15728),.PCURVE_S1.);
#15717 = LINE('',#15718,#15719);
#15718 = CARTESIAN_POINT('',(6.,51.,-96.));
#15719 = VECTOR('',#15720,1.);
#15720 = DIRECTION('',(0.,1.,0.));
#15721 = PCURVE('',#15139,#15722);
#15722 = DEFINITIONAL_REPRESENTATION('',(#15723),#15727);
#15723 = LINE('',#15724,#15725);
#15724 = CARTESIAN_POINT('',(12.,0.));
#15725 = VECTOR('',#15726,1.);
#15726 = DIRECTION('',(0.,1.));
#15727 = ( GEOMETRIC_REPRESENTATION_CONTEXT(2) 
PARAMETRIC_REPRESENTATION_CONTEXT() REPRESENTATION_CONTEXT('2D SPACE',''
  ) );
#15728 = PCURVE('',#15112,#15729);
#15729 = DEFINITIONAL_REPRESENTATION('',(#15730),#15734);
#15730 = LINE('',#15731,#15732);
#15731 = CARTESIAN_POINT('',(10.,0.));
#15732 = VECTOR('',#15733,1.);
#15733 = DIRECTION('',(0.,-1.));
#15734 = ( GEOMETRIC_REPRESENTATION_CONTEXT(2) 
PARAMETRIC_REPRESENTATION_CONTEXT() REPRESENTATION_CONTEXT('2D SPACE',''
  ) );
#15735 = ORIENTED_EDGE('',*,*,#15124,.F.);
#15736 = ADVANCED_FACE('',(#15737),#15062,.T.);
#15737 = FACE_BOUND('',#15738,.T.);
#15738 = EDGE_LOOP('',(#15739,#15740,#15741,#15742));
#15739 = ORIENTED_EDGE('',*,*,#15046,.F.);
#15740 = ORIENTED_EDGE('',*,*,#15405,.T.);
#15741 = ORIENTED_EDGE('',*,*,#15283,.T.);
#15742 = ORIENTED_EDGE('',*,*,#15211,.F.);
#15743 = ADVANCED_FACE('',(#15744),#15112,.T.);
#15744 = FACE_BOUND('',#15745,.T.);
#15745 = EDGE_LOOP('',(#15746,#15771,#15792,#15793,#15794,#15795,#15818,
    #15840,#15861,#15882,#15903,#15924));
#15746 = ORIENTED_EDGE('',*,*,#15747,.T.);
#15747 = EDGE_CURVE('',#15748,#15750,#15752,.T.);
#15748 = VERTEX_POINT('',#15749);
#15749 = CARTESIAN_POINT('',(6.,51.,-106.));
#15750 = VERTEX_POINT('',#15751);
#15751 = CARTESIAN_POINT('',(6.,111.,-106.));
#15752 = SURFACE_CURVE('',#15753,(#15757,#15764),.PCURVE_S1.);
#15753 = LINE('',#15754,#15755);
#15754 = CARTESIAN_POINT('',(6.,51.,-106.));
#15755 = VECTOR('',#15756,1.);
#15756 = DIRECTION('',(0.,1.,0.));
#15757 = PCURVE('',#15112,#15758);
#15758 = DEFINITIONAL_REPRESENTATION('',(#15759),#15763);
#15759 = LINE('',#15760,#15761);
#15760 = CARTESIAN_POINT('',(0.,0.));
#15761 = VECTOR('',#15762,1.);
#15762 = DIRECTION('',(0.,-1.));
#15763 = ( GEOMETRIC_REPRESENTATION_CONTEXT(2) 
PARAMETRIC_REPRESENTATION_CONTEXT() REPRESENTATION_CONTEXT('2D SPACE',''
  ) );
#15764 = PCURVE('',#15475,#15765);
#15765 = DEFINITIONAL_REPRESENTATION('',(#15766),#15770);
#15766 = LINE('',#15767,#15768);
#15767 = CARTESIAN_POINT('',(12.,0.));
#15768 = VECTOR('',#15769,1.);
#15769 = DIRECTION('',(0.,1.));
#15770 = ( GEOMETRIC_REPRESENTATION_CONTEXT(2) 
PARAMETRIC_REPRESENTATION_CONTEXT() REPRESENTATION_CONTEXT('2D SPACE',''
  ) );
#15771 = ORIENTED_EDGE('',*,*,#15772,.T.);
#15772 = EDGE_CURVE('',#15750,#15359,#15773,.T.);
#15773 = SURFACE_CURVE('',#15774,(#15778,#15785),.PCURVE_S1.);
#15774 = LINE('',#15775,#15776);
#15775 = CARTESIAN_POINT('',(6.,111.,-106.));
#15776 = VECTOR('',#15777,1.);
#15777 = DIRECTION('',(0.,0.,1.));
#15778 = PCURVE('',#15112,#15779);
#15779 = DEFINITIONAL_REPRESENTATION('',(#15780),#15784);
#15780 = LINE('',#15781,#15782);
#15781 = CARTESIAN_POINT('',(0.,-60.));
#15782 = VECTOR('',#15783,1.);
#15783 = DIRECTION('',(1.,0.));
#15784 = ( GEOMETRIC_REPRESENTATION_CONTEXT(2) 
PARAMETRIC_REPRESENTATION_CONTEXT() REPRESENTATION_CONTEXT('2D SPACE',''
  ) );
#15785 = PCURVE('',#15373,#15786);
#15786 = DEFINITIONAL_REPRESENTATION('',(#15787),#15791);
#15787 = LINE('',#15788,#15789);
#15788 = CARTESIAN_POINT('',(0.,12.));
#15789 = VECTOR('',#15790,1.);
#15790 = DIRECTION('',(1.,0.));
#15791 = ( GEOMETRIC_REPRESENTATION_CONTEXT(2) 
PARAMETRIC_REPRESENTATION_CONTEXT() REPRESENTATION_CONTEXT('2D SPACE',''
  ) );
#15792 = ORIENTED_EDGE('',*,*,#15384,.F.);
#15793 = ORIENTED_EDGE('',*,*,#15097,.F.);
#15794 = ORIENTED_EDGE('',*,*,#15715,.F.);
#15795 = ORIENTED_EDGE('',*,*,#15796,.T.);
#15796 = EDGE_CURVE('',#15695,#15797,#15799,.T.);
#15797 = VERTEX_POINT('',#15798);
#15798 = CARTESIAN_POINT('',(6.,61.,10.));
#15799 = SURFACE_CURVE('',#15800,(#15804,#15811),.PCURVE_S1.);
#15800 = LINE('',#15801,#15802);
#15801 = CARTESIAN_POINT('',(6.,61.,-101.));
#15802 = VECTOR('',#15803,1.);
#15803 = DIRECTION('',(0.,0.,1.));
#15804 = PCURVE('',#15112,#15805);
#15805 = DEFINITIONAL_REPRESENTATION('',(#15806),#15810);
#15806 = LINE('',#15807,#15808);
#15807 = CARTESIAN_POINT('',(5.,-10.));
#15808 = VECTOR('',#15809,1.);
#15809 = DIRECTION('',(1.,0.));
#15810 = ( GEOMETRIC_REPRESENTATION_CONTEXT(2) 
PARAMETRIC_REPRESENTATION_CONTEXT() REPRESENTATION_CONTEXT('2D SPACE',''
  ) );
#15811 = PCURVE('',#15549,#15812);
#15812 = DEFINITIONAL_REPRESENTATION('',(#15813),#15817);
#15813 = LINE('',#15814,#15815);
#15814 = CARTESIAN_POINT('',(0.,12.));
#15815 = VECTOR('',#15816,1.);
#15816 = DIRECTION('',(1.,0.));
#15817 = ( GEOMETRIC_REPRESENTATION_CONTEXT(2) 
PARAMETRIC_REPRESENTATION_CONTEXT() REPRESENTATION_CONTEXT('2D SPACE',''
  ) );
#15818 = ORIENTED_EDGE('',*,*,#15819,.T.);
#15819 = EDGE_CURVE('',#15797,#15820,#15822,.T.);
#15820 = VERTEX_POINT('',#15821);
#15821 = CARTESIAN_POINT('',(6.,56.281080302354,10.));
#15822 = SURFACE_CURVE('',#15823,(#15827,#15834),.PCURVE_S1.);
#15823 = LINE('',#15824,#15825);
#15824 = CARTESIAN_POINT('',(6.,25.5,10.));
#15825 = VECTOR('',#15826,1.);
#15826 = DIRECTION('',(0.,-1.,0.));
#15827 = PCURVE('',#15112,#15828);
#15828 = DEFINITIONAL_REPRESENTATION('',(#15829),#15833);
#15829 = LINE('',#15830,#15831);
#15830 = CARTESIAN_POINT('',(116.,25.5));
#15831 = VECTOR('',#15832,1.);
#15832 = DIRECTION('',(0.,1.));
#15833 = ( GEOMETRIC_REPRESENTATION_CONTEXT(2) 
PARAMETRIC_REPRESENTATION_CONTEXT() REPRESENTATION_CONTEXT('2D SPACE',''
  ) );
#15834 = PCURVE('',#15577,#15835);
#15835 = DEFINITIONAL_REPRESENTATION('',(#15836),#15839);
#15836 = B_SPLINE_CURVE_WITH_KNOTS('',1,(#15837,#15838),.UNSPECIFIED.,
  .F.,.F.,(2,2),(-35.5,-25.5),.PIECEWISE_BEZIER_KNOTS.);
#15837 = CARTESIAN_POINT('',(6.,61.));
#15838 = CARTESIAN_POINT('',(6.,51.));
#15839 = ( GEOMETRIC_REPRESENTATION_CONTEXT(2) 
PARAMETRIC_REPRESENTATION_CONTEXT() REPRESENTATION_CONTEXT('2D SPACE',''
  ) );
#15840 = ORIENTED_EDGE('',*,*,#15841,.F.);
#15841 = EDGE_CURVE('',#15842,#15820,#15844,.T.);
#15842 = VERTEX_POINT('',#15843);
#15843 = CARTESIAN_POINT('',(6.,56.281080302354,0.));
#15844 = SURFACE_CURVE('',#15845,(#15849,#15855),.PCURVE_S1.);
#15845 = LINE('',#15846,#15847);
#15846 = CARTESIAN_POINT('',(6.,56.281080302354,0.));
#15847 = VECTOR('',#15848,1.);
#15848 = DIRECTION('',(0.,0.,1.));
#15849 = PCURVE('',#15112,#15850);
#15850 = DEFINITIONAL_REPRESENTATION('',(#15851),#15854);
#15851 = B_SPLINE_CURVE_WITH_KNOTS('',1,(#15852,#15853),.UNSPECIFIED.,
  .F.,.F.,(2,2),(-6.E-07,27.1),.PIECEWISE_BEZIER_KNOTS.);
#15852 = CARTESIAN_POINT('',(105.9999994,-5.281080302354));
#15853 = CARTESIAN_POINT('',(133.1,-5.281080302354));
#15854 = ( GEOMETRIC_REPRESENTATION_CONTEXT(2) 
PARAMETRIC_REPRESENTATION_CONTEXT() REPRESENTATION_CONTEXT('2D SPACE',''
  ) );
#15855 = PCURVE('',#15603,#15856);
#15856 = DEFINITIONAL_REPRESENTATION('',(#15857),#15860);
#15857 = B_SPLINE_CURVE_WITH_KNOTS('',1,(#15858,#15859),.UNSPECIFIED.,
  .F.,.F.,(2,2),(-6.E-07,27.1),.PIECEWISE_BEZIER_KNOTS.);
#15858 = CARTESIAN_POINT('',(1.464589706513,-6.E-07));
#15859 = CARTESIAN_POINT('',(1.464589706513,27.1));
#15860 = ( GEOMETRIC_REPRESENTATION_CONTEXT(2) 
PARAMETRIC_REPRESENTATION_CONTEXT() REPRESENTATION_CONTEXT('2D SPACE',''
  ) );
#15861 = ORIENTED_EDGE('',*,*,#15862,.F.);
#15862 = EDGE_CURVE('',#15863,#15842,#15865,.T.);
#15863 = VERTEX_POINT('',#15864);
#15864 = CARTESIAN_POINT('',(6.,57.437465995637,0.));
#15865 = SURFACE_CURVE('',#15866,(#15870,#15876),.PCURVE_S1.);
#15866 = LINE('',#15867,#15868);
#15867 = CARTESIAN_POINT('',(6.,25.5,0.));
#15868 = VECTOR('',#15869,1.);
#15869 = DIRECTION('',(0.,-1.,0.));
#15870 = PCURVE('',#15112,#15871);
#15871 = DEFINITIONAL_REPRESENTATION('',(#15872),#15875);
#15872 = B_SPLINE_CURVE_WITH_KNOTS('',1,(#15873,#15874),.UNSPECIFIED.,
  .F.,.F.,(2,2),(-32.25,-25.5),.PIECEWISE_BEZIER_KNOTS.);
#15873 = CARTESIAN_POINT('',(106.,-6.75));
#15874 = CARTESIAN_POINT('',(106.,0.));
#15875 = ( GEOMETRIC_REPRESENTATION_CONTEXT(2) 
PARAMETRIC_REPRESENTATION_CONTEXT() REPRESENTATION_CONTEXT('2D SPACE',''
  ) );
#15876 = PCURVE('',#15629,#15877);
#15877 = DEFINITIONAL_REPRESENTATION('',(#15878),#15881);
#15878 = B_SPLINE_CURVE_WITH_KNOTS('',1,(#15879,#15880),.UNSPECIFIED.,
  .F.,.F.,(2,2),(-32.25,-25.5),.PIECEWISE_BEZIER_KNOTS.);
#15879 = CARTESIAN_POINT('',(6.,57.75));
#15880 = CARTESIAN_POINT('',(6.,51.));
#15881 = ( GEOMETRIC_REPRESENTATION_CONTEXT(2) 
PARAMETRIC_REPRESENTATION_CONTEXT() REPRESENTATION_CONTEXT('2D SPACE',''
  ) );
#15882 = ORIENTED_EDGE('',*,*,#15883,.F.);
#15883 = EDGE_CURVE('',#15884,#15863,#15886,.T.);
#15884 = VERTEX_POINT('',#15885);
#15885 = CARTESIAN_POINT('',(6.,57.437465995637,-13.9));
#15886 = SURFACE_CURVE('',#15887,(#15891,#15897),.PCURVE_S1.);
#15887 = LINE('',#15888,#15889);
#15888 = CARTESIAN_POINT('',(6.,57.437465995637,-13.9));
#15889 = VECTOR('',#15890,1.);
#15890 = DIRECTION('',(0.,0.,1.));
#15891 = PCURVE('',#15112,#15892);
#15892 = DEFINITIONAL_REPRESENTATION('',(#15893),#15896);
#15893 = B_SPLINE_CURVE_WITH_KNOTS('',1,(#15894,#15895),.UNSPECIFIED.,
  .F.,.F.,(2,2),(-5.999999999062E-07,13.9000006),
  .PIECEWISE_BEZIER_KNOTS.);
#15894 = CARTESIAN_POINT('',(92.0999994,-6.437465995637));
#15895 = CARTESIAN_POINT('',(106.0000006,-6.437465995637));
#15896 = ( GEOMETRIC_REPRESENTATION_CONTEXT(2) 
PARAMETRIC_REPRESENTATION_CONTEXT() REPRESENTATION_CONTEXT('2D SPACE',''
  ) );
#15897 = PCURVE('',#15655,#15898);
#15898 = DEFINITIONAL_REPRESENTATION('',(#15899),#15902);
#15899 = B_SPLINE_CURVE_WITH_KNOTS('',1,(#15900,#15901),.UNSPECIFIED.,
  .F.,.F.,(2,2),(-5.999999999062E-07,13.9000006),
  .PIECEWISE_BEZIER_KNOTS.);
#15900 = CARTESIAN_POINT('',(1.466712393057,-5.999999999062E-07));
#15901 = CARTESIAN_POINT('',(1.466712393057,13.9000006));
#15902 = ( GEOMETRIC_REPRESENTATION_CONTEXT(2) 
PARAMETRIC_REPRESENTATION_CONTEXT() REPRESENTATION_CONTEXT('2D SPACE',''
  ) );
#15903 = ORIENTED_EDGE('',*,*,#15904,.T.);
#15904 = EDGE_CURVE('',#15884,#15905,#15907,.T.);
#15905 = VERTEX_POINT('',#15906);
#15906 = CARTESIAN_POINT('',(6.,51.,-13.9));
#15907 = SURFACE_CURVE('',#15908,(#15912,#15918),.PCURVE_S1.);
#15908 = LINE('',#15909,#15910);
#15909 = CARTESIAN_POINT('',(6.,25.5,-13.9));
#15910 = VECTOR('',#15911,1.);
#15911 = DIRECTION('',(0.,-1.,0.));
#15912 = PCURVE('',#15112,#15913);
#15913 = DEFINITIONAL_REPRESENTATION('',(#15914),#15917);
#15914 = B_SPLINE_CURVE_WITH_KNOTS('',1,(#15915,#15916),.UNSPECIFIED.,
  .F.,.F.,(2,2),(-32.25,-25.5),.PIECEWISE_BEZIER_KNOTS.);
#15915 = CARTESIAN_POINT('',(92.1,-6.75));
#15916 = CARTESIAN_POINT('',(92.1,0.));
#15917 = ( GEOMETRIC_REPRESENTATION_CONTEXT(2) 
PARAMETRIC_REPRESENTATION_CONTEXT() REPRESENTATION_CONTEXT('2D SPACE',''
  ) );
#15918 = PCURVE('',#15679,#15919);
#15919 = DEFINITIONAL_REPRESENTATION('',(#15920),#15923);
#15920 = B_SPLINE_CURVE_WITH_KNOTS('',1,(#15921,#15922),.UNSPECIFIED.,
  .F.,.F.,(2,2),(-32.25,-25.5),.PIECEWISE_BEZIER_KNOTS.);
#15921 = CARTESIAN_POINT('',(6.,57.75));
#15922 = CARTESIAN_POINT('',(6.,51.));
#15923 = ( GEOMETRIC_REPRESENTATION_CONTEXT(2) 
PARAMETRIC_REPRESENTATION_CONTEXT() REPRESENTATION_CONTEXT('2D SPACE',''
  ) );
#15924 = ORIENTED_EDGE('',*,*,#15925,.T.);
#15925 = EDGE_CURVE('',#15905,#15748,#15926,.T.);
#15926 = SURFACE_CURVE('',#15927,(#15931,#15938),.PCURVE_S1.);
#15927 = LINE('',#15928,#15929);
#15928 = CARTESIAN_POINT('',(6.,51.,15.));
#15929 = VECTOR('',#15930,1.);
#15930 = DIRECTION('',(0.,0.,-1.));
#15931 = PCURVE('',#15112,#15932);
#15932 = DEFINITIONAL_REPRESENTATION('',(#15933),#15937);
#15933 = LINE('',#15934,#15935);
#15934 = CARTESIAN_POINT('',(121.,0.));
#15935 = VECTOR('',#15936,1.);
#15936 = DIRECTION('',(-1.,0.));
#15937 = ( GEOMETRIC_REPRESENTATION_CONTEXT(2) 
PARAMETRIC_REPRESENTATION_CONTEXT() REPRESENTATION_CONTEXT('2D SPACE',''
  ) );
#15938 = PCURVE('',#15447,#15939);
#15939 = DEFINITIONAL_REPRESENTATION('',(#15940),#15944);
#15940 = LINE('',#15941,#15942);
#15941 = CARTESIAN_POINT('',(121.,12.));
#15942 = VECTOR('',#15943,1.);
#15943 = DIRECTION('',(-1.,0.));
#15944 = ( GEOMETRIC_REPRESENTATION_CONTEXT(2) 
PARAMETRIC_REPRESENTATION_CONTEXT() REPRESENTATION_CONTEXT('2D SPACE',''
  ) );
#15945 = ADVANCED_FACE('',(#15946),#15194,.F.);
#15946 = FACE_BOUND('',#15947,.F.);
#15947 = EDGE_LOOP('',(#15948,#15949,#15969,#15970));
#15948 = ORIENTED_EDGE('',*,*,#15177,.T.);
#15949 = ORIENTED_EDGE('',*,*,#15950,.T.);
#15950 = EDGE_CURVE('',#15178,#15307,#15951,.T.);
#15951 = SEAM_CURVE('',#15952,(#15956,#15963),.PCURVE_S1.);
#15952 = LINE('',#15953,#15954);
#15953 = CARTESIAN_POINT('',(4.2,78.,-90.8));
#15954 = VECTOR('',#15955,1.);
#15955 = DIRECTION('',(0.,1.,0.));
#15956 = PCURVE('',#15194,#15957);
#15957 = DEFINITIONAL_REPRESENTATION('',(#15958),#15962);
#15958 = LINE('',#15959,#15960);
#15959 = CARTESIAN_POINT('',(0.,0.));
#15960 = VECTOR('',#15961,1.);
#15961 = DIRECTION('',(0.,1.));
#15962 = ( GEOMETRIC_REPRESENTATION_CONTEXT(2) 
PARAMETRIC_REPRESENTATION_CONTEXT() REPRESENTATION_CONTEXT('2D SPACE',''
  ) );
#15963 = PCURVE('',#15194,#15964);
#15964 = DEFINITIONAL_REPRESENTATION('',(#15965),#15968);
#15965 = B_SPLINE_CURVE_WITH_KNOTS('',1,(#15966,#15967),.UNSPECIFIED.,
  .F.,.F.,(2,2),(0.,222.),.PIECEWISE_BEZIER_KNOTS.);
#15966 = CARTESIAN_POINT('',(6.28318530718,0.));
#15967 = CARTESIAN_POINT('',(6.28318530718,222.));
#15968 = ( GEOMETRIC_REPRESENTATION_CONTEXT(2) 
PARAMETRIC_REPRESENTATION_CONTEXT() REPRESENTATION_CONTEXT('2D SPACE',''
  ) );
#15969 = ORIENTED_EDGE('',*,*,#15306,.F.);
#15970 = ORIENTED_EDGE('',*,*,#15950,.F.);
#15971 = ADVANCED_FACE('',(#15972),#15373,.T.);
#15972 = FACE_BOUND('',#15973,.T.);
#15973 = EDGE_LOOP('',(#15974,#15975,#15996,#15997));
#15974 = ORIENTED_EDGE('',*,*,#15772,.F.);
#15975 = ORIENTED_EDGE('',*,*,#15976,.F.);
#15976 = EDGE_CURVE('',#15460,#15750,#15977,.T.);
#15977 = SURFACE_CURVE('',#15978,(#15982,#15989),.PCURVE_S1.);
#15978 = LINE('',#15979,#15980);
#15979 = CARTESIAN_POINT('',(-6.,111.,-106.));
#15980 = VECTOR('',#15981,1.);
#15981 = DIRECTION('',(1.,0.,0.));
#15982 = PCURVE('',#15373,#15983);
#15983 = DEFINITIONAL_REPRESENTATION('',(#15984),#15988);
#15984 = LINE('',#15985,#15986);
#15985 = CARTESIAN_POINT('',(0.,0.));
#15986 = VECTOR('',#15987,1.);
#15987 = DIRECTION('',(0.,1.));
#15988 = ( GEOMETRIC_REPRESENTATION_CONTEXT(2) 
PARAMETRIC_REPRESENTATION_CONTEXT() REPRESENTATION_CONTEXT('2D SPACE',''
  ) );
#15989 = PCURVE('',#15475,#15990);
#15990 = DEFINITIONAL_REPRESENTATION('',(#15991),#15995);
#15991 = LINE('',#15992,#15993);
#15992 = CARTESIAN_POINT('',(0.,60.));
#15993 = VECTOR('',#15994,1.);
#15994 = DIRECTION('',(1.,0.));
#15995 = ( GEOMETRIC_REPRESENTATION_CONTEXT(2) 
PARAMETRIC_REPRESENTATION_CONTEXT() REPRESENTATION_CONTEXT('2D SPACE',''
  ) );
#15996 = ORIENTED_EDGE('',*,*,#15487,.T.);
#15997 = ORIENTED_EDGE('',*,*,#15358,.F.);
#15998 = ADVANCED_FACE('',(#15999,#16043),#15447,.F.);
#15999 = FACE_BOUND('',#16000,.F.);
#16000 = EDGE_LOOP('',(#16001,#16020,#16021,#16042));
#16001 = ORIENTED_EDGE('',*,*,#16002,.T.);
#16002 = EDGE_CURVE('',#15432,#15905,#16003,.T.);
#16003 = SURFACE_CURVE('',#16004,(#16008,#16014),.PCURVE_S1.);
#16004 = LINE('',#16005,#16006);
#16005 = CARTESIAN_POINT('',(-3.,51.,-13.9));
#16006 = VECTOR('',#16007,1.);
#16007 = DIRECTION('',(1.,0.,0.));
#16008 = PCURVE('',#15447,#16009);
#16009 = DEFINITIONAL_REPRESENTATION('',(#16010),#16013);
#16010 = B_SPLINE_CURVE_WITH_KNOTS('',1,(#16011,#16012),.UNSPECIFIED.,
  .F.,.F.,(2,2),(-3.,9.),.PIECEWISE_BEZIER_KNOTS.);
#16011 = CARTESIAN_POINT('',(92.1,0.));
#16012 = CARTESIAN_POINT('',(92.1,12.));
#16013 = ( GEOMETRIC_REPRESENTATION_CONTEXT(2) 
PARAMETRIC_REPRESENTATION_CONTEXT() REPRESENTATION_CONTEXT('2D SPACE',''
  ) );
#16014 = PCURVE('',#15679,#16015);
#16015 = DEFINITIONAL_REPRESENTATION('',(#16016),#16019);
#16016 = B_SPLINE_CURVE_WITH_KNOTS('',1,(#16017,#16018),.UNSPECIFIED.,
  .F.,.F.,(2,2),(-3.,9.),.PIECEWISE_BEZIER_KNOTS.);
#16017 = CARTESIAN_POINT('',(-6.,51.));
#16018 = CARTESIAN_POINT('',(6.,51.));
#16019 = ( GEOMETRIC_REPRESENTATION_CONTEXT(2) 
PARAMETRIC_REPRESENTATION_CONTEXT() REPRESENTATION_CONTEXT('2D SPACE',''
  ) );
#16020 = ORIENTED_EDGE('',*,*,#15925,.T.);
#16021 = ORIENTED_EDGE('',*,*,#16022,.F.);
#16022 = EDGE_CURVE('',#15430,#15748,#16023,.T.);
#16023 = SURFACE_CURVE('',#16024,(#16028,#16035),.PCURVE_S1.);
#16024 = LINE('',#16025,#16026);
#16025 = CARTESIAN_POINT('',(-6.,51.,-106.));
#16026 = VECTOR('',#16027,1.);
#16027 = DIRECTION('',(1.,0.,0.));
#16028 = PCURVE('',#15447,#16029);
#16029 = DEFINITIONAL_REPRESENTATION('',(#16030),#16034);
#16030 = LINE('',#16031,#16032);
#16031 = CARTESIAN_POINT('',(0.,0.));
#16032 = VECTOR('',#16033,1.);
#16033 = DIRECTION('',(0.,1.));
#16034 = ( GEOMETRIC_REPRESENTATION_CONTEXT(2) 
PARAMETRIC_REPRESENTATION_CONTEXT() REPRESENTATION_CONTEXT('2D SPACE',''
  ) );
#16035 = PCURVE('',#15475,#16036);
#16036 = DEFINITIONAL_REPRESENTATION('',(#16037),#16041);
#16037 = LINE('',#16038,#16039);
#16038 = CARTESIAN_POINT('',(0.,0.));
#16039 = VECTOR('',#16040,1.);
#16040 = DIRECTION('',(1.,0.));
#16041 = ( GEOMETRIC_REPRESENTATION_CONTEXT(2) 
PARAMETRIC_REPRESENTATION_CONTEXT() REPRESENTATION_CONTEXT('2D SPACE',''
  ) );
#16042 = ORIENTED_EDGE('',*,*,#15429,.T.);
#16043 = FACE_BOUND('',#16044,.F.);
#16044 = EDGE_LOOP('',(#16045));
#16045 = ORIENTED_EDGE('',*,*,#16046,.T.);
#16046 = EDGE_CURVE('',#16047,#16047,#16049,.T.);
#16047 = VERTEX_POINT('',#16048);
#16048 = CARTESIAN_POINT('',(4.2,51.,-82.883250825));
#16049 = SURFACE_CURVE('',#16050,(#16183,#16319),.PCURVE_S1.);
#16050 = B_SPLINE_CURVE_WITH_KNOTS('',6,(#16051,#16052,#16053,#16054,
    #16055,#16056,#16057,#16058,#16059,#16060,#16061,#16062,#16063,
    #16064,#16065,#16066,#16067,#16068,#16069,#16070,#16071,#16072,
    #16073,#16074,#16075,#16076,#16077,#16078,#16079,#16080,#16081,
    #16082,#16083,#16084,#16085,#16086,#16087,#16088,#16089,#16090,
    #16091,#16092,#16093,#16094,#16095,#16096,#16097,#16098,#16099,
    #16100,#16101,#16102,#16103,#16104,#16105,#16106,#16107,#16108,
    #16109,#16110,#16111,#16112,#16113,#16114,#16115,#16116,#16117,
    #16118,#16119,#16120,#16121,#16122,#16123,#16124,#16125,#16126,
    #16127,#16128,#16129,#16130,#16131,#16132,#16133,#16134,#16135,
    #16136,#16137,#16138,#16139,#16140,#16141,#16142,#16143,#16144,
    #16145,#16146,#16147,#16148,#16149,#16150,#16151,#16152,#16153,
    #16154,#16155,#16156,#16157,#16158,#16159,#16160,#16161,#16162,
    #16163,#16164,#16165,#16166,#16167,#16168,#16169,#16170,#16171,
    #16172,#16173,#16174,#16175,#16176,#16177,#16178,#16179,#16180,
    #16181,#16182),.UNSPECIFIED.,.T.,.F.,(7,5,5,5,5,5,5,5,5,5,5,5,5,5,5,
    5,5,5,5,5,5,5,5,5,5,5,7),(0.,2.053344325455E-02,0.122588500565,
    0.161812993097,0.195572688739,0.214332891301,0.252071548802,
    0.290400946797,0.309171471845,0.341970606563,0.381178852033,
    0.409256366672,0.430447913223,0.483189678024,0.557193980053,
    0.588505641512,0.63594842958,0.677551811565,0.701991080439,
    0.717753315097,0.751723432376,0.786387776893,0.802150207316,
    0.825641021803,0.867207464564,0.913577020633,1.),.UNSPECIFIED.);
#16051 = CARTESIAN_POINT('',(4.2,51.,-82.883250825));
#16052 = CARTESIAN_POINT('',(4.200000007052,51.,-82.78383145016));
#16053 = CARTESIAN_POINT('',(4.197999425159,51.,-82.68440904439));
#16054 = CARTESIAN_POINT('',(4.194004276698,51.,-82.58503449294));
#16055 = CARTESIAN_POINT('',(4.18802027495,51.,-82.48575839988));
#16056 = CARTESIAN_POINT('',(4.180052824106,51.,-82.38663108807));
#16057 = CARTESIAN_POINT('',(4.120674328187,51.,-81.79600779451));
#16058 = CARTESIAN_POINT('',(4.022409281635,51.,-81.30961587379));
#16059 = CARTESIAN_POINT('',(3.875988851617,51.,-80.8338411633));
#16060 = CARTESIAN_POINT('',(3.68146621736,51.,-80.3753549915));
#16061 = CARTESIAN_POINT('',(3.439461903054,51.,-79.94182379454));
#16062 = CARTESIAN_POINT('',(3.03938792113,51.,-79.38869902398));
#16063 = CARTESIAN_POINT('',(2.921412021062,51.,-79.24020872527));
#16064 = CARTESIAN_POINT('',(2.796600211025,51.,-79.09733954699));
#16065 = CARTESIAN_POINT('',(2.66505767662,51.,-78.96070458443));
#16066 = CARTESIAN_POINT('',(2.526949684303,51.,-78.83096839112));
#16067 = CARTESIAN_POINT('',(2.258214402548,51.,-78.60370603956));
#16068 = CARTESIAN_POINT('',(2.129228672015,51.,-78.50421338054));
#16069 = CARTESIAN_POINT('',(1.995725240201,51.,-78.4107973329));
#16070 = CARTESIAN_POINT('',(1.857918824716,51.,-78.32393053756));
#16071 = CARTESIAN_POINT('',(1.716092841031,51.,-78.24408789921));
#16072 = CARTESIAN_POINT('',(1.489772763579,51.,-78.13150929312));
#16073 = CARTESIAN_POINT('',(1.407802966903,51.,-78.09360424511));
#16074 = CARTESIAN_POINT('',(1.3247682282,51.,-78.05808613027));
#16075 = CARTESIAN_POINT('',(1.2407392574,51.,-78.02502904374));
#16076 = CARTESIAN_POINT('',(1.155794569677,51.,-77.99450240009));
#16077 = CARTESIAN_POINT('',(0.897474332949,51.,-77.91038245721));
#16078 = CARTESIAN_POINT('',(0.7215529197,51.,-77.86468818254));
#16079 = CARTESIAN_POINT('',(0.542995137997,51.,-77.83001699674));
#16080 = CARTESIAN_POINT('',(0.362610999225,51.,-77.80676051411));
#16081 = CARTESIAN_POINT('',(0.181285257007,51.,-77.79513358676));
#16082 = CARTESIAN_POINT('',(-0.184161226791,51.,-77.7951356133));
#16083 = CARTESIAN_POINT('',(-0.368326482773,51.,-77.8071315202));
#16084 = CARTESIAN_POINT('',(-0.55150427955,51.,-77.83112403916));
#16085 = CARTESIAN_POINT('',(-0.732768711011,51.,-77.86688427585));
#16086 = CARTESIAN_POINT('',(-0.911274363372,51.,-77.91399612656));
#16087 = CARTESIAN_POINT('',(-1.171941699259,51.,-78.00025536026));
#16088 = CARTESIAN_POINT('',(-1.256789979719,51.,-78.03120124234));
#16089 = CARTESIAN_POINT('',(-1.340711362838,51.,-78.0646716285));
#16090 = CARTESIAN_POINT('',(-1.423627944594,51.,-78.1005964814));
#16091 = CARTESIAN_POINT('',(-1.505469651061,51.,-78.13890121026));
#16092 = CARTESIAN_POINT('',(-1.72719534461,51.,-78.25045983425));
#16093 = CARTESIAN_POINT('',(-1.864744594246,51.,-78.32844028472));
#16094 = CARTESIAN_POINT('',(-1.998489124425,51.,-78.41303138884));
#16095 = CARTESIAN_POINT('',(-2.128170454527,51.,-78.50379792055));
#16096 = CARTESIAN_POINT('',(-2.253591230397,51.,-78.60030686237));
#16097 = CARTESIAN_POINT('',(-2.519258735098,51.,-78.82388963779));
#16098 = CARTESIAN_POINT('',(-2.657609464919,51.,-78.9532473081));
#16099 = CARTESIAN_POINT('',(-2.789406980628,51.,-79.08952293027));
#16100 = CARTESIAN_POINT('',(-2.914484297219,51.,-79.23205133097));
#16101 = CARTESIAN_POINT('',(-3.032734990977,51.,-79.38021860393));
#16102 = CARTESIAN_POINT('',(-3.223839012012,51.,-79.64323281054));
#16103 = CARTESIAN_POINT('',(-3.300047564063,51.,-79.75559511715));
#16104 = CARTESIAN_POINT('',(-3.372695239787,51.,-79.87036442211));
#16105 = CARTESIAN_POINT('',(-3.441763270511,51.,-79.98734999589));
#16106 = CARTESIAN_POINT('',(-3.507238103635,51.,-80.10637314033));
#16107 = CARTESIAN_POINT('',(-3.615810255155,51.,-80.31851215218));
#16108 = CARTESIAN_POINT('',(-3.660456875279,51.,-80.41082242271));
#16109 = CARTESIAN_POINT('',(-3.703047174961,51.,-80.50412616128));
#16110 = CARTESIAN_POINT('',(-3.743577451116,51.,-80.59835432896));
#16111 = CARTESIAN_POINT('',(-3.782044385619,51.,-80.69344068689));
#16112 = CARTESIAN_POINT('',(-3.909039190716,51.,-81.02795184559));
#16113 = CARTESIAN_POINT('',(-3.986830159789,51.,-81.27149133323));
#16114 = CARTESIAN_POINT('',(-4.051778499467,51.,-81.51898437731));
#16115 = CARTESIAN_POINT('',(-4.103829247205,51.,-81.76952060162));
#16116 = CARTESIAN_POINT('',(-4.142913349563,51.,-82.02223287084));
#16117 = CARTESIAN_POINT('',(-4.205480681665,51.,-82.63278111864));
#16118 = CARTESIAN_POINT('',(-4.216312833919,51.,-82.99184751478));
#16119 = CARTESIAN_POINT('',(-4.201235374414,51.,-83.35126042246));
#16120 = CARTESIAN_POINT('',(-4.159904490425,51.,-83.70860655845));
#16121 = CARTESIAN_POINT('',(-4.09203795826,51.,-84.06129734421));
#16122 = CARTESIAN_POINT('',(-3.957359742132,51.,-84.55264375985));
#16123 = CARTESIAN_POINT('',(-3.912529407965,51.,-84.6973874541));
#16124 = CARTESIAN_POINT('',(-3.862893833799,51.,-84.84057466322));
#16125 = CARTESIAN_POINT('',(-3.808444748064,51.,-84.98197571942));
#16126 = CARTESIAN_POINT('',(-3.749182087944,51.,-85.12134846982));
#16127 = CARTESIAN_POINT('',(-3.588039734444,51.,-85.4661540725));
#16128 = CARTESIAN_POINT('',(-3.479937765533,51.,-85.6686234253));
#16129 = CARTESIAN_POINT('',(-3.360841733939,51.,-85.86496896494));
#16130 = CARTESIAN_POINT('',(-3.230853523257,51.,-86.05422184949));
#16131 = CARTESIAN_POINT('',(-3.090180445796,51.,-86.23534595888));
#16132 = CARTESIAN_POINT('',(-2.806750881112,51.,-86.5580185735));
#16133 = CARTESIAN_POINT('',(-2.666382967231,51.,-86.70169268049));
#16134 = CARTESIAN_POINT('',(-2.518311213011,51.,-86.83755361634));
#16135 = CARTESIAN_POINT('',(-2.36286699383,51.,-86.96484122522));
#16136 = CARTESIAN_POINT('',(-2.200496117346,51.,-87.08279695321));
#16137 = CARTESIAN_POINT('',(-1.93267728672,51.,-87.25407754034));
#16138 = CARTESIAN_POINT('',(-1.831381416436,51.,-87.3139913212));
#16139 = CARTESIAN_POINT('',(-1.728014712297,51.,-87.3702875307));
#16140 = CARTESIAN_POINT('',(-1.622710651237,51.,-87.42282647187));
#16141 = CARTESIAN_POINT('',(-1.515618270019,51.,-87.47147737516));
#16142 = CARTESIAN_POINT('',(-1.336785135015,51.,-87.54491003127));
#16143 = CARTESIAN_POINT('',(-1.265992548923,51.,-87.57203429837));
#16144 = CARTESIAN_POINT('',(-1.194568600169,51.,-87.59745891119));
#16145 = CARTESIAN_POINT('',(-1.122559810082,51.,-87.62115424523));
#16146 = CARTESIAN_POINT('',(-1.050015028106,51.,-87.64309333999));
#16147 = CARTESIAN_POINT('',(-0.819595018431,51.,-87.7066969507));
#16148 = CARTESIAN_POINT('',(-0.659945949989,51.,-87.74187385667));
#16149 = CARTESIAN_POINT('',(-0.498562263028,51.,-87.76853842455));
#16150 = CARTESIAN_POINT('',(-0.335992423049,51.,-87.78651958961));
#16151 = CARTESIAN_POINT('',(-0.172809313673,51.,-87.79572679579));
#16152 = CARTESIAN_POINT('',(0.156924066042,51.,-87.79659692769));
#16153 = CARTESIAN_POINT('',(0.323489705375,51.,-87.78789749623));
#16154 = CARTESIAN_POINT('',(0.489451460023,51.,-87.77005637433));
#16155 = CARTESIAN_POINT('',(0.654199944578,51.,-87.74316642193));
#16156 = CARTESIAN_POINT('',(0.817151702529,51.,-87.70740800968));
#16157 = CARTESIAN_POINT('',(1.05077555198,51.,-87.64286663736));
#16158 = CARTESIAN_POINT('',(1.123316633623,51.,-87.62091190086));
#16159 = CARTESIAN_POINT('',(1.195321364767,51.,-87.59720106604));
#16160 = CARTESIAN_POINT('',(1.266740905935,51.,-87.57176110908));
#16161 = CARTESIAN_POINT('',(1.337528746761,51.,-87.54462166881));
#16162 = CARTESIAN_POINT('',(1.512128836559,51.,-87.47288463032));
#16163 = CARTESIAN_POINT('',(1.615116131527,51.,-87.42625014877));
#16164 = CARTESIAN_POINT('',(1.716456481846,51.,-87.37601967275));
#16165 = CARTESIAN_POINT('',(1.816017050891,51.,-87.32230901279));
#16166 = CARTESIAN_POINT('',(1.913678274458,51.,-87.26524171926));
#16167 = CARTESIAN_POINT('',(2.178594146111,51.,-87.09826239787));
#16168 = CARTESIAN_POINT('',(2.341576735806,51.,-86.98147204518));
#16169 = CARTESIAN_POINT('',(2.497688393853,51.,-86.85529928876));
#16170 = CARTESIAN_POINT('',(2.646476309408,51.,-86.72049983877));
#16171 = CARTESIAN_POINT('',(2.787602628354,51.,-86.57783259536));
#16172 = CARTESIAN_POINT('',(3.069428774459,51.,-86.26091427215));
#16173 = CARTESIAN_POINT('',(3.208194032983,51.,-86.08492009117));
#16174 = CARTESIAN_POINT('',(3.336778874041,51.,-85.90105637182));
#16175 = CARTESIAN_POINT('',(3.454979931099,51.,-85.71029532103));
#16176 = CARTESIAN_POINT('',(3.562692648958,51.,-85.51354843413));
#16177 = CARTESIAN_POINT('',(3.841009746643,51.,-84.93533743758));
#16178 = CARTESIAN_POINT('',(3.985514610976,51.,-84.54123397693));
#16179 = CARTESIAN_POINT('',(4.093266451541,51.,-84.13455142358));
#16180 = CARTESIAN_POINT('',(4.164559736265,51.,-83.71998755252));
#16181 = CARTESIAN_POINT('',(4.199999855771,51.,-83.30170515572));
#16182 = CARTESIAN_POINT('',(4.2,51.,-82.883250825));
#16183 = PCURVE('',#15447,#16184);
#16184 = DEFINITIONAL_REPRESENTATION('',(#16185),#16318);
#16185 = B_SPLINE_CURVE_WITH_KNOTS('',6,(#16186,#16187,#16188,#16189,
    #16190,#16191,#16192,#16193,#16194,#16195,#16196,#16197,#16198,
    #16199,#16200,#16201,#16202,#16203,#16204,#16205,#16206,#16207,
    #16208,#16209,#16210,#16211,#16212,#16213,#16214,#16215,#16216,
    #16217,#16218,#16219,#16220,#16221,#16222,#16223,#16224,#16225,
    #16226,#16227,#16228,#16229,#16230,#16231,#16232,#16233,#16234,
    #16235,#16236,#16237,#16238,#16239,#16240,#16241,#16242,#16243,
    #16244,#16245,#16246,#16247,#16248,#16249,#16250,#16251,#16252,
    #16253,#16254,#16255,#16256,#16257,#16258,#16259,#16260,#16261,
    #16262,#16263,#16264,#16265,#16266,#16267,#16268,#16269,#16270,
    #16271,#16272,#16273,#16274,#16275,#16276,#16277,#16278,#16279,
    #16280,#16281,#16282,#16283,#16284,#16285,#16286,#16287,#16288,
    #16289,#16290,#16291,#16292,#16293,#16294,#16295,#16296,#16297,
    #16298,#16299,#16300,#16301,#16302,#16303,#16304,#16305,#16306,
    #16307,#16308,#16309,#16310,#16311,#16312,#16313,#16314,#16315,
    #16316,#16317),.UNSPECIFIED.,.F.,.F.,(7,5,5,5,5,5,5,5,5,5,5,5,5,5,5,
    5,5,5,5,5,5,5,5,5,5,5,7),(0.,2.053344325455E-02,0.122588500565,
    0.161812993097,0.195572688739,0.214332891301,0.252071548802,
    0.290400946797,0.309171471845,0.341970606563,0.381178852033,
    0.409256366672,0.430447913223,0.483189678024,0.557193980053,
    0.588505641512,0.63594842958,0.677551811565,0.701991080439,
    0.717753315097,0.751723432376,0.786387776893,0.802150207316,
    0.825641021803,0.867207464564,0.913577020633,1.),.UNSPECIFIED.);
#16186 = CARTESIAN_POINT('',(23.116749174998,10.2));
#16187 = CARTESIAN_POINT('',(23.216168549831,10.200000007052));
#16188 = CARTESIAN_POINT('',(23.315590955605,10.197999425159));
#16189 = CARTESIAN_POINT('',(23.414965507056,10.194004276698));
#16190 = CARTESIAN_POINT('',(23.514241600117,10.18802027495));
#16191 = CARTESIAN_POINT('',(23.613368911922,10.180052824106));
#16192 = CARTESIAN_POINT('',(24.203992205483,10.120674328187));
#16193 = CARTESIAN_POINT('',(24.690384126206,10.022409281635));
#16194 = CARTESIAN_POINT('',(25.166158836699,9.875988851617));
#16195 = CARTESIAN_POINT('',(25.624645008494,9.68146621736));
#16196 = CARTESIAN_POINT('',(26.058176205458,9.439461903054));
#16197 = CARTESIAN_POINT('',(26.611300976012,9.03938792113));
#16198 = CARTESIAN_POINT('',(26.759791274728,8.921412021062));
#16199 = CARTESIAN_POINT('',(26.902660453009,8.796600211025));
#16200 = CARTESIAN_POINT('',(27.039295415568,8.66505767662));
#16201 = CARTESIAN_POINT('',(27.169031608879,8.526949684303));
#16202 = CARTESIAN_POINT('',(27.396293960438,8.258214402548));
#16203 = CARTESIAN_POINT('',(27.49578661946,8.129228672015));
#16204 = CARTESIAN_POINT('',(27.589202667093,7.995725240201));
#16205 = CARTESIAN_POINT('',(27.676069462434,7.857918824716));
#16206 = CARTESIAN_POINT('',(27.755912100781,7.716092841031));
#16207 = CARTESIAN_POINT('',(27.868490706871,7.489772763579));
#16208 = CARTESIAN_POINT('',(27.90639575489,7.407802966903));
#16209 = CARTESIAN_POINT('',(27.941913869724,7.3247682282));
#16210 = CARTESIAN_POINT('',(27.974970956255,7.2407392574));
#16211 = CARTESIAN_POINT('',(28.005497599909,7.155794569677));
#16212 = CARTESIAN_POINT('',(28.089617542789,6.897474332949));
#16213 = CARTESIAN_POINT('',(28.135311817452,6.7215529197));
#16214 = CARTESIAN_POINT('',(28.169983003259,6.542995137997));
#16215 = CARTESIAN_POINT('',(28.193239485881,6.362610999225));
#16216 = CARTESIAN_POINT('',(28.204866413238,6.181285257007));
#16217 = CARTESIAN_POINT('',(28.2048643867,5.815838773209));
#16218 = CARTESIAN_POINT('',(28.192868479791,5.631673517227));
#16219 = CARTESIAN_POINT('',(28.168875960835,5.44849572045));
#16220 = CARTESIAN_POINT('',(28.133115724145,5.267231288989));
#16221 = CARTESIAN_POINT('',(28.086003873431,5.088725636628));
#16222 = CARTESIAN_POINT('',(27.999744639733,4.828058300741));
#16223 = CARTESIAN_POINT('',(27.968798757659,4.743210020281));
#16224 = CARTESIAN_POINT('',(27.935328371494,4.659288637162));
#16225 = CARTESIAN_POINT('',(27.899403518595,4.576372055406));
#16226 = CARTESIAN_POINT('',(27.861098789732,4.494530348939));
#16227 = CARTESIAN_POINT('',(27.749540165748,4.27280465539));
#16228 = CARTESIAN_POINT('',(27.671559715275,4.135255405754));
#16229 = CARTESIAN_POINT('',(27.586968611156,4.001510875575));
#16230 = CARTESIAN_POINT('',(27.496202079448,3.871829545473));
#16231 = CARTESIAN_POINT('',(27.399693137629,3.746408769603));
#16232 = CARTESIAN_POINT('',(27.176110362204,3.480741264902));
#16233 = CARTESIAN_POINT('',(27.046752691895,3.342390535081));
#16234 = CARTESIAN_POINT('',(26.910477069722,3.210593019372));
#16235 = CARTESIAN_POINT('',(26.767948669025,3.085515702781));
#16236 = CARTESIAN_POINT('',(26.619781396062,2.967265009023));
#16237 = CARTESIAN_POINT('',(26.356767189455,2.776160987988));
#16238 = CARTESIAN_POINT('',(26.24440488285,2.699952435937));
#16239 = CARTESIAN_POINT('',(26.129635577888,2.627304760213));
#16240 = CARTESIAN_POINT('',(26.012650004108,2.558236729489));
#16241 = CARTESIAN_POINT('',(25.893626859663,2.492761896365));
#16242 = CARTESIAN_POINT('',(25.68148784782,2.384189744845));
#16243 = CARTESIAN_POINT('',(25.589177577287,2.339543124721));
#16244 = CARTESIAN_POINT('',(25.495873838718,2.296952825039));
#16245 = CARTESIAN_POINT('',(25.401645671039,2.256422548884));
#16246 = CARTESIAN_POINT('',(25.30655931311,2.217955614381));
#16247 = CARTESIAN_POINT('',(24.972048154404,2.090960809284));
#16248 = CARTESIAN_POINT('',(24.728508666767,2.013169840211));
#16249 = CARTESIAN_POINT('',(24.481015622686,1.948221500533));
#16250 = CARTESIAN_POINT('',(24.230479398376,1.896170752795));
#16251 = CARTESIAN_POINT('',(23.977767129158,1.857086650437));
#16252 = CARTESIAN_POINT('',(23.36721888136,1.794519318335));
#16253 = CARTESIAN_POINT('',(23.008152485216,1.783687166081));
#16254 = CARTESIAN_POINT('',(22.648739577536,1.798764625586));
#16255 = CARTESIAN_POINT('',(22.291393441542,1.840095509575));
#16256 = CARTESIAN_POINT('',(21.938702655789,1.90796204174));
#16257 = CARTESIAN_POINT('',(21.447356240148,2.042640257868));
#16258 = CARTESIAN_POINT('',(21.302612545894,2.087470592035));
#16259 = CARTESIAN_POINT('',(21.159425336773,2.137106166201));
#16260 = CARTESIAN_POINT('',(21.018024280572,2.191555251936));
#16261 = CARTESIAN_POINT('',(20.878651530179,2.250817912056));
#16262 = CARTESIAN_POINT('',(20.533845927496,2.411960265556));
#16263 = CARTESIAN_POINT('',(20.3313765747,2.520062234467));
#16264 = CARTESIAN_POINT('',(20.135031035058,2.639158266061));
#16265 = CARTESIAN_POINT('',(19.945778150501,2.769146476743));
#16266 = CARTESIAN_POINT('',(19.764654041114,2.909819554204));
#16267 = CARTESIAN_POINT('',(19.441981426498,3.193249118888));
#16268 = CARTESIAN_POINT('',(19.298307319502,3.333617032769));
#16269 = CARTESIAN_POINT('',(19.162446383658,3.481688786989));
#16270 = CARTESIAN_POINT('',(19.035158774771,3.63713300617));
#16271 = CARTESIAN_POINT('',(18.917203046784,3.799503882654));
#16272 = CARTESIAN_POINT('',(18.745922459651,4.06732271328));
#16273 = CARTESIAN_POINT('',(18.686008678794,4.168618583564));
#16274 = CARTESIAN_POINT('',(18.629712469299,4.271985287703));
#16275 = CARTESIAN_POINT('',(18.577173528124,4.377289348763));
#16276 = CARTESIAN_POINT('',(18.528522624831,4.484381729981));
#16277 = CARTESIAN_POINT('',(18.455089968724,4.663214864985));
#16278 = CARTESIAN_POINT('',(18.427965701622,4.734007451077));
#16279 = CARTESIAN_POINT('',(18.402541088804,4.805431399831));
#16280 = CARTESIAN_POINT('',(18.37884575477,4.877440189918));
#16281 = CARTESIAN_POINT('',(18.356906660001,4.949984971894));
#16282 = CARTESIAN_POINT('',(18.293303049296,5.180404981569));
#16283 = CARTESIAN_POINT('',(18.258126143324,5.340054050011));
#16284 = CARTESIAN_POINT('',(18.23146157545,5.501437736972));
#16285 = CARTESIAN_POINT('',(18.213480410382,5.664007576951));
#16286 = CARTESIAN_POINT('',(18.204273204206,5.827190686327));
#16287 = CARTESIAN_POINT('',(18.203403072305,6.156924066042));
#16288 = CARTESIAN_POINT('',(18.212102503767,6.323489705375));
#16289 = CARTESIAN_POINT('',(18.229943625662,6.489451460023));
#16290 = CARTESIAN_POINT('',(18.256833578069,6.654199944578));
#16291 = CARTESIAN_POINT('',(18.292591990313,6.817151702529));
#16292 = CARTESIAN_POINT('',(18.357133362638,7.05077555198));
#16293 = CARTESIAN_POINT('',(18.379088099139,7.123316633623));
#16294 = CARTESIAN_POINT('',(18.402798933953,7.195321364767));
#16295 = CARTESIAN_POINT('',(18.428238890912,7.266740905935));
#16296 = CARTESIAN_POINT('',(18.455378331185,7.337528746761));
#16297 = CARTESIAN_POINT('',(18.52711536968,7.512128836559));
#16298 = CARTESIAN_POINT('',(18.573749851224,7.615116131527));
#16299 = CARTESIAN_POINT('',(18.623980327242,7.716456481846));
#16300 = CARTESIAN_POINT('',(18.677690987209,7.816017050891));
#16301 = CARTESIAN_POINT('',(18.734758280732,7.913678274458));
#16302 = CARTESIAN_POINT('',(18.901737602125,8.178594146111));
#16303 = CARTESIAN_POINT('',(19.018527954817,8.341576735806));
#16304 = CARTESIAN_POINT('',(19.144700711236,8.497688393853));
#16305 = CARTESIAN_POINT('',(19.279500161227,8.646476309408));
#16306 = CARTESIAN_POINT('',(19.42216740464,8.787602628354));
#16307 = CARTESIAN_POINT('',(19.739085727844,9.069428774459));
#16308 = CARTESIAN_POINT('',(19.915079908825,9.208194032983));
#16309 = CARTESIAN_POINT('',(20.098943628172,9.336778874041));
#16310 = CARTESIAN_POINT('',(20.289704678966,9.454979931099));
#16311 = CARTESIAN_POINT('',(20.486451565869,9.562692648958));
#16312 = CARTESIAN_POINT('',(21.064662562417,9.841009746643));
#16313 = CARTESIAN_POINT('',(21.45876602307,9.985514610976));
#16314 = CARTESIAN_POINT('',(21.865448576412,10.093266451541));
#16315 = CARTESIAN_POINT('',(22.280012447475,10.164559736265));
#16316 = CARTESIAN_POINT('',(22.698294844278,10.199999855771));
#16317 = CARTESIAN_POINT('',(23.116749174998,10.2));
#16318 = ( GEOMETRIC_REPRESENTATION_CONTEXT(2) 
PARAMETRIC_REPRESENTATION_CONTEXT() REPRESENTATION_CONTEXT('2D SPACE',''
  ) );
#16319 = PCURVE('',#16320,#16325);
#16320 = TOROIDAL_SURFACE('',#16321,50.,4.2);
#16321 = AXIS2_PLACEMENT_3D('',#16322,#16323,#16324);
#16322 = CARTESIAN_POINT('',(0.,78.,-40.8));
#16323 = DIRECTION('',(1.,0.,0.));
#16324 = DIRECTION('',(0.,-1.,-5.684341886081E-16));
#16325 = DEFINITIONAL_REPRESENTATION('',(#16326),#16459);
#16326 = B_SPLINE_CURVE_WITH_KNOTS('',6,(#16327,#16328,#16329,#16330,
    #16331,#16332,#16333,#16334,#16335,#16336,#16337,#16338,#16339,
    #16340,#16341,#16342,#16343,#16344,#16345,#16346,#16347,#16348,
    #16349,#16350,#16351,#16352,#16353,#16354,#16355,#16356,#16357,
    #16358,#16359,#16360,#16361,#16362,#16363,#16364,#16365,#16366,
    #16367,#16368,#16369,#16370,#16371,#16372,#16373,#16374,#16375,
    #16376,#16377,#16378,#16379,#16380,#16381,#16382,#16383,#16384,
    #16385,#16386,#16387,#16388,#16389,#16390,#16391,#16392,#16393,
    #16394,#16395,#16396,#16397,#16398,#16399,#16400,#16401,#16402,
    #16403,#16404,#16405,#16406,#16407,#16408,#16409,#16410,#16411,
    #16412,#16413,#16414,#16415,#16416,#16417,#16418,#16419,#16420,
    #16421,#16422,#16423,#16424,#16425,#16426,#16427,#16428,#16429,
    #16430,#16431,#16432,#16433,#16434,#16435,#16436,#16437,#16438,
    #16439,#16440,#16441,#16442,#16443,#16444,#16445,#16446,#16447,
    #16448,#16449,#16450,#16451,#16452,#16453,#16454,#16455,#16456,
    #16457,#16458),.UNSPECIFIED.,.F.,.F.,(7,5,5,5,5,5,5,5,5,5,5,5,5,5,5,
    5,5,5,5,5,5,5,5,5,5,5,7),(0.,2.053344325455E-02,0.122588500565,
    0.161812993097,0.195572688739,0.214332891301,0.252071548802,
    0.290400946797,0.309171471845,0.341970606563,0.381178852033,
    0.409256366672,0.430447913223,0.483189678024,0.557193980053,
    0.588505641512,0.63594842958,0.677551811565,0.701991080439,
    0.717753315097,0.751723432376,0.786387776893,0.802150207316,
    0.825641021803,0.867207464564,0.913577020633,1.),.UNSPECIFIED.);
#16327 = CARTESIAN_POINT('',(1.000359217395,1.570796326795));
#16328 = CARTESIAN_POINT('',(0.999285488126,1.590719609609));
#16329 = CARTESIAN_POINT('',(0.998207413528,1.61062704865));
#16330 = CARTESIAN_POINT('',(0.997125514476,1.630522515212));
#16331 = CARTESIAN_POINT('',(0.996040323539,1.650409940228));
#16332 = CARTESIAN_POINT('',(0.994952384974,1.670293314274));
#16333 = CARTESIAN_POINT('',(0.988444086234,1.789000774487));
#16334 = CARTESIAN_POINT('',(0.982976080906,1.88774921153));
#16335 = CARTESIAN_POINT('',(0.977517740591,1.987076662774));
#16336 = CARTESIAN_POINT('',(0.972151291877,2.087447527792));
#16337 = CARTESIAN_POINT('',(0.96698275969,2.189314608144));
#16338 = CARTESIAN_POINT('',(0.960285624067,2.333354719077));
#16339 = CARTESIAN_POINT('',(0.958475826289,2.373653302644));
#16340 = CARTESIAN_POINT('',(0.956723531623,2.41428844641));
#16341 = CARTESIAN_POINT('',(0.955037772893,2.455282830452));
#16342 = CARTESIAN_POINT('',(0.953428429984,2.496652977057));
#16343 = CARTESIAN_POINT('',(0.950595623774,2.57434812095));
#16344 = CARTESIAN_POINT('',(0.949349671585,2.610572124908));
#16345 = CARTESIAN_POINT('',(0.948174796365,2.647086340958));
#16346 = CARTESIAN_POINT('',(0.947078102174,2.683889998612));
#16347 = CARTESIAN_POINT('',(0.946066744627,2.720974592754));
#16348 = CARTESIAN_POINT('',(0.944636769325,2.779075780599));
#16349 = CARTESIAN_POINT('',(0.944154430639,2.799910761596));
#16350 = CARTESIAN_POINT('',(0.943701730316,2.820823766785));
#16351 = CARTESIAN_POINT('',(0.943279786611,2.84181077411));
#16352 = CARTESIAN_POINT('',(0.942889647583,2.862866846925));
#16353 = CARTESIAN_POINT('',(0.941813413158,2.926470405496));
#16354 = CARTESIAN_POINT('',(0.941227086767,2.969215205298));
#16355 = CARTESIAN_POINT('',(0.940781282707,3.012163201136));
#16356 = CARTESIAN_POINT('',(0.940481926088,3.055256793906));
#16357 = CARTESIAN_POINT('',(0.940332273132,3.098429472755));
#16358 = CARTESIAN_POINT('',(0.940332299286,3.185440591329));
#16359 = CARTESIAN_POINT('',(0.94048670126,3.229289354665));
#16360 = CARTESIAN_POINT('',(0.940795532533,3.273055074965));
#16361 = CARTESIAN_POINT('',(0.941255323835,3.316668278273));
#16362 = CARTESIAN_POINT('',(0.941859779382,3.360069081911));
#16363 = CARTESIAN_POINT('',(0.942963176833,3.424318740652));
#16364 = CARTESIAN_POINT('',(0.943358592504,3.445375589163));
#16365 = CARTESIAN_POINT('',(0.943785716125,3.466362645502));
#16366 = CARTESIAN_POINT('',(0.944243490265,3.487275052019));
#16367 = CARTESIAN_POINT('',(0.944730789247,3.508108867957));
#16368 = CARTESIAN_POINT('',(0.946147420968,3.565122934763));
#16369 = CARTESIAN_POINT('',(0.947134963096,3.601135586526));
#16370 = CARTESIAN_POINT('',(0.948202761441,3.636882816402));
#16371 = CARTESIAN_POINT('',(0.949344258771,3.672356980285));
#16372 = CARTESIAN_POINT('',(0.95055294673,3.707557315507));
#16373 = CARTESIAN_POINT('',(0.953340539076,3.784244877063));
#16374 = CARTESIAN_POINT('',(0.954945589397,3.825615346297));
#16375 = CARTESIAN_POINT('',(0.956627363516,3.866609794077));
#16376 = CARTESIAN_POINT('',(0.958375970162,3.907244525395));
#16377 = CARTESIAN_POINT('',(0.960182361746,3.947542060263));
#16378 = CARTESIAN_POINT('',(0.963367864343,4.016167874923));
#16379 = CARTESIAN_POINT('',(0.964722658811,4.044645789444));
#16380 = CARTESIAN_POINT('',(0.966100023655,4.072974929184));
#16381 = CARTESIAN_POINT('',(0.967497213774,4.101165748618));
#16382 = CARTESIAN_POINT('',(0.96891169273,4.129229143171));
#16383 = CARTESIAN_POINT('',(0.971420004673,4.178269720631));
#16384 = CARTESIAN_POINT('',(0.972507393163,4.199296799699));
#16385 = CARTESIAN_POINT('',(0.973602295097,4.220262506343));
#16386 = CARTESIAN_POINT('',(0.974703760355,4.241171673044));
#16387 = CARTESIAN_POINT('',(0.975810891825,4.262029144836));
#16388 = CARTESIAN_POINT('',(0.979690288213,4.334633525733));
#16389 = CARTESIAN_POINT('',(0.982487444872,4.386134520148));
#16390 = CARTESIAN_POINT('',(0.985301549033,4.43742298264));
#16391 = CARTESIAN_POINT('',(0.988121112717,4.488569430873));
#16392 = CARTESIAN_POINT('',(0.990935837568,4.539642309182));
#16393 = CARTESIAN_POINT('',(0.997666298325,4.662378834783));
#16394 = CARTESIAN_POINT('',(1.001567579547,4.734027387281));
#16395 = CARTESIAN_POINT('',(1.005415527798,4.805874350545));
#16396 = CARTESIAN_POINT('',(1.009185736331,4.878086271705));
#16397 = CARTESIAN_POINT('',(1.012854462737,4.950821531766));
#16398 = CARTESIAN_POINT('',(1.017897683162,5.055327218645));
#16399 = CARTESIAN_POINT('',(1.019374629835,5.086521239277));
#16400 = CARTESIAN_POINT('',(1.020827268783,5.117850234896));
#16401 = CARTESIAN_POINT('',(1.022253698363,5.149325155594));
#16402 = CARTESIAN_POINT('',(1.023651961611,5.180956190404));
#16403 = CARTESIAN_POINT('',(1.027092940492,5.260930289273));
#16404 = CARTESIAN_POINT('',(1.029096500694,5.309486852256));
#16405 = CARTESIAN_POINT('',(1.031023796961,5.358456530658));
#16406 = CARTESIAN_POINT('',(1.032867364196,5.407865355404));
#16407 = CARTESIAN_POINT('',(1.034619375228,5.457731203144));
#16408 = CARTESIAN_POINT('',(1.03772086761,5.55220108905));
#16409 = CARTESIAN_POINT('',(1.039093335683,5.596696970336));
#16410 = CARTESIAN_POINT('',(1.040383770346,5.641555374678));
#16411 = CARTESIAN_POINT('',(1.041586575042,5.686774625978));
#16412 = CARTESIAN_POINT('',(1.042696203996,5.732344196883));
#16413 = CARTESIAN_POINT('',(1.0443013494,5.805203292414));
#16414 = CARTESIAN_POINT('',(1.04486137044,5.832278266453));
#16415 = CARTESIAN_POINT('',(1.045386342507,5.859462127768));
#16416 = CARTESIAN_POINT('',(1.045875249874,5.886749269521));
#16417 = CARTESIAN_POINT('',(1.046327143424,5.914132851372));
#16418 = CARTESIAN_POINT('',(1.047008151528,5.95932297649));
#16419 = CARTESIAN_POINT('',(1.047259403076,5.977077919928));
#16420 = CARTESIAN_POINT('',(1.04749466132,5.994867458724));
#16421 = CARTESIAN_POINT('',(1.047713711698,6.01268923499));
#16422 = CARTESIAN_POINT('',(1.047916359065,6.030540704005));
#16423 = CARTESIAN_POINT('',(1.048503436595,6.086949988759));
#16424 = CARTESIAN_POINT('',(1.048827457571,6.125607692901));
#16425 = CARTESIAN_POINT('',(1.049072719872,6.164361631359));
#16426 = CARTESIAN_POINT('',(1.049237989279,6.20318277489));
#16427 = CARTESIAN_POINT('',(1.049322614142,6.24204012459));
#16428 = CARTESIAN_POINT('',(1.049330611573,6.320548285989));
#16429 = CARTESIAN_POINT('',(1.04925065363,6.360202538213));
#16430 = CARTESIAN_POINT('',(1.049086681875,6.399820967972));
#16431 = CARTESIAN_POINT('',(1.048839364418,6.439370645863));
#16432 = CARTESIAN_POINT('',(1.048510002647,6.478820721089));
#16433 = CARTESIAN_POINT('',(1.047914265277,6.536016898877));
#16434 = CARTESIAN_POINT('',(1.047711471937,6.553868332338));
#16435 = CARTESIAN_POINT('',(1.047492276515,6.571690054206));
#16436 = CARTESIAN_POINT('',(1.04725687427,6.589479520614));
#16437 = CARTESIAN_POINT('',(1.04700547987,6.607234374601));
#16438 = CARTESIAN_POINT('',(1.046340190412,6.651357760532));
#16439 = CARTESIAN_POINT('',(1.045907045903,6.677681400614));
#16440 = CARTESIAN_POINT('',(1.045439676659,6.703916200444));
#16441 = CARTESIAN_POINT('',(1.044938923181,6.730056046709));
#16442 = CARTESIAN_POINT('',(1.044405683662,6.756095878696));
#16443 = CARTESIAN_POINT('',(1.042841565517,6.827924492253));
#16444 = CARTESIAN_POINT('',(1.041743456674,6.873492035791));
#16445 = CARTESIAN_POINT('',(1.040551847471,6.918711112));
#16446 = CARTESIAN_POINT('',(1.039272260526,6.963570611678));
#16447 = CARTESIAN_POINT('',(1.037910279912,7.008068322479));
#16448 = CARTESIAN_POINT('',(1.034866150381,7.101447559778));
#16449 = CARTESIAN_POINT('',(1.03316520662,7.150241182547));
#16450 = CARTESIAN_POINT('',(1.031376020426,7.198596748816));
#16451 = CARTESIAN_POINT('',(1.02950592557,7.246530260728));
#16452 = CARTESIAN_POINT('',(1.027561928443,7.294065350795));
#16453 = CARTESIAN_POINT('',(1.021801764117,7.429143634172));
#16454 = CARTESIAN_POINT('',(1.017820083739,7.515751340206));
#16455 = CARTESIAN_POINT('',(1.013646267692,7.601299319589));
#16456 = CARTESIAN_POINT('',(1.009319572686,7.686010497459));
#16457 = CARTESIAN_POINT('',(1.004878524192,7.770124938798));
#16458 = CARTESIAN_POINT('',(1.000359217395,7.853981633974));
#16459 = ( GEOMETRIC_REPRESENTATION_CONTEXT(2) 
PARAMETRIC_REPRESENTATION_CONTEXT() REPRESENTATION_CONTEXT('2D SPACE',''
  ) );
#16460 = ADVANCED_FACE('',(#16461),#15679,.T.);
#16461 = FACE_BOUND('',#16462,.T.);
#16462 = EDGE_LOOP('',(#16463,#16464,#16486,#16487));
#16463 = ORIENTED_EDGE('',*,*,#15904,.F.);
#16464 = ORIENTED_EDGE('',*,*,#16465,.T.);
#16465 = EDGE_CURVE('',#15884,#15641,#16466,.T.);
#16466 = SURFACE_CURVE('',#16467,(#16472,#16479),.PCURVE_S1.);
#16467 = CIRCLE('',#16468,57.75);
#16468 = AXIS2_PLACEMENT_3D('',#16469,#16470,#16471);
#16469 = CARTESIAN_POINT('',(0.,0.,-13.9));
#16470 = DIRECTION('',(0.,0.,1.));
#16471 = DIRECTION('',(1.,0.,-0.));
#16472 = PCURVE('',#15679,#16473);
#16473 = DEFINITIONAL_REPRESENTATION('',(#16474),#16478);
#16474 = CIRCLE('',#16475,57.75);
#16475 = AXIS2_PLACEMENT_2D('',#16476,#16477);
#16476 = CARTESIAN_POINT('',(0.,0.));
#16477 = DIRECTION('',(1.,0.));
#16478 = ( GEOMETRIC_REPRESENTATION_CONTEXT(2) 
PARAMETRIC_REPRESENTATION_CONTEXT() REPRESENTATION_CONTEXT('2D SPACE',''
  ) );
#16479 = PCURVE('',#15655,#16480);
#16480 = DEFINITIONAL_REPRESENTATION('',(#16481),#16485);
#16481 = LINE('',#16482,#16483);
#16482 = CARTESIAN_POINT('',(0.,0.));
#16483 = VECTOR('',#16484,1.);
#16484 = DIRECTION('',(1.,0.));
#16485 = ( GEOMETRIC_REPRESENTATION_CONTEXT(2) 
PARAMETRIC_REPRESENTATION_CONTEXT() REPRESENTATION_CONTEXT('2D SPACE',''
  ) );
#16486 = ORIENTED_EDGE('',*,*,#15666,.T.);
#16487 = ORIENTED_EDGE('',*,*,#16002,.T.);
#16488 = ADVANCED_FACE('',(#16489),#15655,.F.);
#16489 = FACE_BOUND('',#16490,.F.);
#16490 = EDGE_LOOP('',(#16491,#16513,#16514,#16515));
#16491 = ORIENTED_EDGE('',*,*,#16492,.F.);
#16492 = EDGE_CURVE('',#15863,#15615,#16493,.T.);
#16493 = SURFACE_CURVE('',#16494,(#16499,#16506),.PCURVE_S1.);
#16494 = CIRCLE('',#16495,57.75);
#16495 = AXIS2_PLACEMENT_3D('',#16496,#16497,#16498);
#16496 = CARTESIAN_POINT('',(0.,0.,0.));
#16497 = DIRECTION('',(0.,0.,1.));
#16498 = DIRECTION('',(1.,0.,-0.));
#16499 = PCURVE('',#15655,#16500);
#16500 = DEFINITIONAL_REPRESENTATION('',(#16501),#16505);
#16501 = LINE('',#16502,#16503);
#16502 = CARTESIAN_POINT('',(0.,13.9));
#16503 = VECTOR('',#16504,1.);
#16504 = DIRECTION('',(1.,0.));
#16505 = ( GEOMETRIC_REPRESENTATION_CONTEXT(2) 
PARAMETRIC_REPRESENTATION_CONTEXT() REPRESENTATION_CONTEXT('2D SPACE',''
  ) );
#16506 = PCURVE('',#15629,#16507);
#16507 = DEFINITIONAL_REPRESENTATION('',(#16508),#16512);
#16508 = CIRCLE('',#16509,57.75);
#16509 = AXIS2_PLACEMENT_2D('',#16510,#16511);
#16510 = CARTESIAN_POINT('',(0.,0.));
#16511 = DIRECTION('',(1.,0.));
#16512 = ( GEOMETRIC_REPRESENTATION_CONTEXT(2) 
PARAMETRIC_REPRESENTATION_CONTEXT() REPRESENTATION_CONTEXT('2D SPACE',''
  ) );
#16513 = ORIENTED_EDGE('',*,*,#15883,.F.);
#16514 = ORIENTED_EDGE('',*,*,#16465,.T.);
#16515 = ORIENTED_EDGE('',*,*,#15640,.T.);
#16516 = ADVANCED_FACE('',(#16517),#15629,.F.);
#16517 = FACE_BOUND('',#16518,.F.);
#16518 = EDGE_LOOP('',(#16519,#16520,#16521,#16522));
#16519 = ORIENTED_EDGE('',*,*,#15862,.F.);
#16520 = ORIENTED_EDGE('',*,*,#16492,.T.);
#16521 = ORIENTED_EDGE('',*,*,#15614,.T.);
#16522 = ORIENTED_EDGE('',*,*,#16523,.F.);
#16523 = EDGE_CURVE('',#15842,#15589,#16524,.T.);
#16524 = SURFACE_CURVE('',#16525,(#16530,#16537),.PCURVE_S1.);
#16525 = CIRCLE('',#16526,56.6);
#16526 = AXIS2_PLACEMENT_3D('',#16527,#16528,#16529);
#16527 = CARTESIAN_POINT('',(0.,0.,0.));
#16528 = DIRECTION('',(0.,0.,1.));
#16529 = DIRECTION('',(1.,0.,-0.));
#16530 = PCURVE('',#15629,#16531);
#16531 = DEFINITIONAL_REPRESENTATION('',(#16532),#16536);
#16532 = CIRCLE('',#16533,56.6);
#16533 = AXIS2_PLACEMENT_2D('',#16534,#16535);
#16534 = CARTESIAN_POINT('',(0.,0.));
#16535 = DIRECTION('',(1.,0.));
#16536 = ( GEOMETRIC_REPRESENTATION_CONTEXT(2) 
PARAMETRIC_REPRESENTATION_CONTEXT() REPRESENTATION_CONTEXT('2D SPACE',''
  ) );
#16537 = PCURVE('',#15603,#16538);
#16538 = DEFINITIONAL_REPRESENTATION('',(#16539),#16543);
#16539 = LINE('',#16540,#16541);
#16540 = CARTESIAN_POINT('',(0.,0.));
#16541 = VECTOR('',#16542,1.);
#16542 = DIRECTION('',(1.,0.));
#16543 = ( GEOMETRIC_REPRESENTATION_CONTEXT(2) 
PARAMETRIC_REPRESENTATION_CONTEXT() REPRESENTATION_CONTEXT('2D SPACE',''
  ) );
#16544 = ADVANCED_FACE('',(#16545),#15603,.F.);
#16545 = FACE_BOUND('',#16546,.F.);
#16546 = EDGE_LOOP('',(#16547,#16574,#16575,#16576,#16577,#16599));
#16547 = ORIENTED_EDGE('',*,*,#16548,.F.);
#16548 = EDGE_CURVE('',#15820,#16549,#16551,.T.);
#16549 = VERTEX_POINT('',#16550);
#16550 = CARTESIAN_POINT('',(6.,56.281080302354,15.));
#16551 = SURFACE_CURVE('',#16552,(#16556,#16563),.PCURVE_S1.);
#16552 = LINE('',#16553,#16554);
#16553 = CARTESIAN_POINT('',(6.,56.281080302354,10.));
#16554 = VECTOR('',#16555,1.);
#16555 = DIRECTION('',(0.,0.,1.));
#16556 = PCURVE('',#15603,#16557);
#16557 = DEFINITIONAL_REPRESENTATION('',(#16558),#16562);
#16558 = LINE('',#16559,#16560);
#16559 = CARTESIAN_POINT('',(1.464589706513,10.));
#16560 = VECTOR('',#16561,1.);
#16561 = DIRECTION('',(0.,1.));
#16562 = ( GEOMETRIC_REPRESENTATION_CONTEXT(2) 
PARAMETRIC_REPRESENTATION_CONTEXT() REPRESENTATION_CONTEXT('2D SPACE',''
  ) );
#16563 = PCURVE('',#16564,#16569);
#16564 = CYLINDRICAL_SURFACE('',#16565,56.6);
#16565 = AXIS2_PLACEMENT_3D('',#16566,#16567,#16568);
#16566 = CARTESIAN_POINT('',(0.,0.,10.));
#16567 = DIRECTION('',(0.,0.,1.));
#16568 = DIRECTION('',(1.,0.,-0.));
#16569 = DEFINITIONAL_REPRESENTATION('',(#16570),#16573);
#16570 = B_SPLINE_CURVE_WITH_KNOTS('',1,(#16571,#16572),.UNSPECIFIED.,
  .F.,.F.,(2,2),(-5.999999999062E-07,10.0000006),
  .PIECEWISE_BEZIER_KNOTS.);
#16571 = CARTESIAN_POINT('',(1.464589706513,-5.999999999062E-07));
#16572 = CARTESIAN_POINT('',(1.464589706513,10.0000006));
#16573 = ( GEOMETRIC_REPRESENTATION_CONTEXT(2) 
PARAMETRIC_REPRESENTATION_CONTEXT() REPRESENTATION_CONTEXT('2D SPACE',''
  ) );
#16574 = ORIENTED_EDGE('',*,*,#15841,.F.);
#16575 = ORIENTED_EDGE('',*,*,#16523,.T.);
#16576 = ORIENTED_EDGE('',*,*,#15588,.T.);
#16577 = ORIENTED_EDGE('',*,*,#16578,.T.);
#16578 = EDGE_CURVE('',#15562,#16579,#16581,.T.);
#16579 = VERTEX_POINT('',#16580);
#16580 = CARTESIAN_POINT('',(-6.,56.281080302354,15.));
#16581 = SURFACE_CURVE('',#16582,(#16586,#16593),.PCURVE_S1.);
#16582 = LINE('',#16583,#16584);
#16583 = CARTESIAN_POINT('',(-6.,56.281080302354,10.));
#16584 = VECTOR('',#16585,1.);
#16585 = DIRECTION('',(0.,0.,1.));
#16586 = PCURVE('',#15603,#16587);
#16587 = DEFINITIONAL_REPRESENTATION('',(#16588),#16592);
#16588 = LINE('',#16589,#16590);
#16589 = CARTESIAN_POINT('',(1.677002947077,10.));
#16590 = VECTOR('',#16591,1.);
#16591 = DIRECTION('',(0.,1.));
#16592 = ( GEOMETRIC_REPRESENTATION_CONTEXT(2) 
PARAMETRIC_REPRESENTATION_CONTEXT() REPRESENTATION_CONTEXT('2D SPACE',''
  ) );
#16593 = PCURVE('',#16564,#16594);
#16594 = DEFINITIONAL_REPRESENTATION('',(#16595),#16598);
#16595 = B_SPLINE_CURVE_WITH_KNOTS('',1,(#16596,#16597),.UNSPECIFIED.,
  .F.,.F.,(2,2),(-5.999999999062E-07,10.0000006),
  .PIECEWISE_BEZIER_KNOTS.);
#16596 = CARTESIAN_POINT('',(1.677002947077,-5.999999999062E-07));
#16597 = CARTESIAN_POINT('',(1.677002947077,10.0000006));
#16598 = ( GEOMETRIC_REPRESENTATION_CONTEXT(2) 
PARAMETRIC_REPRESENTATION_CONTEXT() REPRESENTATION_CONTEXT('2D SPACE',''
  ) );
#16599 = ORIENTED_EDGE('',*,*,#16600,.F.);
#16600 = EDGE_CURVE('',#16549,#16579,#16601,.T.);
#16601 = SURFACE_CURVE('',#16602,(#16607,#16614),.PCURVE_S1.);
#16602 = CIRCLE('',#16603,56.6);
#16603 = AXIS2_PLACEMENT_3D('',#16604,#16605,#16606);
#16604 = CARTESIAN_POINT('',(0.,0.,15.));
#16605 = DIRECTION('',(0.,0.,1.));
#16606 = DIRECTION('',(1.,0.,-0.));
#16607 = PCURVE('',#15603,#16608);
#16608 = DEFINITIONAL_REPRESENTATION('',(#16609),#16613);
#16609 = LINE('',#16610,#16611);
#16610 = CARTESIAN_POINT('',(0.,15.));
#16611 = VECTOR('',#16612,1.);
#16612 = DIRECTION('',(1.,0.));
#16613 = ( GEOMETRIC_REPRESENTATION_CONTEXT(2) 
PARAMETRIC_REPRESENTATION_CONTEXT() REPRESENTATION_CONTEXT('2D SPACE',''
  ) );
#16614 = PCURVE('',#16564,#16615);
#16615 = DEFINITIONAL_REPRESENTATION('',(#16616),#16620);
#16616 = LINE('',#16617,#16618);
#16617 = CARTESIAN_POINT('',(0.,5.));
#16618 = VECTOR('',#16619,1.);
#16619 = DIRECTION('',(1.,0.));
#16620 = ( GEOMETRIC_REPRESENTATION_CONTEXT(2) 
PARAMETRIC_REPRESENTATION_CONTEXT() REPRESENTATION_CONTEXT('2D SPACE',''
  ) );
#16621 = ADVANCED_FACE('',(#16622,#16653),#15577,.F.);
#16622 = FACE_BOUND('',#16623,.F.);
#16623 = EDGE_LOOP('',(#16624));
#16624 = ORIENTED_EDGE('',*,*,#16625,.T.);
#16625 = EDGE_CURVE('',#16626,#16626,#16628,.T.);
#16626 = VERTEX_POINT('',#16627);
#16627 = CARTESIAN_POINT('',(62.,-1.518562030943E-14,10.));
#16628 = SURFACE_CURVE('',#16629,(#16634,#16641),.PCURVE_S1.);
#16629 = CIRCLE('',#16630,62.);
#16630 = AXIS2_PLACEMENT_3D('',#16631,#16632,#16633);
#16631 = CARTESIAN_POINT('',(0.,0.,10.));
#16632 = DIRECTION('',(0.,0.,1.));
#16633 = DIRECTION('',(1.,0.,-0.));
#16634 = PCURVE('',#15577,#16635);
#16635 = DEFINITIONAL_REPRESENTATION('',(#16636),#16640);
#16636 = CIRCLE('',#16637,62.);
#16637 = AXIS2_PLACEMENT_2D('',#16638,#16639);
#16638 = CARTESIAN_POINT('',(0.,0.));
#16639 = DIRECTION('',(1.,0.));
#16640 = ( GEOMETRIC_REPRESENTATION_CONTEXT(2) 
PARAMETRIC_REPRESENTATION_CONTEXT() REPRESENTATION_CONTEXT('2D SPACE',''
  ) );
#16641 = PCURVE('',#16642,#16647);
#16642 = CYLINDRICAL_SURFACE('',#16643,62.);
#16643 = AXIS2_PLACEMENT_3D('',#16644,#16645,#16646);
#16644 = CARTESIAN_POINT('',(0.,0.,10.));
#16645 = DIRECTION('',(0.,0.,1.));
#16646 = DIRECTION('',(1.,0.,-0.));
#16647 = DEFINITIONAL_REPRESENTATION('',(#16648),#16652);
#16648 = LINE('',#16649,#16650);
#16649 = CARTESIAN_POINT('',(0.,0.));
#16650 = VECTOR('',#16651,1.);
#16651 = DIRECTION('',(1.,0.));
#16652 = ( GEOMETRIC_REPRESENTATION_CONTEXT(2) 
PARAMETRIC_REPRESENTATION_CONTEXT() REPRESENTATION_CONTEXT('2D SPACE',''
  ) );
#16653 = FACE_BOUND('',#16654,.F.);
#16654 = EDGE_LOOP('',(#16655,#16679,#16701,#16702,#16721));
#16655 = ORIENTED_EDGE('',*,*,#16656,.F.);
#16656 = EDGE_CURVE('',#16657,#15820,#16659,.T.);
#16657 = VERTEX_POINT('',#16658);
#16658 = CARTESIAN_POINT('',(56.6,-1.386300176635E-14,10.));
#16659 = SURFACE_CURVE('',#16660,(#16665,#16672),.PCURVE_S1.);
#16660 = CIRCLE('',#16661,56.6);
#16661 = AXIS2_PLACEMENT_3D('',#16662,#16663,#16664);
#16662 = CARTESIAN_POINT('',(0.,0.,10.));
#16663 = DIRECTION('',(0.,0.,1.));
#16664 = DIRECTION('',(1.,0.,-0.));
#16665 = PCURVE('',#15577,#16666);
#16666 = DEFINITIONAL_REPRESENTATION('',(#16667),#16671);
#16667 = CIRCLE('',#16668,56.6);
#16668 = AXIS2_PLACEMENT_2D('',#16669,#16670);
#16669 = CARTESIAN_POINT('',(0.,0.));
#16670 = DIRECTION('',(1.,0.));
#16671 = ( GEOMETRIC_REPRESENTATION_CONTEXT(2) 
PARAMETRIC_REPRESENTATION_CONTEXT() REPRESENTATION_CONTEXT('2D SPACE',''
  ) );
#16672 = PCURVE('',#16564,#16673);
#16673 = DEFINITIONAL_REPRESENTATION('',(#16674),#16678);
#16674 = LINE('',#16675,#16676);
#16675 = CARTESIAN_POINT('',(0.,0.));
#16676 = VECTOR('',#16677,1.);
#16677 = DIRECTION('',(1.,0.));
#16678 = ( GEOMETRIC_REPRESENTATION_CONTEXT(2) 
PARAMETRIC_REPRESENTATION_CONTEXT() REPRESENTATION_CONTEXT('2D SPACE',''
  ) );
#16679 = ORIENTED_EDGE('',*,*,#16680,.F.);
#16680 = EDGE_CURVE('',#15562,#16657,#16681,.T.);
#16681 = SURFACE_CURVE('',#16682,(#16687,#16694),.PCURVE_S1.);
#16682 = CIRCLE('',#16683,56.6);
#16683 = AXIS2_PLACEMENT_3D('',#16684,#16685,#16686);
#16684 = CARTESIAN_POINT('',(0.,0.,10.));
#16685 = DIRECTION('',(0.,0.,1.));
#16686 = DIRECTION('',(1.,0.,-0.));
#16687 = PCURVE('',#15577,#16688);
#16688 = DEFINITIONAL_REPRESENTATION('',(#16689),#16693);
#16689 = CIRCLE('',#16690,56.6);
#16690 = AXIS2_PLACEMENT_2D('',#16691,#16692);
#16691 = CARTESIAN_POINT('',(0.,0.));
#16692 = DIRECTION('',(1.,0.));
#16693 = ( GEOMETRIC_REPRESENTATION_CONTEXT(2) 
PARAMETRIC_REPRESENTATION_CONTEXT() REPRESENTATION_CONTEXT('2D SPACE',''
  ) );
#16694 = PCURVE('',#16564,#16695);
#16695 = DEFINITIONAL_REPRESENTATION('',(#16696),#16700);
#16696 = LINE('',#16697,#16698);
#16697 = CARTESIAN_POINT('',(0.,0.));
#16698 = VECTOR('',#16699,1.);
#16699 = DIRECTION('',(1.,0.));
#16700 = ( GEOMETRIC_REPRESENTATION_CONTEXT(2) 
PARAMETRIC_REPRESENTATION_CONTEXT() REPRESENTATION_CONTEXT('2D SPACE',''
  ) );
#16701 = ORIENTED_EDGE('',*,*,#15561,.F.);
#16702 = ORIENTED_EDGE('',*,*,#16703,.T.);
#16703 = EDGE_CURVE('',#15534,#15797,#16704,.T.);
#16704 = SURFACE_CURVE('',#16705,(#16709,#16715),.PCURVE_S1.);
#16705 = LINE('',#16706,#16707);
#16706 = CARTESIAN_POINT('',(-3.,61.,10.));
#16707 = VECTOR('',#16708,1.);
#16708 = DIRECTION('',(1.,0.,0.));
#16709 = PCURVE('',#15577,#16710);
#16710 = DEFINITIONAL_REPRESENTATION('',(#16711),#16714);
#16711 = B_SPLINE_CURVE_WITH_KNOTS('',1,(#16712,#16713),.UNSPECIFIED.,
  .F.,.F.,(2,2),(-3.,9.),.PIECEWISE_BEZIER_KNOTS.);
#16712 = CARTESIAN_POINT('',(-6.,61.));
#16713 = CARTESIAN_POINT('',(6.,61.));
#16714 = ( GEOMETRIC_REPRESENTATION_CONTEXT(2) 
PARAMETRIC_REPRESENTATION_CONTEXT() REPRESENTATION_CONTEXT('2D SPACE',''
  ) );
#16715 = PCURVE('',#15549,#16716);
#16716 = DEFINITIONAL_REPRESENTATION('',(#16717),#16720);
#16717 = B_SPLINE_CURVE_WITH_KNOTS('',1,(#16718,#16719),.UNSPECIFIED.,
  .F.,.F.,(2,2),(-3.,9.),.PIECEWISE_BEZIER_KNOTS.);
#16718 = CARTESIAN_POINT('',(111.,0.));
#16719 = CARTESIAN_POINT('',(111.,12.));
#16720 = ( GEOMETRIC_REPRESENTATION_CONTEXT(2) 
PARAMETRIC_REPRESENTATION_CONTEXT() REPRESENTATION_CONTEXT('2D SPACE',''
  ) );
#16721 = ORIENTED_EDGE('',*,*,#15819,.T.);
#16722 = ADVANCED_FACE('',(#16723,#16729),#15549,.T.);
#16723 = FACE_BOUND('',#16724,.T.);
#16724 = EDGE_LOOP('',(#16725,#16726,#16727,#16728));
#16725 = ORIENTED_EDGE('',*,*,#15796,.F.);
#16726 = ORIENTED_EDGE('',*,*,#15694,.T.);
#16727 = ORIENTED_EDGE('',*,*,#15533,.T.);
#16728 = ORIENTED_EDGE('',*,*,#16703,.T.);
#16729 = FACE_BOUND('',#16730,.T.);
#16730 = EDGE_LOOP('',(#16731));
#16731 = ORIENTED_EDGE('',*,*,#16732,.T.);
#16732 = EDGE_CURVE('',#16733,#16733,#16735,.T.);
#16733 = VERTEX_POINT('',#16734);
#16734 = CARTESIAN_POINT('',(4.2,61.,-87.82127178203));
#16735 = SURFACE_CURVE('',#16736,(#16874,#17015),.PCURVE_S1.);
#16736 = B_SPLINE_CURVE_WITH_KNOTS('',6,(#16737,#16738,#16739,#16740,
    #16741,#16742,#16743,#16744,#16745,#16746,#16747,#16748,#16749,
    #16750,#16751,#16752,#16753,#16754,#16755,#16756,#16757,#16758,
    #16759,#16760,#16761,#16762,#16763,#16764,#16765,#16766,#16767,
    #16768,#16769,#16770,#16771,#16772,#16773,#16774,#16775,#16776,
    #16777,#16778,#16779,#16780,#16781,#16782,#16783,#16784,#16785,
    #16786,#16787,#16788,#16789,#16790,#16791,#16792,#16793,#16794,
    #16795,#16796,#16797,#16798,#16799,#16800,#16801,#16802,#16803,
    #16804,#16805,#16806,#16807,#16808,#16809,#16810,#16811,#16812,
    #16813,#16814,#16815,#16816,#16817,#16818,#16819,#16820,#16821,
    #16822,#16823,#16824,#16825,#16826,#16827,#16828,#16829,#16830,
    #16831,#16832,#16833,#16834,#16835,#16836,#16837,#16838,#16839,
    #16840,#16841,#16842,#16843,#16844,#16845,#16846,#16847,#16848,
    #16849,#16850,#16851,#16852,#16853,#16854,#16855,#16856,#16857,
    #16858,#16859,#16860,#16861,#16862,#16863,#16864,#16865,#16866,
    #16867,#16868,#16869,#16870,#16871,#16872,#16873),.UNSPECIFIED.,.T.,
  .F.,(7,5,5,5,5,5,5,5,5,5,5,5,5,5,5,5,5,5,5,5,5,5,5,5,5,5,5,7),(0.,
    1.543611747345E-02,0.1044964431,0.144714276145,0.181363506128,
    0.202929305494,0.217559014959,0.250591304428,0.297895103472,
    0.319458426349,0.356102453166,0.396314594012,0.422755869502,
    0.441170171533,0.485366423663,0.547989350347,0.576486948105,
    0.621771728704,0.665388516368,0.691867185188,0.709427172139,
    0.750234756418,0.790787334829,0.808343900705,0.834815638318,
    0.878418132129,0.922674546048,1.),.UNSPECIFIED.);
#16737 = CARTESIAN_POINT('',(4.2,61.,-87.82127178203));
#16738 = CARTESIAN_POINT('',(4.200000000998,61.,-87.75109573007));
#16739 = CARTESIAN_POINT('',(4.198755602547,61.,-87.68091899979));
#16740 = CARTESIAN_POINT('',(4.196267733493,61.,-87.61076932941));
#16741 = CARTESIAN_POINT('',(4.192537834329,61.,-87.54067439418));
#16742 = CARTESIAN_POINT('',(4.187567857201,61.,-87.47066180643));
#16743 = CARTESIAN_POINT('',(4.145544775347,61.,-86.99744816704));
#16744 = CARTESIAN_POINT('',(4.06853546447,61.,-86.59783505535));
#16745 = CARTESIAN_POINT('',(3.950807391121,61.,-86.20712248608));
#16746 = CARTESIAN_POINT('',(3.79335977389,61.,-85.83061081993));
#16747 = CARTESIAN_POINT('',(3.597803588136,61.,-85.47367915702));
#16748 = CARTESIAN_POINT('',(3.262165076014,61.,-84.99177810183));
#16749 = CARTESIAN_POINT('',(3.150480633347,61.,-84.8469545809));
#16750 = CARTESIAN_POINT('',(3.031758071774,61.,-84.70772350099));
#16751 = CARTESIAN_POINT('',(2.906267034697,61.,-84.57458587078));
#16752 = CARTESIAN_POINT('',(2.77432420629,61.,-84.44803731007));
#16753 = CARTESIAN_POINT('',(2.51052577864,61.,-84.21968475462));
#16754 = CARTESIAN_POINT('',(2.379700078076,61.,-84.11668047064));
#16755 = CARTESIAN_POINT('',(2.244107503175,61.,-84.01991314414));
#16756 = CARTESIAN_POINT('',(2.104065869552,61.,-83.92973594516));
#16757 = CARTESIAN_POINT('',(1.959932888421,61.,-83.84648130009));
#16758 = CARTESIAN_POINT('',(1.725127576486,61.,-83.72571447214));
#16759 = CARTESIAN_POINT('',(1.636866059005,61.,-83.68347782024));
#16760 = CARTESIAN_POINT('',(1.547408463541,61.,-83.64380464618));
#16761 = CARTESIAN_POINT('',(1.456840936146,61.,-83.60675215796));
#16762 = CARTESIAN_POINT('',(1.365254114976,61.,-83.57237277089));
#16763 = CARTESIAN_POINT('',(1.209985935998,61.,-83.51923760757));
#16764 = CARTESIAN_POINT('',(1.146803365319,61.,-83.49901300979));
#16765 = CARTESIAN_POINT('',(1.083225095201,61.,-83.48005507775));
#16766 = CARTESIAN_POINT('',(1.019281568198,61.,-83.4623772559));
#16767 = CARTESIAN_POINT('',(0.955003992474,61.,-83.44599166963));
#16768 = CARTESIAN_POINT('',(0.744611014725,61.,-83.39685463659));
#16769 = CARTESIAN_POINT('',(0.597254988534,61.,-83.36944182685));
#16770 = CARTESIAN_POINT('',(0.44872892836,61.,-83.34879692876));
#16771 = CARTESIAN_POINT('',(0.299414617552,61.,-83.33500459641));
#16772 = CARTESIAN_POINT('',(0.149702957689,61.,-83.32810790522));
#16773 = CARTESIAN_POINT('',(-0.214397068169,61.,-83.32810844367));
#16774 = CARTESIAN_POINT('',(-0.428803269688,61.,-83.34225257313));
#16775 = CARTESIAN_POINT('',(-0.642033284388,61.,-83.37054028465));
#16776 = CARTESIAN_POINT('',(-0.852949325359,61.,-83.41278514305));
#16777 = CARTESIAN_POINT('',(-1.060466715615,61.,-83.46863324403));
#16778 = CARTESIAN_POINT('',(-1.356129991524,61.,-83.56901153735));
#16779 = CARTESIAN_POINT('',(-1.447788885664,61.,-83.60316455248));
#16780 = CARTESIAN_POINT('',(-1.538434813681,61.,-83.63999344662));
#16781 = CARTESIAN_POINT('',(-1.627976951587,61.,-83.6794460764));
#16782 = CARTESIAN_POINT('',(-1.716328953466,61.,-83.7214654782));
#16783 = CARTESIAN_POINT('',(-1.951389966752,61.,-83.84165328195));
#16784 = CARTESIAN_POINT('',(-2.095699199075,61.,-83.92455239249));
#16785 = CARTESIAN_POINT('',(-2.235932815524,61.,-84.01438488769));
#16786 = CARTESIAN_POINT('',(-2.371732060647,61.,-84.11081919805));
#16787 = CARTESIAN_POINT('',(-2.502778077941,61.,-84.21350280665));
#16788 = CARTESIAN_POINT('',(-2.767065133302,61.,-84.44120970433));
#16789 = CARTESIAN_POINT('',(-2.899278871417,61.,-84.56743592163));
#16790 = CARTESIAN_POINT('',(-3.025054700843,61.,-84.70026727431));
#16791 = CARTESIAN_POINT('',(-3.144074720529,61.,-84.83920856109));
#16792 = CARTESIAN_POINT('',(-3.256068182351,61.,-84.98375904198));
#16793 = CARTESIAN_POINT('',(-3.429671363513,61.,-85.23182894423));
#16794 = CARTESIAN_POINT('',(-3.495401008351,61.,-85.33244746949));
#16795 = CARTESIAN_POINT('',(-3.557926999206,61.,-85.43513372854));
#16796 = CARTESIAN_POINT('',(-3.61719061475,61.,-85.53974622507));
#16797 = CARTESIAN_POINT('',(-3.673139647877,61.,-85.64614397793));
#16798 = CARTESIAN_POINT('',(-3.762352374569,61.,-85.82942981868));
#16799 = CARTESIAN_POINT('',(-3.797346450021,61.,-85.90547087277));
#16800 = CARTESIAN_POINT('',(-3.83069509152,61.,-85.98226228415));
#16801 = CARTESIAN_POINT('',(-3.862384009982,61.,-86.05975679965));
#16802 = CARTESIAN_POINT('',(-3.892400167777,61.,-86.13790731215));
#16803 = CARTESIAN_POINT('',(-3.988730757377,61.,-86.40569808228));
#16804 = CARTESIAN_POINT('',(-4.047024827806,61.,-86.59823655534));
#16805 = CARTESIAN_POINT('',(-4.095452461148,61.,-86.7936350768));
#16806 = CARTESIAN_POINT('',(-4.13388676768,61.,-86.99124739056));
#16807 = CARTESIAN_POINT('',(-4.162235496827,61.,-87.19042818739));
#16808 = CARTESIAN_POINT('',(-4.206236872772,61.,-87.67406748366));
#16809 = CARTESIAN_POINT('',(-4.211666554657,61.,-87.95945045838));
#16810 = CARTESIAN_POINT('',(-4.196566617998,61.,-88.24485261924));
#16811 = CARTESIAN_POINT('',(-4.160901025343,61.,-88.52841410735));
#16812 = CARTESIAN_POINT('',(-4.104788704646,61.,-88.80824704882));
#16813 = CARTESIAN_POINT('',(-3.993828746366,61.,-89.20721311613));
#16814 = CARTESIAN_POINT('',(-3.954955180506,61.,-89.33081931907));
#16815 = CARTESIAN_POINT('',(-3.911938581798,61.,-89.45307548493));
#16816 = CARTESIAN_POINT('',(-3.864816321547,61.,-89.57379955359));
#16817 = CARTESIAN_POINT('',(-3.813634950294,61.,-89.6928085175));
#16818 = CARTESIAN_POINT('',(-3.670757703522,61.,-89.99601484769));
#16819 = CARTESIAN_POINT('',(-3.572955947927,61.,-90.17731738194));
#16820 = CARTESIAN_POINT('',(-3.465272758663,61.,-90.35308711826));
#16821 = CARTESIAN_POINT('',(-3.347998561502,61.,-90.52258507452));
#16822 = CARTESIAN_POINT('',(-3.221498347594,61.,-90.68508055424));
#16823 = CARTESIAN_POINT('',(-2.95593159135,61.,-90.98893759339));
#16824 = CARTESIAN_POINT('',(-2.817496347915,61.,-91.13086064794));
#16825 = CARTESIAN_POINT('',(-2.671323864508,61.,-91.2649896212));
#16826 = CARTESIAN_POINT('',(-2.517884934399,61.,-91.39071156468));
#16827 = CARTESIAN_POINT('',(-2.357723820711,61.,-91.50745072402));
#16828 = CARTESIAN_POINT('',(-2.090536488609,61.,-91.6797755627));
#16829 = CARTESIAN_POINT('',(-1.987358303954,61.,-91.74136791224));
#16830 = CARTESIAN_POINT('',(-1.882071528073,61.,-91.79933869833));
#16831 = CARTESIAN_POINT('',(-1.774824348029,61.,-91.85357924668));
#16832 = CARTESIAN_POINT('',(-1.665773943036,61.,-91.90399019001));
#16833 = CARTESIAN_POINT('',(-1.481681317798,61.,-91.98131338395));
#16834 = CARTESIAN_POINT('',(-1.407556002325,61.,-92.01042169221));
#16835 = CARTESIAN_POINT('',(-1.332758942105,61.,-92.03778030726));
#16836 = CARTESIAN_POINT('',(-1.257339918243,61.,-92.06336543538));
#16837 = CARTESIAN_POINT('',(-1.181350088883,61.,-92.08715557473));
#16838 = CARTESIAN_POINT('',(-0.927045092665,61.,-92.16020143601));
#16839 = CARTESIAN_POINT('',(-0.746444007081,61.,-92.20147503358));
#16840 = CARTESIAN_POINT('',(-0.563707031773,61.,-92.2327100073));
#16841 = CARTESIAN_POINT('',(-0.379521348125,61.,-92.25374053686));
#16842 = CARTESIAN_POINT('',(-0.194592542624,61.,-92.26448069513));
#16843 = CARTESIAN_POINT('',(0.174147430877,61.,-92.26537264849));
#16844 = CARTESIAN_POINT('',(0.357968618409,61.,-92.25565191768));
#16845 = CARTESIAN_POINT('',(0.541109212837,61.,-92.23576594709));
#16846 = CARTESIAN_POINT('',(0.722876235152,61.,-92.20579318886));
#16847 = CARTESIAN_POINT('',(0.902593947193,61.,-92.16589026872));
#16848 = CARTESIAN_POINT('',(1.156237845581,61.,-92.09481902775));
#16849 = CARTESIAN_POINT('',(1.232365303639,61.,-92.07152842552));
#16850 = CARTESIAN_POINT('',(1.307933526516,61.,-92.04643897012));
#16851 = CARTESIAN_POINT('',(1.382891170634,61.,-92.01957176185));
#16852 = CARTESIAN_POINT('',(1.457188248149,61.,-91.99095021048));
#16853 = CARTESIAN_POINT('',(1.641731665677,61.,-91.91483823687));
#16854 = CARTESIAN_POINT('',(1.751075274198,61.,-91.86514589798));
#16855 = CARTESIAN_POINT('',(1.858640022953,61.,-91.8116118043));
#16856 = CARTESIAN_POINT('',(1.964267902994,61.,-91.75433415783));
#16857 = CARTESIAN_POINT('',(2.067809825984,61.,-91.69342057697));
#16858 = CARTESIAN_POINT('',(2.336006398015,61.,-91.52285905737));
#16859 = CARTESIAN_POINT('',(2.496850995851,61.,-91.40717945887));
#16860 = CARTESIAN_POINT('',(2.651028789731,61.,-91.28247246328));
#16861 = CARTESIAN_POINT('',(2.797991076324,61.,-91.14931034061));
#16862 = CARTESIAN_POINT('',(2.937262534707,61.,-91.00830333257));
#16863 = CARTESIAN_POINT('',(3.201570060425,61.,-90.7096510413));
#16864 = CARTESIAN_POINT('',(3.326364626337,61.,-90.55178436703));
#16865 = CARTESIAN_POINT('',(3.442389859925,61.,-90.38715345694));
#16866 = CARTESIAN_POINT('',(3.549298503419,61.,-90.21643923397));
#16867 = CARTESIAN_POINT('',(3.646811867718,61.,-90.0403309549));
#16868 = CARTESIAN_POINT('',(3.888284620574,61.,-89.54360074325));
#16869 = CARTESIAN_POINT('',(4.012505391817,61.,-89.2133210628));
#16870 = CARTESIAN_POINT('',(4.106204609925,61.,-88.87235093867));
#16871 = CARTESIAN_POINT('',(4.168773339925,61.,-88.52432802668));
#16872 = CARTESIAN_POINT('',(4.199999934161,61.,-88.17281172623));
#16873 = CARTESIAN_POINT('',(4.2,61.,-87.82127178203));
#16874 = PCURVE('',#15549,#16875);
#16875 = DEFINITIONAL_REPRESENTATION('',(#16876),#17014);
#16876 = B_SPLINE_CURVE_WITH_KNOTS('',6,(#16877,#16878,#16879,#16880,
    #16881,#16882,#16883,#16884,#16885,#16886,#16887,#16888,#16889,
    #16890,#16891,#16892,#16893,#16894,#16895,#16896,#16897,#16898,
    #16899,#16900,#16901,#16902,#16903,#16904,#16905,#16906,#16907,
    #16908,#16909,#16910,#16911,#16912,#16913,#16914,#16915,#16916,
    #16917,#16918,#16919,#16920,#16921,#16922,#16923,#16924,#16925,
    #16926,#16927,#16928,#16929,#16930,#16931,#16932,#16933,#16934,
    #16935,#16936,#16937,#16938,#16939,#16940,#16941,#16942,#16943,
    #16944,#16945,#16946,#16947,#16948,#16949,#16950,#16951,#16952,
    #16953,#16954,#16955,#16956,#16957,#16958,#16959,#16960,#16961,
    #16962,#16963,#16964,#16965,#16966,#16967,#16968,#16969,#16970,
    #16971,#16972,#16973,#16974,#16975,#16976,#16977,#16978,#16979,
    #16980,#16981,#16982,#16983,#16984,#16985,#16986,#16987,#16988,
    #16989,#16990,#16991,#16992,#16993,#16994,#16995,#16996,#16997,
    #16998,#16999,#17000,#17001,#17002,#17003,#17004,#17005,#17006,
    #17007,#17008,#17009,#17010,#17011,#17012,#17013),.UNSPECIFIED.,.F.,
  .F.,(7,5,5,5,5,5,5,5,5,5,5,5,5,5,5,5,5,5,5,5,5,5,5,5,5,5,5,7),(0.,
    1.543611747345E-02,0.1044964431,0.144714276145,0.181363506128,
    0.202929305494,0.217559014959,0.250591304428,0.297895103472,
    0.319458426349,0.356102453166,0.396314594012,0.422755869502,
    0.441170171533,0.485366423663,0.547989350347,0.576486948105,
    0.621771728704,0.665388516368,0.691867185188,0.709427172139,
    0.750234756418,0.790787334829,0.808343900705,0.834815638318,
    0.878418132129,0.922674546048,1.),.UNSPECIFIED.);
#16877 = CARTESIAN_POINT('',(13.178728217965,10.2));
#16878 = CARTESIAN_POINT('',(13.248904269923,10.200000000998));
#16879 = CARTESIAN_POINT('',(13.319081000204,10.198755602547));
#16880 = CARTESIAN_POINT('',(13.389230670589,10.196267733493));
#16881 = CARTESIAN_POINT('',(13.459325605813,10.192537834329));
#16882 = CARTESIAN_POINT('',(13.529338193561,10.187567857201));
#16883 = CARTESIAN_POINT('',(14.002551832955,10.145544775347));
#16884 = CARTESIAN_POINT('',(14.402164944645,10.06853546447));
#16885 = CARTESIAN_POINT('',(14.792877513916,9.950807391121));
#16886 = CARTESIAN_POINT('',(15.169389180066,9.79335977389));
#16887 = CARTESIAN_POINT('',(15.526320842974,9.597803588136));
#16888 = CARTESIAN_POINT('',(16.008221898161,9.262165076014));
#16889 = CARTESIAN_POINT('',(16.1530454191,9.150480633347));
#16890 = CARTESIAN_POINT('',(16.292276499009,9.031758071774));
#16891 = CARTESIAN_POINT('',(16.425414129217,8.906267034697));
#16892 = CARTESIAN_POINT('',(16.551962689921,8.77432420629));
#16893 = CARTESIAN_POINT('',(16.780315245372,8.51052577864));
#16894 = CARTESIAN_POINT('',(16.883319529356,8.379700078076));
#16895 = CARTESIAN_POINT('',(16.980086855852,8.244107503175));
#16896 = CARTESIAN_POINT('',(17.070264054836,8.104065869552));
#16897 = CARTESIAN_POINT('',(17.153518699906,7.959932888421));
#16898 = CARTESIAN_POINT('',(17.274285527859,7.725127576486));
#16899 = CARTESIAN_POINT('',(17.316522179752,7.636866059005));
#16900 = CARTESIAN_POINT('',(17.356195353816,7.547408463541));
#16901 = CARTESIAN_POINT('',(17.393247842034,7.456840936146));
#16902 = CARTESIAN_POINT('',(17.427627229102,7.365254114976));
#16903 = CARTESIAN_POINT('',(17.480762392427,7.209985935998));
#16904 = CARTESIAN_POINT('',(17.500986990205,7.146803365319));
#16905 = CARTESIAN_POINT('',(17.519944922246,7.083225095201));
#16906 = CARTESIAN_POINT('',(17.537622744097,7.019281568198));
#16907 = CARTESIAN_POINT('',(17.55400833037,6.955003992474));
#16908 = CARTESIAN_POINT('',(17.60314536341,6.744611014725));
#16909 = CARTESIAN_POINT('',(17.630558173149,6.597254988534));
#16910 = CARTESIAN_POINT('',(17.651203071234,6.44872892836));
#16911 = CARTESIAN_POINT('',(17.664995403588,6.299414617552));
#16912 = CARTESIAN_POINT('',(17.671892094772,6.149702957689));
#16913 = CARTESIAN_POINT('',(17.671891556322,5.785602931831));
#16914 = CARTESIAN_POINT('',(17.657747426862,5.571196730312));
#16915 = CARTESIAN_POINT('',(17.629459715349,5.357966715612));
#16916 = CARTESIAN_POINT('',(17.587214856944,5.147050674641));
#16917 = CARTESIAN_POINT('',(17.531366755968,4.939533284385));
#16918 = CARTESIAN_POINT('',(17.430988462643,4.643870008476));
#16919 = CARTESIAN_POINT('',(17.396835447515,4.552211114336));
#16920 = CARTESIAN_POINT('',(17.360006553377,4.461565186319));
#16921 = CARTESIAN_POINT('',(17.320553923596,4.372023048413));
#16922 = CARTESIAN_POINT('',(17.278534521791,4.283671046534));
#16923 = CARTESIAN_POINT('',(17.158346718047,4.048610033248));
#16924 = CARTESIAN_POINT('',(17.075447607503,3.904300800925));
#16925 = CARTESIAN_POINT('',(16.985615112309,3.764067184476));
#16926 = CARTESIAN_POINT('',(16.889180801946,3.628267939353));
#16927 = CARTESIAN_POINT('',(16.786497193349,3.497221922059));
#16928 = CARTESIAN_POINT('',(16.558790295665,3.232934866698));
#16929 = CARTESIAN_POINT('',(16.432564078363,3.100721128583));
#16930 = CARTESIAN_POINT('',(16.299732725683,2.974945299157));
#16931 = CARTESIAN_POINT('',(16.160791438903,2.855925279471));
#16932 = CARTESIAN_POINT('',(16.016240958019,2.743931817649));
#16933 = CARTESIAN_POINT('',(15.768171055767,2.570328636487));
#16934 = CARTESIAN_POINT('',(15.667552530502,2.504598991649));
#16935 = CARTESIAN_POINT('',(15.564866271451,2.442073000794));
#16936 = CARTESIAN_POINT('',(15.460253774921,2.38280938525));
#16937 = CARTESIAN_POINT('',(15.353856022066,2.326860352123));
#16938 = CARTESIAN_POINT('',(15.170570181319,2.237647625431));
#16939 = CARTESIAN_POINT('',(15.094529127228,2.202653549979));
#16940 = CARTESIAN_POINT('',(15.017737715843,2.16930490848));
#16941 = CARTESIAN_POINT('',(14.940243200342,2.137615990018));
#16942 = CARTESIAN_POINT('',(14.862092687849,2.107599832223));
#16943 = CARTESIAN_POINT('',(14.594301917718,2.011269242623));
#16944 = CARTESIAN_POINT('',(14.401763444653,1.952975172194));
#16945 = CARTESIAN_POINT('',(14.206364923197,1.904547538852));
#16946 = CARTESIAN_POINT('',(14.008752609438,1.86611323232));
#16947 = CARTESIAN_POINT('',(13.809571812605,1.837764503173));
#16948 = CARTESIAN_POINT('',(13.325932516335,1.793763127228));
#16949 = CARTESIAN_POINT('',(13.040549541615,1.788333445343));
#16950 = CARTESIAN_POINT('',(12.755147380756,1.803433382002));
#16951 = CARTESIAN_POINT('',(12.471585892646,1.839098974657));
#16952 = CARTESIAN_POINT('',(12.191752951179,1.895211295354));
#16953 = CARTESIAN_POINT('',(11.79278688387,2.006171253634));
#16954 = CARTESIAN_POINT('',(11.669180680926,2.045044819494));
#16955 = CARTESIAN_POINT('',(11.546924515066,2.088061418202));
#16956 = CARTESIAN_POINT('',(11.426200446404,2.135183678453));
#16957 = CARTESIAN_POINT('',(11.307191482495,2.186365049706));
#16958 = CARTESIAN_POINT('',(11.003985152303,2.329242296478));
#16959 = CARTESIAN_POINT('',(10.822682618051,2.427044052073));
#16960 = CARTESIAN_POINT('',(10.646912881736,2.534727241337));
#16961 = CARTESIAN_POINT('',(10.477414925471,2.652001438498));
#16962 = CARTESIAN_POINT('',(10.314919445754,2.778501652406));
#16963 = CARTESIAN_POINT('',(10.011062406608,3.04406840865));
#16964 = CARTESIAN_POINT('',(9.869139352056,3.182503652085));
#16965 = CARTESIAN_POINT('',(9.735010378797,3.328676135492));
#16966 = CARTESIAN_POINT('',(9.609288435316,3.482115065601));
#16967 = CARTESIAN_POINT('',(9.492549275971,3.642276179289));
#16968 = CARTESIAN_POINT('',(9.320224437296,3.909463511391));
#16969 = CARTESIAN_POINT('',(9.258632087757,4.012641696046));
#16970 = CARTESIAN_POINT('',(9.200661301662,4.117928471927));
#16971 = CARTESIAN_POINT('',(9.146420753314,4.225175651971));
#16972 = CARTESIAN_POINT('',(9.096009809987,4.334226056964));
#16973 = CARTESIAN_POINT('',(9.018686616045,4.518318682202));
#16974 = CARTESIAN_POINT('',(8.989578307785,4.592443997675));
#16975 = CARTESIAN_POINT('',(8.962219692734,4.667241057895));
#16976 = CARTESIAN_POINT('',(8.936634564611,4.742660081757));
#16977 = CARTESIAN_POINT('',(8.912844425265,4.818649911117));
#16978 = CARTESIAN_POINT('',(8.83979856399,5.072954907335));
#16979 = CARTESIAN_POINT('',(8.798524966414,5.253555992919));
#16980 = CARTESIAN_POINT('',(8.767289992693,5.436292968227));
#16981 = CARTESIAN_POINT('',(8.74625946314,5.620478651875));
#16982 = CARTESIAN_POINT('',(8.735519304866,5.805407457376));
#16983 = CARTESIAN_POINT('',(8.734627351501,6.174147430877));
#16984 = CARTESIAN_POINT('',(8.744348082312,6.357968618409));
#16985 = CARTESIAN_POINT('',(8.764234052905,6.541109212837));
#16986 = CARTESIAN_POINT('',(8.79420681114,6.722876235152));
#16987 = CARTESIAN_POINT('',(8.834109731277,6.902593947193));
#16988 = CARTESIAN_POINT('',(8.905180972248,7.156237845581));
#16989 = CARTESIAN_POINT('',(8.928471574476,7.232365303639));
#16990 = CARTESIAN_POINT('',(8.953561029872,7.307933526516));
#16991 = CARTESIAN_POINT('',(8.980428238147,7.382891170634));
#16992 = CARTESIAN_POINT('',(9.009049789514,7.457188248149));
#16993 = CARTESIAN_POINT('',(9.08516176313,7.641731665677));
#16994 = CARTESIAN_POINT('',(9.134854102011,7.751075274198));
#16995 = CARTESIAN_POINT('',(9.188388195695,7.858640022953));
#16996 = CARTESIAN_POINT('',(9.245665842168,7.964267902994));
#16997 = CARTESIAN_POINT('',(9.30657942303,8.067809825984));
#16998 = CARTESIAN_POINT('',(9.477140942623,8.336006398015));
#16999 = CARTESIAN_POINT('',(9.592820541125,8.496850995851));
#17000 = CARTESIAN_POINT('',(9.717527536719,8.651028789731));
#17001 = CARTESIAN_POINT('',(9.850689659387,8.797991076324));
#17002 = CARTESIAN_POINT('',(9.991696667421,8.937262534707));
#17003 = CARTESIAN_POINT('',(10.2903489587,9.201570060425));
#17004 = CARTESIAN_POINT('',(10.448215632965,9.326364626337));
#17005 = CARTESIAN_POINT('',(10.612846543058,9.442389859925));
#17006 = CARTESIAN_POINT('',(10.78356076603,9.549298503419));
#17007 = CARTESIAN_POINT('',(10.959669045094,9.646811867718));
#17008 = CARTESIAN_POINT('',(11.456399256742,9.888284620574));
#17009 = CARTESIAN_POINT('',(11.786678937194,10.012505391817));
#17010 = CARTESIAN_POINT('',(12.127649061323,10.106204609925));
#17011 = CARTESIAN_POINT('',(12.475671973319,10.168773339925));
#17012 = CARTESIAN_POINT('',(12.827188273766,10.199999934161));
#17013 = CARTESIAN_POINT('',(13.178728217965,10.2));
#17014 = ( GEOMETRIC_REPRESENTATION_CONTEXT(2) 
PARAMETRIC_REPRESENTATION_CONTEXT() REPRESENTATION_CONTEXT('2D SPACE',''
  ) );
#17015 = PCURVE('',#16320,#17016);
#17016 = DEFINITIONAL_REPRESENTATION('',(#17017),#17155);
#17017 = B_SPLINE_CURVE_WITH_KNOTS('',6,(#17018,#17019,#17020,#17021,
    #17022,#17023,#17024,#17025,#17026,#17027,#17028,#17029,#17030,
    #17031,#17032,#17033,#17034,#17035,#17036,#17037,#17038,#17039,
    #17040,#17041,#17042,#17043,#17044,#17045,#17046,#17047,#17048,
    #17049,#17050,#17051,#17052,#17053,#17054,#17055,#17056,#17057,
    #17058,#17059,#17060,#17061,#17062,#17063,#17064,#17065,#17066,
    #17067,#17068,#17069,#17070,#17071,#17072,#17073,#17074,#17075,
    #17076,#17077,#17078,#17079,#17080,#17081,#17082,#17083,#17084,
    #17085,#17086,#17087,#17088,#17089,#17090,#17091,#17092,#17093,
    #17094,#17095,#17096,#17097,#17098,#17099,#17100,#17101,#17102,
    #17103,#17104,#17105,#17106,#17107,#17108,#17109,#17110,#17111,
    #17112,#17113,#17114,#17115,#17116,#17117,#17118,#17119,#17120,
    #17121,#17122,#17123,#17124,#17125,#17126,#17127,#17128,#17129,
    #17130,#17131,#17132,#17133,#17134,#17135,#17136,#17137,#17138,
    #17139,#17140,#17141,#17142,#17143,#17144,#17145,#17146,#17147,
    #17148,#17149,#17150,#17151,#17152,#17153,#17154),.UNSPECIFIED.,.F.,
  .F.,(7,5,5,5,5,5,5,5,5,5,5,5,5,5,5,5,5,5,5,5,5,5,5,5,5,5,5,7),(0.,
    1.543611747345E-02,0.1044964431,0.144714276145,0.181363506128,
    0.202929305494,0.217559014959,0.250591304428,0.297895103472,
    0.319458426349,0.356102453166,0.396314594012,0.422755869502,
    0.441170171533,0.485366423663,0.547989350347,0.576486948105,
    0.621771728704,0.665388516368,0.691867185188,0.709427172139,
    0.750234756418,0.790787334829,0.808343900705,0.834815638318,
    0.878418132129,0.922674546048,1.),.UNSPECIFIED.);
#17018 = CARTESIAN_POINT('',(1.223879429268,1.570796326795));
#17019 = CARTESIAN_POINT('',(1.223402232108,1.586509503885));
#17020 = CARTESIAN_POINT('',(1.222923518705,1.602219580143));
#17021 = CARTESIAN_POINT('',(1.222443468985,1.617927307785));
#17022 = CARTESIAN_POINT('',(1.221962266428,1.633633448917));
#17023 = CARTESIAN_POINT('',(1.221480098074,1.64933877554));
#17024 = CARTESIAN_POINT('',(1.218210761283,1.755657437917));
#17025 = CARTESIAN_POINT('',(1.215398833331,1.84626073384));
#17026 = CARTESIAN_POINT('',(1.212597409977,1.937024347617));
#17027 = CARTESIAN_POINT('',(1.209847568842,2.028092007883));
#17028 = CARTESIAN_POINT('',(1.207196155487,2.119604941443));
#17029 = CARTESIAN_POINT('',(1.203563498369,2.253261422457));
#17030 = CARTESIAN_POINT('',(1.202463798349,2.294954565678));
#17031 = CARTESIAN_POINT('',(1.201399175926,2.336770055766));
#17032 = CARTESIAN_POINT('',(1.200374482374,2.378715213409));
#17033 = CARTESIAN_POINT('',(1.199394639413,2.420794645308));
#17034 = CARTESIAN_POINT('',(1.197616954761,2.50147821169));
#17035 = CARTESIAN_POINT('',(1.196810670037,2.540059775225));
#17036 = CARTESIAN_POINT('',(1.196049375303,2.578754152289));
#17037 = CARTESIAN_POINT('',(1.195336713824,2.61756013035));
#17038 = CARTESIAN_POINT('',(1.194676161092,2.65647385832));
#17039 = CARTESIAN_POINT('',(1.1937147591,2.718444704909));
#17040 = CARTESIAN_POINT('',(1.193377750642,2.741436584706));
#17041 = CARTESIAN_POINT('',(1.193060539768,2.764461753098));
#17042 = CARTESIAN_POINT('',(1.192763732641,2.787518450102));
#17043 = CARTESIAN_POINT('',(1.192487887196,2.810604602391));
#17044 = CARTESIAN_POINT('',(1.192060951545,2.849397265577));
#17045 = CARTESIAN_POINT('',(1.191898269048,2.865089169632));
#17046 = CARTESIAN_POINT('',(1.191745623519,2.880792791016));
#17047 = CARTESIAN_POINT('',(1.191603158956,2.896507330836));
#17048 = CARTESIAN_POINT('',(1.191471005491,2.912231935751));
#17049 = CARTESIAN_POINT('',(1.191074438226,2.96349081825));
#17050 = CARTESIAN_POINT('',(1.190852740878,2.999062817358));
#17051 = CARTESIAN_POINT('',(1.190685547309,3.034670911044));
#17052 = CARTESIAN_POINT('',(1.19057377018,3.070303659898));
#17053 = CARTESIAN_POINT('',(1.19051787485,3.105948969343));
#17054 = CARTESIAN_POINT('',(1.190517881046,3.192639585874));
#17055 = CARTESIAN_POINT('',(1.190632505994,3.243688631759));
#17056 = CARTESIAN_POINT('',(1.190861766907,3.294697231884));
#17057 = CARTESIAN_POINT('',(1.191203632571,3.345633523746));
#17058 = CARTESIAN_POINT('',(1.19165427943,3.396469434659));
#17059 = CARTESIAN_POINT('',(1.192460910375,3.470285135346));
#17060 = CARTESIAN_POINT('',(1.192734977227,3.493371027208));
#17061 = CARTESIAN_POINT('',(1.193030037113,3.516427613884));
#17062 = CARTESIAN_POINT('',(1.193345534873,3.539452807527));
#17063 = CARTESIAN_POINT('',(1.193680866787,3.562444832797));
#17064 = CARTESIAN_POINT('',(1.19463783114,3.624415293996));
#17065 = CARTESIAN_POINT('',(1.195295692806,3.6633286968));
#17066 = CARTESIAN_POINT('',(1.196005782444,3.702134574493));
#17067 = CARTESIAN_POINT('',(1.196764632264,3.74082899987));
#17068 = CARTESIAN_POINT('',(1.197568604132,3.779410686694));
#17069 = CARTESIAN_POINT('',(1.199341721163,3.860094524446));
#17070 = CARTESIAN_POINT('',(1.200319337089,3.90217411071));
#17071 = CARTESIAN_POINT('',(1.201341969953,3.944119325996));
#17072 = CARTESIAN_POINT('',(1.202404699013,3.985934696875));
#17073 = CARTESIAN_POINT('',(1.203502671883,4.027627475597));
#17074 = CARTESIAN_POINT('',(1.205373276333,4.096546909334));
#17075 = CARTESIAN_POINT('',(1.206128558019,4.123838023048));
#17076 = CARTESIAN_POINT('',(1.20689572249,4.151082720152));
#17077 = CARTESIAN_POINT('',(1.207673470646,4.178283958683));
#17078 = CARTESIAN_POINT('',(1.208460538769,4.205444985017));
#17079 = CARTESIAN_POINT('',(1.209809466093,4.251459343616));
#17080 = CARTESIAN_POINT('',(1.21036715877,4.270331549623));
#17081 = CARTESIAN_POINT('',(1.210928362401,4.289187135944));
#17082 = CARTESIAN_POINT('',(1.211492672119,4.308027324167));
#17083 = CARTESIAN_POINT('',(1.212059692343,4.326853373409));
#17084 = CARTESIAN_POINT('',(1.213995523608,4.390820245875));
#17085 = CARTESIAN_POINT('',(1.215375391188,4.435899703625));
#17086 = CARTESIAN_POINT('',(1.216763315048,4.480923245419));
#17087 = CARTESIAN_POINT('',(1.218154258172,4.525909310227));
#17088 = CARTESIAN_POINT('',(1.219543470994,4.570876484138));
#17089 = CARTESIAN_POINT('',(1.222886131258,4.679558544635));
#17090 = CARTESIAN_POINT('',(1.224833292724,4.743272034599));
#17091 = CARTESIAN_POINT('',(1.226755284712,4.807038010971));
#17092 = CARTESIAN_POINT('',(1.2286403352,4.870905543664));
#17093 = CARTESIAN_POINT('',(1.230477479817,4.934918961568));
#17094 = CARTESIAN_POINT('',(1.233066000503,5.028332953261));
#17095 = CARTESIAN_POINT('',(1.233863498021,5.057586073267));
#17096 = CARTESIAN_POINT('',(1.234647971857,5.0868810408));
#17097 = CARTESIAN_POINT('',(1.235418476555,5.116221085713));
#17098 = CARTESIAN_POINT('',(1.236174092338,5.14560906927));
#17099 = CARTESIAN_POINT('',(1.238089574226,5.221827292373));
#17100 = CARTESIAN_POINT('',(1.239225375636,5.268734795057));
#17101 = CARTESIAN_POINT('',(1.240317723567,5.315779049106));
#17102 = CARTESIAN_POINT('',(1.241363189979,5.362967655208));
#17103 = CARTESIAN_POINT('',(1.242358516296,5.410305116179));
#17104 = CARTESIAN_POINT('',(1.244207994602,5.503528200152));
#17105 = CARTESIAN_POINT('',(1.245066017232,5.549404186641));
#17106 = CARTESIAN_POINT('',(1.2458718972,5.595417988156));
#17107 = CARTESIAN_POINT('',(1.246623067228,5.641567948033));
#17108 = CARTESIAN_POINT('',(1.247317172778,5.687849320465));
#17109 = CARTESIAN_POINT('',(1.248337510329,5.762421386531));
#17110 = CARTESIAN_POINT('',(1.248701132434,5.790635978159));
#17111 = CARTESIAN_POINT('',(1.249042467695,5.818893468183));
#17112 = CARTESIAN_POINT('',(1.249361081855,5.847191496879));
#17113 = CARTESIAN_POINT('',(1.249656581256,5.875527322908));
#17114 = CARTESIAN_POINT('',(1.250109017535,5.922712425377));
#17115 = CARTESIAN_POINT('',(1.250279101822,5.94154228408));
#17116 = CARTESIAN_POINT('',(1.25043876324,5.960386490694));
#17117 = CARTESIAN_POINT('',(1.250587908612,5.979244077809));
#17118 = CARTESIAN_POINT('',(1.250726454052,5.998114019336));
#17119 = CARTESIAN_POINT('',(1.251151484426,6.060873202536));
#17120 = CARTESIAN_POINT('',(1.25139100183,6.104813268402));
#17121 = CARTESIAN_POINT('',(1.251571932492,6.148799249627));
#17122 = CARTESIAN_POINT('',(1.251693638428,6.19281750987));
#17123 = CARTESIAN_POINT('',(1.251755792003,6.236853630097));
#17124 = CARTESIAN_POINT('',(1.251760952503,6.324649360651));
#17125 = CARTESIAN_POINT('',(1.251704701533,6.368410430468));
#17126 = CARTESIAN_POINT('',(1.251589625358,6.412156207923));
#17127 = CARTESIAN_POINT('',(1.251416026112,6.455871357382));
#17128 = CARTESIAN_POINT('',(1.251184509377,6.499541292871));
#17129 = CARTESIAN_POINT('',(1.25077107138,6.562032787108));
#17130 = CARTESIAN_POINT('',(1.250635472061,6.580902368941));
#17131 = CARTESIAN_POINT('',(1.250489259158,6.599759831114));
#17132 = CARTESIAN_POINT('',(1.250332514942,6.618604138953));
#17133 = CARTESIAN_POINT('',(1.250165331028,6.637434315559));
#17134 = CARTESIAN_POINT('',(1.249720140512,6.684618833011));
#17135 = CARTESIAN_POINT('',(1.249428966295,6.712954023886));
#17136 = CARTESIAN_POINT('',(1.249114633517,6.741251856063));
#17137 = CARTESIAN_POINT('',(1.248777530882,6.7695095498));
#17138 = CARTESIAN_POINT('',(1.248418087994,6.797724703986));
#17139 = CARTESIAN_POINT('',(1.24740870238,6.872296030696));
#17140 = CARTESIAN_POINT('',(1.24672127836,6.918576667646));
#17141 = CARTESIAN_POINT('',(1.245976621163,6.964726555988));
#17142 = CARTESIAN_POINT('',(1.245177067657,7.010740754779));
#17143 = CARTESIAN_POINT('',(1.244325169328,7.056617409065));
#17144 = CARTESIAN_POINT('',(1.24250868758,7.148778785298));
#17145 = CARTESIAN_POINT('',(1.241542584365,7.195060454876));
#17146 = CARTESIAN_POINT('',(1.240528256801,7.241199703041));
#17147 = CARTESIAN_POINT('',(1.239468732243,7.287200453855));
#17148 = CARTESIAN_POINT('',(1.238367193806,7.333069482791));
#17149 = CARTESIAN_POINT('',(1.235234802916,7.458741996871));
#17150 = CARTESIAN_POINT('',(1.233124564043,7.538292267325));
#17151 = CARTESIAN_POINT('',(1.230914055206,7.617513211842));
#17152 = CARTESIAN_POINT('',(1.228622278367,7.696478152077));
#17153 = CARTESIAN_POINT('',(1.226269900846,7.775268026785));
#17154 = CARTESIAN_POINT('',(1.223879429268,7.853981633974));
#17155 = ( GEOMETRIC_REPRESENTATION_CONTEXT(2) 
PARAMETRIC_REPRESENTATION_CONTEXT() REPRESENTATION_CONTEXT('2D SPACE',''
  ) );
#17156 = ADVANCED_FACE('',(#17157),#15475,.F.);
#17157 = FACE_BOUND('',#17158,.F.);
#17158 = EDGE_LOOP('',(#17159,#17160,#17161,#17162));
#17159 = ORIENTED_EDGE('',*,*,#15459,.F.);
#17160 = ORIENTED_EDGE('',*,*,#16022,.T.);
#17161 = ORIENTED_EDGE('',*,*,#15747,.T.);
#17162 = ORIENTED_EDGE('',*,*,#15976,.F.);
#17163 = ADVANCED_FACE('',(#17164),#16320,.F.);
#17164 = FACE_BOUND('',#17165,.F.);
#17165 = EDGE_LOOP('',(#17166,#17167,#17188,#17189));
#17166 = ORIENTED_EDGE('',*,*,#16046,.F.);
#17167 = ORIENTED_EDGE('',*,*,#17168,.T.);
#17168 = EDGE_CURVE('',#16047,#16733,#17169,.T.);
#17169 = SEAM_CURVE('',#17170,(#17175,#17182),.PCURVE_S1.);
#17170 = CIRCLE('',#17171,50.);
#17171 = AXIS2_PLACEMENT_3D('',#17172,#17173,#17174);
#17172 = CARTESIAN_POINT('',(4.2,78.,-40.8));
#17173 = DIRECTION('',(1.,0.,0.));
#17174 = DIRECTION('',(0.,-1.,-5.684341886081E-16));
#17175 = PCURVE('',#16320,#17176);
#17176 = DEFINITIONAL_REPRESENTATION('',(#17177),#17181);
#17177 = LINE('',#17178,#17179);
#17178 = CARTESIAN_POINT('',(0.,7.853981633974));
#17179 = VECTOR('',#17180,1.);
#17180 = DIRECTION('',(1.,0.));
#17181 = ( GEOMETRIC_REPRESENTATION_CONTEXT(2) 
PARAMETRIC_REPRESENTATION_CONTEXT() REPRESENTATION_CONTEXT('2D SPACE',''
  ) );
#17182 = PCURVE('',#16320,#17183);
#17183 = DEFINITIONAL_REPRESENTATION('',(#17184),#17187);
#17184 = B_SPLINE_CURVE_WITH_KNOTS('',1,(#17185,#17186),.UNSPECIFIED.,
  .F.,.F.,(2,2),(0.,1.570796326795),.PIECEWISE_BEZIER_KNOTS.);
#17185 = CARTESIAN_POINT('',(0.,1.570796326795));
#17186 = CARTESIAN_POINT('',(1.570796326795,1.570796326795));
#17187 = ( GEOMETRIC_REPRESENTATION_CONTEXT(2) 
PARAMETRIC_REPRESENTATION_CONTEXT() REPRESENTATION_CONTEXT('2D SPACE',''
  ) );
#17188 = ORIENTED_EDGE('',*,*,#16732,.T.);
#17189 = ORIENTED_EDGE('',*,*,#17168,.F.);
#17190 = ADVANCED_FACE('',(#17191),#16564,.F.);
#17191 = FACE_BOUND('',#17192,.F.);
#17192 = EDGE_LOOP('',(#17193,#17216,#17243,#17244,#17245,#17246,#17247,
    #17248));
#17193 = ORIENTED_EDGE('',*,*,#17194,.T.);
#17194 = EDGE_CURVE('',#16657,#17195,#17197,.T.);
#17195 = VERTEX_POINT('',#17196);
#17196 = CARTESIAN_POINT('',(56.6,-1.386300176635E-14,20.));
#17197 = SEAM_CURVE('',#17198,(#17202,#17209),.PCURVE_S1.);
#17198 = LINE('',#17199,#17200);
#17199 = CARTESIAN_POINT('',(56.6,-1.386300176635E-14,10.));
#17200 = VECTOR('',#17201,1.);
#17201 = DIRECTION('',(0.,0.,1.));
#17202 = PCURVE('',#16564,#17203);
#17203 = DEFINITIONAL_REPRESENTATION('',(#17204),#17208);
#17204 = LINE('',#17205,#17206);
#17205 = CARTESIAN_POINT('',(6.28318530718,-0.));
#17206 = VECTOR('',#17207,1.);
#17207 = DIRECTION('',(0.,1.));
#17208 = ( GEOMETRIC_REPRESENTATION_CONTEXT(2) 
PARAMETRIC_REPRESENTATION_CONTEXT() REPRESENTATION_CONTEXT('2D SPACE',''
  ) );
#17209 = PCURVE('',#16564,#17210);
#17210 = DEFINITIONAL_REPRESENTATION('',(#17211),#17215);
#17211 = LINE('',#17212,#17213);
#17212 = CARTESIAN_POINT('',(0.,-0.));
#17213 = VECTOR('',#17214,1.);
#17214 = DIRECTION('',(0.,1.));
#17215 = ( GEOMETRIC_REPRESENTATION_CONTEXT(2) 
PARAMETRIC_REPRESENTATION_CONTEXT() REPRESENTATION_CONTEXT('2D SPACE',''
  ) );
#17216 = ORIENTED_EDGE('',*,*,#17217,.F.);
#17217 = EDGE_CURVE('',#17195,#17195,#17218,.T.);
#17218 = SURFACE_CURVE('',#17219,(#17224,#17231),.PCURVE_S1.);
#17219 = CIRCLE('',#17220,56.6);
#17220 = AXIS2_PLACEMENT_3D('',#17221,#17222,#17223);
#17221 = CARTESIAN_POINT('',(0.,0.,20.));
#17222 = DIRECTION('',(0.,0.,1.));
#17223 = DIRECTION('',(1.,0.,-0.));
#17224 = PCURVE('',#16564,#17225);
#17225 = DEFINITIONAL_REPRESENTATION('',(#17226),#17230);
#17226 = LINE('',#17227,#17228);
#17227 = CARTESIAN_POINT('',(0.,10.));
#17228 = VECTOR('',#17229,1.);
#17229 = DIRECTION('',(1.,0.));
#17230 = ( GEOMETRIC_REPRESENTATION_CONTEXT(2) 
PARAMETRIC_REPRESENTATION_CONTEXT() REPRESENTATION_CONTEXT('2D SPACE',''
  ) );
#17231 = PCURVE('',#17232,#17237);
#17232 = PLANE('',#17233);
#17233 = AXIS2_PLACEMENT_3D('',#17234,#17235,#17236);
#17234 = CARTESIAN_POINT('',(0.,0.,20.));
#17235 = DIRECTION('',(0.,0.,1.));
#17236 = DIRECTION('',(1.,0.,-0.));
#17237 = DEFINITIONAL_REPRESENTATION('',(#17238),#17242);
#17238 = CIRCLE('',#17239,56.6);
#17239 = AXIS2_PLACEMENT_2D('',#17240,#17241);
#17240 = CARTESIAN_POINT('',(0.,0.));
#17241 = DIRECTION('',(1.,0.));
#17242 = ( GEOMETRIC_REPRESENTATION_CONTEXT(2) 
PARAMETRIC_REPRESENTATION_CONTEXT() REPRESENTATION_CONTEXT('2D SPACE',''
  ) );
#17243 = ORIENTED_EDGE('',*,*,#17194,.F.);
#17244 = ORIENTED_EDGE('',*,*,#16656,.T.);
#17245 = ORIENTED_EDGE('',*,*,#16548,.T.);
#17246 = ORIENTED_EDGE('',*,*,#16600,.T.);
#17247 = ORIENTED_EDGE('',*,*,#16578,.F.);
#17248 = ORIENTED_EDGE('',*,*,#16680,.T.);
#17249 = ADVANCED_FACE('',(#17250),#16642,.T.);
#17250 = FACE_BOUND('',#17251,.T.);
#17251 = EDGE_LOOP('',(#17252,#17276,#17297,#17298));
#17252 = ORIENTED_EDGE('',*,*,#17253,.F.);
#17253 = EDGE_CURVE('',#17254,#17254,#17256,.T.);
#17254 = VERTEX_POINT('',#17255);
#17255 = CARTESIAN_POINT('',(62.,-1.518562030943E-14,20.));
#17256 = SURFACE_CURVE('',#17257,(#17262,#17269),.PCURVE_S1.);
#17257 = CIRCLE('',#17258,62.);
#17258 = AXIS2_PLACEMENT_3D('',#17259,#17260,#17261);
#17259 = CARTESIAN_POINT('',(0.,0.,20.));
#17260 = DIRECTION('',(0.,0.,1.));
#17261 = DIRECTION('',(1.,0.,-0.));
#17262 = PCURVE('',#16642,#17263);
#17263 = DEFINITIONAL_REPRESENTATION('',(#17264),#17268);
#17264 = LINE('',#17265,#17266);
#17265 = CARTESIAN_POINT('',(0.,10.));
#17266 = VECTOR('',#17267,1.);
#17267 = DIRECTION('',(1.,0.));
#17268 = ( GEOMETRIC_REPRESENTATION_CONTEXT(2) 
PARAMETRIC_REPRESENTATION_CONTEXT() REPRESENTATION_CONTEXT('2D SPACE',''
  ) );
#17269 = PCURVE('',#17232,#17270);
#17270 = DEFINITIONAL_REPRESENTATION('',(#17271),#17275);
#17271 = CIRCLE('',#17272,62.);
#17272 = AXIS2_PLACEMENT_2D('',#17273,#17274);
#17273 = CARTESIAN_POINT('',(0.,0.));
#17274 = DIRECTION('',(1.,0.));
#17275 = ( GEOMETRIC_REPRESENTATION_CONTEXT(2) 
PARAMETRIC_REPRESENTATION_CONTEXT() REPRESENTATION_CONTEXT('2D SPACE',''
  ) );
#17276 = ORIENTED_EDGE('',*,*,#17277,.F.);
#17277 = EDGE_CURVE('',#16626,#17254,#17278,.T.);
#17278 = SEAM_CURVE('',#17279,(#17283,#17290),.PCURVE_S1.);
#17279 = LINE('',#17280,#17281);
#17280 = CARTESIAN_POINT('',(62.,-1.518562030943E-14,10.));
#17281 = VECTOR('',#17282,1.);
#17282 = DIRECTION('',(0.,0.,1.));
#17283 = PCURVE('',#16642,#17284);
#17284 = DEFINITIONAL_REPRESENTATION('',(#17285),#17289);
#17285 = LINE('',#17286,#17287);
#17286 = CARTESIAN_POINT('',(6.28318530718,-0.));
#17287 = VECTOR('',#17288,1.);
#17288 = DIRECTION('',(0.,1.));
#17289 = ( GEOMETRIC_REPRESENTATION_CONTEXT(2) 
PARAMETRIC_REPRESENTATION_CONTEXT() REPRESENTATION_CONTEXT('2D SPACE',''
  ) );
#17290 = PCURVE('',#16642,#17291);
#17291 = DEFINITIONAL_REPRESENTATION('',(#17292),#17296);
#17292 = LINE('',#17293,#17294);
#17293 = CARTESIAN_POINT('',(0.,-0.));
#17294 = VECTOR('',#17295,1.);
#17295 = DIRECTION('',(0.,1.));
#17296 = ( GEOMETRIC_REPRESENTATION_CONTEXT(2) 
PARAMETRIC_REPRESENTATION_CONTEXT() REPRESENTATION_CONTEXT('2D SPACE',''
  ) );
#17297 = ORIENTED_EDGE('',*,*,#16625,.T.);
#17298 = ORIENTED_EDGE('',*,*,#17277,.T.);
#17299 = ADVANCED_FACE('',(#17300,#17303),#17232,.T.);
#17300 = FACE_BOUND('',#17301,.T.);
#17301 = EDGE_LOOP('',(#17302));
#17302 = ORIENTED_EDGE('',*,*,#17253,.T.);
#17303 = FACE_BOUND('',#17304,.T.);
#17304 = EDGE_LOOP('',(#17305));
#17305 = ORIENTED_EDGE('',*,*,#17217,.F.);
#17306 = ( GEOMETRIC_REPRESENTATION_CONTEXT(3) 
GLOBAL_UNCERTAINTY_ASSIGNED_CONTEXT((#17310)) 
GLOBAL_UNIT_ASSIGNED_CONTEXT((#17307,#17308,#17309)) 
REPRESENTATION_CONTEXT('Context #1',
  '3D Context with UNIT and UNCERTAINTY') );
#17307 = ( LENGTH_UNIT() NAMED_UNIT(*) SI_UNIT(.MILLI.,.METRE.) );
#17308 = ( NAMED_UNIT(*) PLANE_ANGLE_UNIT() SI_UNIT($,.RADIAN.) );
#17309 = ( NAMED_UNIT(*) SI_UNIT($,.STERADIAN.) SOLID_ANGLE_UNIT() );
#17310 = UNCERTAINTY_MEASURE_WITH_UNIT(LENGTH_MEASURE(2.E-07),#17307,
  'distance_accuracy_value','confusion accuracy');
#17311 = CONTEXT_DEPENDENT_SHAPE_REPRESENTATION(#17312,#17314);
#17312 = ( REPRESENTATION_RELATIONSHIP('','',#14872,#14671) 
REPRESENTATION_RELATIONSHIP_WITH_TRANSFORMATION(#17313) 
SHAPE_REPRESENTATION_RELATIONSHIP() );
#17313 = ITEM_DEFINED_TRANSFORMATION('','',#11,#14676);
#17314 = PRODUCT_DEFINITION_SHAPE('Placement','Placement of an item',
  #17315);
#17315 = NEXT_ASSEMBLY_USAGE_OCCURRENCE('54',
  'V3_TETHER_NONMETAL_STRAIN_RELIEF_CONCEPT','',#14666,#14867,$);
#17316 = PRODUCT_RELATED_PRODUCT_CATEGORY('part',$,(#14869));
#17317 = MECHANICAL_DESIGN_GEOMETRIC_PRESENTATION_REPRESENTATION('',(
    #17318),#4242);
#17318 = STYLED_ITEM('color',(#17319),#3596);
#17319 = PRESENTATION_STYLE_ASSIGNMENT((#17320));
#17320 = SURFACE_STYLE_USAGE(.BOTH.,#17321);
#17321 = SURFACE_SIDE_STYLE('',(#17322));
#17322 = SURFACE_STYLE_FILL_AREA(#17323);
#17323 = FILL_AREA_STYLE('',(#17324));
#17324 = FILL_AREA_STYLE_COLOUR('',#17325);
#17325 = COLOUR_RGB('',0.640000008347,0.56000001326,0.380000002513);
#17326 = MECHANICAL_DESIGN_GEOMETRIC_PRESENTATION_REPRESENTATION('',(
    #17327),#8936);
#17327 = STYLED_ITEM('color',(#17328),#8204);
#17328 = PRESENTATION_STYLE_ASSIGNMENT((#17329));
#17329 = SURFACE_STYLE_USAGE(.BOTH.,#17330);
#17330 = SURFACE_SIDE_STYLE('',(#17331));
#17331 = SURFACE_STYLE_FILL_AREA(#17332);
#17332 = FILL_AREA_STYLE('',(#17333));
#17333 = FILL_AREA_STYLE_COLOUR('',#17325);
#17334 = MECHANICAL_DESIGN_GEOMETRIC_PRESENTATION_REPRESENTATION('',(
    #17335),#1667);
#17335 = STYLED_ITEM('color',(#17336),#1059);
#17336 = PRESENTATION_STYLE_ASSIGNMENT((#17337));
#17337 = SURFACE_STYLE_USAGE(.BOTH.,#17338);
#17338 = SURFACE_SIDE_STYLE('',(#17339));
#17339 = SURFACE_STYLE_FILL_AREA(#17340);
#17340 = FILL_AREA_STYLE('',(#17341));
#17341 = FILL_AREA_STYLE_COLOUR('',#17342);
#17342 = COLOUR_RGB('',0.130000001093,0.170000001676,0.199999998682);
#17343 = MECHANICAL_DESIGN_GEOMETRIC_PRESENTATION_REPRESENTATION('',(
    #17344),#6090);
#17344 = STYLED_ITEM('color',(#17345),#5886);
#17345 = PRESENTATION_STYLE_ASSIGNMENT((#17346));
#17346 = SURFACE_STYLE_USAGE(.BOTH.,#17347);
#17347 = SURFACE_SIDE_STYLE('',(#17348));
#17348 = SURFACE_STYLE_FILL_AREA(#17349);
#17349 = FILL_AREA_STYLE('',(#17350));
#17350 = FILL_AREA_STYLE_COLOUR('',#17351);
#17351 = COLOUR_RGB('',8.999999692505E-02,0.109999998779,0.130000001093
  );
#17352 = MECHANICAL_DESIGN_GEOMETRIC_PRESENTATION_REPRESENTATION('',(
    #17353),#9137);
#17353 = STYLED_ITEM('color',(#17354),#8955);
#17354 = PRESENTATION_STYLE_ASSIGNMENT((#17355));
#17355 = SURFACE_STYLE_USAGE(.BOTH.,#17356);
#17356 = SURFACE_SIDE_STYLE('',(#17357));
#17357 = SURFACE_STYLE_FILL_AREA(#17358);
#17358 = FILL_AREA_STYLE('',(#17359));
#17359 = FILL_AREA_STYLE_COLOUR('',#17325);
#17360 = MECHANICAL_DESIGN_GEOMETRIC_PRESENTATION_REPRESENTATION('',(
    #17361),#4443);
#17361 = STYLED_ITEM('color',(#17362),#4261);
#17362 = PRESENTATION_STYLE_ASSIGNMENT((#17363));
#17363 = SURFACE_STYLE_USAGE(.BOTH.,#17364);
#17364 = SURFACE_SIDE_STYLE('',(#17365));
#17365 = SURFACE_STYLE_FILL_AREA(#17366);
#17366 = FILL_AREA_STYLE('',(#17367));
#17367 = FILL_AREA_STYLE_COLOUR('',#17325);
#17368 = MECHANICAL_DESIGN_GEOMETRIC_PRESENTATION_REPRESENTATION('',(
    #17369),#1040);
#17369 = STYLED_ITEM('color',(#17370),#768);
#17370 = PRESENTATION_STYLE_ASSIGNMENT((#17371));
#17371 = SURFACE_STYLE_USAGE(.BOTH.,#17372);
#17372 = SURFACE_SIDE_STYLE('',(#17373));
#17373 = SURFACE_STYLE_FILL_AREA(#17374);
#17374 = FILL_AREA_STYLE('',(#17375));
#17375 = FILL_AREA_STYLE_COLOUR('',#17342);
#17376 = MECHANICAL_DESIGN_GEOMETRIC_PRESENTATION_REPRESENTATION('',(
    #17377),#14536);
#17377 = STYLED_ITEM('color',(#17378),#11956);
#17378 = PRESENTATION_STYLE_ASSIGNMENT((#17379));
#17379 = SURFACE_STYLE_USAGE(.BOTH.,#17380);
#17380 = SURFACE_SIDE_STYLE('',(#17381));
#17381 = SURFACE_STYLE_FILL_AREA(#17382);
#17382 = FILL_AREA_STYLE('',(#17383));
#17383 = FILL_AREA_STYLE_COLOUR('',#17384);
#17384 = COLOUR_RGB('',0.670000002606,0.720000003324,0.760000013601);
#17385 = MECHANICAL_DESIGN_GEOMETRIC_PRESENTATION_REPRESENTATION('',(
    #17386),#4845);
#17386 = STYLED_ITEM('color',(#17387),#4663);
#17387 = PRESENTATION_STYLE_ASSIGNMENT((#17388));
#17388 = SURFACE_STYLE_USAGE(.BOTH.,#17389);
#17389 = SURFACE_SIDE_STYLE('',(#17390));
#17390 = SURFACE_STYLE_FILL_AREA(#17391);
#17391 = FILL_AREA_STYLE('',(#17392));
#17392 = FILL_AREA_STYLE_COLOUR('',#17325);
#17393 = MECHANICAL_DESIGN_GEOMETRIC_PRESENTATION_REPRESENTATION('',(
    #17394),#14854);
#17394 = STYLED_ITEM('color',(#17395),#14699);
#17395 = PRESENTATION_STYLE_ASSIGNMENT((#17396));
#17396 = SURFACE_STYLE_USAGE(.BOTH.,#17397);
#17397 = SURFACE_SIDE_STYLE('',(#17398));
#17398 = SURFACE_STYLE_FILL_AREA(#17399);
#17399 = FILL_AREA_STYLE('',(#17400));
#17400 = FILL_AREA_STYLE_COLOUR('',#17401);
#17401 = COLOUR_RGB('',0.979999995588,0.620000000292,8.999999692505E-02
  );
#17402 = MECHANICAL_DESIGN_GEOMETRIC_PRESENTATION_REPRESENTATION('',(
    #17403),#5194);
#17403 = STYLED_ITEM('color',(#17404),#5096);
#17404 = PRESENTATION_STYLE_ASSIGNMENT((#17405));
#17405 = SURFACE_STYLE_USAGE(.BOTH.,#17406);
#17406 = SURFACE_SIDE_STYLE('',(#17407));
#17407 = SURFACE_STYLE_FILL_AREA(#17408);
#17408 = FILL_AREA_STYLE('',(#17409));
#17409 = FILL_AREA_STYLE_COLOUR('',#17351);
#17410 = MECHANICAL_DESIGN_GEOMETRIC_PRESENTATION_REPRESENTATION('',(
    #17411),#1939);
#17411 = STYLED_ITEM('color',(#17412),#1686);
#17412 = PRESENTATION_STYLE_ASSIGNMENT((#17413));
#17413 = SURFACE_STYLE_USAGE(.BOTH.,#17414);
#17414 = SURFACE_SIDE_STYLE('',(#17415,#17419));
#17415 = SURFACE_STYLE_FILL_AREA(#17416);
#17416 = FILL_AREA_STYLE('',(#17417));
#17417 = FILL_AREA_STYLE_COLOUR('',#17418);
#17418 = COLOUR_RGB('',0.610000008801,0.819999987296,0.899999998185);
#17419 = SURFACE_STYLE_RENDERING_WITH_PROPERTIES(.NORMAL_SHADING.,#17418
  ,(#17420));
#17420 = SURFACE_STYLE_TRANSPARENT(0.699999988079);
#17421 = MECHANICAL_DESIGN_GEOMETRIC_PRESENTATION_REPRESENTATION('',(
    #17422),#4644);
#17422 = STYLED_ITEM('color',(#17423),#4462);
#17423 = PRESENTATION_STYLE_ASSIGNMENT((#17424));
#17424 = SURFACE_STYLE_USAGE(.BOTH.,#17425);
#17425 = SURFACE_SIDE_STYLE('',(#17426));
#17426 = SURFACE_STYLE_FILL_AREA(#17427);
#17427 = FILL_AREA_STYLE('',(#17428));
#17428 = FILL_AREA_STYLE_COLOUR('',#17325);
#17429 = MECHANICAL_DESIGN_GEOMETRIC_PRESENTATION_REPRESENTATION('',(
    #17430),#5867);
#17430 = STYLED_ITEM('color',(#17431),#5213);
#17431 = PRESENTATION_STYLE_ASSIGNMENT((#17432));
#17432 = SURFACE_STYLE_USAGE(.BOTH.,#17433);
#17433 = SURFACE_SIDE_STYLE('',(#17434));
#17434 = SURFACE_STYLE_FILL_AREA(#17435);
#17435 = FILL_AREA_STYLE('',(#17436));
#17436 = FILL_AREA_STYLE_COLOUR('',#17325);
#17437 = MECHANICAL_DESIGN_GEOMETRIC_PRESENTATION_REPRESENTATION('',(
    #17438),#3577);
#17438 = STYLED_ITEM('color',(#17439),#2499);
#17439 = PRESENTATION_STYLE_ASSIGNMENT((#17440));
#17440 = SURFACE_STYLE_USAGE(.BOTH.,#17441);
#17441 = SURFACE_SIDE_STYLE('',(#17442));
#17442 = SURFACE_STYLE_FILL_AREA(#17443);
#17443 = FILL_AREA_STYLE('',(#17444));
#17444 = FILL_AREA_STYLE_COLOUR('',#17445);
#17445 = COLOUR_RGB('',9.999999991362E-02,0.270000000334,0.199999998682
  );
#17446 = MECHANICAL_DESIGN_GEOMETRIC_PRESENTATION_REPRESENTATION('',(
    #17447),#14653);
#17447 = STYLED_ITEM('color',(#17448),#14555);
#17448 = PRESENTATION_STYLE_ASSIGNMENT((#17449));
#17449 = SURFACE_STYLE_USAGE(.BOTH.,#17450);
#17450 = SURFACE_SIDE_STYLE('',(#17451));
#17451 = SURFACE_STYLE_FILL_AREA(#17452);
#17452 = FILL_AREA_STYLE('',(#17453));
#17453 = FILL_AREA_STYLE_COLOUR('',#17454);
#17454 = COLOUR_RGB('',0.899999998185,0.270000000334,9.999999991362E-02
  );
#17455 = MECHANICAL_DESIGN_GEOMETRIC_PRESENTATION_REPRESENTATION('',(
    #17456),#17306);
#17456 = STYLED_ITEM('color',(#17457),#14873);
#17457 = PRESENTATION_STYLE_ASSIGNMENT((#17458));
#17458 = SURFACE_STYLE_USAGE(.BOTH.,#17459);
#17459 = SURFACE_SIDE_STYLE('',(#17460));
#17460 = SURFACE_STYLE_FILL_AREA(#17461);
#17461 = FILL_AREA_STYLE('',(#17462));
#17462 = FILL_AREA_STYLE_COLOUR('',#17325);
#17463 = MECHANICAL_DESIGN_GEOMETRIC_PRESENTATION_REPRESENTATION('',(
    #17464),#8185);
#17464 = STYLED_ITEM('color',(#17465),#6156);
#17465 = PRESENTATION_STYLE_ASSIGNMENT((#17466));
#17466 = SURFACE_STYLE_USAGE(.BOTH.,#17467);
#17467 = SURFACE_SIDE_STYLE('',(#17468));
#17468 = SURFACE_STYLE_FILL_AREA(#17469);
#17469 = FILL_AREA_STYLE('',(#17470));
#17470 = FILL_AREA_STYLE_COLOUR('',#17325);
#17471 = MECHANICAL_DESIGN_GEOMETRIC_PRESENTATION_REPRESENTATION('',(
    #17472),#5046);
#17472 = STYLED_ITEM('color',(#17473),#4864);
#17473 = PRESENTATION_STYLE_ASSIGNMENT((#17474));
#17474 = SURFACE_STYLE_USAGE(.BOTH.,#17475);
#17475 = SURFACE_SIDE_STYLE('',(#17476));
#17476 = SURFACE_STYLE_FILL_AREA(#17477);
#17477 = FILL_AREA_STYLE('',(#17478));
#17478 = FILL_AREA_STYLE_COLOUR('',#17325);
#17479 = MECHANICAL_DESIGN_GEOMETRIC_PRESENTATION_REPRESENTATION('',(
    #17480),#458);
#17480 = STYLED_ITEM('color',(#17481),#96);
#17481 = PRESENTATION_STYLE_ASSIGNMENT((#17482));
#17482 = SURFACE_STYLE_USAGE(.BOTH.,#17483);
#17483 = SURFACE_SIDE_STYLE('',(#17484));
#17484 = SURFACE_STYLE_FILL_AREA(#17485);
#17485 = FILL_AREA_STYLE('',(#17486));
#17486 = FILL_AREA_STYLE_COLOUR('',#17342);
#17487 = MECHANICAL_DESIGN_GEOMETRIC_PRESENTATION_REPRESENTATION('',(
    #17488),#11937);
#17488 = STYLED_ITEM('color',(#17489),#11755);
#17489 = PRESENTATION_STYLE_ASSIGNMENT((#17490));
#17490 = SURFACE_STYLE_USAGE(.BOTH.,#17491);
#17491 = SURFACE_SIDE_STYLE('',(#17492));
#17492 = SURFACE_STYLE_FILL_AREA(#17493);
#17493 = FILL_AREA_STYLE('',(#17494));
#17494 = FILL_AREA_STYLE_COLOUR('',#17325);
#17495 = MECHANICAL_DESIGN_GEOMETRIC_PRESENTATION_REPRESENTATION('',(
    #17496),#11736);
#17496 = STYLED_ITEM('color',(#17497),#9156);
#17497 = PRESENTATION_STYLE_ASSIGNMENT((#17498));
#17498 = SURFACE_STYLE_USAGE(.BOTH.,#17499);
#17499 = SURFACE_SIDE_STYLE('',(#17500));
#17500 = SURFACE_STYLE_FILL_AREA(#17501);
#17501 = FILL_AREA_STYLE('',(#17502));
#17502 = FILL_AREA_STYLE_COLOUR('',#17384);
#17503 = MECHANICAL_DESIGN_GEOMETRIC_PRESENTATION_REPRESENTATION('',(
    #17504),#2140);
#17504 = STYLED_ITEM('color',(#17505),#1958);
#17505 = PRESENTATION_STYLE_ASSIGNMENT((#17506));
#17506 = SURFACE_STYLE_USAGE(.BOTH.,#17507);
#17507 = SURFACE_SIDE_STYLE('',(#17508));
#17508 = SURFACE_STYLE_FILL_AREA(#17509);
#17509 = FILL_AREA_STYLE('',(#17510));
#17510 = FILL_AREA_STYLE_COLOUR('',#17342);
#17511 = MECHANICAL_DESIGN_GEOMETRIC_PRESENTATION_REPRESENTATION('',(
    #17512),#749);
#17512 = STYLED_ITEM('color',(#17513),#477);
#17513 = PRESENTATION_STYLE_ASSIGNMENT((#17514));
#17514 = SURFACE_STYLE_USAGE(.BOTH.,#17515);
#17515 = SURFACE_SIDE_STYLE('',(#17516));
#17516 = SURFACE_STYLE_FILL_AREA(#17517);
#17517 = FILL_AREA_STYLE('',(#17518));
#17518 = FILL_AREA_STYLE_COLOUR('',#17342);
#17519 = MECHANICAL_DESIGN_GEOMETRIC_PRESENTATION_REPRESENTATION('',(
    #17520),#2437);
#17520 = STYLED_ITEM('color',(#17521),#2159);
#17521 = PRESENTATION_STYLE_ASSIGNMENT((#17522));
#17522 = SURFACE_STYLE_USAGE(.BOTH.,#17523);
#17523 = SURFACE_SIDE_STYLE('',(#17524));
#17524 = SURFACE_STYLE_FILL_AREA(#17525);
#17525 = FILL_AREA_STYLE('',(#17526));
#17526 = FILL_AREA_STYLE_COLOUR('',#17527);
#17527 = COLOUR_RGB('',0.199999998682,0.24000000363,0.270000000334);
ENDSEC;
END-ISO-10303-21;
