  0
SECTION
  2
HEADER
  9
$ACADVER
  1
AC1032
  9
$ACADMAINTVER
 90
4
  9
$DWGCODEPAGE
  3
ANSI_1252
  9
$LASTSAVEDBY
  1
ezdxf
  9
$REQUIREDVERSIONS
160
0
  9
$INSBASE
 10
0.0
 20
0.0
 30
0.0
  9
$EXTMIN
 10
1e+20
 20
1e+20
 30
1e+20
  9
$EXTMAX
 10
-1e+20
 20
-1e+20
 30
-1e+20
  9
$LIMMIN
 10
0.0
 20
0.0
  9
$LIMMAX
 10
420.0
 20
297.0
  9
$ORTHOMODE
 70
0
  9
$REGENMODE
 70
1
  9
$FILLMODE
 70
1
  9
$QTEXTMODE
 70
0
  9
$MIRRTEXT
 70
1
  9
$LTSCALE
 40
1.0
  9
$ATTMODE
 70
1
  9
$TEXTSIZE
 40
2.5
  9
$TRACEWID
 40
1.0
  9
$TEXTSTYLE
  7
Standard
  9
$CLAYER
  8
0
  9
$CELTYPE
  6
ByLayer
  9
$CECOLOR
 62
256
  9
$CELTSCALE
 40
1.0
  9
$DISPSILH
 70
0
  9
$DIMSCALE
 40
1.0
  9
$DIMASZ
 40
2.5
  9
$DIMEXO
 40
0.625
  9
$DIMDLI
 40
3.75
  9
$DIMRND
 40
0.0
  9
$DIMDLE
 40
0.0
  9
$DIMEXE
 40
1.25
  9
$DIMTP
 40
0.0
  9
$DIMTM
 40
0.0
  9
$DIMTXT
 40
2.5
  9
$DIMCEN
 40
2.5
  9
$DIMTSZ
 40
0.0
  9
$DIMTOL
 70
0
  9
$DIMLIM
 70
0
  9
$DIMTIH
 70
0
  9
$DIMTOH
 70
0
  9
$DIMSE1
 70
0
  9
$DIMSE2
 70
0
  9
$DIMTAD
 70
1
  9
$DIMZIN
 70
8
  9
$DIMBLK
  1

  9
$DIMASO
 70
1
  9
$DIMSHO
 70
1
  9
$DIMPOST
  1

  9
$DIMAPOST
  1

  9
$DIMALT
 70
0
  9
$DIMALTD
 70
3
  9
$DIMALTF
 40
0.03937007874
  9
$DIMLFAC
 40
1.0
  9
$DIMTOFL
 70
1
  9
$DIMTVP
 40
0.0
  9
$DIMTIX
 70
0
  9
$DIMSOXD
 70
0
  9
$DIMSAH
 70
0
  9
$DIMBLK1
  1

  9
$DIMBLK2
  1

  9
$DIMSTYLE
  2
ISO-25
  9
$DIMCLRD
 70
0
  9
$DIMCLRE
 70
0
  9
$DIMCLRT
 70
0
  9
$DIMTFAC
 40
1.0
  9
$DIMGAP
 40
0.625
  9
$DIMJUST
 70
0
  9
$DIMSD1
 70
0
  9
$DIMSD2
 70
0
  9
$DIMTOLJ
 70
0
  9
$DIMTZIN
 70
8
  9
$DIMALTZ
 70
0
  9
$DIMALTTZ
 70
0
  9
$DIMUPT
 70
0
  9
$DIMDEC
 70
2
  9
$DIMTDEC
 70
2
  9
$DIMALTU
 70
2
  9
$DIMALTTD
 70
3
  9
$DIMTXSTY
  7
Standard
  9
$DIMAUNIT
 70
0
  9
$DIMADEC
 70
0
  9
$DIMALTRND
 40
0.0
  9
$DIMAZIN
 70
0
  9
$DIMDSEP
 70
44
  9
$DIMATFIT
 70
3
  9
$DIMFRAC
 70
0
  9
$DIMLDRBLK
  1

  9
$DIMLUNIT
 70
2
  9
$DIMLWD
 70
-2
  9
$DIMLWE
 70
-2
  9
$DIMTMOVE
 70
0
  9
$DIMFXL
 40
1.0
  9
$DIMFXLON
 70
0
  9
$DIMJOGANG
 40
0.785398163397
  9
$DIMTFILL
 70
0
  9
$DIMTFILLCLR
 70
0
  9
$DIMARCSYM
 70
0
  9
$DIMLTYPE
  6

  9
$DIMLTEX1
  6

  9
$DIMLTEX2
  6

  9
$DIMTXTDIRECTION
 70
0
  9
$LUNITS
 70
2
  9
$LUPREC
 70
4
  9
$SKETCHINC
 40
1.0
  9
$FILLETRAD
 40
10.0
  9
$AUNITS
 70
0
  9
$AUPREC
 70
2
  9
$MENU
  1
.
  9
$ELEVATION
 40
0.0
  9
$PELEVATION
 40
0.0
  9
$THICKNESS
 40
0.0
  9
$LIMCHECK
 70
0
  9
$CHAMFERA
 40
0.0
  9
$CHAMFERB
 40
0.0
  9
$CHAMFERC
 40
0.0
  9
$CHAMFERD
 40
0.0
  9
$SKPOLY
 70
0
  9
$TDCREATE
 40
2461311.6022453704
  9
$TDUCREATE
 40
2458532.153996898
  9
$TDUPDATE
 40
2461311.6022453704
  9
$TDUUPDATE
 40
2458532.1544311
  9
$TDINDWG
 40
0.0
  9
$TDUSRTIMER
 40
0.0
  9
$USRTIMER
 70
1
  9
$ANGBASE
 50
0.0
  9
$ANGDIR
 70
0
  9
$PDMODE
 70
0
  9
$PDSIZE
 40
0.0
  9
$PLINEWID
 40
0.0
  9
$SPLFRAME
 70
0
  9
$SPLINETYPE
 70
6
  9
$SPLINESEGS
 70
8
  9
$HANDSEED
  5
4C8
  9
$SURFTAB1
 70
6
  9
$SURFTAB2
 70
6
  9
$SURFTYPE
 70
6
  9
$SURFU
 70
6
  9
$SURFV
 70
6
  9
$UCSBASE
  2

  9
$UCSNAME
  2

  9
$UCSORG
 10
0.0
 20
0.0
 30
0.0
  9
$UCSXDIR
 10
1.0
 20
0.0
 30
0.0
  9
$UCSYDIR
 10
0.0
 20
1.0
 30
0.0
  9
$UCSORTHOREF
  2

  9
$UCSORTHOVIEW
 70
0
  9
$UCSORGTOP
 10
0.0
 20
0.0
 30
0.0
  9
$UCSORGBOTTOM
 10
0.0
 20
0.0
 30
0.0
  9
$UCSORGLEFT
 10
0.0
 20
0.0
 30
0.0
  9
$UCSORGRIGHT
 10
0.0
 20
0.0
 30
0.0
  9
$UCSORGFRONT
 10
0.0
 20
0.0
 30
0.0
  9
$UCSORGBACK
 10
0.0
 20
0.0
 30
0.0
  9
$PUCSBASE
  2

  9
$PUCSNAME
  2

  9
$PUCSORG
 10
0.0
 20
0.0
 30
0.0
  9
$PUCSXDIR
 10
1.0
 20
0.0
 30
0.0
  9
$PUCSYDIR
 10
0.0
 20
1.0
 30
0.0
  9
$PUCSORTHOREF
  2

  9
$PUCSORTHOVIEW
 70
0
  9
$PUCSORGTOP
 10
0.0
 20
0.0
 30
0.0
  9
$PUCSORGBOTTOM
 10
0.0
 20
0.0
 30
0.0
  9
$PUCSORGLEFT
 10
0.0
 20
0.0
 30
0.0
  9
$PUCSORGRIGHT
 10
0.0
 20
0.0
 30
0.0
  9
$PUCSORGFRONT
 10
0.0
 20
0.0
 30
0.0
  9
$PUCSORGBACK
 10
0.0
 20
0.0
 30
0.0
  9
$USERI1
 70
0
  9
$USERI2
 70
0
  9
$USERI3
 70
0
  9
$USERI4
 70
0
  9
$USERI5
 70
0
  9
$USERR1
 40
0.0
  9
$USERR2
 40
0.0
  9
$USERR3
 40
0.0
  9
$USERR4
 40
0.0
  9
$USERR5
 40
0.0
  9
$WORLDVIEW
 70
1
  9
$SHADEDGE
 70
3
  9
$SHADEDIF
 70
70
  9
$TILEMODE
 70
1
  9
$MAXACTVP
 70
64
  9
$PINSBASE
 10
0.0
 20
0.0
 30
0.0
  9
$PLIMCHECK
 70
0
  9
$PEXTMIN
 10
1e+20
 20
1e+20
 30
1e+20
  9
$PEXTMAX
 10
-1e+20
 20
-1e+20
 30
-1e+20
  9
$PLIMMIN
 10
0.0
 20
0.0
  9
$PLIMMAX
 10
420.0
 20
297.0
  9
$UNITMODE
 70
0
  9
$VISRETAIN
 70
1
  9
$PLINEGEN
 70
0
  9
$PSLTSCALE
 70
1
  9
$TREEDEPTH
 70
3020
  9
$CMLSTYLE
  2
Standard
  9
$CMLJUST
 70
0
  9
$CMLSCALE
 40
20.0
  9
$PROXYGRAPHICS
 70
1
  9
$MEASUREMENT
 70
1
  9
$CELWEIGHT
370
-1
  9
$ENDCAPS
280
0
  9
$JOINSTYLE
280
0
  9
$LWDISPLAY
290
0
  9
$INSUNITS
 70
4
  9
$HYPERLINKBASE
  1

  9
$STYLESHEET
  1

  9
$XEDIT
290
1
  9
$CEPSNTYPE
380
0
  9
$PSTYLEMODE
290
1
  9
$FINGERPRINTGUID
  2
{895518A5-DFAB-4F07-9072-CB2541C572D1}
  9
$VERSIONGUID
  2
{C42B8726-1818-4A3D-A282-A1A508AF89FD}
  9
$EXTNAMES
290
1
  9
$PSVPSCALE
 40
0.0
  9
$OLESTARTUP
290
0
  9
$SORTENTS
280
127
  9
$INDEXCTL
280
0
  9
$HIDETEXT
280
1
  9
$XCLIPFRAME
280
1
  9
$HALOGAP
280
0
  9
$OBSCOLOR
 70
257
  9
$OBSLTYPE
280
0
  9
$INTERSECTIONDISPLAY
280
0
  9
$INTERSECTIONCOLOR
 70
257
  9
$DIMASSOC
280
2
  9
$PROJECTNAME
  1

  9
$CAMERADISPLAY
290
0
  9
$LENSLENGTH
 40
50.0
  9
$CAMERAHEIGHT
 40
0.0
  9
$STEPSPERSEC
 40
24.0
  9
$STEPSIZE
 40
100.0
  9
$3DDWFPREC
 40
2.0
  9
$PSOLWIDTH
 40
0.005
  9
$PSOLHEIGHT
 40
0.08
  9
$LOFTANG1
 40
1.570796326795
  9
$LOFTANG2
 40
1.570796326795
  9
$LOFTMAG1
 40
0.0
  9
$LOFTMAG2
 40
0.0
  9
$LOFTPARAM
 70
7
  9
$LOFTNORMALS
280
1
  9
$LATITUDE
 40
37.795
  9
$LONGITUDE
 40
-122.394
  9
$NORTHDIRECTION
 40
0.0
  9
$TIMEZONE
 70
-8000
  9
$LIGHTGLYPHDISPLAY
280
1
  9
$TILEMODELIGHTSYNCH
280
1
  9
$CMATERIAL
347
20
  9
$SOLIDHIST
280
0
  9
$SHOWHIST
280
1
  9
$DWFFRAME
280
2
  9
$DGNFRAME
280
2
  9
$REALWORLDSCALE
290
1
  9
$INTERFERECOLOR
 62
256
  9
$CSHADOW
280
0
  9
$SHADOWPLANELOCATION
 40
0.0
  0
ENDSEC
  0
SECTION
  2
CLASSES
  0
CLASS
  1
ACDBDICTIONARYWDFLT
  2
AcDbDictionaryWithDefault
  3
ObjectDBX Classes
 90
0
 91
0
280
0
281
0
  0
CLASS
  1
SUN
  2
AcDbSun
  3
SCENEOE
 90
1153
 91
0
280
0
281
0
  0
CLASS
  1
VISUALSTYLE
  2
AcDbVisualStyle
  3
ObjectDBX Classes
 90
4095
 91
0
280
0
281
0
  0
CLASS
  1
MATERIAL
  2
AcDbMaterial
  3
ObjectDBX Classes
 90
1153
 91
0
280
0
281
0
  0
CLASS
  1
SCALE
  2
AcDbScale
  3
ObjectDBX Classes
 90
1153
 91
0
280
0
281
0
  0
CLASS
  1
TABLESTYLE
  2
AcDbTableStyle
  3
ObjectDBX Classes
 90
4095
 91
0
280
0
281
0
  0
CLASS
  1
MLEADERSTYLE
  2
AcDbMLeaderStyle
  3
ACDB_MLEADERSTYLE_CLASS
 90
4095
 91
0
280
0
281
0
  0
CLASS
  1
DICTIONARYVAR
  2
AcDbDictionaryVar
  3
ObjectDBX Classes
 90
0
 91
0
280
0
281
0
  0
CLASS
  1
CELLSTYLEMAP
  2
AcDbCellStyleMap
  3
ObjectDBX Classes
 90
1152
 91
0
280
0
281
0
  0
CLASS
  1
MENTALRAYRENDERSETTINGS
  2
AcDbMentalRayRenderSettings
  3
SCENEOE
 90
1024
 91
0
280
0
281
0
  0
CLASS
  1
ACDBDETAILVIEWSTYLE
  2
AcDbDetailViewStyle
  3
ObjectDBX Classes
 90
1025
 91
0
280
0
281
0
  0
CLASS
  1
ACDBSECTIONVIEWSTYLE
  2
AcDbSectionViewStyle
  3
ObjectDBX Classes
 90
1025
 91
0
280
0
281
0
  0
CLASS
  1
RASTERVARIABLES
  2
AcDbRasterVariables
  3
ISM
 90
0
 91
0
280
0
281
0
  0
CLASS
  1
LAYOUT
  2
AcDbLayout
  3
ObjectDBX Classes
 90
0
 91
0
280
0
281
0
  0
CLASS
  1
ACDBPLACEHOLDER
  2
AcDbPlaceHolder
  3
ObjectDBX Classes
 90
0
 91
0
280
0
281
0
  0
ENDSEC
  0
SECTION
  2
TABLES
  0
TABLE
  2
VPORT
  5
8
330
0
100
AcDbSymbolTable
 70
1
  0
VPORT
  5
23
330
8
100
AcDbSymbolTableRecord
100
AcDbViewportTableRecord
  2
*Active
 70
0
 10
0.0
 20
0.0
 11
1.0
 21
1.0
 12
0.0
 22
0.0
 13
0.0
 23
0.0
 14
0.5
 24
0.5
 15
0.5
 25
0.5
 16
0.0
 26
0.0
 36
1.0
 17
0.0
 27
0.0
 37
0.0
 40
1000.0
 41
1.34
 42
50.0
 43
0.0
 44
0.0
 50
0.0
 51
0.0
 71
0
 72
1000
 73
1
 74
3
 75
0
 76
0
 77
0
 78
0
281
0
 65
0
146
0.0
  0
ENDTAB
  0
TABLE
  2
LTYPE
  5
2
330
0
100
AcDbSymbolTable
 70
3
  0
LTYPE
  5
24
330
2
100
AcDbSymbolTableRecord
100
AcDbLinetypeTableRecord
  2
ByBlock
 70
0
  3

 72
65
 73
0
 40
0.0
  0
LTYPE
  5
25
330
2
100
AcDbSymbolTableRecord
100
AcDbLinetypeTableRecord
  2
ByLayer
 70
0
  3

 72
65
 73
0
 40
0.0
  0
LTYPE
  5
26
330
2
100
AcDbSymbolTableRecord
100
AcDbLinetypeTableRecord
  2
Continuous
 70
0
  3

 72
65
 73
0
 40
0.0
  0
ENDTAB
  0
TABLE
  2
LAYER
  5
1
330
0
100
AcDbSymbolTable
 70
7
  0
LAYER
  5
27
330
1
100
AcDbSymbolTableRecord
100
AcDbLayerTableRecord
  2
0
 70
0
 62
7
  6
Continuous
370
-3
390
13
347
21
  0
LAYER
  5
28
330
1
100
AcDbSymbolTableRecord
100
AcDbLayerTableRecord
  2
Defpoints
 70
0
 62
7
  6
Continuous
290
0
370
-3
390
13
347
21
  0
LAYER
  5
2F
330
1
100
AcDbSymbolTableRecord
100
AcDbLayerTableRecord
  2
XY_AFT
 70
0
 62
7
  6
Continuous
370
-3
390
13
347
21
  0
LAYER
  5
30
330
1
100
AcDbSymbolTableRecord
100
AcDbLayerTableRecord
  2
XZ_SIDE
 70
0
 62
7
  6
Continuous
370
-3
390
13
347
21
  0
LAYER
  5
31
330
1
100
AcDbSymbolTableRecord
100
AcDbLayerTableRecord
  2
YZ_SIDE
 70
0
 62
7
  6
Continuous
370
-3
390
13
347
21
  0
LAYER
  5
32
330
1
100
AcDbSymbolTableRecord
100
AcDbLayerTableRecord
  2
DIMENSIONS
 70
0
 62
7
  6
Continuous
370
-3
390
13
347
21
  0
LAYER
  5
33
330
1
100
AcDbSymbolTableRecord
100
AcDbLayerTableRecord
  2
NOTES
 70
0
 62
7
  6
Continuous
370
-3
390
13
347
21
  0
ENDTAB
  0
TABLE
  2
STYLE
  5
5
330
0
100
AcDbSymbolTable
 70
1
  0
STYLE
  5
29
330
5
100
AcDbSymbolTableRecord
100
AcDbTextStyleTableRecord
  2
Standard
 70
0
 40
0.0
 41
1.0
 50
0.0
 71
0
 42
2.5
  3
txt
  4

  0
ENDTAB
  0
TABLE
  2
VIEW
  5
7
330
0
100
AcDbSymbolTable
 70
0
  0
ENDTAB
  0
TABLE
  2
UCS
  5
6
330
0
100
AcDbSymbolTable
 70
0
  0
ENDTAB
  0
TABLE
  2
APPID
  5
3
330
0
100
AcDbSymbolTable
 70
3
  0
APPID
  5
2A
330
3
100
AcDbSymbolTableRecord
100
AcDbRegAppTableRecord
  2
ACAD
 70
0
  0
APPID
  5
4C5
330
3
100
AcDbSymbolTableRecord
100
AcDbRegAppTableRecord
  2
HATCHBACKGROUNDCOLOR
 70
0
  0
APPID
  5
4C6
330
3
100
AcDbSymbolTableRecord
100
AcDbRegAppTableRecord
  2
EZDXF
 70
0
  0
ENDTAB
  0
TABLE
  2
DIMSTYLE
  5
4
330
0
100
AcDbSymbolTable
 70
1
100
AcDbDimStyleTable
  0
DIMSTYLE
105
2B
330
4
100
AcDbSymbolTableRecord
100
AcDbDimStyleTableRecord
  2
Standard
 70
0
 40
1.0
 41
2.5
 42
0.625
 43
3.75
 44
1.25
 45
0.0
 46
0.0
 47
0.0
 48
0.0
 49
2.5
140
2.5
141
2.5
142
0.0
143
0.03937007874
144
1.0
145
0.0
146
1.0
147
0.625
148
0.0
 69
0
 70
0
 71
0
 72
0
 73
0
 74
0
 75
0
 76
0
 77
1
 78
8
 79
3
170
0
171
3
172
1
173
0
174
0
175
0
176
0
177
0
178
0
179
2
271
2
272
2
273
2
274
3
275
0
276
0
277
2
278
44
279
0
280
0
281
0
282
0
283
0
284
8
285
0
286
0
288
0
289
3
290
0
371
-2
372
-2
  0
ENDTAB
  0
TABLE
  2
BLOCK_RECORD
  5
9
330
0
100
AcDbSymbolTable
 70
9
  0
BLOCK_RECORD
  5
17
330
9
100
AcDbSymbolTableRecord
100
AcDbBlockTableRecord
  2
*Model_Space
340
1A
 70
0
280
1
281
0
  0
BLOCK_RECORD
  5
1B
330
9
100
AcDbSymbolTableRecord
100
AcDbBlockTableRecord
  2
*Paper_Space
340
1E
 70
0
280
1
281
0
  0
BLOCK_RECORD
  5
16F
330
9
100
AcDbSymbolTableRecord
100
AcDbBlockTableRecord
  2
*D1
340
0
 70
0
280
1
281
0
  0
BLOCK_RECORD
  5
174
330
9
100
AcDbSymbolTableRecord
100
AcDbBlockTableRecord
  2
_CLOSEDFILLED
340
0
 70
0
280
1
281
0
  0
BLOCK_RECORD
  5
183
330
9
100
AcDbSymbolTableRecord
100
AcDbBlockTableRecord
  2
*D2
340
0
 70
0
280
1
281
0
  0
BLOCK_RECORD
  5
307
330
9
100
AcDbSymbolTableRecord
100
AcDbBlockTableRecord
  2
*D3
340
0
 70
0
280
1
281
0
  0
BLOCK_RECORD
  5
317
330
9
100
AcDbSymbolTableRecord
100
AcDbBlockTableRecord
  2
*D4
340
0
 70
0
280
1
281
0
  0
BLOCK_RECORD
  5
4A0
330
9
100
AcDbSymbolTableRecord
100
AcDbBlockTableRecord
  2
*D5
340
0
 70
0
280
1
281
0
  0
BLOCK_RECORD
  5
4B0
330
9
100
AcDbSymbolTableRecord
100
AcDbBlockTableRecord
  2
*D6
340
0
 70
0
280
1
281
0
  0
ENDTAB
  0
ENDSEC
  0
SECTION
  2
BLOCKS
  0
BLOCK
  5
18
330
17
100
AcDbEntity
  8
0
100
AcDbBlockBegin
  2
*Model_Space
 70
0
 10
0.0
 20
0.0
 30
0.0
  3
*Model_Space
  1

  0
ENDBLK
  5
19
330
17
100
AcDbEntity
  8
0
100
AcDbBlockEnd
  0
BLOCK
  5
1C
330
1B
100
AcDbEntity
  8
0
100
AcDbBlockBegin
  2
*Paper_Space
 70
0
 10
0.0
 20
0.0
 30
0.0
  3
*Paper_Space
  1

  0
ENDBLK
  5
1D
330
1B
100
AcDbEntity
  8
0
100
AcDbBlockEnd
  0
BLOCK
  5
170
330
16F
100
AcDbEntity
  8
0
100
AcDbBlockBegin
  2
*D1
 70
1
 10
0.0
 20
0.0
 30
0.0
  3
*D1
  1

  0
LINE
  5
172
330
16F
100
AcDbEntity
  8
0
100
AcDbLine
 10
0.0
 20
0.0
 30
0.0
 11
0.0
 21
-25.0
 31
0.0
  0
LINE
  5
173
330
16F
100
AcDbEntity
  8
0
100
AcDbLine
 10
247.0
 20
0.0
 30
0.0
 11
247.0
 21
-25.0
 31
0.0
  0
INSERT
  5
178
330
16F
100
AcDbEntity
  8
DIMENSIONS
100
AcDbBlockReference
  2
_CLOSEDFILLED
 10
0.0
 20
-25.0
 30
0.0
 41
3.0
 42
3.0
 50
180.0
  0
INSERT
  5
17A
330
16F
100
AcDbEntity
  8
DIMENSIONS
100
AcDbBlockReference
  2
_CLOSEDFILLED
 10
247.0
 20
-25.0
 30
0.0
 41
3.0
 42
3.0
  0
LINE
  5
17C
330
16F
100
AcDbEntity
  8
0
100
AcDbLine
 10
3.0
 20
-25.0
 30
0.0
 11
119.0
 21
-25.0
 31
0.0
  0
LINE
  5
17D
330
16F
100
AcDbEntity
  8
0
100
AcDbLine
 10
128.0
 20
-25.0
 30
0.0
 11
244.0
 21
-25.0
 31
0.0
  0
MTEXT
  5
17E
330
16F
100
AcDbEntity
  8
DIMENSIONS
100
AcDbMText
 10
123.5
 20
-25.0
 30
0.0
 40
3.0
 71
5
  1
247
  0
POINT
  5
17F
330
16F
100
AcDbEntity
  8
Defpoints
100
AcDbPoint
 10
0.0
 20
-25.0
 30
0.0
  0
POINT
  5
180
330
16F
100
AcDbEntity
  8
Defpoints
100
AcDbPoint
 10
0.0
 20
0.0
 30
0.0
  0
POINT
  5
181
330
16F
100
AcDbEntity
  8
Defpoints
100
AcDbPoint
 10
247.0
 20
0.0
 30
0.0
  0
ENDBLK
  5
171
330
16F
100
AcDbEntity
  8
0
100
AcDbBlockEnd
  0
BLOCK
  5
175
330
174
100
AcDbEntity
  8
0
100
AcDbBlockBegin
  2
_CLOSEDFILLED
 70
0
 10
0.0
 20
0.0
 30
0.0
  3
_CLOSEDFILLED
  1

  0
SOLID
  5
177
330
174
100
AcDbEntity
  8
0
  6
BYBLOCK
 62
0
100
AcDbTrace
 10
-1.0
 20
0.16439898372402537
 30
0.0
 11
0.0
 21
0.0
 31
0.0
 12
-1.0
 22
-0.16439898372402537
 32
0.0
 13
-1.0
 23
-0.16439898372402537
 33
0.0
  0
ENDBLK
  5
176
330
174
100
AcDbEntity
  8
0
100
AcDbBlockEnd
  0
BLOCK
  5
184
330
183
100
AcDbEntity
  8
0
100
AcDbBlockBegin
  2
*D2
 70
1
 10
0.0
 20
0.0
 30
0.0
  3
*D2
  1

  0
LINE
  5
186
330
183
100
AcDbEntity
  8
0
100
AcDbLine
 10
0.0
 20
0.0
 30
0.0
 11
-25.0
 21
0.0
 31
0.0
  0
LINE
  5
187
330
183
100
AcDbEntity
  8
0
100
AcDbLine
 10
0.0
 20
362.0
 30
0.0
 11
-25.0
 21
362.0
 31
0.0
  0
INSERT
  5
188
330
183
100
AcDbEntity
  8
DIMENSIONS
100
AcDbBlockReference
  2
_CLOSEDFILLED
 10
-25.0
 20
0.0
 30
0.0
 41
3.0
 42
3.0
 50
270.0
  0
INSERT
  5
18A
330
183
100
AcDbEntity
  8
DIMENSIONS
100
AcDbBlockReference
  2
_CLOSEDFILLED
 10
-25.0
 20
362.0
 30
0.0
 41
3.0
 42
3.0
 50
90.0
  0
LINE
  5
18C
330
183
100
AcDbEntity
  8
0
100
AcDbLine
 10
-25.0
 20
3.0
 30
0.0
 11
-25.0
 21
176.5
 31
0.0
  0
LINE
  5
18D
330
183
100
AcDbEntity
  8
0
100
AcDbLine
 10
-25.0
 20
185.49999999999997
 30
0.0
 11
-25.0
 21
359.0
 31
0.0
  0
MTEXT
  5
18E
330
183
100
AcDbEntity
  8
DIMENSIONS
100
AcDbMText
 10
-25.0
 20
181.0
 30
0.0
 40
3.0
 71
5
  1
362
 50
90.0
  0
POINT
  5
18F
330
183
100
AcDbEntity
  8
Defpoints
100
AcDbPoint
 10
-25.0
 20
0.0
 30
0.0
  0
POINT
  5
190
330
183
100
AcDbEntity
  8
Defpoints
100
AcDbPoint
 10
0.0
 20
0.0
 30
0.0
  0
POINT
  5
191
330
183
100
AcDbEntity
  8
Defpoints
100
AcDbPoint
 10
0.0
 20
362.0
 30
0.0
  0
ENDBLK
  5
185
330
183
100
AcDbEntity
  8
0
100
AcDbBlockEnd
  0
BLOCK
  5
308
330
307
100
AcDbEntity
  8
0
100
AcDbBlockBegin
  2
*D3
 70
1
 10
0.0
 20
0.0
 30
0.0
  3
*D3
  1

  0
LINE
  5
30A
330
307
100
AcDbEntity
  8
0
100
AcDbLine
 10
0.0
 20
-927.7020001
 30
0.0
 11
0.0
 21
-952.7020001
 31
0.0
  0
LINE
  5
30B
330
307
100
AcDbEntity
  8
0
100
AcDbLine
 10
247.0
 20
-927.7020001
 30
0.0
 11
247.0
 21
-952.7020001
 31
0.0
  0
INSERT
  5
30C
330
307
100
AcDbEntity
  8
DIMENSIONS
100
AcDbBlockReference
  2
_CLOSEDFILLED
 10
0.0
 20
-952.7020001
 30
0.0
 41
3.0
 42
3.0
 50
180.0
  0
INSERT
  5
30E
330
307
100
AcDbEntity
  8
DIMENSIONS
100
AcDbBlockReference
  2
_CLOSEDFILLED
 10
247.0
 20
-952.7020001
 30
0.0
 41
3.0
 42
3.0
  0
LINE
  5
310
330
307
100
AcDbEntity
  8
0
100
AcDbLine
 10
3.0
 20
-952.7020001
 30
0.0
 11
119.0
 21
-952.7020001
 31
0.0
  0
LINE
  5
311
330
307
100
AcDbEntity
  8
0
100
AcDbLine
 10
128.0
 20
-952.7020001
 30
0.0
 11
244.0
 21
-952.7020001
 31
0.0
  0
MTEXT
  5
312
330
307
100
AcDbEntity
  8
DIMENSIONS
100
AcDbMText
 10
123.5
 20
-952.7020001
 30
0.0
 40
3.0
 71
5
  1
247
  0
POINT
  5
313
330
307
100
AcDbEntity
  8
Defpoints
100
AcDbPoint
 10
0.0
 20
-952.7020001
 30
0.0
  0
POINT
  5
314
330
307
100
AcDbEntity
  8
Defpoints
100
AcDbPoint
 10
0.0
 20
-927.7020001
 30
0.0
  0
POINT
  5
315
330
307
100
AcDbEntity
  8
Defpoints
100
AcDbPoint
 10
247.0
 20
-927.7020001
 30
0.0
  0
ENDBLK
  5
309
330
307
100
AcDbEntity
  8
0
100
AcDbBlockEnd
  0
BLOCK
  5
318
330
317
100
AcDbEntity
  8
0
100
AcDbBlockBegin
  2
*D4
 70
1
 10
0.0
 20
0.0
 30
0.0
  3
*D4
  1

  0
LINE
  5
31A
330
317
100
AcDbEntity
  8
0
100
AcDbLine
 10
0.0
 20
-927.7020001
 30
0.0
 11
-25.0
 21
-927.7020001
 31
0.0
  0
LINE
  5
31B
330
317
100
AcDbEntity
  8
0
100
AcDbLine
 10
0.0
 20
-462.0
 30
0.0
 11
-25.0
 21
-462.0
 31
0.0
  0
INSERT
  5
31C
330
317
100
AcDbEntity
  8
DIMENSIONS
100
AcDbBlockReference
  2
_CLOSEDFILLED
 10
-25.0
 20
-927.7020001
 30
0.0
 41
3.0
 42
3.0
 50
270.0
  0
INSERT
  5
31E
330
317
100
AcDbEntity
  8
DIMENSIONS
100
AcDbBlockReference
  2
_CLOSEDFILLED
 10
-25.0
 20
-462.0
 30
0.0
 41
3.0
 42
3.0
 50
90.0
  0
LINE
  5
320
330
317
100
AcDbEntity
  8
0
100
AcDbLine
 10
-25.0
 20
-924.7020001
 30
0.0
 11
-25.0
 21
-705.35100005
 31
0.0
  0
LINE
  5
321
330
317
100
AcDbEntity
  8
0
100
AcDbLine
 10
-25.0
 20
-684.35100005
 30
0.0
 11
-25.0
 21
-465.0
 31
0.0
  0
MTEXT
  5
322
330
317
100
AcDbEntity
  8
DIMENSIONS
100
AcDbMText
 10
-25.0
 20
-694.85100005
 30
0.0
 40
3.0
 71
5
  1
465,702
 50
90.0
  0
POINT
  5
323
330
317
100
AcDbEntity
  8
Defpoints
100
AcDbPoint
 10
-25.0
 20
-927.7020001
 30
0.0
  0
POINT
  5
324
330
317
100
AcDbEntity
  8
Defpoints
100
AcDbPoint
 10
0.0
 20
-927.7020001
 30
0.0
  0
POINT
  5
325
330
317
100
AcDbEntity
  8
Defpoints
100
AcDbPoint
 10
0.0
 20
-462.0
 30
0.0
  0
ENDBLK
  5
319
330
317
100
AcDbEntity
  8
0
100
AcDbBlockEnd
  0
BLOCK
  5
4A1
330
4A0
100
AcDbEntity
  8
0
100
AcDbBlockBegin
  2
*D5
 70
1
 10
0.0
 20
0.0
 30
0.0
  3
*D5
  1

  0
LINE
  5
4A3
330
4A0
100
AcDbEntity
  8
0
100
AcDbLine
 10
347.0
 20
0.0
 30
0.0
 11
347.0
 21
-25.0
 31
0.0
  0
LINE
  5
4A4
330
4A0
100
AcDbEntity
  8
0
100
AcDbLine
 10
709.0
 20
0.0
 30
0.0
 11
709.0
 21
-25.0
 31
0.0
  0
INSERT
  5
4A5
330
4A0
100
AcDbEntity
  8
DIMENSIONS
100
AcDbBlockReference
  2
_CLOSEDFILLED
 10
347.0
 20
-25.0
 30
0.0
 41
3.0
 42
3.0
 50
180.0
  0
INSERT
  5
4A7
330
4A0
100
AcDbEntity
  8
DIMENSIONS
100
AcDbBlockReference
  2
_CLOSEDFILLED
 10
709.0
 20
-25.0
 30
0.0
 41
3.0
 42
3.0
  0
LINE
  5
4A9
330
4A0
100
AcDbEntity
  8
0
100
AcDbLine
 10
350.0
 20
-25.0
 30
0.0
 11
523.5
 21
-25.0
 31
0.0
  0
LINE
  5
4AA
330
4A0
100
AcDbEntity
  8
0
100
AcDbLine
 10
532.5
 20
-25.0
 30
0.0
 11
706.0
 21
-25.0
 31
0.0
  0
MTEXT
  5
4AB
330
4A0
100
AcDbEntity
  8
DIMENSIONS
100
AcDbMText
 10
528.0
 20
-25.0
 30
0.0
 40
3.0
 71
5
  1
362
  0
POINT
  5
4AC
330
4A0
100
AcDbEntity
  8
Defpoints
100
AcDbPoint
 10
347.0
 20
-25.0
 30
0.0
  0
POINT
  5
4AD
330
4A0
100
AcDbEntity
  8
Defpoints
100
AcDbPoint
 10
347.0
 20
0.0
 30
0.0
  0
POINT
  5
4AE
330
4A0
100
AcDbEntity
  8
Defpoints
100
AcDbPoint
 10
709.0
 20
0.0
 30
0.0
  0
ENDBLK
  5
4A2
330
4A0
100
AcDbEntity
  8
0
100
AcDbBlockEnd
  0
BLOCK
  5
4B1
330
4B0
100
AcDbEntity
  8
0
100
AcDbBlockBegin
  2
*D6
 70
1
 10
0.0
 20
0.0
 30
0.0
  3
*D6
  1

  0
LINE
  5
4B3
330
4B0
100
AcDbEntity
  8
0
100
AcDbLine
 10
347.0
 20
0.0
 30
0.0
 11
322.0
 21
0.0
 31
0.0
  0
LINE
  5
4B4
330
4B0
100
AcDbEntity
  8
0
100
AcDbLine
 10
347.0
 20
465.70200009999996
 30
0.0
 11
322.0
 21
465.70200009999996
 31
0.0
  0
INSERT
  5
4B5
330
4B0
100
AcDbEntity
  8
DIMENSIONS
100
AcDbBlockReference
  2
_CLOSEDFILLED
 10
322.0
 20
0.0
 30
0.0
 41
3.0
 42
3.0
 50
270.0
  0
INSERT
  5
4B7
330
4B0
100
AcDbEntity
  8
DIMENSIONS
100
AcDbBlockReference
  2
_CLOSEDFILLED
 10
322.0
 20
465.70200009999996
 30
0.0
 41
3.0
 42
3.0
 50
90.0
  0
LINE
  5
4B9
330
4B0
100
AcDbEntity
  8
0
100
AcDbLine
 10
322.0
 20
3.0
 30
0.0
 11
322.0
 21
222.35100004999998
 31
0.0
  0
LINE
  5
4BA
330
4B0
100
AcDbEntity
  8
0
100
AcDbLine
 10
322.0
 20
243.35100004999995
 30
0.0
 11
322.0
 21
462.70200009999996
 31
0.0
  0
MTEXT
  5
4BB
330
4B0
100
AcDbEntity
  8
DIMENSIONS
100
AcDbMText
 10
322.0
 20
232.85100004999998
 30
0.0
 40
3.0
 71
5
  1
465,702
 50
90.0
  0
POINT
  5
4BC
330
4B0
100
AcDbEntity
  8
Defpoints
100
AcDbPoint
 10
322.0
 20
0.0
 30
0.0
  0
POINT
  5
4BD
330
4B0
100
AcDbEntity
  8
Defpoints
100
AcDbPoint
 10
347.0
 20
0.0
 30
0.0
  0
POINT
  5
4BE
330
4B0
100
AcDbEntity
  8
Defpoints
100
AcDbPoint
 10
347.0
 20
465.70200009999996
 30
0.0
  0
ENDBLK
  5
4B2
330
4B0
100
AcDbEntity
  8
0
100
AcDbBlockEnd
  0
ENDSEC
  0
SECTION
  2
ENTITIES
  0
LWPOLYLINE
  5
34
330
17
100
AcDbEntity
  8
XY_AFT
100
AcDbPolyline
 90
89
 70
0
 10
197.0
 20
62.0
 10
196.8573184181742
 20
58.00500574084299
 10
196.43000074533222
 20
54.03036905669603
 10
195.72022449438492
 20
50.09634378503331
 10
194.73160652241185
 20
46.222976816879935
 10
193.46918459998665
 20
42.43000594245049
 10
191.93939173985302
 20
38.736759271894364
 10
190.15002341576633
 20
35.162056743676814
 10
188.11019783854616
 20
31.724114222486538
 10
185.83030949176418
 20
28.440450675364573
 10
183.32197616383849
 20
25.327798899064042
 10
180.59797974644667
 20
22.402020253553346
 10
177.67220110093598
 20
19.678023836161543
 10
174.55954932463544
 20
17.169690508235817
 10
171.27588577751348
 20
14.889802161453858
 10
167.83794325632317
 20
12.849976584233687
 10
164.26324072810564
 20
11.06060826014697
 10
160.5699940575495
 20
9.530815400013346
 10
156.77702318312006
 20
8.268393477588148
 10
152.9036562149667
 20
7.2797755056150635
 10
148.96963094330397
 20
6.569999254667771
 10
144.994994259157
 20
6.142681581825805
 10
141.0
 20
6.0
 10
137.005005740843
 20
6.142681581825805
 10
133.03036905669606
 20
6.5699992546677635
 10
129.0963437850333
 20
7.2797755056150635
 10
125.22297681687994
 20
8.268393477588148
 10
121.43000594245049
 20
9.530815400013346
 10
117.73675927189436
 20
11.060608260146964
 10
114.16205674367683
 20
12.84997658423368
 10
110.72411422248653
 20
14.889802161453858
 10
107.44045067536457
 20
17.169690508235817
 10
104.32779889906404
 20
19.678023836161536
 10
101.40202025355335
 20
22.40202025355334
 10
98.67802383616154
 20
25.327798899064028
 10
96.16969050823582
 20
28.440450675364566
 10
93.88980216145384
 20
31.72411422248654
 10
91.84997658423369
 20
35.16205674367683
 10
90.06060826014696
 20
38.736759271894364
 10
88.53081540001334
 20
42.4300059424505
 10
87.26839347758815
 20
46.22297681687992
 10
86.27977550561508
 20
50.096343785033284
 10
85.56999925466778
 20
54.03036905669603
 10
85.1426815818258
 20
58.00500574084298
 10
85.0
 20
61.99999999999999
 10
85.1426815818258
 20
65.994994259157
 10
85.56999925466776
 20
69.96963094330395
 10
86.27977550561506
 20
73.90365621496667
 10
87.26839347758813
 20
77.77702318312002
 10
88.53081540001332
 20
81.56999405754947
 10
90.06060826014698
 20
85.26324072810564
 10
91.84997658423369
 20
88.83794325632319
 10
93.88980216145384
 20
92.27588577751347
 10
96.16969050823582
 20
95.55954932463543
 10
98.67802383616153
 20
98.67220110093595
 10
101.40202025355333
 20
101.59797974644665
 10
104.32779889906402
 20
104.32197616383846
 10
107.44045067536456
 20
106.83030949176418
 10
110.72411422248649
 20
109.11019783854613
 10
114.1620567436768
 20
111.1500234157663
 10
117.73675927189436
 20
112.93939173985304
 10
121.43000594245052
 20
114.46918459998668
 10
125.22297681687994
 20
115.73160652241185
 10
129.09634378503327
 20
116.72022449438492
 10
133.03036905669603
 20
117.43000074533222
 10
137.00500574084296
 20
117.8573184181742
 10
141.0
 20
118.0
 10
144.99499425915698
 20
117.8573184181742
 10
148.96963094330394
 20
117.43000074533224
 10
152.90365621496665
 20
116.72022449438494
 10
156.77702318312004
 20
115.73160652241185
 10
160.56999405754945
 20
114.46918459998668
 10
164.26324072810567
 20
112.93939173985302
 10
167.83794325632317
 20
111.15002341576631
 10
171.27588577751348
 20
109.11019783854613
 10
174.55954932463544
 20
106.83030949176418
 10
177.67220110093598
 20
104.32197616383846
 10
180.59797974644664
 20
101.59797974644667
 10
183.32197616383849
 20
98.67220110093595
 10
185.83030949176415
 20
95.55954932463547
 10
188.11019783854613
 20
92.27588577751351
 10
190.1500234157663
 20
88.8379432563232
 10
191.93939173985302
 20
85.26324072810569
 10
193.46918459998665
 20
81.56999405754954
 10
194.73160652241185
 20
77.77702318312006
 10
195.72022449438492
 20
73.90365621496673
 10
196.43000074533222
 20
69.96963094330398
 10
196.8573184181742
 20
65.99499425915705
 10
197.0
 20
62.000000000000014
  0
LWPOLYLINE
  5
35
330
17
100
AcDbEntity
  8
XY_AFT
100
AcDbPolyline
 90
89
 70
0
 10
196.99999999999997
 20
62.0
 10
196.85731841817415
 20
58.00500574084299
 10
196.4300007453322
 20
54.03036905669603
 10
195.7202244943849
 20
50.09634378503331
 10
194.73160652241182
 20
46.222976816879935
 10
193.46918459998662
 20
42.43000594245049
 10
191.939391739853
 20
38.736759271894364
 10
190.15002341576627
 20
35.162056743676814
 10
188.11019783854613
 20
31.724114222486538
 10
185.83030949176415
 20
28.440450675364573
 10
183.32197616383843
 20
25.327798899064042
 10
180.59797974644664
 20
22.402020253553346
 10
177.67220110093592
 20
19.678023836161543
 10
174.55954932463538
 20
17.169690508235817
 10
171.27588577751345
 20
14.889802161453858
 10
167.83794325632314
 20
12.849976584233687
 10
164.26324072810561
 20
11.06060826014697
 10
160.56999405754948
 20
9.530815400013346
 10
156.77702318312004
 20
8.268393477588148
 10
152.90365621496665
 20
7.2797755056150635
 10
148.96963094330394
 20
6.569999254667771
 10
144.99499425915698
 20
6.142681581825805
 10
140.99999999999997
 20
6.0
 10
137.00500574084296
 20
6.142681581825805
 10
133.03036905669603
 20
6.5699992546677635
 10
129.09634378503327
 20
7.2797755056150635
 10
125.2229768168799
 20
8.268393477588148
 10
121.43000594245046
 20
9.530815400013346
 10
117.73675927189433
 20
11.060608260146964
 10
114.1620567436768
 20
12.84997658423368
 10
110.72411422248649
 20
14.889802161453858
 10
107.44045067536453
 20
17.169690508235817
 10
104.32779889906399
 20
19.678023836161536
 10
101.4020202535533
 20
22.40202025355334
 10
98.67802383616151
 20
25.327798899064028
 10
96.16969050823579
 20
28.440450675364566
 10
93.88980216145382
 20
31.72411422248654
 10
91.84997658423364
 20
35.16205674367683
 10
90.06060826014692
 20
38.736759271894364
 10
88.5308154000133
 20
42.4300059424505
 10
87.26839347758812
 20
46.22297681687992
 10
86.27977550561504
 20
50.096343785033284
 10
85.56999925466774
 20
54.03036905669603
 10
85.14268158182577
 20
58.00500574084298
 10
84.99999999999997
 20
61.99999999999999
 10
85.14268158182577
 20
65.994994259157
 10
85.56999925466772
 20
69.96963094330395
 10
86.27977550561502
 20
73.90365621496667
 10
87.26839347758809
 20
77.77702318312002
 10
88.5308154000133
 20
81.56999405754947
 10
90.06060826014694
 20
85.26324072810564
 10
91.84997658423364
 20
88.83794325632319
 10
93.88980216145382
 20
92.27588577751347
 10
96.16969050823579
 20
95.55954932463543
 10
98.67802383616149
 20
98.67220110093595
 10
101.4020202535533
 20
101.59797974644665
 10
104.32779889906399
 20
104.32197616383846
 10
107.44045067536453
 20
106.83030949176418
 10
110.72411422248646
 20
109.11019783854613
 10
114.16205674367677
 20
111.1500234157663
 10
117.73675927189433
 20
112.93939173985304
 10
121.43000594245049
 20
114.46918459998668
 10
125.2229768168799
 20
115.73160652241185
 10
129.09634378503324
 20
116.72022449438492
 10
133.030369056696
 20
117.43000074533222
 10
137.00500574084293
 20
117.8573184181742
 10
140.99999999999994
 20
118.0
 10
144.99499425915695
 20
117.8573184181742
 10
148.9696309433039
 20
117.43000074533224
 10
152.90365621496662
 20
116.72022449438494
 10
156.77702318312
 20
115.73160652241185
 10
160.56999405754942
 20
114.46918459998668
 10
164.26324072810564
 20
112.93939173985302
 10
167.83794325632314
 20
111.15002341576631
 10
171.27588577751345
 20
109.11019783854613
 10
174.55954932463538
 20
106.83030949176418
 10
177.67220110093595
 20
104.32197616383846
 10
180.5979797464466
 20
101.59797974644667
 10
183.32197616383843
 20
98.67220110093595
 10
185.83030949176413
 20
95.55954932463547
 10
188.11019783854607
 20
92.27588577751351
 10
190.15002341576627
 20
88.8379432563232
 10
191.93939173985297
 20
85.26324072810569
 10
193.46918459998662
 20
81.56999405754954
 10
194.73160652241182
 20
77.77702318312006
 10
195.7202244943849
 20
73.90365621496673
 10
196.4300007453322
 20
69.96963094330398
 10
196.85731841817415
 20
65.99499425915705
 10
196.99999999999997
 20
62.000000000000014
  0
LWPOLYLINE
  5
36
330
17
100
AcDbEntity
  8
XY_AFT
100
AcDbPolyline
 90
83
 70
0
 10
192.965
 20
62.0
 10
192.81252435851306
 20
58.022118076351504
 10
192.3559922217458
 20
54.06757994556619
 10
191.59808270180878
 20
50.15959240984846
 10
190.54324351313446
 20
46.32108909400083
 10
189.19766487152035
 20
42.57459586179445
 10
187.56924316748126
 20
38.942098625243446
 10
185.6675346270899
 20
35.444914322530906
 10
183.50369923224247
 20
32.10356582173938
 10
181.09043522944725
 20
28.937661484500317
 10
178.4419046114649
 20
25.96578009633116
 10
175.5736500091036
 20
23.20536183893436
 10
172.50250348088133
 20
20.6726059442764
 10
169.24648773581345
 20
18.382375631053222
 10
165.82471036898974
 20
16.34811088141288
 10
162.2572517306087
 20
14.58174956979608
 10
158.56504708649783
 20
13.093657406742082
 10
154.76976376164953
 20
11.892567108777534
 10
150.89367398774198
 20
10.985527151363435
 10
146.95952420082787
 20
10.377860405638494
 10
142.99040155620267
 20
10.073132901694663
 10
139.0095984437973
 20
10.073132901694663
 10
135.0404757991721
 20
10.377860405638494
 10
131.106326012258
 20
10.985527151363435
 10
127.23023623835049
 20
11.892567108777534
 10
123.43495291350214
 20
13.09365740674209
 10
119.74274826939133
 20
14.58174956979608
 10
116.17528963101026
 20
16.348110881412886
 10
112.75351226418653
 20
18.382375631053236
 10
109.49749651911866
 20
20.6726059442764
 10
106.42634999089638
 20
23.205361838934373
 10
103.55809538853511
 20
25.96578009633116
 10
100.90956477055273
 20
28.937661484500325
 10
98.49630076775753
 20
32.10356582173937
 10
96.3324653729101
 20
35.44491432253091
 10
94.43075683251875
 20
38.94209862524343
 10
92.80233512847965
 20
42.574595861794464
 10
91.45675648686553
 20
46.32108909400086
 10
90.40191729819122
 20
50.15959240984847
 10
89.64400777825418
 20
54.06757994556621
 10
89.18747564148694
 20
58.02211807635151
 10
89.035
 20
62.000000000000014
 10
89.18747564148694
 20
65.9778819236485
 10
89.64400777825419
 20
69.93242005443382
 10
90.40191729819122
 20
73.84040759015156
 10
91.45675648686554
 20
77.6789109059992
 10
92.80233512847965
 20
81.42540413820556
 10
94.43075683251874
 20
85.05790137475655
 10
96.3324653729101
 20
88.55508567746907
 10
98.49630076775753
 20
91.89643417826063
 10
100.90956477055275
 20
95.06233851549968
 10
103.55809538853512
 20
98.03421990366886
 10
106.4263499908964
 20
100.79463816106565
 10
109.49749651911867
 20
103.3273940557236
 10
112.75351226418655
 20
105.61762436894679
 10
116.17528963101029
 20
107.65188911858712
 10
119.74274826939136
 20
109.41825043020393
 10
123.43495291350214
 20
110.9063425932579
 10
127.23023623835049
 20
112.10743289122246
 10
131.10632601225797
 20
113.01447284863656
 10
135.04047579917216
 20
113.62213959436151
 10
139.00959844379736
 20
113.92686709830534
 10
142.99040155620267
 20
113.92686709830534
 10
146.95952420082787
 20
113.6221395943615
 10
150.893673987742
 20
113.01447284863656
 10
154.76976376164953
 20
112.10743289122246
 10
158.56504708649783
 20
110.90634259325792
 10
162.25725173060863
 20
109.41825043020394
 10
165.82471036898974
 20
107.65188911858712
 10
169.24648773581347
 20
105.61762436894676
 10
172.50250348088133
 20
103.32739405572362
 10
175.57365000910363
 20
100.79463816106562
 10
178.4419046114649
 20
98.03421990366881
 10
181.09043522944725
 20
95.06233851549968
 10
183.50369923224252
 20
91.89643417826058
 10
185.6675346270899
 20
88.55508567746907
 10
187.56924316748126
 20
85.05790137475654
 10
189.19766487152035
 20
81.42540413820556
 10
190.54324351313448
 20
77.67891090599913
 10
191.59808270180878
 20
73.84040759015153
 10
192.3559922217458
 20
69.93242005443379
 10
192.81252435851306
 20
65.97788192364851
 10
192.965
 20
61.999999999999964
  0
LWPOLYLINE
  5
37
330
17
100
AcDbEntity
  8
XY_AFT
100
AcDbPolyline
 90
83
 70
0
 10
192.96499999999997
 20
62.0
 10
192.81252435851303
 20
58.022118076351504
 10
192.35599222174577
 20
54.06757994556619
 10
191.59808270180875
 20
50.15959240984846
 10
190.54324351313443
 20
46.32108909400083
 10
189.19766487152032
 20
42.57459586179445
 10
187.5692431674812
 20
38.942098625243446
 10
185.66753462708988
 20
35.444914322530906
 10
183.50369923224244
 20
32.10356582173938
 10
181.09043522944722
 20
28.937661484500317
 10
178.44190461146485
 20
25.96578009633116
 10
175.57365000910357
 20
23.20536183893436
 10
172.5025034808813
 20
20.6726059442764
 10
169.24648773581342
 20
18.382375631053222
 10
165.8247103689897
 20
16.34811088141288
 10
162.25725173060863
 20
14.58174956979608
 10
158.5650470864978
 20
13.093657406742082
 10
154.7697637616495
 20
11.892567108777534
 10
150.89367398774195
 20
10.985527151363435
 10
146.95952420082784
 20
10.377860405638494
 10
142.99040155620264
 20
10.073132901694663
 10
139.00959844379727
 20
10.073132901694663
 10
135.04047579917207
 20
10.377860405638494
 10
131.10632601225797
 20
10.985527151363435
 10
127.23023623835044
 20
11.892567108777534
 10
123.43495291350212
 20
13.09365740674209
 10
119.74274826939129
 20
14.58174956979608
 10
116.17528963101022
 20
16.348110881412886
 10
112.7535122641865
 20
18.382375631053236
 10
109.49749651911863
 20
20.6726059442764
 10
106.42634999089634
 20
23.205361838934373
 10
103.55809538853507
 20
25.96578009633116
 10
100.90956477055269
 20
28.937661484500325
 10
98.49630076775749
 20
32.10356582173937
 10
96.33246537291006
 20
35.44491432253091
 10
94.43075683251871
 20
38.94209862524343
 10
92.80233512847961
 20
42.574595861794464
 10
91.45675648686549
 20
46.32108909400086
 10
90.40191729819118
 20
50.15959240984847
 10
89.64400777825415
 20
54.06757994556621
 10
89.1874756414869
 20
58.02211807635151
 10
89.03499999999997
 20
62.000000000000014
 10
89.1874756414869
 20
65.9778819236485
 10
89.64400777825415
 20
69.93242005443382
 10
90.4019172981912
 20
73.84040759015156
 10
91.45675648686552
 20
77.6789109059992
 10
92.80233512847963
 20
81.42540413820556
 10
94.43075683251871
 20
85.05790137475655
 10
96.33246537291005
 20
88.55508567746907
 10
98.4963007677575
 20
91.89643417826063
 10
100.9095647705527
 20
95.06233851549968
 10
103.55809538853508
 20
98.03421990366886
 10
106.42634999089637
 20
100.79463816106565
 10
109.49749651911864
 20
103.3273940557236
 10
112.75351226418653
 20
105.61762436894679
 10
116.17528963101026
 20
107.65188911858712
 10
119.74274826939133
 20
109.41825043020393
 10
123.43495291350212
 20
110.9063425932579
 10
127.23023623835044
 20
112.10743289122246
 10
131.10632601225794
 20
113.01447284863656
 10
135.0404757991721
 20
113.62213959436151
 10
139.0095984437973
 20
113.92686709830534
 10
142.99040155620264
 20
113.92686709830534
 10
146.95952420082784
 20
113.6221395943615
 10
150.89367398774198
 20
113.01447284863656
 10
154.7697637616495
 20
112.10743289122246
 10
158.5650470864978
 20
110.90634259325792
 10
162.2572517306086
 20
109.41825043020394
 10
165.8247103689897
 20
107.65188911858712
 10
169.24648773581345
 20
105.61762436894676
 10
172.5025034808813
 20
103.32739405572362
 10
175.57365000910357
 20
100.79463816106562
 10
178.44190461146488
 20
98.03421990366881
 10
181.09043522944722
 20
95.06233851549968
 10
183.50369923224247
 20
91.89643417826058
 10
185.66753462708988
 20
88.55508567746907
 10
187.56924316748123
 20
85.05790137475654
 10
189.19766487152032
 20
81.42540413820556
 10
190.54324351313443
 20
77.67891090599913
 10
191.59808270180875
 20
73.84040759015153
 10
192.35599222174577
 20
69.93242005443379
 10
192.81252435851303
 20
65.97788192364851
 10
192.96499999999997
 20
61.999999999999964
  0
LWPOLYLINE
  5
38
330
17
100
AcDbEntity
  8
XY_AFT
100
AcDbPolyline
 90
83
 70
0
 10
192.965
 20
62.0
 10
192.81252435851306
 20
58.022118076351504
 10
192.3559922217458
 20
54.06757994556619
 10
191.59808270180878
 20
50.15959240984846
 10
190.54324351313446
 20
46.32108909400083
 10
189.19766487152035
 20
42.57459586179445
 10
187.56924316748126
 20
38.942098625243446
 10
185.6675346270899
 20
35.444914322530906
 10
183.50369923224247
 20
32.10356582173938
 10
181.09043522944725
 20
28.937661484500317
 10
178.4419046114649
 20
25.96578009633116
 10
175.5736500091036
 20
23.20536183893436
 10
172.50250348088133
 20
20.6726059442764
 10
169.24648773581345
 20
18.382375631053222
 10
165.8247103689897
 20
16.34811088141288
 10
162.25725173060866
 20
14.58174956979608
 10
158.56504708649783
 20
13.093657406742082
 10
154.76976376164953
 20
11.892567108777534
 10
150.89367398774198
 20
10.985527151363435
 10
146.95952420082787
 20
10.377860405638494
 10
142.99040155620267
 20
10.073132901694663
 10
139.0095984437973
 20
10.073132901694663
 10
135.0404757991721
 20
10.377860405638494
 10
131.106326012258
 20
10.985527151363435
 10
127.23023623835049
 20
11.892567108777534
 10
123.43495291350214
 20
13.09365740674209
 10
119.74274826939131
 20
14.58174956979608
 10
116.17528963101024
 20
16.348110881412886
 10
112.75351226418653
 20
18.382375631053236
 10
109.49749651911866
 20
20.6726059442764
 10
106.42634999089638
 20
23.205361838934373
 10
103.55809538853511
 20
25.96578009633116
 10
100.90956477055273
 20
28.937661484500325
 10
98.49630076775753
 20
32.10356582173937
 10
96.3324653729101
 20
35.44491432253091
 10
94.43075683251875
 20
38.94209862524343
 10
92.80233512847965
 20
42.574595861794464
 10
91.45675648686553
 20
46.32108909400086
 10
90.40191729819122
 20
50.15959240984847
 10
89.64400777825418
 20
54.06757994556621
 10
89.18747564148694
 20
58.02211807635151
 10
89.035
 20
62.000000000000014
 10
89.18747564148694
 20
65.9778819236485
 10
89.64400777825419
 20
69.93242005443382
 10
90.40191729819122
 20
73.84040759015156
 10
91.45675648686554
 20
77.6789109059992
 10
92.80233512847965
 20
81.42540413820556
 10
94.43075683251874
 20
85.05790137475655
 10
96.3324653729101
 20
88.55508567746907
 10
98.49630076775753
 20
91.89643417826063
 10
100.90956477055275
 20
95.06233851549968
 10
103.55809538853512
 20
98.03421990366886
 10
106.4263499908964
 20
100.79463816106565
 10
109.49749651911867
 20
103.3273940557236
 10
112.75351226418655
 20
105.61762436894679
 10
116.17528963101029
 20
107.65188911858712
 10
119.74274826939136
 20
109.41825043020393
 10
123.43495291350214
 20
110.9063425932579
 10
127.23023623835049
 20
112.10743289122246
 10
131.10632601225797
 20
113.01447284863656
 10
135.04047579917216
 20
113.62213959436151
 10
139.00959844379733
 20
113.92686709830534
 10
142.99040155620267
 20
113.92686709830534
 10
146.95952420082787
 20
113.6221395943615
 10
150.893673987742
 20
113.01447284863656
 10
154.76976376164953
 20
112.10743289122246
 10
158.56504708649783
 20
110.90634259325792
 10
162.25725173060863
 20
109.41825043020394
 10
165.82471036898974
 20
107.65188911858712
 10
169.24648773581347
 20
105.61762436894676
 10
172.50250348088133
 20
103.32739405572362
 10
175.57365000910363
 20
100.79463816106562
 10
178.4419046114649
 20
98.03421990366881
 10
181.09043522944725
 20
95.06233851549968
 10
183.50369923224252
 20
91.89643417826058
 10
185.6675346270899
 20
88.55508567746907
 10
187.56924316748126
 20
85.05790137475654
 10
189.19766487152035
 20
81.42540413820556
 10
190.54324351313448
 20
77.67891090599913
 10
191.59808270180878
 20
73.84040759015153
 10
192.3559922217458
 20
69.93242005443379
 10
192.81252435851306
 20
65.97788192364851
 10
192.965
 20
61.999999999999964
  0
LWPOLYLINE
  5
39
330
17
100
AcDbEntity
  8
XY_AFT
100
AcDbPolyline
 90
83
 70
0
 10
192.96499999999997
 20
62.0
 10
192.81252435851303
 20
58.022118076351504
 10
192.3559922217458
 20
54.06757994556619
 10
191.59808270180875
 20
50.15959240984846
 10
190.54324351313443
 20
46.32108909400083
 10
189.19766487152032
 20
42.57459586179445
 10
187.56924316748123
 20
38.942098625243446
 10
185.66753462708988
 20
35.444914322530906
 10
183.50369923224244
 20
32.10356582173938
 10
181.09043522944722
 20
28.937661484500317
 10
178.44190461146488
 20
25.96578009633116
 10
175.57365000910357
 20
23.20536183893436
 10
172.5025034808813
 20
20.6726059442764
 10
169.24648773581342
 20
18.382375631053222
 10
165.8247103689897
 20
16.34811088141288
 10
162.25725173060863
 20
14.58174956979608
 10
158.5650470864978
 20
13.093657406742082
 10
154.7697637616495
 20
11.892567108777534
 10
150.89367398774195
 20
10.985527151363435
 10
146.95952420082784
 20
10.377860405638494
 10
142.99040155620264
 20
10.073132901694663
 10
139.00959844379727
 20
10.073132901694663
 10
135.04047579917207
 20
10.377860405638494
 10
131.10632601225797
 20
10.985527151363435
 10
127.23023623835046
 20
11.892567108777534
 10
123.43495291350212
 20
13.09365740674209
 10
119.74274826939129
 20
14.58174956979608
 10
116.17528963101022
 20
16.348110881412886
 10
112.7535122641865
 20
18.382375631053236
 10
109.49749651911863
 20
20.6726059442764
 10
106.42634999089636
 20
23.205361838934373
 10
103.55809538853508
 20
25.96578009633116
 10
100.9095647705527
 20
28.937661484500325
 10
98.4963007677575
 20
32.10356582173937
 10
96.33246537291006
 20
35.44491432253091
 10
94.43075683251872
 20
38.94209862524343
 10
92.80233512847963
 20
42.574595861794464
 10
91.4567564868655
 20
46.32108909400086
 10
90.4019172981912
 20
50.15959240984847
 10
89.64400777825415
 20
54.06757994556621
 10
89.18747564148691
 20
58.02211807635151
 10
89.03499999999997
 20
62.000000000000014
 10
89.18747564148691
 20
65.9778819236485
 10
89.64400777825416
 20
69.93242005443382
 10
90.4019172981912
 20
73.84040759015156
 10
91.45675648686552
 20
77.6789109059992
 10
92.80233512847963
 20
81.42540413820556
 10
94.43075683251871
 20
85.05790137475655
 10
96.33246537291006
 20
88.55508567746907
 10
98.4963007677575
 20
91.89643417826063
 10
100.90956477055272
 20
95.06233851549968
 10
103.5580953885351
 20
98.03421990366886
 10
106.42634999089637
 20
100.79463816106565
 10
109.49749651911864
 20
103.3273940557236
 10
112.75351226418653
 20
105.61762436894679
 10
116.17528963101026
 20
107.65188911858712
 10
119.74274826939133
 20
109.41825043020393
 10
123.43495291350212
 20
110.9063425932579
 10
127.23023623835046
 20
112.10743289122246
 10
131.10632601225794
 20
113.01447284863656
 10
135.0404757991721
 20
113.62213959436151
 10
139.0095984437973
 20
113.92686709830534
 10
142.99040155620264
 20
113.92686709830534
 10
146.95952420082784
 20
113.6221395943615
 10
150.89367398774198
 20
113.01447284863656
 10
154.7697637616495
 20
112.10743289122246
 10
158.5650470864978
 20
110.90634259325792
 10
162.2572517306086
 20
109.41825043020394
 10
165.8247103689897
 20
107.65188911858712
 10
169.24648773581345
 20
105.61762436894676
 10
172.5025034808813
 20
103.32739405572362
 10
175.5736500091036
 20
100.79463816106562
 10
178.4419046114649
 20
98.03421990366881
 10
181.09043522944722
 20
95.06233851549968
 10
183.50369923224247
 20
91.89643417826058
 10
185.66753462708988
 20
88.55508567746907
 10
187.56924316748123
 20
85.05790137475654
 10
189.19766487152032
 20
81.42540413820556
 10
190.54324351313443
 20
77.67891090599913
 10
191.59808270180875
 20
73.84040759015153
 10
192.3559922217458
 20
69.93242005443379
 10
192.81252435851303
 20
65.97788192364851
 10
192.96499999999997
 20
61.999999999999964
  0
LWPOLYLINE
  5
3A
330
17
100
AcDbEntity
  8
XY_AFT
100
AcDbPolyline
 90
82
 70
0
 10
192.5
 20
62.0
 10
192.34513647014128
 20
58.00914033539556
 10
191.88147724805566
 20
54.04228217039621
 10
191.11181083486093
 20
50.12328265676433
 10
190.0407660949284
 20
46.27571111870168
 10
188.67478441734787
 20
42.52270730416042
 10
187.02208097665573
 20
38.8868422196762
 10
185.09259532580873
 20
35.38998238567906
 10
182.89793161854283
 20
32.053158328666626
 10
180.45128882062738
 20
28.896438101143225
 10
177.7673813297318
 20
25.938806589990826
 10
174.86235048130678
 20
23.19805133912547
 10
171.75366747269348
 20
20.69065557311525
 10
168.4600282892871
 20
18.431699065128193
 10
165.00124126468074
 20
16.43476744540213
 10
161.39810795101658
 20
14.711870495665892
 10
157.67229801600354
 20
13.273369920898858
 10
153.84621891898604
 20
12.127917032818004
 10
149.94288114984693
 20
11.282400719871283
 10
145.98575984121373
 20
10.74190601665196
 10
141.99865358624896
 20
10.509683521902183
 10
138.0055413111105
 20
10.587129849029687
 10
134.03043806286826
 20
10.97377922671047
 10
130.09725058018535
 20
11.667306300092271
 10
126.22963351537886
 20
12.663540115752319
 10
122.45084717255743
 20
13.956489206301967
 10
118.78361761741546
 20
15.538377623776555
 10
115.25
 20
17.399691705101404
 10
111.87124591244327
 20
19.529237288380997
 10
108.66767557938692
 20
21.914207035905754
 10
105.65855564976022
 20
24.540257458987988
 10
102.86198332488627
 20
27.391595181390592
 10
100.2947775197839
 20
30.45107192255005
 10
97.97237771223378
 20
33.70028762935348
 10
95.90875108794233
 20
37.119701136223085
 10
94.11630854024345
 20
40.68874768798533
 10
92.60583002952572
 20
44.38596261872803
 10
91.38639975128217
 20
48.189110442827165
 10
90.46535150268969
 20
52.07531858177335
 10
89.84822457628994
 20
56.021214922550634
 10
89.53873044603216
 20
60.00306838027391
 10
89.53873044603216
 20
63.996931619726055
 10
89.84822457628994
 20
67.97878507744933
 10
90.46535150268969
 20
71.92468141822661
 10
91.38639975128216
 20
75.8108895571728
 10
92.60583002952572
 20
79.61403738127194
 10
94.11630854024344
 20
83.31125231201464
 10
95.90875108794232
 20
86.88029886377689
 10
97.97237771223377
 20
90.29971237064649
 10
100.29477751978389
 20
93.54892807744994
 10
102.86198332488624
 20
96.60840481860937
 10
105.65855564976022
 20
99.459742541012
 10
108.66767557938691
 20
102.08579296409422
 10
111.87124591244324
 20
104.47076271161899
 10
115.24999999999997
 20
106.60030829489858
 10
118.78361761741542
 20
108.46162237622343
 10
122.45084717255739
 20
110.04351079369802
 10
126.22963351537882
 20
111.33645988424767
 10
130.09725058018532
 20
112.33269369990774
 10
134.03043806286823
 20
113.02622077328954
 10
138.00554131111048
 20
113.41287015097032
 10
141.99865358624893
 20
113.49031647809782
 10
145.9857598412137
 20
113.25809398334803
 10
149.9428811498469
 20
112.71759928012872
 10
153.846218918986
 20
111.87208296718201
 10
157.67229801600348
 20
110.72663007910117
 10
161.39810795101656
 20
109.28812950433411
 10
165.00124126468074
 20
107.56523255459788
 10
168.46002828928704
 20
105.56830093487184
 10
171.75366747269342
 20
103.30934442688479
 10
174.86235048130675
 20
100.80194866087453
 10
177.7673813297318
 20
98.0611934100092
 10
180.45128882062733
 20
95.10356189885682
 10
182.89793161854283
 20
91.94684167133339
 10
185.0925953258087
 20
88.61001761432095
 10
187.02208097665573
 20
85.11315778032382
 10
188.67478441734784
 20
81.47729269583964
 10
190.0407660949284
 20
77.72428888129834
 10
191.11181083486093
 20
73.87671734323568
 10
191.88147724805566
 20
69.9577178296038
 10
192.34513647014128
 20
65.9908596646045
 10
192.5
 20
62.000000000000014
  0
LWPOLYLINE
  5
3B
330
17
100
AcDbEntity
  8
XY_AFT
100
AcDbPolyline
 90
82
 70
0
 10
192.49999999999997
 20
62.0
 10
192.34513647014126
 20
58.00914033539556
 10
191.88147724805563
 20
54.04228217039621
 10
191.1118108348609
 20
50.12328265676433
 10
190.04076609492836
 20
46.27571111870168
 10
188.67478441734784
 20
42.52270730416042
 10
187.0220809766557
 20
38.8868422196762
 10
185.0925953258087
 20
35.38998238567906
 10
182.8979316185428
 20
32.053158328666626
 10
180.45128882062735
 20
28.896438101143225
 10
177.7673813297318
 20
25.938806589990826
 10
174.86235048130675
 20
23.19805133912547
 10
171.75366747269345
 20
20.69065557311525
 10
168.46002828928707
 20
18.431699065128193
 10
165.00124126468071
 20
16.43476744540213
 10
161.39810795101656
 20
14.711870495665892
 10
157.6722980160035
 20
13.273369920898858
 10
153.846218918986
 20
12.127917032818004
 10
149.9428811498469
 20
11.282400719871283
 10
145.9857598412137
 20
10.74190601665196
 10
141.99865358624893
 20
10.509683521902183
 10
138.00554131111048
 20
10.587129849029687
 10
134.03043806286823
 20
10.97377922671047
 10
130.09725058018532
 20
11.667306300092271
 10
126.22963351537884
 20
12.663540115752319
 10
122.4508471725574
 20
13.956489206301967
 10
118.78361761741543
 20
15.538377623776555
 10
115.24999999999997
 20
17.399691705101404
 10
111.87124591244324
 20
19.529237288380997
 10
108.6676755793869
 20
21.914207035905754
 10
105.65855564976019
 20
24.540257458987988
 10
102.86198332488624
 20
27.391595181390592
 10
100.29477751978388
 20
30.45107192255005
 10
97.97237771223375
 20
33.70028762935348
 10
95.9087510879423
 20
37.119701136223085
 10
94.11630854024342
 20
40.68874768798533
 10
92.60583002952569
 20
44.38596261872803
 10
91.38639975128214
 20
48.189110442827165
 10
90.46535150268966
 20
52.07531858177335
 10
89.84822457628991
 20
56.021214922550634
 10
89.53873044603213
 20
60.00306838027391
 10
89.53873044603213
 20
63.996931619726055
 10
89.84822457628991
 20
67.97878507744933
 10
90.46535150268966
 20
71.92468141822661
 10
91.38639975128213
 20
75.8108895571728
 10
92.60583002952569
 20
79.61403738127194
 10
94.11630854024341
 20
83.31125231201464
 10
95.90875108794229
 20
86.88029886377689
 10
97.97237771223374
 20
90.29971237064649
 10
100.29477751978386
 20
93.54892807744994
 10
102.86198332488621
 20
96.60840481860937
 10
105.65855564976019
 20
99.459742541012
 10
108.66767557938688
 20
102.08579296409422
 10
111.87124591244321
 20
104.47076271161899
 10
115.24999999999994
 20
106.60030829489858
 10
118.78361761741539
 20
108.46162237622343
 10
122.45084717255736
 20
110.04351079369802
 10
126.2296335153788
 20
111.33645988424767
 10
130.0972505801853
 20
112.33269369990774
 10
134.0304380628682
 20
113.02622077328954
 10
138.00554131111045
 20
113.41287015097032
 10
141.9986535862489
 20
113.49031647809782
 10
145.98575984121368
 20
113.25809398334803
 10
149.94288114984687
 20
112.71759928012872
 10
153.84621891898598
 20
111.87208296718201
 10
157.67229801600345
 20
110.72663007910117
 10
161.39810795101653
 20
109.28812950433411
 10
165.0012412646807
 20
107.56523255459788
 10
168.460028289287
 20
105.56830093487184
 10
171.7536674726934
 20
103.30934442688479
 10
174.86235048130675
 20
100.80194866087453
 10
177.76738132973176
 20
98.0611934100092
 10
180.4512888206273
 20
95.10356189885682
 10
182.8979316185428
 20
91.94684167133339
 10
185.0925953258087
 20
88.61001761432095
 10
187.0220809766557
 20
85.11315778032382
 10
188.6747844173478
 20
81.47729269583964
 10
190.04076609492836
 20
77.72428888129834
 10
191.1118108348609
 20
73.87671734323568
 10
191.88147724805563
 20
69.9577178296038
 10
192.34513647014126
 20
65.9908596646045
 10
192.49999999999997
 20
62.000000000000014
  0
LWPOLYLINE
  5
3C
330
17
100
AcDbEntity
  8
XY_AFT
100
AcDbPolyline
 90
91
 70
0
 10
198.15
 20
62.0
 10
198.01078547234894
 20
58.01341752552324
 10
197.59382012858075
 20
54.04625728013226
 10
196.901135381937
 20
50.11784686976505
 10
195.93610592287493
 20
46.247325115058494
 10
194.70343327791466
 20
42.45354880893803
 10
193.20912290427464
 20
38.75500084821802
 10
191.46045493188768
 20
35.169700186786336
 10
189.46594869533973
 20
31.715114049072337
 10
187.23532122852825
 20
28.408072831485164
 10
184.7794399242496
 20
25.264688106414283
 10
182.11026958935392
 20
22.300274128268306
 10
179.24081415340873
 20
19.529273223966918
 10
176.18505331486136
 20
16.965185431375843
 10
172.95787443335317
 20
14.620502728479366
 10
169.57500000000002
 20
12.506648173719334
 10
166.05291103899577
 20
10.63392025400261
 10
162.40876681371938
 20
9.011442711508103
 10
158.66032122852823
 20
7.647120093731978
 10
154.825836333521
 20
6.5475992433268
 10
150.92399335366508
 20
5.718236915352314
 10
146.9738016757464
 20
5.1630736797031815
 10
142.99450623654795
 20
4.884814235858677
 10
139.00549376345208
 20
4.884814235858677
 10
135.0261983242536
 20
5.163073679703174
 10
131.07600664633495
 20
5.718236915352314
 10
127.174163666479
 20
6.5475992433268
 10
123.33967877147177
 20
7.647120093731971
 10
119.59123318628062
 20
9.011442711508103
 10
115.94708896100423
 20
10.63392025400261
 10
112.42500000000001
 20
12.506648173719327
 10
109.04212556664683
 20
14.620502728479366
 10
105.81494668513864
 20
16.965185431375836
 10
102.75918584659127
 20
19.52927322396691
 10
99.8897304106461
 20
22.300274128268292
 10
97.2205600757504
 20
25.26468810641429
 10
94.76467877147175
 20
28.408072831485157
 10
92.53405130466027
 20
31.71511404907233
 10
90.53954506811235
 20
35.16970018678632
 10
88.79087709572536
 20
38.755000848218025
 10
87.29656672208534
 20
42.453548808938024
 10
86.0638940771251
 20
46.247325115058466
 10
85.098864618063
 20
50.11784686976505
 10
84.40617987141925
 20
54.04625728013227
 10
83.98921452765106
 20
58.013417525523224
 10
83.85
 20
61.99999999999999
 10
83.98921452765106
 20
65.98658247447676
 10
84.40617987141925
 20
69.95374271986773
 10
85.098864618063
 20
73.88215313023493
 10
86.06389407712507
 20
77.75267488494148
 10
87.29656672208534
 20
81.54645119106196
 10
88.79087709572536
 20
85.24499915178198
 10
90.53954506811232
 20
88.83029981321363
 10
92.53405130466027
 20
92.28488595092767
 10
94.76467877147175
 20
95.59192716851484
 10
97.2205600757504
 20
98.73531189358572
 10
99.8897304106461
 20
101.6997258717317
 10
102.75918584659124
 20
104.47072677603308
 10
105.81494668513864
 20
107.03481456862417
 10
109.04212556664683
 20
109.37949727152065
 10
112.42499999999998
 20
111.49335182628064
 10
115.94708896100421
 20
113.36607974599738
 10
119.59123318628062
 20
114.9885572884919
 10
123.33967877147174
 20
116.35287990626802
 10
127.17416366647899
 20
117.4524007566732
 10
131.0760066463349
 20
118.28176308464768
 10
135.02619832425356
 20
118.83692632029681
 10
139.00549376345208
 20
119.11518576414133
 10
142.9945062365479
 20
119.11518576414133
 10
146.97380167574642
 20
118.83692632029681
 10
150.92399335366508
 20
118.28176308464768
 10
154.82583633352098
 20
117.4524007566732
 10
158.66032122852823
 20
116.35287990626803
 10
162.40876681371935
 20
114.9885572884919
 10
166.05291103899577
 20
113.3660797459974
 10
169.57500000000005
 20
111.49335182628064
 10
172.95787443335314
 20
109.37949727152065
 10
176.18505331486134
 20
107.03481456862417
 10
179.24081415340876
 20
104.47072677603308
 10
182.1102695893539
 20
101.69972587173172
 10
184.77943992424957
 20
98.73531189358573
 10
187.23532122852828
 20
95.59192716851481
 10
189.4659486953397
 20
92.2848859509277
 10
191.46045493188768
 20
88.83029981321366
 10
193.20912290427464
 20
85.24499915178197
 10
194.70343327791466
 20
81.54645119106195
 10
195.93610592287493
 20
77.75267488494148
 10
196.901135381937
 20
73.88215313023493
 10
197.59382012858075
 20
69.95374271986776
 10
198.01078547234894
 20
65.98658247447678
 10
198.15
 20
62.000000000000014
  0
LWPOLYLINE
  5
3D
330
17
100
AcDbEntity
  8
XY_AFT
100
AcDbPolyline
 90
91
 70
0
 10
198.15
 20
62.0
 10
198.01078547234894
 20
58.01341752552324
 10
197.59382012858075
 20
54.04625728013226
 10
196.901135381937
 20
50.11784686976505
 10
195.93610592287493
 20
46.247325115058494
 10
194.70343327791466
 20
42.45354880893803
 10
193.20912290427464
 20
38.75500084821802
 10
191.46045493188768
 20
35.169700186786336
 10
189.46594869533973
 20
31.715114049072337
 10
187.23532122852825
 20
28.408072831485164
 10
184.7794399242496
 20
25.264688106414283
 10
182.11026958935392
 20
22.300274128268306
 10
179.24081415340873
 20
19.529273223966918
 10
176.18505331486136
 20
16.965185431375843
 10
172.95787443335317
 20
14.620502728479366
 10
169.57500000000002
 20
12.506648173719334
 10
166.05291103899577
 20
10.63392025400261
 10
162.40876681371938
 20
9.011442711508103
 10
158.66032122852823
 20
7.647120093731978
 10
154.825836333521
 20
6.5475992433268
 10
150.92399335366508
 20
5.718236915352314
 10
146.9738016757464
 20
5.1630736797031815
 10
142.99450623654795
 20
4.884814235858677
 10
139.00549376345208
 20
4.884814235858677
 10
135.0261983242536
 20
5.163073679703174
 10
131.07600664633495
 20
5.718236915352314
 10
127.174163666479
 20
6.5475992433268
 10
123.33967877147177
 20
7.647120093731971
 10
119.59123318628062
 20
9.011442711508103
 10
115.94708896100423
 20
10.63392025400261
 10
112.42500000000001
 20
12.506648173719327
 10
109.04212556664683
 20
14.620502728479366
 10
105.81494668513864
 20
16.965185431375836
 10
102.75918584659127
 20
19.52927322396691
 10
99.8897304106461
 20
22.300274128268292
 10
97.2205600757504
 20
25.26468810641429
 10
94.76467877147175
 20
28.408072831485157
 10
92.53405130466027
 20
31.71511404907233
 10
90.53954506811235
 20
35.16970018678632
 10
88.79087709572536
 20
38.755000848218025
 10
87.29656672208534
 20
42.453548808938024
 10
86.0638940771251
 20
46.247325115058466
 10
85.098864618063
 20
50.11784686976505
 10
84.40617987141925
 20
54.04625728013227
 10
83.98921452765106
 20
58.013417525523224
 10
83.85
 20
61.99999999999999
 10
83.98921452765106
 20
65.98658247447676
 10
84.40617987141925
 20
69.95374271986775
 10
85.098864618063
 20
73.88215313023493
 10
86.06389407712507
 20
77.75267488494148
 10
87.29656672208534
 20
81.54645119106196
 10
88.79087709572536
 20
85.24499915178198
 10
90.53954506811232
 20
88.83029981321363
 10
92.53405130466027
 20
92.28488595092767
 10
94.76467877147175
 20
95.59192716851484
 10
97.2205600757504
 20
98.73531189358572
 10
99.8897304106461
 20
101.6997258717317
 10
102.75918584659124
 20
104.47072677603308
 10
105.81494668513864
 20
107.03481456862417
 10
109.04212556664683
 20
109.37949727152065
 10
112.42499999999998
 20
111.49335182628064
 10
115.94708896100421
 20
113.36607974599738
 10
119.59123318628062
 20
114.9885572884919
 10
123.33967877147174
 20
116.35287990626802
 10
127.17416366647899
 20
117.4524007566732
 10
131.0760066463349
 20
118.28176308464768
 10
135.02619832425356
 20
118.83692632029681
 10
139.00549376345208
 20
119.11518576414133
 10
142.9945062365479
 20
119.11518576414133
 10
146.97380167574642
 20
118.83692632029681
 10
150.92399335366508
 20
118.28176308464768
 10
154.82583633352098
 20
117.4524007566732
 10
158.66032122852823
 20
116.35287990626803
 10
162.40876681371935
 20
114.9885572884919
 10
166.05291103899577
 20
113.3660797459974
 10
169.57500000000005
 20
111.49335182628064
 10
172.95787443335314
 20
109.37949727152065
 10
176.18505331486134
 20
107.03481456862417
 10
179.24081415340876
 20
104.47072677603308
 10
182.1102695893539
 20
101.69972587173172
 10
184.77943992424957
 20
98.73531189358573
 10
187.23532122852828
 20
95.59192716851481
 10
189.4659486953397
 20
92.2848859509277
 10
191.46045493188768
 20
88.83029981321366
 10
193.20912290427464
 20
85.24499915178197
 10
194.70343327791466
 20
81.54645119106195
 10
195.93610592287493
 20
77.75267488494148
 10
196.901135381937
 20
73.88215313023493
 10
197.59382012858075
 20
69.95374271986776
 10
198.01078547234894
 20
65.98658247447678
 10
198.15
 20
62.000000000000014
  0
LWPOLYLINE
  5
3E
330
17
100
AcDbEntity
  8
XY_AFT
100
AcDbPolyline
 90
71
 70
0
 10
185.0
 20
62.0
 10
184.82286893579052
 20
58.05587040824892
 10
184.29290189833972
 20
54.143496628859985
 10
183.41436587061753
 20
50.294378795066294
 10
182.19433430814843
 20
46.53950774042092
 10
180.64263018770646
 20
42.909115478827445
 10
178.7717469184821
 20
39.43243179414013
 10
176.5967477524977
 20
36.13744889913118
 10
174.1351445041589
 20
33.05069605865265
 10
171.40675655542205
 20
30.197025991594774
 10
168.43355128178428
 20
27.599414771406693
 10
165.23946718389251
 20
25.278776836262686
 10
161.85022114881195
 20
23.25379659830353
 10
158.29310139277266
 20
21.540778007736172
 10
154.5967477524977
 20
20.153513283013247
 10
150.79092109407785
 20
19.103171863999762
 10
146.90626369597686
 20
18.39821048221087
 10
142.97405253542266
 20
18.044305072182155
 10
139.02594746457734
 20
18.044305072182155
 10
135.09373630402317
 20
18.39821048221087
 10
131.20907890592218
 20
19.103171863999762
 10
127.40325224750232
 20
20.15351328301324
 10
123.70689860722737
 20
21.540778007736165
 10
120.14977885118807
 20
23.253796598303516
 10
116.76053281610751
 20
25.278776836262672
 10
113.56644871821574
 20
27.59941477140667
 10
110.59324344457795
 20
30.197025991594767
 10
107.86485549584111
 20
33.05069605865263
 10
105.40325224750231
 20
36.13744889913117
 10
103.22825308151789
 20
39.43243179414012
 10
101.35736981229357
 20
42.90911547882742
 10
99.80566569185157
 20
46.539507740420895
 10
98.58563412938247
 20
50.294378795066265
 10
97.7070981016603
 20
54.14349662885996
 10
97.17713106420948
 20
58.0558704082489
 10
97.0
 20
61.99999999999997
 10
97.17713106420948
 20
65.94412959175105
 10
97.70709810166029
 20
69.85650337113998
 10
98.58563412938244
 20
73.70562120493368
 10
99.80566569185154
 20
77.46049225957906
 10
101.35736981229354
 20
81.09088452117253
 10
103.22825308151788
 20
84.56756820585984
 10
105.4032522475023
 20
87.8625511008688
 10
107.86485549584111
 20
90.94930394134732
 10
110.59324344457794
 20
93.8029740084052
 10
113.56644871821572
 20
96.40058522859331
 10
116.76053281610746
 20
98.72122316373729
 10
120.14977885118802
 20
100.74620340169645
 10
123.70689860722732
 20
102.45922199226382
 10
127.40325224750227
 20
103.84648671698673
 10
131.20907890592213
 20
104.89682813600024
 10
135.0937363040231
 20
105.60178951778911
 10
139.02594746457734
 20
105.95569492781785
 10
142.9740525354226
 20
105.95569492781785
 10
146.90626369597683
 20
105.60178951778913
 10
150.79092109407782
 20
104.89682813600024
 10
154.59674775249766
 20
103.84648671698676
 10
158.29310139277263
 20
102.45922199226382
 10
161.85022114881193
 20
100.74620340169648
 10
165.2394671838925
 20
98.72122316373732
 10
168.43355128178425
 20
96.40058522859334
 10
171.40675655542205
 20
93.80297400840523
 10
174.13514450415886
 20
90.94930394134738
 10
176.5967477524977
 20
87.86255110086883
 10
178.77174691848208
 20
84.56756820585991
 10
180.64263018770643
 20
81.0908845211726
 10
182.19433430814843
 20
77.46049225957913
 10
183.41436587061753
 20
73.7056212049337
 10
184.2929018983397
 20
69.85650337114006
 10
184.82286893579052
 20
65.94412959175108
 10
185.0
 20
62.00000000000005
  0
LWPOLYLINE
  5
3F
330
17
100
AcDbEntity
  8
XY_AFT
100
AcDbPolyline
 90
83
 70
0
 10
192.95499999999998
 20
62.0
 10
192.80255370050122
 20
58.02288356887987
 10
192.346109417508
 20
54.069106438408376
 10
191.58834574757
 20
50.16187094493749
 10
190.5337095492139
 20
46.32410629998678
 10
189.18838984700932
 20
42.578334032512856
 10
187.56028151191163
 20
38.94653582362211
 10
185.65893893102003
 20
35.45002450932538
 10
183.4955199386348
 20
32.10931900834156
 10
181.08272033764905
 20
28.94402390892359
 10
178.4346993955289
 20
25.97271442133909
 10
175.56699675210194
 20
23.212827371150482
 10
172.49644122677168
 20
20.68055887298914
 10
169.24105206031345
 20
18.390769285314548
 10
165.81993317080463
 20
16.356896003921996
 10
162.25316104423698
 20
14.590874605960849
 10
158.56166691771375
 20
13.103068807221874
 10
154.76711394662757
 20
11.902209643732064
 10
150.89177007665035
 20
10.995344234563404
 10
146.9583773665739
 20
10.387794426536082
 10
142.99001852886582
 20
10.08312556350517
 10
139.0099814711342
 20
10.08312556350517
 10
135.0416226334261
 20
10.387794426536082
 10
131.10822992334965
 20
10.995344234563404
 10
127.23288605337245
 20
11.902209643732057
 10
123.43833308228625
 20
13.103068807221874
 10
119.74683895576305
 20
14.590874605960842
 10
116.18006682919537
 20
16.356896003921996
 10
112.75894793968656
 20
18.390769285314533
 10
109.50355877322833
 20
20.680558872989124
 10
106.43300324789806
 20
23.212827371150475
 10
103.56530060447113
 20
25.972714421339063
 10
100.91727966235095
 20
28.94402390892359
 10
98.50448006136519
 20
32.10931900834156
 10
96.34106106897997
 20
35.45002450932536
 10
94.43971848808837
 20
38.9465358236221
 10
92.81161015299068
 20
42.578334032512856
 10
91.46629045078609
 20
46.32410629998677
 10
90.41165425243
 20
50.161870944937476
 10
89.653890582492
 20
54.06910643840835
 10
89.19744629949876
 20
58.02288356887983
 10
89.045
 20
61.99999999999999
 10
89.19744629949876
 20
65.97711643112014
 10
89.653890582492
 20
69.9308935615916
 10
90.41165425243
 20
73.83812905506251
 10
91.46629045078609
 20
77.6758937000132
 10
92.81161015299067
 20
81.42166596748713
 10
94.43971848808833
 20
85.05346417637784
 10
96.34106106897994
 20
88.54997549067458
 10
98.50448006136517
 20
91.89068099165843
 10
100.91727966235095
 20
95.0559760910764
 10
103.5653006044711
 20
98.02728557866091
 10
106.43300324789803
 20
100.7871726288495
 10
109.50355877322829
 20
103.31944112701085
 10
112.75894793968656
 20
105.60923071468548
 10
116.18006682919537
 20
107.643103996078
 10
119.74683895576302
 20
109.40912539403914
 10
123.43833308228619
 20
110.89693119277811
 10
127.2328860533724
 20
112.09779035626792
 10
131.10822992334963
 20
113.00465576543658
 10
135.04162263342607
 20
113.61220557346391
 10
139.0099814711342
 20
113.91687443649482
 10
142.99001852886573
 20
113.91687443649484
 10
146.9583773665739
 20
113.61220557346391
 10
150.89177007665035
 20
113.0046557654366
 10
154.76711394662755
 20
112.09779035626795
 10
158.56166691771375
 20
110.89693119277813
 10
162.25316104423692
 20
109.40912539403917
 10
165.81993317080457
 20
107.64310399607803
 10
169.24105206031342
 20
105.60923071468548
 10
172.49644122677165
 20
103.31944112701089
 10
175.5669967521019
 20
100.78717262884956
 10
178.43469939552887
 20
98.02728557866092
 10
181.08272033764905
 20
95.05597609107642
 10
183.4955199386348
 20
91.89068099165846
 10
185.65893893102003
 20
88.54997549067464
 10
187.56028151191163
 20
85.0534641763779
 10
189.18838984700932
 20
81.42166596748719
 10
190.53370954921388
 20
77.67589370001326
 10
191.58834574757
 20
73.83812905506255
 10
192.346109417508
 20
69.9308935615917
 10
192.80255370050122
 20
65.97711643112015
 10
192.95499999999998
 20
62.00000000000001
  0
LWPOLYLINE
  5
40
330
17
100
AcDbEntity
  8
XY_AFT
100
AcDbPolyline
 90
71
 70
0
 10
185.0
 20
62.0
 10
184.82286893579052
 20
58.05587040824893
 10
184.29290189833972
 20
54.14349662885999
 10
183.41436587061753
 20
50.294378795066294
 10
182.19433430814843
 20
46.53950774042092
 10
180.64263018770646
 20
42.909115478827445
 10
178.7717469184821
 20
39.432431794140136
 10
176.5967477524977
 20
36.137448899131186
 10
174.1351445041589
 20
33.05069605865265
 10
171.40675655542205
 20
30.197025991594778
 10
168.43355128178428
 20
27.599414771406693
 10
165.23946718389251
 20
25.278776836262686
 10
161.85022114881195
 20
23.25379659830353
 10
158.29310139277266
 20
21.540778007736172
 10
154.5967477524977
 20
20.153513283013247
 10
150.79092109407785
 20
19.103171863999762
 10
146.90626369597686
 20
18.39821048221087
 10
142.97405253542266
 20
18.044305072182155
 10
139.02594746457734
 20
18.044305072182155
 10
135.09373630402317
 20
18.39821048221087
 10
131.20907890592218
 20
19.103171863999762
 10
127.40325224750232
 20
20.15351328301324
 10
123.70689860722737
 20
21.540778007736165
 10
120.14977885118807
 20
23.253796598303516
 10
116.76053281610751
 20
25.278776836262672
 10
113.56644871821574
 20
27.59941477140667
 10
110.59324344457795
 20
30.19702599159477
 10
107.86485549584111
 20
33.05069605865264
 10
105.40325224750231
 20
36.13744889913117
 10
103.22825308151789
 20
39.43243179414013
 10
101.35736981229357
 20
42.90911547882742
 10
99.80566569185157
 20
46.5395077404209
 10
98.58563412938247
 20
50.29437879506627
 10
97.7070981016603
 20
54.143496628859964
 10
97.17713106420948
 20
58.0558704082489
 10
97.0
 20
61.99999999999997
 10
97.17713106420948
 20
65.94412959175105
 10
97.70709810166029
 20
69.85650337114
 10
98.58563412938244
 20
73.70562120493368
 10
99.80566569185154
 20
77.46049225957906
 10
101.35736981229354
 20
81.09088452117254
 10
103.22825308151788
 20
84.56756820585986
 10
105.4032522475023
 20
87.8625511008688
 10
107.86485549584111
 20
90.94930394134734
 10
110.59324344457794
 20
93.80297400840522
 10
113.56644871821572
 20
96.40058522859331
 10
116.76053281610746
 20
98.72122316373729
 10
120.14977885118802
 20
100.74620340169645
 10
123.70689860722732
 20
102.45922199226382
 10
127.40325224750227
 20
103.84648671698673
 10
131.20907890592213
 20
104.89682813600024
 10
135.0937363040231
 20
105.60178951778911
 10
139.02594746457734
 20
105.95569492781785
 10
142.9740525354226
 20
105.95569492781785
 10
146.90626369597683
 20
105.60178951778913
 10
150.79092109407782
 20
104.89682813600024
 10
154.59674775249766
 20
103.84648671698676
 10
158.29310139277263
 20
102.45922199226382
 10
161.85022114881193
 20
100.74620340169648
 10
165.2394671838925
 20
98.72122316373732
 10
168.43355128178425
 20
96.40058522859334
 10
171.40675655542205
 20
93.80297400840523
 10
174.13514450415886
 20
90.9493039413474
 10
176.5967477524977
 20
87.86255110086883
 10
178.77174691848208
 20
84.56756820585991
 10
180.64263018770643
 20
81.0908845211726
 10
182.19433430814843
 20
77.46049225957913
 10
183.41436587061753
 20
73.70562120493372
 10
184.2929018983397
 20
69.85650337114006
 10
184.82286893579052
 20
65.94412959175108
 10
185.0
 20
62.00000000000005
  0
LWPOLYLINE
  5
41
330
17
100
AcDbEntity
  8
XY_AFT
100
AcDbPolyline
 90
83
 70
0
 10
192.95499999999998
 20
62.0
 10
192.80255370050122
 20
58.02288356887987
 10
192.346109417508
 20
54.069106438408376
 10
191.58834574757
 20
50.16187094493749
 10
190.5337095492139
 20
46.32410629998678
 10
189.18838984700932
 20
42.578334032512856
 10
187.56028151191163
 20
38.94653582362211
 10
185.65893893102003
 20
35.45002450932539
 10
183.4955199386348
 20
32.109319008341565
 10
181.08272033764905
 20
28.94402390892359
 10
178.4346993955289
 20
25.97271442133909
 10
175.56699675210194
 20
23.212827371150482
 10
172.49644122677168
 20
20.68055887298914
 10
169.24105206031345
 20
18.390769285314548
 10
165.81993317080463
 20
16.356896003921996
 10
162.25316104423698
 20
14.590874605960849
 10
158.56166691771375
 20
13.103068807221874
 10
154.76711394662757
 20
11.902209643732064
 10
150.89177007665035
 20
10.995344234563404
 10
146.9583773665739
 20
10.387794426536082
 10
142.99001852886582
 20
10.08312556350517
 10
139.0099814711342
 20
10.08312556350517
 10
135.0416226334261
 20
10.387794426536082
 10
131.10822992334965
 20
10.995344234563404
 10
127.23288605337245
 20
11.902209643732057
 10
123.43833308228625
 20
13.103068807221874
 10
119.74683895576305
 20
14.590874605960842
 10
116.18006682919537
 20
16.356896003921996
 10
112.75894793968656
 20
18.390769285314533
 10
109.50355877322833
 20
20.680558872989124
 10
106.43300324789806
 20
23.212827371150475
 10
103.56530060447113
 20
25.972714421339063
 10
100.91727966235095
 20
28.94402390892359
 10
98.50448006136519
 20
32.10931900834156
 10
96.34106106897997
 20
35.45002450932536
 10
94.43971848808837
 20
38.9465358236221
 10
92.81161015299068
 20
42.578334032512856
 10
91.46629045078609
 20
46.32410629998677
 10
90.41165425243
 20
50.161870944937476
 10
89.653890582492
 20
54.069106438408355
 10
89.19744629949876
 20
58.022883568879834
 10
89.045
 20
61.99999999999999
 10
89.19744629949876
 20
65.97711643112014
 10
89.653890582492
 20
69.93089356159162
 10
90.41165425243
 20
73.83812905506251
 10
91.46629045078609
 20
77.6758937000132
 10
92.81161015299067
 20
81.42166596748713
 10
94.43971848808833
 20
85.05346417637784
 10
96.34106106897994
 20
88.54997549067458
 10
98.50448006136517
 20
91.89068099165843
 10
100.91727966235095
 20
95.0559760910764
 10
103.5653006044711
 20
98.02728557866091
 10
106.43300324789803
 20
100.7871726288495
 10
109.50355877322829
 20
103.31944112701085
 10
112.75894793968656
 20
105.60923071468548
 10
116.18006682919537
 20
107.643103996078
 10
119.74683895576302
 20
109.40912539403914
 10
123.43833308228619
 20
110.89693119277811
 10
127.2328860533724
 20
112.09779035626792
 10
131.10822992334963
 20
113.00465576543658
 10
135.04162263342607
 20
113.61220557346391
 10
139.0099814711342
 20
113.91687443649482
 10
142.99001852886573
 20
113.91687443649484
 10
146.9583773665739
 20
113.61220557346391
 10
150.89177007665035
 20
113.0046557654366
 10
154.76711394662755
 20
112.09779035626795
 10
158.56166691771375
 20
110.89693119277813
 10
162.25316104423692
 20
109.40912539403917
 10
165.81993317080457
 20
107.64310399607803
 10
169.24105206031342
 20
105.60923071468548
 10
172.49644122677165
 20
103.31944112701089
 10
175.5669967521019
 20
100.78717262884956
 10
178.43469939552887
 20
98.02728557866092
 10
181.08272033764905
 20
95.05597609107642
 10
183.4955199386348
 20
91.89068099165846
 10
185.65893893102003
 20
88.54997549067464
 10
187.56028151191163
 20
85.0534641763779
 10
189.18838984700932
 20
81.4216659674872
 10
190.53370954921388
 20
77.67589370001326
 10
191.58834574757
 20
73.83812905506255
 10
192.346109417508
 20
69.9308935615917
 10
192.80255370050122
 20
65.97711643112015
 10
192.95499999999998
 20
62.000000000000014
  0
LWPOLYLINE
  5
42
330
17
100
AcDbEntity
  8
XY_AFT
100
AcDbPolyline
 90
91
 70
0
 10
198.15
 20
62.0
 10
198.01078547234894
 20
65.98658247447676
 10
197.59382012858075
 20
69.95374271986773
 10
196.901135381937
 20
73.88215313023494
 10
195.93610592287493
 20
77.7526748849415
 10
194.70343327791466
 20
81.54645119106196
 10
193.20912290427464
 20
85.24499915178198
 10
191.46045493188768
 20
88.83029981321366
 10
189.46594869533973
 20
92.28488595092766
 10
187.23532122852825
 20
95.59192716851484
 10
184.7794399242496
 20
98.73531189358572
 10
182.11026958935392
 20
101.69972587173169
 10
179.24081415340873
 20
104.47072677603308
 10
176.18505331486136
 20
107.03481456862416
 10
172.95787443335317
 20
109.37949727152063
 10
169.57500000000002
 20
111.49335182628067
 10
166.05291103899577
 20
113.36607974599738
 10
162.40876681371938
 20
114.9885572884919
 10
158.66032122852823
 20
116.35287990626802
 10
154.825836333521
 20
117.4524007566732
 10
150.92399335366508
 20
118.28176308464768
 10
146.9738016757464
 20
118.83692632029681
 10
142.99450623654795
 20
119.11518576414133
 10
139.00549376345208
 20
119.11518576414133
 10
135.0261983242536
 20
118.83692632029683
 10
131.07600664633495
 20
118.28176308464768
 10
127.174163666479
 20
117.4524007566732
 10
123.33967877147177
 20
116.35287990626803
 10
119.59123318628062
 20
114.9885572884919
 10
115.94708896100423
 20
113.36607974599738
 10
112.42500000000001
 20
111.49335182628067
 10
109.04212556664683
 20
109.37949727152063
 10
105.81494668513864
 20
107.03481456862417
 10
102.75918584659127
 20
104.47072677603309
 10
99.8897304106461
 20
101.69972587173172
 10
97.2205600757504
 20
98.7353118935857
 10
94.76467877147175
 20
95.59192716851484
 10
92.53405130466027
 20
92.28488595092767
 10
90.53954506811235
 20
88.83029981321367
 10
88.79087709572536
 20
85.24499915178197
 10
87.29656672208534
 20
81.54645119106198
 10
86.0638940771251
 20
77.75267488494153
 10
85.098864618063
 20
73.88215313023494
 10
84.40617987141925
 20
69.95374271986773
 10
83.98921452765106
 20
65.98658247447678
 10
83.85
 20
62.00000000000001
 10
83.98921452765106
 20
58.01341752552324
 10
84.40617987141925
 20
54.04625728013225
 10
85.098864618063
 20
50.11784686976507
 10
86.06389407712507
 20
46.24732511505851
 10
87.29656672208534
 20
42.45354880893804
 10
88.79087709572536
 20
38.75500084821802
 10
90.53954506811232
 20
35.16970018678636
 10
92.53405130466027
 20
31.715114049072326
 10
94.76467877147175
 20
28.408072831485164
 10
97.2205600757504
 20
25.264688106414283
 10
99.8897304106461
 20
22.3002741282683
 10
102.75918584659124
 20
19.529273223966932
 10
105.81494668513864
 20
16.96518543137583
 10
109.04212556664683
 20
14.620502728479359
 10
112.42499999999998
 20
12.506648173719348
 10
115.94708896100421
 20
10.633920254002618
 10
119.59123318628062
 20
9.011442711508103
 10
123.33967877147174
 20
7.647120093731978
 10
127.17416366647899
 20
6.5475992433268
 10
131.0760066463349
 20
5.718236915352321
 10
135.02619832425356
 20
5.1630736797031815
 10
139.00549376345208
 20
4.884814235858677
 10
142.9945062365479
 20
4.884814235858677
 10
146.97380167574642
 20
5.1630736797031815
 10
150.92399335366508
 20
5.718236915352314
 10
154.82583633352098
 20
6.547599243326793
 10
158.66032122852823
 20
7.647120093731971
 10
162.40876681371935
 20
9.011442711508103
 10
166.05291103899577
 20
10.633920254002604
 10
169.57500000000005
 20
12.506648173719363
 10
172.95787443335314
 20
14.620502728479345
 10
176.18505331486134
 20
16.965185431375822
 10
179.24081415340876
 20
19.529273223966932
 10
182.1102695893539
 20
22.300274128268292
 10
184.77943992424957
 20
25.264688106414262
 10
187.23532122852828
 20
28.408072831485192
 10
189.4659486953397
 20
31.71511404907229
 10
191.46045493188768
 20
35.16970018678634
 10
193.20912290427464
 20
38.75500084821802
 10
194.70343327791466
 20
42.45354880893804
 10
195.93610592287493
 20
46.24732511505851
 10
196.901135381937
 20
50.117846869765074
 10
197.59382012858075
 20
54.04625728013224
 10
198.01078547234894
 20
58.013417525523224
 10
198.15
 20
61.999999999999986
  0
LWPOLYLINE
  5
43
330
17
100
AcDbEntity
  8
XY_AFT
100
AcDbPolyline
 90
91
 70
0
 10
198.15
 20
62.0
 10
198.01078547234894
 20
65.98658247447676
 10
197.59382012858075
 20
69.95374271986773
 10
196.901135381937
 20
73.88215313023494
 10
195.93610592287493
 20
77.7526748849415
 10
194.70343327791466
 20
81.54645119106196
 10
193.20912290427464
 20
85.24499915178198
 10
191.46045493188768
 20
88.83029981321366
 10
189.46594869533973
 20
92.28488595092766
 10
187.23532122852825
 20
95.59192716851484
 10
184.7794399242496
 20
98.73531189358572
 10
182.11026958935392
 20
101.69972587173169
 10
179.24081415340873
 20
104.47072677603308
 10
176.18505331486136
 20
107.03481456862416
 10
172.95787443335317
 20
109.37949727152063
 10
169.57500000000002
 20
111.49335182628067
 10
166.05291103899577
 20
113.36607974599738
 10
162.40876681371938
 20
114.9885572884919
 10
158.66032122852823
 20
116.35287990626802
 10
154.825836333521
 20
117.4524007566732
 10
150.92399335366508
 20
118.28176308464768
 10
146.9738016757464
 20
118.83692632029681
 10
142.99450623654795
 20
119.11518576414133
 10
139.00549376345208
 20
119.11518576414133
 10
135.0261983242536
 20
118.83692632029683
 10
131.07600664633495
 20
118.28176308464768
 10
127.174163666479
 20
117.4524007566732
 10
123.33967877147177
 20
116.35287990626803
 10
119.59123318628062
 20
114.9885572884919
 10
115.94708896100423
 20
113.36607974599738
 10
112.42500000000001
 20
111.49335182628067
 10
109.04212556664683
 20
109.37949727152063
 10
105.81494668513864
 20
107.03481456862417
 10
102.75918584659127
 20
104.47072677603309
 10
99.8897304106461
 20
101.69972587173172
 10
97.2205600757504
 20
98.7353118935857
 10
94.76467877147175
 20
95.59192716851484
 10
92.53405130466027
 20
92.28488595092767
 10
90.53954506811235
 20
88.83029981321367
 10
88.79087709572536
 20
85.24499915178197
 10
87.29656672208534
 20
81.54645119106198
 10
86.0638940771251
 20
77.75267488494153
 10
85.098864618063
 20
73.88215313023494
 10
84.40617987141925
 20
69.95374271986773
 10
83.98921452765106
 20
65.98658247447678
 10
83.85
 20
62.00000000000001
 10
83.98921452765106
 20
58.01341752552324
 10
84.40617987141925
 20
54.04625728013225
 10
85.098864618063
 20
50.11784686976507
 10
86.06389407712507
 20
46.24732511505851
 10
87.29656672208534
 20
42.45354880893804
 10
88.79087709572536
 20
38.75500084821802
 10
90.53954506811232
 20
35.16970018678636
 10
92.53405130466027
 20
31.715114049072326
 10
94.76467877147175
 20
28.408072831485164
 10
97.2205600757504
 20
25.264688106414283
 10
99.8897304106461
 20
22.3002741282683
 10
102.75918584659124
 20
19.529273223966932
 10
105.81494668513864
 20
16.96518543137583
 10
109.04212556664683
 20
14.620502728479359
 10
112.42499999999998
 20
12.506648173719348
 10
115.94708896100421
 20
10.633920254002618
 10
119.59123318628062
 20
9.011442711508103
 10
123.33967877147174
 20
7.647120093731978
 10
127.17416366647899
 20
6.5475992433268
 10
131.0760066463349
 20
5.718236915352321
 10
135.02619832425356
 20
5.1630736797031815
 10
139.00549376345208
 20
4.884814235858677
 10
142.9945062365479
 20
4.884814235858677
 10
146.97380167574642
 20
5.1630736797031815
 10
150.92399335366508
 20
5.718236915352314
 10
154.82583633352098
 20
6.547599243326793
 10
158.66032122852823
 20
7.647120093731971
 10
162.40876681371935
 20
9.011442711508103
 10
166.05291103899577
 20
10.633920254002604
 10
169.57500000000005
 20
12.506648173719363
 10
172.95787443335314
 20
14.620502728479345
 10
176.18505331486134
 20
16.965185431375822
 10
179.24081415340876
 20
19.529273223966932
 10
182.1102695893539
 20
22.300274128268292
 10
184.77943992424957
 20
25.264688106414262
 10
187.23532122852828
 20
28.408072831485192
 10
189.4659486953397
 20
31.71511404907229
 10
191.46045493188768
 20
35.16970018678634
 10
193.20912290427464
 20
38.75500084821802
 10
194.70343327791466
 20
42.45354880893804
 10
195.93610592287493
 20
46.24732511505851
 10
196.901135381937
 20
50.117846869765074
 10
197.59382012858075
 20
54.04625728013224
 10
198.01078547234894
 20
58.013417525523224
 10
198.15
 20
61.999999999999986
  0
LWPOLYLINE
  5
44
330
17
100
AcDbEntity
  8
XY_AFT
100
AcDbPolyline
 90
71
 70
0
 10
185.0
 20
62.0
 10
184.82286893579052
 20
65.94412959175108
 10
184.29290189833972
 20
69.85650337114001
 10
183.41436587061753
 20
73.7056212049337
 10
182.19433430814843
 20
77.46049225957907
 10
180.64263018770646
 20
81.09088452117255
 10
178.7717469184821
 20
84.56756820585986
 10
176.5967477524977
 20
87.86255110086881
 10
174.1351445041589
 20
90.94930394134735
 10
171.40675655542205
 20
93.80297400840522
 10
168.43355128178428
 20
96.40058522859331
 10
165.23946718389251
 20
98.7212231637373
 10
161.85022114881195
 20
100.74620340169648
 10
158.29310139277266
 20
102.45922199226382
 10
154.5967477524977
 20
103.84648671698676
 10
150.79092109407785
 20
104.89682813600024
 10
146.90626369597686
 20
105.60178951778913
 10
142.97405253542266
 20
105.95569492781785
 10
139.02594746457734
 20
105.95569492781785
 10
135.09373630402317
 20
105.60178951778913
 10
131.20907890592218
 20
104.89682813600024
 10
127.40325224750232
 20
103.84648671698676
 10
123.70689860722737
 20
102.45922199226383
 10
120.14977885118807
 20
100.74620340169648
 10
116.76053281610751
 20
98.72122316373733
 10
113.56644871821574
 20
96.40058522859333
 10
110.59324344457795
 20
93.80297400840523
 10
107.86485549584111
 20
90.94930394134735
 10
105.40325224750231
 20
87.86255110086883
 10
103.22825308151789
 20
84.56756820585987
 10
101.35736981229357
 20
81.09088452117258
 10
99.80566569185157
 20
77.4604922595791
 10
98.58563412938247
 20
73.70562120493372
 10
97.7070981016603
 20
69.85650337114004
 10
97.17713106420948
 20
65.94412959175109
 10
97.0
 20
62.00000000000003
 10
97.17713106420948
 20
58.05587040824895
 10
97.70709810166029
 20
54.143496628860014
 10
98.58563412938244
 20
50.29437879506632
 10
99.80566569185154
 20
46.539507740420945
 10
101.35736981229354
 20
42.90911547882747
 10
103.22825308151788
 20
39.43243179414015
 10
105.4032522475023
 20
36.1374488991312
 10
107.86485549584111
 20
33.05069605865266
 10
110.59324344457794
 20
30.197025991594792
 10
113.56644871821572
 20
27.599414771406693
 10
116.76053281610746
 20
25.278776836262708
 10
120.14977885118802
 20
23.253796598303552
 10
123.70689860722732
 20
21.540778007736186
 10
127.40325224750227
 20
20.15351328301326
 10
131.20907890592213
 20
19.10317186399977
 10
135.0937363040231
 20
18.398210482210878
 10
139.02594746457734
 20
18.044305072182155
 10
142.9740525354226
 20
18.044305072182155
 10
146.90626369597683
 20
18.39821048221087
 10
150.79092109407782
 20
19.103171863999762
 10
154.59674775249766
 20
20.15351328301324
 10
158.29310139277263
 20
21.540778007736172
 10
161.85022114881193
 20
23.253796598303524
 10
165.2394671838925
 20
25.27877683626268
 10
168.43355128178425
 20
27.599414771406657
 10
171.40675655542205
 20
30.197025991594767
 10
174.13514450415886
 20
33.050696058652605
 10
176.5967477524977
 20
36.13744889913117
 10
178.77174691848208
 20
39.432431794140086
 10
180.64263018770643
 20
42.9091154788274
 10
182.19433430814843
 20
46.53950774042087
 10
183.41436587061753
 20
50.29437879506629
 10
184.2929018983397
 20
54.143496628859936
 10
184.82286893579052
 20
58.055870408248914
 10
185.0
 20
61.99999999999995
  0
LWPOLYLINE
  5
45
330
17
100
AcDbEntity
  8
XY_AFT
100
AcDbPolyline
 90
83
 70
0
 10
192.95499999999998
 20
62.0
 10
192.80255370050122
 20
65.97711643112014
 10
192.346109417508
 20
69.93089356159163
 10
191.58834574757
 20
73.83812905506251
 10
190.5337095492139
 20
77.67589370001322
 10
189.18838984700932
 20
81.42166596748714
 10
187.56028151191163
 20
85.05346417637789
 10
185.65893893102003
 20
88.54997549067461
 10
183.4955199386348
 20
91.89068099165843
 10
181.08272033764905
 20
95.05597609107642
 10
178.4346993955289
 20
98.02728557866091
 10
175.56699675210194
 20
100.78717262884952
 10
172.49644122677168
 20
103.31944112701086
 10
169.24105206031345
 20
105.60923071468545
 10
165.81993317080463
 20
107.643103996078
 10
162.25316104423698
 20
109.40912539403915
 10
158.56166691771375
 20
110.89693119277813
 10
154.76711394662757
 20
112.09779035626794
 10
150.89177007665035
 20
113.0046557654366
 10
146.9583773665739
 20
113.61220557346391
 10
142.99001852886582
 20
113.91687443649482
 10
139.0099814711342
 20
113.91687443649482
 10
135.0416226334261
 20
113.61220557346391
 10
131.10822992334965
 20
113.0046557654366
 10
127.23288605337245
 20
112.09779035626795
 10
123.43833308228625
 20
110.89693119277813
 10
119.74683895576305
 20
109.40912539403917
 10
116.18006682919537
 20
107.643103996078
 10
112.75894793968656
 20
105.60923071468547
 10
109.50355877322833
 20
103.31944112701088
 10
106.43300324789806
 20
100.78717262884953
 10
103.56530060447113
 20
98.02728557866094
 10
100.91727966235095
 20
95.05597609107642
 10
98.50448006136519
 20
91.89068099165844
 10
96.34106106897997
 20
88.54997549067464
 10
94.43971848808837
 20
85.0534641763779
 10
92.81161015299068
 20
81.42166596748714
 10
91.46629045078609
 20
77.67589370001323
 10
90.41165425243
 20
73.83812905506252
 10
89.653890582492
 20
69.93089356159165
 10
89.19744629949876
 20
65.97711643112017
 10
89.045
 20
62.00000000000001
 10
89.19744629949876
 20
58.02288356887987
 10
89.653890582492
 20
54.06910643840839
 10
90.41165425243
 20
50.16187094493749
 10
91.46629045078609
 20
46.3241062999868
 10
92.81161015299067
 20
42.57833403251287
 10
94.43971848808833
 20
38.946535823622156
 10
96.34106106897994
 20
35.45002450932542
 10
98.50448006136517
 20
32.10931900834157
 10
100.91727966235095
 20
28.944023908923597
 10
103.5653006044711
 20
25.97271442133909
 10
106.43300324789803
 20
23.212827371150496
 10
109.50355877322829
 20
20.680558872989153
 10
112.75894793968656
 20
18.390769285314526
 10
116.18006682919537
 20
16.356896003921996
 10
119.74683895576302
 20
14.590874605960856
 10
123.43833308228619
 20
13.103068807221895
 10
127.2328860533724
 20
11.902209643732071
 10
131.10822992334963
 20
10.995344234563412
 10
135.04162263342607
 20
10.387794426536082
 10
139.0099814711342
 20
10.08312556350517
 10
142.99001852886573
 20
10.083125563505163
 10
146.9583773665739
 20
10.387794426536082
 10
150.89177007665035
 20
10.995344234563404
 10
154.76711394662755
 20
11.902209643732057
 10
158.56166691771375
 20
13.103068807221874
 10
162.25316104423692
 20
14.590874605960828
 10
165.81993317080457
 20
16.356896003921968
 10
169.24105206031342
 20
18.390769285314526
 10
172.49644122677165
 20
20.680558872989117
 10
175.5669967521019
 20
23.21282737115044
 10
178.43469939552887
 20
25.972714421339077
 10
181.08272033764905
 20
28.94402390892359
 10
183.4955199386348
 20
32.10931900834154
 10
185.65893893102003
 20
35.45002450932536
 10
187.56028151191163
 20
38.94653582362209
 10
189.18838984700932
 20
42.57833403251281
 10
190.53370954921388
 20
46.32410629998674
 10
191.58834574757
 20
50.16187094493745
 10
192.346109417508
 20
54.0691064384083
 10
192.80255370050122
 20
58.02288356887985
 10
192.95499999999998
 20
61.999999999999986
  0
LWPOLYLINE
  5
46
330
17
100
AcDbEntity
  8
XY_AFT
100
AcDbPolyline
 90
71
 70
0
 10
185.0
 20
62.0
 10
184.82286893579052
 20
65.94412959175108
 10
184.29290189833972
 20
69.85650337114001
 10
183.41436587061753
 20
73.7056212049337
 10
182.19433430814843
 20
77.46049225957907
 10
180.64263018770646
 20
81.09088452117255
 10
178.7717469184821
 20
84.56756820585986
 10
176.5967477524977
 20
87.86255110086881
 10
174.1351445041589
 20
90.94930394134735
 10
171.40675655542205
 20
93.80297400840522
 10
168.43355128178428
 20
96.40058522859331
 10
165.23946718389251
 20
98.7212231637373
 10
161.85022114881195
 20
100.74620340169648
 10
158.29310139277266
 20
102.45922199226382
 10
154.5967477524977
 20
103.84648671698676
 10
150.79092109407785
 20
104.89682813600024
 10
146.90626369597686
 20
105.60178951778913
 10
142.97405253542266
 20
105.95569492781785
 10
139.02594746457734
 20
105.95569492781785
 10
135.09373630402317
 20
105.60178951778913
 10
131.20907890592218
 20
104.89682813600024
 10
127.40325224750232
 20
103.84648671698676
 10
123.70689860722737
 20
102.45922199226383
 10
120.14977885118807
 20
100.74620340169648
 10
116.76053281610751
 20
98.72122316373733
 10
113.56644871821574
 20
96.40058522859333
 10
110.59324344457795
 20
93.80297400840523
 10
107.86485549584111
 20
90.94930394134735
 10
105.40325224750231
 20
87.86255110086883
 10
103.22825308151789
 20
84.56756820585987
 10
101.35736981229357
 20
81.09088452117258
 10
99.80566569185157
 20
77.4604922595791
 10
98.58563412938247
 20
73.70562120493372
 10
97.7070981016603
 20
69.85650337114004
 10
97.17713106420948
 20
65.94412959175109
 10
97.0
 20
62.00000000000003
 10
97.17713106420948
 20
58.05587040824895
 10
97.70709810166029
 20
54.143496628860014
 10
98.58563412938244
 20
50.29437879506632
 10
99.80566569185154
 20
46.539507740420945
 10
101.35736981229354
 20
42.90911547882747
 10
103.22825308151788
 20
39.43243179414015
 10
105.4032522475023
 20
36.1374488991312
 10
107.86485549584111
 20
33.05069605865266
 10
110.59324344457794
 20
30.197025991594792
 10
113.56644871821572
 20
27.599414771406693
 10
116.76053281610746
 20
25.278776836262708
 10
120.14977885118802
 20
23.253796598303552
 10
123.70689860722732
 20
21.540778007736186
 10
127.40325224750227
 20
20.15351328301326
 10
131.20907890592213
 20
19.10317186399977
 10
135.0937363040231
 20
18.398210482210878
 10
139.02594746457734
 20
18.044305072182155
 10
142.9740525354226
 20
18.044305072182155
 10
146.90626369597683
 20
18.39821048221087
 10
150.79092109407782
 20
19.103171863999762
 10
154.59674775249766
 20
20.15351328301324
 10
158.29310139277263
 20
21.540778007736172
 10
161.85022114881193
 20
23.253796598303524
 10
165.2394671838925
 20
25.27877683626268
 10
168.43355128178425
 20
27.599414771406657
 10
171.40675655542205
 20
30.197025991594767
 10
174.13514450415886
 20
33.050696058652605
 10
176.5967477524977
 20
36.13744889913117
 10
178.77174691848208
 20
39.432431794140086
 10
180.64263018770643
 20
42.9091154788274
 10
182.19433430814843
 20
46.53950774042087
 10
183.41436587061753
 20
50.29437879506629
 10
184.2929018983397
 20
54.143496628859936
 10
184.82286893579052
 20
58.055870408248914
 10
185.0
 20
61.99999999999995
  0
LWPOLYLINE
  5
47
330
17
100
AcDbEntity
  8
XY_AFT
100
AcDbPolyline
 90
83
 70
0
 10
192.95499999999998
 20
62.0
 10
192.80255370050122
 20
65.97711643112014
 10
192.346109417508
 20
69.93089356159163
 10
191.58834574757
 20
73.83812905506251
 10
190.5337095492139
 20
77.67589370001322
 10
189.18838984700932
 20
81.42166596748714
 10
187.56028151191163
 20
85.05346417637789
 10
185.65893893102003
 20
88.54997549067461
 10
183.4955199386348
 20
91.89068099165843
 10
181.08272033764905
 20
95.05597609107642
 10
178.4346993955289
 20
98.02728557866091
 10
175.56699675210194
 20
100.78717262884952
 10
172.49644122677168
 20
103.31944112701086
 10
169.24105206031345
 20
105.60923071468545
 10
165.81993317080463
 20
107.643103996078
 10
162.25316104423698
 20
109.40912539403915
 10
158.56166691771375
 20
110.89693119277813
 10
154.76711394662757
 20
112.09779035626794
 10
150.89177007665035
 20
113.0046557654366
 10
146.9583773665739
 20
113.61220557346391
 10
142.99001852886582
 20
113.91687443649482
 10
139.0099814711342
 20
113.91687443649482
 10
135.0416226334261
 20
113.61220557346391
 10
131.10822992334965
 20
113.0046557654366
 10
127.23288605337245
 20
112.09779035626795
 10
123.43833308228625
 20
110.89693119277813
 10
119.74683895576305
 20
109.40912539403917
 10
116.18006682919537
 20
107.643103996078
 10
112.75894793968656
 20
105.60923071468547
 10
109.50355877322833
 20
103.31944112701088
 10
106.43300324789806
 20
100.78717262884953
 10
103.56530060447113
 20
98.02728557866094
 10
100.91727966235095
 20
95.05597609107642
 10
98.50448006136519
 20
91.89068099165844
 10
96.34106106897997
 20
88.54997549067464
 10
94.43971848808837
 20
85.0534641763779
 10
92.81161015299068
 20
81.42166596748714
 10
91.46629045078609
 20
77.67589370001323
 10
90.41165425243
 20
73.83812905506252
 10
89.653890582492
 20
69.93089356159165
 10
89.19744629949876
 20
65.97711643112017
 10
89.045
 20
62.00000000000001
 10
89.19744629949876
 20
58.02288356887987
 10
89.653890582492
 20
54.06910643840839
 10
90.41165425243
 20
50.16187094493749
 10
91.46629045078609
 20
46.3241062999868
 10
92.81161015299067
 20
42.57833403251287
 10
94.43971848808833
 20
38.946535823622156
 10
96.34106106897994
 20
35.45002450932542
 10
98.50448006136517
 20
32.10931900834157
 10
100.91727966235095
 20
28.944023908923597
 10
103.5653006044711
 20
25.97271442133909
 10
106.43300324789803
 20
23.212827371150496
 10
109.50355877322829
 20
20.680558872989153
 10
112.75894793968656
 20
18.390769285314526
 10
116.18006682919537
 20
16.356896003921996
 10
119.74683895576302
 20
14.590874605960856
 10
123.43833308228619
 20
13.103068807221895
 10
127.2328860533724
 20
11.902209643732071
 10
131.10822992334963
 20
10.995344234563412
 10
135.04162263342607
 20
10.387794426536082
 10
139.0099814711342
 20
10.08312556350517
 10
142.99001852886573
 20
10.083125563505163
 10
146.9583773665739
 20
10.387794426536082
 10
150.89177007665035
 20
10.995344234563404
 10
154.76711394662755
 20
11.902209643732057
 10
158.56166691771375
 20
13.103068807221874
 10
162.25316104423692
 20
14.590874605960828
 10
165.81993317080457
 20
16.356896003921968
 10
169.24105206031342
 20
18.390769285314526
 10
172.49644122677165
 20
20.680558872989117
 10
175.5669967521019
 20
23.21282737115044
 10
178.43469939552887
 20
25.972714421339077
 10
181.08272033764905
 20
28.94402390892359
 10
183.4955199386348
 20
32.10931900834154
 10
185.65893893102003
 20
35.45002450932536
 10
187.56028151191163
 20
38.94653582362209
 10
189.18838984700932
 20
42.57833403251281
 10
190.53370954921388
 20
46.32410629998674
 10
191.58834574757
 20
50.16187094493745
 10
192.346109417508
 20
54.0691064384083
 10
192.80255370050122
 20
58.02288356887985
 10
192.95499999999998
 20
61.999999999999986
  0
LWPOLYLINE
  5
48
330
17
100
AcDbEntity
  8
XY_AFT
100
AcDbPolyline
 90
91
 70
0
 10
198.15
 20
62.0
 10
198.01078547234894
 20
58.01341752552324
 10
197.59382012858075
 20
54.04625728013226
 10
196.901135381937
 20
50.11784686976505
 10
195.93610592287493
 20
46.2473251150585
 10
194.70343327791466
 20
42.45354880893804
 10
193.20912290427464
 20
38.75500084821802
 10
191.46045493188768
 20
35.16970018678634
 10
189.46594869533973
 20
31.71511404907234
 10
187.23532122852825
 20
28.408072831485164
 10
184.7794399242496
 20
25.264688106414283
 10
182.11026958935392
 20
22.300274128268306
 10
179.24081415340873
 20
19.529273223966918
 10
176.18505331486136
 20
16.965185431375843
 10
172.95787443335317
 20
14.620502728479366
 10
169.57500000000002
 20
12.506648173719334
 10
166.05291103899577
 20
10.63392025400261
 10
162.40876681371938
 20
9.011442711508103
 10
158.66032122852823
 20
7.647120093731978
 10
154.825836333521
 20
6.5475992433268
 10
150.92399335366508
 20
5.718236915352314
 10
146.9738016757464
 20
5.1630736797031815
 10
142.99450623654795
 20
4.884814235858677
 10
139.00549376345208
 20
4.884814235858677
 10
135.0261983242536
 20
5.163073679703174
 10
131.07600664633495
 20
5.718236915352314
 10
127.174163666479
 20
6.5475992433268
 10
123.33967877147177
 20
7.647120093731971
 10
119.59123318628062
 20
9.011442711508103
 10
115.94708896100423
 20
10.63392025400261
 10
112.42500000000001
 20
12.506648173719327
 10
109.04212556664683
 20
14.620502728479366
 10
105.81494668513864
 20
16.965185431375836
 10
102.75918584659127
 20
19.52927322396691
 10
99.8897304106461
 20
22.300274128268292
 10
97.2205600757504
 20
25.26468810641429
 10
94.76467877147175
 20
28.408072831485157
 10
92.53405130466027
 20
31.715114049072334
 10
90.53954506811235
 20
35.16970018678633
 10
88.79087709572536
 20
38.75500084821803
 10
87.29656672208534
 20
42.453548808938024
 10
86.0638940771251
 20
46.24732511505847
 10
85.098864618063
 20
50.11784686976505
 10
84.40617987141925
 20
54.04625728013227
 10
83.98921452765106
 20
58.013417525523224
 10
83.85
 20
61.99999999999999
 10
83.98921452765106
 20
65.98658247447676
 10
84.40617987141925
 20
69.95374271986775
 10
85.098864618063
 20
73.88215313023493
 10
86.06389407712507
 20
77.75267488494148
 10
87.29656672208534
 20
81.54645119106196
 10
88.79087709572536
 20
85.24499915178198
 10
90.53954506811232
 20
88.83029981321364
 10
92.53405130466027
 20
92.28488595092767
 10
94.76467877147175
 20
95.59192716851484
 10
97.2205600757504
 20
98.73531189358572
 10
99.8897304106461
 20
101.6997258717317
 10
102.75918584659124
 20
104.47072677603308
 10
105.81494668513864
 20
107.03481456862417
 10
109.04212556664683
 20
109.37949727152065
 10
112.42499999999998
 20
111.49335182628064
 10
115.94708896100421
 20
113.36607974599738
 10
119.59123318628062
 20
114.9885572884919
 10
123.33967877147174
 20
116.35287990626802
 10
127.17416366647899
 20
117.4524007566732
 10
131.0760066463349
 20
118.28176308464768
 10
135.02619832425356
 20
118.83692632029681
 10
139.00549376345208
 20
119.11518576414133
 10
142.9945062365479
 20
119.11518576414133
 10
146.97380167574642
 20
118.83692632029681
 10
150.92399335366508
 20
118.28176308464768
 10
154.82583633352098
 20
117.4524007566732
 10
158.66032122852823
 20
116.35287990626803
 10
162.40876681371935
 20
114.9885572884919
 10
166.05291103899577
 20
113.3660797459974
 10
169.57500000000005
 20
111.49335182628064
 10
172.95787443335314
 20
109.37949727152065
 10
176.18505331486134
 20
107.03481456862417
 10
179.24081415340876
 20
104.47072677603308
 10
182.1102695893539
 20
101.69972587173172
 10
184.77943992424957
 20
98.73531189358573
 10
187.23532122852828
 20
95.59192716851481
 10
189.4659486953397
 20
92.2848859509277
 10
191.46045493188768
 20
88.83029981321366
 10
193.20912290427464
 20
85.24499915178198
 10
194.70343327791466
 20
81.54645119106196
 10
195.93610592287493
 20
77.75267488494148
 10
196.901135381937
 20
73.88215313023493
 10
197.59382012858075
 20
69.95374271986776
 10
198.01078547234894
 20
65.98658247447678
 10
198.15
 20
62.000000000000014
  0
LWPOLYLINE
  5
49
330
17
100
AcDbEntity
  8
XY_AFT
100
AcDbPolyline
 90
91
 70
0
 10
198.15
 20
62.0
 10
198.01078547234894
 20
58.01341752552324
 10
197.59382012858075
 20
54.04625728013226
 10
196.901135381937
 20
50.11784686976505
 10
195.93610592287493
 20
46.2473251150585
 10
194.70343327791466
 20
42.45354880893804
 10
193.20912290427464
 20
38.75500084821802
 10
191.46045493188768
 20
35.16970018678634
 10
189.46594869533973
 20
31.71511404907234
 10
187.23532122852825
 20
28.408072831485164
 10
184.7794399242496
 20
25.264688106414283
 10
182.11026958935392
 20
22.300274128268306
 10
179.24081415340873
 20
19.529273223966918
 10
176.18505331486136
 20
16.965185431375843
 10
172.95787443335317
 20
14.620502728479366
 10
169.57500000000002
 20
12.506648173719334
 10
166.05291103899577
 20
10.63392025400261
 10
162.40876681371938
 20
9.011442711508103
 10
158.66032122852823
 20
7.647120093731978
 10
154.825836333521
 20
6.5475992433268
 10
150.92399335366508
 20
5.718236915352314
 10
146.9738016757464
 20
5.1630736797031815
 10
142.99450623654795
 20
4.884814235858677
 10
139.00549376345208
 20
4.884814235858677
 10
135.0261983242536
 20
5.163073679703174
 10
131.07600664633495
 20
5.718236915352314
 10
127.174163666479
 20
6.5475992433268
 10
123.33967877147177
 20
7.647120093731971
 10
119.59123318628062
 20
9.011442711508103
 10
115.94708896100423
 20
10.63392025400261
 10
112.42500000000001
 20
12.506648173719327
 10
109.04212556664683
 20
14.620502728479366
 10
105.81494668513864
 20
16.965185431375836
 10
102.75918584659127
 20
19.52927322396691
 10
99.8897304106461
 20
22.300274128268292
 10
97.2205600757504
 20
25.26468810641429
 10
94.76467877147175
 20
28.408072831485157
 10
92.53405130466027
 20
31.715114049072334
 10
90.53954506811235
 20
35.16970018678633
 10
88.79087709572536
 20
38.75500084821803
 10
87.29656672208534
 20
42.453548808938024
 10
86.0638940771251
 20
46.24732511505847
 10
85.098864618063
 20
50.11784686976505
 10
84.40617987141925
 20
54.04625728013227
 10
83.98921452765106
 20
58.013417525523224
 10
83.85
 20
61.99999999999999
 10
83.98921452765106
 20
65.98658247447676
 10
84.40617987141925
 20
69.95374271986775
 10
85.098864618063
 20
73.88215313023493
 10
86.06389407712507
 20
77.75267488494148
 10
87.29656672208534
 20
81.54645119106196
 10
88.79087709572536
 20
85.24499915178198
 10
90.53954506811232
 20
88.83029981321364
 10
92.53405130466027
 20
92.28488595092767
 10
94.76467877147175
 20
95.59192716851484
 10
97.2205600757504
 20
98.73531189358572
 10
99.8897304106461
 20
101.6997258717317
 10
102.75918584659124
 20
104.47072677603308
 10
105.81494668513864
 20
107.03481456862417
 10
109.04212556664683
 20
109.37949727152065
 10
112.42499999999998
 20
111.49335182628064
 10
115.94708896100421
 20
113.36607974599738
 10
119.59123318628062
 20
114.9885572884919
 10
123.33967877147174
 20
116.35287990626802
 10
127.17416366647899
 20
117.4524007566732
 10
131.0760066463349
 20
118.28176308464768
 10
135.02619832425356
 20
118.83692632029681
 10
139.00549376345208
 20
119.11518576414133
 10
142.9945062365479
 20
119.11518576414133
 10
146.97380167574642
 20
118.83692632029681
 10
150.92399335366508
 20
118.28176308464768
 10
154.82583633352098
 20
117.4524007566732
 10
158.66032122852823
 20
116.35287990626803
 10
162.40876681371935
 20
114.9885572884919
 10
166.05291103899577
 20
113.3660797459974
 10
169.57500000000005
 20
111.49335182628064
 10
172.95787443335314
 20
109.37949727152065
 10
176.18505331486134
 20
107.03481456862417
 10
179.24081415340876
 20
104.47072677603308
 10
182.1102695893539
 20
101.69972587173172
 10
184.77943992424957
 20
98.73531189358573
 10
187.23532122852828
 20
95.59192716851481
 10
189.4659486953397
 20
92.2848859509277
 10
191.46045493188768
 20
88.83029981321366
 10
193.20912290427464
 20
85.24499915178198
 10
194.70343327791466
 20
81.54645119106196
 10
195.93610592287493
 20
77.75267488494148
 10
196.901135381937
 20
73.88215313023493
 10
197.59382012858075
 20
69.95374271986776
 10
198.01078547234894
 20
65.98658247447678
 10
198.15
 20
62.000000000000014
  0
LWPOLYLINE
  5
4A
330
17
100
AcDbEntity
  8
XY_AFT
100
AcDbPolyline
 90
12
 70
0
 10
119.470418
 20
70.65247600000001
 10
118.66081101743902
 20
67.89520783097646
 10
116.48903456630961
 20
66.01335282369196
 10
113.64461232480625
 20
65.60438664640725
 10
111.03062825687906
 20
66.79815317079328
 10
109.47700383456606
 20
69.2156399601087
 10
109.47700383456606
 20
72.08931203989128
 10
111.03062825687906
 20
74.50679882920672
 10
113.64461232480625
 20
75.70056535359275
 10
116.48903456630961
 20
75.29159917630804
 10
118.66081101743902
 20
73.40974416902355
 10
119.470418
 20
70.65247600000001
  0
LWPOLYLINE
  5
4B
330
17
100
AcDbEntity
  8
XY_AFT
100
AcDbPolyline
 90
12
 70
0
 10
146.1
 20
90.0
 10
145.29039301743902
 20
87.24273183097645
 10
143.1186165663096
 20
85.36087682369195
 10
140.27419432480625
 20
84.95191064640724
 10
137.66021025687905
 20
86.14567717079328
 10
136.10658583456606
 20
88.56316396010871
 10
136.10658583456606
 20
91.43683603989129
 10
137.66021025687905
 20
93.85432282920672
 10
140.27419432480625
 20
95.04808935359276
 10
143.1186165663096
 20
94.63912317630805
 10
145.29039301743902
 20
92.75726816902355
 10
146.1
 20
90.0
  0
LWPOLYLINE
  5
4C
330
17
100
AcDbEntity
  8
XY_AFT
100
AcDbPolyline
 90
12
 70
0
 10
172.729582
 20
70.65247600000001
 10
171.91997501743901
 20
67.89520783097646
 10
169.7481985663096
 20
66.01335282369196
 10
166.90377632480624
 20
65.60438664640725
 10
164.28979225687905
 20
66.79815317079328
 10
162.73616783456606
 20
69.2156399601087
 10
162.73616783456606
 20
72.08931203989128
 10
164.28979225687905
 20
74.50679882920672
 10
166.90377632480624
 20
75.70056535359275
 10
169.7481985663096
 20
75.29159917630804
 10
171.91997501743901
 20
73.40974416902355
 10
172.729582
 20
70.65247600000001
  0
LWPOLYLINE
  5
4D
330
17
100
AcDbEntity
  8
XY_AFT
100
AcDbPolyline
 90
12
 70
0
 10
129.642013
 20
39.347524
 10
128.832406017439
 20
36.59025583097645
 10
126.66062956630962
 20
34.70840082369196
 10
123.81620732480624
 20
34.29943464640724
 10
121.20222325687905
 20
35.493201170793284
 10
119.64859883456606
 20
37.9106879601087
 10
119.64859883456606
 20
40.78436003989128
 10
121.20222325687905
 20
43.201846829206715
 10
123.81620732480624
 20
44.39561335359276
 10
126.66062956630962
 20
43.98664717630804
 10
128.832406017439
 20
42.104792169023554
 10
129.642013
 20
39.347524
  0
LWPOLYLINE
  5
4E
330
17
100
AcDbEntity
  8
XY_AFT
100
AcDbPolyline
 90
12
 70
0
 10
162.557987
 20
39.347524
 10
161.74838001743902
 20
36.59025583097645
 10
159.57660356630961
 20
34.70840082369196
 10
156.73218132480625
 20
34.29943464640724
 10
154.11819725687906
 20
35.493201170793284
 10
152.56457283456606
 20
37.9106879601087
 10
152.56457283456606
 20
40.78436003989128
 10
154.11819725687906
 20
43.201846829206715
 10
156.73218132480625
 20
44.39561335359276
 10
159.57660356630961
 20
43.98664717630804
 10
161.74838001743902
 20
42.104792169023554
 10
162.557987
 20
39.347524
  0
LWPOLYLINE
  5
4F
330
17
100
AcDbEntity
  8
XY_AFT
100
AcDbPolyline
 90
71
 70
0
 10
185.0
 20
62.0
 10
184.82286893579052
 20
58.05587040824893
 10
184.29290189833972
 20
54.14349662885999
 10
183.41436587061753
 20
50.294378795066294
 10
182.19433430814843
 20
46.53950774042092
 10
180.64263018770646
 20
42.909115478827445
 10
178.7717469184821
 20
39.432431794140136
 10
176.5967477524977
 20
36.137448899131186
 10
174.1351445041589
 20
33.05069605865265
 10
171.40675655542205
 20
30.197025991594778
 10
168.43355128178428
 20
27.599414771406693
 10
165.23946718389251
 20
25.278776836262686
 10
161.85022114881195
 20
23.25379659830353
 10
158.29310139277266
 20
21.540778007736172
 10
154.5967477524977
 20
20.153513283013247
 10
150.79092109407785
 20
19.103171863999762
 10
146.90626369597686
 20
18.39821048221087
 10
142.97405253542266
 20
18.044305072182155
 10
139.02594746457734
 20
18.044305072182155
 10
135.09373630402317
 20
18.39821048221087
 10
131.20907890592218
 20
19.103171863999762
 10
127.40325224750232
 20
20.15351328301324
 10
123.70689860722737
 20
21.540778007736165
 10
120.14977885118807
 20
23.253796598303516
 10
116.76053281610751
 20
25.278776836262672
 10
113.56644871821574
 20
27.59941477140667
 10
110.59324344457795
 20
30.19702599159477
 10
107.86485549584111
 20
33.05069605865264
 10
105.40325224750231
 20
36.13744889913117
 10
103.22825308151789
 20
39.43243179414013
 10
101.35736981229357
 20
42.90911547882742
 10
99.80566569185157
 20
46.5395077404209
 10
98.58563412938247
 20
50.29437879506627
 10
97.7070981016603
 20
54.143496628859964
 10
97.17713106420948
 20
58.0558704082489
 10
97.0
 20
61.99999999999997
 10
97.17713106420948
 20
65.94412959175105
 10
97.70709810166029
 20
69.85650337114
 10
98.58563412938244
 20
73.70562120493368
 10
99.80566569185154
 20
77.46049225957906
 10
101.35736981229354
 20
81.09088452117254
 10
103.22825308151788
 20
84.56756820585986
 10
105.4032522475023
 20
87.8625511008688
 10
107.86485549584111
 20
90.94930394134734
 10
110.59324344457794
 20
93.80297400840522
 10
113.56644871821572
 20
96.40058522859331
 10
116.76053281610746
 20
98.72122316373729
 10
120.14977885118802
 20
100.74620340169645
 10
123.70689860722732
 20
102.45922199226382
 10
127.40325224750227
 20
103.84648671698673
 10
131.20907890592213
 20
104.89682813600024
 10
135.0937363040231
 20
105.60178951778911
 10
139.02594746457734
 20
105.95569492781785
 10
142.9740525354226
 20
105.95569492781785
 10
146.90626369597683
 20
105.60178951778913
 10
150.79092109407782
 20
104.89682813600024
 10
154.59674775249766
 20
103.84648671698676
 10
158.29310139277263
 20
102.45922199226382
 10
161.85022114881193
 20
100.74620340169648
 10
165.2394671838925
 20
98.72122316373732
 10
168.43355128178425
 20
96.40058522859334
 10
171.40675655542205
 20
93.80297400840523
 10
174.13514450415886
 20
90.9493039413474
 10
176.5967477524977
 20
87.86255110086883
 10
178.77174691848208
 20
84.56756820585991
 10
180.64263018770643
 20
81.0908845211726
 10
182.19433430814843
 20
77.46049225957913
 10
183.41436587061753
 20
73.70562120493372
 10
184.2929018983397
 20
69.85650337114006
 10
184.82286893579052
 20
65.94412959175108
 10
185.0
 20
62.00000000000005
  0
LWPOLYLINE
  5
50
330
17
100
AcDbEntity
  8
XY_AFT
100
AcDbPolyline
 90
12
 70
0
 10
119.470418
 20
70.65247600000001
 10
118.66081101743902
 20
67.89520783097646
 10
116.48903456630961
 20
66.01335282369196
 10
113.64461232480625
 20
65.60438664640725
 10
111.03062825687906
 20
66.79815317079328
 10
109.47700383456606
 20
69.2156399601087
 10
109.47700383456606
 20
72.08931203989128
 10
111.03062825687906
 20
74.50679882920672
 10
113.64461232480625
 20
75.70056535359275
 10
116.48903456630961
 20
75.29159917630804
 10
118.66081101743902
 20
73.40974416902355
 10
119.470418
 20
70.65247600000001
  0
LWPOLYLINE
  5
51
330
17
100
AcDbEntity
  8
XY_AFT
100
AcDbPolyline
 90
12
 70
0
 10
146.1
 20
90.0
 10
145.29039301743902
 20
87.24273183097645
 10
143.1186165663096
 20
85.36087682369195
 10
140.27419432480625
 20
84.95191064640724
 10
137.66021025687905
 20
86.14567717079328
 10
136.10658583456606
 20
88.56316396010871
 10
136.10658583456606
 20
91.43683603989129
 10
137.66021025687905
 20
93.85432282920672
 10
140.27419432480625
 20
95.04808935359276
 10
143.1186165663096
 20
94.63912317630805
 10
145.29039301743902
 20
92.75726816902355
 10
146.1
 20
90.0
  0
LWPOLYLINE
  5
52
330
17
100
AcDbEntity
  8
XY_AFT
100
AcDbPolyline
 90
12
 70
0
 10
172.729582
 20
70.65247600000001
 10
171.91997501743901
 20
67.89520783097646
 10
169.7481985663096
 20
66.01335282369196
 10
166.90377632480624
 20
65.60438664640725
 10
164.28979225687905
 20
66.79815317079328
 10
162.73616783456606
 20
69.2156399601087
 10
162.73616783456606
 20
72.08931203989128
 10
164.28979225687905
 20
74.50679882920672
 10
166.90377632480624
 20
75.70056535359275
 10
169.7481985663096
 20
75.29159917630804
 10
171.91997501743901
 20
73.40974416902355
 10
172.729582
 20
70.65247600000001
  0
LWPOLYLINE
  5
53
330
17
100
AcDbEntity
  8
XY_AFT
100
AcDbPolyline
 90
12
 70
0
 10
129.642013
 20
39.347524
 10
128.832406017439
 20
36.59025583097645
 10
126.66062956630962
 20
34.70840082369196
 10
123.81620732480624
 20
34.29943464640724
 10
121.20222325687905
 20
35.493201170793284
 10
119.64859883456606
 20
37.9106879601087
 10
119.64859883456606
 20
40.78436003989128
 10
121.20222325687905
 20
43.201846829206715
 10
123.81620732480624
 20
44.39561335359276
 10
126.66062956630962
 20
43.98664717630804
 10
128.832406017439
 20
42.104792169023554
 10
129.642013
 20
39.347524
  0
LWPOLYLINE
  5
54
330
17
100
AcDbEntity
  8
XY_AFT
100
AcDbPolyline
 90
12
 70
0
 10
162.557987
 20
39.347524
 10
161.74838001743902
 20
36.59025583097645
 10
159.57660356630961
 20
34.70840082369196
 10
156.73218132480625
 20
34.29943464640724
 10
154.11819725687906
 20
35.493201170793284
 10
152.56457283456606
 20
37.9106879601087
 10
152.56457283456606
 20
40.78436003989128
 10
154.11819725687906
 20
43.201846829206715
 10
156.73218132480625
 20
44.39561335359276
 10
159.57660356630961
 20
43.98664717630804
 10
161.74838001743902
 20
42.104792169023554
 10
162.557987
 20
39.347524
  0
LWPOLYLINE
  5
55
330
17
100
AcDbEntity
  8
XY_AFT
100
AcDbPolyline
 90
71
 70
0
 10
185.0
 20
62.0
 10
184.82286893579052
 20
58.05587040824893
 10
184.29290189833972
 20
54.14349662885999
 10
183.41436587061753
 20
50.294378795066294
 10
182.19433430814843
 20
46.53950774042092
 10
180.64263018770646
 20
42.909115478827445
 10
178.7717469184821
 20
39.432431794140136
 10
176.5967477524977
 20
36.137448899131186
 10
174.1351445041589
 20
33.05069605865265
 10
171.40675655542205
 20
30.197025991594778
 10
168.43355128178428
 20
27.599414771406693
 10
165.23946718389251
 20
25.278776836262686
 10
161.85022114881195
 20
23.25379659830353
 10
158.29310139277266
 20
21.540778007736172
 10
154.5967477524977
 20
20.153513283013247
 10
150.79092109407785
 20
19.103171863999762
 10
146.90626369597686
 20
18.39821048221087
 10
142.97405253542266
 20
18.044305072182155
 10
139.02594746457734
 20
18.044305072182155
 10
135.09373630402317
 20
18.39821048221087
 10
131.20907890592218
 20
19.103171863999762
 10
127.40325224750232
 20
20.15351328301324
 10
123.70689860722737
 20
21.540778007736165
 10
120.14977885118807
 20
23.253796598303516
 10
116.76053281610751
 20
25.278776836262672
 10
113.56644871821574
 20
27.59941477140667
 10
110.59324344457795
 20
30.19702599159477
 10
107.86485549584111
 20
33.05069605865264
 10
105.40325224750231
 20
36.13744889913117
 10
103.22825308151789
 20
39.43243179414013
 10
101.35736981229357
 20
42.90911547882742
 10
99.80566569185157
 20
46.5395077404209
 10
98.58563412938247
 20
50.29437879506627
 10
97.7070981016603
 20
54.143496628859964
 10
97.17713106420948
 20
58.0558704082489
 10
97.0
 20
61.99999999999998
 10
97.17713106420948
 20
65.94412959175105
 10
97.70709810166029
 20
69.85650337114
 10
98.58563412938244
 20
73.70562120493368
 10
99.80566569185154
 20
77.46049225957906
 10
101.35736981229354
 20
81.09088452117254
 10
103.22825308151788
 20
84.56756820585986
 10
105.4032522475023
 20
87.8625511008688
 10
107.86485549584111
 20
90.94930394134734
 10
110.59324344457794
 20
93.80297400840522
 10
113.56644871821572
 20
96.40058522859331
 10
116.76053281610746
 20
98.72122316373729
 10
120.14977885118802
 20
100.74620340169645
 10
123.70689860722732
 20
102.45922199226382
 10
127.40325224750227
 20
103.84648671698673
 10
131.20907890592213
 20
104.89682813600024
 10
135.0937363040231
 20
105.60178951778911
 10
139.02594746457734
 20
105.95569492781785
 10
142.9740525354226
 20
105.95569492781785
 10
146.90626369597683
 20
105.60178951778913
 10
150.79092109407782
 20
104.89682813600024
 10
154.59674775249766
 20
103.84648671698676
 10
158.29310139277263
 20
102.45922199226382
 10
161.85022114881193
 20
100.74620340169648
 10
165.2394671838925
 20
98.72122316373732
 10
168.43355128178425
 20
96.40058522859334
 10
171.40675655542205
 20
93.80297400840523
 10
174.13514450415886
 20
90.9493039413474
 10
176.5967477524977
 20
87.86255110086883
 10
178.77174691848208
 20
84.56756820585991
 10
180.64263018770643
 20
81.0908845211726
 10
182.19433430814843
 20
77.46049225957913
 10
183.41436587061753
 20
73.70562120493372
 10
184.2929018983397
 20
69.85650337114006
 10
184.82286893579052
 20
65.94412959175108
 10
185.0
 20
62.00000000000005
  0
LWPOLYLINE
  5
56
330
17
100
AcDbEntity
  8
XY_AFT
100
AcDbPolyline
 90
21
 70
0
 10
141.0
 20
12.200000000000003
 10
141.0
 20
12.353516780090231
 10
141.0
 20
12.81312063836215
 10
141.0
 20
13.575977964195708
 10
141.0
 20
14.637385488501366
 10
141.0
 20
15.990799280937928
 10
141.0
 20
17.6278750954193
 10
141.0
 20
19.53851981516621
 10
141.0
 20
21.710953680127645
 10
141.0
 20
24.13178291311847
 10
141.0
 20
26.78608229690993
 10
141.0
 20
29.657487193156868
 10
141.0
 20
32.72829443583483
 10
141.0
 20
35.97957147714576
 10
141.0
 20
39.391273112970566
 10
141.0
 20
42.94236506821854
 10
141.0
 20
46.61095368012761
 10
141.0
 20
50.37442087997592
 10
141.0
 20
54.20956364099649
 10
141.0
 20
58.09273703275329
 10
141.0
 20
61.99999999999999
  0
LWPOLYLINE
  5
57
330
17
100
AcDbEntity
  8
XY_AFT
100
AcDbPolyline
 90
80
 70
0
 10
141.0
 20
12.200000000000003
 10
144.95661831519138
 20
12.357425817068147
 10
148.8882216154793
 20
12.828707971570601
 10
152.76995303893867
 20
13.610866865987582
 10
156.5772710297069
 20
14.698957439956423
 10
160.2861044976019
 20
16.08610043453531
 10
163.87300500330429
 20
17.763525885093237
 10
167.31529500694046
 20
19.720628567850078
 10
170.5912112427912
 20
21.945035049515916
 10
173.6800423136647
 20
24.42268191612014
 10
176.56225963501814
 20
27.137904686442624
 10
179.21964090095662
 20
30.073536847907445
 10
181.63538529151822
 20
33.21101838880256
 10
183.7942196928671
 20
36.530513140649575
 10
185.68249525883675
 20
40.01103418884759
 10
187.28827370332988
 20
43.630576558704405
 10
188.6014027780069
 20
47.36625633797154
 10
189.61358045806872
 20
51.19445535630537
 10
190.31840743033058
 20
55.0909705069444
 10
190.71142755174026
 20
59.03116676654297
 10
190.79015602254927
 20
62.990132945720504
 10
190.55409509601688
 20
66.94283918562147
 10
190.00473722532536
 20
70.864295204742
 10
189.14555562781024
 20
74.72970829553564
 10
187.9819823261623
 20
78.51464007189298
 10
186.52137380543093
 20
82.1951609764871
 10
184.7729645029572
 20
85.74800157113958
 10
182.74780842528776
 20
89.15069965370085
 10
180.4587092611864
 20
92.38174227132411
 10
177.92013943259118
 20
95.42070173228004
 10
175.14814859530338
 20
98.2483647564008
 10
172.1602621678959
 20
100.84685394762356
 10
168.9753705303744
 20
103.19974082064425
 10
165.6136095931128
 20
105.2921496670912
 10
162.0962334911447
 20
107.11085160454306
 10
158.44548020867845
 20
108.64434821378265
 10
154.68443098340106
 20
109.88294423550553
 10
150.83686437946204
 20
110.81880886687088
 10
146.92710595173486
 20
111.44602527035826
 10
142.97987445182687
 20
111.76062798191963
 10
139.02012554817307
 20
111.76062798191963
 10
135.07289404826514
 20
111.44602527035826
 10
131.163135620538
 20
110.81880886687088
 10
127.31556901659893
 20
109.88294423550553
 10
123.55451979132154
 20
108.64434821378265
 10
119.90376650885528
 20
107.11085160454304
 10
116.38639040688719
 20
105.2921496670912
 10
113.02462946962561
 20
103.19974082064425
 10
109.8397378321041
 20
100.84685394762354
 10
106.85185140469662
 20
98.2483647564008
 10
104.0798605674088
 20
95.42070173228001
 10
101.54129073881359
 20
92.3817422713241
 10
99.25219157471224
 20
89.15069965370085
 10
97.2270354970428
 20
85.74800157113961
 10
95.47862619456907
 20
82.19516097648709
 10
94.01801767383769
 20
78.51464007189296
 10
92.85444437218976
 20
74.72970829553564
 10
91.99526277467466
 20
70.86429520474199
 10
91.44590490398312
 20
66.94283918562145
 10
91.20984397745073
 20
62.990132945720504
 10
91.28857244825974
 20
59.03116676654297
 10
91.68159256966942
 20
55.09097050694439
 10
92.38641954193128
 20
51.194455356305376
 10
93.39859722199311
 20
47.36625633797154
 10
94.71172629667012
 20
43.630576558704405
 10
96.31750474116325
 20
40.011034188847574
 10
98.20578030713288
 20
36.53051314064959
 10
100.36461470848178
 20
33.21101838880255
 10
102.78035909904341
 20
30.073536847907427
 10
105.43774036498189
 20
27.137904686442596
 10
108.3199576863353
 20
24.42268191612014
 10
111.40878875720884
 20
21.94503504951591
 10
114.68470499305954
 20
19.720628567850092
 10
118.12699499669574
 20
17.763525885093216
 10
121.71389550239809
 20
16.086100434535304
 10
125.42272897029311
 20
14.698957439956416
 10
129.23004696106133
 20
13.610866865987589
 10
133.11177838452065
 20
12.828707971570608
 10
137.04338168480865
 20
12.357425817068147
 10
141.00000000000003
 20
12.200000000000003
  0
LWPOLYLINE
  5
58
330
17
100
AcDbEntity
  8
XY_AFT
100
AcDbPolyline
 90
84
 70
0
 10
141.0
 20
9.671917511777785
 10
144.95750725312266
 20
9.821782770626683
 10
148.8923462630885
 20
10.270520132542401
 10
152.7819786283848
 20
11.015559270553211
 10
156.60412488706547
 20
12.052632667946824
 10
160.3368921314917
 20
13.37580006221961
 10
163.95889940892428
 20
14.977482470362297
 10
167.44940018968447
 20
16.848505600588283
 10
170.78840120139742
 20
18.978152401846195
 10
173.95677694864565
 20
21.354224450117748
 10
176.93637926207484
 20
23.96311181988588
 10
179.71014124946436
 20
26.78987104055558
 10
182.2621750533404
 20
29.818310691300205
 10
184.57786285518475
 20
33.03108414405368
 10
186.6439406049755
 20
36.40978892342514
 10
188.44857399646452
 20
39.93507211441153
 10
189.9814262530116
 20
43.586741214142066
 10
191.2337173357053
 20
47.343879792706076
 10
192.19827423463056
 20
51.184967300569426
 10
192.86957205521995
 20
55.08800233633328
 10
193.24376566434938
 20
59.03062866876891
 10
193.31871171491247
 20
62.99026329128564
 10
193.09398092271869
 20
66.94422577534745
 10
192.5708605253942
 20
70.8698681819137
 10
191.75234690920152
 20
74.74470478678305
 10
190.64312844601014
 20
78.54654087678529
 10
189.2495586387272
 20
82.25359987908854
 10
187.57961972900804
 20
85.84464809543627
 10
185.6428769756991
 20
89.29911632684806
 10
183.4504238659012
 20
92.5972176921287
 10
181.0148185724803
 20
95.72006096533151
 10
178.35001202199032
 20
98.64975878299018
 10
175.4712679850295
 20
101.36953010131654
 10
172.39507564674446
 20
103.86379631649979
 10
169.13905515827108
 20
106.11827049753839
 10
165.72185671010436
 20
108.12003922048697
 10
162.16305370549628
 20
109.85763653537927
 10
158.48303064577456
 20
111.32110964215116
 10
154.70286636976493
 20
112.50207589937818
 10
150.84421331611134
 20
113.39377083928639
 10
146.92917350006817
 20
113.9910869140113
 10
142.98017191515842
 20
114.29060275116942
 10
139.01982808484163
 20
114.29060275116942
 10
135.07082649993185
 20
113.9910869140113
 10
131.15578668388872
 20
113.3937708392864
 10
127.29713363023511
 20
112.50207589937818
 10
123.51696935422547
 20
111.32110964215117
 10
119.83694629450372
 20
109.85763653537927
 10
116.27814328989568
 20
108.120039220487
 10
112.86094484172897
 20
106.11827049753842
 10
109.60492435325557
 20
103.86379631649982
 10
106.52873201497053
 20
101.36953010131656
 10
103.64998797800969
 20
98.6497587829902
 10
100.98518142751975
 20
95.72006096533157
 10
98.5495761340988
 20
92.59721769212871
 10
96.3571230243009
 20
89.2991163268481
 10
94.42038027099198
 20
85.84464809543633
 10
92.75044136127283
 20
82.2535998790886
 10
91.35687155398986
 20
78.5465408767853
 10
90.24765309079848
 20
74.7447047867831
 10
89.42913947460579
 20
70.86986818191376
 10
88.90601907728131
 20
66.9442257753475
 10
88.68128828508752
 20
62.9902632912857
 10
88.75623433565062
 20
59.03062866876897
 10
89.13042794478005
 20
55.08800233633328
 10
89.80172576536943
 20
51.184967300569475
 10
90.76628266429469
 20
47.34387979270612
 10
92.01857374698838
 20
43.5867412141421
 10
93.55142600353545
 20
39.935072114411575
 10
95.35605939502445
 20
36.40978892342518
 10
97.42213714481522
 20
33.031084144053715
 10
99.73782494665959
 20
29.81831069130024
 10
102.28985875053561
 20
26.789871040555603
 10
105.06362073792513
 20
23.963111819885903
 10
108.04322305135432
 20
21.354224450117762
 10
111.21159879860255
 20
18.97815240184621
 10
114.5505998103155
 20
16.848505600588304
 10
118.0411005910757
 20
14.977482470362304
 10
121.66310786850826
 20
13.375800062219625
 10
125.39587511293448
 20
12.052632667946845
 10
129.21802137161515
 20
11.015559270553226
 10
133.1076537369115
 20
10.270520132542401
 10
137.0424927468773
 20
9.82178277062669
 10
140.99999999999994
 20
9.671917511777785
  0
LWPOLYLINE
  5
59
330
17
100
AcDbEntity
  8
XY_AFT
100
AcDbPolyline
 90
84
 70
0
 10
141.0
 20
9.671917511777785
 10
144.95750725312266
 20
9.821782770626683
 10
148.8923462630885
 20
10.270520132542401
 10
152.7819786283848
 20
11.015559270553211
 10
156.60412488706547
 20
12.052632667946824
 10
160.3368921314917
 20
13.37580006221961
 10
163.95889940892428
 20
14.977482470362297
 10
167.44940018968447
 20
16.848505600588283
 10
170.78840120139742
 20
18.978152401846195
 10
173.95677694864565
 20
21.354224450117748
 10
176.93637926207484
 20
23.96311181988588
 10
179.71014124946436
 20
26.78987104055558
 10
182.2621750533404
 20
29.818310691300205
 10
184.57786285518475
 20
33.03108414405368
 10
186.6439406049755
 20
36.40978892342514
 10
188.44857399646452
 20
39.93507211441153
 10
189.9814262530116
 20
43.586741214142066
 10
191.2337173357053
 20
47.343879792706076
 10
192.19827423463056
 20
51.184967300569426
 10
192.86957205521995
 20
55.08800233633328
 10
193.24376566434938
 20
59.03062866876891
 10
193.31871171491247
 20
62.99026329128564
 10
193.09398092271869
 20
66.94422577534745
 10
192.5708605253942
 20
70.8698681819137
 10
191.75234690920152
 20
74.74470478678305
 10
190.64312844601014
 20
78.54654087678529
 10
189.2495586387272
 20
82.25359987908854
 10
187.57961972900804
 20
85.84464809543627
 10
185.6428769756991
 20
89.29911632684806
 10
183.4504238659012
 20
92.5972176921287
 10
181.0148185724803
 20
95.72006096533151
 10
178.35001202199032
 20
98.64975878299018
 10
175.4712679850295
 20
101.36953010131654
 10
172.39507564674446
 20
103.86379631649979
 10
169.13905515827108
 20
106.11827049753839
 10
165.72185671010436
 20
108.12003922048697
 10
162.16305370549628
 20
109.85763653537927
 10
158.48303064577456
 20
111.32110964215116
 10
154.70286636976493
 20
112.50207589937818
 10
150.84421331611134
 20
113.39377083928639
 10
146.92917350006817
 20
113.9910869140113
 10
142.98017191515842
 20
114.29060275116942
 10
139.01982808484163
 20
114.29060275116942
 10
135.07082649993185
 20
113.9910869140113
 10
131.15578668388872
 20
113.3937708392864
 10
127.29713363023511
 20
112.50207589937818
 10
123.51696935422547
 20
111.32110964215117
 10
119.83694629450372
 20
109.85763653537927
 10
116.27814328989568
 20
108.120039220487
 10
112.86094484172897
 20
106.11827049753842
 10
109.60492435325557
 20
103.86379631649982
 10
106.52873201497053
 20
101.36953010131656
 10
103.64998797800969
 20
98.6497587829902
 10
100.98518142751975
 20
95.72006096533157
 10
98.5495761340988
 20
92.59721769212871
 10
96.3571230243009
 20
89.2991163268481
 10
94.42038027099198
 20
85.84464809543633
 10
92.75044136127283
 20
82.2535998790886
 10
91.35687155398986
 20
78.5465408767853
 10
90.24765309079848
 20
74.7447047867831
 10
89.42913947460579
 20
70.86986818191376
 10
88.90601907728131
 20
66.9442257753475
 10
88.68128828508752
 20
62.9902632912857
 10
88.75623433565062
 20
59.03062866876897
 10
89.13042794478005
 20
55.08800233633328
 10
89.80172576536943
 20
51.184967300569475
 10
90.76628266429469
 20
47.34387979270612
 10
92.01857374698838
 20
43.5867412141421
 10
93.55142600353545
 20
39.935072114411575
 10
95.35605939502445
 20
36.40978892342518
 10
97.42213714481522
 20
33.031084144053715
 10
99.73782494665959
 20
29.81831069130024
 10
102.28985875053561
 20
26.789871040555603
 10
105.06362073792513
 20
23.963111819885903
 10
108.04322305135432
 20
21.354224450117762
 10
111.21159879860255
 20
18.97815240184621
 10
114.5505998103155
 20
16.848505600588304
 10
118.0411005910757
 20
14.977482470362304
 10
121.66310786850826
 20
13.375800062219625
 10
125.39587511293448
 20
12.052632667946845
 10
129.21802137161515
 20
11.015559270553226
 10
133.1076537369115
 20
10.270520132542401
 10
137.0424927468773
 20
9.82178277062669
 10
140.99999999999994
 20
9.671917511777785
  0
LWPOLYLINE
  5
5A
330
17
100
AcDbEntity
  8
XY_AFT
100
AcDbPolyline
 90
80
 70
0
 10
141.0
 20
12.240257275584717
 10
144.95341986792434
 20
12.397555832923913
 10
148.88184494255867
 20
12.868457012816485
 10
152.76043845574372
 20
13.649983626386806
 10
156.56467869049607
 20
14.737194610755303
 10
160.270514015198
 20
16.1232162680288
 10
163.85451494575673
 20
17.799285723031787
 10
167.29402227434633
 20
19.75480632502463
 10
170.56729032821514
 20
21.977414643141373
 10
173.65362445283054
 20
24.453058631980326
 10
176.53351185014782
 20
27.166086473159453
 10
179.188744944802
 20
30.099345531151595
 10
181.60253649826177
 20
33.23429079776893
 10
183.7596257431561
 20
36.55110213967564
 10
185.64637486675952
 20
40.02880960765246
 10
187.25085523363478
 20
43.645426015367235
 10
188.562922802307
 20
47.3780859494462
 10
189.5742822591599
 20
51.203190331979336
 10
190.27853946407913
 20
55.096555621489074
 10
190.67124187626516
 20
59.033566709065944
 10
190.74990670462947
 20
62.98933254301244
 10
190.5140366047994
 20
66.93884349808599
 10
189.96512282348928
 20
70.8571294944022
 10
189.10663577035868
 20
74.71941786631945
 10
187.9440030769651
 20
78.5012899832071
 10
186.48457528152971
 20
82.17883563189056
 10
184.73757935646813
 20
85.72880418471719
 10
182.71406037249994
 20
89.12875159751053
 10
180.42681166815538
 20
92.35718230804378
 10
177.89029396617025
 20
95.3936851379051
 10
175.12054394814055
 20
98.21906233853949
 10
172.13507286545843
 20
100.81545096559607
 10
168.95275582754255
 20
103.1664358142138
 10
165.59371246731916
 20
105.2571532012317
 10
162.07917973842478
 20
107.07438493817949
 10
158.43137764834776
 20
108.60664190092098
 10
154.67336877638664
 20
109.84423666759596
 10
150.82891246459832
 20
110.77934476562046
 10
146.9223146035879
 20
111.40605414052138
 10
142.97827396284234
 20
111.72040253384861
 10
139.02172603715763
 20
111.72040253384861
 10
135.0776853964121
 20
111.40605414052138
 10
131.1710875354017
 20
110.77934476562046
 10
127.32663122361338
 20
109.84423666759596
 10
123.56862235165225
 20
108.60664190092098
 10
119.92082026157523
 20
107.07438493817949
 10
116.40628753268088
 20
105.25715320123172
 10
113.04724417245747
 20
103.16643581421383
 10
109.86492713454155
 20
100.81545096559607
 10
106.87945605185946
 20
98.21906233853949
 10
104.10970603382977
 20
95.3936851379051
 10
101.57318833184462
 20
92.35718230804378
 10
99.28593962750008
 20
89.12875159751056
 10
97.26242064353187
 20
85.7288041847172
 10
95.5154247184703
 20
82.17883563189058
 10
94.05599692303488
 20
78.50128998320707
 10
92.89336422964132
 20
74.71941786631945
 10
92.03487717651072
 20
70.8571294944022
 10
91.48596339520063
 20
66.93884349808602
 10
91.25009329537053
 20
62.989332543012445
 10
91.32875812373484
 20
59.03356670906595
 10
91.72146053592085
 20
55.09655562148907
 10
92.4257177408401
 20
51.20319033197936
 10
93.43707719769299
 20
47.37808594944621
 10
94.7491447663652
 20
43.64542601536726
 10
96.35362513324048
 20
40.02880960765248
 10
98.24037425684386
 20
36.55110213967569
 10
100.39746350173826
 20
33.23429079776892
 10
102.81125505519796
 20
30.099345531151616
 10
105.46648814985218
 20
27.16608647315946
 10
108.34637554716946
 20
24.453058631980326
 10
111.43270967178486
 20
21.97741464314136
 10
114.70597772565367
 20
19.75480632502464
 10
118.1454850542433
 20
17.799285723031772
 10
121.72948598480201
 20
16.12321626802879
 10
125.43532130950393
 20
14.737194610755303
 10
129.23956154425628
 20
13.649983626386813
 10
133.1181550574413
 20
12.868457012816492
 10
137.0465801320757
 20
12.397555832923913
 10
141.0
 20
12.240257275584717
  0
LWPOLYLINE
  5
5B
330
17
100
AcDbEntity
  8
XY_AFT
100
AcDbPolyline
 90
71
 70
0
 10
141.0
 20
18.0
 10
144.94412959175108
 20
18.177131064209483
 10
148.85650337114
 20
18.707098101660293
 10
152.7056212049337
 20
19.585634129382456
 10
156.46049225957907
 20
20.805665691851566
 10
160.09088452117254
 20
22.357369812293555
 10
163.56756820585986
 20
24.228253081517884
 10
166.8625511008688
 20
26.40325224750231
 10
169.94930394134735
 20
28.86485549584112
 10
172.80297400840522
 20
31.59324344457795
 10
175.40058522859331
 20
34.566448718215725
 10
177.7212231637373
 20
37.760532816107485
 10
179.74620340169648
 20
41.149778851188046
 10
181.45922199226382
 20
44.70689860722736
 10
182.84648671698676
 20
48.40325224750231
 10
183.89682813600024
 20
52.209078905922155
 10
184.60178951778914
 20
56.093736304023146
 10
184.95569492781783
 20
60.02594746457733
 10
184.95569492781783
 20
63.97405253542264
 10
184.60178951778914
 20
67.90626369597683
 10
183.89682813600024
 20
71.79092109407782
 10
182.84648671698676
 20
75.59674775249768
 10
181.45922199226385
 20
79.29310139277263
 10
179.74620340169648
 20
82.85022114881193
 10
177.72122316373733
 20
86.23946718389249
 10
175.40058522859334
 20
89.43355128178426
 10
172.80297400840522
 20
92.40675655542205
 10
169.94930394134735
 20
95.13514450415889
 10
166.8625511008688
 20
97.59674775249769
 10
163.56756820585989
 20
99.77174691848211
 10
160.09088452117257
 20
101.64263018770643
 10
156.4604922595791
 20
103.19433430814843
 10
152.70562120493372
 20
104.41436587061753
 10
148.85650337114004
 20
105.2929018983397
 10
144.9441295917511
 20
105.82286893579052
 10
141.00000000000003
 20
106.0
 10
137.05587040824895
 20
105.82286893579052
 10
133.14349662886002
 20
105.29290189833971
 10
129.2943787950663
 20
104.41436587061756
 10
125.53950774042094
 20
103.19433430814846
 10
121.90911547882746
 20
101.64263018770646
 10
118.43243179414014
 20
99.77174691848212
 10
115.1374488991312
 20
97.5967477524977
 10
112.05069605865266
 20
95.13514450415889
 10
109.19702599159478
 20
92.40675655542206
 10
106.59941477140669
 20
89.43355128178428
 10
104.27877683626271
 20
86.23946718389254
 10
102.25379659830355
 20
82.85022114881198
 10
100.54077800773618
 20
79.29310139277268
 10
99.15351328301327
 20
75.59674775249773
 10
98.10317186399976
 20
71.79092109407787
 10
97.39821048221089
 20
67.90626369597689
 10
97.04430507218215
 20
63.974052535422665
 10
97.04430507218215
 20
60.02594746457739
 10
97.39821048221087
 20
56.09373630402317
 10
98.10317186399976
 20
52.209078905922176
 10
99.15351328301324
 20
48.40325224750232
 10
100.54077800773618
 20
44.70689860722737
 10
102.25379659830352
 20
41.14977885118807
 10
104.27877683626268
 20
37.7605328161075
 10
106.59941477140666
 20
34.56644871821576
 10
109.19702599159477
 20
31.59324344457796
 10
112.0506960586526
 20
28.864855495841155
 10
115.13744889913117
 20
26.403252247502316
 10
118.43243179414009
 20
24.228253081517913
 10
121.9091154788274
 20
22.357369812293577
 10
125.53950774042087
 20
20.80566569185158
 10
129.29437879506628
 20
19.585634129382456
 10
133.14349662885994
 20
18.707098101660307
 10
137.05587040824892
 20
18.177131064209483
 10
140.99999999999994
 20
18.0
  0
LWPOLYLINE
  5
5C
330
17
100
AcDbEntity
  8
XY_AFT
100
AcDbPolyline
 90
19
 70
0
 10
141.0
 20
18.0
 10
141.0
 20
18.16743328396319
 10
141.0
 20
18.66845886746284
 10
141.0
 20
19.499263643280983
 10
141.0
 20
20.653524685420017
 10
141.0
 20
22.122457370387387
 10
141.0
 20
23.89488223348468
 10
141.0
 20
25.957310051284338
 10
141.0
 20
28.29404450276494
 10
141.0
 20
30.887301627791874
 10
141.0
 20
33.71734517379226
 10
141.0
 20
36.76263680055396
 10
141.0
 20
39.99999999999998
 10
141.0
 20
43.4047964834092
 10
141.0
 20
46.95111369367055
 10
141.0
 20
50.61196201548909
 10
141.0
 20
54.35948018265506
 10
141.0
 20
58.165147319103035
 10
141.0
 20
61.99999999999999
  0
LWPOLYLINE
  5
5D
330
17
100
AcDbEntity
  8
XY_AFT
100
AcDbPolyline
 90
91
 70
0
 10
141.0
 20
4.850000000000001
 10
144.98658247447676
 20
4.9892145276510504
 10
148.95374271986773
 20
5.406179871419255
 10
152.88215313023494
 20
6.098864618063004
 10
156.7526748849415
 20
7.063894077125077
 10
160.54645119106198
 20
8.296566722085338
 10
164.24499915178197
 20
9.790877095725364
 10
167.83029981321366
 20
11.539545068112325
 10
171.28488595092767
 20
13.53405130466026
 10
174.59192716851484
 20
15.764678771471758
 10
177.73531189358573
 20
18.220560075750406
 10
180.6997258717317
 20
20.889730410646088
 10
183.47072677603308
 20
23.75918584659125
 10
186.03481456862414
 20
26.814946685138622
 10
188.37949727152062
 20
30.04212556664682
 10
190.49335182628067
 20
33.425
 10
192.36607974599738
 20
36.947088961004226
 10
193.9885572884919
 20
40.59123318628062
 10
195.35287990626802
 20
44.33967877147175
 10
196.4524007566732
 20
48.17416366647898
 10
197.28176308464768
 20
52.07600664633493
 10
197.8369263202968
 20
56.026198324253606
 10
198.11518576414133
 20
60.005493763452066
 10
198.11518576414133
 20
63.99450623654793
 10
197.8369263202968
 20
67.97380167574639
 10
197.28176308464768
 20
71.92399335366507
 10
196.4524007566732
 20
75.82583633352101
 10
195.35287990626802
 20
79.66032122852823
 10
193.9885572884919
 20
83.40876681371938
 10
192.36607974599738
 20
87.05291103899577
 10
190.49335182628067
 20
90.57499999999999
 10
188.37949727152062
 20
93.95787443335317
 10
186.03481456862417
 20
97.18505331486136
 10
183.47072677603308
 20
100.24081415340873
 10
180.69972587173172
 20
103.1102695893539
 10
177.7353118935857
 20
105.7794399242496
 10
174.59192716851484
 20
108.23532122852825
 10
171.28488595092767
 20
110.46594869533973
 10
167.83029981321368
 20
112.46045493188765
 10
164.24499915178197
 20
114.20912290427464
 10
160.54645119106198
 20
115.70343327791466
 10
156.75267488494154
 20
116.9361059228749
 10
152.88215313023494
 20
117.901135381937
 10
148.95374271986773
 20
118.59382012858075
 10
144.98658247447676
 20
119.01078547234894
 10
141.0
 20
119.15
 10
137.01341752552324
 20
119.01078547234894
 10
133.04625728013227
 20
118.59382012858075
 10
129.11784686976506
 20
117.901135381937
 10
125.24732511505852
 20
116.93610592287493
 10
121.45354880893804
 20
115.70343327791466
 10
117.75500084821802
 20
114.20912290427464
 10
114.16970018678636
 20
112.46045493188768
 10
110.71511404907233
 20
110.46594869533973
 10
107.40807283148516
 20
108.23532122852825
 10
104.26468810641428
 20
105.7794399242496
 10
101.3002741282683
 20
103.1102695893539
 10
98.52927322396692
 20
100.24081415340876
 10
95.96518543137583
 20
97.18505331486136
 10
93.62050272847935
 20
93.95787443335317
 10
91.50664817371936
 20
90.57500000000002
 10
89.63392025400262
 20
87.05291103899579
 10
88.0114427115081
 20
83.40876681371938
 10
86.64712009373198
 20
79.66032122852826
 10
85.5475992433268
 20
75.82583633352101
 10
84.71823691535232
 20
71.92399335366513
 10
84.16307367970319
 20
67.97380167574644
 10
83.88481423585867
 20
63.99450623654792
 10
83.88481423585867
 20
60.0054937634521
 10
84.16307367970319
 20
56.026198324253585
 10
84.71823691535232
 20
52.0760066463349
 10
85.5475992433268
 20
48.174163666479004
 10
86.64712009373197
 20
44.33967877147177
 10
88.0114427115081
 20
40.59123318628063
 10
89.6339202540026
 20
36.947088961004226
 10
91.50664817371936
 20
33.424999999999955
 10
93.62050272847935
 20
30.042125566646853
 10
95.96518543137583
 20
26.814946685138658
 10
98.52927322396692
 20
23.759185846591237
 10
101.30027412826828
 20
20.889730410646102
 10
104.26468810641427
 20
18.22056007575042
 10
107.40807283148519
 20
15.764678771471736
 10
110.7151140490723
 20
13.534051304660288
 10
114.16970018678634
 20
11.539545068112325
 10
117.75500084821802
 20
9.790877095725364
 10
121.45354880893804
 20
8.296566722085338
 10
125.24732511505852
 20
7.063894077125077
 10
129.11784686976506
 20
6.098864618063004
 10
133.04625728013224
 20
5.406179871419262
 10
137.0134175255232
 20
4.9892145276510504
 10
141.0
 20
4.850000000000001
  0
LWPOLYLINE
  5
5E
330
17
100
AcDbEntity
  8
XY_AFT
100
AcDbPolyline
 90
91
 70
0
 10
141.0
 20
4.850000000000001
 10
144.98658247447676
 20
4.9892145276510504
 10
148.95374271986773
 20
5.406179871419255
 10
152.88215313023494
 20
6.098864618063004
 10
156.7526748849415
 20
7.063894077125077
 10
160.54645119106198
 20
8.296566722085338
 10
164.24499915178197
 20
9.790877095725364
 10
167.83029981321366
 20
11.539545068112325
 10
171.28488595092767
 20
13.53405130466026
 10
174.59192716851484
 20
15.764678771471758
 10
177.73531189358573
 20
18.220560075750406
 10
180.6997258717317
 20
20.889730410646088
 10
183.47072677603308
 20
23.75918584659125
 10
186.03481456862414
 20
26.814946685138622
 10
188.37949727152062
 20
30.04212556664682
 10
190.49335182628067
 20
33.425
 10
192.36607974599738
 20
36.947088961004226
 10
193.9885572884919
 20
40.59123318628062
 10
195.35287990626802
 20
44.33967877147175
 10
196.4524007566732
 20
48.17416366647898
 10
197.28176308464768
 20
52.076006646334925
 10
197.8369263202968
 20
56.026198324253606
 10
198.11518576414133
 20
60.005493763452066
 10
198.11518576414133
 20
63.99450623654793
 10
197.8369263202968
 20
67.97380167574639
 10
197.28176308464768
 20
71.92399335366507
 10
196.4524007566732
 20
75.825836333521
 10
195.35287990626802
 20
79.66032122852823
 10
193.9885572884919
 20
83.40876681371938
 10
192.36607974599738
 20
87.05291103899577
 10
190.49335182628067
 20
90.57499999999999
 10
188.37949727152062
 20
93.95787443335317
 10
186.03481456862417
 20
97.18505331486136
 10
183.47072677603308
 20
100.24081415340873
 10
180.69972587173172
 20
103.1102695893539
 10
177.7353118935857
 20
105.7794399242496
 10
174.59192716851484
 20
108.23532122852825
 10
171.28488595092767
 20
110.46594869533973
 10
167.83029981321368
 20
112.46045493188765
 10
164.24499915178197
 20
114.20912290427464
 10
160.54645119106198
 20
115.70343327791466
 10
156.75267488494154
 20
116.9361059228749
 10
152.88215313023494
 20
117.901135381937
 10
148.95374271986773
 20
118.59382012858075
 10
144.98658247447676
 20
119.01078547234894
 10
141.0
 20
119.15
 10
137.01341752552324
 20
119.01078547234894
 10
133.04625728013227
 20
118.59382012858075
 10
129.11784686976506
 20
117.901135381937
 10
125.24732511505852
 20
116.93610592287493
 10
121.45354880893804
 20
115.70343327791466
 10
117.75500084821802
 20
114.20912290427464
 10
114.16970018678636
 20
112.46045493188768
 10
110.71511404907233
 20
110.46594869533973
 10
107.40807283148516
 20
108.23532122852825
 10
104.26468810641428
 20
105.7794399242496
 10
101.3002741282683
 20
103.1102695893539
 10
98.52927322396692
 20
100.24081415340876
 10
95.96518543137583
 20
97.18505331486136
 10
93.62050272847935
 20
93.95787443335317
 10
91.50664817371936
 20
90.57500000000002
 10
89.63392025400262
 20
87.05291103899579
 10
88.0114427115081
 20
83.40876681371938
 10
86.64712009373198
 20
79.66032122852826
 10
85.5475992433268
 20
75.82583633352101
 10
84.71823691535232
 20
71.92399335366511
 10
84.16307367970319
 20
67.97380167574644
 10
83.88481423585867
 20
63.99450623654792
 10
83.88481423585867
 20
60.0054937634521
 10
84.16307367970319
 20
56.026198324253585
 10
84.71823691535232
 20
52.0760066463349
 10
85.5475992433268
 20
48.174163666479004
 10
86.64712009373197
 20
44.33967877147177
 10
88.0114427115081
 20
40.59123318628063
 10
89.6339202540026
 20
36.947088961004226
 10
91.50664817371936
 20
33.424999999999955
 10
93.62050272847935
 20
30.042125566646853
 10
95.96518543137583
 20
26.814946685138658
 10
98.52927322396692
 20
23.759185846591237
 10
101.30027412826828
 20
20.889730410646102
 10
104.26468810641427
 20
18.22056007575042
 10
107.40807283148519
 20
15.764678771471736
 10
110.7151140490723
 20
13.534051304660288
 10
114.16970018678634
 20
11.539545068112325
 10
117.75500084821802
 20
9.790877095725364
 10
121.45354880893804
 20
8.296566722085338
 10
125.24732511505852
 20
7.063894077125077
 10
129.11784686976506
 20
6.098864618063004
 10
133.04625728013224
 20
5.406179871419262
 10
137.0134175255232
 20
4.9892145276510504
 10
141.0
 20
4.850000000000001
  0
LWPOLYLINE
  5
5F
330
17
100
AcDbEntity
  8
XY_AFT
100
AcDbPolyline
 90
84
 70
0
 10
141.0
 20
9.671917511777785
 10
144.95750725312266
 20
9.821782770626683
 10
148.8923462630885
 20
10.270520132542401
 10
152.7819786283848
 20
11.015559270553211
 10
156.60412488706547
 20
12.052632667946824
 10
160.3368921314917
 20
13.37580006221961
 10
163.95889940892428
 20
14.977482470362297
 10
167.44940018968447
 20
16.848505600588283
 10
170.78840120139742
 20
18.978152401846195
 10
173.95677694864565
 20
21.354224450117748
 10
176.93637926207484
 20
23.96311181988588
 10
179.71014124946436
 20
26.78987104055558
 10
182.2621750533404
 20
29.818310691300205
 10
184.57786285518475
 20
33.03108414405368
 10
186.6439406049755
 20
36.40978892342514
 10
188.44857399646452
 20
39.93507211441153
 10
189.9814262530116
 20
43.586741214142066
 10
191.2337173357053
 20
47.343879792706076
 10
192.19827423463056
 20
51.184967300569426
 10
192.86957205521995
 20
55.08800233633328
 10
193.24376566434938
 20
59.03062866876891
 10
193.31871171491247
 20
62.99026329128564
 10
193.09398092271869
 20
66.94422577534745
 10
192.5708605253942
 20
70.8698681819137
 10
191.75234690920152
 20
74.74470478678305
 10
190.64312844601014
 20
78.54654087678529
 10
189.2495586387272
 20
82.25359987908854
 10
187.57961972900804
 20
85.84464809543627
 10
185.6428769756991
 20
89.29911632684806
 10
183.4504238659012
 20
92.5972176921287
 10
181.0148185724803
 20
95.72006096533151
 10
178.35001202199032
 20
98.64975878299018
 10
175.4712679850295
 20
101.36953010131654
 10
172.39507564674446
 20
103.86379631649979
 10
169.13905515827108
 20
106.11827049753839
 10
165.72185671010436
 20
108.12003922048697
 10
162.16305370549628
 20
109.85763653537927
 10
158.48303064577456
 20
111.32110964215116
 10
154.70286636976493
 20
112.50207589937818
 10
150.84421331611134
 20
113.39377083928639
 10
146.92917350006817
 20
113.9910869140113
 10
142.98017191515842
 20
114.29060275116942
 10
139.01982808484163
 20
114.29060275116942
 10
135.07082649993185
 20
113.9910869140113
 10
131.15578668388872
 20
113.3937708392864
 10
127.29713363023511
 20
112.50207589937818
 10
123.51696935422547
 20
111.32110964215117
 10
119.83694629450372
 20
109.85763653537927
 10
116.27814328989568
 20
108.120039220487
 10
112.86094484172897
 20
106.11827049753842
 10
109.60492435325557
 20
103.86379631649982
 10
106.52873201497053
 20
101.36953010131656
 10
103.64998797800969
 20
98.6497587829902
 10
100.98518142751975
 20
95.72006096533157
 10
98.5495761340988
 20
92.59721769212871
 10
96.3571230243009
 20
89.2991163268481
 10
94.42038027099198
 20
85.84464809543633
 10
92.75044136127283
 20
82.2535998790886
 10
91.35687155398986
 20
78.5465408767853
 10
90.24765309079848
 20
74.7447047867831
 10
89.42913947460579
 20
70.86986818191376
 10
88.90601907728131
 20
66.9442257753475
 10
88.68128828508752
 20
62.9902632912857
 10
88.75623433565062
 20
59.03062866876897
 10
89.13042794478005
 20
55.08800233633328
 10
89.80172576536943
 20
51.184967300569475
 10
90.76628266429469
 20
47.343879792706126
 10
92.01857374698838
 20
43.5867412141421
 10
93.55142600353545
 20
39.935072114411575
 10
95.35605939502445
 20
36.40978892342518
 10
97.42213714481522
 20
33.031084144053715
 10
99.73782494665959
 20
29.81831069130024
 10
102.28985875053561
 20
26.789871040555603
 10
105.06362073792513
 20
23.963111819885903
 10
108.04322305135432
 20
21.354224450117762
 10
111.21159879860255
 20
18.97815240184621
 10
114.5505998103155
 20
16.848505600588304
 10
118.0411005910757
 20
14.977482470362304
 10
121.66310786850826
 20
13.375800062219625
 10
125.39587511293448
 20
12.052632667946845
 10
129.21802137161515
 20
11.015559270553226
 10
133.1076537369115
 20
10.270520132542401
 10
137.0424927468773
 20
9.82178277062669
 10
140.99999999999994
 20
9.671917511777785
  0
LWPOLYLINE
  5
60
330
17
100
AcDbEntity
  8
XY_AFT
100
AcDbPolyline
 90
84
 70
0
 10
141.0
 20
9.671917511777785
 10
144.95750725312266
 20
9.821782770626683
 10
148.8923462630885
 20
10.270520132542401
 10
152.7819786283848
 20
11.015559270553211
 10
156.60412488706547
 20
12.052632667946824
 10
160.3368921314917
 20
13.37580006221961
 10
163.95889940892428
 20
14.977482470362297
 10
167.44940018968447
 20
16.848505600588283
 10
170.78840120139742
 20
18.978152401846195
 10
173.95677694864565
 20
21.354224450117748
 10
176.93637926207484
 20
23.96311181988588
 10
179.71014124946436
 20
26.78987104055558
 10
182.2621750533404
 20
29.818310691300205
 10
184.57786285518475
 20
33.03108414405368
 10
186.6439406049755
 20
36.40978892342514
 10
188.44857399646452
 20
39.93507211441153
 10
189.9814262530116
 20
43.586741214142066
 10
191.2337173357053
 20
47.343879792706076
 10
192.19827423463056
 20
51.184967300569426
 10
192.86957205521995
 20
55.08800233633328
 10
193.24376566434938
 20
59.03062866876891
 10
193.31871171491247
 20
62.99026329128564
 10
193.09398092271869
 20
66.94422577534745
 10
192.5708605253942
 20
70.8698681819137
 10
191.75234690920152
 20
74.74470478678305
 10
190.64312844601014
 20
78.54654087678529
 10
189.2495586387272
 20
82.25359987908854
 10
187.57961972900804
 20
85.84464809543627
 10
185.6428769756991
 20
89.29911632684806
 10
183.4504238659012
 20
92.5972176921287
 10
181.0148185724803
 20
95.72006096533151
 10
178.35001202199032
 20
98.64975878299018
 10
175.4712679850295
 20
101.36953010131654
 10
172.39507564674446
 20
103.86379631649979
 10
169.13905515827108
 20
106.11827049753839
 10
165.72185671010436
 20
108.12003922048697
 10
162.16305370549628
 20
109.85763653537927
 10
158.48303064577456
 20
111.32110964215116
 10
154.70286636976493
 20
112.50207589937818
 10
150.84421331611134
 20
113.39377083928639
 10
146.92917350006817
 20
113.9910869140113
 10
142.98017191515842
 20
114.29060275116942
 10
139.01982808484163
 20
114.29060275116942
 10
135.07082649993185
 20
113.9910869140113
 10
131.15578668388872
 20
113.3937708392864
 10
127.29713363023511
 20
112.50207589937818
 10
123.51696935422547
 20
111.32110964215117
 10
119.83694629450372
 20
109.85763653537927
 10
116.27814328989568
 20
108.120039220487
 10
112.86094484172897
 20
106.11827049753842
 10
109.60492435325557
 20
103.86379631649982
 10
106.52873201497053
 20
101.36953010131656
 10
103.64998797800969
 20
98.6497587829902
 10
100.98518142751975
 20
95.72006096533157
 10
98.5495761340988
 20
92.59721769212871
 10
96.3571230243009
 20
89.2991163268481
 10
94.42038027099198
 20
85.84464809543633
 10
92.75044136127283
 20
82.2535998790886
 10
91.35687155398986
 20
78.5465408767853
 10
90.24765309079848
 20
74.7447047867831
 10
89.42913947460579
 20
70.86986818191376
 10
88.90601907728131
 20
66.9442257753475
 10
88.68128828508752
 20
62.9902632912857
 10
88.75623433565062
 20
59.03062866876897
 10
89.13042794478005
 20
55.08800233633328
 10
89.80172576536943
 20
51.184967300569475
 10
90.76628266429469
 20
47.34387979270612
 10
92.01857374698838
 20
43.5867412141421
 10
93.55142600353545
 20
39.935072114411575
 10
95.35605939502445
 20
36.40978892342518
 10
97.42213714481522
 20
33.031084144053715
 10
99.73782494665959
 20
29.81831069130024
 10
102.28985875053561
 20
26.789871040555603
 10
105.06362073792513
 20
23.963111819885903
 10
108.04322305135432
 20
21.354224450117762
 10
111.21159879860255
 20
18.97815240184621
 10
114.5505998103155
 20
16.848505600588304
 10
118.0411005910757
 20
14.977482470362304
 10
121.66310786850826
 20
13.375800062219625
 10
125.39587511293448
 20
12.052632667946845
 10
129.21802137161515
 20
11.015559270553226
 10
133.1076537369115
 20
10.270520132542401
 10
137.0424927468773
 20
9.82178277062669
 10
140.99999999999994
 20
9.671917511777785
  0
LWPOLYLINE
  5
61
330
17
100
AcDbEntity
  8
XY_AFT
100
AcDbPolyline
 90
12
 70
0
 10
141.0
 20
95.0
 10
143.70320408727798
 20
94.20626766415592
 10
145.54815997677258
 20
92.07707506500944
 10
145.94910720940467
 20
89.28842580863358
 10
144.7787478717713
 20
86.72569633027358
 10
142.40866278420714
 20
85.20253513192752
 10
139.59133721579286
 20
85.20253513192752
 10
137.2212521282287
 20
86.72569633027358
 10
136.05089279059533
 20
89.28842580863358
 10
136.45184002322742
 20
92.07707506500944
 10
138.29679591272202
 20
94.20626766415592
 10
141.0
 20
95.0
  0
LWPOLYLINE
  5
62
330
17
100
AcDbEntity
  8
XY_AFT
100
AcDbPolyline
 90
12
 70
0
 10
141.0
 20
95.0
 10
143.70320408727798
 20
94.20626766415592
 10
145.54815997677258
 20
92.07707506500944
 10
145.94910720940467
 20
89.28842580863358
 10
144.7787478717713
 20
86.72569633027358
 10
142.40866278420714
 20
85.20253513192752
 10
139.59133721579286
 20
85.20253513192752
 10
137.2212521282287
 20
86.72569633027358
 10
136.05089279059533
 20
89.28842580863358
 10
136.45184002322742
 20
92.07707506500944
 10
138.29679591272202
 20
94.20626766415592
 10
141.0
 20
95.0
  0
LWPOLYLINE
  5
63
330
17
100
AcDbEntity
  8
XY_AFT
100
AcDbPolyline
 90
14
 70
0
 10
141.0
 20
98.0
 10
144.71778537635015
 20
97.08364820522569
 10
147.58387092714926
 20
94.54451797384925
 10
148.94167099278442
 20
90.96429344204259
 10
148.4801299414833
 20
87.16316090365972
 10
146.30498126592636
 20
84.0119140146312
 10
142.91452531430045
 20
82.23246546059158
 10
139.08547468569955
 20
82.23246546059158
 10
135.69501873407364
 20
84.0119140146312
 10
133.5198700585167
 20
87.16316090365972
 10
133.05832900721558
 20
90.96429344204259
 10
134.41612907285074
 20
94.54451797384925
 10
137.28221462364985
 20
97.08364820522569
 10
141.0
 20
98.0
  0
LWPOLYLINE
  5
64
330
17
100
AcDbEntity
  8
XY_AFT
100
AcDbPolyline
 90
14
 70
0
 10
141.0
 20
98.0
 10
144.71778537635015
 20
97.08364820522569
 10
147.58387092714926
 20
94.54451797384925
 10
148.94167099278442
 20
90.96429344204259
 10
148.4801299414833
 20
87.16316090365972
 10
146.30498126592636
 20
84.0119140146312
 10
142.91452531430045
 20
82.23246546059158
 10
139.08547468569955
 20
82.23246546059158
 10
135.69501873407364
 20
84.0119140146312
 10
133.5198700585167
 20
87.16316090365972
 10
133.05832900721558
 20
90.96429344204259
 10
134.41612907285074
 20
94.54451797384925
 10
137.28221462364985
 20
97.08364820522569
 10
141.0
 20
98.0
  0
LWPOLYLINE
  5
65
330
17
100
AcDbEntity
  8
XY_AFT
100
AcDbPolyline
 90
12
 70
0
 10
141.0
 20
95.0
 10
143.70320408727798
 20
94.20626766415592
 10
145.54815997677258
 20
92.07707506500944
 10
145.94910720940467
 20
89.28842580863358
 10
144.7787478717713
 20
86.72569633027358
 10
142.40866278420714
 20
85.20253513192752
 10
139.59133721579286
 20
85.20253513192752
 10
137.2212521282287
 20
86.72569633027358
 10
136.05089279059533
 20
89.28842580863358
 10
136.45184002322742
 20
92.07707506500944
 10
138.29679591272202
 20
94.20626766415592
 10
141.0
 20
95.0
  0
LWPOLYLINE
  5
66
330
17
100
AcDbEntity
  8
XY_AFT
100
AcDbPolyline
 90
12
 70
0
 10
141.0
 20
95.0
 10
143.70320408727798
 20
94.2062676641559
 10
145.54815997677258
 20
92.07707506500944
 10
145.94910720940467
 20
89.28842580863358
 10
144.7787478717713
 20
86.72569633027358
 10
142.40866278420714
 20
85.2025351319275
 10
139.59133721579286
 20
85.2025351319275
 10
137.2212521282287
 20
86.72569633027358
 10
136.05089279059533
 20
89.28842580863358
 10
136.45184002322742
 20
92.07707506500944
 10
138.29679591272202
 20
94.2062676641559
 10
141.0
 20
95.0
  0
LWPOLYLINE
  5
67
330
17
100
AcDbEntity
  8
XY_AFT
100
AcDbPolyline
 90
2
 70
0
 10
125.0
 20
78.0
 10
125.0
 20
46.0
  0
LWPOLYLINE
  5
68
330
17
100
AcDbEntity
  8
XY_AFT
100
AcDbPolyline
 90
2
 70
0
 10
125.0
 20
78.0
 10
125.0
 20
46.0
  0
LWPOLYLINE
  5
69
330
17
100
AcDbEntity
  8
XY_AFT
100
AcDbPolyline
 90
2
 70
0
 10
125.0
 20
78.0
 10
157.0
 20
78.0
  0
LWPOLYLINE
  5
6A
330
17
100
AcDbEntity
  8
XY_AFT
100
AcDbPolyline
 90
2
 70
0
 10
157.0
 20
78.0
 10
157.0
 20
46.0
  0
LWPOLYLINE
  5
6B
330
17
100
AcDbEntity
  8
XY_AFT
100
AcDbPolyline
 90
2
 70
0
 10
125.0
 20
46.0
 10
157.0
 20
46.0
  0
LWPOLYLINE
  5
6C
330
17
100
AcDbEntity
  8
XY_AFT
100
AcDbPolyline
 90
12
 70
0
 10
127.0
 20
74.78
 10
127.65958179729583
 20
74.97367068994596
 10
128.1097510343325
 20
75.4931936841377
 10
128.20758215909473
 20
76.17362410269341
 10
127.92201448071219
 20
76.79893009541325
 10
127.34371371934654
 20
77.17058142780968
 10
126.65628628065346
 20
77.17058142780968
 10
126.07798551928781
 20
76.79893009541325
 10
125.79241784090526
 20
76.17362410269341
 10
125.8902489656675
 20
75.4931936841377
 10
126.34041820270417
 20
74.97367068994596
 10
127.0
 20
74.78
  0
LWPOLYLINE
  5
6D
330
17
100
AcDbEntity
  8
XY_AFT
100
AcDbPolyline
 90
12
 70
0
 10
127.0
 20
46.78
 10
127.65958179729583
 20
46.97367068994596
 10
128.1097510343325
 20
47.4931936841377
 10
128.20758215909473
 20
48.17362410269341
 10
127.92201448071219
 20
48.79893009541325
 10
127.34371371934654
 20
49.17058142780969
 10
126.65628628065346
 20
49.17058142780969
 10
126.07798551928781
 20
48.79893009541325
 10
125.79241784090526
 20
48.17362410269341
 10
125.8902489656675
 20
47.493193684137694
 10
126.34041820270417
 20
46.97367068994596
 10
127.0
 20
46.78
  0
LWPOLYLINE
  5
6E
330
17
100
AcDbEntity
  8
XY_AFT
100
AcDbPolyline
 90
12
 70
0
 10
155.0
 20
74.78
 10
155.65958179729583
 20
74.97367068994596
 10
156.1097510343325
 20
75.4931936841377
 10
156.20758215909473
 20
76.17362410269341
 10
155.9220144807122
 20
76.79893009541325
 10
155.34371371934654
 20
77.17058142780968
 10
154.65628628065346
 20
77.17058142780968
 10
154.0779855192878
 20
76.79893009541325
 10
153.79241784090527
 20
76.17362410269341
 10
153.8902489656675
 20
75.4931936841377
 10
154.34041820270417
 20
74.97367068994596
 10
155.0
 20
74.78
  0
LWPOLYLINE
  5
6F
330
17
100
AcDbEntity
  8
XY_AFT
100
AcDbPolyline
 90
2
 70
0
 10
133.0
 20
54.0
 10
149.0
 20
54.0
  0
LWPOLYLINE
  5
70
330
17
100
AcDbEntity
  8
XY_AFT
100
AcDbPolyline
 90
2
 70
0
 10
149.0
 20
70.0
 10
149.0
 20
54.0
  0
LWPOLYLINE
  5
71
330
17
100
AcDbEntity
  8
XY_AFT
100
AcDbPolyline
 90
2
 70
0
 10
133.0
 20
70.0
 10
149.0
 20
70.0
  0
LWPOLYLINE
  5
72
330
17
100
AcDbEntity
  8
XY_AFT
100
AcDbPolyline
 90
2
 70
0
 10
133.0
 20
70.0
 10
133.0
 20
54.0
  0
LWPOLYLINE
  5
73
330
17
100
AcDbEntity
  8
XY_AFT
100
AcDbPolyline
 90
12
 70
0
 10
155.0
 20
46.78
 10
155.65958179729583
 20
46.97367068994596
 10
156.1097510343325
 20
47.4931936841377
 10
156.20758215909473
 20
48.17362410269341
 10
155.9220144807122
 20
48.79893009541325
 10
155.34371371934654
 20
49.17058142780969
 10
154.65628628065346
 20
49.17058142780969
 10
154.0779855192878
 20
48.79893009541325
 10
153.79241784090527
 20
48.17362410269341
 10
153.8902489656675
 20
47.493193684137694
 10
154.34041820270417
 20
46.97367068994596
 10
155.0
 20
46.78
  0
LWPOLYLINE
  5
74
330
17
100
AcDbEntity
  8
XY_AFT
100
AcDbPolyline
 90
2
 70
0
 10
125.0
 20
46.0
 10
157.0
 20
46.0
  0
LWPOLYLINE
  5
75
330
17
100
AcDbEntity
  8
XY_AFT
100
AcDbPolyline
 90
2
 70
0
 10
125.0
 20
78.0
 10
157.0
 20
78.0
  0
LWPOLYLINE
  5
76
330
17
100
AcDbEntity
  8
XY_AFT
100
AcDbPolyline
 90
2
 70
0
 10
157.0
 20
78.0
 10
157.0
 20
46.0
  0
LWPOLYLINE
  5
77
330
17
100
AcDbEntity
  8
XY_AFT
100
AcDbPolyline
 90
12
 70
0
 10
127.0
 20
74.78
 10
127.65958179729583
 20
74.97367068994596
 10
128.1097510343325
 20
75.4931936841377
 10
128.20758215909473
 20
76.17362410269341
 10
127.92201448071219
 20
76.79893009541325
 10
127.34371371934654
 20
77.17058142780968
 10
126.65628628065346
 20
77.17058142780968
 10
126.07798551928781
 20
76.79893009541325
 10
125.79241784090526
 20
76.17362410269341
 10
125.8902489656675
 20
75.4931936841377
 10
126.34041820270417
 20
74.97367068994596
 10
127.0
 20
74.78
  0
LWPOLYLINE
  5
78
330
17
100
AcDbEntity
  8
XY_AFT
100
AcDbPolyline
 90
12
 70
0
 10
127.0
 20
46.78
 10
127.65958179729583
 20
46.97367068994596
 10
128.1097510343325
 20
47.4931936841377
 10
128.20758215909473
 20
48.17362410269341
 10
127.92201448071219
 20
48.79893009541325
 10
127.34371371934654
 20
49.17058142780969
 10
126.65628628065346
 20
49.17058142780969
 10
126.07798551928781
 20
48.79893009541325
 10
125.79241784090526
 20
48.17362410269341
 10
125.8902489656675
 20
47.493193684137694
 10
126.34041820270417
 20
46.97367068994596
 10
127.0
 20
46.78
  0
LWPOLYLINE
  5
79
330
17
100
AcDbEntity
  8
XY_AFT
100
AcDbPolyline
 90
12
 70
0
 10
155.0
 20
74.78
 10
155.65958179729583
 20
74.97367068994596
 10
156.1097510343325
 20
75.4931936841377
 10
156.20758215909473
 20
76.17362410269341
 10
155.9220144807122
 20
76.79893009541325
 10
155.34371371934654
 20
77.17058142780968
 10
154.65628628065346
 20
77.17058142780968
 10
154.0779855192878
 20
76.79893009541325
 10
153.79241784090527
 20
76.17362410269341
 10
153.8902489656675
 20
75.4931936841377
 10
154.34041820270417
 20
74.97367068994596
 10
155.0
 20
74.78
  0
LWPOLYLINE
  5
7A
330
17
100
AcDbEntity
  8
XY_AFT
100
AcDbPolyline
 90
14
 70
0
 10
141.0
 20
54.0
 10
144.71778537635015
 20
54.91635179477432
 10
147.58387092714926
 20
57.455482026150754
 10
148.94167099278442
 20
61.03570655795742
 10
148.4801299414833
 20
64.83683909634028
 10
146.30498126592636
 20
67.98808598536881
 10
142.91452531430045
 20
69.76753453940842
 10
139.08547468569955
 20
69.76753453940842
 10
135.69501873407364
 20
67.98808598536881
 10
133.5198700585167
 20
64.83683909634028
 10
133.05832900721558
 20
61.03570655795741
 10
134.41612907285074
 20
57.455482026150754
 10
137.28221462364985
 20
54.91635179477432
 10
141.0
 20
54.0
  0
LWPOLYLINE
  5
7B
330
17
100
AcDbEntity
  8
XY_AFT
100
AcDbPolyline
 90
12
 70
0
 10
155.0
 20
46.78
 10
155.65958179729583
 20
46.97367068994596
 10
156.1097510343325
 20
47.4931936841377
 10
156.20758215909473
 20
48.17362410269341
 10
155.9220144807122
 20
48.79893009541325
 10
155.34371371934654
 20
49.17058142780969
 10
154.65628628065346
 20
49.17058142780969
 10
154.0779855192878
 20
48.79893009541325
 10
153.79241784090527
 20
48.17362410269341
 10
153.8902489656675
 20
47.493193684137694
 10
154.34041820270417
 20
46.97367068994596
 10
155.0
 20
46.78
  0
LWPOLYLINE
  5
7C
330
17
100
AcDbEntity
  8
XY_AFT
100
AcDbPolyline
 90
2
 70
0
 10
133.0
 20
54.0
 10
149.0
 20
54.0
  0
LWPOLYLINE
  5
7D
330
17
100
AcDbEntity
  8
XY_AFT
100
AcDbPolyline
 90
2
 70
0
 10
149.0
 20
70.0
 10
149.0
 20
54.0
  0
LWPOLYLINE
  5
7E
330
17
100
AcDbEntity
  8
XY_AFT
100
AcDbPolyline
 90
2
 70
0
 10
133.0
 20
70.0
 10
149.0
 20
70.0
  0
LWPOLYLINE
  5
7F
330
17
100
AcDbEntity
  8
XY_AFT
100
AcDbPolyline
 90
2
 70
0
 10
133.0
 20
70.0
 10
133.0
 20
54.0
  0
LWPOLYLINE
  5
80
330
17
100
AcDbEntity
  8
XY_AFT
100
AcDbPolyline
 90
14
 70
0
 10
141.0
 20
54.0
 10
144.71778537635015
 20
54.91635179477432
 10
147.58387092714926
 20
57.455482026150754
 10
148.94167099278442
 20
61.03570655795742
 10
148.4801299414833
 20
64.83683909634028
 10
146.30498126592636
 20
67.98808598536881
 10
142.91452531430045
 20
69.76753453940842
 10
139.08547468569955
 20
69.76753453940842
 10
135.69501873407364
 20
67.98808598536881
 10
133.5198700585167
 20
64.83683909634028
 10
133.05832900721558
 20
61.03570655795742
 10
134.41612907285074
 20
57.45548202615076
 10
137.28221462364985
 20
54.91635179477432
 10
141.0
 20
54.0
  0
LWPOLYLINE
  5
81
330
17
100
AcDbEntity
  8
XY_AFT
100
AcDbPolyline
 90
2
 70
0
 10
119.0
 20
40.0
 10
119.0
 20
84.0
  0
LWPOLYLINE
  5
82
330
17
100
AcDbEntity
  8
XY_AFT
100
AcDbPolyline
 90
2
 70
0
 10
119.0
 20
40.0
 10
119.0
 20
84.0
  0
LWPOLYLINE
  5
83
330
17
100
AcDbEntity
  8
XY_AFT
100
AcDbPolyline
 90
2
 70
0
 10
119.0
 20
40.0
 10
163.0
 20
40.0
  0
LWPOLYLINE
  5
84
330
17
100
AcDbEntity
  8
XY_AFT
100
AcDbPolyline
 90
2
 70
0
 10
119.0
 20
40.0
 10
163.0
 20
40.0
  0
LWPOLYLINE
  5
85
330
17
100
AcDbEntity
  8
XY_AFT
100
AcDbPolyline
 90
2
 70
0
 10
119.0
 20
84.0
 10
163.0
 20
84.0
  0
LWPOLYLINE
  5
86
330
17
100
AcDbEntity
  8
XY_AFT
100
AcDbPolyline
 90
2
 70
0
 10
163.0
 20
40.0
 10
163.0
 20
84.0
  0
LWPOLYLINE
  5
87
330
17
100
AcDbEntity
  8
XY_AFT
100
AcDbPolyline
 90
2
 70
0
 10
129.0
 20
50.0
 10
129.0
 20
74.0
  0
LWPOLYLINE
  5
88
330
17
100
AcDbEntity
  8
XY_AFT
100
AcDbPolyline
 90
2
 70
0
 10
129.0
 20
50.0
 10
153.0
 20
50.0
  0
LWPOLYLINE
  5
89
330
17
100
AcDbEntity
  8
XY_AFT
100
AcDbPolyline
 90
2
 70
0
 10
153.0
 20
50.0
 10
153.0
 20
74.0
  0
LWPOLYLINE
  5
8A
330
17
100
AcDbEntity
  8
XY_AFT
100
AcDbPolyline
 90
2
 70
0
 10
129.0
 20
74.0
 10
153.0
 20
74.0
  0
LWPOLYLINE
  5
8B
330
17
100
AcDbEntity
  8
XY_AFT
100
AcDbPolyline
 90
2
 70
0
 10
119.0
 20
84.0
 10
163.0
 20
84.0
  0
LWPOLYLINE
  5
8C
330
17
100
AcDbEntity
  8
XY_AFT
100
AcDbPolyline
 90
2
 70
0
 10
163.0
 20
40.0
 10
163.0
 20
84.0
  0
LWPOLYLINE
  5
8D
330
17
100
AcDbEntity
  8
XY_AFT
100
AcDbPolyline
 90
2
 70
0
 10
129.0
 20
50.0
 10
129.0
 20
74.0
  0
LWPOLYLINE
  5
8E
330
17
100
AcDbEntity
  8
XY_AFT
100
AcDbPolyline
 90
2
 70
0
 10
129.0
 20
50.0
 10
153.0
 20
50.0
  0
LWPOLYLINE
  5
8F
330
17
100
AcDbEntity
  8
XY_AFT
100
AcDbPolyline
 90
2
 70
0
 10
153.0
 20
50.0
 10
153.0
 20
74.0
  0
LWPOLYLINE
  5
90
330
17
100
AcDbEntity
  8
XY_AFT
100
AcDbPolyline
 90
2
 70
0
 10
129.0
 20
74.0
 10
153.0
 20
74.0
  0
LWPOLYLINE
  5
91
330
17
100
AcDbEntity
  8
XY_AFT
100
AcDbPolyline
 90
12
 70
0
 10
129.5
 20
48.0
 10
129.10313383207796
 20
49.35160204363899
 10
128.0385375325047
 20
50.2740799883863
 10
126.64421290431679
 20
50.474553604702336
 10
125.36284816513678
 20
49.889373935885644
 10
124.60126756596375
 20
48.704331392103576
 10
124.60126756596375
 20
47.29566860789643
 10
125.36284816513678
 20
46.110626064114356
 10
126.64421290431679
 20
45.525446395297664
 10
128.0385375325047
 20
45.72592001161371
 10
129.10313383207796
 20
46.648397956361
 10
129.5
 20
48.0
  0
LWPOLYLINE
  5
92
330
17
100
AcDbEntity
  8
XY_AFT
100
AcDbPolyline
 90
12
 70
0
 10
129.5
 20
48.0
 10
129.10313383207796
 20
49.35160204363899
 10
128.0385375325047
 20
50.2740799883863
 10
126.64421290431679
 20
50.474553604702336
 10
125.36284816513678
 20
49.889373935885644
 10
124.60126756596375
 20
48.704331392103576
 10
124.60126756596375
 20
47.29566860789643
 10
125.36284816513678
 20
46.110626064114356
 10
126.64421290431679
 20
45.525446395297664
 10
128.0385375325047
 20
45.72592001161371
 10
129.10313383207796
 20
46.648397956361
 10
129.5
 20
48.0
  0
LWPOLYLINE
  5
93
330
17
100
AcDbEntity
  8
XY_AFT
100
AcDbPolyline
 90
12
 70
0
 10
128.22
 20
48.0
 10
128.02632931005405
 20
48.65958179729583
 10
127.5068063158623
 20
49.10975103433251
 10
126.82637589730659
 20
49.20758215909474
 10
126.20106990458675
 20
48.92201448071219
 10
125.82941857219032
 20
48.343713719346546
 10
125.82941857219032
 20
47.656286280653454
 10
126.20106990458675
 20
47.07798551928781
 10
126.82637589730659
 20
46.79241784090526
 10
127.5068063158623
 20
46.89024896566749
 10
128.02632931005405
 20
47.34041820270417
 10
128.22
 20
48.0
  0
LWPOLYLINE
  5
94
330
17
100
AcDbEntity
  8
XY_AFT
100
AcDbPolyline
 90
12
 70
0
 10
128.22
 20
48.0
 10
128.02632931005405
 20
48.65958179729583
 10
127.5068063158623
 20
49.10975103433251
 10
126.82637589730659
 20
49.20758215909474
 10
126.20106990458675
 20
48.92201448071219
 10
125.82941857219032
 20
48.343713719346546
 10
125.82941857219032
 20
47.656286280653454
 10
126.20106990458675
 20
47.07798551928781
 10
126.82637589730659
 20
46.79241784090526
 10
127.5068063158623
 20
46.89024896566749
 10
128.02632931005405
 20
47.34041820270417
 10
128.22
 20
48.0
  0
LWPOLYLINE
  5
95
330
17
100
AcDbEntity
  8
XY_AFT
100
AcDbPolyline
 90
12
 70
0
 10
129.5
 20
76.0
 10
129.10313383207796
 20
77.35160204363899
 10
128.0385375325047
 20
78.27407998838629
 10
126.64421290431679
 20
78.47455360470234
 10
125.36284816513678
 20
77.88937393588564
 10
124.60126756596375
 20
76.70433139210357
 10
124.60126756596375
 20
75.29566860789643
 10
125.36284816513678
 20
74.11062606411436
 10
126.64421290431679
 20
73.52544639529766
 10
128.0385375325047
 20
73.72592001161371
 10
129.10313383207796
 20
74.64839795636101
 10
129.5
 20
76.0
  0
LWPOLYLINE
  5
96
330
17
100
AcDbEntity
  8
XY_AFT
100
AcDbPolyline
 90
12
 70
0
 10
129.5
 20
76.0
 10
129.10313383207796
 20
77.35160204363899
 10
128.0385375325047
 20
78.27407998838629
 10
126.64421290431679
 20
78.47455360470234
 10
125.36284816513678
 20
77.88937393588564
 10
124.60126756596375
 20
76.70433139210357
 10
124.60126756596375
 20
75.29566860789643
 10
125.36284816513678
 20
74.11062606411436
 10
126.64421290431679
 20
73.52544639529766
 10
128.0385375325047
 20
73.72592001161371
 10
129.10313383207796
 20
74.64839795636101
 10
129.5
 20
76.0
  0
LWPOLYLINE
  5
97
330
17
100
AcDbEntity
  8
XY_AFT
100
AcDbPolyline
 90
12
 70
0
 10
128.22
 20
76.0
 10
128.02632931005405
 20
76.65958179729583
 10
127.5068063158623
 20
77.10975103433252
 10
126.82637589730659
 20
77.20758215909474
 10
126.20106990458675
 20
76.92201448071219
 10
125.82941857219032
 20
76.34371371934654
 10
125.82941857219032
 20
75.65628628065346
 10
126.20106990458675
 20
75.07798551928781
 10
126.82637589730659
 20
74.79241784090526
 10
127.5068063158623
 20
74.8902489656675
 10
128.02632931005405
 20
75.34041820270417
 10
128.22
 20
76.0
  0
LWPOLYLINE
  5
98
330
17
100
AcDbEntity
  8
XY_AFT
100
AcDbPolyline
 90
12
 70
0
 10
128.22
 20
76.0
 10
128.02632931005405
 20
76.65958179729583
 10
127.5068063158623
 20
77.10975103433252
 10
126.82637589730659
 20
77.20758215909474
 10
126.20106990458675
 20
76.92201448071219
 10
125.82941857219032
 20
76.34371371934654
 10
125.82941857219032
 20
75.65628628065346
 10
126.20106990458675
 20
75.07798551928781
 10
126.82637589730659
 20
74.79241784090526
 10
127.5068063158623
 20
74.8902489656675
 10
128.02632931005405
 20
75.34041820270417
 10
128.22
 20
76.0
  0
LWPOLYLINE
  5
99
330
17
100
AcDbEntity
  8
XY_AFT
100
AcDbPolyline
 90
12
 70
0
 10
157.5
 20
48.0
 10
157.10313383207796
 20
49.35160204363899
 10
156.0385375325047
 20
50.2740799883863
 10
154.6442129043168
 20
50.474553604702336
 10
153.3628481651368
 20
49.889373935885644
 10
152.60126756596375
 20
48.704331392103576
 10
152.60126756596375
 20
47.29566860789643
 10
153.3628481651368
 20
46.110626064114356
 10
154.6442129043168
 20
45.525446395297664
 10
156.0385375325047
 20
45.72592001161371
 10
157.10313383207796
 20
46.648397956361
 10
157.5
 20
48.0
  0
LWPOLYLINE
  5
9A
330
17
100
AcDbEntity
  8
XY_AFT
100
AcDbPolyline
 90
12
 70
0
 10
157.5
 20
48.0
 10
157.10313383207796
 20
49.35160204363899
 10
156.0385375325047
 20
50.2740799883863
 10
154.6442129043168
 20
50.474553604702336
 10
153.3628481651368
 20
49.889373935885644
 10
152.60126756596375
 20
48.704331392103576
 10
152.60126756596375
 20
47.29566860789643
 10
153.3628481651368
 20
46.110626064114356
 10
154.6442129043168
 20
45.525446395297664
 10
156.0385375325047
 20
45.72592001161371
 10
157.10313383207796
 20
46.648397956361
 10
157.5
 20
48.0
  0
LWPOLYLINE
  5
9B
330
17
100
AcDbEntity
  8
XY_AFT
100
AcDbPolyline
 90
12
 70
0
 10
156.22
 20
48.0
 10
156.02632931005405
 20
48.65958179729583
 10
155.5068063158623
 20
49.10975103433251
 10
154.8263758973066
 20
49.20758215909474
 10
154.20106990458675
 20
48.92201448071219
 10
153.82941857219032
 20
48.343713719346546
 10
153.82941857219032
 20
47.656286280653454
 10
154.20106990458675
 20
47.07798551928781
 10
154.8263758973066
 20
46.79241784090526
 10
155.5068063158623
 20
46.89024896566749
 10
156.02632931005405
 20
47.34041820270417
 10
156.22
 20
48.0
  0
LWPOLYLINE
  5
9C
330
17
100
AcDbEntity
  8
XY_AFT
100
AcDbPolyline
 90
12
 70
0
 10
156.22
 20
48.0
 10
156.02632931005405
 20
48.65958179729583
 10
155.5068063158623
 20
49.10975103433251
 10
154.8263758973066
 20
49.20758215909474
 10
154.20106990458675
 20
48.92201448071219
 10
153.82941857219032
 20
48.343713719346546
 10
153.82941857219032
 20
47.656286280653454
 10
154.20106990458675
 20
47.07798551928781
 10
154.8263758973066
 20
46.79241784090526
 10
155.5068063158623
 20
46.89024896566749
 10
156.02632931005405
 20
47.34041820270417
 10
156.22
 20
48.0
  0
LWPOLYLINE
  5
9D
330
17
100
AcDbEntity
  8
XY_AFT
100
AcDbPolyline
 90
12
 70
0
 10
157.5
 20
76.0
 10
157.10313383207796
 20
77.35160204363899
 10
156.0385375325047
 20
78.27407998838629
 10
154.6442129043168
 20
78.47455360470234
 10
153.3628481651368
 20
77.88937393588564
 10
152.60126756596375
 20
76.70433139210357
 10
152.60126756596375
 20
75.29566860789643
 10
153.3628481651368
 20
74.11062606411436
 10
154.6442129043168
 20
73.52544639529766
 10
156.0385375325047
 20
73.72592001161371
 10
157.10313383207796
 20
74.64839795636101
 10
157.5
 20
76.0
  0
LWPOLYLINE
  5
9E
330
17
100
AcDbEntity
  8
XY_AFT
100
AcDbPolyline
 90
12
 70
0
 10
157.5
 20
76.0
 10
157.10313383207796
 20
77.35160204363899
 10
156.0385375325047
 20
78.27407998838629
 10
154.6442129043168
 20
78.47455360470234
 10
153.3628481651368
 20
77.88937393588564
 10
152.60126756596375
 20
76.70433139210357
 10
152.60126756596375
 20
75.29566860789643
 10
153.3628481651368
 20
74.11062606411436
 10
154.6442129043168
 20
73.52544639529766
 10
156.0385375325047
 20
73.72592001161371
 10
157.10313383207796
 20
74.64839795636101
 10
157.5
 20
76.0
  0
LWPOLYLINE
  5
9F
330
17
100
AcDbEntity
  8
XY_AFT
100
AcDbPolyline
 90
12
 70
0
 10
156.22
 20
76.0
 10
156.02632931005405
 20
76.65958179729583
 10
155.5068063158623
 20
77.10975103433252
 10
154.8263758973066
 20
77.20758215909474
 10
154.20106990458675
 20
76.92201448071219
 10
153.82941857219032
 20
76.34371371934654
 10
153.82941857219032
 20
75.65628628065346
 10
154.20106990458675
 20
75.07798551928781
 10
154.8263758973066
 20
74.79241784090526
 10
155.5068063158623
 20
74.8902489656675
 10
156.02632931005405
 20
75.34041820270417
 10
156.22
 20
76.0
  0
LWPOLYLINE
  5
A0
330
17
100
AcDbEntity
  8
XY_AFT
100
AcDbPolyline
 90
12
 70
0
 10
156.22
 20
76.0
 10
156.02632931005405
 20
76.65958179729583
 10
155.5068063158623
 20
77.10975103433252
 10
154.8263758973066
 20
77.20758215909474
 10
154.20106990458675
 20
76.92201448071219
 10
153.82941857219032
 20
76.34371371934654
 10
153.82941857219032
 20
75.65628628065346
 10
154.20106990458675
 20
75.07798551928781
 10
154.8263758973066
 20
74.79241784090526
 10
155.5068063158623
 20
74.8902489656675
 10
156.02632931005405
 20
75.34041820270417
 10
156.22
 20
76.0
  0
LWPOLYLINE
  5
A1
330
17
100
AcDbEntity
  8
XY_AFT
100
AcDbPolyline
 90
12
 70
0
 10
242.0
 20
62.0
 10
241.04752119698708
 20
65.24384490473358
 10
238.49249007801131
 20
67.45779197212711
 10
235.14611097036027
 20
67.9389286512856
 10
232.0708355963283
 20
66.53449744612556
 10
230.24304215831302
 20
63.69039534104858
 10
230.24304215831302
 20
60.30960465895142
 10
232.0708355963283
 20
57.46550255387445
 10
235.14611097036027
 20
56.06107134871441
 10
238.49249007801131
 20
56.54220802787289
 10
241.04752119698708
 20
58.756155095266415
 10
242.0
 20
62.0
  0
LWPOLYLINE
  5
A2
330
17
100
AcDbEntity
  8
XY_AFT
100
AcDbPolyline
 90
12
 70
0
 10
242.0
 20
62.0
 10
241.04752119698708
 20
65.24384490473358
 10
238.49249007801131
 20
67.45779197212711
 10
235.14611097036027
 20
67.9389286512856
 10
232.0708355963283
 20
66.53449744612556
 10
230.24304215831302
 20
63.69039534104858
 10
230.24304215831302
 20
60.30960465895142
 10
232.0708355963283
 20
57.46550255387445
 10
235.14611097036027
 20
56.06107134871441
 10
238.49249007801131
 20
56.54220802787289
 10
241.04752119698708
 20
58.756155095266415
 10
242.0
 20
62.0
  0
LWPOLYLINE
  5
A3
330
17
100
AcDbEntity
  8
XY_AFT
100
AcDbPolyline
 90
2
 70
0
 10
202.70899448216628
 20
68.0
 10
226.0
 20
68.0
  0
LWPOLYLINE
  5
A4
330
17
100
AcDbEntity
  8
XY_AFT
100
AcDbPolyline
 90
96
 70
0
 10
202.70899448216616
 20
67.99999999999882
 10
202.19794335628364
 20
71.94040889305359
 10
201.43554133181127
 20
75.83999074894678
 10
200.42491973021882
 20
79.68272928755772
 10
199.17022935517326
 20
83.45284169443619
 10
197.67662344444574
 20
87.13484344364419
 10
195.9502365046424
 20
90.7136118954733
 10
193.99815911568854
 20
94.1744484078307
 10
191.82840880854883
 20
97.50313870619101
 10
189.44989713579352
 20
100.68601126416402
 10
186.87239307025848
 20
103.70999345489882
 10
184.10648288212627
 20
106.56266524270013
 10
181.16352665922145
 20
109.23231019433634
 10
178.0556116490979
 20
111.70796360052623
 10
174.79550261455142
 20
113.97945750996107
 10
171.39658940645603
 20
116.03746249089907
 10
167.8728319692515
 20
117.87352594881025
 10
164.23870300495494
 20
119.48010684269383
 10
160.5091285311851
 20
120.8506066574823
 10
156.69942657733847
 20
121.97939650532305
 10
152.82524427070314
 20
122.8618402444274
 10
148.9024935709082
 20
123.4943135205342
 10
144.94728591665998
 20
123.87421865278088
 10
140.97586605318168
 20
123.99999530284346
 10
137.00454531213933
 20
123.87112688352502
 10
133.04963461808532
 20
123.48814268047175
 10
129.12737749657424
 20
122.85261567830219
 10
125.25388335909814
 20
121.96715610007794
 10
121.44506133885233
 20
120.83540068665081
 10
117.71655494908013
 20
119.46199775991778
 10
114.08367783236612
 20
117.8525881313314
 10
110.56135086476708
 20
116.0137819340785
 10
107.16404087310565
 20
113.95313147408089
 10
103.90570121712496
 20
111.67910021132423
 10
100.79971448054476
 20
109.20102799891416
 10
97.85883750639661
 20
106.5290927226292
 10
95.09514900238784
 20
103.67426849852347
 10
92.51999993148894
 20
100.6482806002695
 10
90.14396689149838
 20
97.46355730136202
 10
87.9768086750639
 20
94.13317882997603
 10
86.02742618857565
 20
90.67082364613023
 10
84.30382589455186
 20
87.09071226180542
 10
82.8130869276653
 20
83.40754883475837
 10
81.56133201947094
 20
79.63646077591613
 10
80.55370235125258
 20
75.79293661839391
 10
79.79433643827171
 20
71.8927624033192
 10
79.28635313214521
 20
67.95195684373779
 10
79.03183881116395
 20
63.98670553289427
 10
79.03183881116395
 20
60.01329446710569
 10
79.28635313214522
 20
56.04804315626212
 10
79.79433643827173
 20
52.10723759668073
 10
80.55370235125258
 20
48.20706338160602
 10
81.56133201947097
 20
44.363539224083766
 10
82.81308692766531
 20
40.592451165241584
 10
84.30382589455189
 20
36.90928773819455
 10
86.02742618857565
 20
33.32917635386973
 10
87.97680867506391
 20
29.86682117002394
 10
90.14396689149842
 20
26.536442698637934
 10
92.51999993148898
 20
23.35171939973044
 10
95.0951490023879
 20
20.32573150147646
 10
97.85883750639663
 20
17.47090727737079
 10
100.7997144805448
 20
14.798972001085836
 10
103.90570121712503
 20
12.32089978867571
 10
107.16404087310565
 20
10.046868525919102
 10
110.56135086476712
 20
7.986218065921484
 10
114.0836778323661
 20
6.1474118686686126
 10
117.71655494908016
 20
4.538002240082214
 10
121.44506133885233
 20
3.1645993133491785
 10
125.25388335909817
 20
2.0328438999220566
 10
129.12737749657427
 20
1.147384321697814
 10
133.04963461808532
 20
0.5118573195282394
 10
137.00454531213933
 20
0.12887311647498478
 10
140.97586605318173
 20
4.697156541055847e-06
 10
144.94728591666
 20
0.12578134721911738
 10
148.90249357090823
 20
0.5056864794658082
 10
152.82524427070314
 20
1.1381597555726088
 10
156.69942657733853
 20
2.020603494676969
 10
160.50912853118513
 20
3.149393342517712
 10
164.23870300495494
 20
4.519893157306171
 10
167.87283196925154
 20
6.126474051189753
 10
171.39658940645603
 20
7.962537509100926
 10
174.7955026145514
 20
10.020542490038927
 10
178.0556116490979
 20
12.292036399473766
 10
181.16352665922147
 20
14.767689805663686
 10
184.10648288212627
 20
17.437334757299872
 10
186.8723930702585
 20
20.2900065451012
 10
189.44989713579355
 20
23.31398873583602
 10
191.82840880854883
 20
26.496861293809033
 10
193.99815911568857
 20
29.82555159216932
 10
195.95023650464242
 20
33.286388104526736
 10
197.67662344444574
 20
36.86515655635583
 10
199.17022935517326
 20
40.54715830556381
 10
200.42491973021882
 20
44.31727071244231
 10
201.43554133181127
 20
48.16000925105327
 10
202.19794335628364
 20
52.05959110694638
 10
202.70899448216616
 20
56.00000000000118
  0
LWPOLYLINE
  5
A5
330
17
100
AcDbEntity
  8
XY_AFT
100
AcDbPolyline
 90
2
 70
0
 10
202.70899448216628
 20
56.0
 10
226.0
 20
56.0
  0
LWPOLYLINE
  5
A6
330
17
100
AcDbEntity
  8
XY_AFT
100
AcDbPolyline
 90
2
 70
0
 10
226.0
 20
56.0
 10
226.0
 20
57.417424305044655
  0
LWPOLYLINE
  5
A7
330
17
100
AcDbEntity
  8
XY_AFT
100
AcDbPolyline
 90
16
 70
0
 10
225.9999999999998
 20
66.5825756949554
 10
228.26775187310176
 20
69.82383147211637
 10
231.53548392882158
 20
72.05326296533566
 10
235.38059367895693
 20
72.98254687262713
 10
239.3058087278186
 20
72.49150268813187
 10
242.8034969874346
 20
70.64363515784696
 10
245.42131666959668
 20
67.67792146926848
 10
246.8207158084512
 20
63.97790530428892
 10
246.8207158084512
 20
60.02209469571109
 10
245.42131666959668
 20
56.32207853073153
 10
242.80349698743464
 20
53.35636484215304
 10
239.3058087278186
 20
51.508497311868126
 10
235.38059367895693
 20
51.017453127372875
 10
231.53548392882158
 20
51.94673703466434
 10
228.26775187310176
 20
54.176168527883625
 10
225.9999999999998
 20
57.417424305044605
  0
LWPOLYLINE
  5
A8
330
17
100
AcDbEntity
  8
XY_AFT
100
AcDbPolyline
 90
2
 70
0
 10
226.0
 20
66.58257569495535
 10
226.0
 20
68.0
  0
LWPOLYLINE
  5
A9
330
17
100
AcDbEntity
  8
XY_AFT
100
AcDbPolyline
 90
90
 70
0
 10
197.6
 20
62.0
 10
197.45901082353322
 20
65.9925050817948
 10
197.0367456951181
 20
69.9651197041012
 10
196.33530831838385
 20
73.89805250069946
 10
195.3581932190579
 20
77.77170979822945
 10
194.1102683354148
 20
81.56679323088576
 10
192.59775076645226
 20
85.2643958839054
 10
190.82817579861697
 20
88.84609648686606
 10
188.81035936538632
 20
92.29405118752882
 10
186.55435412673143
 20
95.59108244901236
 10
184.0713993872708
 20
98.7207646274177
 10
181.3738651026199
 20
101.66750580355978
 10
178.4751902528949
 20
104.41662546112468
 10
175.3898158903893
 20
106.95442762426332
 10
172.13311319497802
 20
109.26826909025425
 10
168.7213068956725
 20
111.34662241730368
 10
165.1713944398369
 20
113.17913335368061
 10
161.50106131276002
 20
114.75667242207808
 10
157.7285929294577
 20
116.07138040220998
 10
153.8727835376546
 20
117.11670748505111
 10
149.9528425857876
 20
117.88744590365629
 10
145.98829902249986
 20
118.37975587799336
 10
141.99890400440108
 20
118.59118474453412
 10
138.00453249679876
 20
118.52067917530066
 10
134.02508425762082
 20
118.16859042549235
 10
130.08038469782247
 20
117.53667258355014
 10
126.19008611218626
 20
116.62807383237617
 10
122.37356977257784
 20
115.44732076524485
 10
118.64984937142454
 20
114.00029583454298
 10
115.03747629645606
 20
112.29420804568772
 10
111.55444720862407
 20
110.33755704222435
 10
108.21811438364239
 20
108.14009076102957
 10
105.04509926382252
 20
105.71275686858041
 10
102.05120965088383
 20
103.06764822023042
 10
99.25136095228078
 20
100.21794261421267
 10
96.65950187339314
 20
97.17783714051183
 10
94.28854492577747
 20
93.96247745167591
 10
92.15030209768403
 20
90.58788230793718
 10
90.2554260073255
 20
87.07086377255445
 10
88.61335683206889
 20
83.42894345495962
 10
87.23227527794673
 20
79.68026521898078
 10
86.11906182379113
 20
75.84350479102527
 10
85.27926244303438
 20
71.93777671855037
 10
84.71706097394822
 20
67.98253914234895
 10
84.43525827597203
 20
63.99749685707126
 10
84.43525827597203
 20
60.00250314292875
 10
84.71706097394822
 20
56.017460857651
 10
85.27926244303438
 20
52.062223281449654
 10
86.11906182379113
 20
48.15649520897472
 10
87.23227527794671
 20
44.319734781019235
 10
88.61335683206889
 20
40.57105654504039
 10
90.2554260073255
 20
36.92913622744556
 10
92.15030209768403
 20
33.41211769206283
 10
94.28854492577747
 20
30.037522548324084
 10
96.65950187339315
 20
26.822162859488145
 10
99.25136095228078
 20
23.78205738578732
 10
102.0512096508838
 20
20.93235177976959
 10
105.04509926382252
 20
18.28724313141958
 10
108.21811438364243
 20
15.859909238970403
 10
111.55444720862405
 20
13.662442957775653
 10
115.03747629645608
 20
11.705791954312275
 10
118.64984937142454
 20
9.999704165457018
 10
122.37356977257785
 20
8.55267923475514
 10
126.19008611218624
 20
7.37192616762384
 10
130.08038469782247
 20
6.463327416449857
 10
134.02508425762082
 20
5.831409574507646
 10
138.0045324967988
 20
5.479320824699343
 10
141.99890400440106
 20
5.408815255465875
 10
145.9882990224999
 20
5.620244122006639
 10
149.95284258578764
 20
6.112554096343715
 10
153.87278353765467
 20
6.883292514948906
 10
157.72859292945773
 20
7.928619597790025
 10
161.50106131276004
 20
9.243327577921924
 10
165.17139443983692
 20
10.820866646319402
 10
168.7213068956725
 20
12.653377582696308
 10
172.13311319497802
 20
14.731730909745743
 10
175.3898158903893
 20
17.04557237573669
 10
178.4751902528949
 20
19.58337453887529
 10
181.3738651026199
 20
22.332494196440194
 10
184.07139938727073
 20
25.279235372582257
 10
186.55435412673143
 20
28.40891755098759
 10
188.81035936538632
 20
31.705948812471185
 10
190.82817579861697
 20
35.153903513133955
 10
192.59775076645226
 20
38.735604116094585
 10
194.1102683354148
 20
42.43320676911422
 10
195.3581932190579
 20
46.228290201770534
 10
196.33530831838385
 20
50.10194749930054
 10
197.0367456951181
 20
54.03488029589876
 10
197.45901082353322
 20
58.007494918205175
 10
197.6
 20
61.999999999999986
  0
LWPOLYLINE
  5
AA
330
17
100
AcDbEntity
  8
XY_AFT
100
AcDbPolyline
 90
12
 70
0
 10
242.5
 20
62.0
 10
241.46814796340266
 20
65.51416531346139
 10
238.70019758451227
 20
67.91260796980437
 10
235.07495355122364
 20
68.43383937222606
 10
231.74340522935563
 20
66.91237223330268
 10
229.76329567150577
 20
63.831261619469295
 10
229.76329567150577
 20
60.168738380530705
 10
231.74340522935563
 20
57.087627766697324
 10
235.07495355122364
 20
55.56616062777394
 10
238.70019758451227
 20
56.08739203019563
 10
241.46814796340266
 20
58.48583468653862
 10
242.5
 20
62.00000000000001
  0
LWPOLYLINE
  5
AB
330
17
100
AcDbEntity
  8
XY_AFT
100
AcDbPolyline
 90
2
 70
0
 10
202.70899448216628
 20
68.0
 10
226.0
 20
68.0
  0
LWPOLYLINE
  5
AC
330
17
100
AcDbEntity
  8
XY_AFT
100
AcDbPolyline
 90
2
 70
0
 10
226.0
 20
66.58257569495535
 10
226.0
 20
68.0
  0
LWPOLYLINE
  5
AD
330
17
100
AcDbEntity
  8
XY_AFT
100
AcDbPolyline
 90
2
 70
0
 10
226.0
 20
56.0
 10
226.0
 20
57.417424305044655
  0
LWPOLYLINE
  5
AE
330
17
100
AcDbEntity
  8
XY_AFT
100
AcDbPolyline
 90
2
 70
0
 10
202.70899448216628
 20
56.0
 10
226.0
 20
56.0
  0
LWPOLYLINE
  5
AF
330
17
100
AcDbEntity
  8
XY_AFT
100
AcDbPolyline
 90
96
 70
0
 10
202.70899448216616
 20
67.99999999999882
 10
202.19794335628364
 20
71.94040889305359
 10
201.43554133181127
 20
75.83999074894678
 10
200.42491973021882
 20
79.68272928755772
 10
199.17022935517326
 20
83.45284169443619
 10
197.67662344444574
 20
87.13484344364419
 10
195.9502365046424
 20
90.7136118954733
 10
193.99815911568854
 20
94.1744484078307
 10
191.82840880854883
 20
97.50313870619101
 10
189.44989713579352
 20
100.68601126416402
 10
186.87239307025848
 20
103.70999345489882
 10
184.10648288212627
 20
106.56266524270013
 10
181.16352665922145
 20
109.23231019433634
 10
178.0556116490979
 20
111.70796360052623
 10
174.79550261455142
 20
113.97945750996107
 10
171.39658940645603
 20
116.03746249089907
 10
167.8728319692515
 20
117.87352594881025
 10
164.23870300495494
 20
119.48010684269383
 10
160.5091285311851
 20
120.8506066574823
 10
156.69942657733847
 20
121.97939650532305
 10
152.82524427070314
 20
122.8618402444274
 10
148.9024935709082
 20
123.4943135205342
 10
144.94728591665998
 20
123.87421865278088
 10
140.97586605318168
 20
123.99999530284346
 10
137.00454531213933
 20
123.87112688352502
 10
133.04963461808532
 20
123.48814268047175
 10
129.12737749657424
 20
122.85261567830219
 10
125.25388335909814
 20
121.96715610007794
 10
121.44506133885233
 20
120.83540068665081
 10
117.71655494908013
 20
119.46199775991778
 10
114.08367783236612
 20
117.8525881313314
 10
110.56135086476708
 20
116.0137819340785
 10
107.16404087310565
 20
113.95313147408089
 10
103.90570121712496
 20
111.67910021132423
 10
100.79971448054476
 20
109.20102799891416
 10
97.85883750639661
 20
106.5290927226292
 10
95.09514900238784
 20
103.67426849852347
 10
92.51999993148894
 20
100.6482806002695
 10
90.14396689149838
 20
97.46355730136202
 10
87.9768086750639
 20
94.13317882997603
 10
86.02742618857565
 20
90.67082364613023
 10
84.30382589455186
 20
87.09071226180542
 10
82.8130869276653
 20
83.40754883475837
 10
81.56133201947094
 20
79.63646077591613
 10
80.55370235125258
 20
75.79293661839391
 10
79.79433643827171
 20
71.8927624033192
 10
79.28635313214521
 20
67.95195684373779
 10
79.03183881116395
 20
63.98670553289427
 10
79.03183881116395
 20
60.01329446710569
 10
79.28635313214522
 20
56.04804315626212
 10
79.79433643827173
 20
52.10723759668073
 10
80.55370235125258
 20
48.20706338160602
 10
81.56133201947097
 20
44.363539224083766
 10
82.81308692766531
 20
40.592451165241584
 10
84.30382589455189
 20
36.90928773819455
 10
86.02742618857565
 20
33.32917635386973
 10
87.97680867506391
 20
29.86682117002394
 10
90.14396689149842
 20
26.536442698637934
 10
92.51999993148898
 20
23.35171939973044
 10
95.0951490023879
 20
20.32573150147646
 10
97.85883750639663
 20
17.47090727737079
 10
100.7997144805448
 20
14.798972001085836
 10
103.90570121712503
 20
12.32089978867571
 10
107.16404087310565
 20
10.046868525919102
 10
110.56135086476712
 20
7.986218065921484
 10
114.0836778323661
 20
6.1474118686686126
 10
117.71655494908016
 20
4.538002240082214
 10
121.44506133885233
 20
3.1645993133491785
 10
125.25388335909817
 20
2.0328438999220566
 10
129.12737749657427
 20
1.147384321697814
 10
133.04963461808532
 20
0.5118573195282394
 10
137.00454531213933
 20
0.12887311647498478
 10
140.97586605318173
 20
4.697156541055847e-06
 10
144.94728591666
 20
0.12578134721911738
 10
148.90249357090823
 20
0.5056864794658082
 10
152.82524427070314
 20
1.1381597555726088
 10
156.69942657733853
 20
2.020603494676969
 10
160.50912853118513
 20
3.149393342517712
 10
164.23870300495494
 20
4.519893157306171
 10
167.87283196925154
 20
6.126474051189753
 10
171.39658940645603
 20
7.962537509100926
 10
174.7955026145514
 20
10.020542490038927
 10
178.0556116490979
 20
12.292036399473766
 10
181.16352665922147
 20
14.767689805663686
 10
184.10648288212627
 20
17.437334757299872
 10
186.8723930702585
 20
20.2900065451012
 10
189.44989713579355
 20
23.31398873583602
 10
191.82840880854883
 20
26.496861293809033
 10
193.99815911568857
 20
29.82555159216932
 10
195.95023650464242
 20
33.286388104526736
 10
197.67662344444574
 20
36.86515655635583
 10
199.17022935517326
 20
40.54715830556381
 10
200.42491973021882
 20
44.31727071244231
 10
201.43554133181127
 20
48.16000925105327
 10
202.19794335628364
 20
52.05959110694638
 10
202.70899448216616
 20
56.00000000000118
  0
LWPOLYLINE
  5
B0
330
17
100
AcDbEntity
  8
XY_AFT
100
AcDbPolyline
 90
90
 70
0
 10
197.6
 20
62.0
 10
197.45901082353322
 20
65.9925050817948
 10
197.0367456951181
 20
69.9651197041012
 10
196.33530831838385
 20
73.89805250069946
 10
195.3581932190579
 20
77.77170979822945
 10
194.1102683354148
 20
81.56679323088576
 10
192.59775076645226
 20
85.2643958839054
 10
190.82817579861697
 20
88.84609648686606
 10
188.81035936538632
 20
92.29405118752882
 10
186.55435412673143
 20
95.59108244901236
 10
184.0713993872708
 20
98.7207646274177
 10
181.3738651026199
 20
101.66750580355978
 10
178.4751902528949
 20
104.41662546112468
 10
175.3898158903893
 20
106.95442762426332
 10
172.13311319497802
 20
109.26826909025425
 10
168.7213068956725
 20
111.34662241730368
 10
165.1713944398369
 20
113.17913335368061
 10
161.50106131276002
 20
114.75667242207808
 10
157.7285929294577
 20
116.07138040220998
 10
153.8727835376546
 20
117.11670748505111
 10
149.9528425857876
 20
117.88744590365629
 10
145.98829902249986
 20
118.37975587799336
 10
141.99890400440108
 20
118.59118474453412
 10
138.00453249679876
 20
118.52067917530066
 10
134.02508425762082
 20
118.16859042549235
 10
130.08038469782247
 20
117.53667258355014
 10
126.19008611218626
 20
116.62807383237617
 10
122.37356977257784
 20
115.44732076524485
 10
118.64984937142454
 20
114.00029583454298
 10
115.03747629645606
 20
112.29420804568772
 10
111.55444720862407
 20
110.33755704222435
 10
108.21811438364239
 20
108.14009076102957
 10
105.04509926382252
 20
105.71275686858041
 10
102.05120965088383
 20
103.06764822023042
 10
99.25136095228078
 20
100.21794261421267
 10
96.65950187339314
 20
97.17783714051183
 10
94.28854492577747
 20
93.96247745167591
 10
92.15030209768403
 20
90.58788230793718
 10
90.2554260073255
 20
87.07086377255445
 10
88.61335683206889
 20
83.42894345495962
 10
87.23227527794673
 20
79.68026521898078
 10
86.11906182379113
 20
75.84350479102527
 10
85.27926244303438
 20
71.93777671855037
 10
84.71706097394822
 20
67.98253914234895
 10
84.43525827597203
 20
63.99749685707126
 10
84.43525827597203
 20
60.00250314292875
 10
84.71706097394822
 20
56.017460857651
 10
85.27926244303438
 20
52.062223281449654
 10
86.11906182379113
 20
48.15649520897472
 10
87.23227527794671
 20
44.319734781019235
 10
88.61335683206889
 20
40.57105654504039
 10
90.2554260073255
 20
36.92913622744556
 10
92.15030209768403
 20
33.41211769206283
 10
94.28854492577747
 20
30.037522548324084
 10
96.65950187339315
 20
26.822162859488145
 10
99.25136095228078
 20
23.78205738578732
 10
102.0512096508838
 20
20.93235177976959
 10
105.04509926382252
 20
18.28724313141958
 10
108.21811438364243
 20
15.859909238970403
 10
111.55444720862405
 20
13.662442957775653
 10
115.03747629645608
 20
11.705791954312275
 10
118.64984937142454
 20
9.999704165457018
 10
122.37356977257785
 20
8.55267923475514
 10
126.19008611218624
 20
7.37192616762384
 10
130.08038469782247
 20
6.463327416449857
 10
134.02508425762082
 20
5.831409574507646
 10
138.0045324967988
 20
5.479320824699343
 10
141.99890400440106
 20
5.408815255465875
 10
145.9882990224999
 20
5.620244122006639
 10
149.95284258578764
 20
6.112554096343715
 10
153.87278353765467
 20
6.883292514948906
 10
157.72859292945773
 20
7.928619597790025
 10
161.50106131276004
 20
9.243327577921924
 10
165.17139443983692
 20
10.820866646319402
 10
168.7213068956725
 20
12.653377582696308
 10
172.13311319497802
 20
14.731730909745743
 10
175.3898158903893
 20
17.04557237573669
 10
178.4751902528949
 20
19.58337453887529
 10
181.3738651026199
 20
22.332494196440194
 10
184.07139938727073
 20
25.279235372582257
 10
186.55435412673143
 20
28.40891755098759
 10
188.81035936538632
 20
31.705948812471185
 10
190.82817579861697
 20
35.153903513133955
 10
192.59775076645226
 20
38.735604116094585
 10
194.1102683354148
 20
42.43320676911422
 10
195.3581932190579
 20
46.228290201770534
 10
196.33530831838385
 20
50.10194749930054
 10
197.0367456951181
 20
54.03488029589876
 10
197.45901082353322
 20
58.007494918205175
 10
197.6
 20
61.999999999999986
  0
LWPOLYLINE
  5
B1
330
17
100
AcDbEntity
  8
XY_AFT
100
AcDbPolyline
 90
16
 70
0
 10
225.99999999999977
 20
57.41742430504461
 10
228.26775187310176
 20
54.17616852788363
 10
231.53548392882158
 20
51.94673703466434
 10
235.38059367895693
 20
51.017453127372875
 10
239.3058087278186
 20
51.508497311868126
 10
242.8034969874346
 20
53.356364842153035
 10
245.42131666959665
 20
56.322078530731524
 10
246.8207158084512
 20
60.02209469571108
 10
246.8207158084512
 20
63.9779053042889
 10
245.42131666959668
 20
67.67792146926847
 10
242.80349698743464
 20
70.64363515784696
 10
239.30580872781863
 20
72.49150268813187
 10
235.38059367895693
 20
72.98254687262713
 10
231.53548392882158
 20
72.05326296533566
 10
228.26775187310176
 20
69.82383147211638
 10
225.9999999999998
 20
66.5825756949554
  0
LWPOLYLINE
  5
B2
330
17
100
AcDbEntity
  8
XY_AFT
100
AcDbPolyline
 90
12
 70
0
 10
242.5
 20
62.0
 10
241.46814796340266
 20
65.51416531346139
 10
238.70019758451227
 20
67.91260796980437
 10
235.07495355122364
 20
68.43383937222606
 10
231.74340522935563
 20
66.91237223330268
 10
229.76329567150577
 20
63.831261619469295
 10
229.76329567150577
 20
60.168738380530705
 10
231.74340522935563
 20
57.087627766697324
 10
235.07495355122364
 20
55.56616062777394
 10
238.70019758451227
 20
56.08739203019563
 10
241.46814796340266
 20
58.48583468653862
 10
242.5
 20
62.00000000000001
  0
LWPOLYLINE
  5
B3
330
17
100
AcDbEntity
  8
XY_AFT
100
AcDbPolyline
 90
2
 70
0
 10
16.0
 20
50.0
 10
16.0
 20
74.0
  0
LWPOLYLINE
  5
B4
330
17
100
AcDbEntity
  8
XY_AFT
100
AcDbPolyline
 90
2
 70
0
 10
16.0
 20
50.0
 10
16.0
 20
74.0
  0
LWPOLYLINE
  5
B5
330
17
100
AcDbEntity
  8
XY_AFT
100
AcDbPolyline
 90
2
 70
0
 10
16.0
 20
56.0
 10
16.0
 20
68.0
  0
LWPOLYLINE
  5
B6
330
17
100
AcDbEntity
  8
XY_AFT
100
AcDbPolyline
 90
2
 70
0
 10
16.0
 20
68.0
 10
16.0
 20
56.0
  0
LWPOLYLINE
  5
B7
330
17
100
AcDbEntity
  8
XY_AFT
100
AcDbPolyline
 90
2
 70
0
 10
53.48999599679678
 20
50.0
 10
66.0
 20
50.0
  0
LWPOLYLINE
  5
B8
330
17
100
AcDbEntity
  8
XY_AFT
100
AcDbPolyline
 90
12
 70
0
 10
53.48999599679679
 20
50.0
 10
52.87197186865008
 20
50.0
 10
51.34021140373683
 20
50.0
 10
49.012607839296706
 20
50.0
 10
46.06830714854689
 20
50.0
 10
42.73391991962477
 20
50.0
 10
39.26608008037525
 20
50.0
 10
35.93169285145312
 20
50.0
 10
32.98739216070331
 20
50.0
 10
30.659788596263184
 20
50.0
 10
29.12802813134992
 20
50.0
 10
28.51000400320322
 20
50.0
  0
LWPOLYLINE
  5
B9
330
17
100
AcDbEntity
  8
XY_AFT
100
AcDbPolyline
 90
2
 70
0
 10
16.0
 20
50.0
 10
28.51000400320322
 20
50.0
  0
LWPOLYLINE
  5
BA
330
17
100
AcDbEntity
  8
XY_AFT
100
AcDbPolyline
 90
2
 70
0
 10
16.0
 20
50.0
 10
66.0
 20
50.0
  0
LWPOLYLINE
  5
BB
330
17
100
AcDbEntity
  8
XY_AFT
100
AcDbPolyline
 90
2
 70
0
 10
16.0
 20
74.0
 10
66.0
 20
74.0
  0
LWPOLYLINE
  5
BC
330
17
100
AcDbEntity
  8
XY_AFT
100
AcDbPolyline
 90
2
 70
0
 10
66.0
 20
50.0
 10
66.0
 20
74.0
  0
LWPOLYLINE
  5
BD
330
17
100
AcDbEntity
  8
XY_AFT
100
AcDbPolyline
 90
12
 70
0
 10
25.0
 20
62.0
 10
24.365014131324727
 20
64.16256326982239
 10
22.661660052007548
 20
65.63852798141808
 10
20.430740646906855
 20
65.95928576752374
 10
18.380557064218863
 20
65.02299829741703
 10
17.162028105542007
 20
63.12693022736572
 10
17.162028105542007
 20
60.87306977263428
 10
18.380557064218863
 20
58.97700170258297
 10
20.430740646906855
 20
58.04071423247627
 10
22.661660052007548
 20
58.36147201858193
 10
24.365014131324727
 20
59.83743673017761
 10
25.0
 20
62.0
  0
LWPOLYLINE
  5
BE
330
17
100
AcDbEntity
  8
XY_AFT
100
AcDbPolyline
 90
12
 70
0
 10
65.0
 20
62.0
 10
64.36501413132473
 20
64.16256326982239
 10
62.66166005200755
 20
65.63852798141808
 10
60.430740646906855
 20
65.95928576752374
 10
58.38055706421886
 20
65.02299829741703
 10
57.16202810554201
 20
63.12693022736572
 10
57.16202810554201
 20
60.87306977263428
 10
58.38055706421886
 20
58.97700170258297
 10
60.430740646906855
 20
58.04071423247627
 10
62.66166005200755
 20
58.36147201858193
 10
64.36501413132473
 20
59.83743673017761
 10
65.0
 20
62.0
  0
LWPOLYLINE
  5
BF
330
17
100
AcDbEntity
  8
XY_AFT
100
AcDbPolyline
 90
2
 70
0
 10
53.48999599679678
 20
74.0
 10
66.0
 20
74.0
  0
LWPOLYLINE
  5
C0
330
17
100
AcDbEntity
  8
XY_AFT
100
AcDbPolyline
 90
12
 70
0
 10
53.48999599679679
 20
74.0
 10
52.87197186865008
 20
74.0
 10
51.34021140373683
 20
74.0
 10
49.012607839296706
 20
74.0
 10
46.06830714854689
 20
74.0
 10
42.73391991962477
 20
74.0
 10
39.26608008037525
 20
74.0
 10
35.93169285145312
 20
74.0
 10
32.98739216070331
 20
74.0
 10
30.659788596263184
 20
74.0
 10
29.12802813134992
 20
74.0
 10
28.51000400320322
 20
74.0
  0
LWPOLYLINE
  5
C1
330
17
100
AcDbEntity
  8
XY_AFT
100
AcDbPolyline
 90
2
 70
0
 10
16.0
 20
74.0
 10
28.51000400320322
 20
74.0
  0
LWPOLYLINE
  5
C2
330
17
100
AcDbEntity
  8
XY_AFT
100
AcDbPolyline
 90
2
 70
0
 10
28.510004003203207
 20
50.0
 10
28.510004003203207
 20
74.0
  0
LWPOLYLINE
  5
C3
330
17
100
AcDbEntity
  8
XY_AFT
100
AcDbPolyline
 90
12
 70
0
 10
25.0
 20
62.0
 10
24.365014131324727
 20
64.16256326982239
 10
22.661660052007548
 20
65.63852798141808
 10
20.430740646906855
 20
65.95928576752374
 10
18.380557064218863
 20
65.02299829741703
 10
17.162028105542007
 20
63.12693022736572
 10
17.162028105542007
 20
60.87306977263428
 10
18.380557064218863
 20
58.97700170258297
 10
20.430740646906855
 20
58.04071423247627
 10
22.661660052007548
 20
58.36147201858193
 10
24.365014131324727
 20
59.83743673017761
 10
25.0
 20
62.0
  0
LWPOLYLINE
  5
C4
330
17
100
AcDbEntity
  8
XY_AFT
100
AcDbPolyline
 90
2
 70
0
 10
15.708203932499472
 20
68.0
 10
16.0
 20
68.0
  0
LWPOLYLINE
  5
C5
330
17
100
AcDbEntity
  8
XY_AFT
100
AcDbPolyline
 90
2
 70
0
 10
15.708203932499472
 20
68.0
 10
16.0
 20
68.0
  0
LWPOLYLINE
  5
C6
330
17
100
AcDbEntity
  8
XY_AFT
100
AcDbPolyline
 90
12
 70
0
 10
15.708203932499444
 20
67.99999999999991
 10
12.52587348050244
 20
70.28059274445312
 10
8.676311503095974
 20
70.99417732519056
 10
4.88800389875226
 20
70.00571596194389
 10
1.8778448712889428
 20
67.50226374527566
 10
0.21547284100844877
 20
63.95757058440812
 10
0.21547284100844877
 20
60.04242941559187
 10
1.8778448712889428
 20
56.49773625472434
 10
4.88800389875226
 20
53.994284038056094
 10
8.676311503095974
 20
53.00582267480944
 10
12.525873480502469
 20
53.7194072555469
 10
15.708203932499458
 20
56.00000000000009
  0
LWPOLYLINE
  5
C7
330
17
100
AcDbEntity
  8
XY_AFT
100
AcDbPolyline
 90
2
 70
0
 10
15.708203932499487
 20
56.0
 10
16.0
 20
56.0
  0
LWPOLYLINE
  5
C8
330
17
100
AcDbEntity
  8
XY_AFT
100
AcDbPolyline
 90
12
 70
0
 10
13.0
 20
62.0
 10
12.365014131324727
 20
64.16256326982239
 10
10.661660052007534
 20
65.63852798141808
 10
8.430740646906855
 20
65.95928576752374
 10
6.380557064218863
 20
65.02299829741703
 10
5.162028105542021
 20
63.12693022736572
 10
5.162028105542021
 20
60.87306977263428
 10
6.380557064218863
 20
58.97700170258297
 10
8.430740646906855
 20
58.04071423247627
 10
10.661660052007534
 20
58.36147201858193
 10
12.365014131324727
 20
59.83743673017761
 10
13.0
 20
62.0
  0
LWPOLYLINE
  5
C9
330
17
100
AcDbEntity
  8
XY_AFT
100
AcDbPolyline
 90
2
 70
0
 10
15.708203932499487
 20
56.0
 10
16.0
 20
56.0
  0
LWPOLYLINE
  5
CA
330
17
100
AcDbEntity
  8
XY_AFT
100
AcDbPolyline
 90
12
 70
0
 10
15.708203932499444
 20
67.99999999999991
 10
12.52587348050244
 20
70.28059274445312
 10
8.676311503095974
 20
70.99417732519056
 10
4.88800389875226
 20
70.00571596194389
 10
1.8778448712889428
 20
67.50226374527566
 10
0.21547284100844877
 20
63.95757058440812
 10
0.21547284100844877
 20
60.04242941559187
 10
1.8778448712889428
 20
56.49773625472434
 10
4.88800389875226
 20
53.994284038056094
 10
8.676311503095974
 20
53.00582267480944
 10
12.525873480502469
 20
53.7194072555469
 10
15.708203932499458
 20
56.00000000000009
  0
LWPOLYLINE
  5
CB
330
17
100
AcDbEntity
  8
XY_AFT
100
AcDbPolyline
 90
12
 70
0
 10
13.0
 20
62.0
 10
12.365014131324727
 20
64.16256326982239
 10
10.661660052007534
 20
65.63852798141808
 10
8.430740646906855
 20
65.95928576752374
 10
6.380557064218863
 20
65.02299829741703
 10
5.162028105542021
 20
63.12693022736572
 10
5.162028105542021
 20
60.87306977263428
 10
6.380557064218863
 20
58.97700170258297
 10
8.430740646906855
 20
58.04071423247627
 10
10.661660052007534
 20
58.36147201858193
 10
12.365014131324727
 20
59.83743673017761
 10
13.0
 20
62.0
  0
LWPOLYLINE
  5
CC
330
17
100
AcDbEntity
  8
XY_AFT
100
AcDbPolyline
 90
2
 70
0
 10
66.0
 20
50.0
 10
66.0
 20
53.0
  0
LWPOLYLINE
  5
CD
330
17
100
AcDbEntity
  8
XY_AFT
100
AcDbPolyline
 90
2
 70
0
 10
66.0
 20
71.0
 10
66.0
 20
53.0
  0
LWPOLYLINE
  5
CE
330
17
100
AcDbEntity
  8
XY_AFT
100
AcDbPolyline
 90
2
 70
0
 10
66.0
 20
71.0
 10
66.0
 20
74.0
  0
LWPOLYLINE
  5
CF
330
17
100
AcDbEntity
  8
XY_AFT
100
AcDbPolyline
 90
2
 70
0
 10
66.0
 20
71.0
 10
60.5
 20
71.0
  0
LWPOLYLINE
  5
D0
330
17
100
AcDbEntity
  8
XY_AFT
100
AcDbPolyline
 90
2
 70
0
 10
60.5
 20
65.96862696659689
 10
60.5
 20
71.0
  0
LWPOLYLINE
  5
D1
330
17
100
AcDbEntity
  8
XY_AFT
100
AcDbPolyline
 90
12
 70
0
 10
60.5
 20
65.96862696659689
 10
59.486129234645375
 20
65.70245800864839
 10
58.57622163690971
 20
65.18202741135511
 10
57.832763964755415
 20
64.44307509034171
 10
57.3068122372012
 20
63.53634766531317
 10
57.03448552653683
 20
62.524113499877686
 10
57.03448552653683
 20
61.475886500122314
 10
57.3068122372012
 20
60.46365233468683
 10
57.832763964755415
 20
59.556924909658285
 10
58.57622163690969
 20
58.81797258864489
 10
59.486129234645375
 20
58.29754199135161
 10
60.5
 20
58.03137303340311
  0
LWPOLYLINE
  5
D2
330
17
100
AcDbEntity
  8
XY_AFT
100
AcDbPolyline
 90
2
 70
0
 10
60.5
 20
53.0
 10
60.5
 20
58.03137303340311
  0
LWPOLYLINE
  5
D3
330
17
100
AcDbEntity
  8
XY_AFT
100
AcDbPolyline
 90
2
 70
0
 10
66.0
 20
53.0
 10
60.5
 20
53.0
  0
LWPOLYLINE
  5
D4
330
17
100
AcDbEntity
  8
XY_AFT
100
AcDbPolyline
 90
2
 70
0
 10
53.48999599679679
 20
50.0
 10
53.48999599679679
 20
74.0
  0
LWPOLYLINE
  5
D5
330
17
100
AcDbEntity
  8
XY_AFT
100
AcDbPolyline
 90
12
 70
0
 10
65.0
 20
62.0
 10
64.95254311045016
 20
62.61433131129134
 10
64.81129851998354
 20
63.21408549598919
 10
64.57961774306474
 20
63.78503132004344
 10
64.26299820421434
 20
64.31362112699854
 10
63.86895279267458
 20
64.78731230281157
 10
63.406831593232
 20
65.19486489257689
 10
62.887600023246875
 20
65.52660830717538
 10
62.323578640353006
 20
65.77467079131429
 10
61.72815079478627
 20
65.93316620803802
 10
61.11544506329763
 20
65.99833370760373
 10
60.5
 20
65.96862696659689
  0
LWPOLYLINE
  5
D6
330
17
100
AcDbEntity
  8
XY_AFT
100
AcDbPolyline
 90
12
 70
0
 10
60.5
 20
58.03137303340311
 10
61.11544506329763
 20
58.001666292396266
 10
61.72815079478627
 20
58.06683379196199
 10
62.323578640353006
 20
58.22532920868571
 10
62.887600023246875
 20
58.47339169282462
 10
63.406831593232
 20
58.80513510742311
 10
63.86895279267458
 20
59.21268769718843
 10
64.26299820421434
 20
59.686378873001466
 10
64.57961774306476
 20
60.21496867995656
 10
64.81129851998354
 20
60.78591450401081
 10
64.95254311045016
 20
61.38566868870866
 10
65.0
 20
62.0
  0
LWPOLYLINE
  5
D7
330
17
100
AcDbEntity
  8
XY_AFT
100
AcDbPolyline
 90
2
 70
0
 10
66.0
 20
53.0
 10
85.12012884767897
 20
53.0
  0
LWPOLYLINE
  5
D8
330
17
100
AcDbEntity
  8
XY_AFT
100
AcDbPolyline
 90
2
 70
0
 10
85.12012884767897
 20
53.0
 10
79.65670370774
 20
53.0
  0
LWPOLYLINE
  5
D9
330
17
100
AcDbEntity
  8
XY_AFT
100
AcDbPolyline
 90
2
 70
0
 10
60.5
 20
53.0
 10
79.65670370774
 20
53.0
  0
LWPOLYLINE
  5
DA
330
17
100
AcDbEntity
  8
XY_AFT
100
AcDbPolyline
 90
2
 70
0
 10
66.0
 20
71.0
 10
85.12012884767897
 20
71.0
  0
LWPOLYLINE
  5
DB
330
17
100
AcDbEntity
  8
XY_AFT
100
AcDbPolyline
 90
12
 70
0
 10
85.12012884767897
 20
71.00000000000001
 10
84.8824086129699
 20
69.3740041306148
 10
84.69199152082362
 20
67.74179249964698
 10
84.54903807932035
 20
66.10474094553808
 10
84.45366878805486
 20
64.46422938644088
 10
84.405964036564
 20
62.82164065704659
 10
84.405964036564
 20
61.17835934295337
 10
84.45366878805487
 20
59.53577061355905
 10
84.54903807932035
 20
57.895259054461874
 10
84.69199152082363
 20
56.25820750035299
 10
84.8824086129699
 20
54.62599586938518
 10
85.12012884767898
 20
52.99999999999996
  0
LWPOLYLINE
  5
DC
330
17
100
AcDbEntity
  8
XY_AFT
100
AcDbPolyline
 90
2
 70
0
 10
85.12012884767897
 20
71.0
 10
79.65670370774
 20
71.0
  0
LWPOLYLINE
  5
DD
330
17
100
AcDbEntity
  8
XY_AFT
100
AcDbPolyline
 90
2
 70
0
 10
60.5
 20
71.0
 10
79.65670370774
 20
71.0
  0
LWPOLYLINE
  5
DE
330
17
100
AcDbEntity
  8
XY_AFT
100
AcDbPolyline
 90
2
 70
0
 10
60.5
 20
65.96862696659689
 10
60.5
 20
71.0
  0
LWPOLYLINE
  5
DF
330
17
100
AcDbEntity
  8
XY_AFT
100
AcDbPolyline
 90
2
 70
0
 10
60.5
 20
53.0
 10
60.5
 20
58.03137303340311
  0
LWPOLYLINE
  5
E0
330
17
100
AcDbEntity
  8
XY_AFT
100
AcDbPolyline
 90
12
 70
0
 10
79.65670370774
 20
71.0
 10
79.43986872718278
 20
69.37226136768835
 10
79.26621792990917
 20
67.73935112382335
 10
79.13587313125166
 20
66.10241474834137
 10
79.04892576755967
 20
64.46260054549398
 10
79.00543683205743
 20
62.82105883831689
 10
79.00543683205743
 20
61.178941161683134
 10
79.04892576755967
 20
59.53739945450603
 10
79.13587313125166
 20
57.897585251658604
 10
79.26621792990917
 20
56.26064887617666
 10
79.43986872718277
 20
54.627738632311654
 10
79.65670370774
 20
53.000000000000014
  0
LWPOLYLINE
  5
E1
330
17
100
AcDbEntity
  8
XY_AFT
100
AcDbPolyline
 90
12
 70
0
 10
85.12012884767897
 20
71.00000000000001
 10
84.8824086129699
 20
69.3740041306148
 10
84.69199152082362
 20
67.74179249964698
 10
84.54903807932035
 20
66.10474094553808
 10
84.45366878805486
 20
64.46422938644088
 10
84.405964036564
 20
62.82164065704659
 10
84.405964036564
 20
61.17835934295337
 10
84.45366878805487
 20
59.53577061355905
 10
84.54903807932035
 20
57.895259054461874
 10
84.69199152082363
 20
56.25820750035299
 10
84.8824086129699
 20
54.62599586938518
 10
85.12012884767898
 20
52.99999999999996
  0
LWPOLYLINE
  5
E2
330
17
100
AcDbEntity
  8
XY_AFT
100
AcDbPolyline
 90
48
 70
0
 10
79.65670370774
 20
53.000000000000014
 10
80.35458303053927
 20
49.11072536562881
 10
81.29879085932353
 20
45.273804164090166
 10
82.48549202706073
 20
41.5048211355737
 10
83.90986641146786
 20
37.819085070172505
 10
85.56612851330013
 20
34.231566626904495
 10
87.44755095579193
 20
30.75683752614826
 10
89.54649180979928
 20
27.409011362481294
 10
91.85442563365562
 20
24.20168627832566
 10
94.36197810166328
 20
21.147889731248092
 10
97.0589640805675
 20
18.26002557925824
 10
99.93442899935465
 20
15.54982369903258
 10
102.97669334433915
 20
13.0282923417043
 10
106.17340009881056
 20
10.705673419738986
 10
109.51156493454991
 20
8.59140090651195
 10
112.97762895134991
 20
6.694062517558045
 10
116.55751375032126
 20
5.0213648291373545
 10
120.23667861728977
 20
3.5801019757969073
 10
124.00017958401766
 20
2.3761280540725807
 10
127.8327301273556
 20
1.414333344420882
 10
131.71876325977794
 20
0.698624447962402
 10
135.6424947591035
 20
0.23190841871698353
 10
139.58798728057624
 20
0.016080955781880846
 10
143.53921509089662
 20
0.05201870341404913
 10
147.4801291612681
 20
0.33957569029156787
 10
151.39472235506477
 20
0.877583922417486
 10
155.26709444534188
 20
1.6638581272576332
 10
159.08151669810303
 20
2.6952046298427774
 10
162.82249575899974
 20
3.9674343247824453
 10
166.47483658397033
 20
5.475379691500741
 10
170.02370415820707
 20
7.212915783582034
 10
173.4546837527628
 20
9.172985106972448
 10
176.75383947404782
 20
11.34762628598714
 10
179.90777086840137
 20
13.728006400688436
 10
182.90366735182266
 20
16.304456864287168
 10
185.72936024377944
 20
19.066512694841528
 10
188.3733721937441
 20
22.00295502173951
 10
190.82496379969777
 20
25.101856654313792
 10
193.0741772292475
 20
28.35063052749844
 10
195.1118766661779
 20
31.736080827752104
 10
196.92978541815125
 20
35.24445659158543
 10
198.5205195348335
 20
38.861507558986524
 10
199.877617799896
 20
42.57254205488094
 10
200.99556797507225
 20
46.36248666352333
 10
201.86982918967195
 20
50.21594745343687
 10
202.4968503846111
 20
54.11727250421784
 10
202.8740847360423
 20
58.05061548123551
 10
203.0
 20
61.999999999999986
  0
LWPOLYLINE
  5
E3
330
17
100
AcDbEntity
  8
XY_AFT
100
AcDbPolyline
 90
44
 70
0
 10
85.12012884767897
 20
53.0
 10
85.87805621320324
 20
49.14965707985899
 10
86.90095616611241
 20
45.36108608535074
 10
88.18391160028612
 20
41.652498773716474
 10
89.72075531628371
 20
38.04172241859705
 10
91.50409966722881
 20
34.54611411387485
 10
93.52537207141613
 20
31.182477337681327
 10
95.7748562209299
 20
27.966981177649892
 10
98.24173878818351
 20
24.915082605699794
 10
100.91416140586051
 20
22.041452175978712
 10
103.7792776703883
 20
19.359903503135172
 10
106.8233148949272
 20
16.88332685992134
 10
110.03164031502678
 20
14.623627213323672
 10
113.38883142869713
 20
12.591666997083408
 10
116.87875013276884
 20
10.797213895700935
 10
120.4846202991656
 20
9.248893890927818
 10
124.18910841817913
 20
7.954149796452789
 10
127.97440692109193
 20
6.919205480106754
 10
131.8223197816132
 20
6.149035945571789
 10
135.7143499846408
 20
5.64734341741169
 10
139.63178844188377
 20
5.4165395443842
 10
143.55580392692613
 20
5.457733806584045
 10
147.46753359741192
 20
5.770728182143877
 10
151.3481736692084
 20
6.3540180991304425
 10
155.17906980667544
 20
7.204799668060112
 10
158.94180679453203
 20
8.31898316026713
 10
162.61829706026478
 20
9.691212667333346
 10
166.19086762154964
 20
11.314891847076403
 10
169.64234504072826
 20
13.182215632334675
 10
172.95613797795951
 20
15.284207750123578
 10
176.11631694621323
 20
17.610763870808753
 10
179.10769088471955
 20
20.150700179875592
 10
181.9158801827849
 20
22.891807138810535
 10
184.52738580294707
 20
25.82090817666365
 10
186.9296541711916
 20
28.923923030160566
 10
189.111137522302
 20
32.18593542788663
 10
191.06134941026116
 20
35.59126479318356
 10
192.77091511686424
 20
39.12354162108046
 10
194.23161671622796
 20
42.76578616692121
 10
195.43643257856954
 20
46.50049006842946
 10
196.3795711233597
 20
50.309700508851705
 10
197.05649865959805
 20
54.175106516604664
 10
197.46396117938082
 20
58.07812698658212
 10
197.6
 20
61.999999999999986
  0
LWPOLYLINE
  5
E4
330
17
100
AcDbEntity
  8
XY_AFT
100
AcDbPolyline
 90
44
 70
0
 10
197.6
 20
62.0
 10
197.46396117938082
 20
65.92187301341785
 10
197.05649865959805
 20
69.8248934833953
 10
196.3795711233597
 20
73.6902994911483
 10
195.43643257856954
 20
77.49950993157053
 10
194.231616716228
 20
81.23421383307875
 10
192.77091511686424
 20
84.87645837891954
 10
191.06134941026116
 20
88.40873520681643
 10
189.11113752230202
 20
91.81406457211335
 10
186.9296541711916
 20
95.07607696983945
 10
184.52738580294707
 20
98.17909182333635
 10
181.91588018278492
 20
101.10819286118945
 10
179.10769088471952
 20
103.84929982012441
 10
176.11631694621323
 20
106.38923612919126
 10
172.95613797795951
 20
108.71579224987642
 10
169.64234504072823
 20
110.81778436766535
 10
166.19086762154967
 20
112.68510815292358
 10
162.61829706026478
 20
114.30878733266665
 10
158.94180679453206
 20
115.68101683973288
 10
155.17906980667547
 20
116.79520033193988
 10
151.34817366920836
 20
117.64598190086956
 10
147.46753359741192
 20
118.22927181785612
 10
143.55580392692616
 20
118.54226619341595
 10
139.63178844188377
 20
118.5834604556158
 10
135.7143499846408
 20
118.35265658258831
 10
131.8223197816132
 20
117.8509640544282
 10
127.97440692109195
 20
117.08079451989326
 10
124.18910841817917
 20
116.04585020354722
 10
120.48462029916558
 20
114.75110610907217
 10
116.87875013276886
 20
113.20278610429907
 10
113.38883142869715
 20
111.4083330029166
 10
110.03164031502676
 20
109.37637278667631
 10
106.82331489492721
 20
107.11667314007866
 10
103.7792776703883
 20
104.64009649686484
 10
100.91416140586051
 20
101.95854782402131
 10
98.24173878818351
 20
99.08491739430019
 10
95.7748562209299
 20
96.03301882235013
 10
93.52537207141614
 20
92.81752266231868
 10
91.50409966722881
 20
89.45388588612516
 10
89.72075531628371
 20
85.95827758140297
 10
88.18391160028614
 20
82.34750122628354
 10
86.90095616611241
 20
78.63891391464927
 10
85.87805621320325
 20
74.85034292014105
 10
85.12012884767897
 20
71.00000000000001
  0
LWPOLYLINE
  5
E5
330
17
100
AcDbEntity
  8
XY_AFT
100
AcDbPolyline
 90
48
 70
0
 10
203.0
 20
62.0
 10
202.8740847360423
 20
65.94938451876449
 10
202.49685038461107
 20
69.88272749578218
 10
201.86982918967195
 20
73.78405254656315
 10
200.99556797507225
 20
77.63751333647664
 10
199.877617799896
 20
81.42745794511904
 10
198.5205195348335
 20
85.13849244101347
 10
196.92978541815125
 20
88.75554340841458
 10
195.1118766661779
 20
92.26391917224787
 10
193.07417722924754
 20
95.64936947250155
 10
190.82496379969777
 20
98.89814334568621
 10
188.3733721937441
 20
101.99704497826049
 10
185.7293602437794
 20
104.93348730515848
 10
182.90366735182266
 20
107.69554313571282
 10
179.9077708684014
 20
110.27199359931154
 10
176.75383947404785
 20
112.65237371401282
 10
173.45468375276283
 20
114.82701489302752
 10
170.0237041582071
 20
116.78708421641795
 10
166.47483658397036
 20
118.52462030849924
 10
162.82249575899976
 20
120.03256567521754
 10
159.081516698103
 20
121.30479537015722
 10
155.26709444534185
 20
122.33614187274237
 10
151.39472235506474
 20
123.12241607758251
 10
147.4801291612681
 20
123.66042430970843
 10
143.53921509089665
 20
123.94798129658595
 10
139.58798728057624
 20
123.98391904421811
 10
135.64249475910353
 20
123.76809158128302
 10
131.71876325977797
 20
123.3013755520376
 10
127.83273012735563
 20
122.58566665557913
 10
124.00017958401766
 20
121.62387194592742
 10
120.23667861728975
 20
120.41989802420309
 10
116.5575137503213
 20
118.97863517086267
 10
112.97762895134996
 20
117.30593748244198
 10
109.51156493454991
 20
115.40859909348805
 10
106.17340009881057
 20
113.29432658026103
 10
102.9766933443392
 20
110.97170765829573
 10
99.93442899935465
 20
108.45017630096743
 10
97.05896408056752
 20
105.73997442074177
 10
94.36197810166331
 20
102.85211026875194
 10
91.85442563365564
 20
99.79831372167436
 10
89.54649180979928
 20
96.5909886375187
 10
87.44755095579194
 20
93.24316247385175
 10
85.56612851330014
 20
89.76843337309552
 10
83.90986641146786
 20
86.18091492982751
 10
82.48549202706073
 20
82.49517886442632
 10
81.29879085932353
 20
78.72619583590985
 10
80.35458303053927
 20
74.8892746343712
 10
79.65670370774
 20
71.0
  0
LWPOLYLINE
  5
E6
330
17
100
AcDbEntity
  8
XY_AFT
100
AcDbPolyline
 90
96
 70
0
 10
203.0
 20
62.0
 10
202.86444488756402
 20
66.09761622819336
 10
202.45837229827248
 20
70.17731462320828
 10
201.78355788423818
 20
74.22125570199178
 10
200.8429524371956
 20
78.21175633913683
 10
199.64066898543936
 20
82.13136709069038
 10
198.18196480859785
 20
85.96294849613204
 10
196.47321844888734
 20
89.689746024874
 10
194.5219018193696
 20
93.29546333956031
 10
192.33654753117725
 20
96.76433355580372
 10
189.92671158257642
 20
100.08118818675939
 10
187.30293157301753
 20
103.23152347105858
 10
184.4766806248943
 20
106.20156379406662
 10
181.46031721449845
 20
108.97832192514075
 10
178.26703113154755
 20
111.54965580748532
 10
174.91078580359047
 20
113.90432165227676
 10
171.4062572374915
 20
116.03202310489118
 10
167.76876984498656
 20
117.92345626824346
 10
164.01422943292968
 20
119.57035038636184
 10
160.15905365124675
 20
120.96550401029953
 10
156.22010020272955
 20
122.10281648823849
 10
152.21459312859082
 20
122.9773146420877
 10
148.16004749211436
 20
123.58517451392557
 10
144.07419278973978
 20
123.92373808719489
 10
139.9748954244858
 20
123.99152490953307
 10
135.8800805807154
 20
123.78823856641353
 10
131.8076538418658
 20
123.31476797729104
 10
127.77542289388771
 20
122.57318350858316
 10
123.80101965676566
 20
121.5667279204846
 10
119.90182318461814
 20
120.299802187202
 10
116.0948836715159
 20
118.77794625261356
 10
112.39684789532136
 20
117.00781480550393
 10
108.82388642556467
 20
114.99714818030341
 10
105.3916229136575
 20
112.75473851057492
 10
102.11506577464073
 20
110.29039128325098
 10
99.00854255920406
 20
107.61488246173417
 10
96.08563730295248
 20
104.73991136535108
 10
93.35913112687476
 20
101.67804951120564
 10
90.84094634875326
 20
98.44268564213334
 10
88.54209434990202
 20
95.04796718113563
 10
86.4726274251977
 20
91.5087383682986
 10
84.64159482695192
 20
87.840475350708
 10
83.05700319483344
 20
84.05921850919603
 10
81.72578154486982
 20
80.18150231783682
 10
80.65375097062363
 20
76.22428304289862
 10
79.84559918903122
 20
72.2048645974055
 10
79.3048600422093
 20
68.14082287552868
 10
79.03389804486258
 20
64.04992889767313
 10
79.03389804486258
 20
59.95007110232692
 10
79.3048600422093
 20
55.8591771244713
 10
79.84559918903122
 20
51.79513540259453
 10
80.65375097062363
 20
47.77571695710142
 10
81.72578154486982
 20
43.8184976821632
 10
83.05700319483341
 20
39.94078149080401
 10
84.64159482695192
 20
36.15952464929201
 10
86.47262742519769
 20
32.49126163170144
 10
88.54209434990199
 20
28.95203281886443
 10
90.84094634875323
 20
25.557314357866694
 10
93.35913112687474
 20
22.32195048879438
 10
96.08563730295248
 20
19.26008863464893
 10
99.00854255920403
 20
16.38511753826586
 10
102.1150657746407
 20
13.709608716749045
 10
105.39162291365749
 20
11.245261489425076
 10
108.82388642556461
 20
9.002851819696609
 10
112.39684789532137
 20
6.992185194496059
 10
116.09488367151587
 20
5.222053747386447
 10
119.90182318461811
 20
3.7001978127980095
 10
123.80101965676558
 20
2.433272079515426
 10
127.77542289388765
 20
1.4268164914168509
 10
131.80765384186583
 20
0.6852320227089521
 10
135.88008058071537
 20
0.21176143358646726
 10
139.97489542448577
 20
0.008475090466923518
 10
144.07419278973978
 20
0.07626191280510142
 10
148.1600474921143
 20
0.4148254860744274
 10
152.21459312859076
 20
1.0226853579122874
 10
156.22010020272953
 20
1.8971835117615115
 10
160.15905365124672
 20
3.034495989700474
 10
164.01422943292968
 20
4.429649613638162
 10
167.76876984498654
 20
6.07654373175653
 10
171.40625723749153
 20
7.967976895108819
 10
174.9107858035904
 20
10.095678347723187
 10
178.26703113154755
 20
12.450344192514656
 10
181.46031721449845
 20
15.021678074859253
 10
184.47668062489427
 20
17.79843620593335
 10
187.30293157301753
 20
20.76847652894139
 10
189.9267115825764
 20
23.91881181324058
 10
192.33654753117725
 20
27.235666444196283
 10
194.52190181936956
 20
30.704536660439643
 10
196.4732184488873
 20
34.31025397512596
 10
198.18196480859785
 20
38.03705150386793
 10
199.64066898543933
 20
41.86863290930961
 10
200.8429524371956
 20
45.78824366086312
 10
201.78355788423818
 20
49.77874429800823
 10
202.45837229827248
 20
53.822685376791746
 10
202.86444488756402
 20
57.902383771806605
 10
203.0
 20
61.999999999999986
  0
LWPOLYLINE
  5
E7
330
17
100
AcDbEntity
  8
XY_AFT
100
AcDbPolyline
 90
90
 70
0
 10
197.6
 20
62.0
 10
197.45901082353322
 20
65.9925050817948
 10
197.0367456951181
 20
69.9651197041012
 10
196.33530831838385
 20
73.89805250069946
 10
195.3581932190579
 20
77.77170979822945
 10
194.1102683354148
 20
81.56679323088576
 10
192.59775076645226
 20
85.2643958839054
 10
190.82817579861697
 20
88.84609648686606
 10
188.81035936538632
 20
92.29405118752882
 10
186.55435412673143
 20
95.59108244901236
 10
184.0713993872708
 20
98.7207646274177
 10
181.3738651026199
 20
101.66750580355978
 10
178.4751902528949
 20
104.41662546112468
 10
175.3898158903893
 20
106.95442762426332
 10
172.13311319497802
 20
109.26826909025425
 10
168.7213068956725
 20
111.34662241730368
 10
165.1713944398369
 20
113.17913335368061
 10
161.50106131276002
 20
114.75667242207808
 10
157.7285929294577
 20
116.07138040220998
 10
153.8727835376546
 20
117.11670748505111
 10
149.9528425857876
 20
117.88744590365629
 10
145.98829902249986
 20
118.37975587799336
 10
141.99890400440108
 20
118.59118474453412
 10
138.00453249679876
 20
118.52067917530066
 10
134.02508425762082
 20
118.16859042549235
 10
130.08038469782247
 20
117.53667258355014
 10
126.19008611218626
 20
116.62807383237617
 10
122.37356977257784
 20
115.44732076524485
 10
118.64984937142454
 20
114.00029583454298
 10
115.03747629645606
 20
112.29420804568772
 10
111.55444720862407
 20
110.33755704222435
 10
108.21811438364239
 20
108.14009076102957
 10
105.04509926382252
 20
105.71275686858041
 10
102.05120965088383
 20
103.06764822023042
 10
99.25136095228078
 20
100.21794261421267
 10
96.65950187339314
 20
97.17783714051183
 10
94.28854492577747
 20
93.96247745167591
 10
92.15030209768403
 20
90.58788230793718
 10
90.2554260073255
 20
87.07086377255445
 10
88.61335683206889
 20
83.42894345495962
 10
87.23227527794673
 20
79.68026521898078
 10
86.11906182379113
 20
75.84350479102527
 10
85.27926244303438
 20
71.93777671855037
 10
84.71706097394822
 20
67.98253914234895
 10
84.43525827597203
 20
63.99749685707126
 10
84.43525827597203
 20
60.00250314292875
 10
84.71706097394822
 20
56.017460857651
 10
85.27926244303438
 20
52.062223281449654
 10
86.11906182379113
 20
48.15649520897472
 10
87.23227527794671
 20
44.319734781019235
 10
88.61335683206889
 20
40.57105654504039
 10
90.2554260073255
 20
36.92913622744556
 10
92.15030209768403
 20
33.41211769206283
 10
94.28854492577747
 20
30.037522548324084
 10
96.65950187339315
 20
26.822162859488145
 10
99.25136095228078
 20
23.78205738578732
 10
102.0512096508838
 20
20.93235177976959
 10
105.04509926382252
 20
18.28724313141958
 10
108.21811438364243
 20
15.859909238970403
 10
111.55444720862405
 20
13.662442957775653
 10
115.03747629645608
 20
11.705791954312275
 10
118.64984937142454
 20
9.999704165457018
 10
122.37356977257785
 20
8.55267923475514
 10
126.19008611218624
 20
7.37192616762384
 10
130.08038469782247
 20
6.463327416449857
 10
134.02508425762082
 20
5.831409574507646
 10
138.0045324967988
 20
5.479320824699343
 10
141.99890400440106
 20
5.408815255465875
 10
145.9882990224999
 20
5.620244122006639
 10
149.95284258578764
 20
6.112554096343715
 10
153.87278353765467
 20
6.883292514948906
 10
157.72859292945773
 20
7.928619597790025
 10
161.50106131276004
 20
9.243327577921924
 10
165.17139443983692
 20
10.820866646319402
 10
168.7213068956725
 20
12.653377582696308
 10
172.13311319497802
 20
14.731730909745743
 10
175.3898158903893
 20
17.04557237573669
 10
178.4751902528949
 20
19.58337453887529
 10
181.3738651026199
 20
22.332494196440194
 10
184.07139938727073
 20
25.279235372582257
 10
186.55435412673143
 20
28.40891755098759
 10
188.81035936538632
 20
31.705948812471185
 10
190.82817579861697
 20
35.153903513133955
 10
192.59775076645226
 20
38.735604116094585
 10
194.1102683354148
 20
42.43320676911422
 10
195.3581932190579
 20
46.228290201770534
 10
196.33530831838385
 20
50.10194749930054
 10
197.0367456951181
 20
54.03488029589876
 10
197.45901082353322
 20
58.007494918205175
 10
197.6
 20
61.999999999999986
  0
LWPOLYLINE
  5
E8
330
17
100
AcDbEntity
  8
XY_AFT
100
AcDbPolyline
 90
2
 70
0
 10
16.0
 20
50.0
 10
16.0
 20
74.0
  0
LWPOLYLINE
  5
E9
330
17
100
AcDbEntity
  8
XY_AFT
100
AcDbPolyline
 90
2
 70
0
 10
16.0
 20
50.0
 10
16.0
 20
74.0
  0
LWPOLYLINE
  5
EA
330
17
100
AcDbEntity
  8
XY_AFT
100
AcDbPolyline
 90
2
 70
0
 10
16.0
 20
50.0
 10
28.51000400320318
 20
50.0
  0
LWPOLYLINE
  5
EB
330
17
100
AcDbEntity
  8
XY_AFT
100
AcDbPolyline
 90
12
 70
0
 10
28.510004003203193
 20
50.0
 10
28.70010734188314
 20
50.0
 10
29.128028131349794
 20
50.0
 10
29.785492557016454
 20
50.0
 10
30.659788596263
 20
50.0
 10
31.73401180438688
 20
50.0
 10
32.98739216070312
 20
50.0
 10
34.39569565524998
 20
50.0
 10
35.93169285145299
 20
50.0
 10
37.56568536512536
 20
50.0
 10
39.26608008037519
 20
50.0
 10
41.0
 20
50.0
  0
LWPOLYLINE
  5
EC
330
17
100
AcDbEntity
  8
XY_AFT
100
AcDbPolyline
 90
12
 70
0
 10
41.0
 20
50.0
 10
42.733919919624796
 20
50.0
 10
44.43431463487464
 20
50.0
 10
46.06830714854702
 20
50.0
 10
47.60430434475002
 20
50.0
 10
49.01260783929688
 20
50.0
 10
50.26598819561312
 20
50.0
 10
51.340211403737
 20
50.0
 10
52.214507442983546
 20
50.0
 10
52.871971868650206
 20
50.0
 10
53.29989265811686
 20
50.0
 10
53.48999599679681
 20
50.0
  0
LWPOLYLINE
  5
ED
330
17
100
AcDbEntity
  8
XY_AFT
100
AcDbPolyline
 90
2
 70
0
 10
53.48999599679682
 20
50.0
 10
66.0
 20
50.0
  0
LWPOLYLINE
  5
EE
330
17
100
AcDbEntity
  8
XY_AFT
100
AcDbPolyline
 90
2
 70
0
 10
16.0
 20
50.0
 10
66.0
 20
50.0
  0
LWPOLYLINE
  5
EF
330
17
100
AcDbEntity
  8
XY_AFT
100
AcDbPolyline
 90
2
 70
0
 10
16.0
 20
74.0
 10
66.0
 20
74.0
  0
LWPOLYLINE
  5
F0
330
17
100
AcDbEntity
  8
XY_AFT
100
AcDbPolyline
 90
2
 70
0
 10
66.0
 20
50.0
 10
66.0
 20
74.0
  0
LWPOLYLINE
  5
F1
330
17
100
AcDbEntity
  8
XY_AFT
100
AcDbPolyline
 90
12
 70
0
 10
25.0
 20
62.0
 10
24.365014131324727
 20
64.16256326982239
 10
22.661660052007548
 20
65.63852798141808
 10
20.430740646906855
 20
65.95928576752374
 10
18.380557064218863
 20
65.02299829741703
 10
17.162028105542007
 20
63.12693022736572
 10
17.162028105542007
 20
60.87306977263428
 10
18.380557064218863
 20
58.97700170258297
 10
20.430740646906855
 20
58.04071423247627
 10
22.661660052007548
 20
58.36147201858193
 10
24.365014131324727
 20
59.83743673017761
 10
25.0
 20
62.0
  0
LWPOLYLINE
  5
F2
330
17
100
AcDbEntity
  8
XY_AFT
100
AcDbPolyline
 90
12
 70
0
 10
65.0
 20
62.0
 10
64.36501413132473
 20
64.16256326982239
 10
62.66166005200755
 20
65.63852798141808
 10
60.430740646906855
 20
65.95928576752374
 10
58.38055706421886
 20
65.02299829741703
 10
57.16202810554201
 20
63.12693022736572
 10
57.16202810554201
 20
60.87306977263428
 10
58.38055706421886
 20
58.97700170258297
 10
60.430740646906855
 20
58.04071423247627
 10
62.66166005200755
 20
58.36147201858193
 10
64.36501413132473
 20
59.83743673017761
 10
65.0
 20
62.0
  0
LWPOLYLINE
  5
F3
330
17
100
AcDbEntity
  8
XY_AFT
100
AcDbPolyline
 90
2
 70
0
 10
16.0
 20
74.0
 10
28.51000400320318
 20
74.0
  0
LWPOLYLINE
  5
F4
330
17
100
AcDbEntity
  8
XY_AFT
100
AcDbPolyline
 90
12
 70
0
 10
28.510004003203193
 20
74.0
 10
28.70010734188314
 20
74.0
 10
29.128028131349794
 20
74.0
 10
29.785492557016454
 20
74.0
 10
30.659788596263
 20
74.0
 10
31.73401180438688
 20
74.0
 10
32.98739216070312
 20
74.0
 10
34.39569565524998
 20
74.0
 10
35.93169285145299
 20
74.0
 10
37.56568536512536
 20
74.0
 10
39.26608008037519
 20
74.0
 10
41.0
 20
74.0
  0
LWPOLYLINE
  5
F5
330
17
100
AcDbEntity
  8
XY_AFT
100
AcDbPolyline
 90
12
 70
0
 10
41.0
 20
74.0
 10
42.733919919624796
 20
74.0
 10
44.43431463487464
 20
74.0
 10
46.06830714854702
 20
74.0
 10
47.60430434475002
 20
74.0
 10
49.01260783929688
 20
74.0
 10
50.26598819561312
 20
74.0
 10
51.340211403737
 20
74.0
 10
52.214507442983546
 20
74.0
 10
52.871971868650206
 20
74.0
 10
53.29989265811686
 20
74.0
 10
53.48999599679681
 20
74.0
  0
LWPOLYLINE
  5
F6
330
17
100
AcDbEntity
  8
XY_AFT
100
AcDbPolyline
 90
2
 70
0
 10
53.48999599679682
 20
74.0
 10
66.0
 20
74.0
  0
LWPOLYLINE
  5
F7
330
17
100
AcDbEntity
  8
XY_AFT
100
AcDbPolyline
 90
2
 70
0
 10
28.510004003203207
 20
50.0
 10
28.510004003203207
 20
74.0
  0
LWPOLYLINE
  5
F8
330
17
100
AcDbEntity
  8
XY_AFT
100
AcDbPolyline
 90
12
 70
0
 10
25.0
 20
62.0
 10
24.365014131324727
 20
64.16256326982239
 10
22.661660052007548
 20
65.63852798141808
 10
20.430740646906855
 20
65.95928576752374
 10
18.380557064218863
 20
65.02299829741703
 10
17.162028105542007
 20
63.12693022736572
 10
17.162028105542007
 20
60.87306977263428
 10
18.380557064218863
 20
58.97700170258297
 10
20.430740646906855
 20
58.04071423247627
 10
22.661660052007548
 20
58.36147201858193
 10
24.365014131324727
 20
59.83743673017761
 10
25.0
 20
62.0
  0
LWPOLYLINE
  5
F9
330
17
100
AcDbEntity
  8
XY_AFT
100
AcDbPolyline
 90
2
 70
0
 10
41.0
 20
50.0
 10
41.0
 20
74.0
  0
LWPOLYLINE
  5
FA
330
17
100
AcDbEntity
  8
XY_AFT
100
AcDbPolyline
 90
2
 70
0
 10
53.48999599679679
 20
50.0
 10
53.48999599679679
 20
74.0
  0
LWPOLYLINE
  5
FB
330
17
100
AcDbEntity
  8
XY_AFT
100
AcDbPolyline
 90
2
 70
0
 10
66.0
 20
50.0
 10
66.0
 20
74.0
  0
LWPOLYLINE
  5
FC
330
17
100
AcDbEntity
  8
XY_AFT
100
AcDbPolyline
 90
12
 70
0
 10
65.0
 20
62.0
 10
64.36501413132473
 20
64.16256326982239
 10
62.66166005200755
 20
65.63852798141808
 10
60.430740646906855
 20
65.95928576752374
 10
58.38055706421886
 20
65.02299829741703
 10
57.16202810554201
 20
63.12693022736572
 10
57.16202810554201
 20
60.87306977263428
 10
58.38055706421886
 20
58.97700170258297
 10
60.430740646906855
 20
58.04071423247627
 10
62.66166005200755
 20
58.36147201858193
 10
64.36501413132473
 20
59.83743673017761
 10
65.0
 20
62.0
  0
LWPOLYLINE
  5
FD
330
17
100
AcDbEntity
  8
XY_AFT
100
AcDbPolyline
 90
12
 70
0
 10
25.0
 20
62.0
 10
24.365014131324727
 20
64.16256326982239
 10
22.661660052007548
 20
65.63852798141808
 10
20.430740646906855
 20
65.95928576752374
 10
18.380557064218863
 20
65.02299829741703
 10
17.162028105542007
 20
63.12693022736572
 10
17.162028105542007
 20
60.87306977263428
 10
18.380557064218863
 20
58.97700170258297
 10
20.430740646906855
 20
58.04071423247627
 10
22.661660052007548
 20
58.36147201858193
 10
24.365014131324727
 20
59.83743673017761
 10
25.0
 20
62.0
  0
LWPOLYLINE
  5
FE
330
17
100
AcDbEntity
  8
XY_AFT
100
AcDbPolyline
 90
12
 70
0
 10
25.0
 20
62.0
 10
24.365014131324727
 20
64.16256326982239
 10
22.661660052007548
 20
65.63852798141808
 10
20.430740646906855
 20
65.95928576752374
 10
18.380557064218863
 20
65.02299829741703
 10
17.162028105542007
 20
63.12693022736572
 10
17.162028105542007
 20
60.87306977263428
 10
18.380557064218863
 20
58.97700170258297
 10
20.430740646906855
 20
58.04071423247627
 10
22.661660052007548
 20
58.36147201858193
 10
24.365014131324727
 20
59.83743673017761
 10
25.0
 20
62.0
  0
LWPOLYLINE
  5
FF
330
17
100
AcDbEntity
  8
XY_AFT
100
AcDbPolyline
 90
12
 70
0
 10
23.700000000000003
 20
62.0
 10
23.271384538644185
 20
63.459730207130114
 10
22.121620535105095
 20
64.4560063874572
 10
20.615749936662127
 20
64.67251789307852
 10
19.231876018347734
 20
64.0405238507565
 10
18.409368971240852
 20
62.76067790347186
 10
18.409368971240852
 20
61.23932209652814
 10
19.231876018347734
 20
59.9594761492435
 10
20.615749936662127
 20
59.32748210692148
 10
22.121620535105095
 20
59.5439936125428
 10
23.271384538644185
 20
60.540269792869886
 10
23.700000000000003
 20
62.0
  0
LWPOLYLINE
  5
100
330
17
100
AcDbEntity
  8
XY_AFT
100
AcDbPolyline
 90
12
 70
0
 10
23.700000000000003
 20
62.0
 10
23.271384538644185
 20
63.459730207130114
 10
22.121620535105095
 20
64.4560063874572
 10
20.615749936662127
 20
64.67251789307852
 10
19.231876018347734
 20
64.0405238507565
 10
18.409368971240852
 20
62.76067790347186
 10
18.409368971240852
 20
61.23932209652814
 10
19.231876018347734
 20
59.9594761492435
 10
20.615749936662127
 20
59.32748210692148
 10
22.121620535105095
 20
59.5439936125428
 10
23.271384538644185
 20
60.540269792869886
 10
23.700000000000003
 20
62.0
  0
LWPOLYLINE
  5
101
330
17
100
AcDbEntity
  8
XY_AFT
100
AcDbPolyline
 90
12
 70
0
 10
23.01556443707463
 20
63.47901994577491
 10
22.73538777414059
 20
63.79956363415228
 10
22.4048856380425
 20
64.06792077798495
 10
22.033642443646443
 20
64.27630913952666
 10
21.63242407837845
 20
64.41868554903013
 10
21.212865696280204
 20
64.49092115398042
 10
20.787134303719796
 20
64.49092115398042
 10
20.36757592162155
 20
64.41868554903013
 10
19.966357556353543
 20
64.27630913952666
 10
19.595114361957485
 20
64.06792077798495
 10
19.264612225859395
 20
63.79956363415227
 10
18.984435562925356
 20
63.4790199457749
  0
LWPOLYLINE
  5
102
330
17
100
AcDbEntity
  8
XY_AFT
100
AcDbPolyline
 90
12
 70
0
 10
18.5
 20
62.0
 10
18.507381196503033
 20
62.19196743801016
 10
18.529114923590484
 20
62.38042994505675
 10
18.564007896960533
 20
62.5620876000736
 10
18.6101759954461
 20
62.73398993805307
 10
18.6651536676123
 20
62.89358414072496
 10
18.725978282624368
 20
63.03866509152387
 10
18.78922645502277
 20
63.1672533451963
 10
18.851017321482985
 20
63.277448013112135
 10
18.907056725271673
 20
63.367328946335824
 10
18.95287574162934
 20
63.435019951477145
 10
18.98443556292537
 20
63.4790199457749
  0
LWPOLYLINE
  5
103
330
17
100
AcDbEntity
  8
XY_AFT
100
AcDbPolyline
 90
12
 70
0
 10
18.984435562925384
 20
60.52098005422509
 10
18.95287574116037
 20
60.56498004860559
 10
18.907056724310124
 20
60.632671053804465
 10
18.8510173226898
 20
60.72255198684709
 10
18.78922645327131
 20
60.832746654835574
 10
18.725978285060506
 20
60.9613349086233
 10
18.665153667631984
 20
61.10641585933449
 10
18.610175995561164
 20
61.26601006186579
 10
18.564007896907455
 20
61.437912399987816
 10
18.529114923609185
 20
61.61957005494179
 10
18.507381196495373
 20
61.808032562006815
 10
18.5
 20
62.0
  0
LWPOLYLINE
  5
104
330
17
100
AcDbEntity
  8
XY_AFT
100
AcDbPolyline
 90
12
 70
0
 10
18.98443556292537
 20
60.52098005422509
 10
19.26461222585941
 20
60.20043636584772
 10
19.595114361957485
 20
59.93207922201505
 10
19.966357556353557
 20
59.72369086047334
 10
20.36757592162155
 20
59.58131445096987
 10
20.787134303719796
 20
59.509078846019584
 10
21.212865696280204
 20
59.509078846019584
 10
21.63242407837845
 20
59.58131445096987
 10
22.033642443646443
 20
59.72369086047334
 10
22.4048856380425
 20
59.93207922201505
 10
22.73538777414059
 20
60.20043636584772
 10
23.01556443707463
 20
60.52098005422509
  0
LWPOLYLINE
  5
105
330
17
100
AcDbEntity
  8
XY_AFT
100
AcDbPolyline
 90
12
 70
0
 10
23.01556443707463
 20
60.5209800542251
 10
23.04712425883963
 20
60.564980048605584
 10
23.092943275689876
 20
60.63267105380447
 10
23.1489826773102
 20
60.72255198684709
 10
23.21077354672869
 20
60.83274665483558
 10
23.274021714939494
 20
60.96133490862331
 10
23.334846332368045
 20
61.10641585933449
 10
23.38982400443885
 20
61.266010061865785
 10
23.43599210309256
 20
61.437912399987816
 10
23.470885076390815
 20
61.61957005494179
 10
23.49261880350464
 20
61.808032562006815
 10
23.5
 20
62.0
  0
LWPOLYLINE
  5
106
330
17
100
AcDbEntity
  8
XY_AFT
100
AcDbPolyline
 90
12
 70
0
 10
23.5
 20
62.0
 10
23.10313383207796
 20
63.35160204363899
 10
22.03853753250472
 20
64.27407998838629
 10
20.644212904316788
 20
64.47455360470234
 10
19.362848165136782
 20
63.889373935885644
 10
18.601267565963752
 20
62.704331392103576
 10
18.601267565963752
 20
61.29566860789643
 10
19.362848165136782
 20
60.110626064114356
 10
20.644212904316788
 20
59.52544639529767
 10
22.03853753250472
 20
59.7259200116137
 10
23.10313383207796
 20
60.648397956361
 10
23.5
 20
62.0
  0
LWPOLYLINE
  5
107
330
17
100
AcDbEntity
  8
XY_AFT
100
AcDbPolyline
 90
12
 70
0
 10
23.5
 20
62.0
 10
23.492618803496967
 20
62.19196743801017
 10
23.470885076409502
 20
62.38042994505675
 10
23.435992103039467
 20
62.56208760007361
 10
23.389824004553887
 20
62.73398993805308
 10
23.3348463323877
 20
62.89358414072497
 10
23.274021717375632
 20
63.038665091523875
 10
23.210773544977215
 20
63.16725334519631
 10
23.148982678517015
 20
63.277448013112135
 10
23.092943274728313
 20
63.36732894633583
 10
23.04712425837066
 20
63.435019951477145
 10
23.0155644370746
 20
63.4790199457749
  0
LWPOLYLINE
  5
108
330
17
100
AcDbEntity
  8
XY_AFT
100
AcDbPolyline
 90
12
 70
0
 10
25.977120502366844
 20
62.47777765029404
 10
25.790439525621366
 20
62.70385668479262
 10
25.561629157619493
 20
62.887667785490706
 10
25.307467748538087
 20
63.03476450489014
 10
25.037909441250292
 20
63.1514869197175
 10
24.758855898385434
 20
63.24337320705913
 10
24.473892964118093
 20
63.31497483225836
 10
24.185254317564556
 20
63.37000938356864
 10
23.894354694043358
 20
63.411545117540186
 10
23.602095558017155
 20
63.44215366701565
 10
23.309047514550628
 20
63.46402007456062
 10
23.015564434627166
 20
63.47901988650797
  0
LWPOLYLINE
  5
109
330
17
100
AcDbEntity
  8
XY_AFT
100
AcDbPolyline
 90
12
 70
0
 10
18.98443556293533
 20
63.479019945533494
 10
18.69095248770367
 20
63.46402003627559
 10
18.397904439388924
 20
63.44215368427638
 10
18.105645306652576
 20
63.41154510526734
 10
17.81474568323037
 20
63.37000936806492
 10
17.52610702824208
 20
63.31497485409566
 10
17.241144113372854
 20
63.243373161610656
 10
16.962090555228812
 20
63.15148692162725
 10
16.692532238119327
 20
63.034764523102
 10
16.438370860859564
 20
62.88766774976448
 10
16.20956050834009
 20
62.70385664812291
 10
16.02287949888091
 20
62.477777649500325
  0
LWPOLYLINE
  5
10A
330
17
100
AcDbEntity
  8
XY_AFT
100
AcDbPolyline
 90
12
 70
0
 10
25.977120504430758
 20
62.47777765160688
 10
25.67257813474204
 20
63.77961051208702
 10
25.033943652616003
 20
64.95420016375313
 10
24.10687980291344
 20
65.91756274873148
 10
22.95767220162189
 20
66.60081726989857
 10
21.66848987493482
 20
66.95511062309507
 10
20.33151012506518
 20
66.95511062309507
 10
19.042327798378096
 20
66.60081726989856
 10
17.89312019708656
 20
65.91756274873148
 10
16.966056347383983
 20
64.95420016375313
 10
16.32742186525796
 20
63.77961051208701
 10
16.022879495569242
 20
62.47777765160687
  0
LWPOLYLINE
  5
10B
330
17
100
AcDbEntity
  8
XY_AFT
100
AcDbPolyline
 90
12
 70
0
 10
16.02287949763317
 20
61.522222349705956
 10
16.209560474378634
 20
61.296143315207374
 10
16.438370842380507
 20
61.11233221450929
 10
16.692532251461913
 20
60.965235495109866
 10
16.962090558749722
 20
60.848513080282494
 10
17.24114410161458
 20
60.75662679294092
 10
17.526107035881907
 20
60.685025167741614
 10
17.814745682435458
 20
60.62999061643137
 10
18.105645305956642
 20
60.588454882459814
 10
18.397904441982845
 20
60.55784633298433
 10
18.690952485449372
 20
60.535979925439385
 10
18.98443556537282
 20
60.520980113492016
  0
LWPOLYLINE
  5
10C
330
17
100
AcDbEntity
  8
XY_AFT
100
AcDbPolyline
 90
12
 70
0
 10
16.123372667444713
 20
60.89614047117625
 10
16.158112168114997
 20
60.75255371439888
 10
16.18878708622144
 20
60.639033322294814
 10
16.212765716147516
 20
60.55695186552885
 10
16.2272680712059
 20
60.509687976687914
 10
16.229555425401088
 20
60.50238237075452
 10
16.21749510714298
 20
60.54135440553427
 10
16.190571915274077
 20
60.63273943583368
 10
16.151063641373668
 20
60.78023945311126
 10
16.104556688911245
 20
60.98283000372517
 10
16.05904091972475
 20
61.23389075645902
 10
16.022879495569185
 20
61.522222348393115
  0
LWPOLYLINE
  5
10D
330
17
100
AcDbEntity
  8
XY_AFT
100
AcDbPolyline
 90
12
 70
0
 10
16.123372659014237
 20
63.103859515700414
 10
16.325562159297434
 20
62.956743475471285
 10
16.507357095158525
 20
62.78513789661894
 10
16.661121106292498
 20
62.588138099480204
 10
16.775953084463637
 20
62.36634414635185
 10
16.83856083710819
 20
62.12474458353908
 10
16.838560835535247
 20
61.87525541676198
 10
16.775953064248824
 20
61.63365586280018
 10
16.661121106277406
 20
61.41186190053066
 10
16.507357095162916
 20
61.21486210337947
 10
16.325562159319233
 20
61.04325652450615
 10
16.12337265901661
 20
60.89614048429582
  0
LWPOLYLINE
  5
10E
330
17
100
AcDbEntity
  8
XY_AFT
100
AcDbPolyline
 90
12
 70
0
 10
16.0228794955692
 20
62.47777765160688
 10
16.05904091972468
 20
62.766109243537265
 10
16.104556688910904
 20
63.0171699962699
 10
16.15106364139629
 20
63.21976054688663
 10
16.19057191533321
 20
63.36726056418751
 10
16.217495107142668
 20
63.45864559446271
 10
16.229555425400918
 20
63.49761762925011
 10
16.227268071206126
 20
63.49031202331063
 10
16.212765716147487
 20
63.44304813447059
 10
16.18878708622053
 20
63.36096667770106
 10
16.15811216811582
 20
63.247446285590556
 10
16.12337266744477
 20
63.10385952882375
  0
LWPOLYLINE
  5
10F
330
17
100
AcDbEntity
  8
XY_AFT
100
AcDbPolyline
 90
12
 70
0
 10
18.5
 20
62.0
 10
16.2164230181847
 20
62.0
 10
14.25782790765642
 20
62.0
 10
12.757275745206186
 20
62.0
 10
11.816709543682038
 20
62.0
 10
11.500028549485336
 20
62.0
 10
11.828747119442767
 20
62.0
 10
12.78053309993848
 20
62.0
 10
14.290725006442699
 20
62.0
 10
16.256724930811856
 20
62.0
 10
18.544968735414102
 20
62.0
 10
21.0
 20
62.0
  0
LWPOLYLINE
  5
110
330
17
100
AcDbEntity
  8
XY_AFT
100
AcDbPolyline
 90
12
 70
0
 10
21.0
 20
62.0
 10
21.0
 20
62.810961226183395
 10
21.0
 20
63.364447993031774
 10
21.0
 20
63.4847321628214
 10
21.0
 20
63.13362436153139
 10
21.0
 20
62.42259883526214
 10
21.0
 20
61.57740116473786
 10
21.0
 20
60.86637563846861
 10
21.0
 20
60.5152678371786
 10
21.0
 20
60.635552006968226
 10
21.0
 20
61.189038773816605
 10
21.0
 20
62.0
  0
LWPOLYLINE
  5
111
330
17
100
AcDbEntity
  8
XY_AFT
100
AcDbPolyline
 90
12
 70
0
 10
16.022879495569242
 20
61.522222348393115
 10
16.32742186525796
 20
60.22038948791298
 10
16.966056347383997
 20
59.04579983624687
 10
17.89312019708656
 20
58.08243725126852
 10
19.042327798378096
 20
57.39918273010144
 10
20.331510125065165
 20
57.04488937690493
 10
21.668489874934806
 20
57.044889376904926
 10
22.95767220162189
 20
57.39918273010143
 10
24.106879802913426
 20
58.0824372512685
 10
25.03394365261599
 20
59.04579983624684
 10
25.672578134742025
 20
60.22038948791295
 10
25.977120504430744
 20
61.52222234839309
  0
LWPOLYLINE
  5
112
330
17
100
AcDbEntity
  8
XY_AFT
100
AcDbPolyline
 90
12
 70
0
 10
23.015564437064654
 20
60.520980054466506
 10
23.309047512296303
 20
60.53597996372441
 10
23.602095560611062
 20
60.55784631572362
 10
23.89435469334741
 20
60.58845489473266
 10
24.185254316769615
 20
60.62999063193507
 10
24.47389297175789
 20
60.68502514590433
 10
24.758855886627117
 20
60.75662683838934
 10
25.03790944477116
 20
60.84851307837274
 10
25.307467761880645
 20
60.96523547689798
 10
25.561629139140408
 20
61.112332250235504
 10
25.790439491659882
 20
61.29614335187706
 10
25.977120501119018
 20
61.52222235049964
  0
LWPOLYLINE
  5
113
330
17
100
AcDbEntity
  8
XY_AFT
100
AcDbPolyline
 90
12
 70
0
 10
25.977120504430744
 20
62.477777651606885
 10
25.94095908027532
 20
62.766109243537265
 10
25.895443311089096
 20
63.0171699962699
 10
25.848936358603737
 20
63.21976054688664
 10
25.80942808466679
 20
63.367260564187504
 10
25.782504892857332
 20
63.4586455944627
 10
25.77044457459907
 20
63.49761762925011
 10
25.772731928793874
 20
63.49031202331063
 10
25.787234283852513
 20
63.44304813447059
 10
25.81121291377947
 20
63.36096667770106
 10
25.841887831884193
 20
63.24744628559056
 10
25.87662733255523
 20
63.103859528823754
  0
LWPOLYLINE
  5
114
330
17
100
AcDbEntity
  8
XY_AFT
100
AcDbPolyline
 90
12
 70
0
 10
25.876627340985777
 20
63.10385951570042
 10
25.674437840702566
 20
62.9567434754713
 10
25.492642904841475
 20
62.78513789661894
 10
25.338878893707502
 20
62.58813809948021
 10
25.224046915536377
 20
62.36634414635185
 10
25.16143916289181
 20
62.12474458353908
 10
25.161439164464753
 20
61.87525541676197
 10
25.22404693575119
 20
61.63365586280018
 10
25.338878893722608
 20
61.41186190053066
 10
25.492642904837084
 20
61.21486210337946
 10
25.67443784068078
 20
61.04325652450615
 10
25.87662734098339
 20
60.89614048429582
  0
LWPOLYLINE
  5
115
330
17
100
AcDbEntity
  8
XY_AFT
100
AcDbPolyline
 90
12
 70
0
 10
25.8766273325553
 20
60.896140471176246
 10
25.841887831885003
 20
60.75255371439887
 10
25.81121291377856
 20
60.639033322294814
 10
25.787234283852484
 20
60.556951865528845
 10
25.7727319287941
 20
60.509687976687914
 10
25.770444574598912
 20
60.50238237075452
 10
25.78250489285702
 20
60.541354405534264
 10
25.809428084725923
 20
60.63273943583367
 10
25.848936358626304
 20
60.780239453111236
 10
25.895443311088755
 20
60.982830003725155
 10
25.940959080275263
 20
61.233890756459
 10
25.9771205044308
 20
61.522222348393086
  0
LWPOLYLINE
  5
116
330
17
100
AcDbEntity
  8
XY_AFT
100
AcDbPolyline
 90
12
 70
0
 10
21.0
 20
62.0
 10
23.455031264585926
 20
62.0
 10
25.743275069188186
 20
62.0
 10
27.709274993557344
 20
62.0
 10
29.21946690006159
 20
62.0
 10
30.17125288055726
 20
62.0
 10
30.49997145051468
 20
62.0
 10
30.183290456317906
 20
62.0
 10
29.242724254793714
 20
62.0
 10
27.742172092343424
 20
62.0
 10
25.783576981815088
 20
62.0
 10
23.49999999999973
 20
62.0
  0
LWPOLYLINE
  5
117
330
17
100
AcDbEntity
  8
XY_AFT
100
AcDbPolyline
 90
12
 70
0
 10
25.87662733255526
 20
63.103859528823754
 10
25.46296710423273
 20
64.25431245095628
 10
24.782482726659936
 20
65.26998844378986
 10
23.875857821491124
 20
66.09016402978759
 10
22.797296108664398
 20
66.66580397121223
 10
21.611280768252016
 20
66.96249290401157
 10
20.388719231747984
 20
66.96249290401157
 10
19.202703891335602
 20
66.66580397121223
 10
18.124142178508876
 20
66.0901640297876
 10
17.217517273340064
 20
65.26998844378986
 10
16.53703289576727
 20
64.25431245095628
 10
16.12337266744474
 20
63.103859528823754
  0
LWPOLYLINE
  5
118
330
17
100
AcDbEntity
  8
XY_AFT
100
AcDbPolyline
 90
12
 70
0
 10
16.12337266744474
 20
60.89614047117625
 10
16.53703289576727
 20
59.74568754904373
 10
17.21751727334005
 20
58.73001155621015
 10
18.124142178508862
 20
57.909835970212406
 10
19.202703891335602
 20
57.33419602878777
 10
20.388719231747984
 20
57.037507095988424
 10
21.611280768252016
 20
57.037507095988424
 10
22.797296108664398
 20
57.334196028787765
 10
23.875857821491124
 20
57.909835970212406
 10
24.782482726659936
 20
58.730011556210144
 10
25.46296710423273
 20
59.745687549043716
 10
25.87662733255526
 20
60.896140471176246
  0
LWPOLYLINE
  5
119
330
17
100
AcDbEntity
  8
XY_AFT
100
AcDbPolyline
 90
12
 70
0
 10
65.0
 20
62.0
 10
64.36501413132473
 20
64.16256326982239
 10
62.66166005200755
 20
65.63852798141808
 10
60.430740646906855
 20
65.95928576752374
 10
58.38055706421886
 20
65.02299829741703
 10
57.16202810554201
 20
63.12693022736572
 10
57.16202810554201
 20
60.87306977263428
 10
58.38055706421886
 20
58.97700170258297
 10
60.430740646906855
 20
58.04071423247627
 10
62.66166005200755
 20
58.36147201858193
 10
64.36501413132473
 20
59.83743673017761
 10
65.0
 20
62.0
  0
LWPOLYLINE
  5
11A
330
17
100
AcDbEntity
  8
XY_AFT
100
AcDbPolyline
 90
12
 70
0
 10
65.0
 20
62.0
 10
64.36501413132473
 20
64.16256326982239
 10
62.66166005200755
 20
65.63852798141808
 10
60.430740646906855
 20
65.95928576752374
 10
58.38055706421886
 20
65.02299829741703
 10
57.16202810554201
 20
63.12693022736572
 10
57.16202810554201
 20
60.87306977263428
 10
58.38055706421886
 20
58.97700170258297
 10
60.430740646906855
 20
58.04071423247627
 10
62.66166005200755
 20
58.36147201858193
 10
64.36501413132473
 20
59.83743673017761
 10
65.0
 20
62.0
  0
LWPOLYLINE
  5
11B
330
17
100
AcDbEntity
  8
XY_AFT
100
AcDbPolyline
 90
12
 70
0
 10
63.7
 20
62.0
 10
63.271384538644185
 20
63.459730207130114
 10
62.121620535105095
 20
64.4560063874572
 10
60.61574993666213
 20
64.67251789307852
 10
59.231876018347734
 20
64.0405238507565
 10
58.40936897124085
 20
62.76067790347186
 10
58.40936897124085
 20
61.23932209652814
 10
59.231876018347734
 20
59.9594761492435
 10
60.61574993666213
 20
59.32748210692148
 10
62.121620535105095
 20
59.5439936125428
 10
63.271384538644185
 20
60.540269792869886
 10
63.7
 20
62.0
  0
LWPOLYLINE
  5
11C
330
17
100
AcDbEntity
  8
XY_AFT
100
AcDbPolyline
 90
12
 70
0
 10
63.7
 20
62.0
 10
63.271384538644185
 20
63.459730207130114
 10
62.121620535105095
 20
64.4560063874572
 10
60.61574993666213
 20
64.67251789307852
 10
59.231876018347734
 20
64.0405238507565
 10
58.40936897124085
 20
62.76067790347186
 10
58.40936897124085
 20
61.23932209652814
 10
59.231876018347734
 20
59.9594761492435
 10
60.61574993666213
 20
59.32748210692148
 10
62.121620535105095
 20
59.5439936125428
 10
63.271384538644185
 20
60.540269792869886
 10
63.7
 20
62.0
  0
LWPOLYLINE
  5
11D
330
17
100
AcDbEntity
  8
XY_AFT
100
AcDbPolyline
 90
12
 70
0
 10
63.01556443707463
 20
63.47901994577491
 10
62.73538777414059
 20
63.79956363415228
 10
62.4048856380425
 20
64.06792077798495
 10
62.03364244364644
 20
64.27630913952666
 10
61.63242407837845
 20
64.41868554903013
 10
61.212865696280204
 20
64.49092115398042
 10
60.787134303719796
 20
64.49092115398042
 10
60.36757592162155
 20
64.41868554903013
 10
59.96635755635354
 20
64.27630913952666
 10
59.595114361957485
 20
64.06792077798495
 10
59.26461222585941
 20
63.79956363415228
 10
58.984435562925356
 20
63.4790199457749
  0
LWPOLYLINE
  5
11E
330
17
100
AcDbEntity
  8
XY_AFT
100
AcDbPolyline
 90
12
 70
0
 10
58.5
 20
62.0
 10
58.50738119650303
 20
62.19196743801016
 10
58.529114923590484
 20
62.38042994505675
 10
58.56400789696052
 20
62.5620876000736
 10
58.6101759954461
 20
62.73398993805308
 10
58.66515366761229
 20
62.89358414072496
 10
58.72597828262437
 20
63.03866509152387
 10
58.78922645502277
 20
63.1672533451963
 10
58.851017321482985
 20
63.277448013112135
 10
58.90705672527167
 20
63.367328946335824
 10
58.95287574162934
 20
63.435019951477145
 10
58.98443556292537
 20
63.4790199457749
  0
LWPOLYLINE
  5
11F
330
17
100
AcDbEntity
  8
XY_AFT
100
AcDbPolyline
 90
12
 70
0
 10
58.98443556292537
 20
60.52098005422509
 10
58.95287574116037
 20
60.56498004860559
 10
58.907056724310124
 20
60.632671053804465
 10
58.8510173226898
 20
60.72255198684709
 10
58.78922645327131
 20
60.832746654835574
 10
58.725978285060506
 20
60.9613349086233
 10
58.66515366763197
 20
61.10641585933449
 10
58.610175995561164
 20
61.26601006186579
 10
58.564007896907455
 20
61.437912399987816
 10
58.529114923609185
 20
61.61957005494179
 10
58.50738119649537
 20
61.808032562006815
 10
58.5
 20
62.0
  0
LWPOLYLINE
  5
120
330
17
100
AcDbEntity
  8
XY_AFT
100
AcDbPolyline
 90
12
 70
0
 10
58.98443556292537
 20
60.52098005422509
 10
59.26461222585941
 20
60.20043636584772
 10
59.595114361957485
 20
59.93207922201505
 10
59.96635755635356
 20
59.72369086047334
 10
60.36757592162155
 20
59.58131445096987
 10
60.787134303719796
 20
59.509078846019584
 10
61.212865696280204
 20
59.509078846019584
 10
61.63242407837845
 20
59.58131445096987
 10
62.03364244364644
 20
59.72369086047334
 10
62.4048856380425
 20
59.93207922201505
 10
62.73538777414059
 20
60.20043636584772
 10
63.01556443707463
 20
60.52098005422509
  0
LWPOLYLINE
  5
121
330
17
100
AcDbEntity
  8
XY_AFT
100
AcDbPolyline
 90
12
 70
0
 10
63.01556443707463
 20
60.5209800542251
 10
63.04712425883963
 20
60.564980048605584
 10
63.092943275689876
 20
60.63267105380447
 10
63.1489826773102
 20
60.72255198684709
 10
63.21077354672869
 20
60.83274665483558
 10
63.274021714939494
 20
60.96133490862331
 10
63.334846332368045
 20
61.10641585933449
 10
63.38982400443885
 20
61.266010061865785
 10
63.43599210309256
 20
61.437912399987816
 10
63.470885076390815
 20
61.61957005494179
 10
63.49261880350464
 20
61.808032562006815
 10
63.5
 20
62.0
  0
LWPOLYLINE
  5
122
330
17
100
AcDbEntity
  8
XY_AFT
100
AcDbPolyline
 90
12
 70
0
 10
63.5
 20
62.0
 10
63.10313383207796
 20
63.35160204363899
 10
62.03853753250472
 20
64.27407998838629
 10
60.64421290431679
 20
64.47455360470234
 10
59.36284816513678
 20
63.889373935885644
 10
58.60126756596375
 20
62.704331392103576
 10
58.60126756596375
 20
61.29566860789643
 10
59.36284816513678
 20
60.110626064114356
 10
60.64421290431679
 20
59.52544639529767
 10
62.03853753250472
 20
59.7259200116137
 10
63.10313383207796
 20
60.648397956361
 10
63.5
 20
62.0
  0
LWPOLYLINE
  5
123
330
17
100
AcDbEntity
  8
XY_AFT
100
AcDbPolyline
 90
12
 70
0
 10
63.5
 20
62.0
 10
63.49261880349697
 20
62.19196743801017
 10
63.4708850764095
 20
62.38042994505675
 10
63.43599210303947
 20
62.56208760007361
 10
63.3898240045539
 20
62.73398993805308
 10
63.33484633238771
 20
62.89358414072497
 10
63.27402171737563
 20
63.038665091523875
 10
63.210773544977215
 20
63.16725334519631
 10
63.148982678517015
 20
63.277448013112135
 10
63.09294327472831
 20
63.36732894633583
 10
63.04712425837066
 20
63.435019951477145
 10
63.015564437074616
 20
63.4790199457749
  0
LWPOLYLINE
  5
124
330
17
100
AcDbEntity
  8
XY_AFT
100
AcDbPolyline
 90
12
 70
0
 10
65.97712050236682
 20
62.47777765029406
 10
65.79043952562135
 20
62.70385668479264
 10
65.56162915761948
 20
62.88766778549072
 10
65.30746774853807
 20
63.03476450489015
 10
65.03790944125026
 20
63.151486919717506
 10
64.75885589838542
 20
63.243373207059136
 10
64.47389296411808
 20
63.31497483225836
 10
64.18525431756454
 20
63.37000938356864
 10
63.894354694043344
 20
63.41154511754019
 10
63.602095558017155
 20
63.44215366701566
 10
63.30904751455063
 20
63.46402007456062
 10
63.01556443462715
 20
63.47901988650797
  0
LWPOLYLINE
  5
125
330
17
100
AcDbEntity
  8
XY_AFT
100
AcDbPolyline
 90
12
 70
0
 10
58.98443556293533
 20
63.479019945533494
 10
58.69095248770368
 20
63.46402003627559
 10
58.39790443938894
 20
63.44215368427638
 10
58.10564530665259
 20
63.41154510526734
 10
57.8147456832304
 20
63.37000936806493
 10
57.52610702824211
 20
63.31497485409567
 10
57.24114411337288
 20
63.24337316161066
 10
56.962090555228855
 20
63.15148692162726
 10
56.692532238119355
 20
63.03476452310202
 10
56.43837086085961
 20
62.88766774976451
 10
56.20956050834013
 20
62.70385664812295
 10
56.02287949888094
 20
62.477777649500375
  0
LWPOLYLINE
  5
126
330
17
100
AcDbEntity
  8
XY_AFT
100
AcDbPolyline
 90
12
 70
0
 10
65.97712050443074
 20
62.4777776516069
 10
65.67257813474203
 20
63.77961051208703
 10
65.033943652616
 20
64.95420016375314
 10
64.10687980291344
 20
65.91756274873148
 10
62.957672201621904
 20
66.60081726989856
 10
61.668489874934835
 20
66.95511062309507
 10
60.33151012506519
 20
66.95511062309507
 10
59.042327798378125
 20
66.60081726989857
 10
57.89312019708659
 20
65.9175627487315
 10
56.96605634738401
 20
64.95420016375316
 10
56.327421865257975
 20
63.77961051208706
 10
56.022879495569256
 20
62.47777765160693
  0
LWPOLYLINE
  5
127
330
17
100
AcDbEntity
  8
XY_AFT
100
AcDbPolyline
 90
12
 70
0
 10
56.02287949763317
 20
61.52222234970594
 10
56.20956047437865
 20
61.29614331520737
 10
56.43837084238052
 20
61.11233221450928
 10
56.69253225146193
 20
60.96523549510986
 10
56.96209055874972
 20
60.848513080282494
 10
57.241144101614594
 20
60.756626792940914
 10
57.52610703588191
 20
60.685025167741614
 10
57.81474568243546
 20
60.62999061643137
 10
58.10564530595664
 20
60.588454882459814
 10
58.397904441982845
 20
60.55784633298433
 10
58.69095248544937
 20
60.535979925439385
 10
58.98443556537282
 20
60.520980113492016
  0
LWPOLYLINE
  5
128
330
17
100
AcDbEntity
  8
XY_AFT
100
AcDbPolyline
 90
12
 70
0
 10
56.123372667444755
 20
60.89614047117626
 10
56.15811216811501
 20
60.752553714398886
 10
56.188787086221424
 20
60.639033322294814
 10
56.2127657161475
 20
60.55695186552885
 10
56.2272680712059
 20
60.509687976687914
 10
56.22955542540109
 20
60.50238237075452
 10
56.21749510714298
 20
60.54135440553427
 10
56.19057191527409
 20
60.63273943583367
 10
56.151063641373696
 20
60.78023945311125
 10
56.104556688911245
 20
60.98283000372516
 10
56.05904091972475
 20
61.23389075645901
 10
56.02287949556923
 20
61.5222223483931
  0
LWPOLYLINE
  5
129
330
17
100
AcDbEntity
  8
XY_AFT
100
AcDbPolyline
 90
12
 70
0
 10
56.12337265901422
 20
63.103859515700414
 10
56.325562159297434
 20
62.956743475471285
 10
56.507357095158525
 20
62.78513789661894
 10
56.6611211062925
 20
62.588138099480204
 10
56.77595308446364
 20
62.36634414635185
 10
56.83856083710819
 20
62.12474458353908
 10
56.83856083553525
 20
61.87525541676198
 10
56.775953064248824
 20
61.63365586280018
 10
56.661121106277406
 20
61.41186190053066
 10
56.50735709516292
 20
61.21486210337947
 10
56.32556215931923
 20
61.04325652450615
 10
56.123372659016624
 20
60.89614048429582
  0
LWPOLYLINE
  5
12A
330
17
100
AcDbEntity
  8
XY_AFT
100
AcDbPolyline
 90
12
 70
0
 10
56.022879495569185
 20
62.47777765160693
 10
56.059040919724694
 20
62.76610924353731
 10
56.10455668891092
 20
63.017169996269935
 10
56.15106364139629
 20
63.219760546886654
 10
56.19057191533321
 20
63.367260564187525
 10
56.21749510714267
 20
63.458645594462716
 10
56.22955542540092
 20
63.49761762925011
 10
56.227268071206126
 20
63.49031202331062
 10
56.21276571614749
 20
63.44304813447059
 10
56.18878708622053
 20
63.36096667770106
 10
56.15811216811581
 20
63.247446285590556
 10
56.1233726674448
 20
63.10385952882375
  0
LWPOLYLINE
  5
12B
330
17
100
AcDbEntity
  8
XY_AFT
100
AcDbPolyline
 90
12
 70
0
 10
58.5
 20
62.0
 10
56.2164230181847
 20
62.0
 10
54.25782790765642
 20
62.0
 10
52.75727574520619
 20
62.0
 10
51.81670954368205
 20
62.0
 10
51.50002854948532
 20
62.0
 10
51.82874711944278
 20
62.0
 10
52.78053309993847
 20
62.0
 10
54.2907250064427
 20
62.0
 10
56.256724930811856
 20
62.0
 10
58.5449687354141
 20
62.0
 10
61.0
 20
62.0
  0
LWPOLYLINE
  5
12C
330
17
100
AcDbEntity
  8
XY_AFT
100
AcDbPolyline
 90
12
 70
0
 10
61.0
 20
62.0
 10
61.0
 20
62.810961226183395
 10
61.0
 20
63.364447993031774
 10
61.0
 20
63.4847321628214
 10
61.0
 20
63.13362436153139
 10
61.0
 20
62.42259883526214
 10
61.0
 20
61.57740116473786
 10
61.0
 20
60.86637563846861
 10
61.0
 20
60.5152678371786
 10
61.0
 20
60.635552006968226
 10
61.0
 20
61.189038773816605
 10
61.0
 20
62.0
  0
LWPOLYLINE
  5
12D
330
17
100
AcDbEntity
  8
XY_AFT
100
AcDbPolyline
 90
12
 70
0
 10
56.022879495569256
 20
61.5222223483931
 10
56.32742186525796
 20
60.22038948791297
 10
56.966056347384
 20
59.04579983624686
 10
57.893120197086574
 20
58.082437251268516
 10
59.042327798378096
 20
57.39918273010144
 10
60.33151012506518
 20
57.04488937690493
 10
61.66848987493482
 20
57.044889376904926
 10
62.95767220162189
 20
57.39918273010143
 10
64.10687980291343
 20
58.0824372512685
 10
65.03394365261599
 20
59.04579983624685
 10
65.67257813474203
 20
60.22038948791296
 10
65.97712050443074
 20
61.52222234839309
  0
LWPOLYLINE
  5
12E
330
17
100
AcDbEntity
  8
XY_AFT
100
AcDbPolyline
 90
12
 70
0
 10
63.01556443706467
 20
60.520980054466506
 10
63.3090475122963
 20
60.53597996372441
 10
63.60209556061106
 20
60.55784631572362
 10
63.89435469334741
 20
60.58845489473266
 10
64.18525431676962
 20
60.62999063193507
 10
64.47389297175789
 20
60.68502514590433
 10
64.75885588662712
 20
60.75662683838934
 10
65.03790944477116
 20
60.84851307837274
 10
65.30746776188064
 20
60.96523547689798
 10
65.56162913914041
 20
61.112332250235504
 10
65.79043949165988
 20
61.29614335187706
 10
65.97712050111903
 20
61.52222235049964
  0
LWPOLYLINE
  5
12F
330
17
100
AcDbEntity
  8
XY_AFT
100
AcDbPolyline
 90
12
 70
0
 10
65.97712050443074
 20
62.4777776516069
 10
65.9409590802753
 20
62.76610924353728
 10
65.89544331108908
 20
63.01716999626991
 10
65.84893635860374
 20
63.21976054688665
 10
65.80942808466679
 20
63.36726056418751
 10
65.78250489285732
 20
63.4586455944627
 10
65.77044457459907
 20
63.49761762925011
 10
65.77273192879387
 20
63.49031202331063
 10
65.78723428385251
 20
63.44304813447059
 10
65.8112129137795
 20
63.360966677701064
 10
65.8418878318842
 20
63.24744628559056
 10
65.8766273325552
 20
63.103859528823754
  0
LWPOLYLINE
  5
130
330
17
100
AcDbEntity
  8
XY_AFT
100
AcDbPolyline
 90
12
 70
0
 10
65.87662734098585
 20
63.10385951570042
 10
65.67443784070257
 20
62.9567434754713
 10
65.49264290484147
 20
62.78513789661894
 10
65.3388788937075
 20
62.58813809948021
 10
65.22404691553638
 20
62.36634414635185
 10
65.16143916289181
 20
62.12474458353908
 10
65.16143916446475
 20
61.87525541676197
 10
65.22404693575119
 20
61.63365586280018
 10
65.3388788937226
 20
61.41186190053066
 10
65.49264290483708
 20
61.21486210337946
 10
65.67443784068078
 20
61.04325652450615
 10
65.8766273409834
 20
60.89614048429582
  0
LWPOLYLINE
  5
131
330
17
100
AcDbEntity
  8
XY_AFT
100
AcDbPolyline
 90
12
 70
0
 10
65.87662733255524
 20
60.89614047117625
 10
65.841887831885
 20
60.75255371439887
 10
65.81121291377856
 20
60.639033322294814
 10
65.78723428385248
 20
60.556951865528845
 10
65.7727319287941
 20
60.509687976687914
 10
65.77044457459891
 20
60.50238237075452
 10
65.78250489285702
 20
60.541354405534264
 10
65.80942808472592
 20
60.63273943583367
 10
65.8489363586263
 20
60.780239453111236
 10
65.89544331108877
 20
60.982830003725155
 10
65.94095908027528
 20
61.233890756459
 10
65.97712050443079
 20
61.52222234839309
  0
LWPOLYLINE
  5
132
330
17
100
AcDbEntity
  8
XY_AFT
100
AcDbPolyline
 90
12
 70
0
 10
61.0
 20
62.0
 10
63.45503126458593
 20
62.0
 10
65.74327506918819
 20
62.0
 10
67.70927499355734
 20
62.0
 10
69.21946690006159
 20
62.0
 10
70.17125288055726
 20
62.0
 10
70.49997145051468
 20
62.0
 10
70.1832904563179
 20
62.0
 10
69.24272425479371
 20
62.0
 10
67.74217209234342
 20
62.0
 10
65.78357698181509
 20
62.0
 10
63.49999999999973
 20
62.0
  0
LWPOLYLINE
  5
133
330
17
100
AcDbEntity
  8
XY_AFT
100
AcDbPolyline
 90
12
 70
0
 10
65.87662733255526
 20
63.103859528823754
 10
65.46296710423273
 20
64.25431245095628
 10
64.78248272665994
 20
65.26998844378986
 10
63.875857821491124
 20
66.0901640297876
 10
62.7972961086644
 20
66.66580397121223
 10
61.611280768252016
 20
66.96249290401157
 10
60.388719231747984
 20
66.96249290401157
 10
59.2027038913356
 20
66.66580397121223
 10
58.124142178508876
 20
66.0901640297876
 10
57.217517273340064
 20
65.26998844378986
 10
56.53703289576727
 20
64.25431245095628
 10
56.12337266744474
 20
63.103859528823754
  0
LWPOLYLINE
  5
134
330
17
100
AcDbEntity
  8
XY_AFT
100
AcDbPolyline
 90
12
 70
0
 10
56.12337266744474
 20
60.89614047117625
 10
56.53703289576727
 20
59.74568754904373
 10
57.21751727334005
 20
58.73001155621015
 10
58.12414217850886
 20
57.909835970212406
 10
59.2027038913356
 20
57.33419602878777
 10
60.388719231747984
 20
57.037507095988424
 10
61.611280768252016
 20
57.037507095988424
 10
62.7972961086644
 20
57.334196028787765
 10
63.875857821491124
 20
57.909835970212406
 10
64.78248272665994
 20
58.730011556210144
 10
65.46296710423273
 20
59.745687549043716
 10
65.87662733255526
 20
60.896140471176246
  0
LWPOLYLINE
  5
135
330
17
100
AcDbEntity
  8
XY_AFT
100
AcDbPolyline
 90
12
 70
0
 10
9.0
 20
202.0
 10
9.810961226183395
 20
202.0
 10
10.364447993031774
 20
202.0
 10
10.484732162821388
 20
202.0
 10
10.133624361531389
 20
202.0
 10
9.422598835262136
 20
202.0
 10
8.577401164737864
 20
202.0
 10
7.866375638468611
 20
202.0
 10
7.515267837178612
 20
202.0
 10
7.635552006968226
 20
202.0
 10
8.189038773816605
 20
202.0
 10
9.0
 20
202.0
  0
LWPOLYLINE
  5
136
330
17
100
AcDbEntity
  8
XY_AFT
100
AcDbPolyline
 90
2
 70
0
 10
9.0
 20
62.0
 10
9.0
 20
202.0
  0
LWPOLYLINE
  5
137
330
17
100
AcDbEntity
  8
XY_AFT
100
AcDbPolyline
 90
12
 70
0
 10
9.0
 20
62.0
 10
9.810961226183395
 20
62.0
 10
10.364447993031774
 20
62.0
 10
10.484732162821388
 20
62.0
 10
10.133624361531389
 20
62.0
 10
9.422598835262136
 20
62.0
 10
8.577401164737864
 20
62.0
 10
7.866375638468611
 20
62.0
 10
7.515267837178612
 20
62.0
 10
7.635552006968226
 20
62.0
 10
8.189038773816605
 20
62.0
 10
9.0
 20
62.0
  0
LWPOLYLINE
  5
138
330
17
100
AcDbEntity
  8
XY_AFT
100
AcDbPolyline
 90
21
 70
0
 10
144.8
 20
90.0
 10
144.8
 20
90.1541333133436
 10
144.8
 20
90.61558297024311
 10
144.8
 20
91.38150398011618
 10
144.8
 20
92.44717418524232
 10
144.8
 20
93.80602337443568
 10
144.8
 20
95.44967379058161
 10
144.8
 20
97.3679917822954
 10
144.8
 20
99.54915028125264
 10
144.8
 20
101.97970171999846
 10
144.8
 20
104.64466094067264
 10
144.8
 20
107.52759758349083
 10
144.8
 20
110.61073738537634
 10
144.8
 20
113.87507176420257
 10
144.8
 20
117.30047501302266
 10
144.8
 20
120.86582838174552
 10
144.8
 20
124.54915028125262
 10
144.8
 20
128.3277318072047
 10
144.8
 20
132.17827674798843
 10
144.8
 20
136.07704521360773
 10
144.8
 20
140.0
  0
LWPOLYLINE
  5
139
330
17
100
AcDbEntity
  8
XY_AFT
100
AcDbPolyline
 90
12
 70
0
 10
144.8
 20
90.0
 10
144.1967634247585
 20
92.05443510633127
 10
142.57857704940716
 20
93.45660158234716
 10
140.45920361456152
 20
93.76132147914754
 10
138.5115292110079
 20
92.87184838254618
 10
137.3539267002649
 20
91.07058371599743
 10
137.3539267002649
 20
88.92941628400257
 10
138.5115292110079
 20
87.12815161745382
 10
140.45920361456152
 20
86.23867852085246
 10
142.57857704940716
 20
86.54339841765284
 10
144.1967634247585
 20
87.94556489366873
 10
144.8
 20
90.0
  0
LWPOLYLINE
  5
13A
330
17
100
AcDbEntity
  8
XY_AFT
100
AcDbPolyline
 90
12
 70
0
 10
144.8
 20
140.0
 10
144.1967634247585
 20
140.0
 10
142.57857704940716
 20
140.0
 10
140.45920361456152
 20
140.0
 10
138.5115292110079
 20
140.0
 10
137.3539267002649
 20
140.0
 10
137.3539267002649
 20
140.0
 10
138.5115292110079
 20
140.0
 10
140.45920361456152
 20
140.0
 10
142.57857704940716
 20
140.0
 10
144.1967634247585
 20
140.0
 10
144.8
 20
140.0
  0
LWPOLYLINE
  5
13B
330
17
100
AcDbEntity
  8
XY_AFT
100
AcDbPolyline
 90
2
 70
0
 10
144.8
 20
140.0
 10
144.8
 20
362.0
  0
LWPOLYLINE
  5
13C
330
17
100
AcDbEntity
  8
XY_AFT
100
AcDbPolyline
 90
12
 70
0
 10
144.8
 20
362.0
 10
144.1967634247585
 20
362.0
 10
142.57857704940716
 20
362.0
 10
140.45920361456152
 20
362.0
 10
138.5115292110079
 20
362.0
 10
137.3539267002649
 20
362.0
 10
137.3539267002649
 20
362.0
 10
138.5115292110079
 20
362.0
 10
140.45920361456152
 20
362.0
 10
142.57857704940716
 20
362.0
 10
144.1967634247585
 20
362.0
 10
144.8
 20
362.0
  0
LWPOLYLINE
  5
13D
330
17
100
AcDbEntity
  8
XY_AFT
100
AcDbPolyline
 90
2
 70
0
 10
129.0
 20
167.0
 10
129.0
 20
197.0
  0
LWPOLYLINE
  5
13E
330
17
100
AcDbEntity
  8
XY_AFT
100
AcDbPolyline
 90
2
 70
0
 10
129.0
 20
167.0
 10
129.0
 20
197.0
  0
LWPOLYLINE
  5
13F
330
17
100
AcDbEntity
  8
XY_AFT
100
AcDbPolyline
 90
2
 70
0
 10
129.0
 20
167.0
 10
135.0
 20
167.0
  0
LWPOLYLINE
  5
140
330
17
100
AcDbEntity
  8
XY_AFT
100
AcDbPolyline
 90
2
 70
0
 10
129.0
 20
167.0
 10
153.0
 20
167.0
  0
LWPOLYLINE
  5
141
330
17
100
AcDbEntity
  8
XY_AFT
100
AcDbPolyline
 90
2
 70
0
 10
135.0
 20
167.0
 10
147.0
 20
167.0
  0
LWPOLYLINE
  5
142
330
17
100
AcDbEntity
  8
XY_AFT
100
AcDbPolyline
 90
2
 70
0
 10
147.0
 20
167.0
 10
153.0
 20
167.0
  0
LWPOLYLINE
  5
143
330
17
100
AcDbEntity
  8
XY_AFT
100
AcDbPolyline
 90
12
 70
0
 10
145.2
 20
167.0
 10
144.53326483789095
 20
167.0
 10
142.7447430546079
 20
167.0
 10
140.4022776792522
 20
167.0
 10
138.24958491742981
 20
167.0
 10
136.9701295108191
 20
167.0
 10
136.9701295108191
 20
167.0
 10
138.24958491742981
 20
167.0
 10
140.4022776792522
 20
167.0
 10
142.7447430546079
 20
167.0
 10
144.53326483789095
 20
167.0
 10
145.2
 20
167.0
  0
LWPOLYLINE
  5
144
330
17
100
AcDbEntity
  8
XY_AFT
100
AcDbPolyline
 90
2
 70
0
 10
129.0
 20
197.0
 10
153.0
 20
197.0
  0
LWPOLYLINE
  5
145
330
17
100
AcDbEntity
  8
XY_AFT
100
AcDbPolyline
 90
2
 70
0
 10
153.0
 20
167.0
 10
153.0
 20
197.0
  0
LWPOLYLINE
  5
146
330
17
100
AcDbEntity
  8
XY_AFT
100
AcDbPolyline
 90
2
 70
0
 10
129.0
 20
197.0
 10
153.0
 20
197.0
  0
LWPOLYLINE
  5
147
330
17
100
AcDbEntity
  8
XY_AFT
100
AcDbPolyline
 90
12
 70
0
 10
145.2
 20
197.0
 10
144.53326483789095
 20
197.0
 10
142.7447430546079
 20
197.0
 10
140.4022776792522
 20
197.0
 10
138.24958491742981
 20
197.0
 10
136.9701295108191
 20
197.0
 10
136.9701295108191
 20
197.0
 10
138.24958491742981
 20
197.0
 10
140.4022776792522
 20
197.0
 10
142.7447430546079
 20
197.0
 10
144.53326483789095
 20
197.0
 10
145.2
 20
197.0
  0
LWPOLYLINE
  5
148
330
17
100
AcDbEntity
  8
XY_AFT
100
AcDbPolyline
 90
2
 70
0
 10
153.0
 20
167.0
 10
153.0
 20
197.0
  0
LWPOLYLINE
  5
149
330
17
100
AcDbEntity
  8
XY_AFT
100
AcDbPolyline
 90
2
 70
0
 10
147.0
 20
167.0
 10
147.0
 20
173.0
  0
LWPOLYLINE
  5
14A
330
17
100
AcDbEntity
  8
XY_AFT
100
AcDbPolyline
 90
2
 70
0
 10
147.0
 20
173.0
 10
135.0
 20
173.0
  0
LWPOLYLINE
  5
14B
330
17
100
AcDbEntity
  8
XY_AFT
100
AcDbPolyline
 90
2
 70
0
 10
135.0
 20
167.0
 10
135.0
 20
173.0
  0
LWPOLYLINE
  5
14C
330
17
100
AcDbEntity
  8
XY_AFT
100
AcDbPolyline
 90
2
 70
0
 10
135.0
 20
119.43746599563738
 10
135.0
 20
113.0
  0
LWPOLYLINE
  5
14D
330
17
100
AcDbEntity
  8
XY_AFT
100
AcDbPolyline
 90
2
 70
0
 10
135.0
 20
119.43746599563738
 10
135.0
 20
118.28108030235383
  0
LWPOLYLINE
  5
14E
330
17
100
AcDbEntity
  8
XY_AFT
100
AcDbPolyline
 90
2
 70
0
 10
135.0
 20
123.0
 10
135.0
 20
118.28108030235383
  0
LWPOLYLINE
  5
14F
330
17
100
AcDbEntity
  8
XY_AFT
100
AcDbPolyline
 90
2
 70
0
 10
135.0
 20
123.0
 10
135.0
 20
167.0
  0
LWPOLYLINE
  5
150
330
17
100
AcDbEntity
  8
XY_AFT
100
AcDbPolyline
 90
2
 70
0
 10
135.0
 20
113.0
 10
135.0
 20
173.0
  0
LWPOLYLINE
  5
151
330
17
100
AcDbEntity
  8
XY_AFT
100
AcDbPolyline
 90
2
 70
0
 10
147.0
 20
123.0
 10
147.0
 20
167.0
  0
LWPOLYLINE
  5
152
330
17
100
AcDbEntity
  8
XY_AFT
100
AcDbPolyline
 90
2
 70
0
 10
147.0
 20
123.0
 10
135.0
 20
123.0
  0
LWPOLYLINE
  5
153
330
17
100
AcDbEntity
  8
XY_AFT
100
AcDbPolyline
 90
2
 70
0
 10
147.0
 20
113.0
 10
147.0
 20
173.0
  0
LWPOLYLINE
  5
154
330
17
100
AcDbEntity
  8
XY_AFT
100
AcDbPolyline
 90
2
 70
0
 10
147.0
 20
119.43746599563738
 10
147.0
 20
113.0
  0
LWPOLYLINE
  5
155
330
17
100
AcDbEntity
  8
XY_AFT
100
AcDbPolyline
 90
2
 70
0
 10
147.0
 20
119.43746599563738
 10
147.0
 20
118.28108030235383
  0
LWPOLYLINE
  5
156
330
17
100
AcDbEntity
  8
XY_AFT
100
AcDbPolyline
 90
2
 70
0
 10
147.0
 20
123.0
 10
147.0
 20
118.28108030235383
  0
LWPOLYLINE
  5
157
330
17
100
AcDbEntity
  8
XY_AFT
100
AcDbPolyline
 90
2
 70
0
 10
145.2
 20
167.0
 10
145.2
 20
197.0
  0
LWPOLYLINE
  5
158
330
17
100
AcDbEntity
  8
XY_AFT
100
AcDbPolyline
 90
2
 70
0
 10
135.0
 20
173.0
 10
147.0
 20
173.0
  0
LWPOLYLINE
  5
159
330
17
100
AcDbEntity
  8
XY_AFT
100
AcDbPolyline
 90
2
 70
0
 10
135.0
 20
113.0
 10
147.0
 20
113.0
  0
LWPOLYLINE
  5
15A
330
17
100
AcDbEntity
  8
XY_AFT
100
AcDbPolyline
 90
2
 70
0
 10
135.0
 20
113.0
 10
147.0
 20
113.0
  0
LWPOLYLINE
  5
15B
330
17
100
AcDbEntity
  8
XY_AFT
100
AcDbPolyline
 90
12
 70
0
 10
145.2
 20
113.0
 10
144.6239943865027
 20
113.0
 10
142.92451538457604
 20
113.0
 10
140.40724763762918
 20
113.0
 10
138.171725009239
 20
113.0
 10
136.97345035469735
 20
113.0
 10
136.92078076499033
 20
113.0
 10
138.0605534330488
 20
113.0
 10
140.28441868186613
 20
113.0
 10
142.82820359239398
 20
113.0
 10
144.6049920506296
 20
113.0
 10
145.2
 20
113.0
  0
LWPOLYLINE
  5
15C
330
17
100
AcDbEntity
  8
XY_AFT
100
AcDbPolyline
 90
12
 70
0
 10
147.0
 20
119.43746599563738
 10
145.9120237162165
 20
119.54072056388699
 10
144.82228833655935
 20
119.62336862655812
 10
143.73118411749323
 20
119.68538058569392
 10
142.63910180569204
 20
119.72673423354709
 10
141.5464324981047
 20
119.74741476053292
 10
140.4535675018953
 20
119.74741476053292
 10
139.36089819430796
 20
119.72673423354709
 10
138.26881588250677
 20
119.68538058569392
 10
137.17771166344065
 20
119.62336862655812
 10
136.0879762837835
 20
119.54072056388699
 10
135.0
 20
119.43746599563738
  0
LWPOLYLINE
  5
15D
330
17
100
AcDbEntity
  8
XY_AFT
100
AcDbPolyline
 90
12
 70
0
 10
147.0
 20
119.43746599563738
 10
145.9120237162165
 20
119.54072056388699
 10
144.82228833655935
 20
119.62336862655812
 10
143.73118411749323
 20
119.68538058569392
 10
142.63910180569204
 20
119.72673423354709
 10
141.5464324981047
 20
119.74741476053292
 10
140.4535675018953
 20
119.74741476053292
 10
139.36089819430796
 20
119.72673423354709
 10
138.26881588250677
 20
119.68538058569392
 10
137.17771166344065
 20
119.62336862655812
 10
136.0879762837835
 20
119.54072056388699
 10
135.0
 20
119.43746599563738
  0
LWPOLYLINE
  5
15E
330
17
100
AcDbEntity
  8
XY_AFT
100
AcDbPolyline
 90
12
 70
0
 10
147.0
 20
118.28108030235383
 10
145.9121446728275
 20
118.38644194053401
 10
144.82245772533605
 20
118.47077843396546
 10
143.73134547551652
 20
118.5340583356031
 10
142.6392147728206
 20
118.57625804989728
 10
141.54647284645662
 20
118.59736184159192
 10
140.45352715354338
 20
118.59736184159192
 10
139.3607852271794
 20
118.57625804989728
 10
138.2686545244835
 20
118.5340583356031
 10
137.17754227466395
 20
118.47077843396546
 10
136.0878553271725
 20
118.38644194053401
 10
135.0
 20
118.28108030235383
  0
LWPOLYLINE
  5
15F
330
17
100
AcDbEntity
  8
XY_AFT
100
AcDbPolyline
 90
12
 70
0
 10
147.0
 20
118.28108030235383
 10
145.9121446728275
 20
118.38644194053401
 10
144.82245772533605
 20
118.47077843396546
 10
143.73134547551652
 20
118.5340583356031
 10
142.6392147728206
 20
118.57625804989728
 10
141.54647284645662
 20
118.59736184159192
 10
140.45352715354338
 20
118.59736184159192
 10
139.3607852271794
 20
118.57625804989728
 10
138.2686545244835
 20
118.5340583356031
 10
137.17754227466395
 20
118.47077843396546
 10
136.0878553271725
 20
118.38644194053401
 10
135.0
 20
118.28108030235383
  0
LWPOLYLINE
  5
160
330
17
100
AcDbEntity
  8
XY_AFT
100
AcDbPolyline
 90
96
 70
0
 10
203.0
 20
62.0
 10
202.86444488756402
 20
66.09761622819336
 10
202.45837229827248
 20
70.17731462320828
 10
201.78355788423818
 20
74.22125570199178
 10
200.8429524371956
 20
78.21175633913683
 10
199.64066898543936
 20
82.13136709069038
 10
198.18196480859785
 20
85.96294849613204
 10
196.47321844888734
 20
89.689746024874
 10
194.5219018193696
 20
93.29546333956031
 10
192.33654753117725
 20
96.76433355580372
 10
189.92671158257642
 20
100.08118818675939
 10
187.30293157301753
 20
103.23152347105858
 10
184.4766806248943
 20
106.20156379406662
 10
181.46031721449845
 20
108.97832192514075
 10
178.26703113154755
 20
111.54965580748532
 10
174.91078580359047
 20
113.90432165227676
 10
171.4062572374915
 20
116.03202310489118
 10
167.76876984498656
 20
117.92345626824346
 10
164.01422943292968
 20
119.57035038636184
 10
160.15905365124675
 20
120.96550401029953
 10
156.22010020272955
 20
122.10281648823849
 10
152.21459312859082
 20
122.9773146420877
 10
148.16004749211436
 20
123.58517451392557
 10
144.07419278973978
 20
123.92373808719489
 10
139.9748954244858
 20
123.99152490953307
 10
135.8800805807154
 20
123.78823856641353
 10
131.8076538418658
 20
123.31476797729104
 10
127.77542289388771
 20
122.57318350858316
 10
123.80101965676566
 20
121.5667279204846
 10
119.90182318461814
 20
120.299802187202
 10
116.0948836715159
 20
118.77794625261356
 10
112.39684789532136
 20
117.00781480550393
 10
108.82388642556467
 20
114.99714818030341
 10
105.3916229136575
 20
112.75473851057492
 10
102.11506577464073
 20
110.29039128325098
 10
99.00854255920406
 20
107.61488246173417
 10
96.08563730295248
 20
104.73991136535108
 10
93.35913112687476
 20
101.67804951120564
 10
90.84094634875326
 20
98.44268564213334
 10
88.54209434990202
 20
95.04796718113563
 10
86.4726274251977
 20
91.5087383682986
 10
84.64159482695192
 20
87.840475350708
 10
83.05700319483344
 20
84.05921850919603
 10
81.72578154486982
 20
80.18150231783682
 10
80.65375097062363
 20
76.22428304289862
 10
79.84559918903122
 20
72.2048645974055
 10
79.3048600422093
 20
68.14082287552868
 10
79.03389804486258
 20
64.04992889767313
 10
79.03389804486258
 20
59.95007110232692
 10
79.3048600422093
 20
55.8591771244713
 10
79.84559918903122
 20
51.79513540259453
 10
80.65375097062363
 20
47.77571695710142
 10
81.72578154486982
 20
43.8184976821632
 10
83.05700319483341
 20
39.94078149080401
 10
84.64159482695192
 20
36.15952464929201
 10
86.47262742519769
 20
32.49126163170144
 10
88.54209434990199
 20
28.95203281886443
 10
90.84094634875323
 20
25.557314357866694
 10
93.35913112687474
 20
22.32195048879438
 10
96.08563730295248
 20
19.26008863464893
 10
99.00854255920403
 20
16.38511753826586
 10
102.1150657746407
 20
13.709608716749045
 10
105.39162291365749
 20
11.245261489425076
 10
108.82388642556461
 20
9.002851819696609
 10
112.39684789532137
 20
6.992185194496059
 10
116.09488367151587
 20
5.222053747386447
 10
119.90182318461811
 20
3.7001978127980095
 10
123.80101965676558
 20
2.433272079515426
 10
127.77542289388765
 20
1.4268164914168509
 10
131.80765384186583
 20
0.6852320227089521
 10
135.88008058071537
 20
0.21176143358646726
 10
139.97489542448577
 20
0.008475090466923518
 10
144.07419278973978
 20
0.07626191280510142
 10
148.1600474921143
 20
0.4148254860744274
 10
152.21459312859076
 20
1.0226853579122874
 10
156.22010020272953
 20
1.8971835117615115
 10
160.15905365124672
 20
3.034495989700474
 10
164.01422943292968
 20
4.429649613638162
 10
167.76876984498654
 20
6.07654373175653
 10
171.40625723749153
 20
7.967976895108819
 10
174.9107858035904
 20
10.095678347723187
 10
178.26703113154755
 20
12.450344192514656
 10
181.46031721449845
 20
15.021678074859253
 10
184.47668062489427
 20
17.79843620593335
 10
187.30293157301753
 20
20.76847652894139
 10
189.9267115825764
 20
23.91881181324058
 10
192.33654753117725
 20
27.235666444196283
 10
194.52190181936956
 20
30.704536660439643
 10
196.4732184488873
 20
34.31025397512596
 10
198.18196480859785
 20
38.03705150386793
 10
199.64066898543933
 20
41.86863290930961
 10
200.8429524371956
 20
45.78824366086312
 10
201.78355788423818
 20
49.77874429800823
 10
202.45837229827248
 20
53.822685376791746
 10
202.86444488756402
 20
57.902383771806605
 10
203.0
 20
61.999999999999986
  0
LWPOLYLINE
  5
161
330
17
100
AcDbEntity
  8
XY_AFT
100
AcDbPolyline
 90
22
 70
0
 10
197.6
 20
62.0
 10
197.4624046491545
 20
65.94421871035784
 10
197.05028758886442
 20
69.86926052469931
 10
196.36565254321107
 20
73.75604178558528
 10
195.41182822595084
 20
77.58566485940264
 10
194.19345215622087
 20
81.33951001716028
 10
192.71644811079761
 20
84.9993259641055
 10
190.98799732253732
 20
88.54731857800331
 10
189.01650356503114
 20
91.96623742463092
 10
186.81155229323505
 20
95.23945962984642
 10
184.38386403873346
 20
98.35107070044413
 10
181.74524228623036
 20
101.28594190084266
 10
178.9085160846934
 20
104.02980380939866
 10
175.8874776721774
 20
106.56931569671363
 10
172.69681541759718
 20
108.89213038861399
 10
169.35204240548796
 20
110.98695429843963
 10
165.86942101097702
 20
112.84360233676185
 10
162.2658838316841
 20
114.45304743155842
 10
158.5589513609827
 20
115.8074644180772
 10
154.76664680289633
 20
116.90026808499485
 10
150.90740844280253
 20
117.72614519188892
 10
147.0
 20
118.28108030235383
  0
LWPOLYLINE
  5
162
330
17
100
AcDbEntity
  8
XY_AFT
100
AcDbPolyline
 90
2
 70
0
 10
135.0
 20
123.0
 10
147.0
 20
123.0
  0
LWPOLYLINE
  5
163
330
17
100
AcDbEntity
  8
XY_AFT
100
AcDbPolyline
 90
67
 70
0
 10
135.0
 20
118.28108030235383
 10
131.08990139783714
 20
117.72566684836897
 10
127.22805265764077
 20
116.89893866368716
 10
123.43325618250807
 20
115.80492088694686
 10
119.72398791435106
 20
114.44894002485961
 10
116.11830737902511
 20
112.83759801874322
 10
112.63376975888609
 20
110.97874010127367
 10
109.28734042087308
 20
108.88141659995364
 10
106.09531231625952
 20
106.55583887326706
 10
103.07322665423254
 20
104.01332959405602
 10
100.2357972355218
 20
101.26626762217805
 10
97.59683881447923
 20
98.32802773484549
 10
95.16919983839708
 20
95.21291550808539
 10
92.96469989154016
 20
91.9360976663659
 10
90.99407214846207
 20
88.51352823950037
 10
89.26691111678666
 20
84.96187088635307
 10
87.79162592388163
 20
81.29841776353322
 10
86.57539937486087
 20
77.54100533408652
 10
85.62415298125178
 20
73.7079275260908
 10
84.94251813059455
 20
69.8178466639656
 10
84.53381353734153
 20
65.88970260614933
 10
84.40002908484317
 20
61.942620531530984
 10
84.54181613708944
 20
57.99581782360161
 10
84.95848436737683
 20
54.06851050568356
 10
85.64800511934129
 20
50.179819682782636
 10
86.60702128399325
 20
46.34867844557412
 10
87.83086364466533
 20
42.593739689784904
 10
89.31357361029389
 20
38.93328529977684
 10
91.04793222635078
 20
35.385137138494294
 10
93.02549532217894
 20
31.96657027714408
 10
95.23663462360733
 20
28.694228887071453
 10
97.67058463067819
 20
25.58404520333457
 10
100.31549503225044
 20
22.65116195452321
 10
103.15848840228495
 20
19.909858636493055
 10
106.18572289690286
 20
17.373481988970212
 10
109.38245964695963
 20
15.054381013518793
 10
112.73313451801778
 20
12.963846849252924
 10
116.22143388833517
 20
11.112057799024186
 10
119.83037407592502
 20
9.508029773738414
 10
123.54238402797682
 20
8.159572396076186
 10
127.33939087004251
 20
7.073250977337807
 10
131.20290789847058
 20
6.254354552537919
 10
135.1141245876738
 20
5.706870129379247
 10
139.05399817400772
 20
5.4334632764809
 10
143.0033463703592
 20
5.435465145372504
 10
146.94294076004113
 20
5.712865989440871
 10
150.85360041528116
 20
6.2643152113839164
 10
154.71628528449767
 20
7.087127938940647
 10
158.5121888936845
 20
8.177298096881891
 10
162.22282991056298
 20
9.52951791161707
 10
165.83014212569776
 20
11.137203753454038
 10
169.3165624124805
 20
12.99252819069222
 10
172.66511623772564
 20
15.086458099485569
 10
175.85950030654772
 20
17.40879864392754
 10
178.88416193914244
 20
19.9482429122298
 10
181.72437479300532
 20
22.692426967328117
 10
184.36631056191496
 20
25.62799004388755
 10
186.79710630259592
 20
28.74063959862233
 10
189.0049270612637
 20
32.015220897215954
 10
190.9790234951388
 20
35.43579079904004
 10
192.7097842083849
 20
38.98569538043199
 10
194.18878254765934
 20
42.64765101860222
 10
195.40881762944093
 20
46.403828541393914
 10
196.36394939938165
 20
50.235940033189735
 10
197.04952755298814
 20
54.12532787432885
 10
197.46221417682418
 20
58.05305558052364
 10
197.6
 20
61.999999999999936
  0
LWPOLYLINE
  5
164
330
17
100
AcDbEntity
  8
XY_AFT
100
AcDbPolyline
 90
12
 70
0
 10
145.2
 20
123.0
 10
144.56723689147773
 20
123.0
 10
142.80405987465738
 20
123.0
 10
140.40022705743618
 20
123.0
 10
138.2173724082113
 20
123.0
 10
136.96915553445197
 20
123.0
 10
136.95262303574225
 20
123.0
 10
138.1854819417692
 20
123.0
 10
140.36677836393073
 20
123.0
 10
142.77632472759834
 20
123.0
 10
144.56073910669252
 20
123.0
 10
145.2
 20
123.0
  0
LWPOLYLINE
  5
165
330
17
100
AcDbEntity
  8
XY_AFT
100
AcDbPolyline
 90
12
 70
0
 10
145.2
 20
113.0
 10
145.2
 20
113.8606476219015
 10
145.2
 20
114.73208789422794
 10
145.2
 20
115.61396100889802
 10
145.2
 20
116.50590285022483
 10
145.2
 20
117.40754514525528
 10
145.2
 20
118.31851561582585
 10
145.2
 20
119.2384381322722
 10
145.2
 20
120.16693286872894
 10
145.2
 20
121.10361645995548
 10
145.2
 20
122.04810215962348
 10
145.2
 20
122.99999999999999
  0
LWPOLYLINE
  5
166
330
17
100
AcDbEntity
  8
XY_AFT
100
AcDbPolyline
 90
90
 70
0
 10
197.6
 20
62.0
 10
197.45901082353322
 20
65.9925050817948
 10
197.0367456951181
 20
69.9651197041012
 10
196.33530831838385
 20
73.89805250069946
 10
195.3581932190579
 20
77.77170979822945
 10
194.1102683354148
 20
81.56679323088576
 10
192.59775076645226
 20
85.2643958839054
 10
190.82817579861697
 20
88.84609648686606
 10
188.81035936538632
 20
92.29405118752882
 10
186.55435412673143
 20
95.59108244901236
 10
184.0713993872708
 20
98.7207646274177
 10
181.3738651026199
 20
101.66750580355978
 10
178.4751902528949
 20
104.41662546112468
 10
175.3898158903893
 20
106.95442762426332
 10
172.13311319497802
 20
109.26826909025425
 10
168.7213068956725
 20
111.34662241730368
 10
165.1713944398369
 20
113.17913335368061
 10
161.50106131276002
 20
114.75667242207808
 10
157.7285929294577
 20
116.07138040220998
 10
153.8727835376546
 20
117.11670748505111
 10
149.9528425857876
 20
117.88744590365629
 10
145.98829902249986
 20
118.37975587799336
 10
141.99890400440108
 20
118.59118474453412
 10
138.00453249679876
 20
118.52067917530066
 10
134.02508425762082
 20
118.16859042549235
 10
130.08038469782247
 20
117.53667258355014
 10
126.19008611218626
 20
116.62807383237617
 10
122.37356977257784
 20
115.44732076524485
 10
118.64984937142454
 20
114.00029583454298
 10
115.03747629645606
 20
112.29420804568772
 10
111.55444720862407
 20
110.33755704222435
 10
108.21811438364239
 20
108.14009076102957
 10
105.04509926382252
 20
105.71275686858041
 10
102.05120965088383
 20
103.06764822023042
 10
99.25136095228078
 20
100.21794261421267
 10
96.65950187339314
 20
97.17783714051183
 10
94.28854492577747
 20
93.96247745167591
 10
92.15030209768403
 20
90.58788230793718
 10
90.2554260073255
 20
87.07086377255445
 10
88.61335683206889
 20
83.42894345495962
 10
87.23227527794673
 20
79.68026521898078
 10
86.11906182379113
 20
75.84350479102527
 10
85.27926244303438
 20
71.93777671855037
 10
84.71706097394822
 20
67.98253914234895
 10
84.43525827597203
 20
63.99749685707126
 10
84.43525827597203
 20
60.00250314292875
 10
84.71706097394822
 20
56.017460857651
 10
85.27926244303438
 20
52.062223281449654
 10
86.11906182379113
 20
48.15649520897472
 10
87.23227527794671
 20
44.319734781019235
 10
88.61335683206889
 20
40.57105654504039
 10
90.2554260073255
 20
36.92913622744556
 10
92.15030209768403
 20
33.41211769206283
 10
94.28854492577747
 20
30.037522548324084
 10
96.65950187339315
 20
26.822162859488145
 10
99.25136095228078
 20
23.78205738578732
 10
102.0512096508838
 20
20.93235177976959
 10
105.04509926382252
 20
18.28724313141958
 10
108.21811438364243
 20
15.859909238970403
 10
111.55444720862405
 20
13.662442957775653
 10
115.03747629645608
 20
11.705791954312275
 10
118.64984937142454
 20
9.999704165457018
 10
122.37356977257785
 20
8.55267923475514
 10
126.19008611218624
 20
7.37192616762384
 10
130.08038469782247
 20
6.463327416449857
 10
134.02508425762082
 20
5.831409574507646
 10
138.0045324967988
 20
5.479320824699343
 10
141.99890400440106
 20
5.408815255465875
 10
145.9882990224999
 20
5.620244122006639
 10
149.95284258578764
 20
6.112554096343715
 10
153.87278353765467
 20
6.883292514948906
 10
157.72859292945773
 20
7.928619597790025
 10
161.50106131276004
 20
9.243327577921924
 10
165.17139443983692
 20
10.820866646319402
 10
168.7213068956725
 20
12.653377582696308
 10
172.13311319497802
 20
14.731730909745743
 10
175.3898158903893
 20
17.04557237573669
 10
178.4751902528949
 20
19.58337453887529
 10
181.3738651026199
 20
22.332494196440194
 10
184.07139938727073
 20
25.279235372582257
 10
186.55435412673143
 20
28.40891755098759
 10
188.81035936538632
 20
31.705948812471185
 10
190.82817579861697
 20
35.153903513133955
 10
192.59775076645226
 20
38.735604116094585
 10
194.1102683354148
 20
42.43320676911422
 10
195.3581932190579
 20
46.228290201770534
 10
196.33530831838385
 20
50.10194749930054
 10
197.0367456951181
 20
54.03488029589876
 10
197.45901082353322
 20
58.007494918205175
 10
197.6
 20
61.999999999999986
  0
LWPOLYLINE
  5
167
330
17
100
AcDbEntity
  8
XY_AFT
100
AcDbPolyline
 90
96
 70
0
 10
203.0
 20
62.0
 10
202.86444488756402
 20
66.09761622819336
 10
202.45837229827248
 20
70.17731462320828
 10
201.78355788423818
 20
74.22125570199178
 10
200.8429524371956
 20
78.21175633913683
 10
199.64066898543936
 20
82.13136709069038
 10
198.18196480859785
 20
85.96294849613204
 10
196.47321844888734
 20
89.689746024874
 10
194.5219018193696
 20
93.29546333956031
 10
192.33654753117725
 20
96.76433355580372
 10
189.92671158257642
 20
100.08118818675939
 10
187.30293157301753
 20
103.23152347105858
 10
184.4766806248943
 20
106.20156379406662
 10
181.46031721449845
 20
108.97832192514075
 10
178.26703113154755
 20
111.54965580748532
 10
174.91078580359047
 20
113.90432165227676
 10
171.4062572374915
 20
116.03202310489118
 10
167.76876984498656
 20
117.92345626824346
 10
164.01422943292968
 20
119.57035038636184
 10
160.15905365124675
 20
120.96550401029953
 10
156.22010020272955
 20
122.10281648823849
 10
152.21459312859082
 20
122.9773146420877
 10
148.16004749211436
 20
123.58517451392557
 10
144.07419278973978
 20
123.92373808719489
 10
139.9748954244858
 20
123.99152490953307
 10
135.8800805807154
 20
123.78823856641353
 10
131.8076538418658
 20
123.31476797729104
 10
127.77542289388771
 20
122.57318350858316
 10
123.80101965676566
 20
121.5667279204846
 10
119.90182318461814
 20
120.299802187202
 10
116.0948836715159
 20
118.77794625261356
 10
112.39684789532136
 20
117.00781480550393
 10
108.82388642556467
 20
114.99714818030341
 10
105.3916229136575
 20
112.75473851057492
 10
102.11506577464073
 20
110.29039128325098
 10
99.00854255920406
 20
107.61488246173417
 10
96.08563730295248
 20
104.73991136535108
 10
93.35913112687476
 20
101.67804951120564
 10
90.84094634875326
 20
98.44268564213334
 10
88.54209434990202
 20
95.04796718113563
 10
86.4726274251977
 20
91.5087383682986
 10
84.64159482695192
 20
87.840475350708
 10
83.05700319483344
 20
84.05921850919603
 10
81.72578154486982
 20
80.18150231783682
 10
80.65375097062363
 20
76.22428304289862
 10
79.84559918903122
 20
72.2048645974055
 10
79.3048600422093
 20
68.14082287552868
 10
79.03389804486258
 20
64.04992889767313
 10
79.03389804486258
 20
59.95007110232692
 10
79.3048600422093
 20
55.8591771244713
 10
79.84559918903122
 20
51.79513540259453
 10
80.65375097062363
 20
47.77571695710142
 10
81.72578154486982
 20
43.8184976821632
 10
83.05700319483341
 20
39.94078149080401
 10
84.64159482695192
 20
36.15952464929201
 10
86.47262742519769
 20
32.49126163170144
 10
88.54209434990199
 20
28.95203281886443
 10
90.84094634875323
 20
25.557314357866694
 10
93.35913112687474
 20
22.32195048879438
 10
96.08563730295248
 20
19.26008863464893
 10
99.00854255920403
 20
16.38511753826586
 10
102.1150657746407
 20
13.709608716749045
 10
105.39162291365749
 20
11.245261489425076
 10
108.82388642556461
 20
9.002851819696609
 10
112.39684789532137
 20
6.992185194496059
 10
116.09488367151587
 20
5.222053747386447
 10
119.90182318461811
 20
3.7001978127980095
 10
123.80101965676558
 20
2.433272079515426
 10
127.77542289388765
 20
1.4268164914168509
 10
131.80765384186583
 20
0.6852320227089521
 10
135.88008058071537
 20
0.21176143358646726
 10
139.97489542448577
 20
0.008475090466923518
 10
144.07419278973978
 20
0.07626191280510142
 10
148.1600474921143
 20
0.4148254860744274
 10
152.21459312859076
 20
1.0226853579122874
 10
156.22010020272953
 20
1.8971835117615115
 10
160.15905365124672
 20
3.034495989700474
 10
164.01422943292968
 20
4.429649613638162
 10
167.76876984498654
 20
6.07654373175653
 10
171.40625723749153
 20
7.967976895108819
 10
174.9107858035904
 20
10.095678347723187
 10
178.26703113154755
 20
12.450344192514656
 10
181.46031721449845
 20
15.021678074859253
 10
184.47668062489427
 20
17.79843620593335
 10
187.30293157301753
 20
20.76847652894139
 10
189.9267115825764
 20
23.91881181324058
 10
192.33654753117725
 20
27.235666444196283
 10
194.52190181936956
 20
30.704536660439643
 10
196.4732184488873
 20
34.31025397512596
 10
198.18196480859785
 20
38.03705150386793
 10
199.64066898543933
 20
41.86863290930961
 10
200.8429524371956
 20
45.78824366086312
 10
201.78355788423818
 20
49.77874429800823
 10
202.45837229827248
 20
53.822685376791746
 10
202.86444488756402
 20
57.902383771806605
 10
203.0
 20
61.999999999999986
  0
LWPOLYLINE
  5
168
330
17
100
AcDbEntity
  8
XY_AFT
100
AcDbPolyline
 90
12
 70
0
 10
238.25
 20
62.0
 10
237.89282044887017
 20
60.78355816072491
 10
236.93468377925424
 20
59.95332801045233
 10
235.67979161388513
 20
59.772901755767904
 10
234.5265633486231
 20
60.29956345770292
 10
233.84114080936737
 20
61.36610174710678
 10
233.84114080936737
 20
62.63389825289322
 10
234.5265633486231
 20
63.70043654229708
 10
235.67979161388513
 20
64.2270982442321
 10
236.93468377925424
 20
64.04667198954766
 10
237.89282044887017
 20
63.21644183927509
 10
238.25
 20
62.0
  0
LWPOLYLINE
  5
169
330
17
100
AcDbEntity
  8
XY_AFT
100
AcDbPolyline
 90
12
 70
0
 10
238.25
 20
62.0
 10
237.89282044887017
 20
60.78355816072491
 10
236.93468377925424
 20
59.95332801045233
 10
235.67979161388513
 20
59.772901755767904
 10
234.5265633486231
 20
60.29956345770292
 10
233.84114080936737
 20
61.36610174710678
 10
233.84114080936737
 20
62.63389825289322
 10
234.5265633486231
 20
63.70043654229708
 10
235.67979161388513
 20
64.2270982442321
 10
236.93468377925424
 20
64.04667198954766
 10
237.89282044887017
 20
63.21644183927509
 10
238.25
 20
62.0
  0
LWPOLYLINE
  5
16A
330
17
100
AcDbEntity
  8
XY_AFT
100
AcDbPolyline
 90
21
 70
0
 10
238.25
 20
62.00000000000001
 10
238.25
 20
62.15413331334361
 10
238.25
 20
62.61558297024312
 10
238.25
 20
63.38150398011618
 10
238.25
 20
64.44717418524233
 10
238.25
 20
65.80602337443567
 10
238.25
 20
67.44967379058161
 10
238.25
 20
69.36799178229539
 10
238.25
 20
71.54915028125265
 10
238.25
 20
73.97970171999846
 10
238.25
 20
76.64466094067262
 10
238.25
 20
79.52759758349083
 10
238.25
 20
82.61073738537635
 10
238.25
 20
85.87507176420256
 10
238.25
 20
89.30047501302266
 10
238.25
 20
92.86582838174552
 10
238.25
 20
96.54915028125265
 10
238.25
 20
100.32773180720474
 10
238.25
 20
104.17827674798846
 10
238.25
 20
108.07704521360776
 10
238.25
 20
112.0
  0
LWPOLYLINE
  5
16B
330
17
100
AcDbEntity
  8
XY_AFT
100
AcDbPolyline
 90
12
 70
0
 10
238.25
 20
112.0
 10
237.89282044887017
 20
112.0
 10
236.93468377925424
 20
112.0
 10
235.67979161388513
 20
112.0
 10
234.5265633486231
 20
112.0
 10
233.84114080936737
 20
112.0
 10
233.84114080936737
 20
112.0
 10
234.5265633486231
 20
112.0
 10
235.67979161388513
 20
112.0
 10
236.93468377925424
 20
112.0
 10
237.89282044887017
 20
112.0
 10
238.25
 20
112.0
  0
LWPOLYLINE
  5
16C
330
17
100
AcDbEntity
  8
XY_AFT
100
AcDbPolyline
 90
2
 70
0
 10
238.25
 20
112.0
 10
238.25
 20
362.0
  0
LWPOLYLINE
  5
16D
330
17
100
AcDbEntity
  8
XY_AFT
100
AcDbPolyline
 90
12
 70
0
 10
238.25
 20
362.0
 10
237.89282044887017
 20
362.0
 10
236.93468377925424
 20
362.0
 10
235.67979161388513
 20
362.0
 10
234.5265633486231
 20
362.0
 10
233.84114080936737
 20
362.0
 10
233.84114080936737
 20
362.0
 10
234.5265633486231
 20
362.0
 10
235.67979161388513
 20
362.0
 10
236.93468377925424
 20
362.0
 10
237.89282044887017
 20
362.0
 10
238.25
 20
362.0
  0
DIMENSION
  5
16E
330
17
100
AcDbEntity
  8
DIMENSIONS
100
AcDbDimension
280
0
  2
*D1
  3
Standard
 10
0.0
 20
-25.0
 30
0.0
 11
123.5
 21
-25.0
 31
0.0
 70
32
 71
5
  1
<>
100
AcDbAlignedDimension
 13
0.0
 23
0.0
 33
0.0
 14
247.0
 24
0.0
 34
0.0
 50
0.0
100
AcDbRotatedDimension
1001
ACAD
1000
DSTYLE
1002
{
1070
140
1040
3.0
1070
41
1040
3.0
1070
271
1070
3
1002
}
  0
DIMENSION
  5
182
330
17
100
AcDbEntity
  8
DIMENSIONS
100
AcDbDimension
280
0
  2
*D2
  3
Standard
 10
-25.0
 20
0.0
 30
0.0
 11
-25.0
 21
181.0
 31
0.0
 70
32
 71
5
  1
<>
100
AcDbAlignedDimension
 13
0.0
 23
0.0
 33
0.0
 14
0.0
 24
362.0
 34
0.0
 50
90.0
100
AcDbRotatedDimension
1001
ACAD
1000
DSTYLE
1002
{
1070
140
1040
3.0
1070
41
1040
3.0
1070
271
1070
3
1002
}
  0
LWPOLYLINE
  5
192
330
17
100
AcDbEntity
  8
XZ_SIDE
100
AcDbPolyline
 90
89
 70
0
 10
197.0
 20
-821.702
 10
196.8573184181742
 20
-821.702
 10
196.43000074533222
 20
-821.702
 10
195.72022449438492
 20
-821.702
 10
194.73160652241185
 20
-821.702
 10
193.46918459998665
 20
-821.702
 10
191.93939173985302
 20
-821.702
 10
190.15002341576633
 20
-821.702
 10
188.11019783854616
 20
-821.702
 10
185.83030949176418
 20
-821.702
 10
183.32197616383849
 20
-821.702
 10
180.59797974644667
 20
-821.702
 10
177.67220110093598
 20
-821.702
 10
174.55954932463544
 20
-821.702
 10
171.27588577751348
 20
-821.702
 10
167.83794325632317
 20
-821.702
 10
164.26324072810564
 20
-821.702
 10
160.5699940575495
 20
-821.702
 10
156.77702318312006
 20
-821.702
 10
152.9036562149667
 20
-821.702
 10
148.96963094330397
 20
-821.702
 10
144.994994259157
 20
-821.702
 10
141.0
 20
-821.702
 10
137.005005740843
 20
-821.702
 10
133.03036905669606
 20
-821.702
 10
129.0963437850333
 20
-821.702
 10
125.22297681687994
 20
-821.702
 10
121.43000594245049
 20
-821.702
 10
117.73675927189436
 20
-821.702
 10
114.16205674367683
 20
-821.702
 10
110.72411422248653
 20
-821.702
 10
107.44045067536457
 20
-821.702
 10
104.32779889906404
 20
-821.702
 10
101.40202025355335
 20
-821.702
 10
98.67802383616154
 20
-821.702
 10
96.16969050823582
 20
-821.702
 10
93.88980216145384
 20
-821.702
 10
91.84997658423369
 20
-821.702
 10
90.06060826014696
 20
-821.702
 10
88.53081540001334
 20
-821.702
 10
87.26839347758815
 20
-821.702
 10
86.27977550561508
 20
-821.702
 10
85.56999925466778
 20
-821.702
 10
85.1426815818258
 20
-821.702
 10
85.0
 20
-821.702
 10
85.1426815818258
 20
-821.702
 10
85.56999925466776
 20
-821.702
 10
86.27977550561506
 20
-821.702
 10
87.26839347758813
 20
-821.702
 10
88.53081540001332
 20
-821.702
 10
90.06060826014698
 20
-821.702
 10
91.84997658423369
 20
-821.702
 10
93.88980216145384
 20
-821.702
 10
96.16969050823582
 20
-821.702
 10
98.67802383616153
 20
-821.702
 10
101.40202025355333
 20
-821.702
 10
104.32779889906402
 20
-821.702
 10
107.44045067536456
 20
-821.702
 10
110.72411422248649
 20
-821.702
 10
114.1620567436768
 20
-821.702
 10
117.73675927189436
 20
-821.702
 10
121.43000594245052
 20
-821.702
 10
125.22297681687994
 20
-821.702
 10
129.09634378503327
 20
-821.702
 10
133.03036905669603
 20
-821.702
 10
137.00500574084296
 20
-821.702
 10
141.0
 20
-821.702
 10
144.99499425915698
 20
-821.702
 10
148.96963094330394
 20
-821.702
 10
152.90365621496665
 20
-821.702
 10
156.77702318312004
 20
-821.702
 10
160.56999405754945
 20
-821.702
 10
164.26324072810567
 20
-821.702
 10
167.83794325632317
 20
-821.702
 10
171.27588577751348
 20
-821.702
 10
174.55954932463544
 20
-821.702
 10
177.67220110093598
 20
-821.702
 10
180.59797974644664
 20
-821.702
 10
183.32197616383849
 20
-821.702
 10
185.83030949176415
 20
-821.702
 10
188.11019783854613
 20
-821.702
 10
190.1500234157663
 20
-821.702
 10
191.93939173985302
 20
-821.702
 10
193.46918459998665
 20
-821.702
 10
194.73160652241185
 20
-821.702
 10
195.72022449438492
 20
-821.702
 10
196.43000074533222
 20
-821.702
 10
196.8573184181742
 20
-821.702
 10
197.0
 20
-821.702
  0
LWPOLYLINE
  5
193
330
17
100
AcDbEntity
  8
XZ_SIDE
100
AcDbPolyline
 90
2
 70
0
 10
196.99999999999997
 20
-521.702
 10
197.0
 20
-821.702
  0
LWPOLYLINE
  5
194
330
17
100
AcDbEntity
  8
XZ_SIDE
100
AcDbPolyline
 90
89
 70
0
 10
196.99999999999997
 20
-521.702
 10
196.85731841817415
 20
-521.702
 10
196.4300007453322
 20
-521.702
 10
195.7202244943849
 20
-521.702
 10
194.73160652241182
 20
-521.702
 10
193.46918459998662
 20
-521.702
 10
191.939391739853
 20
-521.702
 10
190.15002341576627
 20
-521.702
 10
188.11019783854613
 20
-521.702
 10
185.83030949176415
 20
-521.702
 10
183.32197616383843
 20
-521.702
 10
180.59797974644664
 20
-521.702
 10
177.67220110093592
 20
-521.702
 10
174.55954932463538
 20
-521.702
 10
171.27588577751345
 20
-521.702
 10
167.83794325632314
 20
-521.702
 10
164.26324072810561
 20
-521.702
 10
160.56999405754948
 20
-521.702
 10
156.77702318312004
 20
-521.702
 10
152.90365621496665
 20
-521.702
 10
148.96963094330394
 20
-521.702
 10
144.99499425915698
 20
-521.702
 10
140.99999999999997
 20
-521.702
 10
137.00500574084296
 20
-521.702
 10
133.03036905669603
 20
-521.702
 10
129.09634378503327
 20
-521.702
 10
125.2229768168799
 20
-521.702
 10
121.43000594245046
 20
-521.702
 10
117.73675927189433
 20
-521.702
 10
114.1620567436768
 20
-521.702
 10
110.72411422248649
 20
-521.702
 10
107.44045067536453
 20
-521.702
 10
104.32779889906399
 20
-521.702
 10
101.4020202535533
 20
-521.702
 10
98.67802383616151
 20
-521.702
 10
96.16969050823579
 20
-521.702
 10
93.88980216145382
 20
-521.702
 10
91.84997658423364
 20
-521.702
 10
90.06060826014692
 20
-521.702
 10
88.5308154000133
 20
-521.702
 10
87.26839347758812
 20
-521.702
 10
86.27977550561504
 20
-521.702
 10
85.56999925466774
 20
-521.702
 10
85.14268158182577
 20
-521.702
 10
84.99999999999997
 20
-521.702
 10
85.14268158182577
 20
-521.702
 10
85.56999925466772
 20
-521.702
 10
86.27977550561502
 20
-521.702
 10
87.26839347758809
 20
-521.702
 10
88.5308154000133
 20
-521.702
 10
90.06060826014694
 20
-521.702
 10
91.84997658423364
 20
-521.702
 10
93.88980216145382
 20
-521.702
 10
96.16969050823579
 20
-521.702
 10
98.67802383616149
 20
-521.702
 10
101.4020202535533
 20
-521.702
 10
104.32779889906399
 20
-521.702
 10
107.44045067536453
 20
-521.702
 10
110.72411422248646
 20
-521.702
 10
114.16205674367677
 20
-521.702
 10
117.73675927189433
 20
-521.702
 10
121.43000594245049
 20
-521.702
 10
125.2229768168799
 20
-521.702
 10
129.09634378503324
 20
-521.702
 10
133.030369056696
 20
-521.702
 10
137.00500574084293
 20
-521.702
 10
140.99999999999994
 20
-521.702
 10
144.99499425915695
 20
-521.702
 10
148.9696309433039
 20
-521.702
 10
152.90365621496662
 20
-521.702
 10
156.77702318312
 20
-521.702
 10
160.56999405754942
 20
-521.702
 10
164.26324072810564
 20
-521.702
 10
167.83794325632314
 20
-521.702
 10
171.27588577751345
 20
-521.702
 10
174.55954932463538
 20
-521.702
 10
177.67220110093595
 20
-521.702
 10
180.5979797464466
 20
-521.702
 10
183.32197616383843
 20
-521.702
 10
185.83030949176413
 20
-521.702
 10
188.11019783854607
 20
-521.702
 10
190.15002341576627
 20
-521.702
 10
191.93939173985297
 20
-521.702
 10
193.46918459998662
 20
-521.702
 10
194.73160652241182
 20
-521.702
 10
195.7202244943849
 20
-521.702
 10
196.4300007453322
 20
-521.702
 10
196.85731841817415
 20
-521.702
 10
196.99999999999997
 20
-521.702
  0
LWPOLYLINE
  5
195
330
17
100
AcDbEntity
  8
XZ_SIDE
100
AcDbPolyline
 90
83
 70
0
 10
192.965
 20
-821.702
 10
192.81252435851306
 20
-821.702
 10
192.3559922217458
 20
-821.702
 10
191.59808270180878
 20
-821.702
 10
190.54324351313446
 20
-821.702
 10
189.19766487152035
 20
-821.702
 10
187.56924316748126
 20
-821.702
 10
185.6675346270899
 20
-821.702
 10
183.50369923224247
 20
-821.702
 10
181.09043522944725
 20
-821.702
 10
178.4419046114649
 20
-821.702
 10
175.5736500091036
 20
-821.702
 10
172.50250348088133
 20
-821.702
 10
169.24648773581345
 20
-821.702
 10
165.82471036898974
 20
-821.702
 10
162.2572517306087
 20
-821.702
 10
158.56504708649783
 20
-821.702
 10
154.76976376164953
 20
-821.702
 10
150.89367398774198
 20
-821.702
 10
146.95952420082787
 20
-821.702
 10
142.99040155620267
 20
-821.702
 10
139.0095984437973
 20
-821.702
 10
135.0404757991721
 20
-821.702
 10
131.106326012258
 20
-821.702
 10
127.23023623835049
 20
-821.702
 10
123.43495291350214
 20
-821.702
 10
119.74274826939133
 20
-821.702
 10
116.17528963101026
 20
-821.702
 10
112.75351226418653
 20
-821.702
 10
109.49749651911866
 20
-821.702
 10
106.42634999089638
 20
-821.702
 10
103.55809538853511
 20
-821.702
 10
100.90956477055273
 20
-821.702
 10
98.49630076775753
 20
-821.702
 10
96.3324653729101
 20
-821.702
 10
94.43075683251875
 20
-821.702
 10
92.80233512847965
 20
-821.702
 10
91.45675648686553
 20
-821.702
 10
90.40191729819122
 20
-821.702
 10
89.64400777825418
 20
-821.702
 10
89.18747564148694
 20
-821.702
 10
89.035
 20
-821.702
 10
89.18747564148694
 20
-821.702
 10
89.64400777825419
 20
-821.702
 10
90.40191729819122
 20
-821.702
 10
91.45675648686554
 20
-821.702
 10
92.80233512847965
 20
-821.702
 10
94.43075683251874
 20
-821.702
 10
96.3324653729101
 20
-821.702
 10
98.49630076775753
 20
-821.702
 10
100.90956477055275
 20
-821.702
 10
103.55809538853512
 20
-821.702
 10
106.4263499908964
 20
-821.702
 10
109.49749651911867
 20
-821.702
 10
112.75351226418655
 20
-821.702
 10
116.17528963101029
 20
-821.702
 10
119.74274826939136
 20
-821.702
 10
123.43495291350214
 20
-821.702
 10
127.23023623835049
 20
-821.702
 10
131.10632601225797
 20
-821.702
 10
135.04047579917216
 20
-821.702
 10
139.00959844379736
 20
-821.702
 10
142.99040155620267
 20
-821.702
 10
146.95952420082787
 20
-821.702
 10
150.893673987742
 20
-821.702
 10
154.76976376164953
 20
-821.702
 10
158.56504708649783
 20
-821.702
 10
162.25725173060863
 20
-821.702
 10
165.82471036898974
 20
-821.702
 10
169.24648773581347
 20
-821.702
 10
172.50250348088133
 20
-821.702
 10
175.57365000910363
 20
-821.702
 10
178.4419046114649
 20
-821.702
 10
181.09043522944725
 20
-821.702
 10
183.50369923224252
 20
-821.702
 10
185.6675346270899
 20
-821.702
 10
187.56924316748126
 20
-821.702
 10
189.19766487152035
 20
-821.702
 10
190.54324351313448
 20
-821.702
 10
191.59808270180878
 20
-821.702
 10
192.3559922217458
 20
-821.702
 10
192.81252435851306
 20
-821.702
 10
192.965
 20
-821.702
  0
LWPOLYLINE
  5
196
330
17
100
AcDbEntity
  8
XZ_SIDE
100
AcDbPolyline
 90
83
 70
0
 10
192.96499999999997
 20
-521.702
 10
192.81252435851303
 20
-521.702
 10
192.35599222174577
 20
-521.702
 10
191.59808270180875
 20
-521.702
 10
190.54324351313443
 20
-521.702
 10
189.19766487152032
 20
-521.702
 10
187.5692431674812
 20
-521.702
 10
185.66753462708988
 20
-521.702
 10
183.50369923224244
 20
-521.702
 10
181.09043522944722
 20
-521.702
 10
178.44190461146485
 20
-521.702
 10
175.57365000910357
 20
-521.702
 10
172.5025034808813
 20
-521.702
 10
169.24648773581342
 20
-521.702
 10
165.8247103689897
 20
-521.702
 10
162.25725173060863
 20
-521.702
 10
158.5650470864978
 20
-521.702
 10
154.7697637616495
 20
-521.702
 10
150.89367398774195
 20
-521.702
 10
146.95952420082784
 20
-521.702
 10
142.99040155620264
 20
-521.702
 10
139.00959844379727
 20
-521.702
 10
135.04047579917207
 20
-521.702
 10
131.10632601225797
 20
-521.702
 10
127.23023623835044
 20
-521.702
 10
123.43495291350212
 20
-521.702
 10
119.74274826939129
 20
-521.702
 10
116.17528963101022
 20
-521.702
 10
112.7535122641865
 20
-521.702
 10
109.49749651911863
 20
-521.702
 10
106.42634999089634
 20
-521.702
 10
103.55809538853507
 20
-521.702
 10
100.90956477055269
 20
-521.702
 10
98.49630076775749
 20
-521.702
 10
96.33246537291006
 20
-521.702
 10
94.43075683251871
 20
-521.702
 10
92.80233512847961
 20
-521.702
 10
91.45675648686549
 20
-521.702
 10
90.40191729819118
 20
-521.702
 10
89.64400777825415
 20
-521.702
 10
89.1874756414869
 20
-521.702
 10
89.03499999999997
 20
-521.702
 10
89.1874756414869
 20
-521.702
 10
89.64400777825415
 20
-521.702
 10
90.4019172981912
 20
-521.702
 10
91.45675648686552
 20
-521.702
 10
92.80233512847963
 20
-521.702
 10
94.43075683251871
 20
-521.702
 10
96.33246537291005
 20
-521.702
 10
98.4963007677575
 20
-521.702
 10
100.9095647705527
 20
-521.702
 10
103.55809538853508
 20
-521.702
 10
106.42634999089637
 20
-521.702
 10
109.49749651911864
 20
-521.702
 10
112.75351226418653
 20
-521.702
 10
116.17528963101026
 20
-521.702
 10
119.74274826939133
 20
-521.702
 10
123.43495291350212
 20
-521.702
 10
127.23023623835044
 20
-521.702
 10
131.10632601225794
 20
-521.702
 10
135.0404757991721
 20
-521.702
 10
139.0095984437973
 20
-521.702
 10
142.99040155620264
 20
-521.702
 10
146.95952420082784
 20
-521.702
 10
150.89367398774198
 20
-521.702
 10
154.7697637616495
 20
-521.702
 10
158.5650470864978
 20
-521.702
 10
162.2572517306086
 20
-521.702
 10
165.8247103689897
 20
-521.702
 10
169.24648773581345
 20
-521.702
 10
172.5025034808813
 20
-521.702
 10
175.57365000910357
 20
-521.702
 10
178.44190461146488
 20
-521.702
 10
181.09043522944722
 20
-521.702
 10
183.50369923224247
 20
-521.702
 10
185.66753462708988
 20
-521.702
 10
187.56924316748123
 20
-521.702
 10
189.19766487152032
 20
-521.702
 10
190.54324351313443
 20
-521.702
 10
191.59808270180875
 20
-521.702
 10
192.35599222174577
 20
-521.702
 10
192.81252435851303
 20
-521.702
 10
192.96499999999997
 20
-521.702
  0
LWPOLYLINE
  5
197
330
17
100
AcDbEntity
  8
XZ_SIDE
100
AcDbPolyline
 90
2
 70
0
 10
192.965
 20
-802.602
 10
192.965
 20
-821.702
  0
LWPOLYLINE
  5
198
330
17
100
AcDbEntity
  8
XZ_SIDE
100
AcDbPolyline
 90
83
 70
0
 10
192.965
 20
-802.602
 10
192.81252435851306
 20
-802.602
 10
192.3559922217458
 20
-802.602
 10
191.59808270180878
 20
-802.602
 10
190.54324351313446
 20
-802.602
 10
189.19766487152035
 20
-802.602
 10
187.56924316748126
 20
-802.602
 10
185.6675346270899
 20
-802.602
 10
183.50369923224247
 20
-802.602
 10
181.09043522944725
 20
-802.602
 10
178.4419046114649
 20
-802.602
 10
175.5736500091036
 20
-802.602
 10
172.50250348088133
 20
-802.602
 10
169.24648773581345
 20
-802.602
 10
165.8247103689897
 20
-802.602
 10
162.25725173060866
 20
-802.602
 10
158.56504708649783
 20
-802.602
 10
154.76976376164953
 20
-802.602
 10
150.89367398774198
 20
-802.602
 10
146.95952420082787
 20
-802.602
 10
142.99040155620267
 20
-802.602
 10
139.0095984437973
 20
-802.602
 10
135.0404757991721
 20
-802.602
 10
131.106326012258
 20
-802.602
 10
127.23023623835049
 20
-802.602
 10
123.43495291350214
 20
-802.602
 10
119.74274826939131
 20
-802.602
 10
116.17528963101024
 20
-802.602
 10
112.75351226418653
 20
-802.602
 10
109.49749651911866
 20
-802.602
 10
106.42634999089638
 20
-802.602
 10
103.55809538853511
 20
-802.602
 10
100.90956477055273
 20
-802.602
 10
98.49630076775753
 20
-802.602
 10
96.3324653729101
 20
-802.602
 10
94.43075683251875
 20
-802.602
 10
92.80233512847965
 20
-802.602
 10
91.45675648686553
 20
-802.602
 10
90.40191729819122
 20
-802.602
 10
89.64400777825418
 20
-802.602
 10
89.18747564148694
 20
-802.602
 10
89.035
 20
-802.602
 10
89.18747564148694
 20
-802.602
 10
89.64400777825419
 20
-802.602
 10
90.40191729819122
 20
-802.602
 10
91.45675648686554
 20
-802.602
 10
92.80233512847965
 20
-802.602
 10
94.43075683251874
 20
-802.602
 10
96.3324653729101
 20
-802.602
 10
98.49630076775753
 20
-802.602
 10
100.90956477055275
 20
-802.602
 10
103.55809538853512
 20
-802.602
 10
106.4263499908964
 20
-802.602
 10
109.49749651911867
 20
-802.602
 10
112.75351226418655
 20
-802.602
 10
116.17528963101029
 20
-802.602
 10
119.74274826939136
 20
-802.602
 10
123.43495291350214
 20
-802.602
 10
127.23023623835049
 20
-802.602
 10
131.10632601225797
 20
-802.602
 10
135.04047579917216
 20
-802.602
 10
139.00959844379733
 20
-802.602
 10
142.99040155620267
 20
-802.602
 10
146.95952420082787
 20
-802.602
 10
150.893673987742
 20
-802.602
 10
154.76976376164953
 20
-802.602
 10
158.56504708649783
 20
-802.602
 10
162.25725173060863
 20
-802.602
 10
165.82471036898974
 20
-802.602
 10
169.24648773581347
 20
-802.602
 10
172.50250348088133
 20
-802.602
 10
175.57365000910363
 20
-802.602
 10
178.4419046114649
 20
-802.602
 10
181.09043522944725
 20
-802.602
 10
183.50369923224252
 20
-802.602
 10
185.6675346270899
 20
-802.602
 10
187.56924316748126
 20
-802.602
 10
189.19766487152035
 20
-802.602
 10
190.54324351313448
 20
-802.602
 10
191.59808270180878
 20
-802.602
 10
192.3559922217458
 20
-802.602
 10
192.81252435851306
 20
-802.602
 10
192.965
 20
-802.602
  0
LWPOLYLINE
  5
199
330
17
100
AcDbEntity
  8
XZ_SIDE
100
AcDbPolyline
 90
83
 70
0
 10
192.96499999999997
 20
-540.802
 10
192.81252435851303
 20
-540.802
 10
192.3559922217458
 20
-540.802
 10
191.59808270180875
 20
-540.802
 10
190.54324351313443
 20
-540.802
 10
189.19766487152032
 20
-540.802
 10
187.56924316748123
 20
-540.802
 10
185.66753462708988
 20
-540.802
 10
183.50369923224244
 20
-540.802
 10
181.09043522944722
 20
-540.802
 10
178.44190461146488
 20
-540.802
 10
175.57365000910357
 20
-540.802
 10
172.5025034808813
 20
-540.802
 10
169.24648773581342
 20
-540.802
 10
165.8247103689897
 20
-540.802
 10
162.25725173060863
 20
-540.802
 10
158.5650470864978
 20
-540.802
 10
154.7697637616495
 20
-540.802
 10
150.89367398774195
 20
-540.802
 10
146.95952420082784
 20
-540.802
 10
142.99040155620264
 20
-540.802
 10
139.00959844379727
 20
-540.802
 10
135.04047579917207
 20
-540.802
 10
131.10632601225797
 20
-540.802
 10
127.23023623835046
 20
-540.802
 10
123.43495291350212
 20
-540.802
 10
119.74274826939129
 20
-540.802
 10
116.17528963101022
 20
-540.802
 10
112.7535122641865
 20
-540.802
 10
109.49749651911863
 20
-540.802
 10
106.42634999089636
 20
-540.802
 10
103.55809538853508
 20
-540.802
 10
100.9095647705527
 20
-540.802
 10
98.4963007677575
 20
-540.802
 10
96.33246537291006
 20
-540.802
 10
94.43075683251872
 20
-540.802
 10
92.80233512847963
 20
-540.802
 10
91.4567564868655
 20
-540.802
 10
90.4019172981912
 20
-540.802
 10
89.64400777825415
 20
-540.802
 10
89.18747564148691
 20
-540.802
 10
89.03499999999997
 20
-540.802
 10
89.18747564148691
 20
-540.802
 10
89.64400777825416
 20
-540.802
 10
90.4019172981912
 20
-540.802
 10
91.45675648686552
 20
-540.802
 10
92.80233512847963
 20
-540.802
 10
94.43075683251871
 20
-540.802
 10
96.33246537291006
 20
-540.802
 10
98.4963007677575
 20
-540.802
 10
100.90956477055272
 20
-540.802
 10
103.5580953885351
 20
-540.802
 10
106.42634999089637
 20
-540.802
 10
109.49749651911864
 20
-540.802
 10
112.75351226418653
 20
-540.802
 10
116.17528963101026
 20
-540.802
 10
119.74274826939133
 20
-540.802
 10
123.43495291350212
 20
-540.802
 10
127.23023623835046
 20
-540.802
 10
131.10632601225794
 20
-540.802
 10
135.0404757991721
 20
-540.802
 10
139.0095984437973
 20
-540.802
 10
142.99040155620264
 20
-540.802
 10
146.95952420082784
 20
-540.802
 10
150.89367398774198
 20
-540.802
 10
154.7697637616495
 20
-540.802
 10
158.5650470864978
 20
-540.802
 10
162.2572517306086
 20
-540.802
 10
165.8247103689897
 20
-540.802
 10
169.24648773581345
 20
-540.802
 10
172.5025034808813
 20
-540.802
 10
175.5736500091036
 20
-540.802
 10
178.4419046114649
 20
-540.802
 10
181.09043522944722
 20
-540.802
 10
183.50369923224247
 20
-540.802
 10
185.66753462708988
 20
-540.802
 10
187.56924316748123
 20
-540.802
 10
189.19766487152032
 20
-540.802
 10
190.54324351313443
 20
-540.802
 10
191.59808270180875
 20
-540.802
 10
192.3559922217458
 20
-540.802
 10
192.81252435851303
 20
-540.802
 10
192.96499999999997
 20
-540.802
  0
LWPOLYLINE
  5
19A
330
17
100
AcDbEntity
  8
XZ_SIDE
100
AcDbPolyline
 90
2
 70
0
 10
192.96499999999997
 20
-521.702
 10
192.96499999999997
 20
-540.802
  0
LWPOLYLINE
  5
19B
330
17
100
AcDbEntity
  8
XZ_SIDE
100
AcDbPolyline
 90
82
 70
0
 10
192.5
 20
-802.602
 10
192.34513647014128
 20
-802.602
 10
191.88147724805566
 20
-802.602
 10
191.11181083486093
 20
-802.602
 10
190.0407660949284
 20
-802.602
 10
188.67478441734787
 20
-802.602
 10
187.02208097665573
 20
-802.602
 10
185.09259532580873
 20
-802.602
 10
182.89793161854283
 20
-802.602
 10
180.45128882062738
 20
-802.602
 10
177.7673813297318
 20
-802.602
 10
174.86235048130678
 20
-802.602
 10
171.75366747269348
 20
-802.602
 10
168.4600282892871
 20
-802.602
 10
165.00124126468074
 20
-802.602
 10
161.39810795101658
 20
-802.602
 10
157.67229801600354
 20
-802.602
 10
153.84621891898604
 20
-802.602
 10
149.94288114984693
 20
-802.602
 10
145.98575984121373
 20
-802.602
 10
141.99865358624896
 20
-802.602
 10
138.0055413111105
 20
-802.602
 10
134.03043806286826
 20
-802.602
 10
130.09725058018535
 20
-802.602
 10
126.22963351537886
 20
-802.602
 10
122.45084717255743
 20
-802.602
 10
118.78361761741546
 20
-802.602
 10
115.25
 20
-802.602
 10
111.87124591244327
 20
-802.602
 10
108.66767557938692
 20
-802.602
 10
105.65855564976022
 20
-802.602
 10
102.86198332488627
 20
-802.602
 10
100.2947775197839
 20
-802.602
 10
97.97237771223378
 20
-802.602
 10
95.90875108794233
 20
-802.602
 10
94.11630854024345
 20
-802.602
 10
92.60583002952572
 20
-802.602
 10
91.38639975128217
 20
-802.602
 10
90.46535150268969
 20
-802.602
 10
89.84822457628994
 20
-802.602
 10
89.53873044603216
 20
-802.602
 10
89.53873044603216
 20
-802.602
 10
89.84822457628994
 20
-802.602
 10
90.46535150268969
 20
-802.602
 10
91.38639975128216
 20
-802.602
 10
92.60583002952572
 20
-802.602
 10
94.11630854024344
 20
-802.602
 10
95.90875108794232
 20
-802.602
 10
97.97237771223377
 20
-802.602
 10
100.29477751978389
 20
-802.602
 10
102.86198332488624
 20
-802.602
 10
105.65855564976022
 20
-802.602
 10
108.66767557938691
 20
-802.602
 10
111.87124591244324
 20
-802.602
 10
115.24999999999997
 20
-802.602
 10
118.78361761741542
 20
-802.602
 10
122.45084717255739
 20
-802.602
 10
126.22963351537882
 20
-802.602
 10
130.09725058018532
 20
-802.602
 10
134.03043806286823
 20
-802.602
 10
138.00554131111048
 20
-802.602
 10
141.99865358624893
 20
-802.602
 10
145.9857598412137
 20
-802.602
 10
149.9428811498469
 20
-802.602
 10
153.846218918986
 20
-802.602
 10
157.67229801600348
 20
-802.602
 10
161.39810795101656
 20
-802.602
 10
165.00124126468074
 20
-802.602
 10
168.46002828928704
 20
-802.602
 10
171.75366747269342
 20
-802.602
 10
174.86235048130675
 20
-802.602
 10
177.7673813297318
 20
-802.602
 10
180.45128882062733
 20
-802.602
 10
182.89793161854283
 20
-802.602
 10
185.0925953258087
 20
-802.602
 10
187.02208097665573
 20
-802.602
 10
188.67478441734784
 20
-802.602
 10
190.0407660949284
 20
-802.602
 10
191.11181083486093
 20
-802.602
 10
191.88147724805566
 20
-802.602
 10
192.34513647014128
 20
-802.602
 10
192.5
 20
-802.602
  0
LWPOLYLINE
  5
19C
330
17
100
AcDbEntity
  8
XZ_SIDE
100
AcDbPolyline
 90
82
 70
0
 10
192.49999999999997
 20
-540.802
 10
192.34513647014126
 20
-540.802
 10
191.88147724805563
 20
-540.802
 10
191.1118108348609
 20
-540.802
 10
190.04076609492836
 20
-540.802
 10
188.67478441734784
 20
-540.802
 10
187.0220809766557
 20
-540.802
 10
185.0925953258087
 20
-540.802
 10
182.8979316185428
 20
-540.802
 10
180.45128882062735
 20
-540.802
 10
177.7673813297318
 20
-540.802
 10
174.86235048130675
 20
-540.802
 10
171.75366747269345
 20
-540.802
 10
168.46002828928707
 20
-540.802
 10
165.00124126468071
 20
-540.802
 10
161.39810795101656
 20
-540.802
 10
157.6722980160035
 20
-540.802
 10
153.846218918986
 20
-540.802
 10
149.9428811498469
 20
-540.802
 10
145.9857598412137
 20
-540.802
 10
141.99865358624893
 20
-540.802
 10
138.00554131111048
 20
-540.802
 10
134.03043806286823
 20
-540.802
 10
130.09725058018532
 20
-540.802
 10
126.22963351537884
 20
-540.802
 10
122.4508471725574
 20
-540.802
 10
118.78361761741543
 20
-540.802
 10
115.24999999999997
 20
-540.802
 10
111.87124591244324
 20
-540.802
 10
108.6676755793869
 20
-540.802
 10
105.65855564976019
 20
-540.802
 10
102.86198332488624
 20
-540.802
 10
100.29477751978388
 20
-540.802
 10
97.97237771223375
 20
-540.802
 10
95.9087510879423
 20
-540.802
 10
94.11630854024342
 20
-540.802
 10
92.60583002952569
 20
-540.802
 10
91.38639975128214
 20
-540.802
 10
90.46535150268966
 20
-540.802
 10
89.84822457628991
 20
-540.802
 10
89.53873044603213
 20
-540.802
 10
89.53873044603213
 20
-540.802
 10
89.84822457628991
 20
-540.802
 10
90.46535150268966
 20
-540.802
 10
91.38639975128213
 20
-540.802
 10
92.60583002952569
 20
-540.802
 10
94.11630854024341
 20
-540.802
 10
95.90875108794229
 20
-540.802
 10
97.97237771223374
 20
-540.802
 10
100.29477751978386
 20
-540.802
 10
102.86198332488621
 20
-540.802
 10
105.65855564976019
 20
-540.802
 10
108.66767557938688
 20
-540.802
 10
111.87124591244321
 20
-540.802
 10
115.24999999999994
 20
-540.802
 10
118.78361761741539
 20
-540.802
 10
122.45084717255736
 20
-540.802
 10
126.2296335153788
 20
-540.802
 10
130.0972505801853
 20
-540.802
 10
134.0304380628682
 20
-540.802
 10
138.00554131111045
 20
-540.802
 10
141.9986535862489
 20
-540.802
 10
145.98575984121368
 20
-540.802
 10
149.94288114984687
 20
-540.802
 10
153.84621891898598
 20
-540.802
 10
157.67229801600345
 20
-540.802
 10
161.39810795101653
 20
-540.802
 10
165.0012412646807
 20
-540.802
 10
168.460028289287
 20
-540.802
 10
171.7536674726934
 20
-540.802
 10
174.86235048130675
 20
-540.802
 10
177.76738132973176
 20
-540.802
 10
180.4512888206273
 20
-540.802
 10
182.8979316185428
 20
-540.802
 10
185.0925953258087
 20
-540.802
 10
187.0220809766557
 20
-540.802
 10
188.6747844173478
 20
-540.802
 10
190.04076609492836
 20
-540.802
 10
191.1118108348609
 20
-540.802
 10
191.88147724805563
 20
-540.802
 10
192.34513647014126
 20
-540.802
 10
192.49999999999997
 20
-540.802
  0
LWPOLYLINE
  5
19D
330
17
100
AcDbEntity
  8
XZ_SIDE
100
AcDbPolyline
 90
2
 70
0
 10
192.49999999999997
 20
-540.802
 10
192.5
 20
-802.602
  0
LWPOLYLINE
  5
19E
330
17
100
AcDbEntity
  8
XZ_SIDE
100
AcDbPolyline
 90
91
 70
0
 10
198.15
 20
-829.602
 10
198.01078547234894
 20
-829.602
 10
197.59382012858075
 20
-829.602
 10
196.901135381937
 20
-829.602
 10
195.93610592287493
 20
-829.602
 10
194.70343327791466
 20
-829.602
 10
193.20912290427464
 20
-829.602
 10
191.46045493188768
 20
-829.602
 10
189.46594869533973
 20
-829.602
 10
187.23532122852825
 20
-829.602
 10
184.7794399242496
 20
-829.602
 10
182.11026958935392
 20
-829.602
 10
179.24081415340873
 20
-829.602
 10
176.18505331486136
 20
-829.602
 10
172.95787443335317
 20
-829.602
 10
169.57500000000002
 20
-829.602
 10
166.05291103899577
 20
-829.602
 10
162.40876681371938
 20
-829.602
 10
158.66032122852823
 20
-829.602
 10
154.825836333521
 20
-829.602
 10
150.92399335366508
 20
-829.602
 10
146.9738016757464
 20
-829.602
 10
142.99450623654795
 20
-829.602
 10
139.00549376345208
 20
-829.602
 10
135.0261983242536
 20
-829.602
 10
131.07600664633495
 20
-829.602
 10
127.174163666479
 20
-829.602
 10
123.33967877147177
 20
-829.602
 10
119.59123318628062
 20
-829.602
 10
115.94708896100423
 20
-829.602
 10
112.42500000000001
 20
-829.602
 10
109.04212556664683
 20
-829.602
 10
105.81494668513864
 20
-829.602
 10
102.75918584659127
 20
-829.602
 10
99.8897304106461
 20
-829.602
 10
97.2205600757504
 20
-829.602
 10
94.76467877147175
 20
-829.602
 10
92.53405130466027
 20
-829.602
 10
90.53954506811235
 20
-829.602
 10
88.79087709572536
 20
-829.602
 10
87.29656672208534
 20
-829.602
 10
86.0638940771251
 20
-829.602
 10
85.098864618063
 20
-829.602
 10
84.40617987141925
 20
-829.602
 10
83.98921452765106
 20
-829.602
 10
83.85
 20
-829.602
 10
83.98921452765106
 20
-829.602
 10
84.40617987141925
 20
-829.602
 10
85.098864618063
 20
-829.602
 10
86.06389407712507
 20
-829.602
 10
87.29656672208534
 20
-829.602
 10
88.79087709572536
 20
-829.602
 10
90.53954506811232
 20
-829.602
 10
92.53405130466027
 20
-829.602
 10
94.76467877147175
 20
-829.602
 10
97.2205600757504
 20
-829.602
 10
99.8897304106461
 20
-829.602
 10
102.75918584659124
 20
-829.602
 10
105.81494668513864
 20
-829.602
 10
109.04212556664683
 20
-829.602
 10
112.42499999999998
 20
-829.602
 10
115.94708896100421
 20
-829.602
 10
119.59123318628062
 20
-829.602
 10
123.33967877147174
 20
-829.602
 10
127.17416366647899
 20
-829.602
 10
131.0760066463349
 20
-829.602
 10
135.02619832425356
 20
-829.602
 10
139.00549376345208
 20
-829.602
 10
142.9945062365479
 20
-829.602
 10
146.97380167574642
 20
-829.602
 10
150.92399335366508
 20
-829.602
 10
154.82583633352098
 20
-829.602
 10
158.66032122852823
 20
-829.602
 10
162.40876681371935
 20
-829.602
 10
166.05291103899577
 20
-829.602
 10
169.57500000000005
 20
-829.602
 10
172.95787443335314
 20
-829.602
 10
176.18505331486134
 20
-829.602
 10
179.24081415340876
 20
-829.602
 10
182.1102695893539
 20
-829.602
 10
184.77943992424957
 20
-829.602
 10
187.23532122852828
 20
-829.602
 10
189.4659486953397
 20
-829.602
 10
191.46045493188768
 20
-829.602
 10
193.20912290427464
 20
-829.602
 10
194.70343327791466
 20
-829.602
 10
195.93610592287493
 20
-829.602
 10
196.901135381937
 20
-829.602
 10
197.59382012858075
 20
-829.602
 10
198.01078547234894
 20
-829.602
 10
198.15
 20
-829.602
  0
LWPOLYLINE
  5
19F
330
17
100
AcDbEntity
  8
XZ_SIDE
100
AcDbPolyline
 90
2
 70
0
 10
198.15
 20
-821.702
 10
198.15
 20
-829.602
  0
LWPOLYLINE
  5
1A0
330
17
100
AcDbEntity
  8
XZ_SIDE
100
AcDbPolyline
 90
91
 70
0
 10
198.15
 20
-821.702
 10
198.01078547234894
 20
-821.702
 10
197.59382012858075
 20
-821.702
 10
196.901135381937
 20
-821.702
 10
195.93610592287493
 20
-821.702
 10
194.70343327791466
 20
-821.702
 10
193.20912290427464
 20
-821.702
 10
191.46045493188768
 20
-821.702
 10
189.46594869533973
 20
-821.702
 10
187.23532122852825
 20
-821.702
 10
184.7794399242496
 20
-821.702
 10
182.11026958935392
 20
-821.702
 10
179.24081415340873
 20
-821.702
 10
176.18505331486136
 20
-821.702
 10
172.95787443335317
 20
-821.702
 10
169.57500000000002
 20
-821.702
 10
166.05291103899577
 20
-821.702
 10
162.40876681371938
 20
-821.702
 10
158.66032122852823
 20
-821.702
 10
154.825836333521
 20
-821.702
 10
150.92399335366508
 20
-821.702
 10
146.9738016757464
 20
-821.702
 10
142.99450623654795
 20
-821.702
 10
139.00549376345208
 20
-821.702
 10
135.0261983242536
 20
-821.702
 10
131.07600664633495
 20
-821.702
 10
127.174163666479
 20
-821.702
 10
123.33967877147177
 20
-821.702
 10
119.59123318628062
 20
-821.702
 10
115.94708896100423
 20
-821.702
 10
112.42500000000001
 20
-821.702
 10
109.04212556664683
 20
-821.702
 10
105.81494668513864
 20
-821.702
 10
102.75918584659127
 20
-821.702
 10
99.8897304106461
 20
-821.702
 10
97.2205600757504
 20
-821.702
 10
94.76467877147175
 20
-821.702
 10
92.53405130466027
 20
-821.702
 10
90.53954506811235
 20
-821.702
 10
88.79087709572536
 20
-821.702
 10
87.29656672208534
 20
-821.702
 10
86.0638940771251
 20
-821.702
 10
85.098864618063
 20
-821.702
 10
84.40617987141925
 20
-821.702
 10
83.98921452765106
 20
-821.702
 10
83.85
 20
-821.702
 10
83.98921452765106
 20
-821.702
 10
84.40617987141925
 20
-821.702
 10
85.098864618063
 20
-821.702
 10
86.06389407712507
 20
-821.702
 10
87.29656672208534
 20
-821.702
 10
88.79087709572536
 20
-821.702
 10
90.53954506811232
 20
-821.702
 10
92.53405130466027
 20
-821.702
 10
94.76467877147175
 20
-821.702
 10
97.2205600757504
 20
-821.702
 10
99.8897304106461
 20
-821.702
 10
102.75918584659124
 20
-821.702
 10
105.81494668513864
 20
-821.702
 10
109.04212556664683
 20
-821.702
 10
112.42499999999998
 20
-821.702
 10
115.94708896100421
 20
-821.702
 10
119.59123318628062
 20
-821.702
 10
123.33967877147174
 20
-821.702
 10
127.17416366647899
 20
-821.702
 10
131.0760066463349
 20
-821.702
 10
135.02619832425356
 20
-821.702
 10
139.00549376345208
 20
-821.702
 10
142.9945062365479
 20
-821.702
 10
146.97380167574642
 20
-821.702
 10
150.92399335366508
 20
-821.702
 10
154.82583633352098
 20
-821.702
 10
158.66032122852823
 20
-821.702
 10
162.40876681371935
 20
-821.702
 10
166.05291103899577
 20
-821.702
 10
169.57500000000005
 20
-821.702
 10
172.95787443335314
 20
-821.702
 10
176.18505331486134
 20
-821.702
 10
179.24081415340876
 20
-821.702
 10
182.1102695893539
 20
-821.702
 10
184.77943992424957
 20
-821.702
 10
187.23532122852828
 20
-821.702
 10
189.4659486953397
 20
-821.702
 10
191.46045493188768
 20
-821.702
 10
193.20912290427464
 20
-821.702
 10
194.70343327791466
 20
-821.702
 10
195.93610592287493
 20
-821.702
 10
196.901135381937
 20
-821.702
 10
197.59382012858075
 20
-821.702
 10
198.01078547234894
 20
-821.702
 10
198.15
 20
-821.702
  0
LWPOLYLINE
  5
1A1
330
17
100
AcDbEntity
  8
XZ_SIDE
100
AcDbPolyline
 90
71
 70
0
 10
185.0
 20
-829.602
 10
184.82286893579052
 20
-829.602
 10
184.29290189833972
 20
-829.602
 10
183.41436587061753
 20
-829.602
 10
182.19433430814843
 20
-829.602
 10
180.64263018770646
 20
-829.602
 10
178.7717469184821
 20
-829.602
 10
176.5967477524977
 20
-829.602
 10
174.1351445041589
 20
-829.602
 10
171.40675655542205
 20
-829.602
 10
168.43355128178428
 20
-829.602
 10
165.23946718389251
 20
-829.602
 10
161.85022114881195
 20
-829.602
 10
158.29310139277266
 20
-829.602
 10
154.5967477524977
 20
-829.602
 10
150.79092109407785
 20
-829.602
 10
146.90626369597686
 20
-829.602
 10
142.97405253542266
 20
-829.602
 10
139.02594746457734
 20
-829.602
 10
135.09373630402317
 20
-829.602
 10
131.20907890592218
 20
-829.602
 10
127.40325224750232
 20
-829.602
 10
123.70689860722737
 20
-829.602
 10
120.14977885118807
 20
-829.602
 10
116.76053281610751
 20
-829.602
 10
113.56644871821574
 20
-829.602
 10
110.59324344457795
 20
-829.602
 10
107.86485549584111
 20
-829.602
 10
105.40325224750231
 20
-829.602
 10
103.22825308151789
 20
-829.602
 10
101.35736981229357
 20
-829.602
 10
99.80566569185157
 20
-829.602
 10
98.58563412938247
 20
-829.602
 10
97.7070981016603
 20
-829.602
 10
97.17713106420948
 20
-829.602
 10
97.0
 20
-829.602
 10
97.17713106420948
 20
-829.602
 10
97.70709810166029
 20
-829.602
 10
98.58563412938244
 20
-829.602
 10
99.80566569185154
 20
-829.602
 10
101.35736981229354
 20
-829.602
 10
103.22825308151788
 20
-829.602
 10
105.4032522475023
 20
-829.602
 10
107.86485549584111
 20
-829.602
 10
110.59324344457794
 20
-829.602
 10
113.56644871821572
 20
-829.602
 10
116.76053281610746
 20
-829.602
 10
120.14977885118802
 20
-829.602
 10
123.70689860722732
 20
-829.602
 10
127.40325224750227
 20
-829.602
 10
131.20907890592213
 20
-829.602
 10
135.0937363040231
 20
-829.602
 10
139.02594746457734
 20
-829.602
 10
142.9740525354226
 20
-829.602
 10
146.90626369597683
 20
-829.602
 10
150.79092109407782
 20
-829.602
 10
154.59674775249766
 20
-829.602
 10
158.29310139277263
 20
-829.602
 10
161.85022114881193
 20
-829.602
 10
165.2394671838925
 20
-829.602
 10
168.43355128178425
 20
-829.602
 10
171.40675655542205
 20
-829.602
 10
174.13514450415886
 20
-829.602
 10
176.5967477524977
 20
-829.602
 10
178.77174691848208
 20
-829.602
 10
180.64263018770643
 20
-829.602
 10
182.19433430814843
 20
-829.602
 10
183.41436587061753
 20
-829.602
 10
184.2929018983397
 20
-829.602
 10
184.82286893579052
 20
-829.602
 10
185.0
 20
-829.602
  0
LWPOLYLINE
  5
1A2
330
17
100
AcDbEntity
  8
XZ_SIDE
100
AcDbPolyline
 90
83
 70
0
 10
192.95499999999998
 20
-821.702
 10
192.80255370050122
 20
-821.702
 10
192.346109417508
 20
-821.702
 10
191.58834574757
 20
-821.702
 10
190.5337095492139
 20
-821.702
 10
189.18838984700932
 20
-821.702
 10
187.56028151191163
 20
-821.702
 10
185.65893893102003
 20
-821.702
 10
183.4955199386348
 20
-821.702
 10
181.08272033764905
 20
-821.702
 10
178.4346993955289
 20
-821.702
 10
175.56699675210194
 20
-821.702
 10
172.49644122677168
 20
-821.702
 10
169.24105206031345
 20
-821.702
 10
165.81993317080463
 20
-821.702
 10
162.25316104423698
 20
-821.702
 10
158.56166691771375
 20
-821.702
 10
154.76711394662757
 20
-821.702
 10
150.89177007665035
 20
-821.702
 10
146.9583773665739
 20
-821.702
 10
142.99001852886582
 20
-821.702
 10
139.0099814711342
 20
-821.702
 10
135.0416226334261
 20
-821.702
 10
131.10822992334965
 20
-821.702
 10
127.23288605337245
 20
-821.702
 10
123.43833308228625
 20
-821.702
 10
119.74683895576305
 20
-821.702
 10
116.18006682919537
 20
-821.702
 10
112.75894793968656
 20
-821.702
 10
109.50355877322833
 20
-821.702
 10
106.43300324789806
 20
-821.702
 10
103.56530060447113
 20
-821.702
 10
100.91727966235095
 20
-821.702
 10
98.50448006136519
 20
-821.702
 10
96.34106106897997
 20
-821.702
 10
94.43971848808837
 20
-821.702
 10
92.81161015299068
 20
-821.702
 10
91.46629045078609
 20
-821.702
 10
90.41165425243
 20
-821.702
 10
89.653890582492
 20
-821.702
 10
89.19744629949876
 20
-821.702
 10
89.045
 20
-821.702
 10
89.19744629949876
 20
-821.702
 10
89.653890582492
 20
-821.702
 10
90.41165425243
 20
-821.702
 10
91.46629045078609
 20
-821.702
 10
92.81161015299067
 20
-821.702
 10
94.43971848808833
 20
-821.702
 10
96.34106106897994
 20
-821.702
 10
98.50448006136517
 20
-821.702
 10
100.91727966235095
 20
-821.702
 10
103.5653006044711
 20
-821.702
 10
106.43300324789803
 20
-821.702
 10
109.50355877322829
 20
-821.702
 10
112.75894793968656
 20
-821.702
 10
116.18006682919537
 20
-821.702
 10
119.74683895576302
 20
-821.702
 10
123.43833308228619
 20
-821.702
 10
127.2328860533724
 20
-821.702
 10
131.10822992334963
 20
-821.702
 10
135.04162263342607
 20
-821.702
 10
139.0099814711342
 20
-821.702
 10
142.99001852886573
 20
-821.702
 10
146.9583773665739
 20
-821.702
 10
150.89177007665035
 20
-821.702
 10
154.76711394662755
 20
-821.702
 10
158.56166691771375
 20
-821.702
 10
162.25316104423692
 20
-821.702
 10
165.81993317080457
 20
-821.702
 10
169.24105206031342
 20
-821.702
 10
172.49644122677165
 20
-821.702
 10
175.5669967521019
 20
-821.702
 10
178.43469939552887
 20
-821.702
 10
181.08272033764905
 20
-821.702
 10
183.4955199386348
 20
-821.702
 10
185.65893893102003
 20
-821.702
 10
187.56028151191163
 20
-821.702
 10
189.18838984700932
 20
-821.702
 10
190.53370954921388
 20
-821.702
 10
191.58834574757
 20
-821.702
 10
192.346109417508
 20
-821.702
 10
192.80255370050122
 20
-821.702
 10
192.95499999999998
 20
-821.702
  0
LWPOLYLINE
  5
1A3
330
17
100
AcDbEntity
  8
XZ_SIDE
100
AcDbPolyline
 90
2
 70
0
 10
185.0
 20
-802.602
 10
185.0
 20
-829.602
  0
LWPOLYLINE
  5
1A4
330
17
100
AcDbEntity
  8
XZ_SIDE
100
AcDbPolyline
 90
71
 70
0
 10
185.0
 20
-802.602
 10
184.82286893579052
 20
-802.602
 10
184.29290189833972
 20
-802.602
 10
183.41436587061753
 20
-802.602
 10
182.19433430814843
 20
-802.602
 10
180.64263018770646
 20
-802.602
 10
178.7717469184821
 20
-802.602
 10
176.5967477524977
 20
-802.602
 10
174.1351445041589
 20
-802.602
 10
171.40675655542205
 20
-802.602
 10
168.43355128178428
 20
-802.602
 10
165.23946718389251
 20
-802.602
 10
161.85022114881195
 20
-802.602
 10
158.29310139277266
 20
-802.602
 10
154.5967477524977
 20
-802.602
 10
150.79092109407785
 20
-802.602
 10
146.90626369597686
 20
-802.602
 10
142.97405253542266
 20
-802.602
 10
139.02594746457734
 20
-802.602
 10
135.09373630402317
 20
-802.602
 10
131.20907890592218
 20
-802.602
 10
127.40325224750232
 20
-802.602
 10
123.70689860722737
 20
-802.602
 10
120.14977885118807
 20
-802.602
 10
116.76053281610751
 20
-802.602
 10
113.56644871821574
 20
-802.602
 10
110.59324344457795
 20
-802.602
 10
107.86485549584111
 20
-802.602
 10
105.40325224750231
 20
-802.602
 10
103.22825308151789
 20
-802.602
 10
101.35736981229357
 20
-802.602
 10
99.80566569185157
 20
-802.602
 10
98.58563412938247
 20
-802.602
 10
97.7070981016603
 20
-802.602
 10
97.17713106420948
 20
-802.602
 10
97.0
 20
-802.602
 10
97.17713106420948
 20
-802.602
 10
97.70709810166029
 20
-802.602
 10
98.58563412938244
 20
-802.602
 10
99.80566569185154
 20
-802.602
 10
101.35736981229354
 20
-802.602
 10
103.22825308151788
 20
-802.602
 10
105.4032522475023
 20
-802.602
 10
107.86485549584111
 20
-802.602
 10
110.59324344457794
 20
-802.602
 10
113.56644871821572
 20
-802.602
 10
116.76053281610746
 20
-802.602
 10
120.14977885118802
 20
-802.602
 10
123.70689860722732
 20
-802.602
 10
127.40325224750227
 20
-802.602
 10
131.20907890592213
 20
-802.602
 10
135.0937363040231
 20
-802.602
 10
139.02594746457734
 20
-802.602
 10
142.9740525354226
 20
-802.602
 10
146.90626369597683
 20
-802.602
 10
150.79092109407782
 20
-802.602
 10
154.59674775249766
 20
-802.602
 10
158.29310139277263
 20
-802.602
 10
161.85022114881193
 20
-802.602
 10
165.2394671838925
 20
-802.602
 10
168.43355128178425
 20
-802.602
 10
171.40675655542205
 20
-802.602
 10
174.13514450415886
 20
-802.602
 10
176.5967477524977
 20
-802.602
 10
178.77174691848208
 20
-802.602
 10
180.64263018770643
 20
-802.602
 10
182.19433430814843
 20
-802.602
 10
183.41436587061753
 20
-802.602
 10
184.2929018983397
 20
-802.602
 10
184.82286893579052
 20
-802.602
 10
185.0
 20
-802.602
  0
LWPOLYLINE
  5
1A5
330
17
100
AcDbEntity
  8
XZ_SIDE
100
AcDbPolyline
 90
2
 70
0
 10
192.95499999999998
 20
-802.602
 10
192.95499999999998
 20
-821.702
  0
LWPOLYLINE
  5
1A6
330
17
100
AcDbEntity
  8
XZ_SIDE
100
AcDbPolyline
 90
83
 70
0
 10
192.95499999999998
 20
-802.602
 10
192.80255370050122
 20
-802.602
 10
192.346109417508
 20
-802.602
 10
191.58834574757
 20
-802.602
 10
190.5337095492139
 20
-802.602
 10
189.18838984700932
 20
-802.602
 10
187.56028151191163
 20
-802.602
 10
185.65893893102003
 20
-802.602
 10
183.4955199386348
 20
-802.602
 10
181.08272033764905
 20
-802.602
 10
178.4346993955289
 20
-802.602
 10
175.56699675210194
 20
-802.602
 10
172.49644122677168
 20
-802.602
 10
169.24105206031345
 20
-802.602
 10
165.81993317080463
 20
-802.602
 10
162.25316104423698
 20
-802.602
 10
158.56166691771375
 20
-802.602
 10
154.76711394662757
 20
-802.602
 10
150.89177007665035
 20
-802.602
 10
146.9583773665739
 20
-802.602
 10
142.99001852886582
 20
-802.602
 10
139.0099814711342
 20
-802.602
 10
135.0416226334261
 20
-802.602
 10
131.10822992334965
 20
-802.602
 10
127.23288605337245
 20
-802.602
 10
123.43833308228625
 20
-802.602
 10
119.74683895576305
 20
-802.602
 10
116.18006682919537
 20
-802.602
 10
112.75894793968656
 20
-802.602
 10
109.50355877322833
 20
-802.602
 10
106.43300324789806
 20
-802.602
 10
103.56530060447113
 20
-802.602
 10
100.91727966235095
 20
-802.602
 10
98.50448006136519
 20
-802.602
 10
96.34106106897997
 20
-802.602
 10
94.43971848808837
 20
-802.602
 10
92.81161015299068
 20
-802.602
 10
91.46629045078609
 20
-802.602
 10
90.41165425243
 20
-802.602
 10
89.653890582492
 20
-802.602
 10
89.19744629949876
 20
-802.602
 10
89.045
 20
-802.602
 10
89.19744629949876
 20
-802.602
 10
89.653890582492
 20
-802.602
 10
90.41165425243
 20
-802.602
 10
91.46629045078609
 20
-802.602
 10
92.81161015299067
 20
-802.602
 10
94.43971848808833
 20
-802.602
 10
96.34106106897994
 20
-802.602
 10
98.50448006136517
 20
-802.602
 10
100.91727966235095
 20
-802.602
 10
103.5653006044711
 20
-802.602
 10
106.43300324789803
 20
-802.602
 10
109.50355877322829
 20
-802.602
 10
112.75894793968656
 20
-802.602
 10
116.18006682919537
 20
-802.602
 10
119.74683895576302
 20
-802.602
 10
123.43833308228619
 20
-802.602
 10
127.2328860533724
 20
-802.602
 10
131.10822992334963
 20
-802.602
 10
135.04162263342607
 20
-802.602
 10
139.0099814711342
 20
-802.602
 10
142.99001852886573
 20
-802.602
 10
146.9583773665739
 20
-802.602
 10
150.89177007665035
 20
-802.602
 10
154.76711394662755
 20
-802.602
 10
158.56166691771375
 20
-802.602
 10
162.25316104423692
 20
-802.602
 10
165.81993317080457
 20
-802.602
 10
169.24105206031342
 20
-802.602
 10
172.49644122677165
 20
-802.602
 10
175.5669967521019
 20
-802.602
 10
178.43469939552887
 20
-802.602
 10
181.08272033764905
 20
-802.602
 10
183.4955199386348
 20
-802.602
 10
185.65893893102003
 20
-802.602
 10
187.56028151191163
 20
-802.602
 10
189.18838984700932
 20
-802.602
 10
190.53370954921388
 20
-802.602
 10
191.58834574757
 20
-802.602
 10
192.346109417508
 20
-802.602
 10
192.80255370050122
 20
-802.602
 10
192.95499999999998
 20
-802.602
  0
LWPOLYLINE
  5
1A7
330
17
100
AcDbEntity
  8
XZ_SIDE
100
AcDbPolyline
 90
91
 70
0
 10
198.15
 20
-513.802
 10
198.01078547234894
 20
-513.802
 10
197.59382012858075
 20
-513.802
 10
196.901135381937
 20
-513.802
 10
195.93610592287493
 20
-513.802
 10
194.70343327791466
 20
-513.802
 10
193.20912290427464
 20
-513.802
 10
191.46045493188768
 20
-513.802
 10
189.46594869533973
 20
-513.802
 10
187.23532122852825
 20
-513.802
 10
184.7794399242496
 20
-513.802
 10
182.11026958935392
 20
-513.802
 10
179.24081415340873
 20
-513.802
 10
176.18505331486136
 20
-513.802
 10
172.95787443335317
 20
-513.802
 10
169.57500000000002
 20
-513.802
 10
166.05291103899577
 20
-513.802
 10
162.40876681371938
 20
-513.802
 10
158.66032122852823
 20
-513.802
 10
154.825836333521
 20
-513.802
 10
150.92399335366508
 20
-513.802
 10
146.9738016757464
 20
-513.802
 10
142.99450623654795
 20
-513.802
 10
139.00549376345208
 20
-513.802
 10
135.0261983242536
 20
-513.802
 10
131.07600664633495
 20
-513.802
 10
127.174163666479
 20
-513.802
 10
123.33967877147177
 20
-513.802
 10
119.59123318628062
 20
-513.802
 10
115.94708896100423
 20
-513.802
 10
112.42500000000001
 20
-513.802
 10
109.04212556664683
 20
-513.802
 10
105.81494668513864
 20
-513.802
 10
102.75918584659127
 20
-513.802
 10
99.8897304106461
 20
-513.802
 10
97.2205600757504
 20
-513.802
 10
94.76467877147175
 20
-513.802
 10
92.53405130466027
 20
-513.802
 10
90.53954506811235
 20
-513.802
 10
88.79087709572536
 20
-513.802
 10
87.29656672208534
 20
-513.802
 10
86.0638940771251
 20
-513.802
 10
85.098864618063
 20
-513.802
 10
84.40617987141925
 20
-513.802
 10
83.98921452765106
 20
-513.802
 10
83.85
 20
-513.802
 10
83.98921452765106
 20
-513.802
 10
84.40617987141925
 20
-513.802
 10
85.098864618063
 20
-513.802
 10
86.06389407712507
 20
-513.802
 10
87.29656672208534
 20
-513.802
 10
88.79087709572536
 20
-513.802
 10
90.53954506811232
 20
-513.802
 10
92.53405130466027
 20
-513.802
 10
94.76467877147175
 20
-513.802
 10
97.2205600757504
 20
-513.802
 10
99.8897304106461
 20
-513.802
 10
102.75918584659124
 20
-513.802
 10
105.81494668513864
 20
-513.802
 10
109.04212556664683
 20
-513.802
 10
112.42499999999998
 20
-513.802
 10
115.94708896100421
 20
-513.802
 10
119.59123318628062
 20
-513.802
 10
123.33967877147174
 20
-513.802
 10
127.17416366647899
 20
-513.802
 10
131.0760066463349
 20
-513.802
 10
135.02619832425356
 20
-513.802
 10
139.00549376345208
 20
-513.802
 10
142.9945062365479
 20
-513.802
 10
146.97380167574642
 20
-513.802
 10
150.92399335366508
 20
-513.802
 10
154.82583633352098
 20
-513.802
 10
158.66032122852823
 20
-513.802
 10
162.40876681371935
 20
-513.802
 10
166.05291103899577
 20
-513.802
 10
169.57500000000005
 20
-513.802
 10
172.95787443335314
 20
-513.802
 10
176.18505331486134
 20
-513.802
 10
179.24081415340876
 20
-513.802
 10
182.1102695893539
 20
-513.802
 10
184.77943992424957
 20
-513.802
 10
187.23532122852828
 20
-513.802
 10
189.4659486953397
 20
-513.802
 10
191.46045493188768
 20
-513.802
 10
193.20912290427464
 20
-513.802
 10
194.70343327791466
 20
-513.802
 10
195.93610592287493
 20
-513.802
 10
196.901135381937
 20
-513.802
 10
197.59382012858075
 20
-513.802
 10
198.01078547234894
 20
-513.802
 10
198.15
 20
-513.802
  0
LWPOLYLINE
  5
1A8
330
17
100
AcDbEntity
  8
XZ_SIDE
100
AcDbPolyline
 90
2
 70
0
 10
198.15
 20
-521.702
 10
198.15
 20
-513.802
  0
LWPOLYLINE
  5
1A9
330
17
100
AcDbEntity
  8
XZ_SIDE
100
AcDbPolyline
 90
91
 70
0
 10
198.15
 20
-521.702
 10
198.01078547234894
 20
-521.702
 10
197.59382012858075
 20
-521.702
 10
196.901135381937
 20
-521.702
 10
195.93610592287493
 20
-521.702
 10
194.70343327791466
 20
-521.702
 10
193.20912290427464
 20
-521.702
 10
191.46045493188768
 20
-521.702
 10
189.46594869533973
 20
-521.702
 10
187.23532122852825
 20
-521.702
 10
184.7794399242496
 20
-521.702
 10
182.11026958935392
 20
-521.702
 10
179.24081415340873
 20
-521.702
 10
176.18505331486136
 20
-521.702
 10
172.95787443335317
 20
-521.702
 10
169.57500000000002
 20
-521.702
 10
166.05291103899577
 20
-521.702
 10
162.40876681371938
 20
-521.702
 10
158.66032122852823
 20
-521.702
 10
154.825836333521
 20
-521.702
 10
150.92399335366508
 20
-521.702
 10
146.9738016757464
 20
-521.702
 10
142.99450623654795
 20
-521.702
 10
139.00549376345208
 20
-521.702
 10
135.0261983242536
 20
-521.702
 10
131.07600664633495
 20
-521.702
 10
127.174163666479
 20
-521.702
 10
123.33967877147177
 20
-521.702
 10
119.59123318628062
 20
-521.702
 10
115.94708896100423
 20
-521.702
 10
112.42500000000001
 20
-521.702
 10
109.04212556664683
 20
-521.702
 10
105.81494668513864
 20
-521.702
 10
102.75918584659127
 20
-521.702
 10
99.8897304106461
 20
-521.702
 10
97.2205600757504
 20
-521.702
 10
94.76467877147175
 20
-521.702
 10
92.53405130466027
 20
-521.702
 10
90.53954506811235
 20
-521.702
 10
88.79087709572536
 20
-521.702
 10
87.29656672208534
 20
-521.702
 10
86.0638940771251
 20
-521.702
 10
85.098864618063
 20
-521.702
 10
84.40617987141925
 20
-521.702
 10
83.98921452765106
 20
-521.702
 10
83.85
 20
-521.702
 10
83.98921452765106
 20
-521.702
 10
84.40617987141925
 20
-521.702
 10
85.098864618063
 20
-521.702
 10
86.06389407712507
 20
-521.702
 10
87.29656672208534
 20
-521.702
 10
88.79087709572536
 20
-521.702
 10
90.53954506811232
 20
-521.702
 10
92.53405130466027
 20
-521.702
 10
94.76467877147175
 20
-521.702
 10
97.2205600757504
 20
-521.702
 10
99.8897304106461
 20
-521.702
 10
102.75918584659124
 20
-521.702
 10
105.81494668513864
 20
-521.702
 10
109.04212556664683
 20
-521.702
 10
112.42499999999998
 20
-521.702
 10
115.94708896100421
 20
-521.702
 10
119.59123318628062
 20
-521.702
 10
123.33967877147174
 20
-521.702
 10
127.17416366647899
 20
-521.702
 10
131.0760066463349
 20
-521.702
 10
135.02619832425356
 20
-521.702
 10
139.00549376345208
 20
-521.702
 10
142.9945062365479
 20
-521.702
 10
146.97380167574642
 20
-521.702
 10
150.92399335366508
 20
-521.702
 10
154.82583633352098
 20
-521.702
 10
158.66032122852823
 20
-521.702
 10
162.40876681371935
 20
-521.702
 10
166.05291103899577
 20
-521.702
 10
169.57500000000005
 20
-521.702
 10
172.95787443335314
 20
-521.702
 10
176.18505331486134
 20
-521.702
 10
179.24081415340876
 20
-521.702
 10
182.1102695893539
 20
-521.702
 10
184.77943992424957
 20
-521.702
 10
187.23532122852828
 20
-521.702
 10
189.4659486953397
 20
-521.702
 10
191.46045493188768
 20
-521.702
 10
193.20912290427464
 20
-521.702
 10
194.70343327791466
 20
-521.702
 10
195.93610592287493
 20
-521.702
 10
196.901135381937
 20
-521.702
 10
197.59382012858075
 20
-521.702
 10
198.01078547234894
 20
-521.702
 10
198.15
 20
-521.702
  0
LWPOLYLINE
  5
1AA
330
17
100
AcDbEntity
  8
XZ_SIDE
100
AcDbPolyline
 90
71
 70
0
 10
185.0
 20
-513.802
 10
184.82286893579052
 20
-513.802
 10
184.29290189833972
 20
-513.802
 10
183.41436587061753
 20
-513.802
 10
182.19433430814843
 20
-513.802
 10
180.64263018770646
 20
-513.802
 10
178.7717469184821
 20
-513.802
 10
176.5967477524977
 20
-513.802
 10
174.1351445041589
 20
-513.802
 10
171.40675655542205
 20
-513.802
 10
168.43355128178428
 20
-513.802
 10
165.23946718389251
 20
-513.802
 10
161.85022114881195
 20
-513.802
 10
158.29310139277266
 20
-513.802
 10
154.5967477524977
 20
-513.802
 10
150.79092109407785
 20
-513.802
 10
146.90626369597686
 20
-513.802
 10
142.97405253542266
 20
-513.802
 10
139.02594746457734
 20
-513.802
 10
135.09373630402317
 20
-513.802
 10
131.20907890592218
 20
-513.802
 10
127.40325224750232
 20
-513.802
 10
123.70689860722737
 20
-513.802
 10
120.14977885118807
 20
-513.802
 10
116.76053281610751
 20
-513.802
 10
113.56644871821574
 20
-513.802
 10
110.59324344457795
 20
-513.802
 10
107.86485549584111
 20
-513.802
 10
105.40325224750231
 20
-513.802
 10
103.22825308151789
 20
-513.802
 10
101.35736981229357
 20
-513.802
 10
99.80566569185157
 20
-513.802
 10
98.58563412938247
 20
-513.802
 10
97.7070981016603
 20
-513.802
 10
97.17713106420948
 20
-513.802
 10
97.0
 20
-513.802
 10
97.17713106420948
 20
-513.802
 10
97.70709810166029
 20
-513.802
 10
98.58563412938244
 20
-513.802
 10
99.80566569185154
 20
-513.802
 10
101.35736981229354
 20
-513.802
 10
103.22825308151788
 20
-513.802
 10
105.4032522475023
 20
-513.802
 10
107.86485549584111
 20
-513.802
 10
110.59324344457794
 20
-513.802
 10
113.56644871821572
 20
-513.802
 10
116.76053281610746
 20
-513.802
 10
120.14977885118802
 20
-513.802
 10
123.70689860722732
 20
-513.802
 10
127.40325224750227
 20
-513.802
 10
131.20907890592213
 20
-513.802
 10
135.0937363040231
 20
-513.802
 10
139.02594746457734
 20
-513.802
 10
142.9740525354226
 20
-513.802
 10
146.90626369597683
 20
-513.802
 10
150.79092109407782
 20
-513.802
 10
154.59674775249766
 20
-513.802
 10
158.29310139277263
 20
-513.802
 10
161.85022114881193
 20
-513.802
 10
165.2394671838925
 20
-513.802
 10
168.43355128178425
 20
-513.802
 10
171.40675655542205
 20
-513.802
 10
174.13514450415886
 20
-513.802
 10
176.5967477524977
 20
-513.802
 10
178.77174691848208
 20
-513.802
 10
180.64263018770643
 20
-513.802
 10
182.19433430814843
 20
-513.802
 10
183.41436587061753
 20
-513.802
 10
184.2929018983397
 20
-513.802
 10
184.82286893579052
 20
-513.802
 10
185.0
 20
-513.802
  0
LWPOLYLINE
  5
1AB
330
17
100
AcDbEntity
  8
XZ_SIDE
100
AcDbPolyline
 90
83
 70
0
 10
192.95499999999998
 20
-521.702
 10
192.80255370050122
 20
-521.702
 10
192.346109417508
 20
-521.702
 10
191.58834574757
 20
-521.702
 10
190.5337095492139
 20
-521.702
 10
189.18838984700932
 20
-521.702
 10
187.56028151191163
 20
-521.702
 10
185.65893893102003
 20
-521.702
 10
183.4955199386348
 20
-521.702
 10
181.08272033764905
 20
-521.702
 10
178.4346993955289
 20
-521.702
 10
175.56699675210194
 20
-521.702
 10
172.49644122677168
 20
-521.702
 10
169.24105206031345
 20
-521.702
 10
165.81993317080463
 20
-521.702
 10
162.25316104423698
 20
-521.702
 10
158.56166691771375
 20
-521.702
 10
154.76711394662757
 20
-521.702
 10
150.89177007665035
 20
-521.702
 10
146.9583773665739
 20
-521.702
 10
142.99001852886582
 20
-521.702
 10
139.0099814711342
 20
-521.702
 10
135.0416226334261
 20
-521.702
 10
131.10822992334965
 20
-521.702
 10
127.23288605337245
 20
-521.702
 10
123.43833308228625
 20
-521.702
 10
119.74683895576305
 20
-521.702
 10
116.18006682919537
 20
-521.702
 10
112.75894793968656
 20
-521.702
 10
109.50355877322833
 20
-521.702
 10
106.43300324789806
 20
-521.702
 10
103.56530060447113
 20
-521.702
 10
100.91727966235095
 20
-521.702
 10
98.50448006136519
 20
-521.702
 10
96.34106106897997
 20
-521.702
 10
94.43971848808837
 20
-521.702
 10
92.81161015299068
 20
-521.702
 10
91.46629045078609
 20
-521.702
 10
90.41165425243
 20
-521.702
 10
89.653890582492
 20
-521.702
 10
89.19744629949876
 20
-521.702
 10
89.045
 20
-521.702
 10
89.19744629949876
 20
-521.702
 10
89.653890582492
 20
-521.702
 10
90.41165425243
 20
-521.702
 10
91.46629045078609
 20
-521.702
 10
92.81161015299067
 20
-521.702
 10
94.43971848808833
 20
-521.702
 10
96.34106106897994
 20
-521.702
 10
98.50448006136517
 20
-521.702
 10
100.91727966235095
 20
-521.702
 10
103.5653006044711
 20
-521.702
 10
106.43300324789803
 20
-521.702
 10
109.50355877322829
 20
-521.702
 10
112.75894793968656
 20
-521.702
 10
116.18006682919537
 20
-521.702
 10
119.74683895576302
 20
-521.702
 10
123.43833308228619
 20
-521.702
 10
127.2328860533724
 20
-521.702
 10
131.10822992334963
 20
-521.702
 10
135.04162263342607
 20
-521.702
 10
139.0099814711342
 20
-521.702
 10
142.99001852886573
 20
-521.702
 10
146.9583773665739
 20
-521.702
 10
150.89177007665035
 20
-521.702
 10
154.76711394662755
 20
-521.702
 10
158.56166691771375
 20
-521.702
 10
162.25316104423692
 20
-521.702
 10
165.81993317080457
 20
-521.702
 10
169.24105206031342
 20
-521.702
 10
172.49644122677165
 20
-521.702
 10
175.5669967521019
 20
-521.702
 10
178.43469939552887
 20
-521.702
 10
181.08272033764905
 20
-521.702
 10
183.4955199386348
 20
-521.702
 10
185.65893893102003
 20
-521.702
 10
187.56028151191163
 20
-521.702
 10
189.18838984700932
 20
-521.702
 10
190.53370954921388
 20
-521.702
 10
191.58834574757
 20
-521.702
 10
192.346109417508
 20
-521.702
 10
192.80255370050122
 20
-521.702
 10
192.95499999999998
 20
-521.702
  0
LWPOLYLINE
  5
1AC
330
17
100
AcDbEntity
  8
XZ_SIDE
100
AcDbPolyline
 90
2
 70
0
 10
185.0
 20
-540.802
 10
185.0
 20
-513.802
  0
LWPOLYLINE
  5
1AD
330
17
100
AcDbEntity
  8
XZ_SIDE
100
AcDbPolyline
 90
71
 70
0
 10
185.0
 20
-540.802
 10
184.82286893579052
 20
-540.802
 10
184.29290189833972
 20
-540.802
 10
183.41436587061753
 20
-540.802
 10
182.19433430814843
 20
-540.802
 10
180.64263018770646
 20
-540.802
 10
178.7717469184821
 20
-540.802
 10
176.5967477524977
 20
-540.802
 10
174.1351445041589
 20
-540.802
 10
171.40675655542205
 20
-540.802
 10
168.43355128178428
 20
-540.802
 10
165.23946718389251
 20
-540.802
 10
161.85022114881195
 20
-540.802
 10
158.29310139277266
 20
-540.802
 10
154.5967477524977
 20
-540.802
 10
150.79092109407785
 20
-540.802
 10
146.90626369597686
 20
-540.802
 10
142.97405253542266
 20
-540.802
 10
139.02594746457734
 20
-540.802
 10
135.09373630402317
 20
-540.802
 10
131.20907890592218
 20
-540.802
 10
127.40325224750232
 20
-540.802
 10
123.70689860722737
 20
-540.802
 10
120.14977885118807
 20
-540.802
 10
116.76053281610751
 20
-540.802
 10
113.56644871821574
 20
-540.802
 10
110.59324344457795
 20
-540.802
 10
107.86485549584111
 20
-540.802
 10
105.40325224750231
 20
-540.802
 10
103.22825308151789
 20
-540.802
 10
101.35736981229357
 20
-540.802
 10
99.80566569185157
 20
-540.802
 10
98.58563412938247
 20
-540.802
 10
97.7070981016603
 20
-540.802
 10
97.17713106420948
 20
-540.802
 10
97.0
 20
-540.802
 10
97.17713106420948
 20
-540.802
 10
97.70709810166029
 20
-540.802
 10
98.58563412938244
 20
-540.802
 10
99.80566569185154
 20
-540.802
 10
101.35736981229354
 20
-540.802
 10
103.22825308151788
 20
-540.802
 10
105.4032522475023
 20
-540.802
 10
107.86485549584111
 20
-540.802
 10
110.59324344457794
 20
-540.802
 10
113.56644871821572
 20
-540.802
 10
116.76053281610746
 20
-540.802
 10
120.14977885118802
 20
-540.802
 10
123.70689860722732
 20
-540.802
 10
127.40325224750227
 20
-540.802
 10
131.20907890592213
 20
-540.802
 10
135.0937363040231
 20
-540.802
 10
139.02594746457734
 20
-540.802
 10
142.9740525354226
 20
-540.802
 10
146.90626369597683
 20
-540.802
 10
150.79092109407782
 20
-540.802
 10
154.59674775249766
 20
-540.802
 10
158.29310139277263
 20
-540.802
 10
161.85022114881193
 20
-540.802
 10
165.2394671838925
 20
-540.802
 10
168.43355128178425
 20
-540.802
 10
171.40675655542205
 20
-540.802
 10
174.13514450415886
 20
-540.802
 10
176.5967477524977
 20
-540.802
 10
178.77174691848208
 20
-540.802
 10
180.64263018770643
 20
-540.802
 10
182.19433430814843
 20
-540.802
 10
183.41436587061753
 20
-540.802
 10
184.2929018983397
 20
-540.802
 10
184.82286893579052
 20
-540.802
 10
185.0
 20
-540.802
  0
LWPOLYLINE
  5
1AE
330
17
100
AcDbEntity
  8
XZ_SIDE
100
AcDbPolyline
 90
2
 70
0
 10
192.95499999999998
 20
-540.802
 10
192.95499999999998
 20
-521.702
  0
LWPOLYLINE
  5
1AF
330
17
100
AcDbEntity
  8
XZ_SIDE
100
AcDbPolyline
 90
83
 70
0
 10
192.95499999999998
 20
-540.802
 10
192.80255370050122
 20
-540.802
 10
192.346109417508
 20
-540.802
 10
191.58834574757
 20
-540.802
 10
190.5337095492139
 20
-540.802
 10
189.18838984700932
 20
-540.802
 10
187.56028151191163
 20
-540.802
 10
185.65893893102003
 20
-540.802
 10
183.4955199386348
 20
-540.802
 10
181.08272033764905
 20
-540.802
 10
178.4346993955289
 20
-540.802
 10
175.56699675210194
 20
-540.802
 10
172.49644122677168
 20
-540.802
 10
169.24105206031345
 20
-540.802
 10
165.81993317080463
 20
-540.802
 10
162.25316104423698
 20
-540.802
 10
158.56166691771375
 20
-540.802
 10
154.76711394662757
 20
-540.802
 10
150.89177007665035
 20
-540.802
 10
146.9583773665739
 20
-540.802
 10
142.99001852886582
 20
-540.802
 10
139.0099814711342
 20
-540.802
 10
135.0416226334261
 20
-540.802
 10
131.10822992334965
 20
-540.802
 10
127.23288605337245
 20
-540.802
 10
123.43833308228625
 20
-540.802
 10
119.74683895576305
 20
-540.802
 10
116.18006682919537
 20
-540.802
 10
112.75894793968656
 20
-540.802
 10
109.50355877322833
 20
-540.802
 10
106.43300324789806
 20
-540.802
 10
103.56530060447113
 20
-540.802
 10
100.91727966235095
 20
-540.802
 10
98.50448006136519
 20
-540.802
 10
96.34106106897997
 20
-540.802
 10
94.43971848808837
 20
-540.802
 10
92.81161015299068
 20
-540.802
 10
91.46629045078609
 20
-540.802
 10
90.41165425243
 20
-540.802
 10
89.653890582492
 20
-540.802
 10
89.19744629949876
 20
-540.802
 10
89.045
 20
-540.802
 10
89.19744629949876
 20
-540.802
 10
89.653890582492
 20
-540.802
 10
90.41165425243
 20
-540.802
 10
91.46629045078609
 20
-540.802
 10
92.81161015299067
 20
-540.802
 10
94.43971848808833
 20
-540.802
 10
96.34106106897994
 20
-540.802
 10
98.50448006136517
 20
-540.802
 10
100.91727966235095
 20
-540.802
 10
103.5653006044711
 20
-540.802
 10
106.43300324789803
 20
-540.802
 10
109.50355877322829
 20
-540.802
 10
112.75894793968656
 20
-540.802
 10
116.18006682919537
 20
-540.802
 10
119.74683895576302
 20
-540.802
 10
123.43833308228619
 20
-540.802
 10
127.2328860533724
 20
-540.802
 10
131.10822992334963
 20
-540.802
 10
135.04162263342607
 20
-540.802
 10
139.0099814711342
 20
-540.802
 10
142.99001852886573
 20
-540.802
 10
146.9583773665739
 20
-540.802
 10
150.89177007665035
 20
-540.802
 10
154.76711394662755
 20
-540.802
 10
158.56166691771375
 20
-540.802
 10
162.25316104423692
 20
-540.802
 10
165.81993317080457
 20
-540.802
 10
169.24105206031342
 20
-540.802
 10
172.49644122677165
 20
-540.802
 10
175.5669967521019
 20
-540.802
 10
178.43469939552887
 20
-540.802
 10
181.08272033764905
 20
-540.802
 10
183.4955199386348
 20
-540.802
 10
185.65893893102003
 20
-540.802
 10
187.56028151191163
 20
-540.802
 10
189.18838984700932
 20
-540.802
 10
190.53370954921388
 20
-540.802
 10
191.58834574757
 20
-540.802
 10
192.346109417508
 20
-540.802
 10
192.80255370050122
 20
-540.802
 10
192.95499999999998
 20
-540.802
  0
LWPOLYLINE
  5
1B0
330
17
100
AcDbEntity
  8
XZ_SIDE
100
AcDbPolyline
 90
91
 70
0
 10
198.15
 20
-835.602
 10
198.01078547234894
 20
-835.602
 10
197.59382012858075
 20
-835.602
 10
196.901135381937
 20
-835.602
 10
195.93610592287493
 20
-835.602
 10
194.70343327791466
 20
-835.602
 10
193.20912290427464
 20
-835.602
 10
191.46045493188768
 20
-835.602
 10
189.46594869533973
 20
-835.602
 10
187.23532122852825
 20
-835.602
 10
184.7794399242496
 20
-835.602
 10
182.11026958935392
 20
-835.602
 10
179.24081415340873
 20
-835.602
 10
176.18505331486136
 20
-835.602
 10
172.95787443335317
 20
-835.602
 10
169.57500000000002
 20
-835.602
 10
166.05291103899577
 20
-835.602
 10
162.40876681371938
 20
-835.602
 10
158.66032122852823
 20
-835.602
 10
154.825836333521
 20
-835.602
 10
150.92399335366508
 20
-835.602
 10
146.9738016757464
 20
-835.602
 10
142.99450623654795
 20
-835.602
 10
139.00549376345208
 20
-835.602
 10
135.0261983242536
 20
-835.602
 10
131.07600664633495
 20
-835.602
 10
127.174163666479
 20
-835.602
 10
123.33967877147177
 20
-835.602
 10
119.59123318628062
 20
-835.602
 10
115.94708896100423
 20
-835.602
 10
112.42500000000001
 20
-835.602
 10
109.04212556664683
 20
-835.602
 10
105.81494668513864
 20
-835.602
 10
102.75918584659127
 20
-835.602
 10
99.8897304106461
 20
-835.602
 10
97.2205600757504
 20
-835.602
 10
94.76467877147175
 20
-835.602
 10
92.53405130466027
 20
-835.602
 10
90.53954506811235
 20
-835.602
 10
88.79087709572536
 20
-835.602
 10
87.29656672208534
 20
-835.602
 10
86.0638940771251
 20
-835.602
 10
85.098864618063
 20
-835.602
 10
84.40617987141925
 20
-835.602
 10
83.98921452765106
 20
-835.602
 10
83.85
 20
-835.602
 10
83.98921452765106
 20
-835.602
 10
84.40617987141925
 20
-835.602
 10
85.098864618063
 20
-835.602
 10
86.06389407712507
 20
-835.602
 10
87.29656672208534
 20
-835.602
 10
88.79087709572536
 20
-835.602
 10
90.53954506811232
 20
-835.602
 10
92.53405130466027
 20
-835.602
 10
94.76467877147175
 20
-835.602
 10
97.2205600757504
 20
-835.602
 10
99.8897304106461
 20
-835.602
 10
102.75918584659124
 20
-835.602
 10
105.81494668513864
 20
-835.602
 10
109.04212556664683
 20
-835.602
 10
112.42499999999998
 20
-835.602
 10
115.94708896100421
 20
-835.602
 10
119.59123318628062
 20
-835.602
 10
123.33967877147174
 20
-835.602
 10
127.17416366647899
 20
-835.602
 10
131.0760066463349
 20
-835.602
 10
135.02619832425356
 20
-835.602
 10
139.00549376345208
 20
-835.602
 10
142.9945062365479
 20
-835.602
 10
146.97380167574642
 20
-835.602
 10
150.92399335366508
 20
-835.602
 10
154.82583633352098
 20
-835.602
 10
158.66032122852823
 20
-835.602
 10
162.40876681371935
 20
-835.602
 10
166.05291103899577
 20
-835.602
 10
169.57500000000005
 20
-835.602
 10
172.95787443335314
 20
-835.602
 10
176.18505331486134
 20
-835.602
 10
179.24081415340876
 20
-835.602
 10
182.1102695893539
 20
-835.602
 10
184.77943992424957
 20
-835.602
 10
187.23532122852828
 20
-835.602
 10
189.4659486953397
 20
-835.602
 10
191.46045493188768
 20
-835.602
 10
193.20912290427464
 20
-835.602
 10
194.70343327791466
 20
-835.602
 10
195.93610592287493
 20
-835.602
 10
196.901135381937
 20
-835.602
 10
197.59382012858075
 20
-835.602
 10
198.01078547234894
 20
-835.602
 10
198.15
 20
-835.602
  0
LWPOLYLINE
  5
1B1
330
17
100
AcDbEntity
  8
XZ_SIDE
100
AcDbPolyline
 90
2
 70
0
 10
198.15
 20
-829.602
 10
198.15
 20
-835.602
  0
LWPOLYLINE
  5
1B2
330
17
100
AcDbEntity
  8
XZ_SIDE
100
AcDbPolyline
 90
91
 70
0
 10
198.15
 20
-829.602
 10
198.01078547234894
 20
-829.602
 10
197.59382012858075
 20
-829.602
 10
196.901135381937
 20
-829.602
 10
195.93610592287493
 20
-829.602
 10
194.70343327791466
 20
-829.602
 10
193.20912290427464
 20
-829.602
 10
191.46045493188768
 20
-829.602
 10
189.46594869533973
 20
-829.602
 10
187.23532122852825
 20
-829.602
 10
184.7794399242496
 20
-829.602
 10
182.11026958935392
 20
-829.602
 10
179.24081415340873
 20
-829.602
 10
176.18505331486136
 20
-829.602
 10
172.95787443335317
 20
-829.602
 10
169.57500000000002
 20
-829.602
 10
166.05291103899577
 20
-829.602
 10
162.40876681371938
 20
-829.602
 10
158.66032122852823
 20
-829.602
 10
154.825836333521
 20
-829.602
 10
150.92399335366508
 20
-829.602
 10
146.9738016757464
 20
-829.602
 10
142.99450623654795
 20
-829.602
 10
139.00549376345208
 20
-829.602
 10
135.0261983242536
 20
-829.602
 10
131.07600664633495
 20
-829.602
 10
127.174163666479
 20
-829.602
 10
123.33967877147177
 20
-829.602
 10
119.59123318628062
 20
-829.602
 10
115.94708896100423
 20
-829.602
 10
112.42500000000001
 20
-829.602
 10
109.04212556664683
 20
-829.602
 10
105.81494668513864
 20
-829.602
 10
102.75918584659127
 20
-829.602
 10
99.8897304106461
 20
-829.602
 10
97.2205600757504
 20
-829.602
 10
94.76467877147175
 20
-829.602
 10
92.53405130466027
 20
-829.602
 10
90.53954506811235
 20
-829.602
 10
88.79087709572536
 20
-829.602
 10
87.29656672208534
 20
-829.602
 10
86.0638940771251
 20
-829.602
 10
85.098864618063
 20
-829.602
 10
84.40617987141925
 20
-829.602
 10
83.98921452765106
 20
-829.602
 10
83.85
 20
-829.602
 10
83.98921452765106
 20
-829.602
 10
84.40617987141925
 20
-829.602
 10
85.098864618063
 20
-829.602
 10
86.06389407712507
 20
-829.602
 10
87.29656672208534
 20
-829.602
 10
88.79087709572536
 20
-829.602
 10
90.53954506811232
 20
-829.602
 10
92.53405130466027
 20
-829.602
 10
94.76467877147175
 20
-829.602
 10
97.2205600757504
 20
-829.602
 10
99.8897304106461
 20
-829.602
 10
102.75918584659124
 20
-829.602
 10
105.81494668513864
 20
-829.602
 10
109.04212556664683
 20
-829.602
 10
112.42499999999998
 20
-829.602
 10
115.94708896100421
 20
-829.602
 10
119.59123318628062
 20
-829.602
 10
123.33967877147174
 20
-829.602
 10
127.17416366647899
 20
-829.602
 10
131.0760066463349
 20
-829.602
 10
135.02619832425356
 20
-829.602
 10
139.00549376345208
 20
-829.602
 10
142.9945062365479
 20
-829.602
 10
146.97380167574642
 20
-829.602
 10
150.92399335366508
 20
-829.602
 10
154.82583633352098
 20
-829.602
 10
158.66032122852823
 20
-829.602
 10
162.40876681371935
 20
-829.602
 10
166.05291103899577
 20
-829.602
 10
169.57500000000005
 20
-829.602
 10
172.95787443335314
 20
-829.602
 10
176.18505331486134
 20
-829.602
 10
179.24081415340876
 20
-829.602
 10
182.1102695893539
 20
-829.602
 10
184.77943992424957
 20
-829.602
 10
187.23532122852828
 20
-829.602
 10
189.4659486953397
 20
-829.602
 10
191.46045493188768
 20
-829.602
 10
193.20912290427464
 20
-829.602
 10
194.70343327791466
 20
-829.602
 10
195.93610592287493
 20
-829.602
 10
196.901135381937
 20
-829.602
 10
197.59382012858075
 20
-829.602
 10
198.01078547234894
 20
-829.602
 10
198.15
 20
-829.602
  0
LWPOLYLINE
  5
1B3
330
17
100
AcDbEntity
  8
XZ_SIDE
100
AcDbPolyline
 90
12
 70
0
 10
119.470418
 20
-835.602
 10
118.66081101743902
 20
-835.602
 10
116.48903456630961
 20
-835.602
 10
113.64461232480625
 20
-835.602
 10
111.03062825687906
 20
-835.602
 10
109.47700383456606
 20
-835.602
 10
109.47700383456606
 20
-835.602
 10
111.03062825687906
 20
-835.602
 10
113.64461232480625
 20
-835.602
 10
116.48903456630961
 20
-835.602
 10
118.66081101743902
 20
-835.602
 10
119.470418
 20
-835.602
  0
LWPOLYLINE
  5
1B4
330
17
100
AcDbEntity
  8
XZ_SIDE
100
AcDbPolyline
 90
12
 70
0
 10
146.1
 20
-835.602
 10
145.29039301743902
 20
-835.602
 10
143.1186165663096
 20
-835.602
 10
140.27419432480625
 20
-835.602
 10
137.66021025687905
 20
-835.602
 10
136.10658583456606
 20
-835.602
 10
136.10658583456606
 20
-835.602
 10
137.66021025687905
 20
-835.602
 10
140.27419432480625
 20
-835.602
 10
143.1186165663096
 20
-835.602
 10
145.29039301743902
 20
-835.602
 10
146.1
 20
-835.602
  0
LWPOLYLINE
  5
1B5
330
17
100
AcDbEntity
  8
XZ_SIDE
100
AcDbPolyline
 90
12
 70
0
 10
172.729582
 20
-835.602
 10
171.91997501743901
 20
-835.602
 10
169.7481985663096
 20
-835.602
 10
166.90377632480624
 20
-835.602
 10
164.28979225687905
 20
-835.602
 10
162.73616783456606
 20
-835.602
 10
162.73616783456606
 20
-835.602
 10
164.28979225687905
 20
-835.602
 10
166.90377632480624
 20
-835.602
 10
169.7481985663096
 20
-835.602
 10
171.91997501743901
 20
-835.602
 10
172.729582
 20
-835.602
  0
LWPOLYLINE
  5
1B6
330
17
100
AcDbEntity
  8
XZ_SIDE
100
AcDbPolyline
 90
12
 70
0
 10
129.642013
 20
-835.602
 10
128.832406017439
 20
-835.602
 10
126.66062956630962
 20
-835.602
 10
123.81620732480624
 20
-835.602
 10
121.20222325687905
 20
-835.602
 10
119.64859883456606
 20
-835.602
 10
119.64859883456606
 20
-835.602
 10
121.20222325687905
 20
-835.602
 10
123.81620732480624
 20
-835.602
 10
126.66062956630962
 20
-835.602
 10
128.832406017439
 20
-835.602
 10
129.642013
 20
-835.602
  0
LWPOLYLINE
  5
1B7
330
17
100
AcDbEntity
  8
XZ_SIDE
100
AcDbPolyline
 90
12
 70
0
 10
162.557987
 20
-835.602
 10
161.74838001743902
 20
-835.602
 10
159.57660356630961
 20
-835.602
 10
156.73218132480625
 20
-835.602
 10
154.11819725687906
 20
-835.602
 10
152.56457283456606
 20
-835.602
 10
152.56457283456606
 20
-835.602
 10
154.11819725687906
 20
-835.602
 10
156.73218132480625
 20
-835.602
 10
159.57660356630961
 20
-835.602
 10
161.74838001743902
 20
-835.602
 10
162.557987
 20
-835.602
  0
LWPOLYLINE
  5
1B8
330
17
100
AcDbEntity
  8
XZ_SIDE
100
AcDbPolyline
 90
71
 70
0
 10
185.0
 20
-829.602
 10
184.82286893579052
 20
-829.602
 10
184.29290189833972
 20
-829.602
 10
183.41436587061753
 20
-829.602
 10
182.19433430814843
 20
-829.602
 10
180.64263018770646
 20
-829.602
 10
178.7717469184821
 20
-829.602
 10
176.5967477524977
 20
-829.602
 10
174.1351445041589
 20
-829.602
 10
171.40675655542205
 20
-829.602
 10
168.43355128178428
 20
-829.602
 10
165.23946718389251
 20
-829.602
 10
161.85022114881195
 20
-829.602
 10
158.29310139277266
 20
-829.602
 10
154.5967477524977
 20
-829.602
 10
150.79092109407785
 20
-829.602
 10
146.90626369597686
 20
-829.602
 10
142.97405253542266
 20
-829.602
 10
139.02594746457734
 20
-829.602
 10
135.09373630402317
 20
-829.602
 10
131.20907890592218
 20
-829.602
 10
127.40325224750232
 20
-829.602
 10
123.70689860722737
 20
-829.602
 10
120.14977885118807
 20
-829.602
 10
116.76053281610751
 20
-829.602
 10
113.56644871821574
 20
-829.602
 10
110.59324344457795
 20
-829.602
 10
107.86485549584111
 20
-829.602
 10
105.40325224750231
 20
-829.602
 10
103.22825308151789
 20
-829.602
 10
101.35736981229357
 20
-829.602
 10
99.80566569185157
 20
-829.602
 10
98.58563412938247
 20
-829.602
 10
97.7070981016603
 20
-829.602
 10
97.17713106420948
 20
-829.602
 10
97.0
 20
-829.602
 10
97.17713106420948
 20
-829.602
 10
97.70709810166029
 20
-829.602
 10
98.58563412938244
 20
-829.602
 10
99.80566569185154
 20
-829.602
 10
101.35736981229354
 20
-829.602
 10
103.22825308151788
 20
-829.602
 10
105.4032522475023
 20
-829.602
 10
107.86485549584111
 20
-829.602
 10
110.59324344457794
 20
-829.602
 10
113.56644871821572
 20
-829.602
 10
116.76053281610746
 20
-829.602
 10
120.14977885118802
 20
-829.602
 10
123.70689860722732
 20
-829.602
 10
127.40325224750227
 20
-829.602
 10
131.20907890592213
 20
-829.602
 10
135.0937363040231
 20
-829.602
 10
139.02594746457734
 20
-829.602
 10
142.9740525354226
 20
-829.602
 10
146.90626369597683
 20
-829.602
 10
150.79092109407782
 20
-829.602
 10
154.59674775249766
 20
-829.602
 10
158.29310139277263
 20
-829.602
 10
161.85022114881193
 20
-829.602
 10
165.2394671838925
 20
-829.602
 10
168.43355128178425
 20
-829.602
 10
171.40675655542205
 20
-829.602
 10
174.13514450415886
 20
-829.602
 10
176.5967477524977
 20
-829.602
 10
178.77174691848208
 20
-829.602
 10
180.64263018770643
 20
-829.602
 10
182.19433430814843
 20
-829.602
 10
183.41436587061753
 20
-829.602
 10
184.2929018983397
 20
-829.602
 10
184.82286893579052
 20
-829.602
 10
185.0
 20
-829.602
  0
LWPOLYLINE
  5
1B9
330
17
100
AcDbEntity
  8
XZ_SIDE
100
AcDbPolyline
 90
2
 70
0
 10
119.470418
 20
-825.602
 10
119.470418
 20
-835.602
  0
LWPOLYLINE
  5
1BA
330
17
100
AcDbEntity
  8
XZ_SIDE
100
AcDbPolyline
 90
12
 70
0
 10
119.470418
 20
-825.602
 10
118.66081101743902
 20
-825.602
 10
116.48903456630961
 20
-825.602
 10
113.64461232480625
 20
-825.602
 10
111.03062825687906
 20
-825.602
 10
109.47700383456606
 20
-825.602
 10
109.47700383456606
 20
-825.602
 10
111.03062825687906
 20
-825.602
 10
113.64461232480625
 20
-825.602
 10
116.48903456630961
 20
-825.602
 10
118.66081101743902
 20
-825.602
 10
119.470418
 20
-825.602
  0
LWPOLYLINE
  5
1BB
330
17
100
AcDbEntity
  8
XZ_SIDE
100
AcDbPolyline
 90
2
 70
0
 10
146.1
 20
-825.602
 10
146.1
 20
-835.602
  0
LWPOLYLINE
  5
1BC
330
17
100
AcDbEntity
  8
XZ_SIDE
100
AcDbPolyline
 90
12
 70
0
 10
146.1
 20
-825.602
 10
145.29039301743902
 20
-825.602
 10
143.1186165663096
 20
-825.602
 10
140.27419432480625
 20
-825.602
 10
137.66021025687905
 20
-825.602
 10
136.10658583456606
 20
-825.602
 10
136.10658583456606
 20
-825.602
 10
137.66021025687905
 20
-825.602
 10
140.27419432480625
 20
-825.602
 10
143.1186165663096
 20
-825.602
 10
145.29039301743902
 20
-825.602
 10
146.1
 20
-825.602
  0
LWPOLYLINE
  5
1BD
330
17
100
AcDbEntity
  8
XZ_SIDE
100
AcDbPolyline
 90
2
 70
0
 10
172.729582
 20
-825.602
 10
172.729582
 20
-835.602
  0
LWPOLYLINE
  5
1BE
330
17
100
AcDbEntity
  8
XZ_SIDE
100
AcDbPolyline
 90
12
 70
0
 10
172.729582
 20
-825.602
 10
171.91997501743901
 20
-825.602
 10
169.7481985663096
 20
-825.602
 10
166.90377632480624
 20
-825.602
 10
164.28979225687905
 20
-825.602
 10
162.73616783456606
 20
-825.602
 10
162.73616783456606
 20
-825.602
 10
164.28979225687905
 20
-825.602
 10
166.90377632480624
 20
-825.602
 10
169.7481985663096
 20
-825.602
 10
171.91997501743901
 20
-825.602
 10
172.729582
 20
-825.602
  0
LWPOLYLINE
  5
1BF
330
17
100
AcDbEntity
  8
XZ_SIDE
100
AcDbPolyline
 90
2
 70
0
 10
129.642013
 20
-825.602
 10
129.642013
 20
-835.602
  0
LWPOLYLINE
  5
1C0
330
17
100
AcDbEntity
  8
XZ_SIDE
100
AcDbPolyline
 90
12
 70
0
 10
129.642013
 20
-825.602
 10
128.832406017439
 20
-825.602
 10
126.66062956630962
 20
-825.602
 10
123.81620732480624
 20
-825.602
 10
121.20222325687905
 20
-825.602
 10
119.64859883456606
 20
-825.602
 10
119.64859883456606
 20
-825.602
 10
121.20222325687905
 20
-825.602
 10
123.81620732480624
 20
-825.602
 10
126.66062956630962
 20
-825.602
 10
128.832406017439
 20
-825.602
 10
129.642013
 20
-825.602
  0
LWPOLYLINE
  5
1C1
330
17
100
AcDbEntity
  8
XZ_SIDE
100
AcDbPolyline
 90
2
 70
0
 10
162.557987
 20
-825.602
 10
162.557987
 20
-835.602
  0
LWPOLYLINE
  5
1C2
330
17
100
AcDbEntity
  8
XZ_SIDE
100
AcDbPolyline
 90
12
 70
0
 10
162.557987
 20
-825.602
 10
161.74838001743902
 20
-825.602
 10
159.57660356630961
 20
-825.602
 10
156.73218132480625
 20
-825.602
 10
154.11819725687906
 20
-825.602
 10
152.56457283456606
 20
-825.602
 10
152.56457283456606
 20
-825.602
 10
154.11819725687906
 20
-825.602
 10
156.73218132480625
 20
-825.602
 10
159.57660356630961
 20
-825.602
 10
161.74838001743902
 20
-825.602
 10
162.557987
 20
-825.602
  0
LWPOLYLINE
  5
1C3
330
17
100
AcDbEntity
  8
XZ_SIDE
100
AcDbPolyline
 90
2
 70
0
 10
185.0
 20
-825.602
 10
185.0
 20
-829.602
  0
LWPOLYLINE
  5
1C4
330
17
100
AcDbEntity
  8
XZ_SIDE
100
AcDbPolyline
 90
71
 70
0
 10
185.0
 20
-825.602
 10
184.82286893579052
 20
-825.602
 10
184.29290189833972
 20
-825.602
 10
183.41436587061753
 20
-825.602
 10
182.19433430814843
 20
-825.602
 10
180.64263018770646
 20
-825.602
 10
178.7717469184821
 20
-825.602
 10
176.5967477524977
 20
-825.602
 10
174.1351445041589
 20
-825.602
 10
171.40675655542205
 20
-825.602
 10
168.43355128178428
 20
-825.602
 10
165.23946718389251
 20
-825.602
 10
161.85022114881195
 20
-825.602
 10
158.29310139277266
 20
-825.602
 10
154.5967477524977
 20
-825.602
 10
150.79092109407785
 20
-825.602
 10
146.90626369597686
 20
-825.602
 10
142.97405253542266
 20
-825.602
 10
139.02594746457734
 20
-825.602
 10
135.09373630402317
 20
-825.602
 10
131.20907890592218
 20
-825.602
 10
127.40325224750232
 20
-825.602
 10
123.70689860722737
 20
-825.602
 10
120.14977885118807
 20
-825.602
 10
116.76053281610751
 20
-825.602
 10
113.56644871821574
 20
-825.602
 10
110.59324344457795
 20
-825.602
 10
107.86485549584111
 20
-825.602
 10
105.40325224750231
 20
-825.602
 10
103.22825308151789
 20
-825.602
 10
101.35736981229357
 20
-825.602
 10
99.80566569185157
 20
-825.602
 10
98.58563412938247
 20
-825.602
 10
97.7070981016603
 20
-825.602
 10
97.17713106420948
 20
-825.602
 10
97.0
 20
-825.602
 10
97.17713106420948
 20
-825.602
 10
97.70709810166029
 20
-825.602
 10
98.58563412938244
 20
-825.602
 10
99.80566569185154
 20
-825.602
 10
101.35736981229354
 20
-825.602
 10
103.22825308151788
 20
-825.602
 10
105.4032522475023
 20
-825.602
 10
107.86485549584111
 20
-825.602
 10
110.59324344457794
 20
-825.602
 10
113.56644871821572
 20
-825.602
 10
116.76053281610746
 20
-825.602
 10
120.14977885118802
 20
-825.602
 10
123.70689860722732
 20
-825.602
 10
127.40325224750227
 20
-825.602
 10
131.20907890592213
 20
-825.602
 10
135.0937363040231
 20
-825.602
 10
139.02594746457734
 20
-825.602
 10
142.9740525354226
 20
-825.602
 10
146.90626369597683
 20
-825.602
 10
150.79092109407782
 20
-825.602
 10
154.59674775249766
 20
-825.602
 10
158.29310139277263
 20
-825.602
 10
161.85022114881193
 20
-825.602
 10
165.2394671838925
 20
-825.602
 10
168.43355128178425
 20
-825.602
 10
171.40675655542205
 20
-825.602
 10
174.13514450415886
 20
-825.602
 10
176.5967477524977
 20
-825.602
 10
178.77174691848208
 20
-825.602
 10
180.64263018770643
 20
-825.602
 10
182.19433430814843
 20
-825.602
 10
183.41436587061753
 20
-825.602
 10
184.2929018983397
 20
-825.602
 10
184.82286893579052
 20
-825.602
 10
185.0
 20
-825.602
  0
LWPOLYLINE
  5
1C5
330
17
100
AcDbEntity
  8
XZ_SIDE
100
AcDbPolyline
 90
21
 70
0
 10
141.0
 20
-511.79999999999995
 10
141.0
 20
-507.8927370327533
 10
141.0
 20
-504.0095636409965
 10
141.0
 20
-500.17442087997586
 10
141.0
 20
-496.4109536801276
 10
141.0
 20
-492.74236506821853
 10
141.0
 20
-489.1912731129705
 10
141.0
 20
-485.77957147714574
 10
141.0
 20
-482.5282944358348
 10
141.0
 20
-479.4574871931568
 10
141.0
 20
-476.5860822969099
 10
141.0
 20
-473.93178291311847
 10
141.0
 20
-471.5109536801276
 10
141.0
 20
-469.33851981516614
 10
141.0
 20
-467.42787509541927
 10
141.0
 20
-465.7907992809379
 10
141.0
 20
-464.4373854885014
 10
141.0
 20
-463.3759779641957
 10
141.0
 20
-462.61312063836215
 10
141.0
 20
-462.1535167800902
 10
141.0
 20
-462.0
  0
LWPOLYLINE
  5
1C6
330
17
100
AcDbEntity
  8
XZ_SIDE
100
AcDbPolyline
 90
80
 70
0
 10
141.0
 20
-511.79999999999995
 10
144.95661831519138
 20
-511.79999999999995
 10
148.8882216154793
 20
-511.79999999999995
 10
152.76995303893867
 20
-511.79999999999995
 10
156.5772710297069
 20
-511.79999999999995
 10
160.2861044976019
 20
-511.79999999999995
 10
163.87300500330429
 20
-511.79999999999995
 10
167.31529500694046
 20
-511.79999999999995
 10
170.5912112427912
 20
-511.79999999999995
 10
173.6800423136647
 20
-511.79999999999995
 10
176.56225963501814
 20
-511.79999999999995
 10
179.21964090095662
 20
-511.79999999999995
 10
181.63538529151822
 20
-511.79999999999995
 10
183.7942196928671
 20
-511.79999999999995
 10
185.68249525883675
 20
-511.79999999999995
 10
187.28827370332988
 20
-511.79999999999995
 10
188.6014027780069
 20
-511.79999999999995
 10
189.61358045806872
 20
-511.79999999999995
 10
190.31840743033058
 20
-511.79999999999995
 10
190.71142755174026
 20
-511.79999999999995
 10
190.79015602254927
 20
-511.79999999999995
 10
190.55409509601688
 20
-511.79999999999995
 10
190.00473722532536
 20
-511.79999999999995
 10
189.14555562781024
 20
-511.79999999999995
 10
187.9819823261623
 20
-511.79999999999995
 10
186.52137380543093
 20
-511.79999999999995
 10
184.7729645029572
 20
-511.79999999999995
 10
182.74780842528776
 20
-511.79999999999995
 10
180.4587092611864
 20
-511.79999999999995
 10
177.92013943259118
 20
-511.79999999999995
 10
175.14814859530338
 20
-511.79999999999995
 10
172.1602621678959
 20
-511.79999999999995
 10
168.9753705303744
 20
-511.79999999999995
 10
165.6136095931128
 20
-511.79999999999995
 10
162.0962334911447
 20
-511.79999999999995
 10
158.44548020867845
 20
-511.79999999999995
 10
154.68443098340106
 20
-511.79999999999995
 10
150.83686437946204
 20
-511.79999999999995
 10
146.92710595173486
 20
-511.79999999999995
 10
142.97987445182687
 20
-511.79999999999995
 10
139.02012554817307
 20
-511.79999999999995
 10
135.07289404826514
 20
-511.79999999999995
 10
131.163135620538
 20
-511.79999999999995
 10
127.31556901659893
 20
-511.79999999999995
 10
123.55451979132154
 20
-511.79999999999995
 10
119.90376650885528
 20
-511.79999999999995
 10
116.38639040688719
 20
-511.79999999999995
 10
113.02462946962561
 20
-511.79999999999995
 10
109.8397378321041
 20
-511.79999999999995
 10
106.85185140469662
 20
-511.79999999999995
 10
104.0798605674088
 20
-511.79999999999995
 10
101.54129073881359
 20
-511.79999999999995
 10
99.25219157471224
 20
-511.79999999999995
 10
97.2270354970428
 20
-511.79999999999995
 10
95.47862619456907
 20
-511.79999999999995
 10
94.01801767383769
 20
-511.79999999999995
 10
92.85444437218976
 20
-511.79999999999995
 10
91.99526277467466
 20
-511.79999999999995
 10
91.44590490398312
 20
-511.79999999999995
 10
91.20984397745073
 20
-511.79999999999995
 10
91.28857244825974
 20
-511.79999999999995
 10
91.68159256966942
 20
-511.79999999999995
 10
92.38641954193128
 20
-511.79999999999995
 10
93.39859722199311
 20
-511.79999999999995
 10
94.71172629667012
 20
-511.79999999999995
 10
96.31750474116325
 20
-511.79999999999995
 10
98.20578030713288
 20
-511.79999999999995
 10
100.36461470848178
 20
-511.79999999999995
 10
102.78035909904341
 20
-511.79999999999995
 10
105.43774036498189
 20
-511.79999999999995
 10
108.3199576863353
 20
-511.79999999999995
 10
111.40878875720884
 20
-511.79999999999995
 10
114.68470499305954
 20
-511.79999999999995
 10
118.12699499669574
 20
-511.79999999999995
 10
121.71389550239809
 20
-511.79999999999995
 10
125.42272897029311
 20
-511.79999999999995
 10
129.23004696106133
 20
-511.79999999999995
 10
133.11177838452065
 20
-511.79999999999995
 10
137.04338168480865
 20
-511.79999999999995
 10
141.00000000000003
 20
-511.79999999999995
  0
LWPOLYLINE
  5
1C7
330
17
100
AcDbEntity
  8
XZ_SIDE
100
AcDbPolyline
 90
84
 70
0
 10
141.0
 20
-511.79999999999995
 10
144.95750725312266
 20
-511.79999999999995
 10
148.8923462630885
 20
-511.79999999999995
 10
152.7819786283848
 20
-511.79999999999995
 10
156.60412488706547
 20
-511.79999999999995
 10
160.3368921314917
 20
-511.79999999999995
 10
163.95889940892428
 20
-511.79999999999995
 10
167.44940018968447
 20
-511.79999999999995
 10
170.78840120139742
 20
-511.79999999999995
 10
173.95677694864565
 20
-511.79999999999995
 10
176.93637926207484
 20
-511.79999999999995
 10
179.71014124946436
 20
-511.79999999999995
 10
182.2621750533404
 20
-511.79999999999995
 10
184.57786285518475
 20
-511.79999999999995
 10
186.6439406049755
 20
-511.79999999999995
 10
188.44857399646452
 20
-511.79999999999995
 10
189.9814262530116
 20
-511.79999999999995
 10
191.2337173357053
 20
-511.79999999999995
 10
192.19827423463056
 20
-511.79999999999995
 10
192.86957205521995
 20
-511.79999999999995
 10
193.24376566434938
 20
-511.79999999999995
 10
193.31871171491247
 20
-511.79999999999995
 10
193.09398092271869
 20
-511.79999999999995
 10
192.5708605253942
 20
-511.79999999999995
 10
191.75234690920152
 20
-511.79999999999995
 10
190.64312844601014
 20
-511.79999999999995
 10
189.2495586387272
 20
-511.79999999999995
 10
187.57961972900804
 20
-511.79999999999995
 10
185.6428769756991
 20
-511.79999999999995
 10
183.4504238659012
 20
-511.79999999999995
 10
181.0148185724803
 20
-511.79999999999995
 10
178.35001202199032
 20
-511.79999999999995
 10
175.4712679850295
 20
-511.79999999999995
 10
172.39507564674446
 20
-511.79999999999995
 10
169.13905515827108
 20
-511.79999999999995
 10
165.72185671010436
 20
-511.79999999999995
 10
162.16305370549628
 20
-511.79999999999995
 10
158.48303064577456
 20
-511.79999999999995
 10
154.70286636976493
 20
-511.79999999999995
 10
150.84421331611134
 20
-511.79999999999995
 10
146.92917350006817
 20
-511.79999999999995
 10
142.98017191515842
 20
-511.79999999999995
 10
139.01982808484163
 20
-511.79999999999995
 10
135.07082649993185
 20
-511.79999999999995
 10
131.15578668388872
 20
-511.79999999999995
 10
127.29713363023511
 20
-511.79999999999995
 10
123.51696935422547
 20
-511.79999999999995
 10
119.83694629450372
 20
-511.79999999999995
 10
116.27814328989568
 20
-511.79999999999995
 10
112.86094484172897
 20
-511.79999999999995
 10
109.60492435325557
 20
-511.79999999999995
 10
106.52873201497053
 20
-511.79999999999995
 10
103.64998797800969
 20
-511.79999999999995
 10
100.98518142751975
 20
-511.79999999999995
 10
98.5495761340988
 20
-511.79999999999995
 10
96.3571230243009
 20
-511.79999999999995
 10
94.42038027099198
 20
-511.79999999999995
 10
92.75044136127283
 20
-511.79999999999995
 10
91.35687155398986
 20
-511.79999999999995
 10
90.24765309079848
 20
-511.79999999999995
 10
89.42913947460579
 20
-511.79999999999995
 10
88.90601907728131
 20
-511.79999999999995
 10
88.68128828508752
 20
-511.79999999999995
 10
88.75623433565062
 20
-511.79999999999995
 10
89.13042794478005
 20
-511.79999999999995
 10
89.80172576536943
 20
-511.79999999999995
 10
90.76628266429469
 20
-511.79999999999995
 10
92.01857374698838
 20
-511.79999999999995
 10
93.55142600353545
 20
-511.79999999999995
 10
95.35605939502445
 20
-511.79999999999995
 10
97.42213714481522
 20
-511.79999999999995
 10
99.73782494665959
 20
-511.79999999999995
 10
102.28985875053561
 20
-511.79999999999995
 10
105.06362073792513
 20
-511.79999999999995
 10
108.04322305135432
 20
-511.79999999999995
 10
111.21159879860255
 20
-511.79999999999995
 10
114.5505998103155
 20
-511.79999999999995
 10
118.0411005910757
 20
-511.79999999999995
 10
121.66310786850826
 20
-511.79999999999995
 10
125.39587511293448
 20
-511.79999999999995
 10
129.21802137161515
 20
-511.79999999999995
 10
133.1076537369115
 20
-511.79999999999995
 10
137.0424927468773
 20
-511.79999999999995
 10
140.99999999999994
 20
-511.79999999999995
  0
LWPOLYLINE
  5
1C8
330
17
100
AcDbEntity
  8
XZ_SIDE
100
AcDbPolyline
 90
2
 70
0
 10
141.0
 20
-513.802
 10
141.0
 20
-511.79999999999995
  0
LWPOLYLINE
  5
1C9
330
17
100
AcDbEntity
  8
XZ_SIDE
100
AcDbPolyline
 90
84
 70
0
 10
141.0
 20
-513.802
 10
144.95750725312266
 20
-513.802
 10
148.8923462630885
 20
-513.802
 10
152.7819786283848
 20
-513.802
 10
156.60412488706547
 20
-513.802
 10
160.3368921314917
 20
-513.802
 10
163.95889940892428
 20
-513.802
 10
167.44940018968447
 20
-513.802
 10
170.78840120139742
 20
-513.802
 10
173.95677694864565
 20
-513.802
 10
176.93637926207484
 20
-513.802
 10
179.71014124946436
 20
-513.802
 10
182.2621750533404
 20
-513.802
 10
184.57786285518475
 20
-513.802
 10
186.6439406049755
 20
-513.802
 10
188.44857399646452
 20
-513.802
 10
189.9814262530116
 20
-513.802
 10
191.2337173357053
 20
-513.802
 10
192.19827423463056
 20
-513.802
 10
192.86957205521995
 20
-513.802
 10
193.24376566434938
 20
-513.802
 10
193.31871171491247
 20
-513.802
 10
193.09398092271869
 20
-513.802
 10
192.5708605253942
 20
-513.802
 10
191.75234690920152
 20
-513.802
 10
190.64312844601014
 20
-513.802
 10
189.2495586387272
 20
-513.802
 10
187.57961972900804
 20
-513.802
 10
185.6428769756991
 20
-513.802
 10
183.4504238659012
 20
-513.802
 10
181.0148185724803
 20
-513.802
 10
178.35001202199032
 20
-513.802
 10
175.4712679850295
 20
-513.802
 10
172.39507564674446
 20
-513.802
 10
169.13905515827108
 20
-513.802
 10
165.72185671010436
 20
-513.802
 10
162.16305370549628
 20
-513.802
 10
158.48303064577456
 20
-513.802
 10
154.70286636976493
 20
-513.802
 10
150.84421331611134
 20
-513.802
 10
146.92917350006817
 20
-513.802
 10
142.98017191515842
 20
-513.802
 10
139.01982808484163
 20
-513.802
 10
135.07082649993185
 20
-513.802
 10
131.15578668388872
 20
-513.802
 10
127.29713363023511
 20
-513.802
 10
123.51696935422547
 20
-513.802
 10
119.83694629450372
 20
-513.802
 10
116.27814328989568
 20
-513.802
 10
112.86094484172897
 20
-513.802
 10
109.60492435325557
 20
-513.802
 10
106.52873201497053
 20
-513.802
 10
103.64998797800969
 20
-513.802
 10
100.98518142751975
 20
-513.802
 10
98.5495761340988
 20
-513.802
 10
96.3571230243009
 20
-513.802
 10
94.42038027099198
 20
-513.802
 10
92.75044136127283
 20
-513.802
 10
91.35687155398986
 20
-513.802
 10
90.24765309079848
 20
-513.802
 10
89.42913947460579
 20
-513.802
 10
88.90601907728131
 20
-513.802
 10
88.68128828508752
 20
-513.802
 10
88.75623433565062
 20
-513.802
 10
89.13042794478005
 20
-513.802
 10
89.80172576536943
 20
-513.802
 10
90.76628266429469
 20
-513.802
 10
92.01857374698838
 20
-513.802
 10
93.55142600353545
 20
-513.802
 10
95.35605939502445
 20
-513.802
 10
97.42213714481522
 20
-513.802
 10
99.73782494665959
 20
-513.802
 10
102.28985875053561
 20
-513.802
 10
105.06362073792513
 20
-513.802
 10
108.04322305135432
 20
-513.802
 10
111.21159879860255
 20
-513.802
 10
114.5505998103155
 20
-513.802
 10
118.0411005910757
 20
-513.802
 10
121.66310786850826
 20
-513.802
 10
125.39587511293448
 20
-513.802
 10
129.21802137161515
 20
-513.802
 10
133.1076537369115
 20
-513.802
 10
137.0424927468773
 20
-513.802
 10
140.99999999999994
 20
-513.802
  0
LWPOLYLINE
  5
1CA
330
17
100
AcDbEntity
  8
XZ_SIDE
100
AcDbPolyline
 90
80
 70
0
 10
141.0
 20
-513.802
 10
144.95341986792434
 20
-513.802
 10
148.88184494255867
 20
-513.802
 10
152.76043845574372
 20
-513.802
 10
156.56467869049607
 20
-513.802
 10
160.270514015198
 20
-513.802
 10
163.85451494575673
 20
-513.802
 10
167.29402227434633
 20
-513.802
 10
170.56729032821514
 20
-513.802
 10
173.65362445283054
 20
-513.802
 10
176.53351185014782
 20
-513.802
 10
179.188744944802
 20
-513.802
 10
181.60253649826177
 20
-513.802
 10
183.7596257431561
 20
-513.802
 10
185.64637486675952
 20
-513.802
 10
187.25085523363478
 20
-513.802
 10
188.562922802307
 20
-513.802
 10
189.5742822591599
 20
-513.802
 10
190.27853946407913
 20
-513.802
 10
190.67124187626516
 20
-513.802
 10
190.74990670462947
 20
-513.802
 10
190.5140366047994
 20
-513.802
 10
189.96512282348928
 20
-513.802
 10
189.10663577035868
 20
-513.802
 10
187.9440030769651
 20
-513.802
 10
186.48457528152971
 20
-513.802
 10
184.73757935646813
 20
-513.802
 10
182.71406037249994
 20
-513.802
 10
180.42681166815538
 20
-513.802
 10
177.89029396617025
 20
-513.802
 10
175.12054394814055
 20
-513.802
 10
172.13507286545843
 20
-513.802
 10
168.95275582754255
 20
-513.802
 10
165.59371246731916
 20
-513.802
 10
162.07917973842478
 20
-513.802
 10
158.43137764834776
 20
-513.802
 10
154.67336877638664
 20
-513.802
 10
150.82891246459832
 20
-513.802
 10
146.9223146035879
 20
-513.802
 10
142.97827396284234
 20
-513.802
 10
139.02172603715763
 20
-513.802
 10
135.0776853964121
 20
-513.802
 10
131.1710875354017
 20
-513.802
 10
127.32663122361338
 20
-513.802
 10
123.56862235165225
 20
-513.802
 10
119.92082026157523
 20
-513.802
 10
116.40628753268088
 20
-513.802
 10
113.04724417245747
 20
-513.802
 10
109.86492713454155
 20
-513.802
 10
106.87945605185946
 20
-513.802
 10
104.10970603382977
 20
-513.802
 10
101.57318833184462
 20
-513.802
 10
99.28593962750008
 20
-513.802
 10
97.26242064353187
 20
-513.802
 10
95.5154247184703
 20
-513.802
 10
94.05599692303488
 20
-513.802
 10
92.89336422964132
 20
-513.802
 10
92.03487717651072
 20
-513.802
 10
91.48596339520063
 20
-513.802
 10
91.25009329537053
 20
-513.802
 10
91.32875812373484
 20
-513.802
 10
91.72146053592085
 20
-513.802
 10
92.4257177408401
 20
-513.802
 10
93.43707719769299
 20
-513.802
 10
94.7491447663652
 20
-513.802
 10
96.35362513324048
 20
-513.802
 10
98.24037425684386
 20
-513.802
 10
100.39746350173826
 20
-513.802
 10
102.81125505519796
 20
-513.802
 10
105.46648814985218
 20
-513.802
 10
108.34637554716946
 20
-513.802
 10
111.43270967178486
 20
-513.802
 10
114.70597772565367
 20
-513.802
 10
118.1454850542433
 20
-513.802
 10
121.72948598480201
 20
-513.802
 10
125.43532130950393
 20
-513.802
 10
129.23956154425628
 20
-513.802
 10
133.1181550574413
 20
-513.802
 10
137.0465801320757
 20
-513.802
 10
141.0
 20
-513.802
  0
LWPOLYLINE
  5
1CB
330
17
100
AcDbEntity
  8
XZ_SIDE
100
AcDbPolyline
 90
71
 70
0
 10
141.0
 20
-513.802
 10
144.94412959175108
 20
-513.802
 10
148.85650337114
 20
-513.802
 10
152.7056212049337
 20
-513.802
 10
156.46049225957907
 20
-513.802
 10
160.09088452117254
 20
-513.802
 10
163.56756820585986
 20
-513.802
 10
166.8625511008688
 20
-513.802
 10
169.94930394134735
 20
-513.802
 10
172.80297400840522
 20
-513.802
 10
175.40058522859331
 20
-513.802
 10
177.7212231637373
 20
-513.802
 10
179.74620340169648
 20
-513.802
 10
181.45922199226382
 20
-513.802
 10
182.84648671698676
 20
-513.802
 10
183.89682813600024
 20
-513.802
 10
184.60178951778914
 20
-513.802
 10
184.95569492781783
 20
-513.802
 10
184.95569492781783
 20
-513.802
 10
184.60178951778914
 20
-513.802
 10
183.89682813600024
 20
-513.802
 10
182.84648671698676
 20
-513.802
 10
181.45922199226385
 20
-513.802
 10
179.74620340169648
 20
-513.802
 10
177.72122316373733
 20
-513.802
 10
175.40058522859334
 20
-513.802
 10
172.80297400840522
 20
-513.802
 10
169.94930394134735
 20
-513.802
 10
166.8625511008688
 20
-513.802
 10
163.56756820585989
 20
-513.802
 10
160.09088452117257
 20
-513.802
 10
156.4604922595791
 20
-513.802
 10
152.70562120493372
 20
-513.802
 10
148.85650337114004
 20
-513.802
 10
144.9441295917511
 20
-513.802
 10
141.00000000000003
 20
-513.802
 10
137.05587040824895
 20
-513.802
 10
133.14349662886002
 20
-513.802
 10
129.2943787950663
 20
-513.802
 10
125.53950774042094
 20
-513.802
 10
121.90911547882746
 20
-513.802
 10
118.43243179414014
 20
-513.802
 10
115.1374488991312
 20
-513.802
 10
112.05069605865266
 20
-513.802
 10
109.19702599159478
 20
-513.802
 10
106.59941477140669
 20
-513.802
 10
104.27877683626271
 20
-513.802
 10
102.25379659830355
 20
-513.802
 10
100.54077800773618
 20
-513.802
 10
99.15351328301327
 20
-513.802
 10
98.10317186399976
 20
-513.802
 10
97.39821048221089
 20
-513.802
 10
97.04430507218215
 20
-513.802
 10
97.04430507218215
 20
-513.802
 10
97.39821048221087
 20
-513.802
 10
98.10317186399976
 20
-513.802
 10
99.15351328301324
 20
-513.802
 10
100.54077800773618
 20
-513.802
 10
102.25379659830352
 20
-513.802
 10
104.27877683626268
 20
-513.802
 10
106.59941477140666
 20
-513.802
 10
109.19702599159477
 20
-513.802
 10
112.0506960586526
 20
-513.802
 10
115.13744889913117
 20
-513.802
 10
118.43243179414009
 20
-513.802
 10
121.9091154788274
 20
-513.802
 10
125.53950774042087
 20
-513.802
 10
129.29437879506628
 20
-513.802
 10
133.14349662885994
 20
-513.802
 10
137.05587040824892
 20
-513.802
 10
140.99999999999994
 20
-513.802
  0
LWPOLYLINE
  5
1CC
330
17
100
AcDbEntity
  8
XZ_SIDE
100
AcDbPolyline
 90
19
 70
0
 10
141.0
 20
-513.802
 10
141.0
 20
-509.9671473191031
 10
141.0
 20
-506.16148018265505
 10
141.0
 20
-502.4139620154891
 10
141.0
 20
-498.75311369367057
 10
141.0
 20
-495.2067964834092
 10
141.0
 20
-491.802
 10
141.0
 20
-488.564636800554
 10
141.0
 20
-485.5193451737923
 10
141.0
 20
-482.6893016277919
 10
141.0
 20
-480.0960445027649
 10
141.0
 20
-477.7593100512844
 10
141.0
 20
-475.69688223348476
 10
141.0
 20
-473.92445737038736
 10
141.0
 20
-472.4555246854201
 10
141.0
 20
-471.301263643281
 10
141.0
 20
-470.47045886746287
 10
141.0
 20
-469.9694332839632
 10
141.0
 20
-469.802
  0
LWPOLYLINE
  5
1CD
330
17
100
AcDbEntity
  8
XZ_SIDE
100
AcDbPolyline
 90
91
 70
0
 10
141.0
 20
-503.45199979999995
 10
144.98658247447676
 20
-503.45199979999995
 10
148.95374271986773
 20
-503.45199979999995
 10
152.88215313023494
 20
-503.45199979999995
 10
156.7526748849415
 20
-503.45199979999995
 10
160.54645119106198
 20
-503.45199979999995
 10
164.24499915178197
 20
-503.45199979999995
 10
167.83029981321366
 20
-503.45199979999995
 10
171.28488595092767
 20
-503.45199979999995
 10
174.59192716851484
 20
-503.45199979999995
 10
177.73531189358573
 20
-503.45199979999995
 10
180.6997258717317
 20
-503.45199979999995
 10
183.47072677603308
 20
-503.45199979999995
 10
186.03481456862414
 20
-503.45199979999995
 10
188.37949727152062
 20
-503.45199979999995
 10
190.49335182628067
 20
-503.45199979999995
 10
192.36607974599738
 20
-503.45199979999995
 10
193.9885572884919
 20
-503.45199979999995
 10
195.35287990626802
 20
-503.45199979999995
 10
196.4524007566732
 20
-503.45199979999995
 10
197.28176308464768
 20
-503.45199979999995
 10
197.8369263202968
 20
-503.45199979999995
 10
198.11518576414133
 20
-503.45199979999995
 10
198.11518576414133
 20
-503.45199979999995
 10
197.8369263202968
 20
-503.45199979999995
 10
197.28176308464768
 20
-503.45199979999995
 10
196.4524007566732
 20
-503.45199979999995
 10
195.35287990626802
 20
-503.45199979999995
 10
193.9885572884919
 20
-503.45199979999995
 10
192.36607974599738
 20
-503.45199979999995
 10
190.49335182628067
 20
-503.45199979999995
 10
188.37949727152062
 20
-503.45199979999995
 10
186.03481456862417
 20
-503.45199979999995
 10
183.47072677603308
 20
-503.45199979999995
 10
180.69972587173172
 20
-503.45199979999995
 10
177.7353118935857
 20
-503.45199979999995
 10
174.59192716851484
 20
-503.45199979999995
 10
171.28488595092767
 20
-503.45199979999995
 10
167.83029981321368
 20
-503.45199979999995
 10
164.24499915178197
 20
-503.45199979999995
 10
160.54645119106198
 20
-503.45199979999995
 10
156.75267488494154
 20
-503.45199979999995
 10
152.88215313023494
 20
-503.45199979999995
 10
148.95374271986773
 20
-503.45199979999995
 10
144.98658247447676
 20
-503.45199979999995
 10
141.0
 20
-503.45199979999995
 10
137.01341752552324
 20
-503.45199979999995
 10
133.04625728013227
 20
-503.45199979999995
 10
129.11784686976506
 20
-503.45199979999995
 10
125.24732511505852
 20
-503.45199979999995
 10
121.45354880893804
 20
-503.45199979999995
 10
117.75500084821802
 20
-503.45199979999995
 10
114.16970018678636
 20
-503.45199979999995
 10
110.71511404907233
 20
-503.45199979999995
 10
107.40807283148516
 20
-503.45199979999995
 10
104.26468810641428
 20
-503.45199979999995
 10
101.3002741282683
 20
-503.45199979999995
 10
98.52927322396692
 20
-503.45199979999995
 10
95.96518543137583
 20
-503.45199979999995
 10
93.62050272847935
 20
-503.45199979999995
 10
91.50664817371936
 20
-503.45199979999995
 10
89.63392025400262
 20
-503.45199979999995
 10
88.0114427115081
 20
-503.45199979999995
 10
86.64712009373198
 20
-503.45199979999995
 10
85.5475992433268
 20
-503.45199979999995
 10
84.71823691535232
 20
-503.45199979999995
 10
84.16307367970319
 20
-503.45199979999995
 10
83.88481423585867
 20
-503.45199979999995
 10
83.88481423585867
 20
-503.45199979999995
 10
84.16307367970319
 20
-503.45199979999995
 10
84.71823691535232
 20
-503.45199979999995
 10
85.5475992433268
 20
-503.45199979999995
 10
86.64712009373197
 20
-503.45199979999995
 10
88.0114427115081
 20
-503.45199979999995
 10
89.6339202540026
 20
-503.45199979999995
 10
91.50664817371936
 20
-503.45199979999995
 10
93.62050272847935
 20
-503.45199979999995
 10
95.96518543137583
 20
-503.45199979999995
 10
98.52927322396692
 20
-503.45199979999995
 10
101.30027412826828
 20
-503.45199979999995
 10
104.26468810641427
 20
-503.45199979999995
 10
107.40807283148519
 20
-503.45199979999995
 10
110.7151140490723
 20
-503.45199979999995
 10
114.16970018678634
 20
-503.45199979999995
 10
117.75500084821802
 20
-503.45199979999995
 10
121.45354880893804
 20
-503.45199979999995
 10
125.24732511505852
 20
-503.45199979999995
 10
129.11784686976506
 20
-503.45199979999995
 10
133.04625728013224
 20
-503.45199979999995
 10
137.0134175255232
 20
-503.45199979999995
 10
141.0
 20
-503.45199979999995
  0
LWPOLYLINE
  5
1CE
330
17
100
AcDbEntity
  8
XZ_SIDE
100
AcDbPolyline
 90
2
 70
0
 10
141.0
 20
-513.802
 10
141.0
 20
-503.45199979999995
  0
LWPOLYLINE
  5
1CF
330
17
100
AcDbEntity
  8
XZ_SIDE
100
AcDbPolyline
 90
91
 70
0
 10
141.0
 20
-513.802
 10
144.98658247447676
 20
-513.802
 10
148.95374271986773
 20
-513.802
 10
152.88215313023494
 20
-513.802
 10
156.7526748849415
 20
-513.802
 10
160.54645119106198
 20
-513.802
 10
164.24499915178197
 20
-513.802
 10
167.83029981321366
 20
-513.802
 10
171.28488595092767
 20
-513.802
 10
174.59192716851484
 20
-513.802
 10
177.73531189358573
 20
-513.802
 10
180.6997258717317
 20
-513.802
 10
183.47072677603308
 20
-513.802
 10
186.03481456862414
 20
-513.802
 10
188.37949727152062
 20
-513.802
 10
190.49335182628067
 20
-513.802
 10
192.36607974599738
 20
-513.802
 10
193.9885572884919
 20
-513.802
 10
195.35287990626802
 20
-513.802
 10
196.4524007566732
 20
-513.802
 10
197.28176308464768
 20
-513.802
 10
197.8369263202968
 20
-513.802
 10
198.11518576414133
 20
-513.802
 10
198.11518576414133
 20
-513.802
 10
197.8369263202968
 20
-513.802
 10
197.28176308464768
 20
-513.802
 10
196.4524007566732
 20
-513.802
 10
195.35287990626802
 20
-513.802
 10
193.9885572884919
 20
-513.802
 10
192.36607974599738
 20
-513.802
 10
190.49335182628067
 20
-513.802
 10
188.37949727152062
 20
-513.802
 10
186.03481456862417
 20
-513.802
 10
183.47072677603308
 20
-513.802
 10
180.69972587173172
 20
-513.802
 10
177.7353118935857
 20
-513.802
 10
174.59192716851484
 20
-513.802
 10
171.28488595092767
 20
-513.802
 10
167.83029981321368
 20
-513.802
 10
164.24499915178197
 20
-513.802
 10
160.54645119106198
 20
-513.802
 10
156.75267488494154
 20
-513.802
 10
152.88215313023494
 20
-513.802
 10
148.95374271986773
 20
-513.802
 10
144.98658247447676
 20
-513.802
 10
141.0
 20
-513.802
 10
137.01341752552324
 20
-513.802
 10
133.04625728013227
 20
-513.802
 10
129.11784686976506
 20
-513.802
 10
125.24732511505852
 20
-513.802
 10
121.45354880893804
 20
-513.802
 10
117.75500084821802
 20
-513.802
 10
114.16970018678636
 20
-513.802
 10
110.71511404907233
 20
-513.802
 10
107.40807283148516
 20
-513.802
 10
104.26468810641428
 20
-513.802
 10
101.3002741282683
 20
-513.802
 10
98.52927322396692
 20
-513.802
 10
95.96518543137583
 20
-513.802
 10
93.62050272847935
 20
-513.802
 10
91.50664817371936
 20
-513.802
 10
89.63392025400262
 20
-513.802
 10
88.0114427115081
 20
-513.802
 10
86.64712009373198
 20
-513.802
 10
85.5475992433268
 20
-513.802
 10
84.71823691535232
 20
-513.802
 10
84.16307367970319
 20
-513.802
 10
83.88481423585867
 20
-513.802
 10
83.88481423585867
 20
-513.802
 10
84.16307367970319
 20
-513.802
 10
84.71823691535232
 20
-513.802
 10
85.5475992433268
 20
-513.802
 10
86.64712009373197
 20
-513.802
 10
88.0114427115081
 20
-513.802
 10
89.6339202540026
 20
-513.802
 10
91.50664817371936
 20
-513.802
 10
93.62050272847935
 20
-513.802
 10
95.96518543137583
 20
-513.802
 10
98.52927322396692
 20
-513.802
 10
101.30027412826828
 20
-513.802
 10
104.26468810641427
 20
-513.802
 10
107.40807283148519
 20
-513.802
 10
110.7151140490723
 20
-513.802
 10
114.16970018678634
 20
-513.802
 10
117.75500084821802
 20
-513.802
 10
121.45354880893804
 20
-513.802
 10
125.24732511505852
 20
-513.802
 10
129.11784686976506
 20
-513.802
 10
133.04625728013224
 20
-513.802
 10
137.0134175255232
 20
-513.802
 10
141.0
 20
-513.802
  0
LWPOLYLINE
  5
1D0
330
17
100
AcDbEntity
  8
XZ_SIDE
100
AcDbPolyline
 90
84
 70
0
 10
141.0
 20
-503.45199979999995
 10
144.95750725312266
 20
-503.45199979999995
 10
148.8923462630885
 20
-503.45199979999995
 10
152.7819786283848
 20
-503.45199979999995
 10
156.60412488706547
 20
-503.45199979999995
 10
160.3368921314917
 20
-503.45199979999995
 10
163.95889940892428
 20
-503.45199979999995
 10
167.44940018968447
 20
-503.45199979999995
 10
170.78840120139742
 20
-503.45199979999995
 10
173.95677694864565
 20
-503.45199979999995
 10
176.93637926207484
 20
-503.45199979999995
 10
179.71014124946436
 20
-503.45199979999995
 10
182.2621750533404
 20
-503.45199979999995
 10
184.57786285518475
 20
-503.45199979999995
 10
186.6439406049755
 20
-503.45199979999995
 10
188.44857399646452
 20
-503.45199979999995
 10
189.9814262530116
 20
-503.45199979999995
 10
191.2337173357053
 20
-503.45199979999995
 10
192.19827423463056
 20
-503.45199979999995
 10
192.86957205521995
 20
-503.45199979999995
 10
193.24376566434938
 20
-503.45199979999995
 10
193.31871171491247
 20
-503.45199979999995
 10
193.09398092271869
 20
-503.45199979999995
 10
192.5708605253942
 20
-503.45199979999995
 10
191.75234690920152
 20
-503.45199979999995
 10
190.64312844601014
 20
-503.45199979999995
 10
189.2495586387272
 20
-503.45199979999995
 10
187.57961972900804
 20
-503.45199979999995
 10
185.6428769756991
 20
-503.45199979999995
 10
183.4504238659012
 20
-503.45199979999995
 10
181.0148185724803
 20
-503.45199979999995
 10
178.35001202199032
 20
-503.45199979999995
 10
175.4712679850295
 20
-503.45199979999995
 10
172.39507564674446
 20
-503.45199979999995
 10
169.13905515827108
 20
-503.45199979999995
 10
165.72185671010436
 20
-503.45199979999995
 10
162.16305370549628
 20
-503.45199979999995
 10
158.48303064577456
 20
-503.45199979999995
 10
154.70286636976493
 20
-503.45199979999995
 10
150.84421331611134
 20
-503.45199979999995
 10
146.92917350006817
 20
-503.45199979999995
 10
142.98017191515842
 20
-503.45199979999995
 10
139.01982808484163
 20
-503.45199979999995
 10
135.07082649993185
 20
-503.45199979999995
 10
131.15578668388872
 20
-503.45199979999995
 10
127.29713363023511
 20
-503.45199979999995
 10
123.51696935422547
 20
-503.45199979999995
 10
119.83694629450372
 20
-503.45199979999995
 10
116.27814328989568
 20
-503.45199979999995
 10
112.86094484172897
 20
-503.45199979999995
 10
109.60492435325557
 20
-503.45199979999995
 10
106.52873201497053
 20
-503.45199979999995
 10
103.64998797800969
 20
-503.45199979999995
 10
100.98518142751975
 20
-503.45199979999995
 10
98.5495761340988
 20
-503.45199979999995
 10
96.3571230243009
 20
-503.45199979999995
 10
94.42038027099198
 20
-503.45199979999995
 10
92.75044136127283
 20
-503.45199979999995
 10
91.35687155398986
 20
-503.45199979999995
 10
90.24765309079848
 20
-503.45199979999995
 10
89.42913947460579
 20
-503.45199979999995
 10
88.90601907728131
 20
-503.45199979999995
 10
88.68128828508752
 20
-503.45199979999995
 10
88.75623433565062
 20
-503.45199979999995
 10
89.13042794478005
 20
-503.45199979999995
 10
89.80172576536943
 20
-503.45199979999995
 10
90.76628266429469
 20
-503.45199979999995
 10
92.01857374698838
 20
-503.45199979999995
 10
93.55142600353545
 20
-503.45199979999995
 10
95.35605939502445
 20
-503.45199979999995
 10
97.42213714481522
 20
-503.45199979999995
 10
99.73782494665959
 20
-503.45199979999995
 10
102.28985875053561
 20
-503.45199979999995
 10
105.06362073792513
 20
-503.45199979999995
 10
108.04322305135432
 20
-503.45199979999995
 10
111.21159879860255
 20
-503.45199979999995
 10
114.5505998103155
 20
-503.45199979999995
 10
118.0411005910757
 20
-503.45199979999995
 10
121.66310786850826
 20
-503.45199979999995
 10
125.39587511293448
 20
-503.45199979999995
 10
129.21802137161515
 20
-503.45199979999995
 10
133.1076537369115
 20
-503.45199979999995
 10
137.0424927468773
 20
-503.45199979999995
 10
140.99999999999994
 20
-503.45199979999995
  0
LWPOLYLINE
  5
1D1
330
17
100
AcDbEntity
  8
XZ_SIDE
100
AcDbPolyline
 90
84
 70
0
 10
141.0
 20
-513.802
 10
144.95750725312266
 20
-513.802
 10
148.8923462630885
 20
-513.802
 10
152.7819786283848
 20
-513.802
 10
156.60412488706547
 20
-513.802
 10
160.3368921314917
 20
-513.802
 10
163.95889940892428
 20
-513.802
 10
167.44940018968447
 20
-513.802
 10
170.78840120139742
 20
-513.802
 10
173.95677694864565
 20
-513.802
 10
176.93637926207484
 20
-513.802
 10
179.71014124946436
 20
-513.802
 10
182.2621750533404
 20
-513.802
 10
184.57786285518475
 20
-513.802
 10
186.6439406049755
 20
-513.802
 10
188.44857399646452
 20
-513.802
 10
189.9814262530116
 20
-513.802
 10
191.2337173357053
 20
-513.802
 10
192.19827423463056
 20
-513.802
 10
192.86957205521995
 20
-513.802
 10
193.24376566434938
 20
-513.802
 10
193.31871171491247
 20
-513.802
 10
193.09398092271869
 20
-513.802
 10
192.5708605253942
 20
-513.802
 10
191.75234690920152
 20
-513.802
 10
190.64312844601014
 20
-513.802
 10
189.2495586387272
 20
-513.802
 10
187.57961972900804
 20
-513.802
 10
185.6428769756991
 20
-513.802
 10
183.4504238659012
 20
-513.802
 10
181.0148185724803
 20
-513.802
 10
178.35001202199032
 20
-513.802
 10
175.4712679850295
 20
-513.802
 10
172.39507564674446
 20
-513.802
 10
169.13905515827108
 20
-513.802
 10
165.72185671010436
 20
-513.802
 10
162.16305370549628
 20
-513.802
 10
158.48303064577456
 20
-513.802
 10
154.70286636976493
 20
-513.802
 10
150.84421331611134
 20
-513.802
 10
146.92917350006817
 20
-513.802
 10
142.98017191515842
 20
-513.802
 10
139.01982808484163
 20
-513.802
 10
135.07082649993185
 20
-513.802
 10
131.15578668388872
 20
-513.802
 10
127.29713363023511
 20
-513.802
 10
123.51696935422547
 20
-513.802
 10
119.83694629450372
 20
-513.802
 10
116.27814328989568
 20
-513.802
 10
112.86094484172897
 20
-513.802
 10
109.60492435325557
 20
-513.802
 10
106.52873201497053
 20
-513.802
 10
103.64998797800969
 20
-513.802
 10
100.98518142751975
 20
-513.802
 10
98.5495761340988
 20
-513.802
 10
96.3571230243009
 20
-513.802
 10
94.42038027099198
 20
-513.802
 10
92.75044136127283
 20
-513.802
 10
91.35687155398986
 20
-513.802
 10
90.24765309079848
 20
-513.802
 10
89.42913947460579
 20
-513.802
 10
88.90601907728131
 20
-513.802
 10
88.68128828508752
 20
-513.802
 10
88.75623433565062
 20
-513.802
 10
89.13042794478005
 20
-513.802
 10
89.80172576536943
 20
-513.802
 10
90.76628266429469
 20
-513.802
 10
92.01857374698838
 20
-513.802
 10
93.55142600353545
 20
-513.802
 10
95.35605939502445
 20
-513.802
 10
97.42213714481522
 20
-513.802
 10
99.73782494665959
 20
-513.802
 10
102.28985875053561
 20
-513.802
 10
105.06362073792513
 20
-513.802
 10
108.04322305135432
 20
-513.802
 10
111.21159879860255
 20
-513.802
 10
114.5505998103155
 20
-513.802
 10
118.0411005910757
 20
-513.802
 10
121.66310786850826
 20
-513.802
 10
125.39587511293448
 20
-513.802
 10
129.21802137161515
 20
-513.802
 10
133.1076537369115
 20
-513.802
 10
137.0424927468773
 20
-513.802
 10
140.99999999999994
 20
-513.802
  0
LWPOLYLINE
  5
1D2
330
17
100
AcDbEntity
  8
XZ_SIDE
100
AcDbPolyline
 90
2
 70
0
 10
141.0
 20
-513.802
 10
141.0
 20
-503.45199979999995
  0
LWPOLYLINE
  5
1D3
330
17
100
AcDbEntity
  8
XZ_SIDE
100
AcDbPolyline
 90
2
 70
0
 10
141.0
 20
-840.502
 10
141.0
 20
-861.502
  0
LWPOLYLINE
  5
1D4
330
17
100
AcDbEntity
  8
XZ_SIDE
100
AcDbPolyline
 90
12
 70
0
 10
141.0
 20
-840.502
 10
143.70320408727798
 20
-840.502
 10
145.54815997677258
 20
-840.502
 10
145.94910720940467
 20
-840.502
 10
144.7787478717713
 20
-840.502
 10
142.40866278420714
 20
-840.502
 10
139.59133721579286
 20
-840.502
 10
137.2212521282287
 20
-840.502
 10
136.05089279059533
 20
-840.502
 10
136.45184002322742
 20
-840.502
 10
138.29679591272202
 20
-840.502
 10
141.0
 20
-840.502
  0
LWPOLYLINE
  5
1D5
330
17
100
AcDbEntity
  8
XZ_SIDE
100
AcDbPolyline
 90
12
 70
0
 10
141.0
 20
-861.502
 10
143.70320408727798
 20
-861.502
 10
145.54815997677258
 20
-861.502
 10
145.94910720940467
 20
-861.502
 10
144.7787478717713
 20
-861.502
 10
142.40866278420714
 20
-861.502
 10
139.59133721579286
 20
-861.502
 10
137.2212521282287
 20
-861.502
 10
136.05089279059533
 20
-861.502
 10
136.45184002322742
 20
-861.502
 10
138.29679591272202
 20
-861.502
 10
141.0
 20
-861.502
  0
LWPOLYLINE
  5
1D6
330
17
100
AcDbEntity
  8
XZ_SIDE
100
AcDbPolyline
 90
14
 70
0
 10
141.0
 20
-840.502
 10
144.71778537635015
 20
-840.502
 10
147.58387092714926
 20
-840.502
 10
148.94167099278442
 20
-840.502
 10
148.4801299414833
 20
-840.502
 10
146.30498126592636
 20
-840.502
 10
142.91452531430045
 20
-840.502
 10
139.08547468569955
 20
-840.502
 10
135.69501873407364
 20
-840.502
 10
133.5198700585167
 20
-840.502
 10
133.05832900721558
 20
-840.502
 10
134.41612907285074
 20
-840.502
 10
137.28221462364985
 20
-840.502
 10
141.0
 20
-840.502
  0
LWPOLYLINE
  5
1D7
330
17
100
AcDbEntity
  8
XZ_SIDE
100
AcDbPolyline
 90
2
 70
0
 10
141.0
 20
-837.502
 10
141.0
 20
-840.502
  0
LWPOLYLINE
  5
1D8
330
17
100
AcDbEntity
  8
XZ_SIDE
100
AcDbPolyline
 90
14
 70
0
 10
141.0
 20
-837.502
 10
144.71778537635015
 20
-837.502
 10
147.58387092714926
 20
-837.502
 10
148.94167099278442
 20
-837.502
 10
148.4801299414833
 20
-837.502
 10
146.30498126592636
 20
-837.502
 10
142.91452531430045
 20
-837.502
 10
139.08547468569955
 20
-837.502
 10
135.69501873407364
 20
-837.502
 10
133.5198700585167
 20
-837.502
 10
133.05832900721558
 20
-837.502
 10
134.41612907285074
 20
-837.502
 10
137.28221462364985
 20
-837.502
 10
141.0
 20
-837.502
  0
LWPOLYLINE
  5
1D9
330
17
100
AcDbEntity
  8
XZ_SIDE
100
AcDbPolyline
 90
12
 70
0
 10
141.0
 20
-837.502
 10
143.70320408727798
 20
-837.502
 10
145.54815997677258
 20
-837.502
 10
145.94910720940467
 20
-837.502
 10
144.7787478717713
 20
-837.502
 10
142.40866278420714
 20
-837.502
 10
139.59133721579286
 20
-837.502
 10
137.2212521282287
 20
-837.502
 10
136.05089279059533
 20
-837.502
 10
136.45184002322742
 20
-837.502
 10
138.29679591272202
 20
-837.502
 10
141.0
 20
-837.502
  0
LWPOLYLINE
  5
1DA
330
17
100
AcDbEntity
  8
XZ_SIDE
100
AcDbPolyline
 90
2
 70
0
 10
141.0
 20
-816.502
 10
141.0
 20
-837.502
  0
LWPOLYLINE
  5
1DB
330
17
100
AcDbEntity
  8
XZ_SIDE
100
AcDbPolyline
 90
12
 70
0
 10
141.0
 20
-816.502
 10
143.70320408727798
 20
-816.502
 10
145.54815997677258
 20
-816.502
 10
145.94910720940467
 20
-816.502
 10
144.7787478717713
 20
-816.502
 10
142.40866278420714
 20
-816.502
 10
139.59133721579286
 20
-816.502
 10
137.2212521282287
 20
-816.502
 10
136.05089279059533
 20
-816.502
 10
136.45184002322742
 20
-816.502
 10
138.29679591272202
 20
-816.502
 10
141.0
 20
-816.502
  0
LWPOLYLINE
  5
1DC
330
17
100
AcDbEntity
  8
XZ_SIDE
100
AcDbPolyline
 90
2
 70
0
 10
125.0
 20
-541.702
 10
125.0
 20
-540.102
  0
LWPOLYLINE
  5
1DD
330
17
100
AcDbEntity
  8
XZ_SIDE
100
AcDbPolyline
 90
2
 70
0
 10
125.0
 20
-541.702
 10
125.0
 20
-540.102
  0
LWPOLYLINE
  5
1DE
330
17
100
AcDbEntity
  8
XZ_SIDE
100
AcDbPolyline
 90
2
 70
0
 10
125.0
 20
-541.702
 10
157.0
 20
-541.702
  0
LWPOLYLINE
  5
1DF
330
17
100
AcDbEntity
  8
XZ_SIDE
100
AcDbPolyline
 90
2
 70
0
 10
125.0
 20
-541.702
 10
157.0
 20
-541.702
  0
LWPOLYLINE
  5
1E0
330
17
100
AcDbEntity
  8
XZ_SIDE
100
AcDbPolyline
 90
12
 70
0
 10
127.0
 20
-541.702
 10
127.65958179729583
 20
-541.702
 10
128.1097510343325
 20
-541.702
 10
128.20758215909473
 20
-541.702
 10
127.92201448071219
 20
-541.702
 10
127.34371371934654
 20
-541.702
 10
126.65628628065346
 20
-541.702
 10
126.07798551928781
 20
-541.702
 10
125.79241784090526
 20
-541.702
 10
125.8902489656675
 20
-541.702
 10
126.34041820270417
 20
-541.702
 10
127.0
 20
-541.702
  0
LWPOLYLINE
  5
1E1
330
17
100
AcDbEntity
  8
XZ_SIDE
100
AcDbPolyline
 90
12
 70
0
 10
127.0
 20
-541.702
 10
127.65958179729583
 20
-541.702
 10
128.1097510343325
 20
-541.702
 10
128.20758215909473
 20
-541.702
 10
127.92201448071219
 20
-541.702
 10
127.34371371934654
 20
-541.702
 10
126.65628628065346
 20
-541.702
 10
126.07798551928781
 20
-541.702
 10
125.79241784090526
 20
-541.702
 10
125.8902489656675
 20
-541.702
 10
126.34041820270417
 20
-541.702
 10
127.0
 20
-541.702
  0
LWPOLYLINE
  5
1E2
330
17
100
AcDbEntity
  8
XZ_SIDE
100
AcDbPolyline
 90
12
 70
0
 10
155.0
 20
-541.702
 10
155.65958179729583
 20
-541.702
 10
156.1097510343325
 20
-541.702
 10
156.20758215909473
 20
-541.702
 10
155.9220144807122
 20
-541.702
 10
155.34371371934654
 20
-541.702
 10
154.65628628065346
 20
-541.702
 10
154.0779855192878
 20
-541.702
 10
153.79241784090527
 20
-541.702
 10
153.8902489656675
 20
-541.702
 10
154.34041820270417
 20
-541.702
 10
155.0
 20
-541.702
  0
LWPOLYLINE
  5
1E3
330
17
100
AcDbEntity
  8
XZ_SIDE
100
AcDbPolyline
 90
2
 70
0
 10
133.0
 20
-541.702
 10
149.0
 20
-541.702
  0
LWPOLYLINE
  5
1E4
330
17
100
AcDbEntity
  8
XZ_SIDE
100
AcDbPolyline
 90
2
 70
0
 10
133.0
 20
-541.702
 10
149.0
 20
-541.702
  0
LWPOLYLINE
  5
1E5
330
17
100
AcDbEntity
  8
XZ_SIDE
100
AcDbPolyline
 90
12
 70
0
 10
155.0
 20
-541.702
 10
155.65958179729583
 20
-541.702
 10
156.1097510343325
 20
-541.702
 10
156.20758215909473
 20
-541.702
 10
155.9220144807122
 20
-541.702
 10
155.34371371934654
 20
-541.702
 10
154.65628628065346
 20
-541.702
 10
154.0779855192878
 20
-541.702
 10
153.79241784090527
 20
-541.702
 10
153.8902489656675
 20
-541.702
 10
154.34041820270417
 20
-541.702
 10
155.0
 20
-541.702
  0
LWPOLYLINE
  5
1E6
330
17
100
AcDbEntity
  8
XZ_SIDE
100
AcDbPolyline
 90
2
 70
0
 10
125.0
 20
-540.102
 10
157.0
 20
-540.102
  0
LWPOLYLINE
  5
1E7
330
17
100
AcDbEntity
  8
XZ_SIDE
100
AcDbPolyline
 90
2
 70
0
 10
157.0
 20
-541.702
 10
157.0
 20
-540.102
  0
LWPOLYLINE
  5
1E8
330
17
100
AcDbEntity
  8
XZ_SIDE
100
AcDbPolyline
 90
2
 70
0
 10
125.0
 20
-540.102
 10
157.0
 20
-540.102
  0
LWPOLYLINE
  5
1E9
330
17
100
AcDbEntity
  8
XZ_SIDE
100
AcDbPolyline
 90
12
 70
0
 10
127.0
 20
-540.102
 10
127.65958179729583
 20
-540.102
 10
128.1097510343325
 20
-540.102
 10
128.20758215909473
 20
-540.102
 10
127.92201448071219
 20
-540.102
 10
127.34371371934654
 20
-540.102
 10
126.65628628065346
 20
-540.102
 10
126.07798551928781
 20
-540.102
 10
125.79241784090526
 20
-540.102
 10
125.8902489656675
 20
-540.102
 10
126.34041820270417
 20
-540.102
 10
127.0
 20
-540.102
  0
LWPOLYLINE
  5
1EA
330
17
100
AcDbEntity
  8
XZ_SIDE
100
AcDbPolyline
 90
12
 70
0
 10
127.0
 20
-540.102
 10
127.65958179729583
 20
-540.102
 10
128.1097510343325
 20
-540.102
 10
128.20758215909473
 20
-540.102
 10
127.92201448071219
 20
-540.102
 10
127.34371371934654
 20
-540.102
 10
126.65628628065346
 20
-540.102
 10
126.07798551928781
 20
-540.102
 10
125.79241784090526
 20
-540.102
 10
125.8902489656675
 20
-540.102
 10
126.34041820270417
 20
-540.102
 10
127.0
 20
-540.102
  0
LWPOLYLINE
  5
1EB
330
17
100
AcDbEntity
  8
XZ_SIDE
100
AcDbPolyline
 90
12
 70
0
 10
155.0
 20
-540.102
 10
155.65958179729583
 20
-540.102
 10
156.1097510343325
 20
-540.102
 10
156.20758215909473
 20
-540.102
 10
155.9220144807122
 20
-540.102
 10
155.34371371934654
 20
-540.102
 10
154.65628628065346
 20
-540.102
 10
154.0779855192878
 20
-540.102
 10
153.79241784090527
 20
-540.102
 10
153.8902489656675
 20
-540.102
 10
154.34041820270417
 20
-540.102
 10
155.0
 20
-540.102
  0
LWPOLYLINE
  5
1EC
330
17
100
AcDbEntity
  8
XZ_SIDE
100
AcDbPolyline
 90
14
 70
0
 10
141.0
 20
-540.102
 10
144.71778537635015
 20
-540.102
 10
147.58387092714926
 20
-540.102
 10
148.94167099278442
 20
-540.102
 10
148.4801299414833
 20
-540.102
 10
146.30498126592636
 20
-540.102
 10
142.91452531430045
 20
-540.102
 10
139.08547468569955
 20
-540.102
 10
135.69501873407364
 20
-540.102
 10
133.5198700585167
 20
-540.102
 10
133.05832900721558
 20
-540.102
 10
134.41612907285074
 20
-540.102
 10
137.28221462364985
 20
-540.102
 10
141.0
 20
-540.102
  0
LWPOLYLINE
  5
1ED
330
17
100
AcDbEntity
  8
XZ_SIDE
100
AcDbPolyline
 90
12
 70
0
 10
155.0
 20
-540.102
 10
155.65958179729583
 20
-540.102
 10
156.1097510343325
 20
-540.102
 10
156.20758215909473
 20
-540.102
 10
155.9220144807122
 20
-540.102
 10
155.34371371934654
 20
-540.102
 10
154.65628628065346
 20
-540.102
 10
154.0779855192878
 20
-540.102
 10
153.79241784090527
 20
-540.102
 10
153.8902489656675
 20
-540.102
 10
154.34041820270417
 20
-540.102
 10
155.0
 20
-540.102
  0
LWPOLYLINE
  5
1EE
330
17
100
AcDbEntity
  8
XZ_SIDE
100
AcDbPolyline
 90
2
 70
0
 10
157.0
 20
-541.702
 10
157.0
 20
-540.102
  0
LWPOLYLINE
  5
1EF
330
17
100
AcDbEntity
  8
XZ_SIDE
100
AcDbPolyline
 90
2
 70
0
 10
127.0
 20
-541.702
 10
127.0
 20
-540.102
  0
LWPOLYLINE
  5
1F0
330
17
100
AcDbEntity
  8
XZ_SIDE
100
AcDbPolyline
 90
2
 70
0
 10
127.0
 20
-541.702
 10
127.0
 20
-540.102
  0
LWPOLYLINE
  5
1F1
330
17
100
AcDbEntity
  8
XZ_SIDE
100
AcDbPolyline
 90
2
 70
0
 10
155.0
 20
-541.702
 10
155.0
 20
-540.102
  0
LWPOLYLINE
  5
1F2
330
17
100
AcDbEntity
  8
XZ_SIDE
100
AcDbPolyline
 90
2
 70
0
 10
133.0
 20
-547.702
 10
133.0
 20
-541.702
  0
LWPOLYLINE
  5
1F3
330
17
100
AcDbEntity
  8
XZ_SIDE
100
AcDbPolyline
 90
2
 70
0
 10
149.0
 20
-547.702
 10
149.0
 20
-541.702
  0
LWPOLYLINE
  5
1F4
330
17
100
AcDbEntity
  8
XZ_SIDE
100
AcDbPolyline
 90
2
 70
0
 10
133.0
 20
-547.702
 10
149.0
 20
-547.702
  0
LWPOLYLINE
  5
1F5
330
17
100
AcDbEntity
  8
XZ_SIDE
100
AcDbPolyline
 90
2
 70
0
 10
149.0
 20
-547.702
 10
149.0
 20
-541.702
  0
LWPOLYLINE
  5
1F6
330
17
100
AcDbEntity
  8
XZ_SIDE
100
AcDbPolyline
 90
2
 70
0
 10
133.0
 20
-547.702
 10
133.0
 20
-541.702
  0
LWPOLYLINE
  5
1F7
330
17
100
AcDbEntity
  8
XZ_SIDE
100
AcDbPolyline
 90
2
 70
0
 10
133.0
 20
-547.702
 10
149.0
 20
-547.702
  0
LWPOLYLINE
  5
1F8
330
17
100
AcDbEntity
  8
XZ_SIDE
100
AcDbPolyline
 90
2
 70
0
 10
155.0
 20
-541.702
 10
155.0
 20
-540.102
  0
LWPOLYLINE
  5
1F9
330
17
100
AcDbEntity
  8
XZ_SIDE
100
AcDbPolyline
 90
14
 70
0
 10
141.0
 20
-518.352
 10
144.71778537635015
 20
-518.352
 10
147.58387092714926
 20
-518.352
 10
148.94167099278442
 20
-518.352
 10
148.4801299414833
 20
-518.352
 10
146.30498126592636
 20
-518.352
 10
142.91452531430045
 20
-518.352
 10
139.08547468569955
 20
-518.352
 10
135.69501873407364
 20
-518.352
 10
133.5198700585167
 20
-518.352
 10
133.05832900721558
 20
-518.352
 10
134.41612907285074
 20
-518.352
 10
137.28221462364985
 20
-518.352
 10
141.0
 20
-518.352
  0
LWPOLYLINE
  5
1FA
330
17
100
AcDbEntity
  8
XZ_SIDE
100
AcDbPolyline
 90
2
 70
0
 10
141.0
 20
-540.102
 10
141.0
 20
-518.352
  0
LWPOLYLINE
  5
1FB
330
17
100
AcDbEntity
  8
XZ_SIDE
100
AcDbPolyline
 90
2
 70
0
 10
119.0
 20
-558.702
 10
119.0
 20
-555.702
  0
LWPOLYLINE
  5
1FC
330
17
100
AcDbEntity
  8
XZ_SIDE
100
AcDbPolyline
 90
2
 70
0
 10
119.0
 20
-558.702
 10
119.0
 20
-555.702
  0
LWPOLYLINE
  5
1FD
330
17
100
AcDbEntity
  8
XZ_SIDE
100
AcDbPolyline
 90
2
 70
0
 10
119.0
 20
-558.702
 10
163.0
 20
-558.702
  0
LWPOLYLINE
  5
1FE
330
17
100
AcDbEntity
  8
XZ_SIDE
100
AcDbPolyline
 90
2
 70
0
 10
163.0
 20
-558.702
 10
163.0
 20
-555.702
  0
LWPOLYLINE
  5
1FF
330
17
100
AcDbEntity
  8
XZ_SIDE
100
AcDbPolyline
 90
2
 70
0
 10
119.0
 20
-555.702
 10
163.0
 20
-555.702
  0
LWPOLYLINE
  5
200
330
17
100
AcDbEntity
  8
XZ_SIDE
100
AcDbPolyline
 90
2
 70
0
 10
119.0
 20
-555.702
 10
163.0
 20
-555.702
  0
LWPOLYLINE
  5
201
330
17
100
AcDbEntity
  8
XZ_SIDE
100
AcDbPolyline
 90
2
 70
0
 10
129.0
 20
-555.702
 10
153.0
 20
-555.702
  0
LWPOLYLINE
  5
202
330
17
100
AcDbEntity
  8
XZ_SIDE
100
AcDbPolyline
 90
2
 70
0
 10
129.0
 20
-555.702
 10
153.0
 20
-555.702
  0
LWPOLYLINE
  5
203
330
17
100
AcDbEntity
  8
XZ_SIDE
100
AcDbPolyline
 90
2
 70
0
 10
119.0
 20
-558.702
 10
163.0
 20
-558.702
  0
LWPOLYLINE
  5
204
330
17
100
AcDbEntity
  8
XZ_SIDE
100
AcDbPolyline
 90
2
 70
0
 10
163.0
 20
-558.702
 10
163.0
 20
-555.702
  0
LWPOLYLINE
  5
205
330
17
100
AcDbEntity
  8
XZ_SIDE
100
AcDbPolyline
 90
2
 70
0
 10
129.0
 20
-558.702
 10
153.0
 20
-558.702
  0
LWPOLYLINE
  5
206
330
17
100
AcDbEntity
  8
XZ_SIDE
100
AcDbPolyline
 90
2
 70
0
 10
129.0
 20
-558.702
 10
153.0
 20
-558.702
  0
LWPOLYLINE
  5
207
330
17
100
AcDbEntity
  8
XZ_SIDE
100
AcDbPolyline
 90
2
 70
0
 10
129.0
 20
-558.702
 10
129.0
 20
-555.702
  0
LWPOLYLINE
  5
208
330
17
100
AcDbEntity
  8
XZ_SIDE
100
AcDbPolyline
 90
2
 70
0
 10
129.0
 20
-558.702
 10
129.0
 20
-555.702
  0
LWPOLYLINE
  5
209
330
17
100
AcDbEntity
  8
XZ_SIDE
100
AcDbPolyline
 90
2
 70
0
 10
153.0
 20
-558.702
 10
153.0
 20
-555.702
  0
LWPOLYLINE
  5
20A
330
17
100
AcDbEntity
  8
XZ_SIDE
100
AcDbPolyline
 90
2
 70
0
 10
153.0
 20
-558.702
 10
153.0
 20
-555.702
  0
LWPOLYLINE
  5
20B
330
17
100
AcDbEntity
  8
XZ_SIDE
100
AcDbPolyline
 90
12
 70
0
 10
129.5
 20
-541.702
 10
129.10313383207796
 20
-541.702
 10
128.0385375325047
 20
-541.702
 10
126.64421290431679
 20
-541.702
 10
125.36284816513678
 20
-541.702
 10
124.60126756596375
 20
-541.702
 10
124.60126756596375
 20
-541.702
 10
125.36284816513678
 20
-541.702
 10
126.64421290431679
 20
-541.702
 10
128.0385375325047
 20
-541.702
 10
129.10313383207796
 20
-541.702
 10
129.5
 20
-541.702
  0
LWPOLYLINE
  5
20C
330
17
100
AcDbEntity
  8
XZ_SIDE
100
AcDbPolyline
 90
2
 70
0
 10
129.5
 20
-555.702
 10
129.5
 20
-541.702
  0
LWPOLYLINE
  5
20D
330
17
100
AcDbEntity
  8
XZ_SIDE
100
AcDbPolyline
 90
12
 70
0
 10
129.5
 20
-555.702
 10
129.10313383207796
 20
-555.702
 10
128.0385375325047
 20
-555.702
 10
126.64421290431679
 20
-555.702
 10
125.36284816513678
 20
-555.702
 10
124.60126756596375
 20
-555.702
 10
124.60126756596375
 20
-555.702
 10
125.36284816513678
 20
-555.702
 10
126.64421290431679
 20
-555.702
 10
128.0385375325047
 20
-555.702
 10
129.10313383207796
 20
-555.702
 10
129.5
 20
-555.702
  0
LWPOLYLINE
  5
20E
330
17
100
AcDbEntity
  8
XZ_SIDE
100
AcDbPolyline
 90
12
 70
0
 10
128.22
 20
-541.702
 10
128.02632931005405
 20
-541.702
 10
127.5068063158623
 20
-541.702
 10
126.82637589730659
 20
-541.702
 10
126.20106990458675
 20
-541.702
 10
125.82941857219032
 20
-541.702
 10
125.82941857219032
 20
-541.702
 10
126.20106990458675
 20
-541.702
 10
126.82637589730659
 20
-541.702
 10
127.5068063158623
 20
-541.702
 10
128.02632931005405
 20
-541.702
 10
128.22
 20
-541.702
  0
LWPOLYLINE
  5
20F
330
17
100
AcDbEntity
  8
XZ_SIDE
100
AcDbPolyline
 90
12
 70
0
 10
128.22
 20
-555.702
 10
128.02632931005405
 20
-555.702
 10
127.5068063158623
 20
-555.702
 10
126.82637589730659
 20
-555.702
 10
126.20106990458675
 20
-555.702
 10
125.82941857219032
 20
-555.702
 10
125.82941857219032
 20
-555.702
 10
126.20106990458675
 20
-555.702
 10
126.82637589730659
 20
-555.702
 10
127.5068063158623
 20
-555.702
 10
128.02632931005405
 20
-555.702
 10
128.22
 20
-555.702
  0
LWPOLYLINE
  5
210
330
17
100
AcDbEntity
  8
XZ_SIDE
100
AcDbPolyline
 90
2
 70
0
 10
128.22
 20
-555.702
 10
128.22
 20
-541.702
  0
LWPOLYLINE
  5
211
330
17
100
AcDbEntity
  8
XZ_SIDE
100
AcDbPolyline
 90
12
 70
0
 10
129.5
 20
-541.702
 10
129.10313383207796
 20
-541.702
 10
128.0385375325047
 20
-541.702
 10
126.64421290431679
 20
-541.702
 10
125.36284816513678
 20
-541.702
 10
124.60126756596375
 20
-541.702
 10
124.60126756596375
 20
-541.702
 10
125.36284816513678
 20
-541.702
 10
126.64421290431679
 20
-541.702
 10
128.0385375325047
 20
-541.702
 10
129.10313383207796
 20
-541.702
 10
129.5
 20
-541.702
  0
LWPOLYLINE
  5
212
330
17
100
AcDbEntity
  8
XZ_SIDE
100
AcDbPolyline
 90
2
 70
0
 10
129.5
 20
-555.702
 10
129.5
 20
-541.702
  0
LWPOLYLINE
  5
213
330
17
100
AcDbEntity
  8
XZ_SIDE
100
AcDbPolyline
 90
12
 70
0
 10
129.5
 20
-555.702
 10
129.10313383207796
 20
-555.702
 10
128.0385375325047
 20
-555.702
 10
126.64421290431679
 20
-555.702
 10
125.36284816513678
 20
-555.702
 10
124.60126756596375
 20
-555.702
 10
124.60126756596375
 20
-555.702
 10
125.36284816513678
 20
-555.702
 10
126.64421290431679
 20
-555.702
 10
128.0385375325047
 20
-555.702
 10
129.10313383207796
 20
-555.702
 10
129.5
 20
-555.702
  0
LWPOLYLINE
  5
214
330
17
100
AcDbEntity
  8
XZ_SIDE
100
AcDbPolyline
 90
12
 70
0
 10
128.22
 20
-541.702
 10
128.02632931005405
 20
-541.702
 10
127.5068063158623
 20
-541.702
 10
126.82637589730659
 20
-541.702
 10
126.20106990458675
 20
-541.702
 10
125.82941857219032
 20
-541.702
 10
125.82941857219032
 20
-541.702
 10
126.20106990458675
 20
-541.702
 10
126.82637589730659
 20
-541.702
 10
127.5068063158623
 20
-541.702
 10
128.02632931005405
 20
-541.702
 10
128.22
 20
-541.702
  0
LWPOLYLINE
  5
215
330
17
100
AcDbEntity
  8
XZ_SIDE
100
AcDbPolyline
 90
12
 70
0
 10
128.22
 20
-555.702
 10
128.02632931005405
 20
-555.702
 10
127.5068063158623
 20
-555.702
 10
126.82637589730659
 20
-555.702
 10
126.20106990458675
 20
-555.702
 10
125.82941857219032
 20
-555.702
 10
125.82941857219032
 20
-555.702
 10
126.20106990458675
 20
-555.702
 10
126.82637589730659
 20
-555.702
 10
127.5068063158623
 20
-555.702
 10
128.02632931005405
 20
-555.702
 10
128.22
 20
-555.702
  0
LWPOLYLINE
  5
216
330
17
100
AcDbEntity
  8
XZ_SIDE
100
AcDbPolyline
 90
2
 70
0
 10
128.22
 20
-555.702
 10
128.22
 20
-541.702
  0
LWPOLYLINE
  5
217
330
17
100
AcDbEntity
  8
XZ_SIDE
100
AcDbPolyline
 90
12
 70
0
 10
157.5
 20
-541.702
 10
157.10313383207796
 20
-541.702
 10
156.0385375325047
 20
-541.702
 10
154.6442129043168
 20
-541.702
 10
153.3628481651368
 20
-541.702
 10
152.60126756596375
 20
-541.702
 10
152.60126756596375
 20
-541.702
 10
153.3628481651368
 20
-541.702
 10
154.6442129043168
 20
-541.702
 10
156.0385375325047
 20
-541.702
 10
157.10313383207796
 20
-541.702
 10
157.5
 20
-541.702
  0
LWPOLYLINE
  5
218
330
17
100
AcDbEntity
  8
XZ_SIDE
100
AcDbPolyline
 90
2
 70
0
 10
157.5
 20
-555.702
 10
157.5
 20
-541.702
  0
LWPOLYLINE
  5
219
330
17
100
AcDbEntity
  8
XZ_SIDE
100
AcDbPolyline
 90
12
 70
0
 10
157.5
 20
-555.702
 10
157.10313383207796
 20
-555.702
 10
156.0385375325047
 20
-555.702
 10
154.6442129043168
 20
-555.702
 10
153.3628481651368
 20
-555.702
 10
152.60126756596375
 20
-555.702
 10
152.60126756596375
 20
-555.702
 10
153.3628481651368
 20
-555.702
 10
154.6442129043168
 20
-555.702
 10
156.0385375325047
 20
-555.702
 10
157.10313383207796
 20
-555.702
 10
157.5
 20
-555.702
  0
LWPOLYLINE
  5
21A
330
17
100
AcDbEntity
  8
XZ_SIDE
100
AcDbPolyline
 90
12
 70
0
 10
156.22
 20
-541.702
 10
156.02632931005405
 20
-541.702
 10
155.5068063158623
 20
-541.702
 10
154.8263758973066
 20
-541.702
 10
154.20106990458675
 20
-541.702
 10
153.82941857219032
 20
-541.702
 10
153.82941857219032
 20
-541.702
 10
154.20106990458675
 20
-541.702
 10
154.8263758973066
 20
-541.702
 10
155.5068063158623
 20
-541.702
 10
156.02632931005405
 20
-541.702
 10
156.22
 20
-541.702
  0
LWPOLYLINE
  5
21B
330
17
100
AcDbEntity
  8
XZ_SIDE
100
AcDbPolyline
 90
12
 70
0
 10
156.22
 20
-555.702
 10
156.02632931005405
 20
-555.702
 10
155.5068063158623
 20
-555.702
 10
154.8263758973066
 20
-555.702
 10
154.20106990458675
 20
-555.702
 10
153.82941857219032
 20
-555.702
 10
153.82941857219032
 20
-555.702
 10
154.20106990458675
 20
-555.702
 10
154.8263758973066
 20
-555.702
 10
155.5068063158623
 20
-555.702
 10
156.02632931005405
 20
-555.702
 10
156.22
 20
-555.702
  0
LWPOLYLINE
  5
21C
330
17
100
AcDbEntity
  8
XZ_SIDE
100
AcDbPolyline
 90
2
 70
0
 10
156.22
 20
-555.702
 10
156.22
 20
-541.702
  0
LWPOLYLINE
  5
21D
330
17
100
AcDbEntity
  8
XZ_SIDE
100
AcDbPolyline
 90
12
 70
0
 10
157.5
 20
-541.702
 10
157.10313383207796
 20
-541.702
 10
156.0385375325047
 20
-541.702
 10
154.6442129043168
 20
-541.702
 10
153.3628481651368
 20
-541.702
 10
152.60126756596375
 20
-541.702
 10
152.60126756596375
 20
-541.702
 10
153.3628481651368
 20
-541.702
 10
154.6442129043168
 20
-541.702
 10
156.0385375325047
 20
-541.702
 10
157.10313383207796
 20
-541.702
 10
157.5
 20
-541.702
  0
LWPOLYLINE
  5
21E
330
17
100
AcDbEntity
  8
XZ_SIDE
100
AcDbPolyline
 90
2
 70
0
 10
157.5
 20
-555.702
 10
157.5
 20
-541.702
  0
LWPOLYLINE
  5
21F
330
17
100
AcDbEntity
  8
XZ_SIDE
100
AcDbPolyline
 90
12
 70
0
 10
157.5
 20
-555.702
 10
157.10313383207796
 20
-555.702
 10
156.0385375325047
 20
-555.702
 10
154.6442129043168
 20
-555.702
 10
153.3628481651368
 20
-555.702
 10
152.60126756596375
 20
-555.702
 10
152.60126756596375
 20
-555.702
 10
153.3628481651368
 20
-555.702
 10
154.6442129043168
 20
-555.702
 10
156.0385375325047
 20
-555.702
 10
157.10313383207796
 20
-555.702
 10
157.5
 20
-555.702
  0
LWPOLYLINE
  5
220
330
17
100
AcDbEntity
  8
XZ_SIDE
100
AcDbPolyline
 90
12
 70
0
 10
156.22
 20
-541.702
 10
156.02632931005405
 20
-541.702
 10
155.5068063158623
 20
-541.702
 10
154.8263758973066
 20
-541.702
 10
154.20106990458675
 20
-541.702
 10
153.82941857219032
 20
-541.702
 10
153.82941857219032
 20
-541.702
 10
154.20106990458675
 20
-541.702
 10
154.8263758973066
 20
-541.702
 10
155.5068063158623
 20
-541.702
 10
156.02632931005405
 20
-541.702
 10
156.22
 20
-541.702
  0
LWPOLYLINE
  5
221
330
17
100
AcDbEntity
  8
XZ_SIDE
100
AcDbPolyline
 90
12
 70
0
 10
156.22
 20
-555.702
 10
156.02632931005405
 20
-555.702
 10
155.5068063158623
 20
-555.702
 10
154.8263758973066
 20
-555.702
 10
154.20106990458675
 20
-555.702
 10
153.82941857219032
 20
-555.702
 10
153.82941857219032
 20
-555.702
 10
154.20106990458675
 20
-555.702
 10
154.8263758973066
 20
-555.702
 10
155.5068063158623
 20
-555.702
 10
156.02632931005405
 20
-555.702
 10
156.22
 20
-555.702
  0
LWPOLYLINE
  5
222
330
17
100
AcDbEntity
  8
XZ_SIDE
100
AcDbPolyline
 90
2
 70
0
 10
156.22
 20
-555.702
 10
156.22
 20
-541.702
  0
LWPOLYLINE
  5
223
330
17
100
AcDbEntity
  8
XZ_SIDE
100
AcDbPolyline
 90
12
 70
0
 10
242.0
 20
-541.702
 10
241.04752119698708
 20
-541.702
 10
238.49249007801131
 20
-541.702
 10
235.14611097036027
 20
-541.702
 10
232.0708355963283
 20
-541.702
 10
230.24304215831302
 20
-541.702
 10
230.24304215831302
 20
-541.702
 10
232.0708355963283
 20
-541.702
 10
235.14611097036027
 20
-541.702
 10
238.49249007801131
 20
-541.702
 10
241.04752119698708
 20
-541.702
 10
242.0
 20
-541.702
  0
LWPOLYLINE
  5
224
330
17
100
AcDbEntity
  8
XZ_SIDE
100
AcDbPolyline
 90
2
 70
0
 10
242.0
 20
-581.702
 10
242.0
 20
-541.702
  0
LWPOLYLINE
  5
225
330
17
100
AcDbEntity
  8
XZ_SIDE
100
AcDbPolyline
 90
12
 70
0
 10
242.0
 20
-581.702
 10
241.04752119698708
 20
-581.702
 10
238.49249007801131
 20
-581.702
 10
235.14611097036027
 20
-581.702
 10
232.0708355963283
 20
-581.702
 10
230.24304215831302
 20
-581.702
 10
230.24304215831302
 20
-581.702
 10
232.0708355963283
 20
-581.702
 10
235.14611097036027
 20
-581.702
 10
238.49249007801131
 20
-581.702
 10
241.04752119698708
 20
-581.702
 10
242.0
 20
-581.702
  0
LWPOLYLINE
  5
226
330
17
100
AcDbEntity
  8
XZ_SIDE
100
AcDbPolyline
 90
2
 70
0
 10
202.70899448216628
 20
-571.702
 10
226.0
 20
-571.702
  0
LWPOLYLINE
  5
227
330
17
100
AcDbEntity
  8
XZ_SIDE
100
AcDbPolyline
 90
96
 70
0
 10
202.70899448216616
 20
-571.702
 10
202.19794335628364
 20
-571.702
 10
201.43554133181127
 20
-571.702
 10
200.42491973021882
 20
-571.702
 10
199.17022935517326
 20
-571.702
 10
197.67662344444574
 20
-571.702
 10
195.9502365046424
 20
-571.702
 10
193.99815911568854
 20
-571.702
 10
191.82840880854883
 20
-571.702
 10
189.44989713579352
 20
-571.702
 10
186.87239307025848
 20
-571.702
 10
184.10648288212627
 20
-571.702
 10
181.16352665922145
 20
-571.702
 10
178.0556116490979
 20
-571.702
 10
174.79550261455142
 20
-571.702
 10
171.39658940645603
 20
-571.702
 10
167.8728319692515
 20
-571.702
 10
164.23870300495494
 20
-571.702
 10
160.5091285311851
 20
-571.702
 10
156.69942657733847
 20
-571.702
 10
152.82524427070314
 20
-571.702
 10
148.9024935709082
 20
-571.702
 10
144.94728591665998
 20
-571.702
 10
140.97586605318168
 20
-571.702
 10
137.00454531213933
 20
-571.702
 10
133.04963461808532
 20
-571.702
 10
129.12737749657424
 20
-571.702
 10
125.25388335909814
 20
-571.702
 10
121.44506133885233
 20
-571.702
 10
117.71655494908013
 20
-571.702
 10
114.08367783236612
 20
-571.702
 10
110.56135086476708
 20
-571.702
 10
107.16404087310565
 20
-571.702
 10
103.90570121712496
 20
-571.702
 10
100.79971448054476
 20
-571.702
 10
97.85883750639661
 20
-571.702
 10
95.09514900238784
 20
-571.702
 10
92.51999993148894
 20
-571.702
 10
90.14396689149838
 20
-571.702
 10
87.9768086750639
 20
-571.702
 10
86.02742618857565
 20
-571.702
 10
84.30382589455186
 20
-571.702
 10
82.8130869276653
 20
-571.702
 10
81.56133201947094
 20
-571.702
 10
80.55370235125258
 20
-571.702
 10
79.79433643827171
 20
-571.702
 10
79.28635313214521
 20
-571.702
 10
79.03183881116395
 20
-571.702
 10
79.03183881116395
 20
-571.702
 10
79.28635313214522
 20
-571.702
 10
79.79433643827173
 20
-571.702
 10
80.55370235125258
 20
-571.702
 10
81.56133201947097
 20
-571.702
 10
82.81308692766531
 20
-571.702
 10
84.30382589455189
 20
-571.702
 10
86.02742618857565
 20
-571.702
 10
87.97680867506391
 20
-571.702
 10
90.14396689149842
 20
-571.702
 10
92.51999993148898
 20
-571.702
 10
95.0951490023879
 20
-571.702
 10
97.85883750639663
 20
-571.702
 10
100.7997144805448
 20
-571.702
 10
103.90570121712503
 20
-571.702
 10
107.16404087310565
 20
-571.702
 10
110.56135086476712
 20
-571.702
 10
114.0836778323661
 20
-571.702
 10
117.71655494908016
 20
-571.702
 10
121.44506133885233
 20
-571.702
 10
125.25388335909817
 20
-571.702
 10
129.12737749657427
 20
-571.702
 10
133.04963461808532
 20
-571.702
 10
137.00454531213933
 20
-571.702
 10
140.97586605318173
 20
-571.702
 10
144.94728591666
 20
-571.702
 10
148.90249357090823
 20
-571.702
 10
152.82524427070314
 20
-571.702
 10
156.69942657733853
 20
-571.702
 10
160.50912853118513
 20
-571.702
 10
164.23870300495494
 20
-571.702
 10
167.87283196925154
 20
-571.702
 10
171.39658940645603
 20
-571.702
 10
174.7955026145514
 20
-571.702
 10
178.0556116490979
 20
-571.702
 10
181.16352665922147
 20
-571.702
 10
184.10648288212627
 20
-571.702
 10
186.8723930702585
 20
-571.702
 10
189.44989713579355
 20
-571.702
 10
191.82840880854883
 20
-571.702
 10
193.99815911568857
 20
-571.702
 10
195.95023650464242
 20
-571.702
 10
197.67662344444574
 20
-571.702
 10
199.17022935517326
 20
-571.702
 10
200.42491973021882
 20
-571.702
 10
201.43554133181127
 20
-571.702
 10
202.19794335628364
 20
-571.702
 10
202.70899448216616
 20
-571.702
  0
LWPOLYLINE
  5
228
330
17
100
AcDbEntity
  8
XZ_SIDE
100
AcDbPolyline
 90
2
 70
0
 10
202.70899448216628
 20
-571.702
 10
226.0
 20
-571.702
  0
LWPOLYLINE
  5
229
330
17
100
AcDbEntity
  8
XZ_SIDE
100
AcDbPolyline
 90
16
 70
0
 10
225.9999999999998
 20
-571.702
 10
228.26775187310176
 20
-571.702
 10
231.53548392882158
 20
-571.702
 10
235.38059367895693
 20
-571.702
 10
239.3058087278186
 20
-571.702
 10
242.8034969874346
 20
-571.702
 10
245.42131666959668
 20
-571.702
 10
246.8207158084512
 20
-571.702
 10
246.8207158084512
 20
-571.702
 10
245.42131666959668
 20
-571.702
 10
242.80349698743464
 20
-571.702
 10
239.3058087278186
 20
-571.702
 10
235.38059367895693
 20
-571.702
 10
231.53548392882158
 20
-571.702
 10
228.26775187310176
 20
-571.702
 10
225.9999999999998
 20
-571.702
  0
LWPOLYLINE
  5
22A
330
17
100
AcDbEntity
  8
XZ_SIDE
100
AcDbPolyline
 90
90
 70
0
 10
197.6
 20
-571.702
 10
197.45901082353322
 20
-571.702
 10
197.0367456951181
 20
-571.702
 10
196.33530831838385
 20
-571.702
 10
195.3581932190579
 20
-571.702
 10
194.1102683354148
 20
-571.702
 10
192.59775076645226
 20
-571.702
 10
190.82817579861697
 20
-571.702
 10
188.81035936538632
 20
-571.702
 10
186.55435412673143
 20
-571.702
 10
184.0713993872708
 20
-571.702
 10
181.3738651026199
 20
-571.702
 10
178.4751902528949
 20
-571.702
 10
175.3898158903893
 20
-571.702
 10
172.13311319497802
 20
-571.702
 10
168.7213068956725
 20
-571.702
 10
165.1713944398369
 20
-571.702
 10
161.50106131276002
 20
-571.702
 10
157.7285929294577
 20
-571.702
 10
153.8727835376546
 20
-571.702
 10
149.9528425857876
 20
-571.702
 10
145.98829902249986
 20
-571.702
 10
141.99890400440108
 20
-571.702
 10
138.00453249679876
 20
-571.702
 10
134.02508425762082
 20
-571.702
 10
130.08038469782247
 20
-571.702
 10
126.19008611218626
 20
-571.702
 10
122.37356977257784
 20
-571.702
 10
118.64984937142454
 20
-571.702
 10
115.03747629645606
 20
-571.702
 10
111.55444720862407
 20
-571.702
 10
108.21811438364239
 20
-571.702
 10
105.04509926382252
 20
-571.702
 10
102.05120965088383
 20
-571.702
 10
99.25136095228078
 20
-571.702
 10
96.65950187339314
 20
-571.702
 10
94.28854492577747
 20
-571.702
 10
92.15030209768403
 20
-571.702
 10
90.2554260073255
 20
-571.702
 10
88.61335683206889
 20
-571.702
 10
87.23227527794673
 20
-571.702
 10
86.11906182379113
 20
-571.702
 10
85.27926244303438
 20
-571.702
 10
84.71706097394822
 20
-571.702
 10
84.43525827597203
 20
-571.702
 10
84.43525827597203
 20
-571.702
 10
84.71706097394822
 20
-571.702
 10
85.27926244303438
 20
-571.702
 10
86.11906182379113
 20
-571.702
 10
87.23227527794671
 20
-571.702
 10
88.61335683206889
 20
-571.702
 10
90.2554260073255
 20
-571.702
 10
92.15030209768403
 20
-571.702
 10
94.28854492577747
 20
-571.702
 10
96.65950187339315
 20
-571.702
 10
99.25136095228078
 20
-571.702
 10
102.0512096508838
 20
-571.702
 10
105.04509926382252
 20
-571.702
 10
108.21811438364243
 20
-571.702
 10
111.55444720862405
 20
-571.702
 10
115.03747629645608
 20
-571.702
 10
118.64984937142454
 20
-571.702
 10
122.37356977257785
 20
-571.702
 10
126.19008611218624
 20
-571.702
 10
130.08038469782247
 20
-571.702
 10
134.02508425762082
 20
-571.702
 10
138.0045324967988
 20
-571.702
 10
141.99890400440106
 20
-571.702
 10
145.9882990224999
 20
-571.702
 10
149.95284258578764
 20
-571.702
 10
153.87278353765467
 20
-571.702
 10
157.72859292945773
 20
-571.702
 10
161.50106131276004
 20
-571.702
 10
165.17139443983692
 20
-571.702
 10
168.7213068956725
 20
-571.702
 10
172.13311319497802
 20
-571.702
 10
175.3898158903893
 20
-571.702
 10
178.4751902528949
 20
-571.702
 10
181.3738651026199
 20
-571.702
 10
184.07139938727073
 20
-571.702
 10
186.55435412673143
 20
-571.702
 10
188.81035936538632
 20
-571.702
 10
190.82817579861697
 20
-571.702
 10
192.59775076645226
 20
-571.702
 10
194.1102683354148
 20
-571.702
 10
195.3581932190579
 20
-571.702
 10
196.33530831838385
 20
-571.702
 10
197.0367456951181
 20
-571.702
 10
197.45901082353322
 20
-571.702
 10
197.6
 20
-571.702
  0
LWPOLYLINE
  5
22B
330
17
100
AcDbEntity
  8
XZ_SIDE
100
AcDbPolyline
 90
12
 70
0
 10
242.5
 20
-571.702
 10
241.46814796340266
 20
-571.702
 10
238.70019758451227
 20
-571.702
 10
235.07495355122364
 20
-571.702
 10
231.74340522935563
 20
-571.702
 10
229.76329567150577
 20
-571.702
 10
229.76329567150577
 20
-571.702
 10
231.74340522935563
 20
-571.702
 10
235.07495355122364
 20
-571.702
 10
238.70019758451227
 20
-571.702
 10
241.46814796340266
 20
-571.702
 10
242.5
 20
-571.702
  0
LWPOLYLINE
  5
22C
330
17
100
AcDbEntity
  8
XZ_SIDE
100
AcDbPolyline
 90
2
 70
0
 10
226.0
 20
-571.702
 10
226.0
 20
-561.702
  0
LWPOLYLINE
  5
22D
330
17
100
AcDbEntity
  8
XZ_SIDE
100
AcDbPolyline
 90
2
 70
0
 10
202.70899448216628
 20
-561.702
 10
226.0
 20
-561.702
  0
LWPOLYLINE
  5
22E
330
17
100
AcDbEntity
  8
XZ_SIDE
100
AcDbPolyline
 90
2
 70
0
 10
202.70899448216605
 20
-571.702
 10
202.70899448216605
 20
-561.702
  0
LWPOLYLINE
  5
22F
330
17
100
AcDbEntity
  8
XZ_SIDE
100
AcDbPolyline
 90
2
 70
0
 10
226.0
 20
-571.702
 10
226.0
 20
-561.702
  0
LWPOLYLINE
  5
230
330
17
100
AcDbEntity
  8
XZ_SIDE
100
AcDbPolyline
 90
2
 70
0
 10
226.0
 20
-571.702
 10
226.0
 20
-561.702
  0
LWPOLYLINE
  5
231
330
17
100
AcDbEntity
  8
XZ_SIDE
100
AcDbPolyline
 90
2
 70
0
 10
226.0
 20
-571.702
 10
226.0
 20
-561.702
  0
LWPOLYLINE
  5
232
330
17
100
AcDbEntity
  8
XZ_SIDE
100
AcDbPolyline
 90
2
 70
0
 10
202.70899448216628
 20
-561.702
 10
226.0
 20
-561.702
  0
LWPOLYLINE
  5
233
330
17
100
AcDbEntity
  8
XZ_SIDE
100
AcDbPolyline
 90
2
 70
0
 10
202.70899448216605
 20
-571.702
 10
202.70899448216605
 20
-561.702
  0
LWPOLYLINE
  5
234
330
17
100
AcDbEntity
  8
XZ_SIDE
100
AcDbPolyline
 90
96
 70
0
 10
202.70899448216616
 20
-561.702
 10
202.19794335628364
 20
-561.702
 10
201.43554133181127
 20
-561.702
 10
200.42491973021882
 20
-561.702
 10
199.17022935517326
 20
-561.702
 10
197.67662344444574
 20
-561.702
 10
195.9502365046424
 20
-561.702
 10
193.99815911568854
 20
-561.702
 10
191.82840880854883
 20
-561.702
 10
189.44989713579352
 20
-561.702
 10
186.87239307025848
 20
-561.702
 10
184.10648288212627
 20
-561.702
 10
181.16352665922145
 20
-561.702
 10
178.0556116490979
 20
-561.702
 10
174.79550261455142
 20
-561.702
 10
171.39658940645603
 20
-561.702
 10
167.8728319692515
 20
-561.702
 10
164.23870300495494
 20
-561.702
 10
160.5091285311851
 20
-561.702
 10
156.69942657733847
 20
-561.702
 10
152.82524427070314
 20
-561.702
 10
148.9024935709082
 20
-561.702
 10
144.94728591665998
 20
-561.702
 10
140.97586605318168
 20
-561.702
 10
137.00454531213933
 20
-561.702
 10
133.04963461808532
 20
-561.702
 10
129.12737749657424
 20
-561.702
 10
125.25388335909814
 20
-561.702
 10
121.44506133885233
 20
-561.702
 10
117.71655494908013
 20
-561.702
 10
114.08367783236612
 20
-561.702
 10
110.56135086476708
 20
-561.702
 10
107.16404087310565
 20
-561.702
 10
103.90570121712496
 20
-561.702
 10
100.79971448054476
 20
-561.702
 10
97.85883750639661
 20
-561.702
 10
95.09514900238784
 20
-561.702
 10
92.51999993148894
 20
-561.702
 10
90.14396689149838
 20
-561.702
 10
87.9768086750639
 20
-561.702
 10
86.02742618857565
 20
-561.702
 10
84.30382589455186
 20
-561.702
 10
82.8130869276653
 20
-561.702
 10
81.56133201947094
 20
-561.702
 10
80.55370235125258
 20
-561.702
 10
79.79433643827171
 20
-561.702
 10
79.28635313214521
 20
-561.702
 10
79.03183881116395
 20
-561.702
 10
79.03183881116395
 20
-561.702
 10
79.28635313214522
 20
-561.702
 10
79.79433643827173
 20
-561.702
 10
80.55370235125258
 20
-561.702
 10
81.56133201947097
 20
-561.702
 10
82.81308692766531
 20
-561.702
 10
84.30382589455189
 20
-561.702
 10
86.02742618857565
 20
-561.702
 10
87.97680867506391
 20
-561.702
 10
90.14396689149842
 20
-561.702
 10
92.51999993148898
 20
-561.702
 10
95.0951490023879
 20
-561.702
 10
97.85883750639663
 20
-561.702
 10
100.7997144805448
 20
-561.702
 10
103.90570121712503
 20
-561.702
 10
107.16404087310565
 20
-561.702
 10
110.56135086476712
 20
-561.702
 10
114.0836778323661
 20
-561.702
 10
117.71655494908016
 20
-561.702
 10
121.44506133885233
 20
-561.702
 10
125.25388335909817
 20
-561.702
 10
129.12737749657427
 20
-561.702
 10
133.04963461808532
 20
-561.702
 10
137.00454531213933
 20
-561.702
 10
140.97586605318173
 20
-561.702
 10
144.94728591666
 20
-561.702
 10
148.90249357090823
 20
-561.702
 10
152.82524427070314
 20
-561.702
 10
156.69942657733853
 20
-561.702
 10
160.50912853118513
 20
-561.702
 10
164.23870300495494
 20
-561.702
 10
167.87283196925154
 20
-561.702
 10
171.39658940645603
 20
-561.702
 10
174.7955026145514
 20
-561.702
 10
178.0556116490979
 20
-561.702
 10
181.16352665922147
 20
-561.702
 10
184.10648288212627
 20
-561.702
 10
186.8723930702585
 20
-561.702
 10
189.44989713579355
 20
-561.702
 10
191.82840880854883
 20
-561.702
 10
193.99815911568857
 20
-561.702
 10
195.95023650464242
 20
-561.702
 10
197.67662344444574
 20
-561.702
 10
199.17022935517326
 20
-561.702
 10
200.42491973021882
 20
-561.702
 10
201.43554133181127
 20
-561.702
 10
202.19794335628364
 20
-561.702
 10
202.70899448216616
 20
-561.702
  0
LWPOLYLINE
  5
235
330
17
100
AcDbEntity
  8
XZ_SIDE
100
AcDbPolyline
 90
90
 70
0
 10
197.6
 20
-561.702
 10
197.45901082353322
 20
-561.702
 10
197.0367456951181
 20
-561.702
 10
196.33530831838385
 20
-561.702
 10
195.3581932190579
 20
-561.702
 10
194.1102683354148
 20
-561.702
 10
192.59775076645226
 20
-561.702
 10
190.82817579861697
 20
-561.702
 10
188.81035936538632
 20
-561.702
 10
186.55435412673143
 20
-561.702
 10
184.0713993872708
 20
-561.702
 10
181.3738651026199
 20
-561.702
 10
178.4751902528949
 20
-561.702
 10
175.3898158903893
 20
-561.702
 10
172.13311319497802
 20
-561.702
 10
168.7213068956725
 20
-561.702
 10
165.1713944398369
 20
-561.702
 10
161.50106131276002
 20
-561.702
 10
157.7285929294577
 20
-561.702
 10
153.8727835376546
 20
-561.702
 10
149.9528425857876
 20
-561.702
 10
145.98829902249986
 20
-561.702
 10
141.99890400440108
 20
-561.702
 10
138.00453249679876
 20
-561.702
 10
134.02508425762082
 20
-561.702
 10
130.08038469782247
 20
-561.702
 10
126.19008611218626
 20
-561.702
 10
122.37356977257784
 20
-561.702
 10
118.64984937142454
 20
-561.702
 10
115.03747629645606
 20
-561.702
 10
111.55444720862407
 20
-561.702
 10
108.21811438364239
 20
-561.702
 10
105.04509926382252
 20
-561.702
 10
102.05120965088383
 20
-561.702
 10
99.25136095228078
 20
-561.702
 10
96.65950187339314
 20
-561.702
 10
94.28854492577747
 20
-561.702
 10
92.15030209768403
 20
-561.702
 10
90.2554260073255
 20
-561.702
 10
88.61335683206889
 20
-561.702
 10
87.23227527794673
 20
-561.702
 10
86.11906182379113
 20
-561.702
 10
85.27926244303438
 20
-561.702
 10
84.71706097394822
 20
-561.702
 10
84.43525827597203
 20
-561.702
 10
84.43525827597203
 20
-561.702
 10
84.71706097394822
 20
-561.702
 10
85.27926244303438
 20
-561.702
 10
86.11906182379113
 20
-561.702
 10
87.23227527794671
 20
-561.702
 10
88.61335683206889
 20
-561.702
 10
90.2554260073255
 20
-561.702
 10
92.15030209768403
 20
-561.702
 10
94.28854492577747
 20
-561.702
 10
96.65950187339315
 20
-561.702
 10
99.25136095228078
 20
-561.702
 10
102.0512096508838
 20
-561.702
 10
105.04509926382252
 20
-561.702
 10
108.21811438364243
 20
-561.702
 10
111.55444720862405
 20
-561.702
 10
115.03747629645608
 20
-561.702
 10
118.64984937142454
 20
-561.702
 10
122.37356977257785
 20
-561.702
 10
126.19008611218624
 20
-561.702
 10
130.08038469782247
 20
-561.702
 10
134.02508425762082
 20
-561.702
 10
138.0045324967988
 20
-561.702
 10
141.99890400440106
 20
-561.702
 10
145.9882990224999
 20
-561.702
 10
149.95284258578764
 20
-561.702
 10
153.87278353765467
 20
-561.702
 10
157.72859292945773
 20
-561.702
 10
161.50106131276004
 20
-561.702
 10
165.17139443983692
 20
-561.702
 10
168.7213068956725
 20
-561.702
 10
172.13311319497802
 20
-561.702
 10
175.3898158903893
 20
-561.702
 10
178.4751902528949
 20
-561.702
 10
181.3738651026199
 20
-561.702
 10
184.07139938727073
 20
-561.702
 10
186.55435412673143
 20
-561.702
 10
188.81035936538632
 20
-561.702
 10
190.82817579861697
 20
-561.702
 10
192.59775076645226
 20
-561.702
 10
194.1102683354148
 20
-561.702
 10
195.3581932190579
 20
-561.702
 10
196.33530831838385
 20
-561.702
 10
197.0367456951181
 20
-561.702
 10
197.45901082353322
 20
-561.702
 10
197.6
 20
-561.702
  0
LWPOLYLINE
  5
236
330
17
100
AcDbEntity
  8
XZ_SIDE
100
AcDbPolyline
 90
2
 70
0
 10
197.6
 20
-571.702
 10
197.6
 20
-561.702
  0
LWPOLYLINE
  5
237
330
17
100
AcDbEntity
  8
XZ_SIDE
100
AcDbPolyline
 90
16
 70
0
 10
225.99999999999977
 20
-561.702
 10
228.26775187310176
 20
-561.702
 10
231.53548392882158
 20
-561.702
 10
235.38059367895693
 20
-561.702
 10
239.3058087278186
 20
-561.702
 10
242.8034969874346
 20
-561.702
 10
245.42131666959665
 20
-561.702
 10
246.8207158084512
 20
-561.702
 10
246.8207158084512
 20
-561.702
 10
245.42131666959668
 20
-561.702
 10
242.80349698743464
 20
-561.702
 10
239.30580872781863
 20
-561.702
 10
235.38059367895693
 20
-561.702
 10
231.53548392882158
 20
-561.702
 10
228.26775187310176
 20
-561.702
 10
225.9999999999998
 20
-561.702
  0
LWPOLYLINE
  5
238
330
17
100
AcDbEntity
  8
XZ_SIDE
100
AcDbPolyline
 90
12
 70
0
 10
242.5
 20
-561.702
 10
241.46814796340266
 20
-561.702
 10
238.70019758451227
 20
-561.702
 10
235.07495355122364
 20
-561.702
 10
231.74340522935563
 20
-561.702
 10
229.76329567150577
 20
-561.702
 10
229.76329567150577
 20
-561.702
 10
231.74340522935563
 20
-561.702
 10
235.07495355122364
 20
-561.702
 10
238.70019758451227
 20
-561.702
 10
241.46814796340266
 20
-561.702
 10
242.5
 20
-561.702
  0
LWPOLYLINE
  5
239
330
17
100
AcDbEntity
  8
XZ_SIDE
100
AcDbPolyline
 90
2
 70
0
 10
242.5
 20
-571.702
 10
242.5
 20
-561.702
  0
LWPOLYLINE
  5
23A
330
17
100
AcDbEntity
  8
XZ_SIDE
100
AcDbPolyline
 90
2
 70
0
 10
16.0
 20
-741.702
 10
16.0
 20
-722.202
  0
LWPOLYLINE
  5
23B
330
17
100
AcDbEntity
  8
XZ_SIDE
100
AcDbPolyline
 90
2
 70
0
 10
16.0
 20
-741.702
 10
16.0
 20
-722.202
  0
LWPOLYLINE
  5
23C
330
17
100
AcDbEntity
  8
XZ_SIDE
100
AcDbPolyline
 90
2
 70
0
 10
16.0
 20
-736.702
 10
16.0
 20
-730.702
  0
LWPOLYLINE
  5
23D
330
17
100
AcDbEntity
  8
XZ_SIDE
100
AcDbPolyline
 90
2
 70
0
 10
16.0
 20
-736.702
 10
16.0
 20
-730.702
  0
LWPOLYLINE
  5
23E
330
17
100
AcDbEntity
  8
XZ_SIDE
100
AcDbPolyline
 90
2
 70
0
 10
66.0
 20
-741.702
 10
66.0
 20
-722.202
  0
LWPOLYLINE
  5
23F
330
17
100
AcDbEntity
  8
XZ_SIDE
100
AcDbPolyline
 90
2
 70
0
 10
53.48999599679678
 20
-722.202
 10
66.0
 20
-722.202
  0
LWPOLYLINE
  5
240
330
17
100
AcDbEntity
  8
XZ_SIDE
100
AcDbPolyline
 90
12
 70
0
 10
53.48999599679679
 20
-722.2020000000002
 10
52.87197186865008
 20
-725.614324622265
 10
51.34021140373683
 20
-728.725533877332
 10
49.012607839296706
 20
-731.296170918513
 10
46.06830714854689
 20
-733.1283844958932
 10
42.73391991962477
 20
-734.0811567448
 10
39.26608008037525
 20
-734.0811567448
 10
35.93169285145312
 20
-733.1283844958932
 10
32.98739216070331
 20
-731.296170918513
 10
30.659788596263184
 20
-728.725533877332
 10
29.12802813134992
 20
-725.614324622265
 10
28.51000400320322
 20
-722.2020000000002
  0
LWPOLYLINE
  5
241
330
17
100
AcDbEntity
  8
XZ_SIDE
100
AcDbPolyline
 90
2
 70
0
 10
16.0
 20
-722.202
 10
28.51000400320322
 20
-722.202
  0
LWPOLYLINE
  5
242
330
17
100
AcDbEntity
  8
XZ_SIDE
100
AcDbPolyline
 90
2
 70
0
 10
16.0
 20
-741.702
 10
66.0
 20
-741.702
  0
LWPOLYLINE
  5
243
330
17
100
AcDbEntity
  8
XZ_SIDE
100
AcDbPolyline
 90
2
 70
0
 10
16.0
 20
-741.702
 10
66.0
 20
-741.702
  0
LWPOLYLINE
  5
244
330
17
100
AcDbEntity
  8
XZ_SIDE
100
AcDbPolyline
 90
12
 70
0
 10
25.0
 20
-741.702
 10
24.365014131324727
 20
-741.702
 10
22.661660052007548
 20
-741.702
 10
20.430740646906855
 20
-741.702
 10
18.380557064218863
 20
-741.702
 10
17.162028105542007
 20
-741.702
 10
17.162028105542007
 20
-741.702
 10
18.380557064218863
 20
-741.702
 10
20.430740646906855
 20
-741.702
 10
22.661660052007548
 20
-741.702
 10
24.365014131324727
 20
-741.702
 10
25.0
 20
-741.702
  0
LWPOLYLINE
  5
245
330
17
100
AcDbEntity
  8
XZ_SIDE
100
AcDbPolyline
 90
12
 70
0
 10
65.0
 20
-741.702
 10
64.36501413132473
 20
-741.702
 10
62.66166005200755
 20
-741.702
 10
60.430740646906855
 20
-741.702
 10
58.38055706421886
 20
-741.702
 10
57.16202810554201
 20
-741.702
 10
57.16202810554201
 20
-741.702
 10
58.38055706421886
 20
-741.702
 10
60.430740646906855
 20
-741.702
 10
62.66166005200755
 20
-741.702
 10
64.36501413132473
 20
-741.702
 10
65.0
 20
-741.702
  0
LWPOLYLINE
  5
246
330
17
100
AcDbEntity
  8
XZ_SIDE
100
AcDbPolyline
 90
2
 70
0
 10
66.0
 20
-741.702
 10
66.0
 20
-722.202
  0
LWPOLYLINE
  5
247
330
17
100
AcDbEntity
  8
XZ_SIDE
100
AcDbPolyline
 90
2
 70
0
 10
53.48999599679678
 20
-722.202
 10
66.0
 20
-722.202
  0
LWPOLYLINE
  5
248
330
17
100
AcDbEntity
  8
XZ_SIDE
100
AcDbPolyline
 90
12
 70
0
 10
53.48999599679679
 20
-722.2020000000002
 10
52.87197186865008
 20
-725.614324622265
 10
51.34021140373683
 20
-728.725533877332
 10
49.012607839296706
 20
-731.296170918513
 10
46.06830714854689
 20
-733.1283844958932
 10
42.73391991962477
 20
-734.0811567448
 10
39.26608008037525
 20
-734.0811567448
 10
35.93169285145312
 20
-733.1283844958932
 10
32.98739216070331
 20
-731.296170918513
 10
30.659788596263184
 20
-728.725533877332
 10
29.12802813134992
 20
-725.614324622265
 10
28.51000400320322
 20
-722.2020000000002
  0
LWPOLYLINE
  5
249
330
17
100
AcDbEntity
  8
XZ_SIDE
100
AcDbPolyline
 90
2
 70
0
 10
16.0
 20
-722.202
 10
28.51000400320322
 20
-722.202
  0
LWPOLYLINE
  5
24A
330
17
100
AcDbEntity
  8
XZ_SIDE
100
AcDbPolyline
 90
12
 70
0
 10
25.0
 20
-722.202
 10
24.365014131324727
 20
-722.202
 10
22.661660052007548
 20
-722.202
 10
20.430740646906855
 20
-722.202
 10
18.380557064218863
 20
-722.202
 10
17.162028105542007
 20
-722.202
 10
17.162028105542007
 20
-722.202
 10
18.380557064218863
 20
-722.202
 10
20.430740646906855
 20
-722.202
 10
22.661660052007548
 20
-722.202
 10
24.365014131324727
 20
-722.202
 10
25.0
 20
-722.202
  0
LWPOLYLINE
  5
24B
330
17
100
AcDbEntity
  8
XZ_SIDE
100
AcDbPolyline
 90
2
 70
0
 10
15.708203932499472
 20
-736.702
 10
16.0
 20
-736.702
  0
LWPOLYLINE
  5
24C
330
17
100
AcDbEntity
  8
XZ_SIDE
100
AcDbPolyline
 90
2
 70
0
 10
15.708203932499472
 20
-730.702
 10
16.0
 20
-730.702
  0
LWPOLYLINE
  5
24D
330
17
100
AcDbEntity
  8
XZ_SIDE
100
AcDbPolyline
 90
2
 70
0
 10
15.708203932499373
 20
-736.702
 10
15.708203932499373
 20
-730.702
  0
LWPOLYLINE
  5
24E
330
17
100
AcDbEntity
  8
XZ_SIDE
100
AcDbPolyline
 90
12
 70
0
 10
15.708203932499444
 20
-736.702
 10
12.52587348050244
 20
-736.702
 10
8.676311503095974
 20
-736.702
 10
4.88800389875226
 20
-736.702
 10
1.8778448712889428
 20
-736.702
 10
0.21547284100844877
 20
-736.702
 10
0.21547284100844877
 20
-736.702
 10
1.8778448712889428
 20
-736.702
 10
4.88800389875226
 20
-736.702
 10
8.676311503095974
 20
-736.702
 10
12.525873480502469
 20
-736.702
 10
15.708203932499458
 20
-736.702
  0
LWPOLYLINE
  5
24F
330
17
100
AcDbEntity
  8
XZ_SIDE
100
AcDbPolyline
 90
2
 70
0
 10
15.708203932499487
 20
-736.702
 10
16.0
 20
-736.702
  0
LWPOLYLINE
  5
250
330
17
100
AcDbEntity
  8
XZ_SIDE
100
AcDbPolyline
 90
12
 70
0
 10
13.0
 20
-736.702
 10
12.365014131324727
 20
-736.702
 10
10.661660052007534
 20
-736.702
 10
8.430740646906855
 20
-736.702
 10
6.380557064218863
 20
-736.702
 10
5.162028105542021
 20
-736.702
 10
5.162028105542021
 20
-736.702
 10
6.380557064218863
 20
-736.702
 10
8.430740646906855
 20
-736.702
 10
10.661660052007534
 20
-736.702
 10
12.365014131324727
 20
-736.702
 10
13.0
 20
-736.702
  0
LWPOLYLINE
  5
251
330
17
100
AcDbEntity
  8
XZ_SIDE
100
AcDbPolyline
 90
2
 70
0
 10
15.708203932499487
 20
-730.702
 10
16.0
 20
-730.702
  0
LWPOLYLINE
  5
252
330
17
100
AcDbEntity
  8
XZ_SIDE
100
AcDbPolyline
 90
2
 70
0
 10
15.708203932499373
 20
-736.702
 10
15.708203932499373
 20
-730.702
  0
LWPOLYLINE
  5
253
330
17
100
AcDbEntity
  8
XZ_SIDE
100
AcDbPolyline
 90
12
 70
0
 10
15.708203932499444
 20
-730.702
 10
12.52587348050244
 20
-730.702
 10
8.676311503095974
 20
-730.702
 10
4.88800389875226
 20
-730.702
 10
1.8778448712889428
 20
-730.702
 10
0.21547284100844877
 20
-730.702
 10
0.21547284100844877
 20
-730.702
 10
1.8778448712889428
 20
-730.702
 10
4.88800389875226
 20
-730.702
 10
8.676311503095974
 20
-730.702
 10
12.525873480502469
 20
-730.702
 10
15.708203932499458
 20
-730.702
  0
LWPOLYLINE
  5
254
330
17
100
AcDbEntity
  8
XZ_SIDE
100
AcDbPolyline
 90
12
 70
0
 10
13.0
 20
-730.702
 10
12.365014131324727
 20
-730.702
 10
10.661660052007534
 20
-730.702
 10
8.430740646906855
 20
-730.702
 10
6.380557064218863
 20
-730.702
 10
5.162028105542021
 20
-730.702
 10
5.162028105542021
 20
-730.702
 10
6.380557064218863
 20
-730.702
 10
8.430740646906855
 20
-730.702
 10
10.661660052007534
 20
-730.702
 10
12.365014131324727
 20
-730.702
 10
13.0
 20
-730.702
  0
LWPOLYLINE
  5
255
330
17
100
AcDbEntity
  8
XZ_SIDE
100
AcDbPolyline
 90
2
 70
0
 10
66.0
 20
-731.702
 10
66.0
 20
-722.202
  0
LWPOLYLINE
  5
256
330
17
100
AcDbEntity
  8
XZ_SIDE
100
AcDbPolyline
 90
2
 70
0
 10
66.0
 20
-731.702
 10
66.0
 20
-722.202
  0
LWPOLYLINE
  5
257
330
17
100
AcDbEntity
  8
XZ_SIDE
100
AcDbPolyline
 90
2
 70
0
 10
66.0
 20
-722.202
 10
60.5
 20
-722.202
  0
LWPOLYLINE
  5
258
330
17
100
AcDbEntity
  8
XZ_SIDE
100
AcDbPolyline
 90
12
 70
0
 10
60.5
 20
-722.202
 10
59.486129234645375
 20
-722.202
 10
58.57622163690971
 20
-722.202
 10
57.832763964755415
 20
-722.202
 10
57.3068122372012
 20
-722.202
 10
57.03448552653683
 20
-722.202
 10
57.03448552653683
 20
-722.202
 10
57.3068122372012
 20
-722.202
 10
57.832763964755415
 20
-722.202
 10
58.57622163690969
 20
-722.202
 10
59.486129234645375
 20
-722.202
 10
60.5
 20
-722.202
  0
LWPOLYLINE
  5
259
330
17
100
AcDbEntity
  8
XZ_SIDE
100
AcDbPolyline
 90
2
 70
0
 10
66.0
 20
-722.202
 10
60.5
 20
-722.202
  0
LWPOLYLINE
  5
25A
330
17
100
AcDbEntity
  8
XZ_SIDE
100
AcDbPolyline
 90
2
 70
0
 10
25.0
 20
-741.702
 10
25.0
 20
-722.202
  0
LWPOLYLINE
  5
25B
330
17
100
AcDbEntity
  8
XZ_SIDE
100
AcDbPolyline
 90
12
 70
0
 10
65.0
 20
-721.702
 10
64.95254311045016
 20
-721.702
 10
64.81129851998354
 20
-721.702
 10
64.57961774306474
 20
-721.702
 10
64.26299820421434
 20
-721.702
 10
63.86895279267458
 20
-721.702
 10
63.406831593232
 20
-721.702
 10
62.887600023246875
 20
-721.702
 10
62.323578640353006
 20
-721.702
 10
61.72815079478627
 20
-721.702
 10
61.11544506329763
 20
-721.702
 10
60.5
 20
-721.702
  0
LWPOLYLINE
  5
25C
330
17
100
AcDbEntity
  8
XZ_SIDE
100
AcDbPolyline
 90
2
 70
0
 10
60.5
 20
-722.202
 10
60.5
 20
-721.702
  0
LWPOLYLINE
  5
25D
330
17
100
AcDbEntity
  8
XZ_SIDE
100
AcDbPolyline
 90
2
 70
0
 10
60.5
 20
-722.202
 10
60.5
 20
-721.702
  0
LWPOLYLINE
  5
25E
330
17
100
AcDbEntity
  8
XZ_SIDE
100
AcDbPolyline
 90
12
 70
0
 10
60.5
 20
-721.702
 10
61.11544506329763
 20
-721.702
 10
61.72815079478627
 20
-721.702
 10
62.323578640353006
 20
-721.702
 10
62.887600023246875
 20
-721.702
 10
63.406831593232
 20
-721.702
 10
63.86895279267458
 20
-721.702
 10
64.26299820421434
 20
-721.702
 10
64.57961774306476
 20
-721.702
 10
64.81129851998354
 20
-721.702
 10
64.95254311045016
 20
-721.702
 10
65.0
 20
-721.702
  0
LWPOLYLINE
  5
25F
330
17
100
AcDbEntity
  8
XZ_SIDE
100
AcDbPolyline
 90
2
 70
0
 10
65.0
 20
-741.702
 10
65.0
 20
-721.702
  0
LWPOLYLINE
  5
260
330
17
100
AcDbEntity
  8
XZ_SIDE
100
AcDbPolyline
 90
2
 70
0
 10
13.0
 20
-736.702
 10
13.0
 20
-730.702
  0
LWPOLYLINE
  5
261
330
17
100
AcDbEntity
  8
XZ_SIDE
100
AcDbPolyline
 90
2
 70
0
 10
66.0
 20
-731.702
 10
85.12012884767897
 20
-731.702
  0
LWPOLYLINE
  5
262
330
17
100
AcDbEntity
  8
XZ_SIDE
100
AcDbPolyline
 90
2
 70
0
 10
85.12012884767897
 20
-731.702
 10
85.12012884767897
 20
-726.702
  0
LWPOLYLINE
  5
263
330
17
100
AcDbEntity
  8
XZ_SIDE
100
AcDbPolyline
 90
2
 70
0
 10
85.12012884767897
 20
-726.702
 10
79.65670370774
 20
-726.702
  0
LWPOLYLINE
  5
264
330
17
100
AcDbEntity
  8
XZ_SIDE
100
AcDbPolyline
 90
2
 70
0
 10
79.65670370774
 20
-726.702
 10
79.65670370774
 20
-721.702
  0
LWPOLYLINE
  5
265
330
17
100
AcDbEntity
  8
XZ_SIDE
100
AcDbPolyline
 90
2
 70
0
 10
60.5
 20
-721.702
 10
79.65670370774
 20
-721.702
  0
LWPOLYLINE
  5
266
330
17
100
AcDbEntity
  8
XZ_SIDE
100
AcDbPolyline
 90
2
 70
0
 10
60.5
 20
-722.202
 10
60.5
 20
-721.702
  0
LWPOLYLINE
  5
267
330
17
100
AcDbEntity
  8
XZ_SIDE
100
AcDbPolyline
 90
2
 70
0
 10
66.0
 20
-731.702
 10
85.12012884767897
 20
-731.702
  0
LWPOLYLINE
  5
268
330
17
100
AcDbEntity
  8
XZ_SIDE
100
AcDbPolyline
 90
12
 70
0
 10
85.12012884767897
 20
-731.702
 10
84.8824086129699
 20
-731.702
 10
84.69199152082362
 20
-731.702
 10
84.54903807932035
 20
-731.702
 10
84.45366878805486
 20
-731.702
 10
84.405964036564
 20
-731.702
 10
84.405964036564
 20
-731.702
 10
84.45366878805487
 20
-731.702
 10
84.54903807932035
 20
-731.702
 10
84.69199152082363
 20
-731.702
 10
84.8824086129699
 20
-731.702
 10
85.12012884767898
 20
-731.702
  0
LWPOLYLINE
  5
269
330
17
100
AcDbEntity
  8
XZ_SIDE
100
AcDbPolyline
 90
2
 70
0
 10
85.12012884767897
 20
-731.702
 10
85.12012884767897
 20
-726.702
  0
LWPOLYLINE
  5
26A
330
17
100
AcDbEntity
  8
XZ_SIDE
100
AcDbPolyline
 90
2
 70
0
 10
85.12012884767897
 20
-726.702
 10
79.65670370774
 20
-726.702
  0
LWPOLYLINE
  5
26B
330
17
100
AcDbEntity
  8
XZ_SIDE
100
AcDbPolyline
 90
2
 70
0
 10
79.65670370774
 20
-726.702
 10
79.65670370774
 20
-721.702
  0
LWPOLYLINE
  5
26C
330
17
100
AcDbEntity
  8
XZ_SIDE
100
AcDbPolyline
 90
2
 70
0
 10
60.5
 20
-721.702
 10
79.65670370774
 20
-721.702
  0
LWPOLYLINE
  5
26D
330
17
100
AcDbEntity
  8
XZ_SIDE
100
AcDbPolyline
 90
2
 70
0
 10
60.5
 20
-722.202
 10
60.5
 20
-721.702
  0
LWPOLYLINE
  5
26E
330
17
100
AcDbEntity
  8
XZ_SIDE
100
AcDbPolyline
 90
12
 70
0
 10
79.65670370774
 20
-721.702
 10
79.43986872718278
 20
-721.702
 10
79.26621792990917
 20
-721.702
 10
79.13587313125166
 20
-721.702
 10
79.04892576755967
 20
-721.702
 10
79.00543683205743
 20
-721.702
 10
79.00543683205743
 20
-721.702
 10
79.04892576755967
 20
-721.702
 10
79.13587313125166
 20
-721.702
 10
79.26621792990917
 20
-721.702
 10
79.43986872718277
 20
-721.702
 10
79.65670370774
 20
-721.702
  0
LWPOLYLINE
  5
26F
330
17
100
AcDbEntity
  8
XZ_SIDE
100
AcDbPolyline
 90
2
 70
0
 10
85.12012884767897
 20
-726.702
 10
85.12012884767897
 20
-721.702
  0
LWPOLYLINE
  5
270
330
17
100
AcDbEntity
  8
XZ_SIDE
100
AcDbPolyline
 90
12
 70
0
 10
85.12012884767897
 20
-721.702
 10
84.8824086129699
 20
-721.702
 10
84.69199152082362
 20
-721.702
 10
84.54903807932035
 20
-721.702
 10
84.45366878805486
 20
-721.702
 10
84.405964036564
 20
-721.702
 10
84.405964036564
 20
-721.702
 10
84.45366878805487
 20
-721.702
 10
84.54903807932035
 20
-721.702
 10
84.69199152082363
 20
-721.702
 10
84.8824086129699
 20
-721.702
 10
85.12012884767898
 20
-721.702
  0
LWPOLYLINE
  5
271
330
17
100
AcDbEntity
  8
XZ_SIDE
100
AcDbPolyline
 90
2
 70
0
 10
85.12012884767897
 20
-726.702
 10
85.12012884767897
 20
-721.702
  0
LWPOLYLINE
  5
272
330
17
100
AcDbEntity
  8
XZ_SIDE
100
AcDbPolyline
 90
48
 70
0
 10
79.65670370774
 20
-726.702
 10
80.35458303053927
 20
-726.702
 10
81.29879085932353
 20
-726.702
 10
82.48549202706073
 20
-726.702
 10
83.90986641146786
 20
-726.702
 10
85.56612851330013
 20
-726.702
 10
87.44755095579193
 20
-726.702
 10
89.54649180979928
 20
-726.702
 10
91.85442563365562
 20
-726.702
 10
94.36197810166328
 20
-726.702
 10
97.0589640805675
 20
-726.702
 10
99.93442899935465
 20
-726.702
 10
102.97669334433915
 20
-726.702
 10
106.17340009881056
 20
-726.702
 10
109.51156493454991
 20
-726.702
 10
112.97762895134991
 20
-726.702
 10
116.55751375032126
 20
-726.702
 10
120.23667861728977
 20
-726.702
 10
124.00017958401766
 20
-726.702
 10
127.8327301273556
 20
-726.702
 10
131.71876325977794
 20
-726.702
 10
135.6424947591035
 20
-726.702
 10
139.58798728057624
 20
-726.702
 10
143.53921509089662
 20
-726.702
 10
147.4801291612681
 20
-726.702
 10
151.39472235506477
 20
-726.702
 10
155.26709444534188
 20
-726.702
 10
159.08151669810303
 20
-726.702
 10
162.82249575899974
 20
-726.702
 10
166.47483658397033
 20
-726.702
 10
170.02370415820707
 20
-726.702
 10
173.4546837527628
 20
-726.702
 10
176.75383947404782
 20
-726.702
 10
179.90777086840137
 20
-726.702
 10
182.90366735182266
 20
-726.702
 10
185.72936024377944
 20
-726.702
 10
188.3733721937441
 20
-726.702
 10
190.82496379969777
 20
-726.702
 10
193.0741772292475
 20
-726.702
 10
195.1118766661779
 20
-726.702
 10
196.92978541815125
 20
-726.702
 10
198.5205195348335
 20
-726.702
 10
199.877617799896
 20
-726.702
 10
200.99556797507225
 20
-726.702
 10
201.86982918967195
 20
-726.702
 10
202.4968503846111
 20
-726.702
 10
202.8740847360423
 20
-726.702
 10
203.0
 20
-726.702
  0
LWPOLYLINE
  5
273
330
17
100
AcDbEntity
  8
XZ_SIDE
100
AcDbPolyline
 90
44
 70
0
 10
85.12012884767897
 20
-726.702
 10
85.87805621320324
 20
-726.702
 10
86.90095616611241
 20
-726.702
 10
88.18391160028612
 20
-726.702
 10
89.72075531628371
 20
-726.702
 10
91.50409966722881
 20
-726.702
 10
93.52537207141613
 20
-726.702
 10
95.7748562209299
 20
-726.702
 10
98.24173878818351
 20
-726.702
 10
100.91416140586051
 20
-726.702
 10
103.7792776703883
 20
-726.702
 10
106.8233148949272
 20
-726.702
 10
110.03164031502678
 20
-726.702
 10
113.38883142869713
 20
-726.702
 10
116.87875013276884
 20
-726.702
 10
120.4846202991656
 20
-726.702
 10
124.18910841817913
 20
-726.702
 10
127.97440692109193
 20
-726.702
 10
131.8223197816132
 20
-726.702
 10
135.7143499846408
 20
-726.702
 10
139.63178844188377
 20
-726.702
 10
143.55580392692613
 20
-726.702
 10
147.46753359741192
 20
-726.702
 10
151.3481736692084
 20
-726.702
 10
155.17906980667544
 20
-726.702
 10
158.94180679453203
 20
-726.702
 10
162.61829706026478
 20
-726.702
 10
166.19086762154964
 20
-726.702
 10
169.64234504072826
 20
-726.702
 10
172.95613797795951
 20
-726.702
 10
176.11631694621323
 20
-726.702
 10
179.10769088471955
 20
-726.702
 10
181.9158801827849
 20
-726.702
 10
184.52738580294707
 20
-726.702
 10
186.9296541711916
 20
-726.702
 10
189.111137522302
 20
-726.702
 10
191.06134941026116
 20
-726.702
 10
192.77091511686424
 20
-726.702
 10
194.23161671622796
 20
-726.702
 10
195.43643257856954
 20
-726.702
 10
196.3795711233597
 20
-726.702
 10
197.05649865959805
 20
-726.702
 10
197.46396117938082
 20
-726.702
 10
197.6
 20
-726.702
  0
LWPOLYLINE
  5
274
330
17
100
AcDbEntity
  8
XZ_SIDE
100
AcDbPolyline
 90
44
 70
0
 10
197.6
 20
-726.702
 10
197.46396117938082
 20
-726.702
 10
197.05649865959805
 20
-726.702
 10
196.3795711233597
 20
-726.702
 10
195.43643257856954
 20
-726.702
 10
194.231616716228
 20
-726.702
 10
192.77091511686424
 20
-726.702
 10
191.06134941026116
 20
-726.702
 10
189.11113752230202
 20
-726.702
 10
186.9296541711916
 20
-726.702
 10
184.52738580294707
 20
-726.702
 10
181.91588018278492
 20
-726.702
 10
179.10769088471952
 20
-726.702
 10
176.11631694621323
 20
-726.702
 10
172.95613797795951
 20
-726.702
 10
169.64234504072823
 20
-726.702
 10
166.19086762154967
 20
-726.702
 10
162.61829706026478
 20
-726.702
 10
158.94180679453206
 20
-726.702
 10
155.17906980667547
 20
-726.702
 10
151.34817366920836
 20
-726.702
 10
147.46753359741192
 20
-726.702
 10
143.55580392692616
 20
-726.702
 10
139.63178844188377
 20
-726.702
 10
135.7143499846408
 20
-726.702
 10
131.8223197816132
 20
-726.702
 10
127.97440692109195
 20
-726.702
 10
124.18910841817917
 20
-726.702
 10
120.48462029916558
 20
-726.702
 10
116.87875013276886
 20
-726.702
 10
113.38883142869715
 20
-726.702
 10
110.03164031502676
 20
-726.702
 10
106.82331489492721
 20
-726.702
 10
103.7792776703883
 20
-726.702
 10
100.91416140586051
 20
-726.702
 10
98.24173878818351
 20
-726.702
 10
95.7748562209299
 20
-726.702
 10
93.52537207141614
 20
-726.702
 10
91.50409966722881
 20
-726.702
 10
89.72075531628371
 20
-726.702
 10
88.18391160028614
 20
-726.702
 10
86.90095616611241
 20
-726.702
 10
85.87805621320325
 20
-726.702
 10
85.12012884767897
 20
-726.702
  0
LWPOLYLINE
  5
275
330
17
100
AcDbEntity
  8
XZ_SIDE
100
AcDbPolyline
 90
48
 70
0
 10
203.0
 20
-726.702
 10
202.8740847360423
 20
-726.702
 10
202.49685038461107
 20
-726.702
 10
201.86982918967195
 20
-726.702
 10
200.99556797507225
 20
-726.702
 10
199.877617799896
 20
-726.702
 10
198.5205195348335
 20
-726.702
 10
196.92978541815125
 20
-726.702
 10
195.1118766661779
 20
-726.702
 10
193.07417722924754
 20
-726.702
 10
190.82496379969777
 20
-726.702
 10
188.3733721937441
 20
-726.702
 10
185.7293602437794
 20
-726.702
 10
182.90366735182266
 20
-726.702
 10
179.9077708684014
 20
-726.702
 10
176.75383947404785
 20
-726.702
 10
173.45468375276283
 20
-726.702
 10
170.0237041582071
 20
-726.702
 10
166.47483658397036
 20
-726.702
 10
162.82249575899976
 20
-726.702
 10
159.081516698103
 20
-726.702
 10
155.26709444534185
 20
-726.702
 10
151.39472235506474
 20
-726.702
 10
147.4801291612681
 20
-726.702
 10
143.53921509089665
 20
-726.702
 10
139.58798728057624
 20
-726.702
 10
135.64249475910353
 20
-726.702
 10
131.71876325977797
 20
-726.702
 10
127.83273012735563
 20
-726.702
 10
124.00017958401766
 20
-726.702
 10
120.23667861728975
 20
-726.702
 10
116.5575137503213
 20
-726.702
 10
112.97762895134996
 20
-726.702
 10
109.51156493454991
 20
-726.702
 10
106.17340009881057
 20
-726.702
 10
102.9766933443392
 20
-726.702
 10
99.93442899935465
 20
-726.702
 10
97.05896408056752
 20
-726.702
 10
94.36197810166331
 20
-726.702
 10
91.85442563365564
 20
-726.702
 10
89.54649180979928
 20
-726.702
 10
87.44755095579194
 20
-726.702
 10
85.56612851330014
 20
-726.702
 10
83.90986641146786
 20
-726.702
 10
82.48549202706073
 20
-726.702
 10
81.29879085932353
 20
-726.702
 10
80.35458303053927
 20
-726.702
 10
79.65670370774
 20
-726.702
  0
LWPOLYLINE
  5
276
330
17
100
AcDbEntity
  8
XZ_SIDE
100
AcDbPolyline
 90
2
 70
0
 10
203.0
 20
-726.702
 10
203.0
 20
-716.702
  0
LWPOLYLINE
  5
277
330
17
100
AcDbEntity
  8
XZ_SIDE
100
AcDbPolyline
 90
96
 70
0
 10
203.0
 20
-716.702
 10
202.86444488756402
 20
-716.702
 10
202.45837229827248
 20
-716.702
 10
201.78355788423818
 20
-716.702
 10
200.8429524371956
 20
-716.702
 10
199.64066898543936
 20
-716.702
 10
198.18196480859785
 20
-716.702
 10
196.47321844888734
 20
-716.702
 10
194.5219018193696
 20
-716.702
 10
192.33654753117725
 20
-716.702
 10
189.92671158257642
 20
-716.702
 10
187.30293157301753
 20
-716.702
 10
184.4766806248943
 20
-716.702
 10
181.46031721449845
 20
-716.702
 10
178.26703113154755
 20
-716.702
 10
174.91078580359047
 20
-716.702
 10
171.4062572374915
 20
-716.702
 10
167.76876984498656
 20
-716.702
 10
164.01422943292968
 20
-716.702
 10
160.15905365124675
 20
-716.702
 10
156.22010020272955
 20
-716.702
 10
152.21459312859082
 20
-716.702
 10
148.16004749211436
 20
-716.702
 10
144.07419278973978
 20
-716.702
 10
139.9748954244858
 20
-716.702
 10
135.8800805807154
 20
-716.702
 10
131.8076538418658
 20
-716.702
 10
127.77542289388771
 20
-716.702
 10
123.80101965676566
 20
-716.702
 10
119.90182318461814
 20
-716.702
 10
116.0948836715159
 20
-716.702
 10
112.39684789532136
 20
-716.702
 10
108.82388642556467
 20
-716.702
 10
105.3916229136575
 20
-716.702
 10
102.11506577464073
 20
-716.702
 10
99.00854255920406
 20
-716.702
 10
96.08563730295248
 20
-716.702
 10
93.35913112687476
 20
-716.702
 10
90.84094634875326
 20
-716.702
 10
88.54209434990202
 20
-716.702
 10
86.4726274251977
 20
-716.702
 10
84.64159482695192
 20
-716.702
 10
83.05700319483344
 20
-716.702
 10
81.72578154486982
 20
-716.702
 10
80.65375097062363
 20
-716.702
 10
79.84559918903122
 20
-716.702
 10
79.3048600422093
 20
-716.702
 10
79.03389804486258
 20
-716.702
 10
79.03389804486258
 20
-716.702
 10
79.3048600422093
 20
-716.702
 10
79.84559918903122
 20
-716.702
 10
80.65375097062363
 20
-716.702
 10
81.72578154486982
 20
-716.702
 10
83.05700319483341
 20
-716.702
 10
84.64159482695192
 20
-716.702
 10
86.47262742519769
 20
-716.702
 10
88.54209434990199
 20
-716.702
 10
90.84094634875323
 20
-716.702
 10
93.35913112687474
 20
-716.702
 10
96.08563730295248
 20
-716.702
 10
99.00854255920403
 20
-716.702
 10
102.1150657746407
 20
-716.702
 10
105.39162291365749
 20
-716.702
 10
108.82388642556461
 20
-716.702
 10
112.39684789532137
 20
-716.702
 10
116.09488367151587
 20
-716.702
 10
119.90182318461811
 20
-716.702
 10
123.80101965676558
 20
-716.702
 10
127.77542289388765
 20
-716.702
 10
131.80765384186583
 20
-716.702
 10
135.88008058071537
 20
-716.702
 10
139.97489542448577
 20
-716.702
 10
144.07419278973978
 20
-716.702
 10
148.1600474921143
 20
-716.702
 10
152.21459312859076
 20
-716.702
 10
156.22010020272953
 20
-716.702
 10
160.15905365124672
 20
-716.702
 10
164.01422943292968
 20
-716.702
 10
167.76876984498654
 20
-716.702
 10
171.40625723749153
 20
-716.702
 10
174.9107858035904
 20
-716.702
 10
178.26703113154755
 20
-716.702
 10
181.46031721449845
 20
-716.702
 10
184.47668062489427
 20
-716.702
 10
187.30293157301753
 20
-716.702
 10
189.9267115825764
 20
-716.702
 10
192.33654753117725
 20
-716.702
 10
194.52190181936956
 20
-716.702
 10
196.4732184488873
 20
-716.702
 10
198.18196480859785
 20
-716.702
 10
199.64066898543933
 20
-716.702
 10
200.8429524371956
 20
-716.702
 10
201.78355788423818
 20
-716.702
 10
202.45837229827248
 20
-716.702
 10
202.86444488756402
 20
-716.702
 10
203.0
 20
-716.702
  0
LWPOLYLINE
  5
278
330
17
100
AcDbEntity
  8
XZ_SIDE
100
AcDbPolyline
 90
2
 70
0
 10
197.6
 20
-726.702
 10
197.6
 20
-716.702
  0
LWPOLYLINE
  5
279
330
17
100
AcDbEntity
  8
XZ_SIDE
100
AcDbPolyline
 90
90
 70
0
 10
197.6
 20
-716.702
 10
197.45901082353322
 20
-716.702
 10
197.0367456951181
 20
-716.702
 10
196.33530831838385
 20
-716.702
 10
195.3581932190579
 20
-716.702
 10
194.1102683354148
 20
-716.702
 10
192.59775076645226
 20
-716.702
 10
190.82817579861697
 20
-716.702
 10
188.81035936538632
 20
-716.702
 10
186.55435412673143
 20
-716.702
 10
184.0713993872708
 20
-716.702
 10
181.3738651026199
 20
-716.702
 10
178.4751902528949
 20
-716.702
 10
175.3898158903893
 20
-716.702
 10
172.13311319497802
 20
-716.702
 10
168.7213068956725
 20
-716.702
 10
165.1713944398369
 20
-716.702
 10
161.50106131276002
 20
-716.702
 10
157.7285929294577
 20
-716.702
 10
153.8727835376546
 20
-716.702
 10
149.9528425857876
 20
-716.702
 10
145.98829902249986
 20
-716.702
 10
141.99890400440108
 20
-716.702
 10
138.00453249679876
 20
-716.702
 10
134.02508425762082
 20
-716.702
 10
130.08038469782247
 20
-716.702
 10
126.19008611218626
 20
-716.702
 10
122.37356977257784
 20
-716.702
 10
118.64984937142454
 20
-716.702
 10
115.03747629645606
 20
-716.702
 10
111.55444720862407
 20
-716.702
 10
108.21811438364239
 20
-716.702
 10
105.04509926382252
 20
-716.702
 10
102.05120965088383
 20
-716.702
 10
99.25136095228078
 20
-716.702
 10
96.65950187339314
 20
-716.702
 10
94.28854492577747
 20
-716.702
 10
92.15030209768403
 20
-716.702
 10
90.2554260073255
 20
-716.702
 10
88.61335683206889
 20
-716.702
 10
87.23227527794673
 20
-716.702
 10
86.11906182379113
 20
-716.702
 10
85.27926244303438
 20
-716.702
 10
84.71706097394822
 20
-716.702
 10
84.43525827597203
 20
-716.702
 10
84.43525827597203
 20
-716.702
 10
84.71706097394822
 20
-716.702
 10
85.27926244303438
 20
-716.702
 10
86.11906182379113
 20
-716.702
 10
87.23227527794671
 20
-716.702
 10
88.61335683206889
 20
-716.702
 10
90.2554260073255
 20
-716.702
 10
92.15030209768403
 20
-716.702
 10
94.28854492577747
 20
-716.702
 10
96.65950187339315
 20
-716.702
 10
99.25136095228078
 20
-716.702
 10
102.0512096508838
 20
-716.702
 10
105.04509926382252
 20
-716.702
 10
108.21811438364243
 20
-716.702
 10
111.55444720862405
 20
-716.702
 10
115.03747629645608
 20
-716.702
 10
118.64984937142454
 20
-716.702
 10
122.37356977257785
 20
-716.702
 10
126.19008611218624
 20
-716.702
 10
130.08038469782247
 20
-716.702
 10
134.02508425762082
 20
-716.702
 10
138.0045324967988
 20
-716.702
 10
141.99890400440106
 20
-716.702
 10
145.9882990224999
 20
-716.702
 10
149.95284258578764
 20
-716.702
 10
153.87278353765467
 20
-716.702
 10
157.72859292945773
 20
-716.702
 10
161.50106131276004
 20
-716.702
 10
165.17139443983692
 20
-716.702
 10
168.7213068956725
 20
-716.702
 10
172.13311319497802
 20
-716.702
 10
175.3898158903893
 20
-716.702
 10
178.4751902528949
 20
-716.702
 10
181.3738651026199
 20
-716.702
 10
184.07139938727073
 20
-716.702
 10
186.55435412673143
 20
-716.702
 10
188.81035936538632
 20
-716.702
 10
190.82817579861697
 20
-716.702
 10
192.59775076645226
 20
-716.702
 10
194.1102683354148
 20
-716.702
 10
195.3581932190579
 20
-716.702
 10
196.33530831838385
 20
-716.702
 10
197.0367456951181
 20
-716.702
 10
197.45901082353322
 20
-716.702
 10
197.6
 20
-716.702
  0
LWPOLYLINE
  5
27A
330
17
100
AcDbEntity
  8
XZ_SIDE
100
AcDbPolyline
 90
2
 70
0
 10
16.0
 20
-721.202
 10
16.0
 20
-701.702
  0
LWPOLYLINE
  5
27B
330
17
100
AcDbEntity
  8
XZ_SIDE
100
AcDbPolyline
 90
2
 70
0
 10
16.0
 20
-721.202
 10
16.0
 20
-701.702
  0
LWPOLYLINE
  5
27C
330
17
100
AcDbEntity
  8
XZ_SIDE
100
AcDbPolyline
 90
2
 70
0
 10
16.0
 20
-721.202
 10
28.51000400320318
 20
-721.202
  0
LWPOLYLINE
  5
27D
330
17
100
AcDbEntity
  8
XZ_SIDE
100
AcDbPolyline
 90
12
 70
0
 10
28.510004003203193
 20
-721.2020000000002
 10
28.70010734188314
 20
-719.4743015018179
 10
29.128028131349794
 20
-717.7896753777354
 10
29.785492557016454
 20
-716.1806937404933
 10
30.659788596263
 20
-714.6784661226682
 10
31.73401180438688
 20
-713.312037976322
 10
32.98739216070312
 20
-712.1078290814871
 10
34.39569565524998
 20
-711.0891227218102
 10
35.93169285145299
 20
-710.2756155041068
 10
37.56568536512536
 20
-709.6830365260274
 10
39.26608008037519
 20
-709.3228432551999
 10
41.0
 20
-709.202
  0
LWPOLYLINE
  5
27E
330
17
100
AcDbEntity
  8
XZ_SIDE
100
AcDbPolyline
 90
12
 70
0
 10
41.0
 20
-709.202
 10
42.733919919624796
 20
-709.3228432551999
 10
44.43431463487464
 20
-709.6830365260274
 10
46.06830714854702
 20
-710.2756155041068
 10
47.60430434475002
 20
-711.0891227218102
 10
49.01260783929688
 20
-712.1078290814871
 10
50.26598819561312
 20
-713.312037976322
 10
51.340211403737
 20
-714.6784661226682
 10
52.214507442983546
 20
-716.1806937404933
 10
52.871971868650206
 20
-717.7896753777354
 10
53.29989265811686
 20
-719.4743015018179
 10
53.48999599679681
 20
-721.2020000000002
  0
LWPOLYLINE
  5
27F
330
17
100
AcDbEntity
  8
XZ_SIDE
100
AcDbPolyline
 90
2
 70
0
 10
53.48999599679682
 20
-721.202
 10
66.0
 20
-721.202
  0
LWPOLYLINE
  5
280
330
17
100
AcDbEntity
  8
XZ_SIDE
100
AcDbPolyline
 90
2
 70
0
 10
66.0
 20
-721.202
 10
66.0
 20
-701.702
  0
LWPOLYLINE
  5
281
330
17
100
AcDbEntity
  8
XZ_SIDE
100
AcDbPolyline
 90
2
 70
0
 10
16.0
 20
-701.702
 10
66.0
 20
-701.702
  0
LWPOLYLINE
  5
282
330
17
100
AcDbEntity
  8
XZ_SIDE
100
AcDbPolyline
 90
2
 70
0
 10
16.0
 20
-701.702
 10
66.0
 20
-701.702
  0
LWPOLYLINE
  5
283
330
17
100
AcDbEntity
  8
XZ_SIDE
100
AcDbPolyline
 90
12
 70
0
 10
25.0
 20
-701.702
 10
24.365014131324727
 20
-701.702
 10
22.661660052007548
 20
-701.702
 10
20.430740646906855
 20
-701.702
 10
18.380557064218863
 20
-701.702
 10
17.162028105542007
 20
-701.702
 10
17.162028105542007
 20
-701.702
 10
18.380557064218863
 20
-701.702
 10
20.430740646906855
 20
-701.702
 10
22.661660052007548
 20
-701.702
 10
24.365014131324727
 20
-701.702
 10
25.0
 20
-701.702
  0
LWPOLYLINE
  5
284
330
17
100
AcDbEntity
  8
XZ_SIDE
100
AcDbPolyline
 90
12
 70
0
 10
65.0
 20
-701.702
 10
64.36501413132473
 20
-701.702
 10
62.66166005200755
 20
-701.702
 10
60.430740646906855
 20
-701.702
 10
58.38055706421886
 20
-701.702
 10
57.16202810554201
 20
-701.702
 10
57.16202810554201
 20
-701.702
 10
58.38055706421886
 20
-701.702
 10
60.430740646906855
 20
-701.702
 10
62.66166005200755
 20
-701.702
 10
64.36501413132473
 20
-701.702
 10
65.0
 20
-701.702
  0
LWPOLYLINE
  5
285
330
17
100
AcDbEntity
  8
XZ_SIDE
100
AcDbPolyline
 90
2
 70
0
 10
16.0
 20
-721.202
 10
28.51000400320318
 20
-721.202
  0
LWPOLYLINE
  5
286
330
17
100
AcDbEntity
  8
XZ_SIDE
100
AcDbPolyline
 90
12
 70
0
 10
28.510004003203193
 20
-721.2020000000002
 10
28.70010734188314
 20
-719.4743015018179
 10
29.128028131349794
 20
-717.7896753777354
 10
29.785492557016454
 20
-716.1806937404933
 10
30.659788596263
 20
-714.6784661226682
 10
31.73401180438688
 20
-713.312037976322
 10
32.98739216070312
 20
-712.1078290814871
 10
34.39569565524998
 20
-711.0891227218102
 10
35.93169285145299
 20
-710.2756155041068
 10
37.56568536512536
 20
-709.6830365260274
 10
39.26608008037519
 20
-709.3228432551999
 10
41.0
 20
-709.202
  0
LWPOLYLINE
  5
287
330
17
100
AcDbEntity
  8
XZ_SIDE
100
AcDbPolyline
 90
12
 70
0
 10
41.0
 20
-709.202
 10
42.733919919624796
 20
-709.3228432551999
 10
44.43431463487464
 20
-709.6830365260274
 10
46.06830714854702
 20
-710.2756155041068
 10
47.60430434475002
 20
-711.0891227218102
 10
49.01260783929688
 20
-712.1078290814871
 10
50.26598819561312
 20
-713.312037976322
 10
51.340211403737
 20
-714.6784661226682
 10
52.214507442983546
 20
-716.1806937404933
 10
52.871971868650206
 20
-717.7896753777354
 10
53.29989265811686
 20
-719.4743015018179
 10
53.48999599679681
 20
-721.2020000000002
  0
LWPOLYLINE
  5
288
330
17
100
AcDbEntity
  8
XZ_SIDE
100
AcDbPolyline
 90
2
 70
0
 10
53.48999599679682
 20
-721.202
 10
66.0
 20
-721.202
  0
LWPOLYLINE
  5
289
330
17
100
AcDbEntity
  8
XZ_SIDE
100
AcDbPolyline
 90
2
 70
0
 10
66.0
 20
-721.202
 10
66.0
 20
-701.702
  0
LWPOLYLINE
  5
28A
330
17
100
AcDbEntity
  8
XZ_SIDE
100
AcDbPolyline
 90
12
 70
0
 10
25.0
 20
-721.202
 10
24.365014131324727
 20
-721.202
 10
22.661660052007548
 20
-721.202
 10
20.430740646906855
 20
-721.202
 10
18.380557064218863
 20
-721.202
 10
17.162028105542007
 20
-721.202
 10
17.162028105542007
 20
-721.202
 10
18.380557064218863
 20
-721.202
 10
20.430740646906855
 20
-721.202
 10
22.661660052007548
 20
-721.202
 10
24.365014131324727
 20
-721.202
 10
25.0
 20
-721.202
  0
LWPOLYLINE
  5
28B
330
17
100
AcDbEntity
  8
XZ_SIDE
100
AcDbPolyline
 90
12
 70
0
 10
65.0
 20
-721.202
 10
64.36501413132473
 20
-721.202
 10
62.66166005200755
 20
-721.202
 10
60.430740646906855
 20
-721.202
 10
58.38055706421886
 20
-721.202
 10
57.16202810554201
 20
-721.202
 10
57.16202810554201
 20
-721.202
 10
58.38055706421886
 20
-721.202
 10
60.430740646906855
 20
-721.202
 10
62.66166005200755
 20
-721.202
 10
64.36501413132473
 20
-721.202
 10
65.0
 20
-721.202
  0
LWPOLYLINE
  5
28C
330
17
100
AcDbEntity
  8
XZ_SIDE
100
AcDbPolyline
 90
2
 70
0
 10
25.0
 20
-721.202
 10
25.0
 20
-701.702
  0
LWPOLYLINE
  5
28D
330
17
100
AcDbEntity
  8
XZ_SIDE
100
AcDbPolyline
 90
2
 70
0
 10
65.0
 20
-721.202
 10
65.0
 20
-701.702
  0
LWPOLYLINE
  5
28E
330
17
100
AcDbEntity
  8
XZ_SIDE
100
AcDbPolyline
 90
12
 70
0
 10
25.0
 20
-701.702
 10
24.365014131324727
 20
-701.702
 10
22.661660052007548
 20
-701.702
 10
20.430740646906855
 20
-701.702
 10
18.380557064218863
 20
-701.702
 10
17.162028105542007
 20
-701.702
 10
17.162028105542007
 20
-701.702
 10
18.380557064218863
 20
-701.702
 10
20.430740646906855
 20
-701.702
 10
22.661660052007548
 20
-701.702
 10
24.365014131324727
 20
-701.702
 10
25.0
 20
-701.702
  0
LWPOLYLINE
  5
28F
330
17
100
AcDbEntity
  8
XZ_SIDE
100
AcDbPolyline
 90
2
 70
0
 10
25.0
 20
-741.702
 10
25.0
 20
-701.702
  0
LWPOLYLINE
  5
290
330
17
100
AcDbEntity
  8
XZ_SIDE
100
AcDbPolyline
 90
12
 70
0
 10
25.0
 20
-741.702
 10
24.365014131324727
 20
-741.702
 10
22.661660052007548
 20
-741.702
 10
20.430740646906855
 20
-741.702
 10
18.380557064218863
 20
-741.702
 10
17.162028105542007
 20
-741.702
 10
17.162028105542007
 20
-741.702
 10
18.380557064218863
 20
-741.702
 10
20.430740646906855
 20
-741.702
 10
22.661660052007548
 20
-741.702
 10
24.365014131324727
 20
-741.702
 10
25.0
 20
-741.702
  0
LWPOLYLINE
  5
291
330
17
100
AcDbEntity
  8
XZ_SIDE
100
AcDbPolyline
 90
12
 70
0
 10
23.700000000000003
 20
-701.702
 10
23.271384538644185
 20
-701.702
 10
22.121620535105095
 20
-701.702
 10
20.615749936662127
 20
-701.702
 10
19.231876018347734
 20
-701.702
 10
18.409368971240852
 20
-701.702
 10
18.409368971240852
 20
-701.702
 10
19.231876018347734
 20
-701.702
 10
20.615749936662127
 20
-701.702
 10
22.121620535105095
 20
-701.702
 10
23.271384538644185
 20
-701.702
 10
23.700000000000003
 20
-701.702
  0
LWPOLYLINE
  5
292
330
17
100
AcDbEntity
  8
XZ_SIDE
100
AcDbPolyline
 90
12
 70
0
 10
23.700000000000003
 20
-741.702
 10
23.271384538644185
 20
-741.702
 10
22.121620535105095
 20
-741.702
 10
20.615749936662127
 20
-741.702
 10
19.231876018347734
 20
-741.702
 10
18.409368971240852
 20
-741.702
 10
18.409368971240852
 20
-741.702
 10
19.231876018347734
 20
-741.702
 10
20.615749936662127
 20
-741.702
 10
22.121620535105095
 20
-741.702
 10
23.271384538644185
 20
-741.702
 10
23.700000000000003
 20
-741.702
  0
LWPOLYLINE
  5
293
330
17
100
AcDbEntity
  8
XZ_SIDE
100
AcDbPolyline
 90
2
 70
0
 10
23.700000000000003
 20
-741.702
 10
23.700000000000003
 20
-701.702
  0
LWPOLYLINE
  5
294
330
17
100
AcDbEntity
  8
XZ_SIDE
100
AcDbPolyline
 90
12
 70
0
 10
23.01556443707463
 20
-696.702
 10
22.73538777414059
 20
-696.702
 10
22.4048856380425
 20
-696.702
 10
22.033642443646443
 20
-696.702
 10
21.63242407837845
 20
-696.702
 10
21.212865696280204
 20
-696.702
 10
20.787134303719796
 20
-696.702
 10
20.36757592162155
 20
-696.702
 10
19.966357556353543
 20
-696.702
 10
19.595114361957485
 20
-696.702
 10
19.264612225859395
 20
-696.702
 10
18.984435562925356
 20
-696.702
  0
LWPOLYLINE
  5
295
330
17
100
AcDbEntity
  8
XZ_SIDE
100
AcDbPolyline
 90
12
 70
0
 10
18.5
 20
-697.8671513899117
 10
18.507381196503033
 20
-697.856378585935
 10
18.529114923590484
 20
-697.8242417496141
 10
18.564007896960533
 20
-697.7712482353353
 10
18.6101759954461
 20
-697.6981332991081
 10
18.6651536676123
 20
-697.6057387242313
 10
18.725978282624368
 20
-697.4949137982842
 10
18.78922645502277
 20
-697.3664862256712
 10
18.851017321482985
 20
-697.2213523349983
 10
18.907056725271673
 20
-697.0607320800077
 10
18.95287574162934
 20
-696.8865829921268
 10
18.98443556292537
 20
-696.702
  0
LWPOLYLINE
  5
296
330
17
100
AcDbEntity
  8
XZ_SIDE
100
AcDbPolyline
 90
12
 70
0
 10
18.984435562925384
 20
-696.702
 10
18.95287574116037
 20
-696.8865829919602
 10
18.907056724310124
 20
-697.0607320797506
 10
18.8510173226898
 20
-697.2213523355533
 10
18.78922645327131
 20
-697.3664862249075
 10
18.725978285060506
 20
-697.4949137994696
 10
18.665153667631984
 20
-697.6057387242342
 10
18.610175995561164
 20
-697.6981332994094
 10
18.564007896907455
 20
-697.7712482352047
 10
18.529114923609185
 20
-697.8242417496913
 10
18.507381196495373
 20
-697.8563785859071
 10
18.5
 20
-697.8671513899117
  0
LWPOLYLINE
  5
297
330
17
100
AcDbEntity
  8
XZ_SIDE
100
AcDbPolyline
 90
12
 70
0
 10
18.98443556292537
 20
-696.702
 10
19.26461222585941
 20
-696.702
 10
19.595114361957485
 20
-696.702
 10
19.966357556353557
 20
-696.702
 10
20.36757592162155
 20
-696.702
 10
20.787134303719796
 20
-696.702
 10
21.212865696280204
 20
-696.702
 10
21.63242407837845
 20
-696.702
 10
22.033642443646443
 20
-696.702
 10
22.4048856380425
 20
-696.702
 10
22.73538777414059
 20
-696.702
 10
23.01556443707463
 20
-696.702
  0
LWPOLYLINE
  5
298
330
17
100
AcDbEntity
  8
XZ_SIDE
100
AcDbPolyline
 90
12
 70
0
 10
23.01556443707463
 20
-696.702
 10
23.04712425883963
 20
-696.8865829919602
 10
23.092943275689876
 20
-697.0607320797506
 10
23.1489826773102
 20
-697.2213523355533
 10
23.21077354672869
 20
-697.3664862249075
 10
23.274021714939494
 20
-697.4949137994696
 10
23.334846332368045
 20
-697.6057387242342
 10
23.38982400443885
 20
-697.6981332994094
 10
23.43599210309256
 20
-697.7712482352047
 10
23.470885076390815
 20
-697.8242417496913
 10
23.49261880350464
 20
-697.8563785859071
 10
23.5
 20
-697.8671513899117
  0
LWPOLYLINE
  5
299
330
17
100
AcDbEntity
  8
XZ_SIDE
100
AcDbPolyline
 90
2
 70
0
 10
23.5
 20
-741.702
 10
23.5
 20
-697.8671513899118
  0
LWPOLYLINE
  5
29A
330
17
100
AcDbEntity
  8
XZ_SIDE
100
AcDbPolyline
 90
12
 70
0
 10
23.5
 20
-741.702
 10
23.10313383207796
 20
-741.702
 10
22.03853753250472
 20
-741.702
 10
20.644212904316788
 20
-741.702
 10
19.362848165136782
 20
-741.702
 10
18.601267565963752
 20
-741.702
 10
18.601267565963752
 20
-741.702
 10
19.362848165136782
 20
-741.702
 10
20.644212904316788
 20
-741.702
 10
22.03853753250472
 20
-741.702
 10
23.10313383207796
 20
-741.702
 10
23.5
 20
-741.702
  0
LWPOLYLINE
  5
29B
330
17
100
AcDbEntity
  8
XZ_SIDE
100
AcDbPolyline
 90
12
 70
0
 10
23.5
 20
-697.8671513899117
 10
23.492618803496967
 20
-697.856378585935
 10
23.470885076409502
 20
-697.8242417496141
 10
23.435992103039467
 20
-697.7712482353353
 10
23.389824004553887
 20
-697.6981332991081
 10
23.3348463323877
 20
-697.6057387242313
 10
23.274021717375632
 20
-697.4949137982842
 10
23.210773544977215
 20
-697.3664862256712
 10
23.148982678517015
 20
-697.2213523349983
 10
23.092943274728313
 20
-697.0607320800077
 10
23.04712425837066
 20
-696.8865829921268
 10
23.0155644370746
 20
-696.7019999999999
  0
LWPOLYLINE
  5
29C
330
17
100
AcDbEntity
  8
XZ_SIDE
100
AcDbPolyline
 90
12
 70
0
 10
25.977120502366844
 20
-696.702
 10
25.790439525621366
 20
-696.702
 10
25.561629157619493
 20
-696.702
 10
25.307467748538087
 20
-696.702
 10
25.037909441250292
 20
-696.702
 10
24.758855898385434
 20
-696.702
 10
24.473892964118093
 20
-696.702
 10
24.185254317564556
 20
-696.702
 10
23.894354694043358
 20
-696.702
 10
23.602095558017155
 20
-696.702
 10
23.309047514550628
 20
-696.702
 10
23.015564434627166
 20
-696.702
  0
LWPOLYLINE
  5
29D
330
17
100
AcDbEntity
  8
XZ_SIDE
100
AcDbPolyline
 90
12
 70
0
 10
18.98443556293533
 20
-696.702
 10
18.69095248770367
 20
-696.702
 10
18.397904439388924
 20
-696.702
 10
18.105645306652576
 20
-696.702
 10
17.81474568323037
 20
-696.702
 10
17.52610702824208
 20
-696.702
 10
17.241144113372854
 20
-696.702
 10
16.962090555228812
 20
-696.702
 10
16.692532238119327
 20
-696.702
 10
16.438370860859564
 20
-696.702
 10
16.20956050834009
 20
-696.702
 10
16.02287949888091
 20
-696.702
  0
LWPOLYLINE
  5
29E
330
17
100
AcDbEntity
  8
XZ_SIDE
100
AcDbPolyline
 90
12
 70
0
 10
25.977120504430758
 20
-696.702
 10
25.67257813474204
 20
-696.702
 10
25.033943652616003
 20
-696.702
 10
24.10687980291344
 20
-696.702
 10
22.95767220162189
 20
-696.702
 10
21.66848987493482
 20
-696.702
 10
20.33151012506518
 20
-696.702
 10
19.042327798378096
 20
-696.702
 10
17.89312019708656
 20
-696.702
 10
16.966056347383983
 20
-696.702
 10
16.32742186525796
 20
-696.702
 10
16.022879495569242
 20
-696.702
  0
LWPOLYLINE
  5
29F
330
17
100
AcDbEntity
  8
XZ_SIDE
100
AcDbPolyline
 90
12
 70
0
 10
16.02287949763317
 20
-696.702
 10
16.209560474378634
 20
-696.702
 10
16.438370842380507
 20
-696.702
 10
16.692532251461913
 20
-696.702
 10
16.962090558749722
 20
-696.702
 10
17.24114410161458
 20
-696.702
 10
17.526107035881907
 20
-696.702
 10
17.814745682435458
 20
-696.702
 10
18.105645305956642
 20
-696.702
 10
18.397904441982845
 20
-696.702
 10
18.690952485449372
 20
-696.702
 10
18.98443556537282
 20
-696.702
  0
LWPOLYLINE
  5
2A0
330
17
100
AcDbEntity
  8
XZ_SIDE
100
AcDbPolyline
 90
12
 70
0
 10
16.123372667444713
 20
-693.702
 10
16.158112168114997
 20
-693.9861373750034
 10
16.18878708622144
 20
-694.2840213361146
 10
16.212765716147516
 20
-694.5926304578005
 10
16.2272680712059
 20
-694.9089883817728
 10
16.229555425401088
 20
-695.2290293798635
 10
16.21749510714298
 20
-695.5464605414711
 10
16.190571915274077
 20
-695.8518830264821
 10
16.151063641373668
 20
-696.1329155938356
 10
16.104556688911245
 20
-696.375915347199
 10
16.05904091972475
 20
-696.5686163425981
 10
16.022879495569185
 20
-696.7019999999999
  0
LWPOLYLINE
  5
2A1
330
17
100
AcDbEntity
  8
XZ_SIDE
100
AcDbPolyline
 90
12
 70
0
 10
16.123372659014237
 20
-693.702
 10
16.325562159297434
 20
-693.702
 10
16.507357095158525
 20
-693.702
 10
16.661121106292498
 20
-693.702
 10
16.775953084463637
 20
-693.702
 10
16.83856083710819
 20
-693.702
 10
16.838560835535247
 20
-693.702
 10
16.775953064248824
 20
-693.702
 10
16.661121106277406
 20
-693.702
 10
16.507357095162916
 20
-693.702
 10
16.325562159319233
 20
-693.702
 10
16.12337265901661
 20
-693.702
  0
LWPOLYLINE
  5
2A2
330
17
100
AcDbEntity
  8
XZ_SIDE
100
AcDbPolyline
 90
12
 70
0
 10
16.0228794955692
 20
-696.702
 10
16.05904091972468
 20
-696.5686163425928
 10
16.104556688910904
 20
-696.3759153471951
 10
16.15106364139629
 20
-696.1329155938399
 10
16.19057191533321
 20
-695.8518830264984
 10
16.217495107142668
 20
-695.5464605414702
 10
16.229555425400918
 20
-695.2290293798633
 10
16.227268071206126
 20
-694.9089883817724
 10
16.212765716147487
 20
-694.5926304578004
 10
16.18878708622053
 20
-694.2840213361158
 10
16.15811216811582
 20
-693.9861373750076
 10
16.12337266744477
 20
-693.702
  0
LWPOLYLINE
  5
2A3
330
17
100
AcDbEntity
  8
XZ_SIDE
100
AcDbPolyline
 90
12
 70
0
 10
18.5
 20
-697.8671513899117
 10
16.2164230181847
 20
-696.9097640840272
 10
14.25782790765642
 20
-695.3947659063516
 10
12.757275745206186
 20
-693.4250812886752
 10
11.816709543682038
 20
-691.1345246956403
 10
11.500028549485336
 20
-688.6787096714049
 10
11.828747119442767
 20
-686.2244769222324
 10
12.78053309993848
 20
-683.9385596593645
 10
14.290725006442699
 20
-681.976256244784
 10
16.256724930811856
 20
-680.4708796863356
 10
18.544968735414102
 20
-679.5247007518602
 10
21.0
 20
-679.202
  0
LWPOLYLINE
  5
2A4
330
17
100
AcDbEntity
  8
XZ_SIDE
100
AcDbPolyline
 90
12
 70
0
 10
21.0
 20
-679.202
 10
21.0
 20
-679.4401197007533
 10
21.0
 20
-680.0788774804971
 10
21.0
 20
-680.9154722574099
 10
21.0
 20
-681.6842911009179
 10
21.0
 20
-682.1412394604217
 10
21.0
 20
-682.1412394604217
 10
21.0
 20
-681.6842911009179
 10
21.0
 20
-680.9154722574099
 10
21.0
 20
-680.0788774804971
 10
21.0
 20
-679.4401197007533
 10
21.0
 20
-679.202
  0
LWPOLYLINE
  5
2A5
330
17
100
AcDbEntity
  8
XZ_SIDE
100
AcDbPolyline
 90
12
 70
0
 10
16.022879495569242
 20
-696.702
 10
16.32742186525796
 20
-696.702
 10
16.966056347383997
 20
-696.702
 10
17.89312019708656
 20
-696.702
 10
19.042327798378096
 20
-696.702
 10
20.331510125065165
 20
-696.702
 10
21.668489874934806
 20
-696.702
 10
22.95767220162189
 20
-696.702
 10
24.106879802913426
 20
-696.702
 10
25.03394365261599
 20
-696.702
 10
25.672578134742025
 20
-696.702
 10
25.977120504430744
 20
-696.702
  0
LWPOLYLINE
  5
2A6
330
17
100
AcDbEntity
  8
XZ_SIDE
100
AcDbPolyline
 90
12
 70
0
 10
23.015564437064654
 20
-696.702
 10
23.309047512296303
 20
-696.702
 10
23.602095560611062
 20
-696.702
 10
23.89435469334741
 20
-696.702
 10
24.185254316769615
 20
-696.702
 10
24.47389297175789
 20
-696.702
 10
24.758855886627117
 20
-696.702
 10
25.03790944477116
 20
-696.702
 10
25.307467761880645
 20
-696.702
 10
25.561629139140408
 20
-696.702
 10
25.790439491659882
 20
-696.702
 10
25.977120501119018
 20
-696.702
  0
LWPOLYLINE
  5
2A7
330
17
100
AcDbEntity
  8
XZ_SIDE
100
AcDbPolyline
 90
12
 70
0
 10
25.977120504430744
 20
-696.702
 10
25.94095908027532
 20
-696.5686163425928
 10
25.895443311089096
 20
-696.3759153471951
 10
25.848936358603737
 20
-696.1329155938399
 10
25.80942808466679
 20
-695.8518830264984
 10
25.782504892857332
 20
-695.5464605414702
 10
25.77044457459907
 20
-695.2290293798633
 10
25.772731928793874
 20
-694.9089883817724
 10
25.787234283852513
 20
-694.5926304578004
 10
25.81121291377947
 20
-694.2840213361158
 10
25.841887831884193
 20
-693.9861373750076
 10
25.87662733255523
 20
-693.702
  0
LWPOLYLINE
  5
2A8
330
17
100
AcDbEntity
  8
XZ_SIDE
100
AcDbPolyline
 90
12
 70
0
 10
25.876627340985777
 20
-693.702
 10
25.674437840702566
 20
-693.702
 10
25.492642904841475
 20
-693.702
 10
25.338878893707502
 20
-693.702
 10
25.224046915536377
 20
-693.702
 10
25.16143916289181
 20
-693.702
 10
25.161439164464753
 20
-693.702
 10
25.22404693575119
 20
-693.702
 10
25.338878893722608
 20
-693.702
 10
25.492642904837084
 20
-693.702
 10
25.67443784068078
 20
-693.702
 10
25.87662734098339
 20
-693.702
  0
LWPOLYLINE
  5
2A9
330
17
100
AcDbEntity
  8
XZ_SIDE
100
AcDbPolyline
 90
12
 70
0
 10
25.8766273325553
 20
-693.702
 10
25.841887831885003
 20
-693.9861373750034
 10
25.81121291377856
 20
-694.2840213361146
 10
25.787234283852484
 20
-694.5926304578005
 10
25.7727319287941
 20
-694.9089883817728
 10
25.770444574598912
 20
-695.2290293798635
 10
25.78250489285702
 20
-695.5464605414711
 10
25.809428084725923
 20
-695.8518830264821
 10
25.848936358626304
 20
-696.1329155938356
 10
25.895443311088755
 20
-696.375915347199
 10
25.940959080275263
 20
-696.5686163425981
 10
25.9771205044308
 20
-696.702
  0
LWPOLYLINE
  5
2AA
330
17
100
AcDbEntity
  8
XZ_SIDE
100
AcDbPolyline
 90
12
 70
0
 10
21.0
 20
-679.202
 10
23.455031264585926
 20
-679.5247007518602
 10
25.743275069188186
 20
-680.4708796863356
 10
27.709274993557344
 20
-681.976256244784
 10
29.21946690006159
 20
-683.9385596593646
 10
30.17125288055726
 20
-686.2244769222325
 10
30.49997145051468
 20
-688.678709671405
 10
30.183290456317906
 20
-691.1345246956404
 10
29.242724254793714
 20
-693.4250812886753
 10
27.742172092343424
 20
-695.3947659063518
 10
25.783576981815088
 20
-696.9097640840273
 10
23.49999999999973
 20
-697.8671513899117
  0
LWPOLYLINE
  5
2AB
330
17
100
AcDbEntity
  8
XZ_SIDE
100
AcDbPolyline
 90
12
 70
0
 10
25.87662733255526
 20
-693.702
 10
25.46296710423273
 20
-693.702
 10
24.782482726659936
 20
-693.702
 10
23.875857821491124
 20
-693.702
 10
22.797296108664398
 20
-693.702
 10
21.611280768252016
 20
-693.702
 10
20.388719231747984
 20
-693.702
 10
19.202703891335602
 20
-693.702
 10
18.124142178508876
 20
-693.702
 10
17.217517273340064
 20
-693.702
 10
16.53703289576727
 20
-693.702
 10
16.12337266744474
 20
-693.702
  0
LWPOLYLINE
  5
2AC
330
17
100
AcDbEntity
  8
XZ_SIDE
100
AcDbPolyline
 90
12
 70
0
 10
16.12337266744474
 20
-693.702
 10
16.53703289576727
 20
-693.702
 10
17.21751727334005
 20
-693.702
 10
18.124142178508862
 20
-693.702
 10
19.202703891335602
 20
-693.702
 10
20.388719231747984
 20
-693.702
 10
21.611280768252016
 20
-693.702
 10
22.797296108664398
 20
-693.702
 10
23.875857821491124
 20
-693.702
 10
24.782482726659936
 20
-693.702
 10
25.46296710423273
 20
-693.702
 10
25.87662733255526
 20
-693.702
  0
LWPOLYLINE
  5
2AD
330
17
100
AcDbEntity
  8
XZ_SIDE
100
AcDbPolyline
 90
12
 70
0
 10
65.0
 20
-701.702
 10
64.36501413132473
 20
-701.702
 10
62.66166005200755
 20
-701.702
 10
60.430740646906855
 20
-701.702
 10
58.38055706421886
 20
-701.702
 10
57.16202810554201
 20
-701.702
 10
57.16202810554201
 20
-701.702
 10
58.38055706421886
 20
-701.702
 10
60.430740646906855
 20
-701.702
 10
62.66166005200755
 20
-701.702
 10
64.36501413132473
 20
-701.702
 10
65.0
 20
-701.702
  0
LWPOLYLINE
  5
2AE
330
17
100
AcDbEntity
  8
XZ_SIDE
100
AcDbPolyline
 90
2
 70
0
 10
65.0
 20
-741.702
 10
65.0
 20
-701.702
  0
LWPOLYLINE
  5
2AF
330
17
100
AcDbEntity
  8
XZ_SIDE
100
AcDbPolyline
 90
12
 70
0
 10
65.0
 20
-741.702
 10
64.36501413132473
 20
-741.702
 10
62.66166005200755
 20
-741.702
 10
60.430740646906855
 20
-741.702
 10
58.38055706421886
 20
-741.702
 10
57.16202810554201
 20
-741.702
 10
57.16202810554201
 20
-741.702
 10
58.38055706421886
 20
-741.702
 10
60.430740646906855
 20
-741.702
 10
62.66166005200755
 20
-741.702
 10
64.36501413132473
 20
-741.702
 10
65.0
 20
-741.702
  0
LWPOLYLINE
  5
2B0
330
17
100
AcDbEntity
  8
XZ_SIDE
100
AcDbPolyline
 90
12
 70
0
 10
63.7
 20
-701.702
 10
63.271384538644185
 20
-701.702
 10
62.121620535105095
 20
-701.702
 10
60.61574993666213
 20
-701.702
 10
59.231876018347734
 20
-701.702
 10
58.40936897124085
 20
-701.702
 10
58.40936897124085
 20
-701.702
 10
59.231876018347734
 20
-701.702
 10
60.61574993666213
 20
-701.702
 10
62.121620535105095
 20
-701.702
 10
63.271384538644185
 20
-701.702
 10
63.7
 20
-701.702
  0
LWPOLYLINE
  5
2B1
330
17
100
AcDbEntity
  8
XZ_SIDE
100
AcDbPolyline
 90
12
 70
0
 10
63.7
 20
-741.702
 10
63.271384538644185
 20
-741.702
 10
62.121620535105095
 20
-741.702
 10
60.61574993666213
 20
-741.702
 10
59.231876018347734
 20
-741.702
 10
58.40936897124085
 20
-741.702
 10
58.40936897124085
 20
-741.702
 10
59.231876018347734
 20
-741.702
 10
60.61574993666213
 20
-741.702
 10
62.121620535105095
 20
-741.702
 10
63.271384538644185
 20
-741.702
 10
63.7
 20
-741.702
  0
LWPOLYLINE
  5
2B2
330
17
100
AcDbEntity
  8
XZ_SIDE
100
AcDbPolyline
 90
2
 70
0
 10
63.7
 20
-741.702
 10
63.7
 20
-701.702
  0
LWPOLYLINE
  5
2B3
330
17
100
AcDbEntity
  8
XZ_SIDE
100
AcDbPolyline
 90
12
 70
0
 10
63.01556443707463
 20
-696.702
 10
62.73538777414059
 20
-696.702
 10
62.4048856380425
 20
-696.702
 10
62.03364244364644
 20
-696.702
 10
61.63242407837845
 20
-696.702
 10
61.212865696280204
 20
-696.702
 10
60.787134303719796
 20
-696.702
 10
60.36757592162155
 20
-696.702
 10
59.96635755635354
 20
-696.702
 10
59.595114361957485
 20
-696.702
 10
59.26461222585941
 20
-696.702
 10
58.984435562925356
 20
-696.702
  0
LWPOLYLINE
  5
2B4
330
17
100
AcDbEntity
  8
XZ_SIDE
100
AcDbPolyline
 90
12
 70
0
 10
58.5
 20
-697.8671513899117
 10
58.50738119650303
 20
-697.856378585935
 10
58.529114923590484
 20
-697.8242417496141
 10
58.56400789696052
 20
-697.7712482353353
 10
58.6101759954461
 20
-697.6981332991081
 10
58.66515366761229
 20
-697.6057387242313
 10
58.72597828262437
 20
-697.4949137982842
 10
58.78922645502277
 20
-697.3664862256712
 10
58.851017321482985
 20
-697.2213523349983
 10
58.90705672527167
 20
-697.0607320800077
 10
58.95287574162934
 20
-696.8865829921268
 10
58.98443556292537
 20
-696.702
  0
LWPOLYLINE
  5
2B5
330
17
100
AcDbEntity
  8
XZ_SIDE
100
AcDbPolyline
 90
12
 70
0
 10
58.98443556292537
 20
-696.702
 10
58.95287574116037
 20
-696.8865829919602
 10
58.907056724310124
 20
-697.0607320797506
 10
58.8510173226898
 20
-697.2213523355533
 10
58.78922645327131
 20
-697.3664862249075
 10
58.725978285060506
 20
-697.4949137994696
 10
58.66515366763197
 20
-697.6057387242342
 10
58.610175995561164
 20
-697.6981332994094
 10
58.564007896907455
 20
-697.7712482352047
 10
58.529114923609185
 20
-697.8242417496913
 10
58.50738119649537
 20
-697.8563785859071
 10
58.5
 20
-697.8671513899117
  0
LWPOLYLINE
  5
2B6
330
17
100
AcDbEntity
  8
XZ_SIDE
100
AcDbPolyline
 90
12
 70
0
 10
58.98443556292537
 20
-696.702
 10
59.26461222585941
 20
-696.702
 10
59.595114361957485
 20
-696.702
 10
59.96635755635356
 20
-696.702
 10
60.36757592162155
 20
-696.702
 10
60.787134303719796
 20
-696.702
 10
61.212865696280204
 20
-696.702
 10
61.63242407837845
 20
-696.702
 10
62.03364244364644
 20
-696.702
 10
62.4048856380425
 20
-696.702
 10
62.73538777414059
 20
-696.702
 10
63.01556443707463
 20
-696.702
  0
LWPOLYLINE
  5
2B7
330
17
100
AcDbEntity
  8
XZ_SIDE
100
AcDbPolyline
 90
12
 70
0
 10
63.01556443707463
 20
-696.702
 10
63.04712425883963
 20
-696.8865829919602
 10
63.092943275689876
 20
-697.0607320797506
 10
63.1489826773102
 20
-697.2213523355533
 10
63.21077354672869
 20
-697.3664862249075
 10
63.274021714939494
 20
-697.4949137994696
 10
63.334846332368045
 20
-697.6057387242342
 10
63.38982400443885
 20
-697.6981332994094
 10
63.43599210309256
 20
-697.7712482352047
 10
63.470885076390815
 20
-697.8242417496913
 10
63.49261880350464
 20
-697.8563785859071
 10
63.5
 20
-697.8671513899117
  0
LWPOLYLINE
  5
2B8
330
17
100
AcDbEntity
  8
XZ_SIDE
100
AcDbPolyline
 90
2
 70
0
 10
63.5
 20
-741.702
 10
63.5
 20
-697.8671513899118
  0
LWPOLYLINE
  5
2B9
330
17
100
AcDbEntity
  8
XZ_SIDE
100
AcDbPolyline
 90
12
 70
0
 10
63.5
 20
-741.702
 10
63.10313383207796
 20
-741.702
 10
62.03853753250472
 20
-741.702
 10
60.64421290431679
 20
-741.702
 10
59.36284816513678
 20
-741.702
 10
58.60126756596375
 20
-741.702
 10
58.60126756596375
 20
-741.702
 10
59.36284816513678
 20
-741.702
 10
60.64421290431679
 20
-741.702
 10
62.03853753250472
 20
-741.702
 10
63.10313383207796
 20
-741.702
 10
63.5
 20
-741.702
  0
LWPOLYLINE
  5
2BA
330
17
100
AcDbEntity
  8
XZ_SIDE
100
AcDbPolyline
 90
12
 70
0
 10
63.5
 20
-697.8671513899117
 10
63.49261880349697
 20
-697.856378585935
 10
63.4708850764095
 20
-697.8242417496141
 10
63.43599210303947
 20
-697.7712482353353
 10
63.3898240045539
 20
-697.6981332991081
 10
63.33484633238771
 20
-697.6057387242313
 10
63.27402171737563
 20
-697.4949137982842
 10
63.210773544977215
 20
-697.3664862256712
 10
63.148982678517015
 20
-697.2213523349983
 10
63.09294327472831
 20
-697.0607320800077
 10
63.04712425837066
 20
-696.8865829921268
 10
63.015564437074616
 20
-696.7019999999999
  0
LWPOLYLINE
  5
2BB
330
17
100
AcDbEntity
  8
XZ_SIDE
100
AcDbPolyline
 90
12
 70
0
 10
65.97712050236682
 20
-696.702
 10
65.79043952562135
 20
-696.702
 10
65.56162915761948
 20
-696.702
 10
65.30746774853807
 20
-696.702
 10
65.03790944125026
 20
-696.702
 10
64.75885589838542
 20
-696.702
 10
64.47389296411808
 20
-696.702
 10
64.18525431756454
 20
-696.702
 10
63.894354694043344
 20
-696.702
 10
63.602095558017155
 20
-696.702
 10
63.30904751455063
 20
-696.702
 10
63.01556443462715
 20
-696.702
  0
LWPOLYLINE
  5
2BC
330
17
100
AcDbEntity
  8
XZ_SIDE
100
AcDbPolyline
 90
12
 70
0
 10
58.98443556293533
 20
-696.702
 10
58.69095248770368
 20
-696.702
 10
58.39790443938894
 20
-696.702
 10
58.10564530665259
 20
-696.702
 10
57.8147456832304
 20
-696.702
 10
57.52610702824211
 20
-696.702
 10
57.24114411337288
 20
-696.702
 10
56.962090555228855
 20
-696.702
 10
56.692532238119355
 20
-696.702
 10
56.43837086085961
 20
-696.702
 10
56.20956050834013
 20
-696.702
 10
56.02287949888094
 20
-696.702
  0
LWPOLYLINE
  5
2BD
330
17
100
AcDbEntity
  8
XZ_SIDE
100
AcDbPolyline
 90
12
 70
0
 10
65.97712050443074
 20
-696.702
 10
65.67257813474203
 20
-696.702
 10
65.033943652616
 20
-696.702
 10
64.10687980291344
 20
-696.702
 10
62.957672201621904
 20
-696.702
 10
61.668489874934835
 20
-696.702
 10
60.33151012506519
 20
-696.702
 10
59.042327798378125
 20
-696.702
 10
57.89312019708659
 20
-696.702
 10
56.96605634738401
 20
-696.702
 10
56.327421865257975
 20
-696.702
 10
56.022879495569256
 20
-696.702
  0
LWPOLYLINE
  5
2BE
330
17
100
AcDbEntity
  8
XZ_SIDE
100
AcDbPolyline
 90
12
 70
0
 10
56.02287949763317
 20
-696.702
 10
56.20956047437865
 20
-696.702
 10
56.43837084238052
 20
-696.702
 10
56.69253225146193
 20
-696.702
 10
56.96209055874972
 20
-696.702
 10
57.241144101614594
 20
-696.702
 10
57.52610703588191
 20
-696.702
 10
57.81474568243546
 20
-696.702
 10
58.10564530595664
 20
-696.702
 10
58.397904441982845
 20
-696.702
 10
58.69095248544937
 20
-696.702
 10
58.98443556537282
 20
-696.702
  0
LWPOLYLINE
  5
2BF
330
17
100
AcDbEntity
  8
XZ_SIDE
100
AcDbPolyline
 90
12
 70
0
 10
56.123372667444755
 20
-693.702
 10
56.15811216811501
 20
-693.9861373750034
 10
56.188787086221424
 20
-694.2840213361146
 10
56.2127657161475
 20
-694.5926304578005
 10
56.2272680712059
 20
-694.9089883817728
 10
56.22955542540109
 20
-695.2290293798635
 10
56.21749510714298
 20
-695.5464605414711
 10
56.19057191527409
 20
-695.8518830264821
 10
56.151063641373696
 20
-696.1329155938356
 10
56.104556688911245
 20
-696.375915347199
 10
56.05904091972475
 20
-696.5686163425981
 10
56.02287949556923
 20
-696.702
  0
LWPOLYLINE
  5
2C0
330
17
100
AcDbEntity
  8
XZ_SIDE
100
AcDbPolyline
 90
12
 70
0
 10
56.12337265901422
 20
-693.702
 10
56.325562159297434
 20
-693.702
 10
56.507357095158525
 20
-693.702
 10
56.6611211062925
 20
-693.702
 10
56.77595308446364
 20
-693.702
 10
56.83856083710819
 20
-693.702
 10
56.83856083553525
 20
-693.702
 10
56.775953064248824
 20
-693.702
 10
56.661121106277406
 20
-693.702
 10
56.50735709516292
 20
-693.702
 10
56.32556215931923
 20
-693.702
 10
56.123372659016624
 20
-693.702
  0
LWPOLYLINE
  5
2C1
330
17
100
AcDbEntity
  8
XZ_SIDE
100
AcDbPolyline
 90
12
 70
0
 10
56.022879495569185
 20
-696.702
 10
56.059040919724694
 20
-696.5686163425928
 10
56.10455668891092
 20
-696.3759153471951
 10
56.15106364139629
 20
-696.1329155938399
 10
56.19057191533321
 20
-695.8518830264984
 10
56.21749510714267
 20
-695.5464605414702
 10
56.22955542540092
 20
-695.2290293798633
 10
56.227268071206126
 20
-694.9089883817724
 10
56.21276571614749
 20
-694.5926304578004
 10
56.18878708622053
 20
-694.2840213361158
 10
56.15811216811581
 20
-693.9861373750076
 10
56.1233726674448
 20
-693.702
  0
LWPOLYLINE
  5
2C2
330
17
100
AcDbEntity
  8
XZ_SIDE
100
AcDbPolyline
 90
12
 70
0
 10
58.5
 20
-697.8671513899117
 10
56.2164230181847
 20
-696.9097640840272
 10
54.25782790765642
 20
-695.3947659063516
 10
52.75727574520619
 20
-693.4250812886752
 10
51.81670954368205
 20
-691.1345246956403
 10
51.50002854948532
 20
-688.6787096714049
 10
51.82874711944278
 20
-686.2244769222324
 10
52.78053309993847
 20
-683.9385596593645
 10
54.2907250064427
 20
-681.976256244784
 10
56.256724930811856
 20
-680.4708796863356
 10
58.5449687354141
 20
-679.5247007518602
 10
61.0
 20
-679.202
  0
LWPOLYLINE
  5
2C3
330
17
100
AcDbEntity
  8
XZ_SIDE
100
AcDbPolyline
 90
12
 70
0
 10
61.0
 20
-679.202
 10
61.0
 20
-679.4401197007533
 10
61.0
 20
-680.0788774804971
 10
61.0
 20
-680.9154722574099
 10
61.0
 20
-681.6842911009179
 10
61.0
 20
-682.1412394604217
 10
61.0
 20
-682.1412394604217
 10
61.0
 20
-681.6842911009179
 10
61.0
 20
-680.9154722574099
 10
61.0
 20
-680.0788774804971
 10
61.0
 20
-679.4401197007533
 10
61.0
 20
-679.202
  0
LWPOLYLINE
  5
2C4
330
17
100
AcDbEntity
  8
XZ_SIDE
100
AcDbPolyline
 90
12
 70
0
 10
56.022879495569256
 20
-696.702
 10
56.32742186525796
 20
-696.702
 10
56.966056347384
 20
-696.702
 10
57.893120197086574
 20
-696.702
 10
59.042327798378096
 20
-696.702
 10
60.33151012506518
 20
-696.702
 10
61.66848987493482
 20
-696.702
 10
62.95767220162189
 20
-696.702
 10
64.10687980291343
 20
-696.702
 10
65.03394365261599
 20
-696.702
 10
65.67257813474203
 20
-696.702
 10
65.97712050443074
 20
-696.702
  0
LWPOLYLINE
  5
2C5
330
17
100
AcDbEntity
  8
XZ_SIDE
100
AcDbPolyline
 90
12
 70
0
 10
63.01556443706467
 20
-696.702
 10
63.3090475122963
 20
-696.702
 10
63.60209556061106
 20
-696.702
 10
63.89435469334741
 20
-696.702
 10
64.18525431676962
 20
-696.702
 10
64.47389297175789
 20
-696.702
 10
64.75885588662712
 20
-696.702
 10
65.03790944477116
 20
-696.702
 10
65.30746776188064
 20
-696.702
 10
65.56162913914041
 20
-696.702
 10
65.79043949165988
 20
-696.702
 10
65.97712050111903
 20
-696.702
  0
LWPOLYLINE
  5
2C6
330
17
100
AcDbEntity
  8
XZ_SIDE
100
AcDbPolyline
 90
12
 70
0
 10
65.97712050443074
 20
-696.702
 10
65.9409590802753
 20
-696.5686163425928
 10
65.89544331108908
 20
-696.3759153471951
 10
65.84893635860374
 20
-696.1329155938399
 10
65.80942808466679
 20
-695.8518830264984
 10
65.78250489285732
 20
-695.5464605414702
 10
65.77044457459907
 20
-695.2290293798633
 10
65.77273192879387
 20
-694.9089883817724
 10
65.78723428385251
 20
-694.5926304578004
 10
65.8112129137795
 20
-694.2840213361158
 10
65.8418878318842
 20
-693.9861373750076
 10
65.8766273325552
 20
-693.702
  0
LWPOLYLINE
  5
2C7
330
17
100
AcDbEntity
  8
XZ_SIDE
100
AcDbPolyline
 90
12
 70
0
 10
65.87662734098585
 20
-693.702
 10
65.67443784070257
 20
-693.702
 10
65.49264290484147
 20
-693.702
 10
65.3388788937075
 20
-693.702
 10
65.22404691553638
 20
-693.702
 10
65.16143916289181
 20
-693.702
 10
65.16143916446475
 20
-693.702
 10
65.22404693575119
 20
-693.702
 10
65.3388788937226
 20
-693.702
 10
65.49264290483708
 20
-693.702
 10
65.67443784068078
 20
-693.702
 10
65.8766273409834
 20
-693.702
  0
LWPOLYLINE
  5
2C8
330
17
100
AcDbEntity
  8
XZ_SIDE
100
AcDbPolyline
 90
12
 70
0
 10
65.87662733255524
 20
-693.702
 10
65.841887831885
 20
-693.9861373750034
 10
65.81121291377856
 20
-694.2840213361146
 10
65.78723428385248
 20
-694.5926304578005
 10
65.7727319287941
 20
-694.9089883817728
 10
65.77044457459891
 20
-695.2290293798635
 10
65.78250489285702
 20
-695.5464605414711
 10
65.80942808472592
 20
-695.8518830264821
 10
65.8489363586263
 20
-696.1329155938356
 10
65.89544331108877
 20
-696.375915347199
 10
65.94095908027528
 20
-696.5686163425981
 10
65.97712050443079
 20
-696.702
  0
LWPOLYLINE
  5
2C9
330
17
100
AcDbEntity
  8
XZ_SIDE
100
AcDbPolyline
 90
12
 70
0
 10
61.0
 20
-679.202
 10
63.45503126458593
 20
-679.5247007518602
 10
65.74327506918819
 20
-680.4708796863356
 10
67.70927499355734
 20
-681.976256244784
 10
69.21946690006159
 20
-683.9385596593646
 10
70.17125288055726
 20
-686.2244769222325
 10
70.49997145051468
 20
-688.678709671405
 10
70.1832904563179
 20
-691.1345246956404
 10
69.24272425479371
 20
-693.4250812886753
 10
67.74217209234342
 20
-695.3947659063518
 10
65.78357698181509
 20
-696.9097640840273
 10
63.49999999999973
 20
-697.8671513899117
  0
LWPOLYLINE
  5
2CA
330
17
100
AcDbEntity
  8
XZ_SIDE
100
AcDbPolyline
 90
12
 70
0
 10
65.87662733255526
 20
-693.702
 10
65.46296710423273
 20
-693.702
 10
64.78248272665994
 20
-693.702
 10
63.875857821491124
 20
-693.702
 10
62.7972961086644
 20
-693.702
 10
61.611280768252016
 20
-693.702
 10
60.388719231747984
 20
-693.702
 10
59.2027038913356
 20
-693.702
 10
58.124142178508876
 20
-693.702
 10
57.217517273340064
 20
-693.702
 10
56.53703289576727
 20
-693.702
 10
56.12337266744474
 20
-693.702
  0
LWPOLYLINE
  5
2CB
330
17
100
AcDbEntity
  8
XZ_SIDE
100
AcDbPolyline
 90
12
 70
0
 10
56.12337266744474
 20
-693.702
 10
56.53703289576727
 20
-693.702
 10
57.21751727334005
 20
-693.702
 10
58.12414217850886
 20
-693.702
 10
59.2027038913356
 20
-693.702
 10
60.388719231747984
 20
-693.702
 10
61.611280768252016
 20
-693.702
 10
62.7972961086644
 20
-693.702
 10
63.875857821491124
 20
-693.702
 10
64.78248272665994
 20
-693.702
 10
65.46296710423273
 20
-693.702
 10
65.87662733255526
 20
-693.702
  0
LWPOLYLINE
  5
2CC
330
17
100
AcDbEntity
  8
XZ_SIDE
100
AcDbPolyline
 90
12
 70
0
 10
9.0
 20
-726.702
 10
9.810961226183395
 20
-726.9401197007533
 10
10.364447993031774
 20
-727.5788774804971
 10
10.484732162821388
 20
-728.4154722574099
 10
10.133624361531389
 20
-729.1842911009179
 10
9.422598835262136
 20
-729.6412394604217
 10
8.577401164737864
 20
-729.6412394604217
 10
7.866375638468611
 20
-729.1842911009179
 10
7.515267837178612
 20
-728.4154722574099
 10
7.635552006968226
 20
-727.5788774804971
 10
8.189038773816605
 20
-726.9401197007533
 10
9.0
 20
-726.702
  0
LWPOLYLINE
  5
2CD
330
17
100
AcDbEntity
  8
XZ_SIDE
100
AcDbPolyline
 90
12
 70
0
 10
9.0
 20
-726.702
 10
9.810961226183395
 20
-726.9401197007533
 10
10.364447993031774
 20
-727.5788774804971
 10
10.484732162821388
 20
-728.4154722574099
 10
10.133624361531389
 20
-729.1842911009179
 10
9.422598835262136
 20
-729.6412394604217
 10
8.577401164737864
 20
-729.6412394604217
 10
7.866375638468611
 20
-729.1842911009179
 10
7.515267837178612
 20
-728.4154722574099
 10
7.635552006968226
 20
-727.5788774804971
 10
8.189038773816605
 20
-726.9401197007533
 10
9.0
 20
-726.702
  0
LWPOLYLINE
  5
2CE
330
17
100
AcDbEntity
  8
XZ_SIDE
100
AcDbPolyline
 90
21
 70
0
 10
144.8
 20
-862.502
 10
144.8
 20
-866.4249547863922
 10
144.8
 20
-870.3237232520115
 10
144.8
 20
-874.1742681927952
 10
144.8
 20
-877.9528497187473
 10
144.8
 20
-881.6361716182545
 10
144.8
 20
-885.2015249869773
 10
144.8
 20
-888.6269282357974
 10
144.8
 20
-891.8912626146237
 10
144.8
 20
-894.9744024165092
 10
144.8
 20
-897.8573390593274
 10
144.8
 20
-900.5222982800015
 10
144.8
 20
-902.9528497187473
 10
144.8
 20
-905.1340082177046
 10
144.8
 20
-907.0523262094183
 10
144.8
 20
-908.6959766255643
 10
144.8
 20
-910.0548258147576
 10
144.8
 20
-911.1204960198838
 10
144.8
 20
-911.8864170297568
 10
144.8
 20
-912.3478666866564
 10
144.8
 20
-912.502
  0
LWPOLYLINE
  5
2CF
330
17
100
AcDbEntity
  8
XZ_SIDE
100
AcDbPolyline
 90
12
 70
0
 10
144.8
 20
-862.502
 10
144.1967634247585
 20
-862.502
 10
142.57857704940716
 20
-862.502
 10
140.45920361456152
 20
-862.502
 10
138.5115292110079
 20
-862.502
 10
137.3539267002649
 20
-862.502
 10
137.3539267002649
 20
-862.502
 10
138.5115292110079
 20
-862.502
 10
140.45920361456152
 20
-862.502
 10
142.57857704940716
 20
-862.502
 10
144.1967634247585
 20
-862.502
 10
144.8
 20
-862.502
  0
LWPOLYLINE
  5
2D0
330
17
100
AcDbEntity
  8
XZ_SIDE
100
AcDbPolyline
 90
12
 70
0
 10
144.8
 20
-912.502
 10
144.1967634247585
 20
-910.4475648936686
 10
142.57857704940716
 20
-909.0453984176528
 10
140.45920361456152
 20
-908.7406785208524
 10
138.5115292110079
 20
-909.6301516174537
 10
137.3539267002649
 20
-911.4314162840026
 10
137.3539267002649
 20
-913.5725837159974
 10
138.5115292110079
 20
-915.3738483825462
 10
140.45920361456152
 20
-916.2633214791475
 10
142.57857704940716
 20
-915.9586015823471
 10
144.1967634247585
 20
-914.5564351063313
 10
144.8
 20
-912.502
  0
LWPOLYLINE
  5
2D1
330
17
100
AcDbEntity
  8
XZ_SIDE
100
AcDbPolyline
 90
12
 70
0
 10
144.8
 20
-912.502
 10
144.1967634247585
 20
-914.5564351063313
 10
142.57857704940716
 20
-915.9586015823471
 10
140.45920361456152
 20
-916.2633214791475
 10
138.5115292110079
 20
-915.3738483825462
 10
137.3539267002649
 20
-913.5725837159974
 10
137.3539267002649
 20
-911.4314162840026
 10
138.5115292110079
 20
-909.6301516174537
 10
140.45920361456152
 20
-908.7406785208524
 10
142.57857704940716
 20
-909.0453984176528
 10
144.1967634247585
 20
-910.4475648936686
 10
144.8
 20
-912.502
  0
LWPOLYLINE
  5
2D2
330
17
100
AcDbEntity
  8
XZ_SIDE
100
AcDbPolyline
 90
2
 70
0
 10
129.0
 20
-921.502
 10
129.0
 20
-903.502
  0
LWPOLYLINE
  5
2D3
330
17
100
AcDbEntity
  8
XZ_SIDE
100
AcDbPolyline
 90
2
 70
0
 10
129.0
 20
-921.502
 10
129.0
 20
-903.502
  0
LWPOLYLINE
  5
2D4
330
17
100
AcDbEntity
  8
XZ_SIDE
100
AcDbPolyline
 90
2
 70
0
 10
129.0
 20
-921.502
 10
135.0
 20
-921.502
  0
LWPOLYLINE
  5
2D5
330
17
100
AcDbEntity
  8
XZ_SIDE
100
AcDbPolyline
 90
2
 70
0
 10
135.0
 20
-917.702
 10
135.0
 20
-921.502
  0
LWPOLYLINE
  5
2D6
330
17
100
AcDbEntity
  8
XZ_SIDE
100
AcDbPolyline
 90
2
 70
0
 10
129.0
 20
-903.502
 10
153.0
 20
-903.502
  0
LWPOLYLINE
  5
2D7
330
17
100
AcDbEntity
  8
XZ_SIDE
100
AcDbPolyline
 90
2
 70
0
 10
135.0
 20
-917.702
 10
147.0
 20
-917.702
  0
LWPOLYLINE
  5
2D8
330
17
100
AcDbEntity
  8
XZ_SIDE
100
AcDbPolyline
 90
2
 70
0
 10
153.0
 20
-921.502
 10
153.0
 20
-903.502
  0
LWPOLYLINE
  5
2D9
330
17
100
AcDbEntity
  8
XZ_SIDE
100
AcDbPolyline
 90
2
 70
0
 10
147.0
 20
-917.702
 10
147.0
 20
-921.502
  0
LWPOLYLINE
  5
2DA
330
17
100
AcDbEntity
  8
XZ_SIDE
100
AcDbPolyline
 90
2
 70
0
 10
147.0
 20
-921.502
 10
153.0
 20
-921.502
  0
LWPOLYLINE
  5
2DB
330
17
100
AcDbEntity
  8
XZ_SIDE
100
AcDbPolyline
 90
12
 70
0
 10
145.2
 20
-912.502
 10
144.53326483789095
 20
-914.7726914333135
 10
142.7447430546079
 20
-916.3224543804889
 10
140.4022776792522
 20
-916.6592500558999
 10
138.24958491742981
 20
-915.6761482122879
 10
136.9701295108191
 20
-913.6852767387339
 10
136.9701295108191
 20
-911.318723261266
 10
138.24958491742981
 20
-909.3278517877121
 10
140.4022776792522
 20
-908.3447499441
 10
142.7447430546079
 20
-908.681545619511
 10
144.53326483789095
 20
-910.2313085666865
 10
145.2
 20
-912.502
  0
LWPOLYLINE
  5
2DC
330
17
100
AcDbEntity
  8
XZ_SIDE
100
AcDbPolyline
 90
2
 70
0
 10
129.0
 20
-903.502
 10
153.0
 20
-903.502
  0
LWPOLYLINE
  5
2DD
330
17
100
AcDbEntity
  8
XZ_SIDE
100
AcDbPolyline
 90
2
 70
0
 10
129.0
 20
-921.502
 10
153.0
 20
-921.502
  0
LWPOLYLINE
  5
2DE
330
17
100
AcDbEntity
  8
XZ_SIDE
100
AcDbPolyline
 90
2
 70
0
 10
153.0
 20
-921.502
 10
153.0
 20
-903.502
  0
LWPOLYLINE
  5
2DF
330
17
100
AcDbEntity
  8
XZ_SIDE
100
AcDbPolyline
 90
12
 70
0
 10
145.2
 20
-912.502
 10
144.53326483789095
 20
-914.7726914333135
 10
142.7447430546079
 20
-916.3224543804889
 10
140.4022776792522
 20
-916.6592500558999
 10
138.24958491742981
 20
-915.6761482122879
 10
136.9701295108191
 20
-913.6852767387339
 10
136.9701295108191
 20
-911.318723261266
 10
138.24958491742981
 20
-909.3278517877121
 10
140.4022776792522
 20
-908.3447499441
 10
142.7447430546079
 20
-908.681545619511
 10
144.53326483789095
 20
-910.2313085666865
 10
145.2
 20
-912.502
  0
LWPOLYLINE
  5
2E0
330
17
100
AcDbEntity
  8
XZ_SIDE
100
AcDbPolyline
 90
2
 70
0
 10
147.0
 20
-921.502
 10
135.0
 20
-921.502
  0
LWPOLYLINE
  5
2E1
330
17
100
AcDbEntity
  8
XZ_SIDE
100
AcDbPolyline
 90
2
 70
0
 10
135.0
 20
-927.702
 10
135.0
 20
-835.602
  0
LWPOLYLINE
  5
2E2
330
17
100
AcDbEntity
  8
XZ_SIDE
100
AcDbPolyline
 90
2
 70
0
 10
135.0
 20
-835.602
 10
135.0
 20
-821.702
  0
LWPOLYLINE
  5
2E3
330
17
100
AcDbEntity
  8
XZ_SIDE
100
AcDbPolyline
 90
2
 70
0
 10
135.0
 20
-821.702
 10
135.0
 20
-811.702
  0
LWPOLYLINE
  5
2E4
330
17
100
AcDbEntity
  8
XZ_SIDE
100
AcDbPolyline
 90
2
 70
0
 10
135.0
 20
-917.702
 10
135.0
 20
-811.702
  0
LWPOLYLINE
  5
2E5
330
17
100
AcDbEntity
  8
XZ_SIDE
100
AcDbPolyline
 90
2
 70
0
 10
135.0
 20
-927.702
 10
135.0
 20
-921.502
  0
LWPOLYLINE
  5
2E6
330
17
100
AcDbEntity
  8
XZ_SIDE
100
AcDbPolyline
 90
2
 70
0
 10
147.0
 20
-917.702
 10
135.0
 20
-917.702
  0
LWPOLYLINE
  5
2E7
330
17
100
AcDbEntity
  8
XZ_SIDE
100
AcDbPolyline
 90
2
 70
0
 10
147.0
 20
-835.602
 10
147.0
 20
-927.702
  0
LWPOLYLINE
  5
2E8
330
17
100
AcDbEntity
  8
XZ_SIDE
100
AcDbPolyline
 90
2
 70
0
 10
147.0
 20
-835.602
 10
147.0
 20
-821.702
  0
LWPOLYLINE
  5
2E9
330
17
100
AcDbEntity
  8
XZ_SIDE
100
AcDbPolyline
 90
2
 70
0
 10
147.0
 20
-821.702
 10
147.0
 20
-811.702
  0
LWPOLYLINE
  5
2EA
330
17
100
AcDbEntity
  8
XZ_SIDE
100
AcDbPolyline
 90
2
 70
0
 10
147.0
 20
-917.702
 10
147.0
 20
-811.702
  0
LWPOLYLINE
  5
2EB
330
17
100
AcDbEntity
  8
XZ_SIDE
100
AcDbPolyline
 90
2
 70
0
 10
147.0
 20
-927.702
 10
147.0
 20
-921.502
  0
LWPOLYLINE
  5
2EC
330
17
100
AcDbEntity
  8
XZ_SIDE
100
AcDbPolyline
 90
2
 70
0
 10
135.0
 20
-927.702
 10
147.0
 20
-927.702
  0
LWPOLYLINE
  5
2ED
330
17
100
AcDbEntity
  8
XZ_SIDE
100
AcDbPolyline
 90
2
 70
0
 10
135.0
 20
-835.602
 10
147.0
 20
-835.602
  0
LWPOLYLINE
  5
2EE
330
17
100
AcDbEntity
  8
XZ_SIDE
100
AcDbPolyline
 90
2
 70
0
 10
135.0
 20
-927.702
 10
147.0
 20
-927.702
  0
LWPOLYLINE
  5
2EF
330
17
100
AcDbEntity
  8
XZ_SIDE
100
AcDbPolyline
 90
12
 70
0
 10
145.2
 20
-904.5852508250016
 10
144.6239943865027
 20
-902.0395467649389
 10
142.92451538457604
 20
-900.0735782964722
 10
140.40724763762918
 20
-899.5491656550055
 10
138.171725009239
 20
-900.844450464794
 10
136.97345035469735
 20
-903.1587838185385
 10
136.92078076499033
 20
-905.7685975833404
 10
138.0605534330488
 20
-908.108950098653
 10
140.28441868186613
 20
-909.4273357882964
 10
142.82820359239398
 20
-909.0145821090728
 10
144.6049920506296
 20
-907.1242389531989
 10
145.2
 20
-904.5852508250016
  0
LWPOLYLINE
  5
2F0
330
17
100
AcDbEntity
  8
XZ_SIDE
100
AcDbPolyline
 90
12
 70
0
 10
147.0
 20
-835.602
 10
145.9120237162165
 20
-835.602
 10
144.82228833655935
 20
-835.602
 10
143.73118411749323
 20
-835.602
 10
142.63910180569204
 20
-835.602
 10
141.5464324981047
 20
-835.602
 10
140.4535675018953
 20
-835.602
 10
139.36089819430796
 20
-835.602
 10
138.26881588250677
 20
-835.602
 10
137.17771166344065
 20
-835.602
 10
136.0879762837835
 20
-835.602
 10
135.0
 20
-835.602
  0
LWPOLYLINE
  5
2F1
330
17
100
AcDbEntity
  8
XZ_SIDE
100
AcDbPolyline
 90
12
 70
0
 10
147.0
 20
-821.702
 10
145.9120237162165
 20
-821.702
 10
144.82228833655935
 20
-821.702
 10
143.73118411749323
 20
-821.702
 10
142.63910180569204
 20
-821.702
 10
141.5464324981047
 20
-821.702
 10
140.4535675018953
 20
-821.702
 10
139.36089819430796
 20
-821.702
 10
138.26881588250677
 20
-821.702
 10
137.17771166344065
 20
-821.702
 10
136.0879762837835
 20
-821.702
 10
135.0
 20
-821.702
  0
LWPOLYLINE
  5
2F2
330
17
100
AcDbEntity
  8
XZ_SIDE
100
AcDbPolyline
 90
12
 70
0
 10
147.0
 20
-821.702
 10
145.9121446728275
 20
-821.702
 10
144.82245772533605
 20
-821.702
 10
143.73134547551652
 20
-821.702
 10
142.6392147728206
 20
-821.702
 10
141.54647284645662
 20
-821.702
 10
140.45352715354338
 20
-821.702
 10
139.3607852271794
 20
-821.702
 10
138.2686545244835
 20
-821.702
 10
137.17754227466395
 20
-821.702
 10
136.0878553271725
 20
-821.702
 10
135.0
 20
-821.702
  0
LWPOLYLINE
  5
2F3
330
17
100
AcDbEntity
  8
XZ_SIDE
100
AcDbPolyline
 90
2
 70
0
 10
147.0
 20
-811.702
 10
147.0
 20
-806.702
  0
LWPOLYLINE
  5
2F4
330
17
100
AcDbEntity
  8
XZ_SIDE
100
AcDbPolyline
 90
12
 70
0
 10
147.0
 20
-806.702
 10
145.9121446728275
 20
-806.702
 10
144.82245772533605
 20
-806.702
 10
143.73134547551652
 20
-806.702
 10
142.6392147728206
 20
-806.702
 10
141.54647284645662
 20
-806.702
 10
140.45352715354338
 20
-806.702
 10
139.3607852271794
 20
-806.702
 10
138.2686545244835
 20
-806.702
 10
137.17754227466395
 20
-806.702
 10
136.0878553271725
 20
-806.702
 10
135.0
 20
-806.702
  0
LWPOLYLINE
  5
2F5
330
17
100
AcDbEntity
  8
XZ_SIDE
100
AcDbPolyline
 90
2
 70
0
 10
135.0
 20
-811.702
 10
135.0
 20
-806.702
  0
LWPOLYLINE
  5
2F6
330
17
100
AcDbEntity
  8
XZ_SIDE
100
AcDbPolyline
 90
96
 70
0
 10
203.0
 20
-811.702
 10
202.86444488756402
 20
-811.702
 10
202.45837229827248
 20
-811.702
 10
201.78355788423818
 20
-811.702
 10
200.8429524371956
 20
-811.702
 10
199.64066898543936
 20
-811.702
 10
198.18196480859785
 20
-811.702
 10
196.47321844888734
 20
-811.702
 10
194.5219018193696
 20
-811.702
 10
192.33654753117725
 20
-811.702
 10
189.92671158257642
 20
-811.702
 10
187.30293157301753
 20
-811.702
 10
184.4766806248943
 20
-811.702
 10
181.46031721449845
 20
-811.702
 10
178.26703113154755
 20
-811.702
 10
174.91078580359047
 20
-811.702
 10
171.4062572374915
 20
-811.702
 10
167.76876984498656
 20
-811.702
 10
164.01422943292968
 20
-811.702
 10
160.15905365124675
 20
-811.702
 10
156.22010020272955
 20
-811.702
 10
152.21459312859082
 20
-811.702
 10
148.16004749211436
 20
-811.702
 10
144.07419278973978
 20
-811.702
 10
139.9748954244858
 20
-811.702
 10
135.8800805807154
 20
-811.702
 10
131.8076538418658
 20
-811.702
 10
127.77542289388771
 20
-811.702
 10
123.80101965676566
 20
-811.702
 10
119.90182318461814
 20
-811.702
 10
116.0948836715159
 20
-811.702
 10
112.39684789532136
 20
-811.702
 10
108.82388642556467
 20
-811.702
 10
105.3916229136575
 20
-811.702
 10
102.11506577464073
 20
-811.702
 10
99.00854255920406
 20
-811.702
 10
96.08563730295248
 20
-811.702
 10
93.35913112687476
 20
-811.702
 10
90.84094634875326
 20
-811.702
 10
88.54209434990202
 20
-811.702
 10
86.4726274251977
 20
-811.702
 10
84.64159482695192
 20
-811.702
 10
83.05700319483344
 20
-811.702
 10
81.72578154486982
 20
-811.702
 10
80.65375097062363
 20
-811.702
 10
79.84559918903122
 20
-811.702
 10
79.3048600422093
 20
-811.702
 10
79.03389804486258
 20
-811.702
 10
79.03389804486258
 20
-811.702
 10
79.3048600422093
 20
-811.702
 10
79.84559918903122
 20
-811.702
 10
80.65375097062363
 20
-811.702
 10
81.72578154486982
 20
-811.702
 10
83.05700319483341
 20
-811.702
 10
84.64159482695192
 20
-811.702
 10
86.47262742519769
 20
-811.702
 10
88.54209434990199
 20
-811.702
 10
90.84094634875323
 20
-811.702
 10
93.35913112687474
 20
-811.702
 10
96.08563730295248
 20
-811.702
 10
99.00854255920403
 20
-811.702
 10
102.1150657746407
 20
-811.702
 10
105.39162291365749
 20
-811.702
 10
108.82388642556461
 20
-811.702
 10
112.39684789532137
 20
-811.702
 10
116.09488367151587
 20
-811.702
 10
119.90182318461811
 20
-811.702
 10
123.80101965676558
 20
-811.702
 10
127.77542289388765
 20
-811.702
 10
131.80765384186583
 20
-811.702
 10
135.88008058071537
 20
-811.702
 10
139.97489542448577
 20
-811.702
 10
144.07419278973978
 20
-811.702
 10
148.1600474921143
 20
-811.702
 10
152.21459312859076
 20
-811.702
 10
156.22010020272953
 20
-811.702
 10
160.15905365124672
 20
-811.702
 10
164.01422943292968
 20
-811.702
 10
167.76876984498654
 20
-811.702
 10
171.40625723749153
 20
-811.702
 10
174.9107858035904
 20
-811.702
 10
178.26703113154755
 20
-811.702
 10
181.46031721449845
 20
-811.702
 10
184.47668062489427
 20
-811.702
 10
187.30293157301753
 20
-811.702
 10
189.9267115825764
 20
-811.702
 10
192.33654753117725
 20
-811.702
 10
194.52190181936956
 20
-811.702
 10
196.4732184488873
 20
-811.702
 10
198.18196480859785
 20
-811.702
 10
199.64066898543933
 20
-811.702
 10
200.8429524371956
 20
-811.702
 10
201.78355788423818
 20
-811.702
 10
202.45837229827248
 20
-811.702
 10
202.86444488756402
 20
-811.702
 10
203.0
 20
-811.702
  0
LWPOLYLINE
  5
2F7
330
17
100
AcDbEntity
  8
XZ_SIDE
100
AcDbPolyline
 90
22
 70
0
 10
197.6
 20
-811.702
 10
197.4624046491545
 20
-811.702
 10
197.05028758886442
 20
-811.702
 10
196.36565254321107
 20
-811.702
 10
195.41182822595084
 20
-811.702
 10
194.19345215622087
 20
-811.702
 10
192.71644811079761
 20
-811.702
 10
190.98799732253732
 20
-811.702
 10
189.01650356503114
 20
-811.702
 10
186.81155229323505
 20
-811.702
 10
184.38386403873346
 20
-811.702
 10
181.74524228623036
 20
-811.702
 10
178.9085160846934
 20
-811.702
 10
175.8874776721774
 20
-811.702
 10
172.69681541759718
 20
-811.702
 10
169.35204240548796
 20
-811.702
 10
165.86942101097702
 20
-811.702
 10
162.2658838316841
 20
-811.702
 10
158.5589513609827
 20
-811.702
 10
154.76664680289633
 20
-811.702
 10
150.90740844280253
 20
-811.702
 10
147.0
 20
-811.702
  0
LWPOLYLINE
  5
2F8
330
17
100
AcDbEntity
  8
XZ_SIDE
100
AcDbPolyline
 90
2
 70
0
 10
135.0
 20
-811.702
 10
147.0
 20
-811.702
  0
LWPOLYLINE
  5
2F9
330
17
100
AcDbEntity
  8
XZ_SIDE
100
AcDbPolyline
 90
67
 70
0
 10
135.0
 20
-811.702
 10
131.08990139783714
 20
-811.702
 10
127.22805265764077
 20
-811.702
 10
123.43325618250807
 20
-811.702
 10
119.72398791435106
 20
-811.702
 10
116.11830737902511
 20
-811.702
 10
112.63376975888609
 20
-811.702
 10
109.28734042087308
 20
-811.702
 10
106.09531231625952
 20
-811.702
 10
103.07322665423254
 20
-811.702
 10
100.2357972355218
 20
-811.702
 10
97.59683881447923
 20
-811.702
 10
95.16919983839708
 20
-811.702
 10
92.96469989154016
 20
-811.702
 10
90.99407214846207
 20
-811.702
 10
89.26691111678666
 20
-811.702
 10
87.79162592388163
 20
-811.702
 10
86.57539937486087
 20
-811.702
 10
85.62415298125178
 20
-811.702
 10
84.94251813059455
 20
-811.702
 10
84.53381353734153
 20
-811.702
 10
84.40002908484317
 20
-811.702
 10
84.54181613708944
 20
-811.702
 10
84.95848436737683
 20
-811.702
 10
85.64800511934129
 20
-811.702
 10
86.60702128399325
 20
-811.702
 10
87.83086364466533
 20
-811.702
 10
89.31357361029389
 20
-811.702
 10
91.04793222635078
 20
-811.702
 10
93.02549532217894
 20
-811.702
 10
95.23663462360733
 20
-811.702
 10
97.67058463067819
 20
-811.702
 10
100.31549503225044
 20
-811.702
 10
103.15848840228495
 20
-811.702
 10
106.18572289690286
 20
-811.702
 10
109.38245964695963
 20
-811.702
 10
112.73313451801778
 20
-811.702
 10
116.22143388833517
 20
-811.702
 10
119.83037407592502
 20
-811.702
 10
123.54238402797682
 20
-811.702
 10
127.33939087004251
 20
-811.702
 10
131.20290789847058
 20
-811.702
 10
135.1141245876738
 20
-811.702
 10
139.05399817400772
 20
-811.702
 10
143.0033463703592
 20
-811.702
 10
146.94294076004113
 20
-811.702
 10
150.85360041528116
 20
-811.702
 10
154.71628528449767
 20
-811.702
 10
158.5121888936845
 20
-811.702
 10
162.22282991056298
 20
-811.702
 10
165.83014212569776
 20
-811.702
 10
169.3165624124805
 20
-811.702
 10
172.66511623772564
 20
-811.702
 10
175.85950030654772
 20
-811.702
 10
178.88416193914244
 20
-811.702
 10
181.72437479300532
 20
-811.702
 10
184.36631056191496
 20
-811.702
 10
186.79710630259592
 20
-811.702
 10
189.0049270612637
 20
-811.702
 10
190.9790234951388
 20
-811.702
 10
192.7097842083849
 20
-811.702
 10
194.18878254765934
 20
-811.702
 10
195.40881762944093
 20
-811.702
 10
196.36394939938165
 20
-811.702
 10
197.04952755298814
 20
-811.702
 10
197.46221417682418
 20
-811.702
 10
197.6
 20
-811.702
  0
LWPOLYLINE
  5
2FA
330
17
100
AcDbEntity
  8
XZ_SIDE
100
AcDbPolyline
 90
12
 70
0
 10
145.2
 20
-909.523271782035
 10
144.56723689147773
 20
-907.1587000957165
 10
142.80405987465738
 20
-905.4683227884595
 10
140.40022705743618
 20
-905.076461822721
 10
138.2173724082113
 20
-906.1632215176335
 10
136.96915553445197
 20
-908.2665805836319
 10
136.95262303574225
 20
-910.7145741295957
 10
138.1854819417692
 20
-912.8255867732274
 10
140.36677836393073
 20
-913.9163768265656
 10
142.77632472759834
 20
-913.5517011217007
 10
144.56073910669252
 20
-911.8851675508017
 10
145.2
 20
-909.523271782035
  0
LWPOLYLINE
  5
2FB
330
17
100
AcDbEntity
  8
XZ_SIDE
100
AcDbPolyline
 90
12
 70
0
 10
145.2
 20
-904.5852508250016
 10
145.2
 20
-905.1251657347691
 10
145.2
 20
-905.6474820093017
 10
145.2
 20
-906.1519839899679
 10
145.2
 20
-906.6384633734617
 10
145.2
 20
-907.1067192978088
 10
145.2
 20
-907.5565584253004
 10
145.2
 20
-907.9877950223199
 10
145.2
 20
-908.4002510360307
 10
145.2
 20
-908.7937561678916
 10
145.2
 20
-909.168147943972
 10
145.2
 20
-909.523271782035
  0
LWPOLYLINE
  5
2FC
330
17
100
AcDbEntity
  8
XZ_SIDE
100
AcDbPolyline
 90
2
 70
0
 10
197.6
 20
-811.702
 10
197.6
 20
-801.702
  0
LWPOLYLINE
  5
2FD
330
17
100
AcDbEntity
  8
XZ_SIDE
100
AcDbPolyline
 90
90
 70
0
 10
197.6
 20
-801.702
 10
197.45901082353322
 20
-801.702
 10
197.0367456951181
 20
-801.702
 10
196.33530831838385
 20
-801.702
 10
195.3581932190579
 20
-801.702
 10
194.1102683354148
 20
-801.702
 10
192.59775076645226
 20
-801.702
 10
190.82817579861697
 20
-801.702
 10
188.81035936538632
 20
-801.702
 10
186.55435412673143
 20
-801.702
 10
184.0713993872708
 20
-801.702
 10
181.3738651026199
 20
-801.702
 10
178.4751902528949
 20
-801.702
 10
175.3898158903893
 20
-801.702
 10
172.13311319497802
 20
-801.702
 10
168.7213068956725
 20
-801.702
 10
165.1713944398369
 20
-801.702
 10
161.50106131276002
 20
-801.702
 10
157.7285929294577
 20
-801.702
 10
153.8727835376546
 20
-801.702
 10
149.9528425857876
 20
-801.702
 10
145.98829902249986
 20
-801.702
 10
141.99890400440108
 20
-801.702
 10
138.00453249679876
 20
-801.702
 10
134.02508425762082
 20
-801.702
 10
130.08038469782247
 20
-801.702
 10
126.19008611218626
 20
-801.702
 10
122.37356977257784
 20
-801.702
 10
118.64984937142454
 20
-801.702
 10
115.03747629645606
 20
-801.702
 10
111.55444720862407
 20
-801.702
 10
108.21811438364239
 20
-801.702
 10
105.04509926382252
 20
-801.702
 10
102.05120965088383
 20
-801.702
 10
99.25136095228078
 20
-801.702
 10
96.65950187339314
 20
-801.702
 10
94.28854492577747
 20
-801.702
 10
92.15030209768403
 20
-801.702
 10
90.2554260073255
 20
-801.702
 10
88.61335683206889
 20
-801.702
 10
87.23227527794673
 20
-801.702
 10
86.11906182379113
 20
-801.702
 10
85.27926244303438
 20
-801.702
 10
84.71706097394822
 20
-801.702
 10
84.43525827597203
 20
-801.702
 10
84.43525827597203
 20
-801.702
 10
84.71706097394822
 20
-801.702
 10
85.27926244303438
 20
-801.702
 10
86.11906182379113
 20
-801.702
 10
87.23227527794671
 20
-801.702
 10
88.61335683206889
 20
-801.702
 10
90.2554260073255
 20
-801.702
 10
92.15030209768403
 20
-801.702
 10
94.28854492577747
 20
-801.702
 10
96.65950187339315
 20
-801.702
 10
99.25136095228078
 20
-801.702
 10
102.0512096508838
 20
-801.702
 10
105.04509926382252
 20
-801.702
 10
108.21811438364243
 20
-801.702
 10
111.55444720862405
 20
-801.702
 10
115.03747629645608
 20
-801.702
 10
118.64984937142454
 20
-801.702
 10
122.37356977257785
 20
-801.702
 10
126.19008611218624
 20
-801.702
 10
130.08038469782247
 20
-801.702
 10
134.02508425762082
 20
-801.702
 10
138.0045324967988
 20
-801.702
 10
141.99890400440106
 20
-801.702
 10
145.9882990224999
 20
-801.702
 10
149.95284258578764
 20
-801.702
 10
153.87278353765467
 20
-801.702
 10
157.72859292945773
 20
-801.702
 10
161.50106131276004
 20
-801.702
 10
165.17139443983692
 20
-801.702
 10
168.7213068956725
 20
-801.702
 10
172.13311319497802
 20
-801.702
 10
175.3898158903893
 20
-801.702
 10
178.4751902528949
 20
-801.702
 10
181.3738651026199
 20
-801.702
 10
184.07139938727073
 20
-801.702
 10
186.55435412673143
 20
-801.702
 10
188.81035936538632
 20
-801.702
 10
190.82817579861697
 20
-801.702
 10
192.59775076645226
 20
-801.702
 10
194.1102683354148
 20
-801.702
 10
195.3581932190579
 20
-801.702
 10
196.33530831838385
 20
-801.702
 10
197.0367456951181
 20
-801.702
 10
197.45901082353322
 20
-801.702
 10
197.6
 20
-801.702
  0
LWPOLYLINE
  5
2FE
330
17
100
AcDbEntity
  8
XZ_SIDE
100
AcDbPolyline
 90
96
 70
0
 10
203.0
 20
-801.702
 10
202.86444488756402
 20
-801.702
 10
202.45837229827248
 20
-801.702
 10
201.78355788423818
 20
-801.702
 10
200.8429524371956
 20
-801.702
 10
199.64066898543936
 20
-801.702
 10
198.18196480859785
 20
-801.702
 10
196.47321844888734
 20
-801.702
 10
194.5219018193696
 20
-801.702
 10
192.33654753117725
 20
-801.702
 10
189.92671158257642
 20
-801.702
 10
187.30293157301753
 20
-801.702
 10
184.4766806248943
 20
-801.702
 10
181.46031721449845
 20
-801.702
 10
178.26703113154755
 20
-801.702
 10
174.91078580359047
 20
-801.702
 10
171.4062572374915
 20
-801.702
 10
167.76876984498656
 20
-801.702
 10
164.01422943292968
 20
-801.702
 10
160.15905365124675
 20
-801.702
 10
156.22010020272955
 20
-801.702
 10
152.21459312859082
 20
-801.702
 10
148.16004749211436
 20
-801.702
 10
144.07419278973978
 20
-801.702
 10
139.9748954244858
 20
-801.702
 10
135.8800805807154
 20
-801.702
 10
131.8076538418658
 20
-801.702
 10
127.77542289388771
 20
-801.702
 10
123.80101965676566
 20
-801.702
 10
119.90182318461814
 20
-801.702
 10
116.0948836715159
 20
-801.702
 10
112.39684789532136
 20
-801.702
 10
108.82388642556467
 20
-801.702
 10
105.3916229136575
 20
-801.702
 10
102.11506577464073
 20
-801.702
 10
99.00854255920406
 20
-801.702
 10
96.08563730295248
 20
-801.702
 10
93.35913112687476
 20
-801.702
 10
90.84094634875326
 20
-801.702
 10
88.54209434990202
 20
-801.702
 10
86.4726274251977
 20
-801.702
 10
84.64159482695192
 20
-801.702
 10
83.05700319483344
 20
-801.702
 10
81.72578154486982
 20
-801.702
 10
80.65375097062363
 20
-801.702
 10
79.84559918903122
 20
-801.702
 10
79.3048600422093
 20
-801.702
 10
79.03389804486258
 20
-801.702
 10
79.03389804486258
 20
-801.702
 10
79.3048600422093
 20
-801.702
 10
79.84559918903122
 20
-801.702
 10
80.65375097062363
 20
-801.702
 10
81.72578154486982
 20
-801.702
 10
83.05700319483341
 20
-801.702
 10
84.64159482695192
 20
-801.702
 10
86.47262742519769
 20
-801.702
 10
88.54209434990199
 20
-801.702
 10
90.84094634875323
 20
-801.702
 10
93.35913112687474
 20
-801.702
 10
96.08563730295248
 20
-801.702
 10
99.00854255920403
 20
-801.702
 10
102.1150657746407
 20
-801.702
 10
105.39162291365749
 20
-801.702
 10
108.82388642556461
 20
-801.702
 10
112.39684789532137
 20
-801.702
 10
116.09488367151587
 20
-801.702
 10
119.90182318461811
 20
-801.702
 10
123.80101965676558
 20
-801.702
 10
127.77542289388765
 20
-801.702
 10
131.80765384186583
 20
-801.702
 10
135.88008058071537
 20
-801.702
 10
139.97489542448577
 20
-801.702
 10
144.07419278973978
 20
-801.702
 10
148.1600474921143
 20
-801.702
 10
152.21459312859076
 20
-801.702
 10
156.22010020272953
 20
-801.702
 10
160.15905365124672
 20
-801.702
 10
164.01422943292968
 20
-801.702
 10
167.76876984498654
 20
-801.702
 10
171.40625723749153
 20
-801.702
 10
174.9107858035904
 20
-801.702
 10
178.26703113154755
 20
-801.702
 10
181.46031721449845
 20
-801.702
 10
184.47668062489427
 20
-801.702
 10
187.30293157301753
 20
-801.702
 10
189.9267115825764
 20
-801.702
 10
192.33654753117725
 20
-801.702
 10
194.52190181936956
 20
-801.702
 10
196.4732184488873
 20
-801.702
 10
198.18196480859785
 20
-801.702
 10
199.64066898543933
 20
-801.702
 10
200.8429524371956
 20
-801.702
 10
201.78355788423818
 20
-801.702
 10
202.45837229827248
 20
-801.702
 10
202.86444488756402
 20
-801.702
 10
203.0
 20
-801.702
  0
LWPOLYLINE
  5
2FF
330
17
100
AcDbEntity
  8
XZ_SIDE
100
AcDbPolyline
 90
2
 70
0
 10
203.0
 20
-811.702
 10
203.0
 20
-801.702
  0
LWPOLYLINE
  5
300
330
17
100
AcDbEntity
  8
XZ_SIDE
100
AcDbPolyline
 90
2
 70
0
 10
238.25
 20
-581.702
 10
238.25
 20
-741.702
  0
LWPOLYLINE
  5
301
330
17
100
AcDbEntity
  8
XZ_SIDE
100
AcDbPolyline
 90
12
 70
0
 10
238.25
 20
-581.702
 10
237.89282044887017
 20
-581.702
 10
236.93468377925424
 20
-581.702
 10
235.67979161388513
 20
-581.702
 10
234.5265633486231
 20
-581.702
 10
233.84114080936737
 20
-581.702
 10
233.84114080936737
 20
-581.702
 10
234.5265633486231
 20
-581.702
 10
235.67979161388513
 20
-581.702
 10
236.93468377925424
 20
-581.702
 10
237.89282044887017
 20
-581.702
 10
238.25
 20
-581.702
  0
LWPOLYLINE
  5
302
330
17
100
AcDbEntity
  8
XZ_SIDE
100
AcDbPolyline
 90
12
 70
0
 10
238.25
 20
-741.702
 10
237.89282044887017
 20
-741.702
 10
236.93468377925424
 20
-741.702
 10
235.67979161388513
 20
-741.702
 10
234.5265633486231
 20
-741.702
 10
233.84114080936737
 20
-741.702
 10
233.84114080936737
 20
-741.702
 10
234.5265633486231
 20
-741.702
 10
235.67979161388513
 20
-741.702
 10
236.93468377925424
 20
-741.702
 10
237.89282044887017
 20
-741.702
 10
238.25
 20
-741.702
  0
LWPOLYLINE
  5
303
330
17
100
AcDbEntity
  8
XZ_SIDE
100
AcDbPolyline
 90
21
 70
0
 10
238.25
 20
-741.702
 10
238.25
 20
-745.6249547863922
 10
238.25
 20
-749.5237232520115
 10
238.25
 20
-753.3742681927952
 10
238.25
 20
-757.1528497187473
 10
238.25
 20
-760.8361716182544
 10
238.25
 20
-764.4015249869773
 10
238.25
 20
-767.8269282357974
 10
238.25
 20
-771.0912626146237
 10
238.25
 20
-774.1744024165091
 10
238.25
 20
-777.0573390593273
 10
238.25
 20
-779.7222982800015
 10
238.25
 20
-782.1528497187473
 10
238.25
 20
-784.3340082177046
 10
238.25
 20
-786.2523262094184
 10
238.25
 20
-787.8959766255643
 10
238.25
 20
-789.2548258147576
 10
238.25
 20
-790.3204960198838
 10
238.25
 20
-791.0864170297568
 10
238.25
 20
-791.5478666866563
 10
238.25
 20
-791.702
  0
LWPOLYLINE
  5
304
330
17
100
AcDbEntity
  8
XZ_SIDE
100
AcDbPolyline
 90
12
 70
0
 10
238.25
 20
-791.702
 10
237.89282044887017
 20
-790.4855581607248
 10
236.93468377925424
 20
-789.6553280104523
 10
235.67979161388513
 20
-789.4749017557679
 10
234.5265633486231
 20
-790.0015634577029
 10
233.84114080936737
 20
-791.0681017471068
 10
233.84114080936737
 20
-792.3358982528932
 10
234.5265633486231
 20
-793.402436542297
 10
235.67979161388513
 20
-793.9290982442321
 10
236.93468377925424
 20
-793.7486719895476
 10
237.89282044887017
 20
-792.918441839275
 10
238.25
 20
-791.702
  0
LWPOLYLINE
  5
305
330
17
100
AcDbEntity
  8
XZ_SIDE
100
AcDbPolyline
 90
12
 70
0
 10
238.25
 20
-791.702
 10
237.89282044887017
 20
-792.918441839275
 10
236.93468377925424
 20
-793.7486719895476
 10
235.67979161388513
 20
-793.9290982442321
 10
234.5265633486231
 20
-793.402436542297
 10
233.84114080936737
 20
-792.3358982528932
 10
233.84114080936737
 20
-791.0681017471068
 10
234.5265633486231
 20
-790.0015634577029
 10
235.67979161388513
 20
-789.4749017557679
 10
236.93468377925424
 20
-789.6553280104523
 10
237.89282044887017
 20
-790.4855581607248
 10
238.25
 20
-791.702
  0
DIMENSION
  5
306
330
17
100
AcDbEntity
  8
DIMENSIONS
100
AcDbDimension
280
0
  2
*D3
  3
Standard
 10
0.0
 20
-952.7020001
 30
0.0
 11
123.5
 21
-952.7020001
 31
0.0
 70
32
 71
5
  1
<>
100
AcDbAlignedDimension
 13
0.0
 23
-927.7020001
 33
0.0
 14
247.0
 24
-927.7020001
 34
0.0
 50
0.0
100
AcDbRotatedDimension
1001
ACAD
1000
DSTYLE
1002
{
1070
140
1040
3.0
1070
41
1040
3.0
1070
271
1070
3
1002
}
  0
DIMENSION
  5
316
330
17
100
AcDbEntity
  8
DIMENSIONS
100
AcDbDimension
280
0
  2
*D4
  3
Standard
 10
-25.0
 20
-927.7020001
 30
0.0
 11
-25.0
 21
-694.85100005
 31
0.0
 70
32
 71
5
  1
<>
100
AcDbAlignedDimension
 13
0.0
 23
-927.7020001
 33
0.0
 14
0.0
 24
-462.0
 34
0.0
 50
90.0
100
AcDbRotatedDimension
1001
ACAD
1000
DSTYLE
1002
{
1070
140
1040
3.0
1070
41
1040
3.0
1070
271
1070
3
1002
}
  0
LWPOLYLINE
  5
326
330
17
100
AcDbEntity
  8
YZ_SIDE
100
AcDbPolyline
 90
89
 70
0
 10
409.0
 20
106.0000001
 10
405.005005740843
 20
106.0000001
 10
401.03036905669603
 20
106.0000001
 10
397.0963437850333
 20
106.0000001
 10
393.22297681687996
 20
106.0000001
 10
389.4300059424505
 20
106.0000001
 10
385.73675927189436
 20
106.0000001
 10
382.1620567436768
 20
106.0000001
 10
378.72411422248655
 20
106.0000001
 10
375.44045067536456
 20
106.0000001
 10
372.327798899064
 20
106.0000001
 10
369.40202025355336
 20
106.0000001
 10
366.6780238361615
 20
106.0000001
 10
364.1696905082358
 20
106.0000001
 10
361.8898021614539
 20
106.0000001
 10
359.8499765842337
 20
106.0000001
 10
358.060608260147
 20
106.0000001
 10
356.53081540001335
 20
106.0000001
 10
355.2683934775881
 20
106.0000001
 10
354.2797755056151
 20
106.0000001
 10
353.5699992546678
 20
106.0000001
 10
353.1426815818258
 20
106.0000001
 10
353.0
 20
106.0000001
 10
353.1426815818258
 20
106.0000001
 10
353.5699992546678
 20
106.0000001
 10
354.2797755056151
 20
106.0000001
 10
355.2683934775881
 20
106.0000001
 10
356.53081540001335
 20
106.0000001
 10
358.060608260147
 20
106.0000001
 10
359.8499765842337
 20
106.0000001
 10
361.8898021614539
 20
106.0000001
 10
364.1696905082358
 20
106.0000001
 10
366.6780238361615
 20
106.0000001
 10
369.40202025355336
 20
106.0000001
 10
372.327798899064
 20
106.0000001
 10
375.44045067536456
 20
106.0000001
 10
378.72411422248655
 20
106.0000001
 10
382.1620567436768
 20
106.0000001
 10
385.73675927189436
 20
106.0000001
 10
389.4300059424505
 20
106.0000001
 10
393.2229768168799
 20
106.0000001
 10
397.0963437850333
 20
106.0000001
 10
401.03036905669603
 20
106.0000001
 10
405.005005740843
 20
106.0000001
 10
409.0
 20
106.0000001
 10
412.994994259157
 20
106.0000001
 10
416.96963094330397
 20
106.0000001
 10
420.90365621496665
 20
106.0000001
 10
424.77702318312004
 20
106.0000001
 10
428.5699940575495
 20
106.0000001
 10
432.26324072810564
 20
106.0000001
 10
435.8379432563232
 20
106.0000001
 10
439.27588577751345
 20
106.0000001
 10
442.55954932463544
 20
106.0000001
 10
445.6722011009359
 20
106.0000001
 10
448.59797974644664
 20
106.0000001
 10
451.3219761638385
 20
106.0000001
 10
453.8303094917642
 20
106.0000001
 10
456.1101978385461
 20
106.0000001
 10
458.1500234157663
 20
106.0000001
 10
459.939391739853
 20
106.0000001
 10
461.46918459998665
 20
106.0000001
 10
462.7316065224119
 20
106.0000001
 10
463.7202244943849
 20
106.0000001
 10
464.4300007453322
 20
106.0000001
 10
464.8573184181742
 20
106.0000001
 10
465.0
 20
106.0000001
 10
464.8573184181742
 20
106.0000001
 10
464.4300007453322
 20
106.0000001
 10
463.7202244943849
 20
106.0000001
 10
462.7316065224119
 20
106.0000001
 10
461.46918459998665
 20
106.0000001
 10
459.939391739853
 20
106.0000001
 10
458.1500234157663
 20
106.0000001
 10
456.1101978385461
 20
106.0000001
 10
453.8303094917642
 20
106.0000001
 10
451.3219761638385
 20
106.0000001
 10
448.59797974644664
 20
106.0000001
 10
445.6722011009359
 20
106.0000001
 10
442.55954932463544
 20
106.0000001
 10
439.2758857775135
 20
106.0000001
 10
435.83794325632323
 20
106.0000001
 10
432.2632407281057
 20
106.0000001
 10
428.56999405754954
 20
106.0000001
 10
424.77702318312004
 20
106.0000001
 10
420.90365621496676
 20
106.0000001
 10
416.96963094330397
 20
106.0000001
 10
412.99499425915707
 20
106.0000001
 10
409.0
 20
106.0000001
  0
LWPOLYLINE
  5
327
330
17
100
AcDbEntity
  8
YZ_SIDE
100
AcDbPolyline
 90
2
 70
0
 10
409.0
 20
406.00000009999997
 10
409.0
 20
106.0000001
  0
LWPOLYLINE
  5
328
330
17
100
AcDbEntity
  8
YZ_SIDE
100
AcDbPolyline
 90
89
 70
0
 10
409.0
 20
406.00000009999997
 10
405.005005740843
 20
406.00000009999997
 10
401.03036905669603
 20
406.00000009999997
 10
397.0963437850333
 20
406.00000009999997
 10
393.22297681687996
 20
406.00000009999997
 10
389.4300059424505
 20
406.00000009999997
 10
385.73675927189436
 20
406.00000009999997
 10
382.1620567436768
 20
406.00000009999997
 10
378.72411422248655
 20
406.00000009999997
 10
375.44045067536456
 20
406.00000009999997
 10
372.327798899064
 20
406.00000009999997
 10
369.40202025355336
 20
406.00000009999997
 10
366.6780238361615
 20
406.00000009999997
 10
364.1696905082358
 20
406.00000009999997
 10
361.8898021614539
 20
406.00000009999997
 10
359.8499765842337
 20
406.00000009999997
 10
358.060608260147
 20
406.00000009999997
 10
356.53081540001335
 20
406.00000009999997
 10
355.2683934775881
 20
406.00000009999997
 10
354.2797755056151
 20
406.00000009999997
 10
353.5699992546678
 20
406.00000009999997
 10
353.1426815818258
 20
406.00000009999997
 10
353.0
 20
406.00000009999997
 10
353.1426815818258
 20
406.00000009999997
 10
353.5699992546678
 20
406.00000009999997
 10
354.2797755056151
 20
406.00000009999997
 10
355.2683934775881
 20
406.00000009999997
 10
356.53081540001335
 20
406.00000009999997
 10
358.060608260147
 20
406.00000009999997
 10
359.8499765842337
 20
406.00000009999997
 10
361.8898021614539
 20
406.00000009999997
 10
364.1696905082358
 20
406.00000009999997
 10
366.6780238361615
 20
406.00000009999997
 10
369.40202025355336
 20
406.00000009999997
 10
372.327798899064
 20
406.00000009999997
 10
375.44045067536456
 20
406.00000009999997
 10
378.72411422248655
 20
406.00000009999997
 10
382.1620567436768
 20
406.00000009999997
 10
385.73675927189436
 20
406.00000009999997
 10
389.4300059424505
 20
406.00000009999997
 10
393.2229768168799
 20
406.00000009999997
 10
397.0963437850333
 20
406.00000009999997
 10
401.03036905669603
 20
406.00000009999997
 10
405.005005740843
 20
406.00000009999997
 10
409.0
 20
406.00000009999997
 10
412.994994259157
 20
406.00000009999997
 10
416.96963094330397
 20
406.00000009999997
 10
420.90365621496665
 20
406.00000009999997
 10
424.77702318312004
 20
406.00000009999997
 10
428.5699940575495
 20
406.00000009999997
 10
432.26324072810564
 20
406.00000009999997
 10
435.8379432563232
 20
406.00000009999997
 10
439.27588577751345
 20
406.00000009999997
 10
442.55954932463544
 20
406.00000009999997
 10
445.6722011009359
 20
406.00000009999997
 10
448.59797974644664
 20
406.00000009999997
 10
451.3219761638385
 20
406.00000009999997
 10
453.8303094917642
 20
406.00000009999997
 10
456.1101978385461
 20
406.00000009999997
 10
458.1500234157663
 20
406.00000009999997
 10
459.939391739853
 20
406.00000009999997
 10
461.46918459998665
 20
406.00000009999997
 10
462.7316065224119
 20
406.00000009999997
 10
463.7202244943849
 20
406.00000009999997
 10
464.4300007453322
 20
406.00000009999997
 10
464.8573184181742
 20
406.00000009999997
 10
465.0
 20
406.00000009999997
 10
464.8573184181742
 20
406.00000009999997
 10
464.4300007453322
 20
406.00000009999997
 10
463.7202244943849
 20
406.00000009999997
 10
462.7316065224119
 20
406.00000009999997
 10
461.46918459998665
 20
406.00000009999997
 10
459.939391739853
 20
406.00000009999997
 10
458.1500234157663
 20
406.00000009999997
 10
456.1101978385461
 20
406.00000009999997
 10
453.8303094917642
 20
406.00000009999997
 10
451.3219761638385
 20
406.00000009999997
 10
448.59797974644664
 20
406.00000009999997
 10
445.6722011009359
 20
406.00000009999997
 10
442.55954932463544
 20
406.00000009999997
 10
439.2758857775135
 20
406.00000009999997
 10
435.83794325632323
 20
406.00000009999997
 10
432.2632407281057
 20
406.00000009999997
 10
428.56999405754954
 20
406.00000009999997
 10
424.77702318312004
 20
406.00000009999997
 10
420.90365621496676
 20
406.00000009999997
 10
416.96963094330397
 20
406.00000009999997
 10
412.99499425915707
 20
406.00000009999997
 10
409.0
 20
406.00000009999997
  0
LWPOLYLINE
  5
329
330
17
100
AcDbEntity
  8
YZ_SIDE
100
AcDbPolyline
 90
83
 70
0
 10
409.0
 20
106.0000001
 10
405.0221180763515
 20
106.0000001
 10
401.0675799455662
 20
106.0000001
 10
397.15959240984847
 20
106.0000001
 10
393.32108909400085
 20
106.0000001
 10
389.5745958617945
 20
106.0000001
 10
385.94209862524343
 20
106.0000001
 10
382.4449143225309
 20
106.0000001
 10
379.1035658217394
 20
106.0000001
 10
375.9376614845003
 20
106.0000001
 10
372.9657800963312
 20
106.0000001
 10
370.2053618389344
 20
106.0000001
 10
367.67260594427637
 20
106.0000001
 10
365.3823756310532
 20
106.0000001
 10
363.3481108814129
 20
106.0000001
 10
361.5817495697961
 20
106.0000001
 10
360.09365740674207
 20
106.0000001
 10
358.89256710877754
 20
106.0000001
 10
357.98552715136344
 20
106.0000001
 10
357.3778604056385
 20
106.0000001
 10
357.07313290169463
 20
106.0000001
 10
357.07313290169463
 20
106.0000001
 10
357.3778604056385
 20
106.0000001
 10
357.98552715136344
 20
106.0000001
 10
358.89256710877754
 20
106.0000001
 10
360.09365740674207
 20
106.0000001
 10
361.5817495697961
 20
106.0000001
 10
363.3481108814129
 20
106.0000001
 10
365.38237563105326
 20
106.0000001
 10
367.67260594427637
 20
106.0000001
 10
370.2053618389344
 20
106.0000001
 10
372.9657800963312
 20
106.0000001
 10
375.9376614845003
 20
106.0000001
 10
379.1035658217394
 20
106.0000001
 10
382.4449143225309
 20
106.0000001
 10
385.94209862524343
 20
106.0000001
 10
389.5745958617945
 20
106.0000001
 10
393.32108909400085
 20
106.0000001
 10
397.15959240984847
 20
106.0000001
 10
401.0675799455662
 20
106.0000001
 10
405.0221180763515
 20
106.0000001
 10
409.0
 20
106.0000001
 10
412.9778819236485
 20
106.0000001
 10
416.9324200544338
 20
106.0000001
 10
420.8404075901516
 20
106.0000001
 10
424.6789109059992
 20
106.0000001
 10
428.4254041382056
 20
106.0000001
 10
432.05790137475657
 20
106.0000001
 10
435.55508567746904
 20
106.0000001
 10
438.8964341782606
 20
106.0000001
 10
442.0623385154997
 20
106.0000001
 10
445.0342199036688
 20
106.0000001
 10
447.7946381610657
 20
106.0000001
 10
450.32739405572363
 20
106.0000001
 10
452.6176243689468
 20
106.0000001
 10
454.6518891185871
 20
106.0000001
 10
456.4182504302039
 20
106.0000001
 10
457.90634259325793
 20
106.0000001
 10
459.10743289122246
 20
106.0000001
 10
460.01447284863656
 20
106.0000001
 10
460.6221395943615
 20
106.0000001
 10
460.92686709830537
 20
106.0000001
 10
460.92686709830537
 20
106.0000001
 10
460.6221395943615
 20
106.0000001
 10
460.01447284863656
 20
106.0000001
 10
459.10743289122246
 20
106.0000001
 10
457.90634259325793
 20
106.0000001
 10
456.41825043020395
 20
106.0000001
 10
454.6518891185871
 20
106.0000001
 10
452.61762436894674
 20
106.0000001
 10
450.32739405572363
 20
106.0000001
 10
447.7946381610656
 20
106.0000001
 10
445.0342199036688
 20
106.0000001
 10
442.0623385154997
 20
106.0000001
 10
438.89643417826056
 20
106.0000001
 10
435.55508567746904
 20
106.0000001
 10
432.0579013747565
 20
106.0000001
 10
428.4254041382056
 20
106.0000001
 10
424.67891090599915
 20
106.0000001
 10
420.84040759015153
 20
106.0000001
 10
416.9324200544338
 20
106.0000001
 10
412.9778819236485
 20
106.0000001
 10
408.99999999999994
 20
106.0000001
  0
LWPOLYLINE
  5
32A
330
17
100
AcDbEntity
  8
YZ_SIDE
100
AcDbPolyline
 90
83
 70
0
 10
409.0
 20
406.00000009999997
 10
405.0221180763515
 20
406.00000009999997
 10
401.0675799455662
 20
406.00000009999997
 10
397.15959240984847
 20
406.00000009999997
 10
393.32108909400085
 20
406.00000009999997
 10
389.5745958617945
 20
406.00000009999997
 10
385.94209862524343
 20
406.00000009999997
 10
382.4449143225309
 20
406.00000009999997
 10
379.1035658217394
 20
406.00000009999997
 10
375.9376614845003
 20
406.00000009999997
 10
372.9657800963312
 20
406.00000009999997
 10
370.2053618389344
 20
406.00000009999997
 10
367.67260594427637
 20
406.00000009999997
 10
365.3823756310532
 20
406.00000009999997
 10
363.3481108814129
 20
406.00000009999997
 10
361.5817495697961
 20
406.00000009999997
 10
360.09365740674207
 20
406.00000009999997
 10
358.89256710877754
 20
406.00000009999997
 10
357.98552715136344
 20
406.00000009999997
 10
357.3778604056385
 20
406.00000009999997
 10
357.07313290169463
 20
406.00000009999997
 10
357.07313290169463
 20
406.00000009999997
 10
357.3778604056385
 20
406.00000009999997
 10
357.98552715136344
 20
406.00000009999997
 10
358.89256710877754
 20
406.00000009999997
 10
360.09365740674207
 20
406.00000009999997
 10
361.5817495697961
 20
406.00000009999997
 10
363.3481108814129
 20
406.00000009999997
 10
365.38237563105326
 20
406.00000009999997
 10
367.67260594427637
 20
406.00000009999997
 10
370.2053618389344
 20
406.00000009999997
 10
372.9657800963312
 20
406.00000009999997
 10
375.9376614845003
 20
406.00000009999997
 10
379.1035658217394
 20
406.00000009999997
 10
382.4449143225309
 20
406.00000009999997
 10
385.94209862524343
 20
406.00000009999997
 10
389.5745958617945
 20
406.00000009999997
 10
393.32108909400085
 20
406.00000009999997
 10
397.15959240984847
 20
406.00000009999997
 10
401.0675799455662
 20
406.00000009999997
 10
405.0221180763515
 20
406.00000009999997
 10
409.0
 20
406.00000009999997
 10
412.9778819236485
 20
406.00000009999997
 10
416.9324200544338
 20
406.00000009999997
 10
420.8404075901516
 20
406.00000009999997
 10
424.6789109059992
 20
406.00000009999997
 10
428.4254041382056
 20
406.00000009999997
 10
432.05790137475657
 20
406.00000009999997
 10
435.55508567746904
 20
406.00000009999997
 10
438.8964341782606
 20
406.00000009999997
 10
442.0623385154997
 20
406.00000009999997
 10
445.0342199036688
 20
406.00000009999997
 10
447.7946381610657
 20
406.00000009999997
 10
450.32739405572363
 20
406.00000009999997
 10
452.6176243689468
 20
406.00000009999997
 10
454.6518891185871
 20
406.00000009999997
 10
456.4182504302039
 20
406.00000009999997
 10
457.90634259325793
 20
406.00000009999997
 10
459.10743289122246
 20
406.00000009999997
 10
460.01447284863656
 20
406.00000009999997
 10
460.6221395943615
 20
406.00000009999997
 10
460.92686709830537
 20
406.00000009999997
 10
460.92686709830537
 20
406.00000009999997
 10
460.6221395943615
 20
406.00000009999997
 10
460.01447284863656
 20
406.00000009999997
 10
459.10743289122246
 20
406.00000009999997
 10
457.90634259325793
 20
406.00000009999997
 10
456.41825043020395
 20
406.00000009999997
 10
454.6518891185871
 20
406.00000009999997
 10
452.61762436894674
 20
406.00000009999997
 10
450.32739405572363
 20
406.00000009999997
 10
447.7946381610656
 20
406.00000009999997
 10
445.0342199036688
 20
406.00000009999997
 10
442.0623385154997
 20
406.00000009999997
 10
438.89643417826056
 20
406.00000009999997
 10
435.55508567746904
 20
406.00000009999997
 10
432.0579013747565
 20
406.00000009999997
 10
428.4254041382056
 20
406.00000009999997
 10
424.67891090599915
 20
406.00000009999997
 10
420.84040759015153
 20
406.00000009999997
 10
416.9324200544338
 20
406.00000009999997
 10
412.9778819236485
 20
406.00000009999997
 10
408.99999999999994
 20
406.00000009999997
  0
LWPOLYLINE
  5
32B
330
17
100
AcDbEntity
  8
YZ_SIDE
100
AcDbPolyline
 90
2
 70
0
 10
409.0
 20
125.1000001
 10
409.0
 20
106.0000001
  0
LWPOLYLINE
  5
32C
330
17
100
AcDbEntity
  8
YZ_SIDE
100
AcDbPolyline
 90
83
 70
0
 10
409.0
 20
125.1000001
 10
405.0221180763515
 20
125.1000001
 10
401.0675799455662
 20
125.1000001
 10
397.15959240984847
 20
125.1000001
 10
393.32108909400085
 20
125.1000001
 10
389.5745958617945
 20
125.1000001
 10
385.94209862524343
 20
125.1000001
 10
382.4449143225309
 20
125.1000001
 10
379.1035658217394
 20
125.1000001
 10
375.9376614845003
 20
125.1000001
 10
372.9657800963312
 20
125.1000001
 10
370.2053618389344
 20
125.1000001
 10
367.67260594427637
 20
125.1000001
 10
365.3823756310532
 20
125.1000001
 10
363.3481108814129
 20
125.1000001
 10
361.5817495697961
 20
125.1000001
 10
360.09365740674207
 20
125.1000001
 10
358.89256710877754
 20
125.10000009999999
 10
357.98552715136344
 20
125.10000009999999
 10
357.3778604056385
 20
125.10000009999999
 10
357.07313290169463
 20
125.10000009999999
 10
357.07313290169463
 20
125.10000009999999
 10
357.3778604056385
 20
125.10000009999999
 10
357.98552715136344
 20
125.10000009999999
 10
358.89256710877754
 20
125.10000009999999
 10
360.09365740674207
 20
125.10000009999999
 10
361.5817495697961
 20
125.10000009999999
 10
363.3481108814129
 20
125.10000009999999
 10
365.38237563105326
 20
125.10000009999999
 10
367.67260594427637
 20
125.10000009999999
 10
370.2053618389344
 20
125.10000009999999
 10
372.9657800963312
 20
125.10000009999999
 10
375.9376614845003
 20
125.10000009999999
 10
379.1035658217394
 20
125.10000009999999
 10
382.4449143225309
 20
125.10000009999999
 10
385.94209862524343
 20
125.10000009999999
 10
389.5745958617945
 20
125.10000009999999
 10
393.32108909400085
 20
125.10000009999999
 10
397.15959240984847
 20
125.10000009999999
 10
401.0675799455662
 20
125.10000009999999
 10
405.0221180763515
 20
125.10000009999999
 10
409.0
 20
125.10000009999999
 10
412.9778819236485
 20
125.10000009999999
 10
416.9324200544338
 20
125.10000009999999
 10
420.8404075901516
 20
125.10000009999999
 10
424.6789109059992
 20
125.10000009999999
 10
428.4254041382056
 20
125.10000009999999
 10
432.05790137475657
 20
125.10000009999999
 10
435.55508567746904
 20
125.10000009999999
 10
438.8964341782606
 20
125.10000009999999
 10
442.0623385154997
 20
125.10000009999999
 10
445.0342199036688
 20
125.10000009999999
 10
447.7946381610657
 20
125.10000009999999
 10
450.32739405572363
 20
125.10000009999999
 10
452.6176243689468
 20
125.10000009999999
 10
454.6518891185871
 20
125.10000009999999
 10
456.4182504302039
 20
125.10000009999999
 10
457.90634259325793
 20
125.10000009999999
 10
459.10743289122246
 20
125.10000009999999
 10
460.01447284863656
 20
125.10000009999999
 10
460.6221395943615
 20
125.10000009999999
 10
460.92686709830537
 20
125.10000009999999
 10
460.92686709830537
 20
125.10000009999999
 10
460.6221395943615
 20
125.10000009999999
 10
460.01447284863656
 20
125.10000009999999
 10
459.10743289122246
 20
125.10000009999999
 10
457.90634259325793
 20
125.1000001
 10
456.41825043020395
 20
125.1000001
 10
454.6518891185871
 20
125.1000001
 10
452.61762436894674
 20
125.1000001
 10
450.32739405572363
 20
125.1000001
 10
447.7946381610656
 20
125.1000001
 10
445.0342199036688
 20
125.1000001
 10
442.0623385154997
 20
125.1000001
 10
438.89643417826056
 20
125.1000001
 10
435.55508567746904
 20
125.1000001
 10
432.0579013747565
 20
125.1000001
 10
428.4254041382056
 20
125.1000001
 10
424.67891090599915
 20
125.1000001
 10
420.84040759015153
 20
125.1000001
 10
416.9324200544338
 20
125.1000001
 10
412.9778819236485
 20
125.1000001
 10
408.99999999999994
 20
125.1000001
  0
LWPOLYLINE
  5
32D
330
17
100
AcDbEntity
  8
YZ_SIDE
100
AcDbPolyline
 90
83
 70
0
 10
409.0
 20
386.90000009999994
 10
405.0221180763515
 20
386.90000009999994
 10
401.0675799455662
 20
386.90000009999994
 10
397.15959240984847
 20
386.90000009999994
 10
393.32108909400085
 20
386.90000009999994
 10
389.5745958617945
 20
386.90000009999994
 10
385.94209862524343
 20
386.90000009999994
 10
382.4449143225309
 20
386.90000009999994
 10
379.1035658217394
 20
386.90000009999994
 10
375.9376614845003
 20
386.90000009999994
 10
372.9657800963312
 20
386.90000009999994
 10
370.2053618389344
 20
386.90000009999994
 10
367.67260594427637
 20
386.90000009999994
 10
365.3823756310532
 20
386.90000009999994
 10
363.3481108814129
 20
386.90000009999994
 10
361.5817495697961
 20
386.90000009999994
 10
360.09365740674207
 20
386.90000009999994
 10
358.89256710877754
 20
386.90000009999994
 10
357.98552715136344
 20
386.90000009999994
 10
357.3778604056385
 20
386.90000009999994
 10
357.07313290169463
 20
386.90000009999994
 10
357.07313290169463
 20
386.90000009999994
 10
357.3778604056385
 20
386.90000009999994
 10
357.98552715136344
 20
386.90000009999994
 10
358.89256710877754
 20
386.90000009999994
 10
360.09365740674207
 20
386.90000009999994
 10
361.5817495697961
 20
386.90000009999994
 10
363.3481108814129
 20
386.90000009999994
 10
365.38237563105326
 20
386.90000009999994
 10
367.67260594427637
 20
386.90000009999994
 10
370.2053618389344
 20
386.90000009999994
 10
372.9657800963312
 20
386.90000009999994
 10
375.9376614845003
 20
386.90000009999994
 10
379.1035658217394
 20
386.90000009999994
 10
382.4449143225309
 20
386.90000009999994
 10
385.94209862524343
 20
386.90000009999994
 10
389.5745958617945
 20
386.90000009999994
 10
393.32108909400085
 20
386.90000009999994
 10
397.15959240984847
 20
386.90000009999994
 10
401.0675799455662
 20
386.90000009999994
 10
405.0221180763515
 20
386.90000009999994
 10
409.0
 20
386.90000009999994
 10
412.9778819236485
 20
386.90000009999994
 10
416.9324200544338
 20
386.90000009999994
 10
420.8404075901516
 20
386.90000009999994
 10
424.6789109059992
 20
386.90000009999994
 10
428.4254041382056
 20
386.90000009999994
 10
432.05790137475657
 20
386.90000009999994
 10
435.55508567746904
 20
386.90000009999994
 10
438.8964341782606
 20
386.90000009999994
 10
442.0623385154997
 20
386.90000009999994
 10
445.0342199036688
 20
386.90000009999994
 10
447.7946381610657
 20
386.90000009999994
 10
450.32739405572363
 20
386.90000009999994
 10
452.6176243689468
 20
386.90000009999994
 10
454.6518891185871
 20
386.90000009999994
 10
456.4182504302039
 20
386.90000009999994
 10
457.90634259325793
 20
386.90000009999994
 10
459.10743289122246
 20
386.90000009999994
 10
460.01447284863656
 20
386.90000009999994
 10
460.6221395943615
 20
386.90000009999994
 10
460.92686709830537
 20
386.90000009999994
 10
460.92686709830537
 20
386.90000009999994
 10
460.6221395943615
 20
386.90000009999994
 10
460.01447284863656
 20
386.90000009999994
 10
459.10743289122246
 20
386.90000009999994
 10
457.90634259325793
 20
386.90000009999994
 10
456.41825043020395
 20
386.90000009999994
 10
454.6518891185871
 20
386.90000009999994
 10
452.61762436894674
 20
386.90000009999994
 10
450.32739405572363
 20
386.90000009999994
 10
447.7946381610656
 20
386.90000009999994
 10
445.0342199036688
 20
386.90000009999994
 10
442.0623385154997
 20
386.90000009999994
 10
438.89643417826056
 20
386.90000009999994
 10
435.55508567746904
 20
386.90000009999994
 10
432.0579013747565
 20
386.90000009999994
 10
428.4254041382056
 20
386.90000009999994
 10
424.67891090599915
 20
386.90000009999994
 10
420.84040759015153
 20
386.90000009999994
 10
416.9324200544338
 20
386.90000009999994
 10
412.9778819236485
 20
386.90000009999994
 10
408.99999999999994
 20
386.90000009999994
  0
LWPOLYLINE
  5
32E
330
17
100
AcDbEntity
  8
YZ_SIDE
100
AcDbPolyline
 90
2
 70
0
 10
409.0
 20
406.00000009999997
 10
409.0
 20
386.90000009999994
  0
LWPOLYLINE
  5
32F
330
17
100
AcDbEntity
  8
YZ_SIDE
100
AcDbPolyline
 90
82
 70
0
 10
409.0
 20
125.10000010000002
 10
405.00914033539556
 20
125.10000010000002
 10
401.0422821703962
 20
125.10000010000002
 10
397.12328265676433
 20
125.10000010000002
 10
393.2757111187017
 20
125.10000010000002
 10
389.5227073041604
 20
125.10000010000002
 10
385.88684221967617
 20
125.10000010000002
 10
382.38998238567905
 20
125.10000010000002
 10
379.05315832866665
 20
125.10000010000002
 10
375.89643810114325
 20
125.10000010000002
 10
372.9388065899908
 20
125.10000010000002
 10
370.19805133912547
 20
125.10000010000002
 10
367.69065557311524
 20
125.10000010000002
 10
365.4316990651282
 20
125.10000010000002
 10
363.43476744540214
 20
125.10000010000002
 10
361.7118704956659
 20
125.10000010000002
 10
360.27336992089886
 20
125.10000010000002
 10
359.127917032818
 20
125.10000010000002
 10
358.2824007198713
 20
125.10000010000002
 10
357.74190601665197
 20
125.10000010000002
 10
357.50968352190216
 20
125.10000010000002
 10
357.5871298490297
 20
125.10000010000002
 10
357.97377922671046
 20
125.10000010000002
 10
358.66730630009226
 20
125.10000010000002
 10
359.6635401157523
 20
125.10000010000002
 10
360.95648920630197
 20
125.10000010000002
 10
362.53837762377657
 20
125.10000010000002
 10
364.3996917051014
 20
125.10000010000002
 10
366.529237288381
 20
125.10000010000002
 10
368.91420703590575
 20
125.10000010000002
 10
371.540257458988
 20
125.10000010000002
 10
374.3915951813906
 20
125.10000010000002
 10
377.45107192255006
 20
125.10000010000002
 10
380.7002876293535
 20
125.10000010000002
 10
384.11970113622306
 20
125.10000010000002
 10
387.6887476879853
 20
125.10000010000002
 10
391.38596261872806
 20
125.10000010000002
 10
395.18911044282714
 20
125.10000010000002
 10
399.07531858177333
 20
125.10000010000002
 10
403.02121492255066
 20
125.10000010000002
 10
407.00306838027393
 20
125.10000010000002
 10
410.99693161972607
 20
125.10000010000002
 10
414.97878507744934
 20
125.10000010000002
 10
418.9246814182266
 20
125.10000010000002
 10
422.8108895571728
 20
125.10000010000002
 10
426.61403738127194
 20
125.10000010000002
 10
430.31125231201463
 20
125.10000010000002
 10
433.8802988637769
 20
125.10000010000002
 10
437.2997123706465
 20
125.10000010000002
 10
440.54892807744994
 20
125.10000010000002
 10
443.60840481860936
 20
125.10000010000002
 10
446.459742541012
 20
125.10000010000002
 10
449.08579296409425
 20
125.10000010000002
 10
451.470762711619
 20
125.10000010000002
 10
453.6003082948986
 20
125.10000010000002
 10
455.46162237622343
 20
125.10000010000002
 10
457.04351079369803
 20
125.10000010000002
 10
458.3364598842477
 20
125.10000010000002
 10
459.33269369990774
 20
125.10000010000002
 10
460.02622077328954
 20
125.10000010000002
 10
460.4128701509703
 20
125.10000010000002
 10
460.49031647809784
 20
125.10000010000002
 10
460.25809398334803
 20
125.10000010000002
 10
459.71759928012875
 20
125.10000010000002
 10
458.872082967182
 20
125.10000010000002
 10
457.72663007910114
 20
125.10000010000002
 10
456.2881295043341
 20
125.10000010000002
 10
454.56523255459786
 20
125.10000010000002
 10
452.56830093487184
 20
125.10000010000002
 10
450.30934442688476
 20
125.10000010000002
 10
447.80194866087453
 20
125.10000010000002
 10
445.0611934100092
 20
125.10000010000002
 10
442.1035618988568
 20
125.10000010000002
 10
438.9468416713334
 20
125.10000010000002
 10
435.61001761432095
 20
125.10000010000002
 10
432.11315778032383
 20
125.10000010000002
 10
428.47729269583965
 20
125.10000010000002
 10
424.7242888812983
 20
125.10000010000002
 10
420.87671734323567
 20
125.10000010000002
 10
416.9577178296038
 20
125.10000010000002
 10
412.9908596646045
 20
125.10000010000002
 10
409.0
 20
125.10000010000002
  0
LWPOLYLINE
  5
330
330
17
100
AcDbEntity
  8
YZ_SIDE
100
AcDbPolyline
 90
82
 70
0
 10
409.0
 20
386.90000009999994
 10
405.00914033539556
 20
386.90000009999994
 10
401.0422821703962
 20
386.90000009999994
 10
397.12328265676433
 20
386.90000009999994
 10
393.2757111187017
 20
386.90000009999994
 10
389.5227073041604
 20
386.90000009999994
 10
385.88684221967617
 20
386.90000009999994
 10
382.38998238567905
 20
386.90000009999994
 10
379.05315832866665
 20
386.90000009999994
 10
375.89643810114325
 20
386.90000009999994
 10
372.9388065899908
 20
386.90000009999994
 10
370.19805133912547
 20
386.90000009999994
 10
367.69065557311524
 20
386.90000009999994
 10
365.4316990651282
 20
386.90000009999994
 10
363.43476744540214
 20
386.90000009999994
 10
361.7118704956659
 20
386.90000009999994
 10
360.27336992089886
 20
386.90000009999994
 10
359.127917032818
 20
386.90000009999994
 10
358.2824007198713
 20
386.90000009999994
 10
357.74190601665197
 20
386.90000009999994
 10
357.50968352190216
 20
386.90000009999994
 10
357.5871298490297
 20
386.90000009999994
 10
357.97377922671046
 20
386.90000009999994
 10
358.66730630009226
 20
386.90000009999994
 10
359.6635401157523
 20
386.90000009999994
 10
360.95648920630197
 20
386.90000009999994
 10
362.53837762377657
 20
386.90000009999994
 10
364.3996917051014
 20
386.90000009999994
 10
366.529237288381
 20
386.90000009999994
 10
368.91420703590575
 20
386.90000009999994
 10
371.540257458988
 20
386.90000009999994
 10
374.3915951813906
 20
386.90000009999994
 10
377.45107192255006
 20
386.90000009999994
 10
380.7002876293535
 20
386.90000009999994
 10
384.11970113622306
 20
386.90000009999994
 10
387.6887476879853
 20
386.90000009999994
 10
391.38596261872806
 20
386.90000009999994
 10
395.18911044282714
 20
386.90000009999994
 10
399.07531858177333
 20
386.90000009999994
 10
403.02121492255066
 20
386.90000009999994
 10
407.00306838027393
 20
386.90000009999994
 10
410.99693161972607
 20
386.90000009999994
 10
414.97878507744934
 20
386.90000009999994
 10
418.9246814182266
 20
386.90000009999994
 10
422.8108895571728
 20
386.90000009999994
 10
426.61403738127194
 20
386.90000009999994
 10
430.31125231201463
 20
386.90000009999994
 10
433.8802988637769
 20
386.90000009999994
 10
437.2997123706465
 20
386.90000009999994
 10
440.54892807744994
 20
386.90000009999994
 10
443.60840481860936
 20
386.90000009999994
 10
446.459742541012
 20
386.90000009999994
 10
449.08579296409425
 20
386.90000009999994
 10
451.470762711619
 20
386.90000009999994
 10
453.6003082948986
 20
386.90000009999994
 10
455.46162237622343
 20
386.90000009999994
 10
457.04351079369803
 20
386.90000009999994
 10
458.3364598842477
 20
386.90000009999994
 10
459.33269369990774
 20
386.90000009999994
 10
460.02622077328954
 20
386.90000009999994
 10
460.4128701509703
 20
386.90000009999994
 10
460.49031647809784
 20
386.90000009999994
 10
460.25809398334803
 20
386.90000009999994
 10
459.71759928012875
 20
386.90000009999994
 10
458.872082967182
 20
386.90000009999994
 10
457.72663007910114
 20
386.90000009999994
 10
456.2881295043341
 20
386.90000009999994
 10
454.56523255459786
 20
386.90000009999994
 10
452.56830093487184
 20
386.90000009999994
 10
450.30934442688476
 20
386.90000009999994
 10
447.80194866087453
 20
386.90000009999994
 10
445.0611934100092
 20
386.90000009999994
 10
442.1035618988568
 20
386.90000009999994
 10
438.9468416713334
 20
386.90000009999994
 10
435.61001761432095
 20
386.90000009999994
 10
432.11315778032383
 20
386.90000009999994
 10
428.47729269583965
 20
386.90000009999994
 10
424.7242888812983
 20
386.90000009999994
 10
420.87671734323567
 20
386.90000009999994
 10
416.9577178296038
 20
386.90000009999994
 10
412.9908596646045
 20
386.90000009999994
 10
409.0
 20
386.90000009999994
  0
LWPOLYLINE
  5
331
330
17
100
AcDbEntity
  8
YZ_SIDE
100
AcDbPolyline
 90
2
 70
0
 10
409.0
 20
386.90000009999994
 10
409.0
 20
125.10000010000002
  0
LWPOLYLINE
  5
332
330
17
100
AcDbEntity
  8
YZ_SIDE
100
AcDbPolyline
 90
91
 70
0
 10
409.0
 20
98.10000009999999
 10
405.0134175255232
 20
98.1000001
 10
401.04625728013224
 20
98.1000001
 10
397.11784686976506
 20
98.1000001
 10
393.2473251150585
 20
98.1000001
 10
389.453548808938
 20
98.1000001
 10
385.755000848218
 20
98.1000001
 10
382.1697001867863
 20
98.1000001
 10
378.7151140490723
 20
98.1000001
 10
375.4080728314852
 20
98.1000001
 10
372.26468810641427
 20
98.1000001
 10
369.3002741282683
 20
98.1000001
 10
366.5292732239669
 20
98.1000001
 10
363.96518543137586
 20
98.1000001
 10
361.6205027284794
 20
98.1000001
 10
359.5066481737193
 20
98.1000001
 10
357.6339202540026
 20
98.1000001
 10
356.0114427115081
 20
98.1000001
 10
354.647120093732
 20
98.1000001
 10
353.5475992433268
 20
98.1000001
 10
352.7182369153523
 20
98.1000001
 10
352.1630736797032
 20
98.1000001
 10
351.8848142358587
 20
98.1000001
 10
351.8848142358587
 20
98.1000001
 10
352.1630736797032
 20
98.1000001
 10
352.7182369153523
 20
98.1000001
 10
353.5475992433268
 20
98.1000001
 10
354.647120093732
 20
98.1000001
 10
356.0114427115081
 20
98.1000001
 10
357.6339202540026
 20
98.1000001
 10
359.5066481737193
 20
98.1000001
 10
361.6205027284794
 20
98.1000001
 10
363.96518543137586
 20
98.1000001
 10
366.5292732239669
 20
98.1000001
 10
369.3002741282683
 20
98.1000001
 10
372.26468810641427
 20
98.1000001
 10
375.40807283148513
 20
98.1000001
 10
378.7151140490723
 20
98.1000001
 10
382.1697001867863
 20
98.1000001
 10
385.755000848218
 20
98.1000001
 10
389.453548808938
 20
98.1000001
 10
393.24732511505846
 20
98.1000001
 10
397.11784686976506
 20
98.1000001
 10
401.0462572801323
 20
98.1000001
 10
405.0134175255232
 20
98.1000001
 10
409.0
 20
98.10000009999999
 10
412.9865824744768
 20
98.10000009999999
 10
416.9537427198677
 20
98.10000009999999
 10
420.88215313023494
 20
98.10000009999999
 10
424.7526748849415
 20
98.10000009999999
 10
428.546451191062
 20
98.10000009999999
 10
432.244999151782
 20
98.10000009999999
 10
435.8302998132136
 20
98.10000009999999
 10
439.2848859509277
 20
98.10000009999999
 10
442.59192716851487
 20
98.10000009999999
 10
445.73531189358573
 20
98.10000009999999
 10
448.6997258717317
 20
98.10000009999999
 10
451.4707267760331
 20
98.10000009999999
 10
454.03481456862414
 20
98.10000009999999
 10
456.3794972715207
 20
98.10000009999999
 10
458.4933518262807
 20
98.10000009999999
 10
460.36607974599735
 20
98.10000009999999
 10
461.9885572884919
 20
98.10000009999999
 10
463.352879906268
 20
98.10000009999999
 10
464.4524007566732
 20
98.10000009999999
 10
465.28176308464765
 20
98.10000009999999
 10
465.8369263202968
 20
98.10000009999999
 10
466.1151857641413
 20
98.10000009999999
 10
466.1151857641413
 20
98.10000009999999
 10
465.8369263202968
 20
98.10000009999999
 10
465.28176308464765
 20
98.10000009999999
 10
464.4524007566732
 20
98.10000009999999
 10
463.352879906268
 20
98.10000009999999
 10
461.9885572884919
 20
98.10000009999999
 10
460.3660797459974
 20
98.10000009999999
 10
458.4933518262807
 20
98.10000009999999
 10
456.3794972715207
 20
98.10000009999999
 10
454.03481456862414
 20
98.10000009999999
 10
451.4707267760331
 20
98.10000009999999
 10
448.69972587173174
 20
98.10000009999999
 10
445.73531189358573
 20
98.10000009999999
 10
442.5919271685148
 20
98.10000009999999
 10
439.2848859509277
 20
98.10000009999999
 10
435.8302998132136
 20
98.10000009999999
 10
432.24499915178194
 20
98.10000009999999
 10
428.5464511910619
 20
98.10000009999999
 10
424.7526748849415
 20
98.10000009999999
 10
420.88215313023494
 20
98.10000009999999
 10
416.95374271986776
 20
98.10000009999999
 10
412.9865824744768
 20
98.10000009999999
 10
409.0
 20
98.10000009999999
  0
LWPOLYLINE
  5
333
330
17
100
AcDbEntity
  8
YZ_SIDE
100
AcDbPolyline
 90
2
 70
0
 10
409.0
 20
106.0000001
 10
409.0
 20
98.10000009999999
  0
LWPOLYLINE
  5
334
330
17
100
AcDbEntity
  8
YZ_SIDE
100
AcDbPolyline
 90
91
 70
0
 10
409.0
 20
106.0000001
 10
405.0134175255232
 20
106.0000001
 10
401.04625728013224
 20
106.0000001
 10
397.11784686976506
 20
106.0000001
 10
393.2473251150585
 20
106.0000001
 10
389.453548808938
 20
106.0000001
 10
385.755000848218
 20
106.0000001
 10
382.1697001867863
 20
106.0000001
 10
378.7151140490723
 20
106.0000001
 10
375.4080728314852
 20
106.0000001
 10
372.26468810641427
 20
106.0000001
 10
369.3002741282683
 20
106.0000001
 10
366.5292732239669
 20
106.0000001
 10
363.96518543137586
 20
106.0000001
 10
361.6205027284794
 20
106.0000001
 10
359.5066481737193
 20
106.0000001
 10
357.6339202540026
 20
106.0000001
 10
356.0114427115081
 20
106.0000001
 10
354.647120093732
 20
106.0000001
 10
353.5475992433268
 20
106.0000001
 10
352.7182369153523
 20
106.0000001
 10
352.1630736797032
 20
106.0000001
 10
351.8848142358587
 20
106.0000001
 10
351.8848142358587
 20
106.0000001
 10
352.1630736797032
 20
106.0000001
 10
352.7182369153523
 20
106.0000001
 10
353.5475992433268
 20
106.0000001
 10
354.647120093732
 20
106.0000001
 10
356.0114427115081
 20
106.0000001
 10
357.6339202540026
 20
106.0000001
 10
359.5066481737193
 20
106.0000001
 10
361.6205027284794
 20
106.0000001
 10
363.96518543137586
 20
106.0000001
 10
366.5292732239669
 20
106.0000001
 10
369.3002741282683
 20
106.0000001
 10
372.26468810641427
 20
106.0000001
 10
375.40807283148513
 20
106.0000001
 10
378.7151140490723
 20
106.0000001
 10
382.1697001867863
 20
106.0000001
 10
385.755000848218
 20
106.0000001
 10
389.453548808938
 20
106.0000001
 10
393.24732511505846
 20
106.0000001
 10
397.11784686976506
 20
106.0000001
 10
401.0462572801323
 20
106.0000001
 10
405.0134175255232
 20
106.0000001
 10
409.0
 20
106.0000001
 10
412.9865824744768
 20
106.0000001
 10
416.95374271986776
 20
106.0000001
 10
420.88215313023494
 20
106.0000001
 10
424.7526748849415
 20
106.0000001
 10
428.546451191062
 20
106.0000001
 10
432.244999151782
 20
106.0000001
 10
435.8302998132136
 20
106.0000001
 10
439.2848859509277
 20
106.0000001
 10
442.59192716851487
 20
106.0000001
 10
445.73531189358573
 20
106.0000001
 10
448.6997258717317
 20
106.0000001
 10
451.4707267760331
 20
106.0000001
 10
454.03481456862414
 20
106.0000001
 10
456.3794972715207
 20
106.0000001
 10
458.4933518262807
 20
106.0000001
 10
460.36607974599735
 20
106.0000001
 10
461.9885572884919
 20
106.0000001
 10
463.352879906268
 20
106.0000001
 10
464.4524007566732
 20
106.0000001
 10
465.28176308464765
 20
106.0000001
 10
465.8369263202968
 20
106.0000001
 10
466.1151857641413
 20
106.0000001
 10
466.1151857641413
 20
106.0000001
 10
465.8369263202968
 20
106.0000001
 10
465.28176308464765
 20
106.0000001
 10
464.4524007566732
 20
106.0000001
 10
463.352879906268
 20
106.0000001
 10
461.9885572884919
 20
106.0000001
 10
460.3660797459974
 20
106.0000001
 10
458.4933518262807
 20
106.0000001
 10
456.3794972715207
 20
106.0000001
 10
454.03481456862414
 20
106.0000001
 10
451.4707267760331
 20
106.0000001
 10
448.69972587173174
 20
106.0000001
 10
445.73531189358573
 20
106.0000001
 10
442.5919271685148
 20
106.0000001
 10
439.2848859509277
 20
106.0000001
 10
435.8302998132136
 20
106.0000001
 10
432.24499915178194
 20
106.0000001
 10
428.5464511910619
 20
106.0000001
 10
424.7526748849415
 20
106.0000001
 10
420.88215313023494
 20
106.0000001
 10
416.95374271986776
 20
106.0000001
 10
412.9865824744768
 20
106.0000001
 10
409.0
 20
106.0000001
  0
LWPOLYLINE
  5
335
330
17
100
AcDbEntity
  8
YZ_SIDE
100
AcDbPolyline
 90
71
 70
0
 10
409.0
 20
98.10000009999999
 10
405.0558704082489
 20
98.1000001
 10
401.14349662885996
 20
98.1000001
 10
397.2943787950663
 20
98.1000001
 10
393.5395077404209
 20
98.1000001
 10
389.90911547882746
 20
98.1000001
 10
386.43243179414014
 20
98.1000001
 10
383.1374488991312
 20
98.1000001
 10
380.05069605865265
 20
98.1000001
 10
377.1970259915948
 20
98.1000001
 10
374.5994147714067
 20
98.1000001
 10
372.2787768362627
 20
98.1000001
 10
370.25379659830355
 20
98.1000001
 10
368.54077800773615
 20
98.1000001
 10
367.15351328301324
 20
98.1000001
 10
366.10317186399976
 20
98.1000001
 10
365.39821048221086
 20
98.1000001
 10
365.04430507218217
 20
98.1000001
 10
365.04430507218217
 20
98.1000001
 10
365.39821048221086
 20
98.1000001
 10
366.10317186399976
 20
98.1000001
 10
367.15351328301324
 20
98.1000001
 10
368.54077800773615
 20
98.1000001
 10
370.2537965983035
 20
98.1000001
 10
372.2787768362627
 20
98.1000001
 10
374.59941477140666
 20
98.1000001
 10
377.1970259915948
 20
98.1000001
 10
380.05069605865265
 20
98.1000001
 10
383.1374488991312
 20
98.1000001
 10
386.43243179414014
 20
98.1000001
 10
389.9091154788274
 20
98.1000001
 10
393.5395077404209
 20
98.1000001
 10
397.2943787950663
 20
98.1000001
 10
401.14349662885996
 20
98.1000001
 10
405.0558704082489
 20
98.1000001
 10
409.0
 20
98.10000009999999
 10
412.94412959175105
 20
98.10000009999999
 10
416.85650337114
 20
98.10000009999999
 10
420.70562120493366
 20
98.10000009999999
 10
424.46049225957904
 20
98.10000009999999
 10
428.09088452117254
 20
98.10000009999999
 10
431.56756820585986
 20
98.10000009999999
 10
434.8625511008688
 20
98.10000009999999
 10
437.94930394134735
 20
98.10000009999999
 10
440.8029740084052
 20
98.10000009999999
 10
443.4005852285933
 20
98.10000009999999
 10
445.7212231637373
 20
98.10000009999999
 10
447.74620340169645
 20
98.10000009999999
 10
449.4592219922638
 20
98.10000009999999
 10
450.84648671698676
 20
98.10000009999999
 10
451.89682813600024
 20
98.10000009999999
 10
452.60178951778914
 20
98.10000009999999
 10
452.95569492781783
 20
98.10000009999999
 10
452.95569492781783
 20
98.10000009999999
 10
452.60178951778914
 20
98.10000009999999
 10
451.89682813600024
 20
98.10000009999999
 10
450.84648671698676
 20
98.10000009999999
 10
449.4592219922638
 20
98.10000009999999
 10
447.74620340169645
 20
98.10000009999999
 10
445.7212231637373
 20
98.10000009999999
 10
443.40058522859334
 20
98.10000009999999
 10
440.8029740084052
 20
98.10000009999999
 10
437.94930394134735
 20
98.10000009999999
 10
434.8625511008688
 20
98.10000009999999
 10
431.5675682058599
 20
98.10000009999999
 10
428.0908845211726
 20
98.10000009999999
 10
424.46049225957915
 20
98.10000009999999
 10
420.7056212049337
 20
98.10000009999999
 10
416.8565033711401
 20
98.10000009999999
 10
412.9441295917511
 20
98.10000009999999
 10
409.00000000000006
 20
98.10000009999999
  0
LWPOLYLINE
  5
336
330
17
100
AcDbEntity
  8
YZ_SIDE
100
AcDbPolyline
 90
83
 70
0
 10
409.0
 20
106.0000001
 10
405.0228835688799
 20
106.0000001
 10
401.06910643840837
 20
106.0000001
 10
397.1618709449375
 20
106.0000001
 10
393.3241062999868
 20
106.0000001
 10
389.5783340325129
 20
106.0000001
 10
385.9465358236221
 20
106.0000001
 10
382.4500245093254
 20
106.0000001
 10
379.1093190083416
 20
106.0000001
 10
375.9440239089236
 20
106.0000001
 10
372.9727144213391
 20
106.0000001
 10
370.21282737115047
 20
106.0000001
 10
367.68055887298914
 20
106.0000001
 10
365.39076928531455
 20
106.0000001
 10
363.356896003922
 20
106.0000001
 10
361.59087460596083
 20
106.0000001
 10
360.10306880722186
 20
106.0000001
 10
358.9022096437321
 20
106.0000001
 10
357.9953442345634
 20
106.0000001
 10
357.38779442653606
 20
106.0000001
 10
357.0831255635052
 20
106.0000001
 10
357.0831255635052
 20
106.0000001
 10
357.38779442653606
 20
106.0000001
 10
357.9953442345634
 20
106.0000001
 10
358.9022096437321
 20
106.0000001
 10
360.10306880722186
 20
106.0000001
 10
361.59087460596083
 20
106.0000001
 10
363.356896003922
 20
106.0000001
 10
365.39076928531455
 20
106.0000001
 10
367.68055887298914
 20
106.0000001
 10
370.21282737115047
 20
106.0000001
 10
372.97271442133905
 20
106.0000001
 10
375.9440239089236
 20
106.0000001
 10
379.1093190083416
 20
106.0000001
 10
382.4500245093254
 20
106.0000001
 10
385.94653582362207
 20
106.0000001
 10
389.5783340325129
 20
106.0000001
 10
393.32410629998674
 20
106.0000001
 10
397.1618709449375
 20
106.0000001
 10
401.06910643840837
 20
106.0000001
 10
405.0228835688798
 20
106.0000001
 10
409.0
 20
106.0000001
 10
412.9771164311201
 20
106.0000001
 10
416.9308935615916
 20
106.0000001
 10
420.8381290550625
 20
106.0000001
 10
424.6758937000132
 20
106.0000001
 10
428.4216659674871
 20
106.0000001
 10
432.0534641763778
 20
106.0000001
 10
435.54997549067457
 20
106.0000001
 10
438.8906809916584
 20
106.0000001
 10
442.0559760910764
 20
106.0000001
 10
445.0272855786609
 20
106.0000001
 10
447.7871726288495
 20
106.0000001
 10
450.31944112701086
 20
106.0000001
 10
452.6092307146855
 20
106.0000001
 10
454.643103996078
 20
106.0000001
 10
456.40912539403917
 20
106.0000001
 10
457.8969311927781
 20
106.0000001
 10
459.0977903562679
 20
106.0000001
 10
460.0046557654366
 20
106.0000001
 10
460.61220557346394
 20
106.0000001
 10
460.9168744364948
 20
106.0000001
 10
460.9168744364948
 20
106.0000001
 10
460.61220557346394
 20
106.0000001
 10
460.0046557654366
 20
106.0000001
 10
459.097790356268
 20
106.0000001
 10
457.89693119277814
 20
106.0000001
 10
456.40912539403917
 20
106.0000001
 10
454.643103996078
 20
106.0000001
 10
452.6092307146855
 20
106.0000001
 10
450.3194411270109
 20
106.0000001
 10
447.7871726288496
 20
106.0000001
 10
445.0272855786609
 20
106.0000001
 10
442.05597609107645
 20
106.0000001
 10
438.8906809916584
 20
106.0000001
 10
435.5499754906746
 20
106.0000001
 10
432.05346417637793
 20
106.0000001
 10
428.4216659674872
 20
106.0000001
 10
424.67589370001326
 20
106.0000001
 10
420.83812905506255
 20
106.0000001
 10
416.9308935615917
 20
106.0000001
 10
412.9771164311202
 20
106.0000001
 10
409.0
 20
106.0000001
  0
LWPOLYLINE
  5
337
330
17
100
AcDbEntity
  8
YZ_SIDE
100
AcDbPolyline
 90
2
 70
0
 10
409.0
 20
125.10000009999999
 10
409.0
 20
98.10000009999999
  0
LWPOLYLINE
  5
338
330
17
100
AcDbEntity
  8
YZ_SIDE
100
AcDbPolyline
 90
71
 70
0
 10
409.0
 20
125.10000009999999
 10
405.05587040824895
 20
125.10000009999999
 10
401.14349662886
 20
125.10000009999999
 10
397.2943787950663
 20
125.10000009999999
 10
393.5395077404209
 20
125.1000001
 10
389.90911547882746
 20
125.1000001
 10
386.43243179414014
 20
125.1000001
 10
383.1374488991312
 20
125.1000001
 10
380.05069605865265
 20
125.1000001
 10
377.1970259915948
 20
125.1000001
 10
374.5994147714067
 20
125.1000001
 10
372.2787768362627
 20
125.1000001
 10
370.25379659830355
 20
125.1000001
 10
368.54077800773615
 20
125.1000001
 10
367.15351328301324
 20
125.1000001
 10
366.10317186399976
 20
125.1000001
 10
365.39821048221086
 20
125.1000001
 10
365.04430507218217
 20
125.1000001
 10
365.04430507218217
 20
125.1000001
 10
365.39821048221086
 20
125.1000001
 10
366.10317186399976
 20
125.1000001
 10
367.15351328301324
 20
125.1000001
 10
368.54077800773615
 20
125.1000001
 10
370.2537965983035
 20
125.1000001
 10
372.2787768362627
 20
125.1000001
 10
374.59941477140666
 20
125.1000001
 10
377.1970259915948
 20
125.1000001
 10
380.05069605865265
 20
125.1000001
 10
383.1374488991312
 20
125.1000001
 10
386.43243179414014
 20
125.1000001
 10
389.9091154788274
 20
125.1000001
 10
393.5395077404209
 20
125.1000001
 10
397.2943787950663
 20
125.10000009999999
 10
401.14349662885996
 20
125.10000009999999
 10
405.0558704082489
 20
125.10000009999999
 10
409.0
 20
125.10000009999999
 10
412.94412959175105
 20
125.10000009999999
 10
416.85650337114
 20
125.10000009999999
 10
420.70562120493366
 20
125.10000009999999
 10
424.46049225957904
 20
125.10000009999999
 10
428.09088452117254
 20
125.10000009999999
 10
431.56756820585986
 20
125.10000009999999
 10
434.8625511008688
 20
125.10000009999999
 10
437.94930394134735
 20
125.10000009999999
 10
440.8029740084052
 20
125.10000009999999
 10
443.4005852285933
 20
125.10000009999999
 10
445.7212231637373
 20
125.10000009999999
 10
447.74620340169645
 20
125.10000009999999
 10
449.4592219922638
 20
125.10000009999999
 10
450.84648671698676
 20
125.10000009999999
 10
451.89682813600024
 20
125.10000009999999
 10
452.60178951778914
 20
125.10000009999999
 10
452.95569492781783
 20
125.10000009999999
 10
452.95569492781783
 20
125.10000009999999
 10
452.60178951778914
 20
125.10000009999999
 10
451.89682813600024
 20
125.10000009999999
 10
450.84648671698676
 20
125.10000009999999
 10
449.4592219922638
 20
125.10000009999999
 10
447.74620340169645
 20
125.10000009999999
 10
445.7212231637373
 20
125.10000009999999
 10
443.40058522859334
 20
125.10000009999999
 10
440.8029740084052
 20
125.10000009999999
 10
437.9493039413474
 20
125.10000009999999
 10
434.8625511008688
 20
125.10000009999999
 10
431.5675682058599
 20
125.10000009999999
 10
428.0908845211726
 20
125.10000009999999
 10
424.46049225957915
 20
125.10000009999999
 10
420.7056212049337
 20
125.10000009999999
 10
416.8565033711401
 20
125.10000009999999
 10
412.9441295917511
 20
125.10000009999999
 10
409.00000000000006
 20
125.10000009999999
  0
LWPOLYLINE
  5
339
330
17
100
AcDbEntity
  8
YZ_SIDE
100
AcDbPolyline
 90
2
 70
0
 10
409.0
 20
125.10000009999999
 10
409.0
 20
106.0000001
  0
LWPOLYLINE
  5
33A
330
17
100
AcDbEntity
  8
YZ_SIDE
100
AcDbPolyline
 90
83
 70
0
 10
409.0
 20
125.10000009999999
 10
405.0228835688799
 20
125.10000009999999
 10
401.06910643840837
 20
125.10000009999999
 10
397.1618709449375
 20
125.10000009999999
 10
393.3241062999868
 20
125.1000001
 10
389.5783340325129
 20
125.1000001
 10
385.9465358236221
 20
125.1000001
 10
382.4500245093254
 20
125.1000001
 10
379.1093190083416
 20
125.1000001
 10
375.9440239089236
 20
125.1000001
 10
372.9727144213391
 20
125.1000001
 10
370.21282737115047
 20
125.1000001
 10
367.68055887298914
 20
125.1000001
 10
365.39076928531455
 20
125.1000001
 10
363.356896003922
 20
125.1000001
 10
361.59087460596083
 20
125.1000001
 10
360.10306880722186
 20
125.1000001
 10
358.9022096437321
 20
125.1000001
 10
357.9953442345634
 20
125.1000001
 10
357.38779442653606
 20
125.1000001
 10
357.0831255635052
 20
125.1000001
 10
357.0831255635052
 20
125.1000001
 10
357.38779442653606
 20
125.1000001
 10
357.9953442345634
 20
125.1000001
 10
358.9022096437321
 20
125.1000001
 10
360.10306880722186
 20
125.1000001
 10
361.59087460596083
 20
125.1000001
 10
363.356896003922
 20
125.1000001
 10
365.39076928531455
 20
125.1000001
 10
367.68055887298914
 20
125.1000001
 10
370.21282737115047
 20
125.1000001
 10
372.97271442133905
 20
125.1000001
 10
375.9440239089236
 20
125.1000001
 10
379.1093190083416
 20
125.1000001
 10
382.4500245093254
 20
125.1000001
 10
385.94653582362207
 20
125.1000001
 10
389.5783340325129
 20
125.1000001
 10
393.32410629998674
 20
125.1000001
 10
397.1618709449375
 20
125.10000009999999
 10
401.06910643840837
 20
125.10000009999999
 10
405.0228835688798
 20
125.10000009999999
 10
409.0
 20
125.10000009999999
 10
412.9771164311201
 20
125.10000009999999
 10
416.93089356159163
 20
125.10000009999999
 10
420.8381290550625
 20
125.10000009999999
 10
424.6758937000132
 20
125.10000009999999
 10
428.4216659674871
 20
125.10000009999999
 10
432.0534641763778
 20
125.10000009999999
 10
435.54997549067457
 20
125.10000009999999
 10
438.8906809916584
 20
125.10000009999999
 10
442.0559760910764
 20
125.10000009999999
 10
445.0272855786609
 20
125.10000009999999
 10
447.7871726288495
 20
125.10000009999999
 10
450.31944112701086
 20
125.10000009999999
 10
452.6092307146855
 20
125.10000009999999
 10
454.643103996078
 20
125.10000009999999
 10
456.40912539403917
 20
125.10000009999999
 10
457.8969311927781
 20
125.10000009999999
 10
459.0977903562679
 20
125.10000009999999
 10
460.0046557654366
 20
125.10000009999999
 10
460.61220557346394
 20
125.10000009999999
 10
460.9168744364948
 20
125.10000009999999
 10
460.9168744364948
 20
125.10000009999999
 10
460.61220557346394
 20
125.10000009999999
 10
460.0046557654366
 20
125.10000009999999
 10
459.097790356268
 20
125.10000009999999
 10
457.89693119277814
 20
125.10000009999999
 10
456.40912539403917
 20
125.10000009999999
 10
454.643103996078
 20
125.10000009999999
 10
452.6092307146855
 20
125.10000009999999
 10
450.3194411270109
 20
125.10000009999999
 10
447.7871726288496
 20
125.10000009999999
 10
445.0272855786609
 20
125.10000009999999
 10
442.05597609107645
 20
125.10000009999999
 10
438.8906809916584
 20
125.10000009999999
 10
435.5499754906746
 20
125.10000009999999
 10
432.05346417637793
 20
125.10000009999999
 10
428.42166596748723
 20
125.10000009999999
 10
424.67589370001326
 20
125.10000009999999
 10
420.83812905506255
 20
125.10000009999999
 10
416.9308935615917
 20
125.10000009999999
 10
412.9771164311202
 20
125.10000009999999
 10
409.0
 20
125.10000009999999
  0
LWPOLYLINE
  5
33B
330
17
100
AcDbEntity
  8
YZ_SIDE
100
AcDbPolyline
 90
91
 70
0
 10
409.0
 20
413.90000009999994
 10
412.9865824744768
 20
413.90000009999994
 10
416.9537427198677
 20
413.90000009999994
 10
420.88215313023494
 20
413.90000009999994
 10
424.7526748849415
 20
413.90000009999994
 10
428.546451191062
 20
413.90000009999994
 10
432.244999151782
 20
413.90000009999994
 10
435.8302998132136
 20
413.90000009999994
 10
439.2848859509277
 20
413.90000009999994
 10
442.59192716851487
 20
413.90000009999994
 10
445.73531189358573
 20
413.90000009999994
 10
448.6997258717317
 20
413.90000009999994
 10
451.4707267760331
 20
413.90000009999994
 10
454.03481456862414
 20
413.90000009999994
 10
456.3794972715206
 20
413.90000009999994
 10
458.4933518262807
 20
413.90000009999994
 10
460.36607974599735
 20
413.90000009999994
 10
461.9885572884919
 20
413.90000009999994
 10
463.352879906268
 20
413.90000009999994
 10
464.4524007566732
 20
413.90000009999994
 10
465.28176308464765
 20
413.90000009999994
 10
465.8369263202968
 20
413.90000009999994
 10
466.1151857641413
 20
413.90000009999994
 10
466.1151857641413
 20
413.90000009999994
 10
465.8369263202968
 20
413.90000009999994
 10
465.28176308464765
 20
413.90000009999994
 10
464.4524007566732
 20
413.90000009999994
 10
463.352879906268
 20
413.90000009999994
 10
461.9885572884919
 20
413.90000009999994
 10
460.36607974599735
 20
413.90000009999994
 10
458.4933518262807
 20
413.90000009999994
 10
456.3794972715206
 20
413.90000009999994
 10
454.03481456862414
 20
413.90000009999994
 10
451.4707267760331
 20
413.90000009999994
 10
448.69972587173174
 20
413.90000009999994
 10
445.73531189358573
 20
413.90000009999994
 10
442.59192716851487
 20
413.90000009999994
 10
439.2848859509277
 20
413.90000009999994
 10
435.8302998132137
 20
413.90000009999994
 10
432.24499915178194
 20
413.90000009999994
 10
428.546451191062
 20
413.90000009999994
 10
424.75267488494154
 20
413.90000009999994
 10
420.88215313023494
 20
413.90000009999994
 10
416.9537427198677
 20
413.90000009999994
 10
412.9865824744768
 20
413.90000009999994
 10
409.0
 20
413.90000009999994
 10
405.0134175255232
 20
413.90000009999994
 10
401.04625728013224
 20
413.90000009999994
 10
397.11784686976506
 20
413.90000009999994
 10
393.2473251150585
 20
413.90000009999994
 10
389.453548808938
 20
413.90000009999994
 10
385.755000848218
 20
413.90000009999994
 10
382.1697001867864
 20
413.90000009999994
 10
378.7151140490723
 20
413.90000009999994
 10
375.4080728314852
 20
413.90000009999994
 10
372.26468810641427
 20
413.90000009999994
 10
369.3002741282683
 20
413.90000009999994
 10
366.5292732239669
 20
413.90000009999994
 10
363.96518543137586
 20
413.90000009999994
 10
361.6205027284794
 20
413.90000009999994
 10
359.5066481737193
 20
413.90000009999994
 10
357.63392025400265
 20
413.90000009999994
 10
356.0114427115081
 20
413.90000009999994
 10
354.647120093732
 20
413.90000009999994
 10
353.5475992433268
 20
413.90000009999994
 10
352.71823691535235
 20
413.90000009999994
 10
352.1630736797032
 20
413.90000009999994
 10
351.8848142358587
 20
413.90000009999994
 10
351.8848142358587
 20
413.90000009999994
 10
352.1630736797032
 20
413.90000009999994
 10
352.7182369153523
 20
413.90000009999994
 10
353.5475992433268
 20
413.90000009999994
 10
354.647120093732
 20
413.90000009999994
 10
356.0114427115081
 20
413.90000009999994
 10
357.6339202540026
 20
413.90000009999994
 10
359.5066481737194
 20
413.90000009999994
 10
361.6205027284793
 20
413.90000009999994
 10
363.9651854313758
 20
413.90000009999994
 10
366.5292732239669
 20
413.90000009999994
 10
369.3002741282683
 20
413.90000009999994
 10
372.26468810641427
 20
413.90000009999994
 10
375.4080728314852
 20
413.90000009999994
 10
378.71511404907227
 20
413.90000009999994
 10
382.1697001867864
 20
413.90000009999994
 10
385.755000848218
 20
413.90000009999994
 10
389.453548808938
 20
413.90000009999994
 10
393.2473251150585
 20
413.90000009999994
 10
397.11784686976506
 20
413.90000009999994
 10
401.04625728013224
 20
413.90000009999994
 10
405.0134175255232
 20
413.90000009999994
 10
409.0
 20
413.90000009999994
  0
LWPOLYLINE
  5
33C
330
17
100
AcDbEntity
  8
YZ_SIDE
100
AcDbPolyline
 90
2
 70
0
 10
409.0
 20
406.00000009999997
 10
409.0
 20
413.90000009999994
  0
LWPOLYLINE
  5
33D
330
17
100
AcDbEntity
  8
YZ_SIDE
100
AcDbPolyline
 90
91
 70
0
 10
409.0
 20
406.00000009999997
 10
412.9865824744768
 20
406.00000009999997
 10
416.9537427198677
 20
406.00000009999997
 10
420.88215313023494
 20
406.00000009999997
 10
424.7526748849415
 20
406.00000009999997
 10
428.546451191062
 20
406.00000009999997
 10
432.244999151782
 20
406.00000009999997
 10
435.8302998132136
 20
406.00000009999997
 10
439.2848859509277
 20
406.00000009999997
 10
442.59192716851487
 20
406.00000009999997
 10
445.73531189358573
 20
406.00000009999997
 10
448.6997258717317
 20
406.00000009999997
 10
451.4707267760331
 20
406.00000009999997
 10
454.03481456862414
 20
406.00000009999997
 10
456.3794972715206
 20
406.00000009999997
 10
458.4933518262807
 20
406.00000009999997
 10
460.36607974599735
 20
406.00000009999997
 10
461.9885572884919
 20
406.00000009999997
 10
463.352879906268
 20
406.00000009999997
 10
464.4524007566732
 20
406.00000009999997
 10
465.28176308464765
 20
406.00000009999997
 10
465.8369263202968
 20
406.00000009999997
 10
466.1151857641413
 20
406.00000009999997
 10
466.1151857641413
 20
406.00000009999997
 10
465.8369263202968
 20
406.00000009999997
 10
465.28176308464765
 20
406.00000009999997
 10
464.4524007566732
 20
406.00000009999997
 10
463.352879906268
 20
406.00000009999997
 10
461.9885572884919
 20
406.00000009999997
 10
460.36607974599735
 20
406.00000009999997
 10
458.4933518262807
 20
406.00000009999997
 10
456.3794972715206
 20
406.00000009999997
 10
454.03481456862414
 20
406.00000009999997
 10
451.4707267760331
 20
406.00000009999997
 10
448.69972587173174
 20
406.00000009999997
 10
445.73531189358573
 20
406.00000009999997
 10
442.59192716851487
 20
406.00000009999997
 10
439.2848859509277
 20
406.00000009999997
 10
435.8302998132137
 20
406.00000009999997
 10
432.24499915178194
 20
406.00000009999997
 10
428.546451191062
 20
406.00000009999997
 10
424.75267488494154
 20
406.00000009999997
 10
420.88215313023494
 20
406.00000009999997
 10
416.9537427198677
 20
406.00000009999997
 10
412.9865824744768
 20
406.00000009999997
 10
409.0
 20
406.00000009999997
 10
405.0134175255232
 20
406.00000009999997
 10
401.04625728013224
 20
406.00000009999997
 10
397.11784686976506
 20
406.00000009999997
 10
393.2473251150585
 20
406.00000009999997
 10
389.453548808938
 20
406.00000009999997
 10
385.755000848218
 20
406.00000009999997
 10
382.1697001867864
 20
406.00000009999997
 10
378.7151140490723
 20
406.00000009999997
 10
375.4080728314852
 20
406.00000009999997
 10
372.26468810641427
 20
406.00000009999997
 10
369.3002741282683
 20
406.00000009999997
 10
366.5292732239669
 20
406.00000009999997
 10
363.96518543137586
 20
406.00000009999997
 10
361.6205027284794
 20
406.00000009999997
 10
359.5066481737193
 20
406.00000009999997
 10
357.63392025400265
 20
406.00000009999997
 10
356.0114427115081
 20
406.00000009999997
 10
354.647120093732
 20
406.00000009999997
 10
353.5475992433268
 20
406.00000009999997
 10
352.71823691535235
 20
406.00000009999997
 10
352.1630736797032
 20
406.00000009999997
 10
351.8848142358587
 20
406.00000009999997
 10
351.8848142358587
 20
406.00000009999997
 10
352.1630736797032
 20
406.00000009999997
 10
352.7182369153523
 20
406.00000009999997
 10
353.5475992433268
 20
406.00000009999997
 10
354.647120093732
 20
406.00000009999997
 10
356.0114427115081
 20
406.00000009999997
 10
357.6339202540026
 20
406.00000009999997
 10
359.5066481737194
 20
406.00000009999997
 10
361.6205027284793
 20
406.00000009999997
 10
363.9651854313758
 20
406.00000009999997
 10
366.5292732239669
 20
406.00000009999997
 10
369.3002741282683
 20
406.00000009999997
 10
372.26468810641427
 20
406.00000009999997
 10
375.4080728314852
 20
406.00000009999997
 10
378.71511404907227
 20
406.00000009999997
 10
382.1697001867864
 20
406.00000009999997
 10
385.755000848218
 20
406.00000009999997
 10
389.453548808938
 20
406.00000009999997
 10
393.2473251150585
 20
406.00000009999997
 10
397.11784686976506
 20
406.00000009999997
 10
401.04625728013224
 20
406.00000009999997
 10
405.0134175255232
 20
406.00000009999997
 10
409.0
 20
406.00000009999997
  0
LWPOLYLINE
  5
33E
330
17
100
AcDbEntity
  8
YZ_SIDE
100
AcDbPolyline
 90
71
 70
0
 10
409.0
 20
413.90000009999994
 10
412.9441295917511
 20
413.90000009999994
 10
416.85650337114
 20
413.90000009999994
 10
420.7056212049337
 20
413.90000009999994
 10
424.46049225957904
 20
413.90000009999994
 10
428.09088452117254
 20
413.90000009999994
 10
431.56756820585986
 20
413.90000009999994
 10
434.8625511008688
 20
413.90000009999994
 10
437.94930394134735
 20
413.90000009999994
 10
440.8029740084052
 20
413.90000009999994
 10
443.4005852285933
 20
413.90000009999994
 10
445.7212231637373
 20
413.90000009999994
 10
447.74620340169645
 20
413.90000009999994
 10
449.4592219922638
 20
413.90000009999994
 10
450.84648671698676
 20
413.90000009999994
 10
451.89682813600024
 20
413.90000009999994
 10
452.60178951778914
 20
413.90000009999994
 10
452.95569492781783
 20
413.90000009999994
 10
452.95569492781783
 20
413.90000009999994
 10
452.60178951778914
 20
413.90000009999994
 10
451.89682813600024
 20
413.90000009999994
 10
450.84648671698676
 20
413.90000009999994
 10
449.45922199226385
 20
413.90000009999994
 10
447.74620340169645
 20
413.90000009999994
 10
445.72122316373736
 20
413.90000009999994
 10
443.40058522859334
 20
413.90000009999994
 10
440.8029740084052
 20
413.90000009999994
 10
437.94930394134735
 20
413.90000009999994
 10
434.8625511008688
 20
413.90000009999994
 10
431.56756820585986
 20
413.90000009999994
 10
428.0908845211726
 20
413.90000009999994
 10
424.4604922595791
 20
413.90000009999994
 10
420.7056212049337
 20
413.90000009999994
 10
416.85650337114004
 20
413.90000009999994
 10
412.9441295917511
 20
413.90000009999994
 10
409.0
 20
413.90000009999994
 10
405.05587040824895
 20
413.90000009999994
 10
401.14349662886
 20
413.90000009999994
 10
397.29437879506634
 20
413.90000009999994
 10
393.53950774042096
 20
413.90000009999994
 10
389.90911547882746
 20
413.90000009999994
 10
386.43243179414014
 20
413.90000009999994
 10
383.1374488991312
 20
413.90000009999994
 10
380.05069605865265
 20
413.90000009999994
 10
377.1970259915948
 20
413.90000009999994
 10
374.5994147714067
 20
413.90000009999994
 10
372.2787768362627
 20
413.90000009999994
 10
370.25379659830355
 20
413.90000009999994
 10
368.5407780077362
 20
413.90000009999994
 10
367.15351328301324
 20
413.90000009999994
 10
366.10317186399976
 20
413.90000009999994
 10
365.39821048221086
 20
413.90000009999994
 10
365.04430507218217
 20
413.90000009999994
 10
365.04430507218217
 20
413.90000009999994
 10
365.39821048221086
 20
413.90000009999994
 10
366.10317186399976
 20
413.90000009999994
 10
367.15351328301324
 20
413.90000009999994
 10
368.54077800773615
 20
413.90000009999994
 10
370.25379659830355
 20
413.90000009999994
 10
372.2787768362627
 20
413.90000009999994
 10
374.59941477140666
 20
413.90000009999994
 10
377.1970259915948
 20
413.90000009999994
 10
380.0506960586526
 20
413.90000009999994
 10
383.1374488991312
 20
413.90000009999994
 10
386.4324317941401
 20
413.90000009999994
 10
389.9091154788274
 20
413.90000009999994
 10
393.53950774042085
 20
413.90000009999994
 10
397.2943787950663
 20
413.90000009999994
 10
401.1434966288599
 20
413.90000009999994
 10
405.0558704082489
 20
413.90000009999994
 10
408.99999999999994
 20
413.90000009999994
  0
LWPOLYLINE
  5
33F
330
17
100
AcDbEntity
  8
YZ_SIDE
100
AcDbPolyline
 90
83
 70
0
 10
409.0
 20
406.00000009999997
 10
412.9771164311201
 20
406.00000009999997
 10
416.93089356159163
 20
406.00000009999997
 10
420.8381290550625
 20
406.00000009999997
 10
424.6758937000132
 20
406.00000009999997
 10
428.4216659674871
 20
406.00000009999997
 10
432.0534641763779
 20
406.00000009999997
 10
435.5499754906746
 20
406.00000009999997
 10
438.8906809916584
 20
406.00000009999997
 10
442.05597609107645
 20
406.00000009999997
 10
445.0272855786609
 20
406.00000009999997
 10
447.78717262884953
 20
406.00000009999997
 10
450.31944112701086
 20
406.00000009999997
 10
452.60923071468545
 20
406.00000009999997
 10
454.643103996078
 20
406.00000009999997
 10
456.40912539403917
 20
406.00000009999997
 10
457.89693119277814
 20
406.00000009999997
 10
459.0977903562679
 20
406.00000009999997
 10
460.0046557654366
 20
406.00000009999997
 10
460.61220557346394
 20
406.00000009999997
 10
460.9168744364948
 20
406.00000009999997
 10
460.9168744364948
 20
406.00000009999997
 10
460.61220557346394
 20
406.00000009999997
 10
460.0046557654366
 20
406.00000009999997
 10
459.097790356268
 20
406.00000009999997
 10
457.89693119277814
 20
406.00000009999997
 10
456.40912539403917
 20
406.00000009999997
 10
454.643103996078
 20
406.00000009999997
 10
452.60923071468545
 20
406.00000009999997
 10
450.31944112701086
 20
406.00000009999997
 10
447.78717262884953
 20
406.00000009999997
 10
445.02728557866095
 20
406.00000009999997
 10
442.05597609107645
 20
406.00000009999997
 10
438.8906809916584
 20
406.00000009999997
 10
435.5499754906746
 20
406.00000009999997
 10
432.05346417637793
 20
406.00000009999997
 10
428.4216659674871
 20
406.00000009999997
 10
424.67589370001326
 20
406.00000009999997
 10
420.8381290550625
 20
406.00000009999997
 10
416.93089356159163
 20
406.00000009999997
 10
412.9771164311202
 20
406.00000009999997
 10
409.0
 20
406.00000009999997
 10
405.0228835688799
 20
406.00000009999997
 10
401.06910643840837
 20
406.00000009999997
 10
397.1618709449375
 20
406.00000009999997
 10
393.3241062999868
 20
406.00000009999997
 10
389.5783340325129
 20
406.00000009999997
 10
385.9465358236222
 20
406.00000009999997
 10
382.45002450932543
 20
406.00000009999997
 10
379.1093190083416
 20
406.00000009999997
 10
375.9440239089236
 20
406.00000009999997
 10
372.9727144213391
 20
406.00000009999997
 10
370.2128273711505
 20
406.00000009999997
 10
367.68055887298914
 20
406.00000009999997
 10
365.39076928531455
 20
406.00000009999997
 10
363.356896003922
 20
406.00000009999997
 10
361.59087460596083
 20
406.00000009999997
 10
360.1030688072219
 20
406.00000009999997
 10
358.9022096437321
 20
406.00000009999997
 10
357.9953442345634
 20
406.00000009999997
 10
357.38779442653606
 20
406.00000009999997
 10
357.0831255635052
 20
406.00000009999997
 10
357.0831255635052
 20
406.00000009999997
 10
357.38779442653606
 20
406.00000009999997
 10
357.9953442345634
 20
406.00000009999997
 10
358.9022096437321
 20
406.00000009999997
 10
360.10306880722186
 20
406.00000009999997
 10
361.59087460596083
 20
406.00000009999997
 10
363.356896003922
 20
406.00000009999997
 10
365.39076928531455
 20
406.00000009999997
 10
367.68055887298914
 20
406.00000009999997
 10
370.2128273711504
 20
406.00000009999997
 10
372.9727144213391
 20
406.00000009999997
 10
375.9440239089236
 20
406.00000009999997
 10
379.1093190083415
 20
406.00000009999997
 10
382.4500245093254
 20
406.00000009999997
 10
385.94653582362207
 20
406.00000009999997
 10
389.5783340325128
 20
406.00000009999997
 10
393.32410629998674
 20
406.00000009999997
 10
397.16187094493745
 20
406.00000009999997
 10
401.0691064384083
 20
406.00000009999997
 10
405.0228835688798
 20
406.00000009999997
 10
409.0
 20
406.00000009999997
  0
LWPOLYLINE
  5
340
330
17
100
AcDbEntity
  8
YZ_SIDE
100
AcDbPolyline
 90
2
 70
0
 10
409.0
 20
386.90000009999994
 10
409.0
 20
413.90000009999994
  0
LWPOLYLINE
  5
341
330
17
100
AcDbEntity
  8
YZ_SIDE
100
AcDbPolyline
 90
71
 70
0
 10
409.0
 20
386.90000009999994
 10
412.9441295917511
 20
386.90000009999994
 10
416.85650337114
 20
386.90000009999994
 10
420.7056212049337
 20
386.90000009999994
 10
424.46049225957904
 20
386.90000009999994
 10
428.09088452117254
 20
386.90000009999994
 10
431.56756820585986
 20
386.90000009999994
 10
434.8625511008688
 20
386.90000009999994
 10
437.94930394134735
 20
386.90000009999994
 10
440.8029740084052
 20
386.90000009999994
 10
443.4005852285933
 20
386.90000009999994
 10
445.7212231637373
 20
386.90000009999994
 10
447.74620340169645
 20
386.90000009999994
 10
449.4592219922638
 20
386.90000009999994
 10
450.84648671698676
 20
386.90000009999994
 10
451.89682813600024
 20
386.90000009999994
 10
452.60178951778914
 20
386.90000009999994
 10
452.95569492781783
 20
386.90000009999994
 10
452.95569492781783
 20
386.90000009999994
 10
452.60178951778914
 20
386.90000009999994
 10
451.89682813600024
 20
386.90000009999994
 10
450.84648671698676
 20
386.90000009999994
 10
449.45922199226385
 20
386.90000009999994
 10
447.74620340169645
 20
386.90000009999994
 10
445.72122316373736
 20
386.90000009999994
 10
443.40058522859334
 20
386.90000009999994
 10
440.8029740084052
 20
386.90000009999994
 10
437.94930394134735
 20
386.90000009999994
 10
434.8625511008688
 20
386.90000009999994
 10
431.56756820585986
 20
386.90000009999994
 10
428.0908845211726
 20
386.90000009999994
 10
424.4604922595791
 20
386.90000009999994
 10
420.7056212049337
 20
386.90000009999994
 10
416.85650337114004
 20
386.90000009999994
 10
412.9441295917511
 20
386.90000009999994
 10
409.0
 20
386.90000009999994
 10
405.05587040824895
 20
386.90000009999994
 10
401.14349662886
 20
386.90000009999994
 10
397.29437879506634
 20
386.90000009999994
 10
393.53950774042096
 20
386.90000009999994
 10
389.90911547882746
 20
386.90000009999994
 10
386.43243179414014
 20
386.90000009999994
 10
383.1374488991312
 20
386.90000009999994
 10
380.05069605865265
 20
386.90000009999994
 10
377.1970259915948
 20
386.90000009999994
 10
374.5994147714067
 20
386.90000009999994
 10
372.2787768362627
 20
386.90000009999994
 10
370.25379659830355
 20
386.90000009999994
 10
368.5407780077362
 20
386.90000009999994
 10
367.15351328301324
 20
386.90000009999994
 10
366.10317186399976
 20
386.90000009999994
 10
365.39821048221086
 20
386.90000009999994
 10
365.04430507218217
 20
386.90000009999994
 10
365.04430507218217
 20
386.90000009999994
 10
365.39821048221086
 20
386.90000009999994
 10
366.10317186399976
 20
386.90000009999994
 10
367.15351328301324
 20
386.90000009999994
 10
368.54077800773615
 20
386.90000009999994
 10
370.25379659830355
 20
386.90000009999994
 10
372.2787768362627
 20
386.90000009999994
 10
374.59941477140666
 20
386.90000009999994
 10
377.1970259915948
 20
386.90000009999994
 10
380.0506960586526
 20
386.90000009999994
 10
383.1374488991312
 20
386.90000009999994
 10
386.4324317941401
 20
386.90000009999994
 10
389.9091154788274
 20
386.90000009999994
 10
393.53950774042085
 20
386.90000009999994
 10
397.2943787950663
 20
386.90000009999994
 10
401.1434966288599
 20
386.90000009999994
 10
405.0558704082489
 20
386.90000009999994
 10
408.99999999999994
 20
386.90000009999994
  0
LWPOLYLINE
  5
342
330
17
100
AcDbEntity
  8
YZ_SIDE
100
AcDbPolyline
 90
2
 70
0
 10
409.0
 20
386.90000009999994
 10
409.0
 20
406.00000009999997
  0
LWPOLYLINE
  5
343
330
17
100
AcDbEntity
  8
YZ_SIDE
100
AcDbPolyline
 90
83
 70
0
 10
409.0
 20
386.90000009999994
 10
412.9771164311201
 20
386.90000009999994
 10
416.93089356159163
 20
386.90000009999994
 10
420.8381290550625
 20
386.90000009999994
 10
424.6758937000132
 20
386.90000009999994
 10
428.4216659674871
 20
386.90000009999994
 10
432.0534641763779
 20
386.90000009999994
 10
435.5499754906746
 20
386.90000009999994
 10
438.8906809916584
 20
386.90000009999994
 10
442.05597609107645
 20
386.90000009999994
 10
445.0272855786609
 20
386.90000009999994
 10
447.78717262884953
 20
386.90000009999994
 10
450.31944112701086
 20
386.90000009999994
 10
452.60923071468545
 20
386.90000009999994
 10
454.643103996078
 20
386.90000009999994
 10
456.40912539403917
 20
386.90000009999994
 10
457.89693119277814
 20
386.90000009999994
 10
459.0977903562679
 20
386.90000009999994
 10
460.0046557654366
 20
386.90000009999994
 10
460.61220557346394
 20
386.90000009999994
 10
460.9168744364948
 20
386.90000009999994
 10
460.9168744364948
 20
386.90000009999994
 10
460.61220557346394
 20
386.90000009999994
 10
460.0046557654366
 20
386.90000009999994
 10
459.097790356268
 20
386.90000009999994
 10
457.89693119277814
 20
386.90000009999994
 10
456.40912539403917
 20
386.90000009999994
 10
454.643103996078
 20
386.90000009999994
 10
452.60923071468545
 20
386.90000009999994
 10
450.31944112701086
 20
386.90000009999994
 10
447.78717262884953
 20
386.90000009999994
 10
445.02728557866095
 20
386.90000009999994
 10
442.05597609107645
 20
386.90000009999994
 10
438.8906809916584
 20
386.90000009999994
 10
435.5499754906746
 20
386.90000009999994
 10
432.05346417637793
 20
386.90000009999994
 10
428.4216659674871
 20
386.90000009999994
 10
424.67589370001326
 20
386.90000009999994
 10
420.8381290550625
 20
386.90000009999994
 10
416.93089356159163
 20
386.90000009999994
 10
412.9771164311202
 20
386.90000009999994
 10
409.0
 20
386.90000009999994
 10
405.0228835688799
 20
386.90000009999994
 10
401.06910643840837
 20
386.90000009999994
 10
397.1618709449375
 20
386.90000009999994
 10
393.3241062999868
 20
386.90000009999994
 10
389.5783340325129
 20
386.90000009999994
 10
385.9465358236222
 20
386.90000009999994
 10
382.45002450932543
 20
386.90000009999994
 10
379.1093190083416
 20
386.90000009999994
 10
375.9440239089236
 20
386.90000009999994
 10
372.9727144213391
 20
386.90000009999994
 10
370.2128273711505
 20
386.90000009999994
 10
367.68055887298914
 20
386.90000009999994
 10
365.39076928531455
 20
386.90000009999994
 10
363.356896003922
 20
386.90000009999994
 10
361.59087460596083
 20
386.90000009999994
 10
360.1030688072219
 20
386.90000009999994
 10
358.9022096437321
 20
386.90000009999994
 10
357.9953442345634
 20
386.90000009999994
 10
357.38779442653606
 20
386.90000009999994
 10
357.0831255635052
 20
386.90000009999994
 10
357.0831255635052
 20
386.90000009999994
 10
357.38779442653606
 20
386.90000009999994
 10
357.9953442345634
 20
386.90000009999994
 10
358.9022096437321
 20
386.90000009999994
 10
360.10306880722186
 20
386.90000009999994
 10
361.59087460596083
 20
386.90000009999994
 10
363.356896003922
 20
386.90000009999994
 10
365.39076928531455
 20
386.90000009999994
 10
367.68055887298914
 20
386.90000009999994
 10
370.2128273711504
 20
386.90000009999994
 10
372.9727144213391
 20
386.90000009999994
 10
375.9440239089236
 20
386.90000009999994
 10
379.1093190083415
 20
386.90000009999994
 10
382.4500245093254
 20
386.90000009999994
 10
385.94653582362207
 20
386.90000009999994
 10
389.5783340325128
 20
386.90000009999994
 10
393.32410629998674
 20
386.90000009999994
 10
397.16187094493745
 20
386.90000009999994
 10
401.0691064384083
 20
386.90000009999994
 10
405.0228835688798
 20
386.90000009999994
 10
409.0
 20
386.90000009999994
  0
LWPOLYLINE
  5
344
330
17
100
AcDbEntity
  8
YZ_SIDE
100
AcDbPolyline
 90
91
 70
0
 10
409.0
 20
92.10000009999999
 10
405.0134175255232
 20
92.10000009999999
 10
401.04625728013224
 20
92.1000001
 10
397.11784686976506
 20
92.1000001
 10
393.2473251150585
 20
92.1000001
 10
389.453548808938
 20
92.1000001
 10
385.755000848218
 20
92.1000001
 10
382.1697001867864
 20
92.1000001
 10
378.7151140490723
 20
92.1000001
 10
375.4080728314852
 20
92.1000001
 10
372.26468810641427
 20
92.1000001
 10
369.3002741282683
 20
92.1000001
 10
366.5292732239669
 20
92.1000001
 10
363.96518543137586
 20
92.1000001
 10
361.6205027284794
 20
92.1000001
 10
359.5066481737193
 20
92.1000001
 10
357.6339202540026
 20
92.1000001
 10
356.0114427115081
 20
92.1000001
 10
354.647120093732
 20
92.1000001
 10
353.5475992433268
 20
92.1000001
 10
352.7182369153523
 20
92.1000001
 10
352.1630736797032
 20
92.1000001
 10
351.8848142358587
 20
92.1000001
 10
351.8848142358587
 20
92.1000001
 10
352.1630736797032
 20
92.1000001
 10
352.7182369153523
 20
92.1000001
 10
353.5475992433268
 20
92.1000001
 10
354.647120093732
 20
92.1000001
 10
356.0114427115081
 20
92.1000001
 10
357.6339202540026
 20
92.1000001
 10
359.5066481737193
 20
92.1000001
 10
361.6205027284794
 20
92.1000001
 10
363.96518543137586
 20
92.1000001
 10
366.5292732239669
 20
92.1000001
 10
369.3002741282683
 20
92.1000001
 10
372.26468810641427
 20
92.1000001
 10
375.40807283148513
 20
92.1000001
 10
378.7151140490723
 20
92.1000001
 10
382.1697001867863
 20
92.1000001
 10
385.75500084821806
 20
92.1000001
 10
389.453548808938
 20
92.1000001
 10
393.24732511505846
 20
92.1000001
 10
397.11784686976506
 20
92.1000001
 10
401.0462572801323
 20
92.1000001
 10
405.0134175255232
 20
92.10000009999999
 10
409.0
 20
92.10000009999999
 10
412.9865824744768
 20
92.10000009999999
 10
416.95374271986776
 20
92.10000009999999
 10
420.88215313023494
 20
92.10000009999999
 10
424.7526748849415
 20
92.10000009999999
 10
428.546451191062
 20
92.10000009999999
 10
432.244999151782
 20
92.10000009999999
 10
435.8302998132136
 20
92.10000009999999
 10
439.2848859509277
 20
92.10000009999999
 10
442.59192716851487
 20
92.10000009999999
 10
445.73531189358573
 20
92.10000009999999
 10
448.6997258717317
 20
92.10000009999999
 10
451.4707267760331
 20
92.10000009999999
 10
454.03481456862414
 20
92.10000009999999
 10
456.3794972715207
 20
92.10000009999999
 10
458.4933518262807
 20
92.10000009999999
 10
460.36607974599735
 20
92.10000009999999
 10
461.9885572884919
 20
92.10000009999999
 10
463.352879906268
 20
92.10000009999999
 10
464.4524007566732
 20
92.10000009999999
 10
465.28176308464765
 20
92.10000009999999
 10
465.8369263202968
 20
92.10000009999999
 10
466.1151857641413
 20
92.10000009999999
 10
466.1151857641413
 20
92.10000009999999
 10
465.8369263202968
 20
92.10000009999999
 10
465.28176308464765
 20
92.10000009999999
 10
464.4524007566732
 20
92.10000009999999
 10
463.352879906268
 20
92.10000009999999
 10
461.9885572884919
 20
92.10000009999999
 10
460.3660797459974
 20
92.10000009999999
 10
458.4933518262807
 20
92.10000009999999
 10
456.3794972715207
 20
92.10000009999999
 10
454.03481456862414
 20
92.10000009999999
 10
451.4707267760331
 20
92.10000009999999
 10
448.69972587173174
 20
92.10000009999999
 10
445.73531189358573
 20
92.10000009999999
 10
442.5919271685148
 20
92.10000009999999
 10
439.2848859509277
 20
92.10000009999999
 10
435.8302998132136
 20
92.10000009999999
 10
432.244999151782
 20
92.10000009999999
 10
428.546451191062
 20
92.10000009999999
 10
424.7526748849415
 20
92.10000009999999
 10
420.88215313023494
 20
92.10000009999999
 10
416.95374271986776
 20
92.10000009999999
 10
412.9865824744768
 20
92.10000009999999
 10
409.0
 20
92.10000009999999
  0
LWPOLYLINE
  5
345
330
17
100
AcDbEntity
  8
YZ_SIDE
100
AcDbPolyline
 90
2
 70
0
 10
409.0
 20
98.10000009999999
 10
409.0
 20
92.10000009999999
  0
LWPOLYLINE
  5
346
330
17
100
AcDbEntity
  8
YZ_SIDE
100
AcDbPolyline
 90
91
 70
0
 10
409.0
 20
98.10000009999999
 10
405.0134175255232
 20
98.1000001
 10
401.04625728013224
 20
98.1000001
 10
397.11784686976506
 20
98.1000001
 10
393.2473251150585
 20
98.1000001
 10
389.453548808938
 20
98.1000001
 10
385.755000848218
 20
98.1000001
 10
382.1697001867864
 20
98.1000001
 10
378.7151140490723
 20
98.1000001
 10
375.4080728314852
 20
98.1000001
 10
372.26468810641427
 20
98.1000001
 10
369.3002741282683
 20
98.1000001
 10
366.5292732239669
 20
98.1000001
 10
363.96518543137586
 20
98.1000001
 10
361.6205027284794
 20
98.1000001
 10
359.5066481737193
 20
98.1000001
 10
357.6339202540026
 20
98.1000001
 10
356.0114427115081
 20
98.1000001
 10
354.647120093732
 20
98.1000001
 10
353.5475992433268
 20
98.1000001
 10
352.7182369153523
 20
98.1000001
 10
352.1630736797032
 20
98.1000001
 10
351.8848142358587
 20
98.1000001
 10
351.8848142358587
 20
98.1000001
 10
352.1630736797032
 20
98.1000001
 10
352.7182369153523
 20
98.1000001
 10
353.5475992433268
 20
98.1000001
 10
354.647120093732
 20
98.1000001
 10
356.0114427115081
 20
98.1000001
 10
357.6339202540026
 20
98.1000001
 10
359.5066481737193
 20
98.1000001
 10
361.6205027284794
 20
98.1000001
 10
363.96518543137586
 20
98.1000001
 10
366.5292732239669
 20
98.1000001
 10
369.3002741282683
 20
98.1000001
 10
372.26468810641427
 20
98.1000001
 10
375.40807283148513
 20
98.1000001
 10
378.7151140490723
 20
98.1000001
 10
382.1697001867863
 20
98.1000001
 10
385.75500084821806
 20
98.1000001
 10
389.453548808938
 20
98.1000001
 10
393.24732511505846
 20
98.1000001
 10
397.11784686976506
 20
98.1000001
 10
401.0462572801323
 20
98.1000001
 10
405.0134175255232
 20
98.1000001
 10
409.0
 20
98.10000009999999
 10
412.9865824744768
 20
98.10000009999999
 10
416.95374271986776
 20
98.10000009999999
 10
420.88215313023494
 20
98.10000009999999
 10
424.7526748849415
 20
98.10000009999999
 10
428.546451191062
 20
98.10000009999999
 10
432.244999151782
 20
98.10000009999999
 10
435.8302998132136
 20
98.10000009999999
 10
439.2848859509277
 20
98.10000009999999
 10
442.59192716851487
 20
98.10000009999999
 10
445.73531189358573
 20
98.10000009999999
 10
448.6997258717317
 20
98.10000009999999
 10
451.4707267760331
 20
98.10000009999999
 10
454.03481456862414
 20
98.10000009999999
 10
456.3794972715207
 20
98.10000009999999
 10
458.4933518262807
 20
98.10000009999999
 10
460.36607974599735
 20
98.10000009999999
 10
461.9885572884919
 20
98.10000009999999
 10
463.352879906268
 20
98.10000009999999
 10
464.4524007566732
 20
98.10000009999999
 10
465.28176308464765
 20
98.10000009999999
 10
465.8369263202968
 20
98.10000009999999
 10
466.1151857641413
 20
98.10000009999999
 10
466.1151857641413
 20
98.10000009999999
 10
465.8369263202968
 20
98.10000009999999
 10
465.28176308464765
 20
98.10000009999999
 10
464.4524007566732
 20
98.10000009999999
 10
463.352879906268
 20
98.10000009999999
 10
461.9885572884919
 20
98.10000009999999
 10
460.3660797459974
 20
98.10000009999999
 10
458.4933518262807
 20
98.10000009999999
 10
456.3794972715207
 20
98.10000009999999
 10
454.03481456862414
 20
98.10000009999999
 10
451.4707267760331
 20
98.10000009999999
 10
448.69972587173174
 20
98.10000009999999
 10
445.73531189358573
 20
98.10000009999999
 10
442.5919271685148
 20
98.10000009999999
 10
439.2848859509277
 20
98.10000009999999
 10
435.8302998132136
 20
98.10000009999999
 10
432.244999151782
 20
98.10000009999999
 10
428.546451191062
 20
98.10000009999999
 10
424.7526748849415
 20
98.10000009999999
 10
420.88215313023494
 20
98.10000009999999
 10
416.95374271986776
 20
98.10000009999999
 10
412.9865824744768
 20
98.10000009999999
 10
409.0
 20
98.10000009999999
  0
LWPOLYLINE
  5
347
330
17
100
AcDbEntity
  8
YZ_SIDE
100
AcDbPolyline
 90
12
 70
0
 10
417.652476
 20
92.10000009999999
 10
414.89520783097646
 20
92.10000009999999
 10
413.01335282369195
 20
92.10000009999999
 10
412.60438664640725
 20
92.10000009999999
 10
413.7981531707933
 20
92.10000009999999
 10
416.2156399601087
 20
92.10000009999999
 10
419.0893120398913
 20
92.10000009999999
 10
421.50679882920673
 20
92.10000009999999
 10
422.70056535359276
 20
92.10000009999999
 10
422.29159917630807
 20
92.10000009999999
 10
420.40974416902355
 20
92.10000009999999
 10
417.652476
 20
92.10000009999999
  0
LWPOLYLINE
  5
348
330
17
100
AcDbEntity
  8
YZ_SIDE
100
AcDbPolyline
 90
12
 70
0
 10
437.0
 20
92.10000009999999
 10
434.2427318309765
 20
92.10000009999999
 10
432.36087682369197
 20
92.10000009999999
 10
431.9519106464072
 20
92.10000009999999
 10
433.1456771707933
 20
92.10000009999999
 10
435.5631639601087
 20
92.10000009999999
 10
438.4368360398913
 20
92.10000009999999
 10
440.8543228292067
 20
92.10000009999999
 10
442.0480893535928
 20
92.10000009999999
 10
441.63912317630803
 20
92.10000009999999
 10
439.7572681690235
 20
92.10000009999999
 10
437.0
 20
92.10000009999999
  0
LWPOLYLINE
  5
349
330
17
100
AcDbEntity
  8
YZ_SIDE
100
AcDbPolyline
 90
12
 70
0
 10
417.652476
 20
92.10000009999999
 10
414.89520783097646
 20
92.10000009999999
 10
413.01335282369195
 20
92.10000009999999
 10
412.60438664640725
 20
92.10000009999999
 10
413.7981531707933
 20
92.10000009999999
 10
416.2156399601087
 20
92.10000009999999
 10
419.0893120398913
 20
92.10000009999999
 10
421.50679882920673
 20
92.10000009999999
 10
422.70056535359276
 20
92.10000009999999
 10
422.29159917630807
 20
92.10000009999999
 10
420.40974416902355
 20
92.10000009999999
 10
417.652476
 20
92.10000009999999
  0
LWPOLYLINE
  5
34A
330
17
100
AcDbEntity
  8
YZ_SIDE
100
AcDbPolyline
 90
12
 70
0
 10
386.347524
 20
92.1000001
 10
383.59025583097645
 20
92.1000001
 10
381.70840082369193
 20
92.1000001
 10
381.29943464640724
 20
92.1000001
 10
382.49320117079327
 20
92.1000001
 10
384.9106879601087
 20
92.1000001
 10
387.7843600398913
 20
92.1000001
 10
390.2018468292067
 20
92.1000001
 10
391.39561335359275
 20
92.1000001
 10
390.98664717630805
 20
92.1000001
 10
389.10479216902354
 20
92.1000001
 10
386.347524
 20
92.1000001
  0
LWPOLYLINE
  5
34B
330
17
100
AcDbEntity
  8
YZ_SIDE
100
AcDbPolyline
 90
12
 70
0
 10
386.347524
 20
92.1000001
 10
383.59025583097645
 20
92.1000001
 10
381.70840082369193
 20
92.1000001
 10
381.29943464640724
 20
92.1000001
 10
382.49320117079327
 20
92.1000001
 10
384.9106879601087
 20
92.1000001
 10
387.7843600398913
 20
92.1000001
 10
390.2018468292067
 20
92.1000001
 10
391.39561335359275
 20
92.1000001
 10
390.98664717630805
 20
92.1000001
 10
389.10479216902354
 20
92.1000001
 10
386.347524
 20
92.1000001
  0
LWPOLYLINE
  5
34C
330
17
100
AcDbEntity
  8
YZ_SIDE
100
AcDbPolyline
 90
71
 70
0
 10
409.0
 20
98.10000009999999
 10
405.05587040824895
 20
98.1000001
 10
401.14349662886
 20
98.1000001
 10
397.2943787950663
 20
98.1000001
 10
393.5395077404209
 20
98.1000001
 10
389.90911547882746
 20
98.1000001
 10
386.43243179414014
 20
98.1000001
 10
383.1374488991312
 20
98.1000001
 10
380.05069605865265
 20
98.1000001
 10
377.1970259915948
 20
98.1000001
 10
374.5994147714067
 20
98.1000001
 10
372.2787768362627
 20
98.1000001
 10
370.25379659830355
 20
98.1000001
 10
368.54077800773615
 20
98.1000001
 10
367.15351328301324
 20
98.1000001
 10
366.10317186399976
 20
98.1000001
 10
365.39821048221086
 20
98.1000001
 10
365.04430507218217
 20
98.1000001
 10
365.04430507218217
 20
98.1000001
 10
365.39821048221086
 20
98.1000001
 10
366.10317186399976
 20
98.1000001
 10
367.15351328301324
 20
98.1000001
 10
368.54077800773615
 20
98.1000001
 10
370.2537965983035
 20
98.1000001
 10
372.2787768362627
 20
98.1000001
 10
374.59941477140666
 20
98.1000001
 10
377.1970259915948
 20
98.1000001
 10
380.05069605865265
 20
98.1000001
 10
383.1374488991312
 20
98.1000001
 10
386.43243179414014
 20
98.1000001
 10
389.9091154788274
 20
98.1000001
 10
393.5395077404209
 20
98.1000001
 10
397.2943787950663
 20
98.1000001
 10
401.14349662885996
 20
98.1000001
 10
405.0558704082489
 20
98.1000001
 10
409.0
 20
98.10000009999999
 10
412.94412959175105
 20
98.10000009999999
 10
416.85650337114
 20
98.10000009999999
 10
420.70562120493366
 20
98.10000009999999
 10
424.46049225957904
 20
98.10000009999999
 10
428.09088452117254
 20
98.10000009999999
 10
431.56756820585986
 20
98.10000009999999
 10
434.8625511008688
 20
98.10000009999999
 10
437.94930394134735
 20
98.10000009999999
 10
440.8029740084052
 20
98.10000009999999
 10
443.4005852285933
 20
98.10000009999999
 10
445.7212231637373
 20
98.10000009999999
 10
447.74620340169645
 20
98.10000009999999
 10
449.4592219922638
 20
98.10000009999999
 10
450.84648671698676
 20
98.10000009999999
 10
451.89682813600024
 20
98.10000009999999
 10
452.60178951778914
 20
98.10000009999999
 10
452.95569492781783
 20
98.10000009999999
 10
452.95569492781783
 20
98.10000009999999
 10
452.60178951778914
 20
98.10000009999999
 10
451.89682813600024
 20
98.10000009999999
 10
450.84648671698676
 20
98.10000009999999
 10
449.4592219922638
 20
98.10000009999999
 10
447.74620340169645
 20
98.10000009999999
 10
445.7212231637373
 20
98.10000009999999
 10
443.40058522859334
 20
98.10000009999999
 10
440.8029740084052
 20
98.10000009999999
 10
437.9493039413474
 20
98.10000009999999
 10
434.8625511008688
 20
98.10000009999999
 10
431.5675682058599
 20
98.10000009999999
 10
428.0908845211726
 20
98.10000009999999
 10
424.46049225957915
 20
98.10000009999999
 10
420.7056212049337
 20
98.10000009999999
 10
416.8565033711401
 20
98.10000009999999
 10
412.9441295917511
 20
98.10000009999999
 10
409.00000000000006
 20
98.10000009999999
  0
LWPOLYLINE
  5
34D
330
17
100
AcDbEntity
  8
YZ_SIDE
100
AcDbPolyline
 90
2
 70
0
 10
417.652476
 20
102.10000009999999
 10
417.652476
 20
92.10000009999999
  0
LWPOLYLINE
  5
34E
330
17
100
AcDbEntity
  8
YZ_SIDE
100
AcDbPolyline
 90
12
 70
0
 10
417.652476
 20
102.10000009999999
 10
414.89520783097646
 20
102.10000009999999
 10
413.01335282369195
 20
102.10000009999999
 10
412.60438664640725
 20
102.10000009999999
 10
413.7981531707933
 20
102.10000009999999
 10
416.2156399601087
 20
102.10000009999999
 10
419.0893120398913
 20
102.10000009999999
 10
421.50679882920673
 20
102.10000009999999
 10
422.70056535359276
 20
102.10000009999999
 10
422.29159917630807
 20
102.10000009999999
 10
420.40974416902355
 20
102.10000009999999
 10
417.652476
 20
102.10000009999999
  0
LWPOLYLINE
  5
34F
330
17
100
AcDbEntity
  8
YZ_SIDE
100
AcDbPolyline
 90
2
 70
0
 10
437.0
 20
102.10000009999999
 10
437.0
 20
92.10000009999999
  0
LWPOLYLINE
  5
350
330
17
100
AcDbEntity
  8
YZ_SIDE
100
AcDbPolyline
 90
12
 70
0
 10
437.0
 20
102.10000009999999
 10
434.2427318309765
 20
102.10000009999999
 10
432.36087682369197
 20
102.10000009999999
 10
431.9519106464072
 20
102.10000009999999
 10
433.1456771707933
 20
102.10000009999999
 10
435.5631639601087
 20
102.10000009999999
 10
438.4368360398913
 20
102.10000009999999
 10
440.8543228292067
 20
102.10000009999999
 10
442.0480893535928
 20
102.10000009999999
 10
441.63912317630803
 20
102.10000009999999
 10
439.7572681690235
 20
102.10000009999999
 10
437.0
 20
102.10000009999999
  0
LWPOLYLINE
  5
351
330
17
100
AcDbEntity
  8
YZ_SIDE
100
AcDbPolyline
 90
2
 70
0
 10
417.652476
 20
102.10000009999999
 10
417.652476
 20
92.10000009999999
  0
LWPOLYLINE
  5
352
330
17
100
AcDbEntity
  8
YZ_SIDE
100
AcDbPolyline
 90
12
 70
0
 10
417.652476
 20
102.10000009999999
 10
414.89520783097646
 20
102.10000009999999
 10
413.01335282369195
 20
102.10000009999999
 10
412.60438664640725
 20
102.10000009999999
 10
413.7981531707933
 20
102.10000009999999
 10
416.2156399601087
 20
102.10000009999999
 10
419.0893120398913
 20
102.10000009999999
 10
421.50679882920673
 20
102.10000009999999
 10
422.70056535359276
 20
102.10000009999999
 10
422.29159917630807
 20
102.10000009999999
 10
420.40974416902355
 20
102.10000009999999
 10
417.652476
 20
102.10000009999999
  0
LWPOLYLINE
  5
353
330
17
100
AcDbEntity
  8
YZ_SIDE
100
AcDbPolyline
 90
2
 70
0
 10
386.347524
 20
102.1000001
 10
386.347524
 20
92.1000001
  0
LWPOLYLINE
  5
354
330
17
100
AcDbEntity
  8
YZ_SIDE
100
AcDbPolyline
 90
12
 70
0
 10
386.347524
 20
102.1000001
 10
383.59025583097645
 20
102.1000001
 10
381.70840082369193
 20
102.1000001
 10
381.29943464640724
 20
102.1000001
 10
382.49320117079327
 20
102.1000001
 10
384.9106879601087
 20
102.1000001
 10
387.7843600398913
 20
102.1000001
 10
390.2018468292067
 20
102.1000001
 10
391.39561335359275
 20
102.1000001
 10
390.98664717630805
 20
102.1000001
 10
389.10479216902354
 20
102.1000001
 10
386.347524
 20
102.1000001
  0
LWPOLYLINE
  5
355
330
17
100
AcDbEntity
  8
YZ_SIDE
100
AcDbPolyline
 90
2
 70
0
 10
386.347524
 20
102.1000001
 10
386.347524
 20
92.1000001
  0
LWPOLYLINE
  5
356
330
17
100
AcDbEntity
  8
YZ_SIDE
100
AcDbPolyline
 90
12
 70
0
 10
386.347524
 20
102.1000001
 10
383.59025583097645
 20
102.1000001
 10
381.70840082369193
 20
102.1000001
 10
381.29943464640724
 20
102.1000001
 10
382.49320117079327
 20
102.1000001
 10
384.9106879601087
 20
102.1000001
 10
387.7843600398913
 20
102.1000001
 10
390.2018468292067
 20
102.1000001
 10
391.39561335359275
 20
102.1000001
 10
390.98664717630805
 20
102.1000001
 10
389.10479216902354
 20
102.1000001
 10
386.347524
 20
102.1000001
  0
LWPOLYLINE
  5
357
330
17
100
AcDbEntity
  8
YZ_SIDE
100
AcDbPolyline
 90
2
 70
0
 10
409.0
 20
102.10000009999999
 10
409.0
 20
98.10000009999999
  0
LWPOLYLINE
  5
358
330
17
100
AcDbEntity
  8
YZ_SIDE
100
AcDbPolyline
 90
71
 70
0
 10
409.0
 20
102.10000009999999
 10
405.05587040824895
 20
102.1000001
 10
401.14349662886
 20
102.1000001
 10
397.2943787950663
 20
102.1000001
 10
393.5395077404209
 20
102.1000001
 10
389.90911547882746
 20
102.1000001
 10
386.43243179414014
 20
102.1000001
 10
383.1374488991312
 20
102.1000001
 10
380.05069605865265
 20
102.1000001
 10
377.1970259915948
 20
102.1000001
 10
374.5994147714067
 20
102.1000001
 10
372.2787768362627
 20
102.1000001
 10
370.25379659830355
 20
102.1000001
 10
368.54077800773615
 20
102.1000001
 10
367.15351328301324
 20
102.1000001
 10
366.10317186399976
 20
102.1000001
 10
365.39821048221086
 20
102.1000001
 10
365.04430507218217
 20
102.1000001
 10
365.04430507218217
 20
102.1000001
 10
365.39821048221086
 20
102.1000001
 10
366.10317186399976
 20
102.1000001
 10
367.15351328301324
 20
102.1000001
 10
368.54077800773615
 20
102.1000001
 10
370.2537965983035
 20
102.1000001
 10
372.2787768362627
 20
102.1000001
 10
374.59941477140666
 20
102.1000001
 10
377.1970259915948
 20
102.1000001
 10
380.05069605865265
 20
102.1000001
 10
383.1374488991312
 20
102.1000001
 10
386.43243179414014
 20
102.1000001
 10
389.9091154788274
 20
102.1000001
 10
393.5395077404209
 20
102.1000001
 10
397.2943787950663
 20
102.1000001
 10
401.14349662885996
 20
102.1000001
 10
405.0558704082489
 20
102.1000001
 10
409.0
 20
102.10000009999999
 10
412.94412959175105
 20
102.10000009999999
 10
416.85650337114
 20
102.10000009999999
 10
420.70562120493366
 20
102.10000009999999
 10
424.46049225957904
 20
102.10000009999999
 10
428.09088452117254
 20
102.10000009999999
 10
431.56756820585986
 20
102.10000009999999
 10
434.8625511008688
 20
102.10000009999999
 10
437.94930394134735
 20
102.10000009999999
 10
440.8029740084052
 20
102.10000009999999
 10
443.4005852285933
 20
102.10000009999999
 10
445.7212231637373
 20
102.10000009999999
 10
447.74620340169645
 20
102.10000009999999
 10
449.4592219922638
 20
102.10000009999999
 10
450.84648671698676
 20
102.10000009999999
 10
451.89682813600024
 20
102.10000009999999
 10
452.60178951778914
 20
102.10000009999999
 10
452.95569492781783
 20
102.10000009999999
 10
452.95569492781783
 20
102.10000009999999
 10
452.60178951778914
 20
102.10000009999999
 10
451.89682813600024
 20
102.10000009999999
 10
450.84648671698676
 20
102.10000009999999
 10
449.4592219922638
 20
102.10000009999999
 10
447.74620340169645
 20
102.10000009999999
 10
445.7212231637373
 20
102.10000009999999
 10
443.40058522859334
 20
102.10000009999999
 10
440.8029740084052
 20
102.10000009999999
 10
437.9493039413474
 20
102.10000009999999
 10
434.8625511008688
 20
102.10000009999999
 10
431.5675682058599
 20
102.10000009999999
 10
428.0908845211726
 20
102.10000009999999
 10
424.46049225957915
 20
102.10000009999999
 10
420.7056212049337
 20
102.10000009999999
 10
416.8565033711401
 20
102.10000009999999
 10
412.9441295917511
 20
102.10000009999999
 10
409.00000000000006
 20
102.10000009999999
  0
LWPOLYLINE
  5
359
330
17
100
AcDbEntity
  8
YZ_SIDE
100
AcDbPolyline
 90
21
 70
0
 10
359.2
 20
415.9020001
 10
359.3535167800902
 20
419.80926306724666
 10
359.81312063836214
 20
423.6924364590035
 10
360.5759779641957
 20
427.5275792200241
 10
361.63738548850137
 20
431.2910464198724
 10
362.99079928093795
 20
434.95963503178143
 10
364.6278750954193
 20
438.51072698702944
 10
366.5385198151662
 20
441.9224286228542
 10
368.71095368012766
 20
445.17370566416514
 10
371.13178291311846
 20
448.24451290684317
 10
373.7860822969099
 20
451.11591780309004
 10
376.65748719315684
 20
453.7702171868815
 10
379.7282944358348
 20
456.19104641987235
 10
382.9795714771458
 20
458.3634802848338
 10
386.39127311297057
 20
460.2741250045807
 10
389.9423650682185
 20
461.91120081906206
 10
393.61095368012764
 20
463.2646146114986
 10
397.3744208799759
 20
464.32602213580424
 10
401.2095636409965
 20
465.0888794616378
 10
405.0927370327533
 20
465.5484833199098
 10
409.0
 20
465.70200009999996
  0
LWPOLYLINE
  5
35A
330
17
100
AcDbEntity
  8
YZ_SIDE
100
AcDbPolyline
 90
80
 70
0
 10
359.2
 20
415.9020001
 10
359.35742581706813
 20
415.9020001
 10
359.8287079715706
 20
415.9020001
 10
360.6108668659876
 20
415.9020001
 10
361.6989574399564
 20
415.9020001
 10
363.0861004345353
 20
415.9020001
 10
364.76352588509326
 20
415.9020001
 10
366.7206285678501
 20
415.9020001
 10
368.9450350495159
 20
415.9020001
 10
371.42268191612015
 20
415.9020001
 10
374.13790468644265
 20
415.9020001
 10
377.07353684790746
 20
415.9020001
 10
380.2110183888026
 20
415.9020001
 10
383.5305131406496
 20
415.9020001
 10
387.0110341888476
 20
415.9020001
 10
390.63057655870443
 20
415.9020001
 10
394.36625633797155
 20
415.9020001
 10
398.19445535630535
 20
415.9020001
 10
402.0909705069444
 20
415.9020001
 10
406.031166766543
 20
415.9020001
 10
409.9901329457205
 20
415.9020001
 10
413.94283918562144
 20
415.9020001
 10
417.864295204742
 20
415.9020001
 10
421.72970829553566
 20
415.9020001
 10
425.514640071893
 20
415.9020001
 10
429.1951609764871
 20
415.9020001
 10
432.7480015711396
 20
415.9020001
 10
436.1506996537008
 20
415.9020001
 10
439.38174227132413
 20
415.9020001
 10
442.42070173228
 20
415.9020001
 10
445.2483647564008
 20
415.9020001
 10
447.8468539476236
 20
415.9020001
 10
450.19974082064425
 20
415.9020001
 10
452.29214966709117
 20
415.9020001
 10
454.1108516045431
 20
415.9020001
 10
455.6443482137827
 20
415.9020001
 10
456.88294423550553
 20
415.9020001
 10
457.8188088668709
 20
415.9020001
 10
458.4460252703583
 20
415.9020001
 10
458.76062798191964
 20
415.9020001
 10
458.76062798191964
 20
415.9020001
 10
458.4460252703583
 20
415.9020001
 10
457.8188088668709
 20
415.9020001
 10
456.88294423550553
 20
415.9020001
 10
455.6443482137827
 20
415.9020001
 10
454.11085160454303
 20
415.9020001
 10
452.29214966709117
 20
415.9020001
 10
450.19974082064425
 20
415.9020001
 10
447.8468539476236
 20
415.9020001
 10
445.2483647564008
 20
415.9020001
 10
442.42070173228
 20
415.9020001
 10
439.38174227132413
 20
415.9020001
 10
436.1506996537008
 20
415.9020001
 10
432.74800157113964
 20
415.9020001
 10
429.1951609764871
 20
415.9020001
 10
425.5146400718929
 20
415.9020001
 10
421.72970829553566
 20
415.9020001
 10
417.864295204742
 20
415.9020001
 10
413.94283918562144
 20
415.9020001
 10
409.9901329457205
 20
415.9020001
 10
406.031166766543
 20
415.9020001
 10
402.09097050694436
 20
415.9020001
 10
398.19445535630535
 20
415.9020001
 10
394.36625633797155
 20
415.9020001
 10
390.63057655870443
 20
415.9020001
 10
387.0110341888476
 20
415.9020001
 10
383.5305131406496
 20
415.9020001
 10
380.21101838880253
 20
415.9020001
 10
377.0735368479074
 20
415.9020001
 10
374.1379046864426
 20
415.9020001
 10
371.42268191612015
 20
415.9020001
 10
368.9450350495159
 20
415.9020001
 10
366.7206285678501
 20
415.9020001
 10
364.7635258850932
 20
415.9020001
 10
363.0861004345353
 20
415.9020001
 10
361.6989574399564
 20
415.9020001
 10
360.6108668659876
 20
415.9020001
 10
359.8287079715706
 20
415.9020001
 10
359.35742581706813
 20
415.9020001
 10
359.2
 20
415.9020001
  0
LWPOLYLINE
  5
35B
330
17
100
AcDbEntity
  8
YZ_SIDE
100
AcDbPolyline
 90
84
 70
0
 10
356.6719175117778
 20
415.9020001
 10
356.82178277062667
 20
415.9020001
 10
357.2705201325424
 20
415.9020001
 10
358.01555927055324
 20
415.9020001
 10
359.0526326679468
 20
415.9020001
 10
360.3758000622196
 20
415.9020001
 10
361.9774824703623
 20
415.9020001
 10
363.8485056005883
 20
415.9020001
 10
365.9781524018462
 20
415.9020001
 10
368.3542244501177
 20
415.9020001
 10
370.96311181988585
 20
415.9020001
 10
373.78987104055557
 20
415.9020001
 10
376.8183106913002
 20
415.9020001
 10
380.0310841440537
 20
415.9020001
 10
383.40978892342514
 20
415.9020001
 10
386.9350721144115
 20
415.9020001
 10
390.5867412141421
 20
415.9020001
 10
394.34387979270605
 20
415.9020001
 10
398.18496730056944
 20
415.9020001
 10
402.08800233633326
 20
415.9020001
 10
406.03062866876894
 20
415.9020001
 10
409.99026329128566
 20
415.9020001
 10
413.94422577534743
 20
415.9020001
 10
417.8698681819137
 20
415.9020001
 10
421.744704786783
 20
415.9020001
 10
425.5465408767853
 20
415.9020001
 10
429.25359987908854
 20
415.9020001
 10
432.84464809543624
 20
415.9020001
 10
436.2991163268481
 20
415.9020001
 10
439.5972176921287
 20
415.9020001
 10
442.7200609653315
 20
415.9020001
 10
445.64975878299015
 20
415.9020001
 10
448.3695301013165
 20
415.9020001
 10
450.8637963164998
 20
415.9020001
 10
453.1182704975384
 20
415.9020001
 10
455.120039220487
 20
415.9020001
 10
456.85763653537924
 20
415.9020001
 10
458.32110964215116
 20
415.9020001
 10
459.50207589937816
 20
415.9020001
 10
460.3937708392864
 20
415.9020001
 10
460.9910869140113
 20
415.9020001
 10
461.29060275116944
 20
415.9020001
 10
461.29060275116944
 20
415.9020001
 10
460.9910869140113
 20
415.9020001
 10
460.3937708392864
 20
415.9020001
 10
459.50207589937816
 20
415.9020001
 10
458.32110964215116
 20
415.9020001
 10
456.85763653537924
 20
415.9020001
 10
455.120039220487
 20
415.9020001
 10
453.11827049753845
 20
415.9020001
 10
450.8637963164998
 20
415.9020001
 10
448.36953010131657
 20
415.9020001
 10
445.6497587829902
 20
415.9020001
 10
442.7200609653316
 20
415.9020001
 10
439.5972176921287
 20
415.9020001
 10
436.2991163268481
 20
415.9020001
 10
432.84464809543636
 20
415.9020001
 10
429.2535998790886
 20
415.9020001
 10
425.5465408767853
 20
415.9020001
 10
421.74470478678313
 20
415.9020001
 10
417.8698681819138
 20
415.9020001
 10
413.9442257753475
 20
415.9020001
 10
409.9902632912857
 20
415.9020001
 10
406.03062866876894
 20
415.9020001
 10
402.08800233633326
 20
415.9020001
 10
398.1849673005695
 20
415.9020001
 10
394.3438797927061
 20
415.9020001
 10
390.5867412141421
 20
415.9020001
 10
386.9350721144116
 20
415.9020001
 10
383.4097889234252
 20
415.9020001
 10
380.0310841440537
 20
415.9020001
 10
376.8183106913002
 20
415.9020001
 10
373.7898710405556
 20
415.9020001
 10
370.9631118198859
 20
415.9020001
 10
368.3542244501178
 20
415.9020001
 10
365.9781524018462
 20
415.9020001
 10
363.8485056005883
 20
415.9020001
 10
361.9774824703623
 20
415.9020001
 10
360.37580006221964
 20
415.9020001
 10
359.05263266794685
 20
415.9020001
 10
358.01555927055324
 20
415.9020001
 10
357.2705201325424
 20
415.9020001
 10
356.82178277062667
 20
415.9020001
 10
356.6719175117778
 20
415.9020001
  0
LWPOLYLINE
  5
35C
330
17
100
AcDbEntity
  8
YZ_SIDE
100
AcDbPolyline
 90
2
 70
0
 10
356.6719175117778
 20
413.90000009999994
 10
356.6719175117778
 20
415.9020001
  0
LWPOLYLINE
  5
35D
330
17
100
AcDbEntity
  8
YZ_SIDE
100
AcDbPolyline
 90
84
 70
0
 10
356.6719175117778
 20
413.90000009999994
 10
356.82178277062667
 20
413.90000009999994
 10
357.2705201325424
 20
413.90000009999994
 10
358.01555927055324
 20
413.90000009999994
 10
359.0526326679468
 20
413.90000009999994
 10
360.3758000622196
 20
413.90000009999994
 10
361.9774824703623
 20
413.90000009999994
 10
363.8485056005883
 20
413.90000009999994
 10
365.9781524018462
 20
413.90000009999994
 10
368.3542244501177
 20
413.90000009999994
 10
370.96311181988585
 20
413.90000009999994
 10
373.78987104055557
 20
413.90000009999994
 10
376.8183106913002
 20
413.90000009999994
 10
380.0310841440537
 20
413.90000009999994
 10
383.40978892342514
 20
413.90000009999994
 10
386.9350721144115
 20
413.90000009999994
 10
390.5867412141421
 20
413.90000009999994
 10
394.34387979270605
 20
413.90000009999994
 10
398.18496730056944
 20
413.90000009999994
 10
402.08800233633326
 20
413.90000009999994
 10
406.03062866876894
 20
413.90000009999994
 10
409.99026329128566
 20
413.90000009999994
 10
413.94422577534743
 20
413.90000009999994
 10
417.8698681819137
 20
413.90000009999994
 10
421.744704786783
 20
413.90000009999994
 10
425.5465408767853
 20
413.90000009999994
 10
429.25359987908854
 20
413.90000009999994
 10
432.84464809543624
 20
413.90000009999994
 10
436.2991163268481
 20
413.90000009999994
 10
439.5972176921287
 20
413.90000009999994
 10
442.7200609653315
 20
413.90000009999994
 10
445.64975878299015
 20
413.90000009999994
 10
448.3695301013165
 20
413.90000009999994
 10
450.8637963164998
 20
413.90000009999994
 10
453.1182704975384
 20
413.90000009999994
 10
455.120039220487
 20
413.90000009999994
 10
456.85763653537924
 20
413.90000009999994
 10
458.32110964215116
 20
413.90000009999994
 10
459.50207589937816
 20
413.90000009999994
 10
460.3937708392864
 20
413.90000009999994
 10
460.9910869140113
 20
413.90000009999994
 10
461.29060275116944
 20
413.90000009999994
 10
461.29060275116944
 20
413.90000009999994
 10
460.9910869140113
 20
413.90000009999994
 10
460.3937708392864
 20
413.90000009999994
 10
459.50207589937816
 20
413.90000009999994
 10
458.32110964215116
 20
413.90000009999994
 10
456.85763653537924
 20
413.90000009999994
 10
455.120039220487
 20
413.90000009999994
 10
453.11827049753845
 20
413.90000009999994
 10
450.8637963164998
 20
413.90000009999994
 10
448.36953010131657
 20
413.90000009999994
 10
445.6497587829902
 20
413.90000009999994
 10
442.7200609653316
 20
413.90000009999994
 10
439.5972176921287
 20
413.90000009999994
 10
436.2991163268481
 20
413.90000009999994
 10
432.84464809543636
 20
413.90000009999994
 10
429.2535998790886
 20
413.90000009999994
 10
425.5465408767853
 20
413.90000009999994
 10
421.74470478678313
 20
413.90000009999994
 10
417.8698681819138
 20
413.90000009999994
 10
413.9442257753475
 20
413.90000009999994
 10
409.9902632912857
 20
413.90000009999994
 10
406.03062866876894
 20
413.90000009999994
 10
402.08800233633326
 20
413.90000009999994
 10
398.1849673005695
 20
413.90000009999994
 10
394.3438797927061
 20
413.90000009999994
 10
390.5867412141421
 20
413.90000009999994
 10
386.9350721144116
 20
413.90000009999994
 10
383.4097889234252
 20
413.90000009999994
 10
380.0310841440537
 20
413.90000009999994
 10
376.8183106913002
 20
413.90000009999994
 10
373.7898710405556
 20
413.90000009999994
 10
370.9631118198859
 20
413.90000009999994
 10
368.3542244501178
 20
413.90000009999994
 10
365.9781524018462
 20
413.90000009999994
 10
363.8485056005883
 20
413.90000009999994
 10
361.9774824703623
 20
413.90000009999994
 10
360.37580006221964
 20
413.90000009999994
 10
359.05263266794685
 20
413.90000009999994
 10
358.01555927055324
 20
413.90000009999994
 10
357.2705201325424
 20
413.90000009999994
 10
356.82178277062667
 20
413.90000009999994
 10
356.6719175117778
 20
413.90000009999994
  0
LWPOLYLINE
  5
35E
330
17
100
AcDbEntity
  8
YZ_SIDE
100
AcDbPolyline
 90
80
 70
0
 10
359.2402572755847
 20
413.90000009999994
 10
359.3975558329239
 20
413.90000009999994
 10
359.86845701281646
 20
413.90000009999994
 10
360.6499836263868
 20
413.90000009999994
 10
361.7371946107553
 20
413.90000009999994
 10
363.1232162680288
 20
413.90000009999994
 10
364.7992857230318
 20
413.90000009999994
 10
366.7548063250246
 20
413.90000009999994
 10
368.9774146431414
 20
413.90000009999994
 10
371.4530586319803
 20
413.90000009999994
 10
374.16608647315945
 20
413.90000009999994
 10
377.0993455311516
 20
413.90000009999994
 10
380.23429079776895
 20
413.90000009999994
 10
383.55110213967566
 20
413.90000009999994
 10
387.0288096076525
 20
413.90000009999994
 10
390.6454260153672
 20
413.90000009999994
 10
394.3780859494462
 20
413.90000009999994
 10
398.20319033197933
 20
413.90000009999994
 10
402.0965556214891
 20
413.90000009999994
 10
406.03356670906595
 20
413.90000009999994
 10
409.98933254301244
 20
413.90000009999994
 10
413.938843498086
 20
413.90000009999994
 10
417.8571294944022
 20
413.90000009999994
 10
421.7194178663194
 20
413.90000009999994
 10
425.50128998320713
 20
413.90000009999994
 10
429.1788356318906
 20
413.90000009999994
 10
432.7288041847172
 20
413.90000009999994
 10
436.12875159751053
 20
413.90000009999994
 10
439.3571823080438
 20
413.90000009999994
 10
442.3936851379051
 20
413.90000009999994
 10
445.2190623385395
 20
413.90000009999994
 10
447.8154509655961
 20
413.90000009999994
 10
450.1664358142138
 20
413.90000009999994
 10
452.2571532012317
 20
413.90000009999994
 10
454.0743849381795
 20
413.90000009999994
 10
455.606641900921
 20
413.90000009999994
 10
456.84423666759596
 20
413.90000009999994
 10
457.77934476562046
 20
413.90000009999994
 10
458.4060541405214
 20
413.90000009999994
 10
458.72040253384864
 20
413.90000009999994
 10
458.72040253384864
 20
413.90000009999994
 10
458.4060541405214
 20
413.90000009999994
 10
457.77934476562046
 20
413.90000009999994
 10
456.84423666759596
 20
413.90000009999994
 10
455.606641900921
 20
413.90000009999994
 10
454.0743849381795
 20
413.90000009999994
 10
452.25715320123174
 20
413.90000009999994
 10
450.16643581421386
 20
413.90000009999994
 10
447.8154509655961
 20
413.90000009999994
 10
445.2190623385395
 20
413.90000009999994
 10
442.3936851379051
 20
413.90000009999994
 10
439.3571823080438
 20
413.90000009999994
 10
436.1287515975106
 20
413.90000009999994
 10
432.7288041847172
 20
413.90000009999994
 10
429.1788356318906
 20
413.90000009999994
 10
425.5012899832071
 20
413.90000009999994
 10
421.7194178663194
 20
413.90000009999994
 10
417.8571294944022
 20
413.90000009999994
 10
413.93884349808604
 20
413.90000009999994
 10
409.98933254301244
 20
413.90000009999994
 10
406.03356670906595
 20
413.90000009999994
 10
402.0965556214891
 20
413.90000009999994
 10
398.2031903319794
 20
413.90000009999994
 10
394.3780859494462
 20
413.90000009999994
 10
390.64542601536726
 20
413.90000009999994
 10
387.0288096076525
 20
413.90000009999994
 10
383.55110213967566
 20
413.90000009999994
 10
380.23429079776895
 20
413.90000009999994
 10
377.09934553115164
 20
413.90000009999994
 10
374.16608647315945
 20
413.90000009999994
 10
371.4530586319803
 20
413.90000009999994
 10
368.97741464314134
 20
413.90000009999994
 10
366.7548063250246
 20
413.90000009999994
 10
364.79928572303174
 20
413.90000009999994
 10
363.1232162680288
 20
413.90000009999994
 10
361.7371946107553
 20
413.90000009999994
 10
360.6499836263868
 20
413.90000009999994
 10
359.8684570128165
 20
413.90000009999994
 10
359.3975558329239
 20
413.90000009999994
 10
359.2402572755847
 20
413.90000009999994
  0
LWPOLYLINE
  5
35F
330
17
100
AcDbEntity
  8
YZ_SIDE
100
AcDbPolyline
 90
71
 70
0
 10
365.0
 20
413.90000009999994
 10
365.1771310642095
 20
413.90000009999994
 10
365.7070981016603
 20
413.90000009999994
 10
366.58563412938247
 20
413.90000009999994
 10
367.8056656918516
 20
413.90000009999994
 10
369.35736981229354
 20
413.90000009999994
 10
371.2282530815179
 20
413.90000009999994
 10
373.40325224750234
 20
413.90000009999994
 10
375.86485549584114
 20
413.90000009999994
 10
378.593243444578
 20
413.90000009999994
 10
381.5664487182157
 20
413.90000009999994
 10
384.76053281610746
 20
413.90000009999994
 10
388.14977885118805
 20
413.90000009999994
 10
391.70689860722734
 20
413.90000009999994
 10
395.40325224750234
 20
413.90000009999994
 10
399.2090789059222
 20
413.90000009999994
 10
403.09373630402314
 20
413.90000009999994
 10
407.0259474645773
 20
413.90000009999994
 10
410.97405253542263
 20
413.90000009999994
 10
414.9062636959768
 20
413.90000009999994
 10
418.7909210940778
 20
413.90000009999994
 10
422.59674775249766
 20
413.90000009999994
 10
426.29310139277266
 20
413.90000009999994
 10
429.8502211488119
 20
413.90000009999994
 10
433.2394671838925
 20
413.90000009999994
 10
436.4335512817843
 20
413.90000009999994
 10
439.406756555422
 20
413.90000009999994
 10
442.1351445041589
 20
413.90000009999994
 10
444.59674775249766
 20
413.90000009999994
 10
446.7717469184821
 20
413.90000009999994
 10
448.64263018770646
 20
413.90000009999994
 10
450.1943343081484
 20
413.90000009999994
 10
451.41436587061753
 20
413.90000009999994
 10
452.29290189833966
 20
413.90000009999994
 10
452.82286893579055
 20
413.90000009999994
 10
453.0
 20
413.90000009999994
 10
452.82286893579055
 20
413.90000009999994
 10
452.2929018983397
 20
413.90000009999994
 10
451.41436587061753
 20
413.90000009999994
 10
450.1943343081484
 20
413.90000009999994
 10
448.64263018770646
 20
413.90000009999994
 10
446.7717469184821
 20
413.90000009999994
 10
444.5967477524977
 20
413.90000009999994
 10
442.1351445041589
 20
413.90000009999994
 10
439.4067565554221
 20
413.90000009999994
 10
436.4335512817843
 20
413.90000009999994
 10
433.23946718389254
 20
413.90000009999994
 10
429.850221148812
 20
413.90000009999994
 10
426.29310139277266
 20
413.90000009999994
 10
422.5967477524977
 20
413.90000009999994
 10
418.7909210940779
 20
413.90000009999994
 10
414.9062636959769
 20
413.90000009999994
 10
410.9740525354227
 20
413.90000009999994
 10
407.02594746457737
 20
413.90000009999994
 10
403.0937363040232
 20
413.90000009999994
 10
399.2090789059222
 20
413.90000009999994
 10
395.40325224750234
 20
413.90000009999994
 10
391.70689860722734
 20
413.90000009999994
 10
388.14977885118805
 20
413.90000009999994
 10
384.7605328161075
 20
413.90000009999994
 10
381.5664487182158
 20
413.90000009999994
 10
378.593243444578
 20
413.90000009999994
 10
375.86485549584114
 20
413.90000009999994
 10
373.40325224750234
 20
413.90000009999994
 10
371.2282530815179
 20
413.90000009999994
 10
369.3573698122936
 20
413.90000009999994
 10
367.8056656918516
 20
413.90000009999994
 10
366.58563412938247
 20
413.90000009999994
 10
365.70709810166034
 20
413.90000009999994
 10
365.1771310642095
 20
413.90000009999994
 10
365.0
 20
413.90000009999994
  0
LWPOLYLINE
  5
360
330
17
100
AcDbEntity
  8
YZ_SIDE
100
AcDbPolyline
 90
19
 70
0
 10
365.0
 20
413.90000009999994
 10
365.1674332839632
 20
417.73485278089686
 10
365.66845886746285
 20
421.5405199173449
 10
366.499263643281
 20
425.28803808451084
 10
367.65352468542
 20
428.9488864063294
 10
369.1224573703874
 20
432.49520361659074
 10
370.8948822334847
 20
435.90000009999994
 10
372.95731005128437
 20
439.13736329944595
 10
375.29404450276496
 20
442.18265492620765
 10
377.8873016277919
 20
445.01269847220806
 10
380.71734517379224
 20
447.60595559723504
 10
383.762636800554
 20
449.9426900487156
 10
387.0
 20
452.0051178665152
 10
390.4047964834092
 20
453.7775427296126
 10
393.95111369367055
 20
455.2464754145799
 10
397.6119620154891
 20
456.40073645671896
 10
401.35948018265503
 20
457.2315412325371
 10
405.165147319103
 20
457.73256681603675
 10
409.0
 20
457.90000009999994
  0
LWPOLYLINE
  5
361
330
17
100
AcDbEntity
  8
YZ_SIDE
100
AcDbPolyline
 90
91
 70
0
 10
351.85
 20
424.2500003
 10
351.98921452765103
 20
424.2500003
 10
352.4061798714192
 20
424.2500003
 10
353.098864618063
 20
424.2500003
 10
354.0638940771251
 20
424.2500003
 10
355.29656672208534
 20
424.2500003
 10
356.79087709572536
 20
424.2500003
 10
358.5395450681123
 20
424.2500003
 10
360.53405130466024
 20
424.2500003
 10
362.7646787714718
 20
424.2500003
 10
365.2205600757504
 20
424.2500003
 10
367.8897304106461
 20
424.2500003
 10
370.75918584659127
 20
424.2500003
 10
373.81494668513864
 20
424.2500003
 10
377.0421255666468
 20
424.2500003
 10
380.425
 20
424.2500003
 10
383.9470889610042
 20
424.2500003
 10
387.59123318628065
 20
424.2500003
 10
391.33967877147177
 20
424.2500003
 10
395.174163666479
 20
424.2500003
 10
399.0760066463349
 20
424.2500003
 10
403.0261983242536
 20
424.2500003
 10
407.0054937634521
 20
424.2500003
 10
410.9945062365479
 20
424.2500003
 10
414.97380167574636
 20
424.2500003
 10
418.9239933536651
 20
424.2500003
 10
422.825836333521
 20
424.2500003
 10
426.66032122852823
 20
424.2500003
 10
430.40876681371935
 20
424.2500003
 10
434.0529110389958
 20
424.2500003
 10
437.575
 20
424.2500003
 10
440.95787443335314
 20
424.2500003
 10
444.18505331486136
 20
424.2500003
 10
447.24081415340873
 20
424.2500003
 10
450.1102695893539
 20
424.2500003
 10
452.7794399242496
 20
424.2500003
 10
455.2353212285283
 20
424.2500003
 10
457.46594869533976
 20
424.2500003
 10
459.4604549318876
 20
424.2500003
 10
461.20912290427464
 20
424.2500003
 10
462.70343327791466
 20
424.2500003
 10
463.9361059228749
 20
424.2500003
 10
464.901135381937
 20
424.2500003
 10
465.5938201285808
 20
424.2500003
 10
466.01078547234897
 20
424.2500003
 10
466.15
 20
424.2500003
 10
466.01078547234897
 20
424.2500003
 10
465.5938201285808
 20
424.2500003
 10
464.901135381937
 20
424.2500003
 10
463.93610592287496
 20
424.2500003
 10
462.70343327791466
 20
424.2500003
 10
461.20912290427464
 20
424.2500003
 10
459.4604549318877
 20
424.2500003
 10
457.46594869533976
 20
424.2500003
 10
455.2353212285283
 20
424.2500003
 10
452.7794399242496
 20
424.2500003
 10
450.1102695893539
 20
424.2500003
 10
447.2408141534088
 20
424.2500003
 10
444.18505331486136
 20
424.2500003
 10
440.95787443335314
 20
424.2500003
 10
437.57500000000005
 20
424.2500003
 10
434.0529110389958
 20
424.2500003
 10
430.40876681371935
 20
424.2500003
 10
426.66032122852823
 20
424.2500003
 10
422.825836333521
 20
424.2500003
 10
418.92399335366514
 20
424.2500003
 10
414.9738016757465
 20
424.2500003
 10
410.9945062365479
 20
424.2500003
 10
407.0054937634521
 20
424.2500003
 10
403.0261983242536
 20
424.2500003
 10
399.0760066463349
 20
424.2500003
 10
395.174163666479
 20
424.2500003
 10
391.33967877147177
 20
424.2500003
 10
387.59123318628065
 20
424.2500003
 10
383.9470889610042
 20
424.2500003
 10
380.42499999999995
 20
424.2500003
 10
377.04212556664686
 20
424.2500003
 10
373.81494668513864
 20
424.2500003
 10
370.7591858465912
 20
424.2500003
 10
367.8897304106461
 20
424.2500003
 10
365.2205600757504
 20
424.2500003
 10
362.7646787714717
 20
424.2500003
 10
360.5340513046603
 20
424.2500003
 10
358.5395450681123
 20
424.2500003
 10
356.79087709572536
 20
424.2500003
 10
355.29656672208534
 20
424.2500003
 10
354.0638940771251
 20
424.2500003
 10
353.098864618063
 20
424.2500003
 10
352.4061798714193
 20
424.2500003
 10
351.98921452765103
 20
424.2500003
 10
351.85
 20
424.2500003
  0
LWPOLYLINE
  5
362
330
17
100
AcDbEntity
  8
YZ_SIDE
100
AcDbPolyline
 90
2
 70
0
 10
351.85
 20
413.90000009999994
 10
351.85
 20
424.2500003
  0
LWPOLYLINE
  5
363
330
17
100
AcDbEntity
  8
YZ_SIDE
100
AcDbPolyline
 90
91
 70
0
 10
351.85
 20
413.90000009999994
 10
351.98921452765103
 20
413.90000009999994
 10
352.4061798714192
 20
413.90000009999994
 10
353.098864618063
 20
413.90000009999994
 10
354.0638940771251
 20
413.90000009999994
 10
355.29656672208534
 20
413.90000009999994
 10
356.79087709572536
 20
413.90000009999994
 10
358.5395450681123
 20
413.90000009999994
 10
360.53405130466024
 20
413.90000009999994
 10
362.7646787714718
 20
413.90000009999994
 10
365.2205600757504
 20
413.90000009999994
 10
367.8897304106461
 20
413.90000009999994
 10
370.75918584659127
 20
413.90000009999994
 10
373.81494668513864
 20
413.90000009999994
 10
377.0421255666468
 20
413.90000009999994
 10
380.425
 20
413.90000009999994
 10
383.9470889610042
 20
413.90000009999994
 10
387.59123318628065
 20
413.90000009999994
 10
391.33967877147177
 20
413.90000009999994
 10
395.174163666479
 20
413.90000009999994
 10
399.0760066463349
 20
413.90000009999994
 10
403.0261983242536
 20
413.90000009999994
 10
407.0054937634521
 20
413.90000009999994
 10
410.9945062365479
 20
413.90000009999994
 10
414.97380167574636
 20
413.90000009999994
 10
418.9239933536651
 20
413.90000009999994
 10
422.825836333521
 20
413.90000009999994
 10
426.66032122852823
 20
413.90000009999994
 10
430.40876681371935
 20
413.90000009999994
 10
434.0529110389958
 20
413.90000009999994
 10
437.575
 20
413.90000009999994
 10
440.95787443335314
 20
413.90000009999994
 10
444.18505331486136
 20
413.90000009999994
 10
447.24081415340873
 20
413.90000009999994
 10
450.1102695893539
 20
413.90000009999994
 10
452.7794399242496
 20
413.90000009999994
 10
455.2353212285283
 20
413.90000009999994
 10
457.46594869533976
 20
413.90000009999994
 10
459.4604549318876
 20
413.90000009999994
 10
461.20912290427464
 20
413.90000009999994
 10
462.70343327791466
 20
413.90000009999994
 10
463.9361059228749
 20
413.90000009999994
 10
464.901135381937
 20
413.90000009999994
 10
465.5938201285808
 20
413.90000009999994
 10
466.01078547234897
 20
413.90000009999994
 10
466.15
 20
413.90000009999994
 10
466.01078547234897
 20
413.90000009999994
 10
465.5938201285808
 20
413.90000009999994
 10
464.901135381937
 20
413.90000009999994
 10
463.93610592287496
 20
413.90000009999994
 10
462.70343327791466
 20
413.90000009999994
 10
461.20912290427464
 20
413.90000009999994
 10
459.4604549318877
 20
413.90000009999994
 10
457.46594869533976
 20
413.90000009999994
 10
455.2353212285283
 20
413.90000009999994
 10
452.7794399242496
 20
413.90000009999994
 10
450.1102695893539
 20
413.90000009999994
 10
447.2408141534088
 20
413.90000009999994
 10
444.18505331486136
 20
413.90000009999994
 10
440.95787443335314
 20
413.90000009999994
 10
437.57500000000005
 20
413.90000009999994
 10
434.0529110389958
 20
413.90000009999994
 10
430.40876681371935
 20
413.90000009999994
 10
426.66032122852823
 20
413.90000009999994
 10
422.825836333521
 20
413.90000009999994
 10
418.9239933536651
 20
413.90000009999994
 10
414.9738016757465
 20
413.90000009999994
 10
410.9945062365479
 20
413.90000009999994
 10
407.0054937634521
 20
413.90000009999994
 10
403.0261983242536
 20
413.90000009999994
 10
399.0760066463349
 20
413.90000009999994
 10
395.174163666479
 20
413.90000009999994
 10
391.33967877147177
 20
413.90000009999994
 10
387.59123318628065
 20
413.90000009999994
 10
383.9470889610042
 20
413.90000009999994
 10
380.42499999999995
 20
413.90000009999994
 10
377.04212556664686
 20
413.90000009999994
 10
373.81494668513864
 20
413.90000009999994
 10
370.7591858465912
 20
413.90000009999994
 10
367.8897304106461
 20
413.90000009999994
 10
365.2205600757504
 20
413.90000009999994
 10
362.7646787714717
 20
413.90000009999994
 10
360.5340513046603
 20
413.90000009999994
 10
358.5395450681123
 20
413.90000009999994
 10
356.79087709572536
 20
413.90000009999994
 10
355.29656672208534
 20
413.90000009999994
 10
354.0638940771251
 20
413.90000009999994
 10
353.098864618063
 20
413.90000009999994
 10
352.4061798714193
 20
413.90000009999994
 10
351.98921452765103
 20
413.90000009999994
 10
351.85
 20
413.90000009999994
  0
LWPOLYLINE
  5
364
330
17
100
AcDbEntity
  8
YZ_SIDE
100
AcDbPolyline
 90
84
 70
0
 10
356.6719175117778
 20
424.2500003
 10
356.82178277062667
 20
424.2500003
 10
357.2705201325424
 20
424.2500003
 10
358.01555927055324
 20
424.2500003
 10
359.0526326679468
 20
424.2500003
 10
360.3758000622196
 20
424.2500003
 10
361.9774824703623
 20
424.2500003
 10
363.8485056005883
 20
424.2500003
 10
365.9781524018462
 20
424.2500003
 10
368.3542244501177
 20
424.2500003
 10
370.96311181988585
 20
424.2500003
 10
373.78987104055557
 20
424.2500003
 10
376.8183106913002
 20
424.2500003
 10
380.0310841440537
 20
424.2500003
 10
383.40978892342514
 20
424.2500003
 10
386.9350721144115
 20
424.2500003
 10
390.5867412141421
 20
424.2500003
 10
394.34387979270605
 20
424.2500003
 10
398.18496730056944
 20
424.2500003
 10
402.08800233633326
 20
424.2500003
 10
406.03062866876894
 20
424.2500003
 10
409.99026329128566
 20
424.2500003
 10
413.94422577534743
 20
424.2500003
 10
417.8698681819137
 20
424.2500003
 10
421.744704786783
 20
424.2500003
 10
425.5465408767853
 20
424.2500003
 10
429.25359987908854
 20
424.2500003
 10
432.84464809543624
 20
424.2500003
 10
436.2991163268481
 20
424.2500003
 10
439.5972176921287
 20
424.2500003
 10
442.7200609653315
 20
424.2500003
 10
445.64975878299015
 20
424.2500003
 10
448.3695301013165
 20
424.2500003
 10
450.8637963164998
 20
424.2500003
 10
453.1182704975384
 20
424.2500003
 10
455.120039220487
 20
424.2500003
 10
456.85763653537924
 20
424.2500003
 10
458.32110964215116
 20
424.2500003
 10
459.50207589937816
 20
424.2500003
 10
460.3937708392864
 20
424.2500003
 10
460.9910869140113
 20
424.2500003
 10
461.29060275116944
 20
424.2500003
 10
461.29060275116944
 20
424.2500003
 10
460.9910869140113
 20
424.2500003
 10
460.3937708392864
 20
424.2500003
 10
459.50207589937816
 20
424.2500003
 10
458.32110964215116
 20
424.2500003
 10
456.85763653537924
 20
424.2500003
 10
455.120039220487
 20
424.2500003
 10
453.11827049753845
 20
424.2500003
 10
450.8637963164998
 20
424.2500003
 10
448.36953010131657
 20
424.2500003
 10
445.6497587829902
 20
424.2500003
 10
442.7200609653316
 20
424.2500003
 10
439.5972176921287
 20
424.2500003
 10
436.2991163268481
 20
424.2500003
 10
432.84464809543636
 20
424.2500003
 10
429.2535998790886
 20
424.2500003
 10
425.5465408767853
 20
424.2500003
 10
421.74470478678313
 20
424.2500003
 10
417.8698681819138
 20
424.2500003
 10
413.9442257753475
 20
424.2500003
 10
409.9902632912857
 20
424.2500003
 10
406.03062866876894
 20
424.2500003
 10
402.08800233633326
 20
424.2500003
 10
398.1849673005695
 20
424.2500003
 10
394.3438797927061
 20
424.2500003
 10
390.5867412141421
 20
424.2500003
 10
386.9350721144116
 20
424.2500003
 10
383.4097889234252
 20
424.2500003
 10
380.0310841440537
 20
424.2500003
 10
376.8183106913002
 20
424.2500003
 10
373.7898710405556
 20
424.2500003
 10
370.9631118198859
 20
424.2500003
 10
368.3542244501178
 20
424.2500003
 10
365.9781524018462
 20
424.2500003
 10
363.8485056005883
 20
424.2500003
 10
361.9774824703623
 20
424.2500003
 10
360.37580006221964
 20
424.2500003
 10
359.05263266794685
 20
424.2500003
 10
358.01555927055324
 20
424.2500003
 10
357.2705201325424
 20
424.2500003
 10
356.82178277062667
 20
424.2500003
 10
356.6719175117778
 20
424.2500003
  0
LWPOLYLINE
  5
365
330
17
100
AcDbEntity
  8
YZ_SIDE
100
AcDbPolyline
 90
84
 70
0
 10
356.6719175117778
 20
413.90000009999994
 10
356.82178277062667
 20
413.90000009999994
 10
357.2705201325424
 20
413.90000009999994
 10
358.01555927055324
 20
413.90000009999994
 10
359.0526326679468
 20
413.90000009999994
 10
360.3758000622196
 20
413.90000009999994
 10
361.9774824703623
 20
413.90000009999994
 10
363.8485056005883
 20
413.90000009999994
 10
365.9781524018462
 20
413.90000009999994
 10
368.3542244501177
 20
413.90000009999994
 10
370.96311181988585
 20
413.90000009999994
 10
373.78987104055557
 20
413.90000009999994
 10
376.8183106913002
 20
413.90000009999994
 10
380.0310841440537
 20
413.90000009999994
 10
383.40978892342514
 20
413.90000009999994
 10
386.9350721144115
 20
413.90000009999994
 10
390.5867412141421
 20
413.90000009999994
 10
394.34387979270605
 20
413.90000009999994
 10
398.18496730056944
 20
413.90000009999994
 10
402.08800233633326
 20
413.90000009999994
 10
406.03062866876894
 20
413.90000009999994
 10
409.99026329128566
 20
413.90000009999994
 10
413.94422577534743
 20
413.90000009999994
 10
417.8698681819137
 20
413.90000009999994
 10
421.744704786783
 20
413.90000009999994
 10
425.5465408767853
 20
413.90000009999994
 10
429.25359987908854
 20
413.90000009999994
 10
432.84464809543624
 20
413.90000009999994
 10
436.2991163268481
 20
413.90000009999994
 10
439.5972176921287
 20
413.90000009999994
 10
442.7200609653315
 20
413.90000009999994
 10
445.64975878299015
 20
413.90000009999994
 10
448.3695301013165
 20
413.90000009999994
 10
450.8637963164998
 20
413.90000009999994
 10
453.1182704975384
 20
413.90000009999994
 10
455.120039220487
 20
413.90000009999994
 10
456.85763653537924
 20
413.90000009999994
 10
458.32110964215116
 20
413.90000009999994
 10
459.50207589937816
 20
413.90000009999994
 10
460.3937708392864
 20
413.90000009999994
 10
460.9910869140113
 20
413.90000009999994
 10
461.29060275116944
 20
413.90000009999994
 10
461.29060275116944
 20
413.90000009999994
 10
460.9910869140113
 20
413.90000009999994
 10
460.3937708392864
 20
413.90000009999994
 10
459.50207589937816
 20
413.90000009999994
 10
458.32110964215116
 20
413.90000009999994
 10
456.85763653537924
 20
413.90000009999994
 10
455.120039220487
 20
413.90000009999994
 10
453.11827049753845
 20
413.90000009999994
 10
450.8637963164998
 20
413.90000009999994
 10
448.36953010131657
 20
413.90000009999994
 10
445.6497587829902
 20
413.90000009999994
 10
442.7200609653316
 20
413.90000009999994
 10
439.5972176921287
 20
413.90000009999994
 10
436.2991163268481
 20
413.90000009999994
 10
432.84464809543636
 20
413.90000009999994
 10
429.2535998790886
 20
413.90000009999994
 10
425.5465408767853
 20
413.90000009999994
 10
421.74470478678313
 20
413.90000009999994
 10
417.8698681819138
 20
413.90000009999994
 10
413.9442257753475
 20
413.90000009999994
 10
409.9902632912857
 20
413.90000009999994
 10
406.03062866876894
 20
413.90000009999994
 10
402.08800233633326
 20
413.90000009999994
 10
398.1849673005695
 20
413.90000009999994
 10
394.3438797927061
 20
413.90000009999994
 10
390.5867412141421
 20
413.90000009999994
 10
386.9350721144116
 20
413.90000009999994
 10
383.4097889234252
 20
413.90000009999994
 10
380.0310841440537
 20
413.90000009999994
 10
376.8183106913002
 20
413.90000009999994
 10
373.7898710405556
 20
413.90000009999994
 10
370.9631118198859
 20
413.90000009999994
 10
368.3542244501178
 20
413.90000009999994
 10
365.9781524018462
 20
413.90000009999994
 10
363.8485056005883
 20
413.90000009999994
 10
361.9774824703623
 20
413.90000009999994
 10
360.37580006221964
 20
413.90000009999994
 10
359.05263266794685
 20
413.90000009999994
 10
358.01555927055324
 20
413.90000009999994
 10
357.2705201325424
 20
413.90000009999994
 10
356.82178277062667
 20
413.90000009999994
 10
356.6719175117778
 20
413.90000009999994
  0
LWPOLYLINE
  5
366
330
17
100
AcDbEntity
  8
YZ_SIDE
100
AcDbPolyline
 90
2
 70
0
 10
356.6719175117778
 20
413.90000009999994
 10
356.6719175117778
 20
424.2500003
  0
LWPOLYLINE
  5
367
330
17
100
AcDbEntity
  8
YZ_SIDE
100
AcDbPolyline
 90
2
 70
0
 10
442.0
 20
87.2000001
 10
442.0
 20
66.2000001
  0
LWPOLYLINE
  5
368
330
17
100
AcDbEntity
  8
YZ_SIDE
100
AcDbPolyline
 90
12
 70
0
 10
442.0
 20
87.2000001
 10
441.2062676641559
 20
87.2000001
 10
439.07707506500947
 20
87.2000001
 10
436.2884258086336
 20
87.2000001
 10
433.7256963302736
 20
87.2000001
 10
432.2025351319275
 20
87.2000001
 10
432.2025351319275
 20
87.2000001
 10
433.7256963302736
 20
87.2000001
 10
436.2884258086336
 20
87.2000001
 10
439.07707506500947
 20
87.2000001
 10
441.2062676641559
 20
87.2000001
 10
442.0
 20
87.2000001
  0
LWPOLYLINE
  5
369
330
17
100
AcDbEntity
  8
YZ_SIDE
100
AcDbPolyline
 90
12
 70
0
 10
442.0
 20
66.2000001
 10
441.2062676641559
 20
66.2000001
 10
439.07707506500947
 20
66.2000001
 10
436.2884258086336
 20
66.2000001
 10
433.7256963302736
 20
66.2000001
 10
432.2025351319275
 20
66.2000001
 10
432.2025351319275
 20
66.2000001
 10
433.7256963302736
 20
66.2000001
 10
436.2884258086336
 20
66.2000001
 10
439.07707506500947
 20
66.2000001
 10
441.2062676641559
 20
66.2000001
 10
442.0
 20
66.2000001
  0
LWPOLYLINE
  5
36A
330
17
100
AcDbEntity
  8
YZ_SIDE
100
AcDbPolyline
 90
14
 70
0
 10
445.0
 20
87.2000001
 10
444.0836482052257
 20
87.2000001
 10
441.5445179738492
 20
87.2000001
 10
437.9642934420426
 20
87.2000001
 10
434.16316090365973
 20
87.2000001
 10
431.0119140146312
 20
87.2000001
 10
429.2324654605916
 20
87.2000001
 10
429.2324654605916
 20
87.2000001
 10
431.0119140146312
 20
87.2000001
 10
434.16316090365973
 20
87.2000001
 10
437.9642934420426
 20
87.2000001
 10
441.5445179738492
 20
87.2000001
 10
444.0836482052257
 20
87.2000001
 10
445.0
 20
87.2000001
  0
LWPOLYLINE
  5
36B
330
17
100
AcDbEntity
  8
YZ_SIDE
100
AcDbPolyline
 90
2
 70
0
 10
445.0
 20
90.2000001
 10
445.0
 20
87.2000001
  0
LWPOLYLINE
  5
36C
330
17
100
AcDbEntity
  8
YZ_SIDE
100
AcDbPolyline
 90
14
 70
0
 10
445.0
 20
90.2000001
 10
444.0836482052257
 20
90.2000001
 10
441.5445179738492
 20
90.2000001
 10
437.9642934420426
 20
90.2000001
 10
434.16316090365973
 20
90.2000001
 10
431.0119140146312
 20
90.2000001
 10
429.2324654605916
 20
90.2000001
 10
429.2324654605916
 20
90.2000001
 10
431.0119140146312
 20
90.2000001
 10
434.16316090365973
 20
90.2000001
 10
437.9642934420426
 20
90.2000001
 10
441.5445179738492
 20
90.2000001
 10
444.0836482052257
 20
90.2000001
 10
445.0
 20
90.2000001
  0
LWPOLYLINE
  5
36D
330
17
100
AcDbEntity
  8
YZ_SIDE
100
AcDbPolyline
 90
12
 70
0
 10
442.0
 20
90.2000001
 10
441.2062676641559
 20
90.2000001
 10
439.07707506500947
 20
90.2000001
 10
436.2884258086336
 20
90.2000001
 10
433.7256963302736
 20
90.2000001
 10
432.2025351319275
 20
90.2000001
 10
432.2025351319275
 20
90.2000001
 10
433.7256963302736
 20
90.2000001
 10
436.2884258086336
 20
90.2000001
 10
439.07707506500947
 20
90.2000001
 10
441.2062676641559
 20
90.2000001
 10
442.0
 20
90.2000001
  0
LWPOLYLINE
  5
36E
330
17
100
AcDbEntity
  8
YZ_SIDE
100
AcDbPolyline
 90
2
 70
0
 10
442.0
 20
111.2000001
 10
442.0
 20
90.2000001
  0
LWPOLYLINE
  5
36F
330
17
100
AcDbEntity
  8
YZ_SIDE
100
AcDbPolyline
 90
12
 70
0
 10
442.0
 20
111.2000001
 10
441.2062676641559
 20
111.2000001
 10
439.07707506500947
 20
111.2000001
 10
436.2884258086336
 20
111.2000001
 10
433.7256963302736
 20
111.2000001
 10
432.2025351319275
 20
111.2000001
 10
432.2025351319275
 20
111.2000001
 10
433.7256963302736
 20
111.2000001
 10
436.2884258086336
 20
111.2000001
 10
439.07707506500947
 20
111.2000001
 10
441.2062676641559
 20
111.2000001
 10
442.0
 20
111.2000001
  0
LWPOLYLINE
  5
370
330
17
100
AcDbEntity
  8
YZ_SIDE
100
AcDbPolyline
 90
2
 70
0
 10
425.0
 20
386.00000009999997
 10
393.0
 20
386.00000009999997
  0
LWPOLYLINE
  5
371
330
17
100
AcDbEntity
  8
YZ_SIDE
100
AcDbPolyline
 90
2
 70
0
 10
393.0
 20
386.00000009999997
 10
393.0
 20
387.6000001
  0
LWPOLYLINE
  5
372
330
17
100
AcDbEntity
  8
YZ_SIDE
100
AcDbPolyline
 90
2
 70
0
 10
425.0
 20
387.6000001
 10
393.0
 20
387.6000001
  0
LWPOLYLINE
  5
373
330
17
100
AcDbEntity
  8
YZ_SIDE
100
AcDbPolyline
 90
2
 70
0
 10
425.0
 20
386.00000009999997
 10
425.0
 20
387.6000001
  0
LWPOLYLINE
  5
374
330
17
100
AcDbEntity
  8
YZ_SIDE
100
AcDbPolyline
 90
2
 70
0
 10
425.0
 20
386.00000009999997
 10
393.0
 20
386.00000009999997
  0
LWPOLYLINE
  5
375
330
17
100
AcDbEntity
  8
YZ_SIDE
100
AcDbPolyline
 90
12
 70
0
 10
421.78
 20
386.00000009999997
 10
421.97367068994595
 20
386.00000009999997
 10
422.4931936841377
 20
386.00000009999997
 10
423.1736241026934
 20
386.00000009999997
 10
423.79893009541325
 20
386.00000009999997
 10
424.1705814278097
 20
386.00000009999997
 10
424.1705814278097
 20
386.00000009999997
 10
423.79893009541325
 20
386.00000009999997
 10
423.1736241026934
 20
386.00000009999997
 10
422.4931936841377
 20
386.00000009999997
 10
421.97367068994595
 20
386.00000009999997
 10
421.78
 20
386.00000009999997
  0
LWPOLYLINE
  5
376
330
17
100
AcDbEntity
  8
YZ_SIDE
100
AcDbPolyline
 90
12
 70
0
 10
393.78
 20
386.00000009999997
 10
393.97367068994595
 20
386.00000009999997
 10
394.4931936841377
 20
386.00000009999997
 10
395.1736241026934
 20
386.00000009999997
 10
395.79893009541325
 20
386.00000009999997
 10
396.1705814278097
 20
386.00000009999997
 10
396.1705814278097
 20
386.00000009999997
 10
395.79893009541325
 20
386.00000009999997
 10
395.1736241026934
 20
386.00000009999997
 10
394.4931936841377
 20
386.00000009999997
 10
393.97367068994595
 20
386.00000009999997
 10
393.78
 20
386.00000009999997
  0
LWPOLYLINE
  5
377
330
17
100
AcDbEntity
  8
YZ_SIDE
100
AcDbPolyline
 90
12
 70
0
 10
421.78
 20
386.00000009999997
 10
421.97367068994595
 20
386.00000009999997
 10
422.4931936841377
 20
386.00000009999997
 10
423.1736241026934
 20
386.00000009999997
 10
423.79893009541325
 20
386.00000009999997
 10
424.1705814278097
 20
386.00000009999997
 10
424.1705814278097
 20
386.00000009999997
 10
423.79893009541325
 20
386.00000009999997
 10
423.1736241026934
 20
386.00000009999997
 10
422.4931936841377
 20
386.00000009999997
 10
421.97367068994595
 20
386.00000009999997
 10
421.78
 20
386.00000009999997
  0
LWPOLYLINE
  5
378
330
17
100
AcDbEntity
  8
YZ_SIDE
100
AcDbPolyline
 90
2
 70
0
 10
417.0
 20
386.00000009999997
 10
401.0
 20
386.00000009999997
  0
LWPOLYLINE
  5
379
330
17
100
AcDbEntity
  8
YZ_SIDE
100
AcDbPolyline
 90
2
 70
0
 10
417.0
 20
386.00000009999997
 10
401.0
 20
386.00000009999997
  0
LWPOLYLINE
  5
37A
330
17
100
AcDbEntity
  8
YZ_SIDE
100
AcDbPolyline
 90
12
 70
0
 10
393.78
 20
386.00000009999997
 10
393.97367068994595
 20
386.00000009999997
 10
394.4931936841377
 20
386.00000009999997
 10
395.1736241026934
 20
386.00000009999997
 10
395.79893009541325
 20
386.00000009999997
 10
396.1705814278097
 20
386.00000009999997
 10
396.1705814278097
 20
386.00000009999997
 10
395.79893009541325
 20
386.00000009999997
 10
395.1736241026934
 20
386.00000009999997
 10
394.4931936841377
 20
386.00000009999997
 10
393.97367068994595
 20
386.00000009999997
 10
393.78
 20
386.00000009999997
  0
LWPOLYLINE
  5
37B
330
17
100
AcDbEntity
  8
YZ_SIDE
100
AcDbPolyline
 90
2
 70
0
 10
393.0
 20
386.00000009999997
 10
393.0
 20
387.6000001
  0
LWPOLYLINE
  5
37C
330
17
100
AcDbEntity
  8
YZ_SIDE
100
AcDbPolyline
 90
2
 70
0
 10
425.0
 20
387.6000001
 10
393.0
 20
387.6000001
  0
LWPOLYLINE
  5
37D
330
17
100
AcDbEntity
  8
YZ_SIDE
100
AcDbPolyline
 90
12
 70
0
 10
421.78
 20
387.6000001
 10
421.97367068994595
 20
387.6000001
 10
422.4931936841377
 20
387.6000001
 10
423.1736241026934
 20
387.6000001
 10
423.79893009541325
 20
387.6000001
 10
424.1705814278097
 20
387.6000001
 10
424.1705814278097
 20
387.6000001
 10
423.79893009541325
 20
387.6000001
 10
423.1736241026934
 20
387.6000001
 10
422.4931936841377
 20
387.6000001
 10
421.97367068994595
 20
387.6000001
 10
421.78
 20
387.6000001
  0
LWPOLYLINE
  5
37E
330
17
100
AcDbEntity
  8
YZ_SIDE
100
AcDbPolyline
 90
12
 70
0
 10
393.78
 20
387.6000001
 10
393.97367068994595
 20
387.6000001
 10
394.4931936841377
 20
387.6000001
 10
395.1736241026934
 20
387.6000001
 10
395.79893009541325
 20
387.6000001
 10
396.1705814278097
 20
387.6000001
 10
396.1705814278097
 20
387.6000001
 10
395.79893009541325
 20
387.6000001
 10
395.1736241026934
 20
387.6000001
 10
394.4931936841377
 20
387.6000001
 10
393.97367068994595
 20
387.6000001
 10
393.78
 20
387.6000001
  0
LWPOLYLINE
  5
37F
330
17
100
AcDbEntity
  8
YZ_SIDE
100
AcDbPolyline
 90
12
 70
0
 10
421.78
 20
387.6000001
 10
421.97367068994595
 20
387.6000001
 10
422.4931936841377
 20
387.6000001
 10
423.1736241026934
 20
387.6000001
 10
423.79893009541325
 20
387.6000001
 10
424.1705814278097
 20
387.6000001
 10
424.1705814278097
 20
387.6000001
 10
423.79893009541325
 20
387.6000001
 10
423.1736241026934
 20
387.6000001
 10
422.4931936841377
 20
387.6000001
 10
421.97367068994595
 20
387.6000001
 10
421.78
 20
387.6000001
  0
LWPOLYLINE
  5
380
330
17
100
AcDbEntity
  8
YZ_SIDE
100
AcDbPolyline
 90
14
 70
0
 10
401.0
 20
387.6000001
 10
401.9163517947743
 20
387.6000001
 10
404.4554820261508
 20
387.6000001
 10
408.03570655795744
 20
387.6000001
 10
411.83683909634027
 20
387.6000001
 10
414.9880859853688
 20
387.6000001
 10
416.7675345394084
 20
387.6000001
 10
416.7675345394084
 20
387.6000001
 10
414.9880859853688
 20
387.6000001
 10
411.83683909634027
 20
387.6000001
 10
408.0357065579574
 20
387.6000001
 10
404.4554820261508
 20
387.6000001
 10
401.9163517947743
 20
387.6000001
 10
401.0
 20
387.6000001
  0
LWPOLYLINE
  5
381
330
17
100
AcDbEntity
  8
YZ_SIDE
100
AcDbPolyline
 90
12
 70
0
 10
393.78
 20
387.6000001
 10
393.97367068994595
 20
387.6000001
 10
394.4931936841377
 20
387.6000001
 10
395.1736241026934
 20
387.6000001
 10
395.79893009541325
 20
387.6000001
 10
396.1705814278097
 20
387.6000001
 10
396.1705814278097
 20
387.6000001
 10
395.79893009541325
 20
387.6000001
 10
395.1736241026934
 20
387.6000001
 10
394.4931936841377
 20
387.6000001
 10
393.97367068994595
 20
387.6000001
 10
393.78
 20
387.6000001
  0
LWPOLYLINE
  5
382
330
17
100
AcDbEntity
  8
YZ_SIDE
100
AcDbPolyline
 90
2
 70
0
 10
425.0
 20
386.00000009999997
 10
425.0
 20
387.6000001
  0
LWPOLYLINE
  5
383
330
17
100
AcDbEntity
  8
YZ_SIDE
100
AcDbPolyline
 90
2
 70
0
 10
421.78
 20
386.00000009999997
 10
421.78
 20
387.6000001
  0
LWPOLYLINE
  5
384
330
17
100
AcDbEntity
  8
YZ_SIDE
100
AcDbPolyline
 90
2
 70
0
 10
393.78
 20
386.00000009999997
 10
393.78
 20
387.6000001
  0
LWPOLYLINE
  5
385
330
17
100
AcDbEntity
  8
YZ_SIDE
100
AcDbPolyline
 90
2
 70
0
 10
421.78
 20
386.00000009999997
 10
421.78
 20
387.6000001
  0
LWPOLYLINE
  5
386
330
17
100
AcDbEntity
  8
YZ_SIDE
100
AcDbPolyline
 90
2
 70
0
 10
401.0
 20
380.00000009999997
 10
401.0
 20
386.00000009999997
  0
LWPOLYLINE
  5
387
330
17
100
AcDbEntity
  8
YZ_SIDE
100
AcDbPolyline
 90
2
 70
0
 10
401.0
 20
380.00000009999997
 10
401.0
 20
386.00000009999997
  0
LWPOLYLINE
  5
388
330
17
100
AcDbEntity
  8
YZ_SIDE
100
AcDbPolyline
 90
2
 70
0
 10
417.0
 20
380.00000009999997
 10
401.0
 20
380.00000009999997
  0
LWPOLYLINE
  5
389
330
17
100
AcDbEntity
  8
YZ_SIDE
100
AcDbPolyline
 90
2
 70
0
 10
417.0
 20
380.00000009999997
 10
417.0
 20
386.00000009999997
  0
LWPOLYLINE
  5
38A
330
17
100
AcDbEntity
  8
YZ_SIDE
100
AcDbPolyline
 90
2
 70
0
 10
417.0
 20
380.00000009999997
 10
417.0
 20
386.00000009999997
  0
LWPOLYLINE
  5
38B
330
17
100
AcDbEntity
  8
YZ_SIDE
100
AcDbPolyline
 90
2
 70
0
 10
417.0
 20
380.00000009999997
 10
401.0
 20
380.00000009999997
  0
LWPOLYLINE
  5
38C
330
17
100
AcDbEntity
  8
YZ_SIDE
100
AcDbPolyline
 90
2
 70
0
 10
393.78
 20
386.00000009999997
 10
393.78
 20
387.6000001
  0
LWPOLYLINE
  5
38D
330
17
100
AcDbEntity
  8
YZ_SIDE
100
AcDbPolyline
 90
14
 70
0
 10
401.0
 20
409.3500001
 10
401.9163517947743
 20
409.3500001
 10
404.4554820261508
 20
409.3500001
 10
408.03570655795744
 20
409.3500001
 10
411.83683909634027
 20
409.3500001
 10
414.9880859853688
 20
409.3500001
 10
416.7675345394084
 20
409.3500001
 10
416.7675345394084
 20
409.3500001
 10
414.9880859853688
 20
409.3500001
 10
411.83683909634027
 20
409.3500001
 10
408.03570655795744
 20
409.3500001
 10
404.4554820261508
 20
409.3500001
 10
401.9163517947743
 20
409.3500001
 10
401.0
 20
409.3500001
  0
LWPOLYLINE
  5
38E
330
17
100
AcDbEntity
  8
YZ_SIDE
100
AcDbPolyline
 90
2
 70
0
 10
401.0
 20
387.6000001
 10
401.0
 20
409.3500001
  0
LWPOLYLINE
  5
38F
330
17
100
AcDbEntity
  8
YZ_SIDE
100
AcDbPolyline
 90
2
 70
0
 10
387.0
 20
369.00000009999997
 10
387.0
 20
372.00000009999997
  0
LWPOLYLINE
  5
390
330
17
100
AcDbEntity
  8
YZ_SIDE
100
AcDbPolyline
 90
2
 70
0
 10
387.0
 20
372.00000009999997
 10
431.0
 20
372.00000009999997
  0
LWPOLYLINE
  5
391
330
17
100
AcDbEntity
  8
YZ_SIDE
100
AcDbPolyline
 90
2
 70
0
 10
431.0
 20
369.00000009999997
 10
431.0
 20
372.00000009999997
  0
LWPOLYLINE
  5
392
330
17
100
AcDbEntity
  8
YZ_SIDE
100
AcDbPolyline
 90
2
 70
0
 10
387.0
 20
369.00000009999997
 10
431.0
 20
369.00000009999997
  0
LWPOLYLINE
  5
393
330
17
100
AcDbEntity
  8
YZ_SIDE
100
AcDbPolyline
 90
2
 70
0
 10
387.0
 20
369.00000009999997
 10
387.0
 20
372.00000009999997
  0
LWPOLYLINE
  5
394
330
17
100
AcDbEntity
  8
YZ_SIDE
100
AcDbPolyline
 90
2
 70
0
 10
387.0
 20
372.00000009999997
 10
431.0
 20
372.00000009999997
  0
LWPOLYLINE
  5
395
330
17
100
AcDbEntity
  8
YZ_SIDE
100
AcDbPolyline
 90
2
 70
0
 10
397.0
 20
372.00000009999997
 10
421.0
 20
372.00000009999997
  0
LWPOLYLINE
  5
396
330
17
100
AcDbEntity
  8
YZ_SIDE
100
AcDbPolyline
 90
2
 70
0
 10
397.0
 20
372.00000009999997
 10
421.0
 20
372.00000009999997
  0
LWPOLYLINE
  5
397
330
17
100
AcDbEntity
  8
YZ_SIDE
100
AcDbPolyline
 90
2
 70
0
 10
431.0
 20
369.00000009999997
 10
431.0
 20
372.00000009999997
  0
LWPOLYLINE
  5
398
330
17
100
AcDbEntity
  8
YZ_SIDE
100
AcDbPolyline
 90
2
 70
0
 10
387.0
 20
369.00000009999997
 10
431.0
 20
369.00000009999997
  0
LWPOLYLINE
  5
399
330
17
100
AcDbEntity
  8
YZ_SIDE
100
AcDbPolyline
 90
2
 70
0
 10
397.0
 20
369.00000009999997
 10
421.0
 20
369.00000009999997
  0
LWPOLYLINE
  5
39A
330
17
100
AcDbEntity
  8
YZ_SIDE
100
AcDbPolyline
 90
2
 70
0
 10
397.0
 20
369.00000009999997
 10
421.0
 20
369.00000009999997
  0
LWPOLYLINE
  5
39B
330
17
100
AcDbEntity
  8
YZ_SIDE
100
AcDbPolyline
 90
2
 70
0
 10
397.0
 20
369.00000009999997
 10
397.0
 20
372.00000009999997
  0
LWPOLYLINE
  5
39C
330
17
100
AcDbEntity
  8
YZ_SIDE
100
AcDbPolyline
 90
2
 70
0
 10
421.0
 20
369.00000009999997
 10
421.0
 20
372.00000009999997
  0
LWPOLYLINE
  5
39D
330
17
100
AcDbEntity
  8
YZ_SIDE
100
AcDbPolyline
 90
2
 70
0
 10
397.0
 20
369.00000009999997
 10
397.0
 20
372.00000009999997
  0
LWPOLYLINE
  5
39E
330
17
100
AcDbEntity
  8
YZ_SIDE
100
AcDbPolyline
 90
2
 70
0
 10
421.0
 20
369.00000009999997
 10
421.0
 20
372.00000009999997
  0
LWPOLYLINE
  5
39F
330
17
100
AcDbEntity
  8
YZ_SIDE
100
AcDbPolyline
 90
12
 70
0
 10
395.0
 20
386.00000009999997
 10
396.351602043639
 20
386.00000009999997
 10
397.2740799883863
 20
386.00000009999997
 10
397.47455360470235
 20
386.00000009999997
 10
396.88937393588566
 20
386.00000009999997
 10
395.7043313921036
 20
386.00000009999997
 10
394.29566860789646
 20
386.00000009999997
 10
393.11062606411434
 20
386.00000009999997
 10
392.52544639529765
 20
386.00000009999997
 10
392.7259200116137
 20
386.00000009999997
 10
393.648397956361
 20
386.00000009999997
 10
395.0
 20
386.00000009999997
  0
LWPOLYLINE
  5
3A0
330
17
100
AcDbEntity
  8
YZ_SIDE
100
AcDbPolyline
 90
2
 70
0
 10
395.0
 20
372.00000009999997
 10
395.0
 20
386.00000009999997
  0
LWPOLYLINE
  5
3A1
330
17
100
AcDbEntity
  8
YZ_SIDE
100
AcDbPolyline
 90
12
 70
0
 10
395.0
 20
372.00000009999997
 10
396.351602043639
 20
372.00000009999997
 10
397.2740799883863
 20
372.00000009999997
 10
397.47455360470235
 20
372.00000009999997
 10
396.88937393588566
 20
372.00000009999997
 10
395.7043313921036
 20
372.00000009999997
 10
394.29566860789646
 20
372.00000009999997
 10
393.11062606411434
 20
372.00000009999997
 10
392.52544639529765
 20
372.00000009999997
 10
392.7259200116137
 20
372.00000009999997
 10
393.648397956361
 20
372.00000009999997
 10
395.0
 20
372.00000009999997
  0
LWPOLYLINE
  5
3A2
330
17
100
AcDbEntity
  8
YZ_SIDE
100
AcDbPolyline
 90
12
 70
0
 10
395.0
 20
386.00000009999997
 10
395.6595817972958
 20
386.00000009999997
 10
396.10975103433253
 20
386.00000009999997
 10
396.2075821590947
 20
386.00000009999997
 10
395.92201448071216
 20
386.00000009999997
 10
395.34371371934657
 20
386.00000009999997
 10
394.65628628065343
 20
386.00000009999997
 10
394.07798551928784
 20
386.00000009999997
 10
393.7924178409053
 20
386.00000009999997
 10
393.89024896566747
 20
386.00000009999997
 10
394.3404182027042
 20
386.00000009999997
 10
395.0
 20
386.00000009999997
  0
LWPOLYLINE
  5
3A3
330
17
100
AcDbEntity
  8
YZ_SIDE
100
AcDbPolyline
 90
12
 70
0
 10
395.0
 20
372.00000009999997
 10
395.6595817972958
 20
372.00000009999997
 10
396.10975103433253
 20
372.00000009999997
 10
396.2075821590947
 20
372.00000009999997
 10
395.92201448071216
 20
372.00000009999997
 10
395.34371371934657
 20
372.00000009999997
 10
394.65628628065343
 20
372.00000009999997
 10
394.07798551928784
 20
372.00000009999997
 10
393.7924178409053
 20
372.00000009999997
 10
393.89024896566747
 20
372.00000009999997
 10
394.3404182027042
 20
372.00000009999997
 10
395.0
 20
372.00000009999997
  0
LWPOLYLINE
  5
3A4
330
17
100
AcDbEntity
  8
YZ_SIDE
100
AcDbPolyline
 90
2
 70
0
 10
395.0
 20
372.00000009999997
 10
395.0
 20
386.00000009999997
  0
LWPOLYLINE
  5
3A5
330
17
100
AcDbEntity
  8
YZ_SIDE
100
AcDbPolyline
 90
12
 70
0
 10
423.0
 20
386.00000009999997
 10
424.351602043639
 20
386.00000009999997
 10
425.2740799883863
 20
386.00000009999997
 10
425.47455360470235
 20
386.00000009999997
 10
424.88937393588566
 20
386.00000009999997
 10
423.70433139210354
 20
386.00000009999997
 10
422.29566860789646
 20
386.00000009999997
 10
421.11062606411434
 20
386.00000009999997
 10
420.52544639529765
 20
386.00000009999997
 10
420.7259200116137
 20
386.00000009999997
 10
421.648397956361
 20
386.00000009999997
 10
423.0
 20
386.00000009999997
  0
LWPOLYLINE
  5
3A6
330
17
100
AcDbEntity
  8
YZ_SIDE
100
AcDbPolyline
 90
2
 70
0
 10
423.0
 20
372.00000009999997
 10
423.0
 20
386.00000009999997
  0
LWPOLYLINE
  5
3A7
330
17
100
AcDbEntity
  8
YZ_SIDE
100
AcDbPolyline
 90
12
 70
0
 10
423.0
 20
372.00000009999997
 10
424.351602043639
 20
372.00000009999997
 10
425.2740799883863
 20
372.00000009999997
 10
425.47455360470235
 20
372.00000009999997
 10
424.88937393588566
 20
372.00000009999997
 10
423.70433139210354
 20
372.00000009999997
 10
422.29566860789646
 20
372.00000009999997
 10
421.11062606411434
 20
372.00000009999997
 10
420.52544639529765
 20
372.00000009999997
 10
420.7259200116137
 20
372.00000009999997
 10
421.648397956361
 20
372.00000009999997
 10
423.0
 20
372.00000009999997
  0
LWPOLYLINE
  5
3A8
330
17
100
AcDbEntity
  8
YZ_SIDE
100
AcDbPolyline
 90
12
 70
0
 10
423.0
 20
386.00000009999997
 10
423.6595817972958
 20
386.00000009999997
 10
424.10975103433253
 20
386.00000009999997
 10
424.2075821590947
 20
386.00000009999997
 10
423.92201448071216
 20
386.00000009999997
 10
423.3437137193465
 20
386.00000009999997
 10
422.6562862806535
 20
386.00000009999997
 10
422.07798551928784
 20
386.00000009999997
 10
421.7924178409053
 20
386.00000009999997
 10
421.8902489656675
 20
386.00000009999997
 10
422.3404182027042
 20
386.00000009999997
 10
423.0
 20
386.00000009999997
  0
LWPOLYLINE
  5
3A9
330
17
100
AcDbEntity
  8
YZ_SIDE
100
AcDbPolyline
 90
12
 70
0
 10
423.0
 20
372.00000009999997
 10
423.6595817972958
 20
372.00000009999997
 10
424.10975103433253
 20
372.00000009999997
 10
424.2075821590947
 20
372.00000009999997
 10
423.92201448071216
 20
372.00000009999997
 10
423.3437137193465
 20
372.00000009999997
 10
422.6562862806535
 20
372.00000009999997
 10
422.07798551928784
 20
372.00000009999997
 10
421.7924178409053
 20
372.00000009999997
 10
421.8902489656675
 20
372.00000009999997
 10
422.3404182027042
 20
372.00000009999997
 10
423.0
 20
372.00000009999997
  0
LWPOLYLINE
  5
3AA
330
17
100
AcDbEntity
  8
YZ_SIDE
100
AcDbPolyline
 90
2
 70
0
 10
423.0
 20
372.00000009999997
 10
423.0
 20
386.00000009999997
  0
LWPOLYLINE
  5
3AB
330
17
100
AcDbEntity
  8
YZ_SIDE
100
AcDbPolyline
 90
12
 70
0
 10
395.0
 20
386.00000009999997
 10
396.351602043639
 20
386.00000009999997
 10
397.2740799883863
 20
386.00000009999997
 10
397.47455360470235
 20
386.00000009999997
 10
396.88937393588566
 20
386.00000009999997
 10
395.7043313921036
 20
386.00000009999997
 10
394.29566860789646
 20
386.00000009999997
 10
393.11062606411434
 20
386.00000009999997
 10
392.52544639529765
 20
386.00000009999997
 10
392.7259200116137
 20
386.00000009999997
 10
393.648397956361
 20
386.00000009999997
 10
395.0
 20
386.00000009999997
  0
LWPOLYLINE
  5
3AC
330
17
100
AcDbEntity
  8
YZ_SIDE
100
AcDbPolyline
 90
2
 70
0
 10
395.0
 20
372.00000009999997
 10
395.0
 20
386.00000009999997
  0
LWPOLYLINE
  5
3AD
330
17
100
AcDbEntity
  8
YZ_SIDE
100
AcDbPolyline
 90
12
 70
0
 10
395.0
 20
372.00000009999997
 10
396.351602043639
 20
372.00000009999997
 10
397.2740799883863
 20
372.00000009999997
 10
397.47455360470235
 20
372.00000009999997
 10
396.88937393588566
 20
372.00000009999997
 10
395.7043313921036
 20
372.00000009999997
 10
394.29566860789646
 20
372.00000009999997
 10
393.11062606411434
 20
372.00000009999997
 10
392.52544639529765
 20
372.00000009999997
 10
392.7259200116137
 20
372.00000009999997
 10
393.648397956361
 20
372.00000009999997
 10
395.0
 20
372.00000009999997
  0
LWPOLYLINE
  5
3AE
330
17
100
AcDbEntity
  8
YZ_SIDE
100
AcDbPolyline
 90
12
 70
0
 10
395.0
 20
386.00000009999997
 10
395.6595817972958
 20
386.00000009999997
 10
396.10975103433253
 20
386.00000009999997
 10
396.2075821590947
 20
386.00000009999997
 10
395.92201448071216
 20
386.00000009999997
 10
395.34371371934657
 20
386.00000009999997
 10
394.65628628065343
 20
386.00000009999997
 10
394.07798551928784
 20
386.00000009999997
 10
393.7924178409053
 20
386.00000009999997
 10
393.89024896566747
 20
386.00000009999997
 10
394.3404182027042
 20
386.00000009999997
 10
395.0
 20
386.00000009999997
  0
LWPOLYLINE
  5
3AF
330
17
100
AcDbEntity
  8
YZ_SIDE
100
AcDbPolyline
 90
12
 70
0
 10
395.0
 20
372.00000009999997
 10
395.6595817972958
 20
372.00000009999997
 10
396.10975103433253
 20
372.00000009999997
 10
396.2075821590947
 20
372.00000009999997
 10
395.92201448071216
 20
372.00000009999997
 10
395.34371371934657
 20
372.00000009999997
 10
394.65628628065343
 20
372.00000009999997
 10
394.07798551928784
 20
372.00000009999997
 10
393.7924178409053
 20
372.00000009999997
 10
393.89024896566747
 20
372.00000009999997
 10
394.3404182027042
 20
372.00000009999997
 10
395.0
 20
372.00000009999997
  0
LWPOLYLINE
  5
3B0
330
17
100
AcDbEntity
  8
YZ_SIDE
100
AcDbPolyline
 90
2
 70
0
 10
395.0
 20
372.00000009999997
 10
395.0
 20
386.00000009999997
  0
LWPOLYLINE
  5
3B1
330
17
100
AcDbEntity
  8
YZ_SIDE
100
AcDbPolyline
 90
12
 70
0
 10
423.0
 20
386.00000009999997
 10
424.351602043639
 20
386.00000009999997
 10
425.2740799883863
 20
386.00000009999997
 10
425.47455360470235
 20
386.00000009999997
 10
424.88937393588566
 20
386.00000009999997
 10
423.70433139210354
 20
386.00000009999997
 10
422.29566860789646
 20
386.00000009999997
 10
421.11062606411434
 20
386.00000009999997
 10
420.52544639529765
 20
386.00000009999997
 10
420.7259200116137
 20
386.00000009999997
 10
421.648397956361
 20
386.00000009999997
 10
423.0
 20
386.00000009999997
  0
LWPOLYLINE
  5
3B2
330
17
100
AcDbEntity
  8
YZ_SIDE
100
AcDbPolyline
 90
2
 70
0
 10
423.0
 20
372.00000009999997
 10
423.0
 20
386.00000009999997
  0
LWPOLYLINE
  5
3B3
330
17
100
AcDbEntity
  8
YZ_SIDE
100
AcDbPolyline
 90
12
 70
0
 10
423.0
 20
372.00000009999997
 10
424.351602043639
 20
372.00000009999997
 10
425.2740799883863
 20
372.00000009999997
 10
425.47455360470235
 20
372.00000009999997
 10
424.88937393588566
 20
372.00000009999997
 10
423.70433139210354
 20
372.00000009999997
 10
422.29566860789646
 20
372.00000009999997
 10
421.11062606411434
 20
372.00000009999997
 10
420.52544639529765
 20
372.00000009999997
 10
420.7259200116137
 20
372.00000009999997
 10
421.648397956361
 20
372.00000009999997
 10
423.0
 20
372.00000009999997
  0
LWPOLYLINE
  5
3B4
330
17
100
AcDbEntity
  8
YZ_SIDE
100
AcDbPolyline
 90
12
 70
0
 10
423.0
 20
386.00000009999997
 10
423.6595817972958
 20
386.00000009999997
 10
424.10975103433253
 20
386.00000009999997
 10
424.2075821590947
 20
386.00000009999997
 10
423.92201448071216
 20
386.00000009999997
 10
423.3437137193465
 20
386.00000009999997
 10
422.6562862806535
 20
386.00000009999997
 10
422.07798551928784
 20
386.00000009999997
 10
421.7924178409053
 20
386.00000009999997
 10
421.8902489656675
 20
386.00000009999997
 10
422.3404182027042
 20
386.00000009999997
 10
423.0
 20
386.00000009999997
  0
LWPOLYLINE
  5
3B5
330
17
100
AcDbEntity
  8
YZ_SIDE
100
AcDbPolyline
 90
12
 70
0
 10
423.0
 20
372.00000009999997
 10
423.6595817972958
 20
372.00000009999997
 10
424.10975103433253
 20
372.00000009999997
 10
424.2075821590947
 20
372.00000009999997
 10
423.92201448071216
 20
372.00000009999997
 10
423.3437137193465
 20
372.00000009999997
 10
422.6562862806535
 20
372.00000009999997
 10
422.07798551928784
 20
372.00000009999997
 10
421.7924178409053
 20
372.00000009999997
 10
421.8902489656675
 20
372.00000009999997
 10
422.3404182027042
 20
372.00000009999997
 10
423.0
 20
372.00000009999997
  0
LWPOLYLINE
  5
3B6
330
17
100
AcDbEntity
  8
YZ_SIDE
100
AcDbPolyline
 90
2
 70
0
 10
423.0
 20
372.00000009999997
 10
423.0
 20
386.00000009999997
  0
LWPOLYLINE
  5
3B7
330
17
100
AcDbEntity
  8
YZ_SIDE
100
AcDbPolyline
 90
12
 70
0
 10
409.0
 20
386.00000009999997
 10
412.2438449047336
 20
386.00000009999997
 10
414.4577919721271
 20
386.00000009999997
 10
414.9389286512856
 20
386.00000009999997
 10
413.53449744612556
 20
386.00000009999997
 10
410.6903953410486
 20
386.00000009999997
 10
407.3096046589514
 20
386.00000009999997
 10
404.46550255387444
 20
386.00000009999997
 10
403.0610713487144
 20
386.00000009999997
 10
403.5422080278729
 20
386.00000009999997
 10
405.7561550952664
 20
386.00000009999997
 10
409.0
 20
386.00000009999997
  0
LWPOLYLINE
  5
3B8
330
17
100
AcDbEntity
  8
YZ_SIDE
100
AcDbPolyline
 90
2
 70
0
 10
409.0
 20
346.00000009999997
 10
409.0
 20
386.00000009999997
  0
LWPOLYLINE
  5
3B9
330
17
100
AcDbEntity
  8
YZ_SIDE
100
AcDbPolyline
 90
12
 70
0
 10
409.0
 20
346.00000009999997
 10
412.2438449047336
 20
346.00000009999997
 10
414.4577919721271
 20
346.00000009999997
 10
414.9389286512856
 20
346.00000009999997
 10
413.53449744612556
 20
346.00000009999997
 10
410.6903953410486
 20
346.00000009999997
 10
407.3096046589514
 20
346.00000009999997
 10
404.46550255387444
 20
346.00000009999997
 10
403.0610713487144
 20
346.00000009999997
 10
403.5422080278729
 20
346.00000009999997
 10
405.7561550952664
 20
346.00000009999997
 10
409.0
 20
346.00000009999997
  0
LWPOLYLINE
  5
3BA
330
17
100
AcDbEntity
  8
YZ_SIDE
100
AcDbPolyline
 90
96
 70
0
 10
414.9999999999988
 20
356.00000009999997
 10
418.9404088930536
 20
356.00000009999997
 10
422.8399907489468
 20
356.00000009999997
 10
426.6827292875577
 20
356.00000009999997
 10
430.4528416944362
 20
356.00000009999997
 10
434.1348434436442
 20
356.00000009999997
 10
437.7136118954733
 20
356.00000009999997
 10
441.1744484078307
 20
356.00000009999997
 10
444.503138706191
 20
356.00000009999997
 10
447.686011264164
 20
356.00000009999997
 10
450.70999345489884
 20
356.00000009999997
 10
453.5626652427001
 20
356.00000009999997
 10
456.2323101943363
 20
356.00000009999997
 10
458.7079636005262
 20
356.00000009999997
 10
460.9794575099611
 20
356.00000009999997
 10
463.0374624908991
 20
356.00000009999997
 10
464.87352594881025
 20
356.00000009999997
 10
466.48010684269383
 20
356.00000009999997
 10
467.85060665748233
 20
356.00000009999997
 10
468.97939650532305
 20
356.00000009999997
 10
469.8618402444274
 20
356.00000009999997
 10
470.4943135205342
 20
356.00000009999997
 10
470.8742186527809
 20
356.00000009999997
 10
470.99999530284344
 20
356.00000009999997
 10
470.871126883525
 20
356.00000009999997
 10
470.48814268047175
 20
356.00000009999997
 10
469.8526156783022
 20
356.00000009999997
 10
468.96715610007794
 20
356.00000009999997
 10
467.8354006866508
 20
356.00000009999997
 10
466.4619977599178
 20
356.00000009999997
 10
464.8525881313314
 20
356.00000009999997
 10
463.0137819340785
 20
356.00000009999997
 10
460.9531314740809
 20
356.00000009999997
 10
458.6791002113242
 20
356.00000009999997
 10
456.2010279989141
 20
356.00000009999997
 10
453.52909272262923
 20
356.00000009999997
 10
450.6742684985235
 20
356.00000009999997
 10
447.6482806002695
 20
356.00000009999997
 10
444.463557301362
 20
356.00000009999997
 10
441.13317882997603
 20
356.00000009999997
 10
437.6708236461302
 20
356.00000009999997
 10
434.09071226180544
 20
356.00000009999997
 10
430.40754883475836
 20
356.00000009999997
 10
426.63646077591613
 20
356.00000009999997
 10
422.7929366183939
 20
356.00000009999997
 10
418.8927624033192
 20
356.00000009999997
 10
414.9519568437378
 20
356.00000009999997
 10
410.9867055328943
 20
356.00000009999997
 10
407.0132944671057
 20
356.00000009999997
 10
403.0480431562621
 20
356.00000009999997
 10
399.10723759668076
 20
356.00000009999997
 10
395.207063381606
 20
356.00000009999997
 10
391.36353922408375
 20
356.00000009999997
 10
387.5924511652416
 20
356.00000009999997
 10
383.90928773819456
 20
356.00000009999997
 10
380.32917635386974
 20
356.00000009999997
 10
376.86682117002397
 20
356.00000009999997
 10
373.5364426986379
 20
356.00000009999997
 10
370.3517193997304
 20
356.00000009999997
 10
367.32573150147647
 20
356.00000009999997
 10
364.47090727737077
 20
356.00000009999997
 10
361.7989720010858
 20
356.00000009999997
 10
359.3208997886757
 20
356.00000009999997
 10
357.0468685259191
 20
356.00000009999997
 10
354.9862180659215
 20
356.00000009999997
 10
353.1474118686686
 20
356.00000009999997
 10
351.5380022400822
 20
356.00000009999997
 10
350.1645993133492
 20
356.00000009999997
 10
349.03284389992206
 20
356.00000009999997
 10
348.1473843216978
 20
356.00000009999997
 10
347.51185731952825
 20
356.00000009999997
 10
347.128873116475
 20
356.00000009999997
 10
347.00000469715656
 20
356.00000009999997
 10
347.1257813472191
 20
356.00000009999997
 10
347.5056864794658
 20
356.00000009999997
 10
348.1381597555726
 20
356.00000009999997
 10
349.02060349467695
 20
356.00000009999997
 10
350.1493933425177
 20
356.00000009999997
 10
351.51989315730617
 20
356.00000009999997
 10
353.12647405118975
 20
356.00000009999997
 10
354.9625375091009
 20
356.00000009999997
 10
357.0205424900389
 20
356.00000009999997
 10
359.2920363994738
 20
356.00000009999997
 10
361.7676898056637
 20
356.00000009999997
 10
364.4373347572999
 20
356.00000009999997
 10
367.2900065451012
 20
356.00000009999997
 10
370.313988735836
 20
356.00000009999997
 10
373.49686129380905
 20
356.00000009999997
 10
376.8255515921693
 20
356.00000009999997
 10
380.28638810452674
 20
356.00000009999997
 10
383.8651565563558
 20
356.00000009999997
 10
387.5471583055638
 20
356.00000009999997
 10
391.31727071244234
 20
356.00000009999997
 10
395.1600092510533
 20
356.00000009999997
 10
399.05959110694636
 20
356.00000009999997
 10
403.0000000000012
 20
356.00000009999997
  0
LWPOLYLINE
  5
3BB
330
17
100
AcDbEntity
  8
YZ_SIDE
100
AcDbPolyline
 90
2
 70
0
 10
403.0
 20
356.00000009999997
 10
404.4174243050447
 20
356.00000009999997
  0
LWPOLYLINE
  5
3BC
330
17
100
AcDbEntity
  8
YZ_SIDE
100
AcDbPolyline
 90
16
 70
0
 10
413.5825756949554
 20
356.00000009999997
 10
416.82383147211635
 20
356.00000009999997
 10
419.05326296533565
 20
356.00000009999997
 10
419.98254687262715
 20
356.00000009999997
 10
419.49150268813185
 20
356.00000009999997
 10
417.643635157847
 20
356.00000009999997
 10
414.6779214692685
 20
356.00000009999997
 10
410.9779053042889
 20
356.00000009999997
 10
407.0220946957111
 20
356.00000009999997
 10
403.3220785307315
 20
356.00000009999997
 10
400.356364842153
 20
356.00000009999997
 10
398.50849731186815
 20
356.00000009999997
 10
398.01745312737285
 20
356.00000009999997
 10
398.94673703466435
 20
356.00000009999997
 10
401.17616852788365
 20
356.00000009999997
 10
404.4174243050446
 20
356.00000009999997
  0
LWPOLYLINE
  5
3BD
330
17
100
AcDbEntity
  8
YZ_SIDE
100
AcDbPolyline
 90
2
 70
0
 10
413.5825756949554
 20
356.00000009999997
 10
415.0
 20
356.00000009999997
  0
LWPOLYLINE
  5
3BE
330
17
100
AcDbEntity
  8
YZ_SIDE
100
AcDbPolyline
 90
90
 70
0
 10
409.0
 20
356.00000009999997
 10
412.9925050817948
 20
356.00000009999997
 10
416.9651197041012
 20
356.00000009999997
 10
420.89805250069946
 20
356.00000009999997
 10
424.77170979822944
 20
356.00000009999997
 10
428.56679323088576
 20
356.00000009999997
 10
432.2643958839054
 20
356.00000009999997
 10
435.84609648686603
 20
356.00000009999997
 10
439.2940511875288
 20
356.00000009999997
 10
442.59108244901233
 20
356.00000009999997
 10
445.7207646274177
 20
356.00000009999997
 10
448.6675058035598
 20
356.00000009999997
 10
451.4166254611247
 20
356.00000009999997
 10
453.9544276242633
 20
356.00000009999997
 10
456.26826909025425
 20
356.00000009999997
 10
458.3466224173037
 20
356.00000009999997
 10
460.17913335368064
 20
356.00000009999997
 10
461.75667242207805
 20
356.00000009999997
 10
463.07138040220997
 20
356.00000009999997
 10
464.1167074850511
 20
356.00000009999997
 10
464.88744590365627
 20
356.00000009999997
 10
465.3797558779934
 20
356.00000009999997
 10
465.59118474453413
 20
356.00000009999997
 10
465.52067917530064
 20
356.00000009999997
 10
465.16859042549237
 20
356.00000009999997
 10
464.53667258355017
 20
356.00000009999997
 10
463.6280738323762
 20
356.00000009999997
 10
462.44732076524485
 20
356.00000009999997
 10
461.00029583454295
 20
356.00000009999997
 10
459.2942080456877
 20
356.00000009999997
 10
457.3375570422244
 20
356.00000009999997
 10
455.14009076102957
 20
356.00000009999997
 10
452.7127568685804
 20
356.00000009999997
 10
450.0676482202304
 20
356.00000009999997
 10
447.2179426142127
 20
356.00000009999997
 10
444.1778371405118
 20
356.00000009999997
 10
440.9624774516759
 20
356.00000009999997
 10
437.5878823079372
 20
356.00000009999997
 10
434.07086377255445
 20
356.00000009999997
 10
430.4289434549596
 20
356.00000009999997
 10
426.68026521898076
 20
356.00000009999997
 10
422.8435047910253
 20
356.00000009999997
 10
418.93777671855037
 20
356.00000009999997
 10
414.98253914234897
 20
356.00000009999997
 10
410.99749685707127
 20
356.00000009999997
 10
407.00250314292873
 20
356.00000009999997
 10
403.01746085765103
 20
356.00000009999997
 10
399.06222328144963
 20
356.00000009999997
 10
395.1564952089747
 20
356.00000009999997
 10
391.31973478101924
 20
356.00000009999997
 10
387.5710565450404
 20
356.00000009999997
 10
383.92913622744555
 20
356.00000009999997
 10
380.41211769206285
 20
356.00000009999997
 10
377.0375225483241
 20
356.00000009999997
 10
373.8221628594881
 20
356.00000009999997
 10
370.7820573857873
 20
356.00000009999997
 10
367.9323517797696
 20
356.00000009999997
 10
365.2872431314196
 20
356.00000009999997
 10
362.85990923897043
 20
356.00000009999997
 10
360.6624429577756
 20
356.00000009999997
 10
358.7057919543123
 20
356.00000009999997
 10
356.99970416545705
 20
356.00000009999997
 10
355.55267923475515
 20
356.00000009999997
 10
354.3719261676238
 20
356.00000009999997
 10
353.46332741644983
 20
356.00000009999997
 10
352.83140957450763
 20
356.00000009999997
 10
352.47932082469936
 20
356.00000009999997
 10
352.40881525546587
 20
356.00000009999997
 10
352.6202441220066
 20
356.00000009999997
 10
353.11255409634373
 20
356.00000009999997
 10
353.8832925149489
 20
356.00000009999997
 10
354.92861959779003
 20
356.00000009999997
 10
356.24332757792195
 20
356.00000009999997
 10
357.8208666463194
 20
356.00000009999997
 10
359.6533775826963
 20
356.00000009999997
 10
361.73173090974575
 20
356.00000009999997
 10
364.0455723757367
 20
356.00000009999997
 10
366.5833745388753
 20
356.00000009999997
 10
369.33249419644017
 20
356.00000009999997
 10
372.27923537258226
 20
356.00000009999997
 10
375.4089175509876
 20
356.00000009999997
 10
378.7059488124712
 20
356.00000009999997
 10
382.15390351313397
 20
356.00000009999997
 10
385.7356041160946
 20
356.00000009999997
 10
389.43320676911424
 20
356.00000009999997
 10
393.2282902017705
 20
356.00000009999997
 10
397.10194749930054
 20
356.00000009999997
 10
401.03488029589874
 20
356.00000009999997
 10
405.00749491820517
 20
356.00000009999997
 10
409.0
 20
356.00000009999997
  0
LWPOLYLINE
  5
3BF
330
17
100
AcDbEntity
  8
YZ_SIDE
100
AcDbPolyline
 90
12
 70
0
 10
409.0
 20
356.00000009999997
 10
412.5141653134614
 20
356.00000009999997
 10
414.91260796980436
 20
356.00000009999997
 10
415.4338393722261
 20
356.00000009999997
 10
413.9123722333027
 20
356.00000009999997
 10
410.8312616194693
 20
356.00000009999997
 10
407.1687383805307
 20
356.00000009999997
 10
404.0876277666973
 20
356.00000009999997
 10
402.5661606277739
 20
356.00000009999997
 10
403.08739203019564
 20
356.00000009999997
 10
405.4858346865386
 20
356.00000009999997
 10
409.0
 20
356.00000009999997
  0
LWPOLYLINE
  5
3C0
330
17
100
AcDbEntity
  8
YZ_SIDE
100
AcDbPolyline
 90
2
 70
0
 10
415.0
 20
356.00000009999997
 10
415.0
 20
366.00000009999997
  0
LWPOLYLINE
  5
3C1
330
17
100
AcDbEntity
  8
YZ_SIDE
100
AcDbPolyline
 90
2
 70
0
 10
415.0
 20
356.00000009999997
 10
415.0
 20
366.00000009999997
  0
LWPOLYLINE
  5
3C2
330
17
100
AcDbEntity
  8
YZ_SIDE
100
AcDbPolyline
 90
2
 70
0
 10
413.5825756949554
 20
366.00000009999997
 10
415.0
 20
366.00000009999997
  0
LWPOLYLINE
  5
3C3
330
17
100
AcDbEntity
  8
YZ_SIDE
100
AcDbPolyline
 90
2
 70
0
 10
413.58257569495584
 20
356.00000009999997
 10
413.58257569495584
 20
366.00000009999997
  0
LWPOLYLINE
  5
3C4
330
17
100
AcDbEntity
  8
YZ_SIDE
100
AcDbPolyline
 90
2
 70
0
 10
403.0
 20
366.00000009999997
 10
404.4174243050447
 20
366.00000009999997
  0
LWPOLYLINE
  5
3C5
330
17
100
AcDbEntity
  8
YZ_SIDE
100
AcDbPolyline
 90
2
 70
0
 10
404.41742430504416
 20
356.00000009999997
 10
404.41742430504416
 20
366.00000009999997
  0
LWPOLYLINE
  5
3C6
330
17
100
AcDbEntity
  8
YZ_SIDE
100
AcDbPolyline
 90
2
 70
0
 10
403.0
 20
356.00000009999997
 10
403.0
 20
366.00000009999997
  0
LWPOLYLINE
  5
3C7
330
17
100
AcDbEntity
  8
YZ_SIDE
100
AcDbPolyline
 90
2
 70
0
 10
403.0
 20
356.00000009999997
 10
403.0
 20
366.00000009999997
  0
LWPOLYLINE
  5
3C8
330
17
100
AcDbEntity
  8
YZ_SIDE
100
AcDbPolyline
 90
96
 70
0
 10
414.9999999999988
 20
366.00000009999997
 10
418.9404088930536
 20
366.00000009999997
 10
422.8399907489468
 20
366.00000009999997
 10
426.6827292875577
 20
366.00000009999997
 10
430.4528416944362
 20
366.00000009999997
 10
434.1348434436442
 20
366.00000009999997
 10
437.7136118954733
 20
366.00000009999997
 10
441.1744484078307
 20
366.00000009999997
 10
444.503138706191
 20
366.00000009999997
 10
447.686011264164
 20
366.00000009999997
 10
450.70999345489884
 20
366.00000009999997
 10
453.5626652427001
 20
366.00000009999997
 10
456.2323101943363
 20
366.00000009999997
 10
458.7079636005262
 20
366.00000009999997
 10
460.9794575099611
 20
366.00000009999997
 10
463.0374624908991
 20
366.00000009999997
 10
464.87352594881025
 20
366.00000009999997
 10
466.48010684269383
 20
366.00000009999997
 10
467.85060665748233
 20
366.00000009999997
 10
468.97939650532305
 20
366.00000009999997
 10
469.8618402444274
 20
366.00000009999997
 10
470.4943135205342
 20
366.00000009999997
 10
470.8742186527809
 20
366.00000009999997
 10
470.99999530284344
 20
366.00000009999997
 10
470.871126883525
 20
366.00000009999997
 10
470.48814268047175
 20
366.00000009999997
 10
469.8526156783022
 20
366.00000009999997
 10
468.96715610007794
 20
366.00000009999997
 10
467.8354006866508
 20
366.00000009999997
 10
466.4619977599178
 20
366.00000009999997
 10
464.8525881313314
 20
366.00000009999997
 10
463.0137819340785
 20
366.00000009999997
 10
460.9531314740809
 20
366.00000009999997
 10
458.6791002113242
 20
366.00000009999997
 10
456.2010279989141
 20
366.00000009999997
 10
453.52909272262923
 20
366.00000009999997
 10
450.6742684985235
 20
366.00000009999997
 10
447.6482806002695
 20
366.00000009999997
 10
444.463557301362
 20
366.00000009999997
 10
441.13317882997603
 20
366.00000009999997
 10
437.6708236461302
 20
366.00000009999997
 10
434.09071226180544
 20
366.00000009999997
 10
430.40754883475836
 20
366.00000009999997
 10
426.63646077591613
 20
366.00000009999997
 10
422.7929366183939
 20
366.00000009999997
 10
418.8927624033192
 20
366.00000009999997
 10
414.9519568437378
 20
366.00000009999997
 10
410.9867055328943
 20
366.00000009999997
 10
407.0132944671057
 20
366.00000009999997
 10
403.0480431562621
 20
366.00000009999997
 10
399.10723759668076
 20
366.00000009999997
 10
395.207063381606
 20
366.00000009999997
 10
391.36353922408375
 20
366.00000009999997
 10
387.5924511652416
 20
366.00000009999997
 10
383.90928773819456
 20
366.00000009999997
 10
380.32917635386974
 20
366.00000009999997
 10
376.86682117002397
 20
366.00000009999997
 10
373.5364426986379
 20
366.00000009999997
 10
370.3517193997304
 20
366.00000009999997
 10
367.32573150147647
 20
366.00000009999997
 10
364.47090727737077
 20
366.00000009999997
 10
361.7989720010858
 20
366.00000009999997
 10
359.3208997886757
 20
366.00000009999997
 10
357.0468685259191
 20
366.00000009999997
 10
354.9862180659215
 20
366.00000009999997
 10
353.1474118686686
 20
366.00000009999997
 10
351.5380022400822
 20
366.00000009999997
 10
350.1645993133492
 20
366.00000009999997
 10
349.03284389992206
 20
366.00000009999997
 10
348.1473843216978
 20
366.00000009999997
 10
347.51185731952825
 20
366.00000009999997
 10
347.128873116475
 20
366.00000009999997
 10
347.00000469715656
 20
366.00000009999997
 10
347.1257813472191
 20
366.00000009999997
 10
347.5056864794658
 20
366.00000009999997
 10
348.1381597555726
 20
366.00000009999997
 10
349.02060349467695
 20
366.00000009999997
 10
350.1493933425177
 20
366.00000009999997
 10
351.51989315730617
 20
366.00000009999997
 10
353.12647405118975
 20
366.00000009999997
 10
354.9625375091009
 20
366.00000009999997
 10
357.0205424900389
 20
366.00000009999997
 10
359.2920363994738
 20
366.00000009999997
 10
361.7676898056637
 20
366.00000009999997
 10
364.4373347572999
 20
366.00000009999997
 10
367.2900065451012
 20
366.00000009999997
 10
370.313988735836
 20
366.00000009999997
 10
373.49686129380905
 20
366.00000009999997
 10
376.8255515921693
 20
366.00000009999997
 10
380.28638810452674
 20
366.00000009999997
 10
383.8651565563558
 20
366.00000009999997
 10
387.5471583055638
 20
366.00000009999997
 10
391.31727071244234
 20
366.00000009999997
 10
395.1600092510533
 20
366.00000009999997
 10
399.05959110694636
 20
366.00000009999997
 10
403.0000000000012
 20
366.00000009999997
  0
LWPOLYLINE
  5
3C9
330
17
100
AcDbEntity
  8
YZ_SIDE
100
AcDbPolyline
 90
90
 70
0
 10
409.0
 20
366.00000009999997
 10
412.9925050817948
 20
366.00000009999997
 10
416.9651197041012
 20
366.00000009999997
 10
420.89805250069946
 20
366.00000009999997
 10
424.77170979822944
 20
366.00000009999997
 10
428.56679323088576
 20
366.00000009999997
 10
432.2643958839054
 20
366.00000009999997
 10
435.84609648686603
 20
366.00000009999997
 10
439.2940511875288
 20
366.00000009999997
 10
442.59108244901233
 20
366.00000009999997
 10
445.7207646274177
 20
366.00000009999997
 10
448.6675058035598
 20
366.00000009999997
 10
451.4166254611247
 20
366.00000009999997
 10
453.9544276242633
 20
366.00000009999997
 10
456.26826909025425
 20
366.00000009999997
 10
458.3466224173037
 20
366.00000009999997
 10
460.17913335368064
 20
366.00000009999997
 10
461.75667242207805
 20
366.00000009999997
 10
463.07138040220997
 20
366.00000009999997
 10
464.1167074850511
 20
366.00000009999997
 10
464.88744590365627
 20
366.00000009999997
 10
465.3797558779934
 20
366.00000009999997
 10
465.59118474453413
 20
366.00000009999997
 10
465.52067917530064
 20
366.00000009999997
 10
465.16859042549237
 20
366.00000009999997
 10
464.53667258355017
 20
366.00000009999997
 10
463.6280738323762
 20
366.00000009999997
 10
462.44732076524485
 20
366.00000009999997
 10
461.00029583454295
 20
366.00000009999997
 10
459.2942080456877
 20
366.00000009999997
 10
457.3375570422244
 20
366.00000009999997
 10
455.14009076102957
 20
366.00000009999997
 10
452.7127568685804
 20
366.00000009999997
 10
450.0676482202304
 20
366.00000009999997
 10
447.2179426142127
 20
366.00000009999997
 10
444.1778371405118
 20
366.00000009999997
 10
440.9624774516759
 20
366.00000009999997
 10
437.5878823079372
 20
366.00000009999997
 10
434.07086377255445
 20
366.00000009999997
 10
430.4289434549596
 20
366.00000009999997
 10
426.68026521898076
 20
366.00000009999997
 10
422.8435047910253
 20
366.00000009999997
 10
418.93777671855037
 20
366.00000009999997
 10
414.98253914234897
 20
366.00000009999997
 10
410.99749685707127
 20
366.00000009999997
 10
407.00250314292873
 20
366.00000009999997
 10
403.01746085765103
 20
366.00000009999997
 10
399.06222328144963
 20
366.00000009999997
 10
395.1564952089747
 20
366.00000009999997
 10
391.31973478101924
 20
366.00000009999997
 10
387.5710565450404
 20
366.00000009999997
 10
383.92913622744555
 20
366.00000009999997
 10
380.41211769206285
 20
366.00000009999997
 10
377.0375225483241
 20
366.00000009999997
 10
373.8221628594881
 20
366.00000009999997
 10
370.7820573857873
 20
366.00000009999997
 10
367.9323517797696
 20
366.00000009999997
 10
365.2872431314196
 20
366.00000009999997
 10
362.85990923897043
 20
366.00000009999997
 10
360.6624429577756
 20
366.00000009999997
 10
358.7057919543123
 20
366.00000009999997
 10
356.99970416545705
 20
366.00000009999997
 10
355.55267923475515
 20
366.00000009999997
 10
354.3719261676238
 20
366.00000009999997
 10
353.46332741644983
 20
366.00000009999997
 10
352.83140957450763
 20
366.00000009999997
 10
352.47932082469936
 20
366.00000009999997
 10
352.40881525546587
 20
366.00000009999997
 10
352.6202441220066
 20
366.00000009999997
 10
353.11255409634373
 20
366.00000009999997
 10
353.8832925149489
 20
366.00000009999997
 10
354.92861959779003
 20
366.00000009999997
 10
356.24332757792195
 20
366.00000009999997
 10
357.8208666463194
 20
366.00000009999997
 10
359.6533775826963
 20
366.00000009999997
 10
361.73173090974575
 20
366.00000009999997
 10
364.0455723757367
 20
366.00000009999997
 10
366.5833745388753
 20
366.00000009999997
 10
369.33249419644017
 20
366.00000009999997
 10
372.27923537258226
 20
366.00000009999997
 10
375.4089175509876
 20
366.00000009999997
 10
378.7059488124712
 20
366.00000009999997
 10
382.15390351313397
 20
366.00000009999997
 10
385.7356041160946
 20
366.00000009999997
 10
389.43320676911424
 20
366.00000009999997
 10
393.2282902017705
 20
366.00000009999997
 10
397.10194749930054
 20
366.00000009999997
 10
401.03488029589874
 20
366.00000009999997
 10
405.00749491820517
 20
366.00000009999997
 10
409.0
 20
366.00000009999997
  0
LWPOLYLINE
  5
3CA
330
17
100
AcDbEntity
  8
YZ_SIDE
100
AcDbPolyline
 90
2
 70
0
 10
409.0
 20
356.00000009999997
 10
409.0
 20
366.00000009999997
  0
LWPOLYLINE
  5
3CB
330
17
100
AcDbEntity
  8
YZ_SIDE
100
AcDbPolyline
 90
16
 70
0
 10
404.4174243050446
 20
366.00000009999997
 10
401.17616852788365
 20
366.00000009999997
 10
398.94673703466435
 20
366.00000009999997
 10
398.01745312737285
 20
366.00000009999997
 10
398.50849731186815
 20
366.00000009999997
 10
400.356364842153
 20
366.00000009999997
 10
403.3220785307315
 20
366.00000009999997
 10
407.0220946957111
 20
366.00000009999997
 10
410.9779053042889
 20
366.00000009999997
 10
414.6779214692685
 20
366.00000009999997
 10
417.643635157847
 20
366.00000009999997
 10
419.49150268813185
 20
366.00000009999997
 10
419.98254687262715
 20
366.00000009999997
 10
419.05326296533565
 20
366.00000009999997
 10
416.82383147211635
 20
366.00000009999997
 10
413.5825756949554
 20
366.00000009999997
  0
LWPOLYLINE
  5
3CC
330
17
100
AcDbEntity
  8
YZ_SIDE
100
AcDbPolyline
 90
12
 70
0
 10
409.0
 20
366.00000009999997
 10
412.5141653134614
 20
366.00000009999997
 10
414.91260796980436
 20
366.00000009999997
 10
415.4338393722261
 20
366.00000009999997
 10
413.9123722333027
 20
366.00000009999997
 10
410.8312616194693
 20
366.00000009999997
 10
407.1687383805307
 20
366.00000009999997
 10
404.0876277666973
 20
366.00000009999997
 10
402.5661606277739
 20
366.00000009999997
 10
403.08739203019564
 20
366.00000009999997
 10
405.4858346865386
 20
366.00000009999997
 10
409.0
 20
366.00000009999997
  0
LWPOLYLINE
  5
3CD
330
17
100
AcDbEntity
  8
YZ_SIDE
100
AcDbPolyline
 90
2
 70
0
 10
409.0
 20
356.00000009999997
 10
409.0
 20
366.00000009999997
  0
LWPOLYLINE
  5
3CE
330
17
100
AcDbEntity
  8
YZ_SIDE
100
AcDbPolyline
 90
2
 70
0
 10
397.0
 20
186.0000001
 10
397.0
 20
205.5000001
  0
LWPOLYLINE
  5
3CF
330
17
100
AcDbEntity
  8
YZ_SIDE
100
AcDbPolyline
 90
2
 70
0
 10
397.0
 20
186.0000001
 10
421.0
 20
186.0000001
  0
LWPOLYLINE
  5
3D0
330
17
100
AcDbEntity
  8
YZ_SIDE
100
AcDbPolyline
 90
2
 70
0
 10
421.0
 20
186.0000001
 10
421.0
 20
205.5000001
  0
LWPOLYLINE
  5
3D1
330
17
100
AcDbEntity
  8
YZ_SIDE
100
AcDbPolyline
 90
2
 70
0
 10
397.0
 20
205.5000001
 10
421.0
 20
205.5000001
  0
LWPOLYLINE
  5
3D2
330
17
100
AcDbEntity
  8
YZ_SIDE
100
AcDbPolyline
 90
2
 70
0
 10
415.0
 20
191.0000001
 10
415.0
 20
197.0000001
  0
LWPOLYLINE
  5
3D3
330
17
100
AcDbEntity
  8
YZ_SIDE
100
AcDbPolyline
 90
2
 70
0
 10
403.0
 20
191.0000001
 10
415.0
 20
191.0000001
  0
LWPOLYLINE
  5
3D4
330
17
100
AcDbEntity
  8
YZ_SIDE
100
AcDbPolyline
 90
2
 70
0
 10
403.0
 20
191.0000001
 10
403.0
 20
197.0000001
  0
LWPOLYLINE
  5
3D5
330
17
100
AcDbEntity
  8
YZ_SIDE
100
AcDbPolyline
 90
2
 70
0
 10
415.0
 20
197.0000001
 10
403.0
 20
197.0000001
  0
LWPOLYLINE
  5
3D6
330
17
100
AcDbEntity
  8
YZ_SIDE
100
AcDbPolyline
 90
2
 70
0
 10
397.0
 20
186.0000001
 10
397.0
 20
205.5000001
  0
LWPOLYLINE
  5
3D7
330
17
100
AcDbEntity
  8
YZ_SIDE
100
AcDbPolyline
 90
12
 70
0
 10
397.0
 20
205.5000000999998
 10
397.0
 20
202.087675477735
 10
397.0
 20
198.97646622266797
 10
397.0
 20
196.40582918148698
 10
397.0
 20
194.5736156041068
 10
397.0
 20
193.62084335519995
 10
397.0
 20
193.62084335519995
 10
397.0
 20
194.5736156041068
 10
397.0
 20
196.40582918148698
 10
397.0
 20
198.97646622266797
 10
397.0
 20
202.087675477735
 10
397.0
 20
205.50000009999974
  0
LWPOLYLINE
  5
3D8
330
17
100
AcDbEntity
  8
YZ_SIDE
100
AcDbPolyline
 90
2
 70
0
 10
397.0
 20
186.0000001
 10
421.0
 20
186.0000001
  0
LWPOLYLINE
  5
3D9
330
17
100
AcDbEntity
  8
YZ_SIDE
100
AcDbPolyline
 90
12
 70
0
 10
409.0
 20
186.0000001
 10
411.1625632698224
 20
186.0000001
 10
412.63852798141806
 20
186.0000001
 10
412.95928576752374
 20
186.0000001
 10
412.022998297417
 20
186.0000001
 10
410.12693022736573
 20
186.0000001
 10
407.87306977263427
 20
186.0000001
 10
405.977001702583
 20
186.0000001
 10
405.04071423247626
 20
186.0000001
 10
405.36147201858194
 20
186.0000001
 10
406.8374367301776
 20
186.0000001
 10
409.0
 20
186.0000001
  0
LWPOLYLINE
  5
3DA
330
17
100
AcDbEntity
  8
YZ_SIDE
100
AcDbPolyline
 90
12
 70
0
 10
409.0
 20
186.0000001
 10
411.1625632698224
 20
186.0000001
 10
412.63852798141806
 20
186.0000001
 10
412.95928576752374
 20
186.0000001
 10
412.022998297417
 20
186.0000001
 10
410.12693022736573
 20
186.0000001
 10
407.87306977263427
 20
186.0000001
 10
405.977001702583
 20
186.0000001
 10
405.04071423247626
 20
186.0000001
 10
405.36147201858194
 20
186.0000001
 10
406.8374367301776
 20
186.0000001
 10
409.0
 20
186.0000001
  0
LWPOLYLINE
  5
3DB
330
17
100
AcDbEntity
  8
YZ_SIDE
100
AcDbPolyline
 90
2
 70
0
 10
421.0
 20
186.0000001
 10
421.0
 20
205.5000001
  0
LWPOLYLINE
  5
3DC
330
17
100
AcDbEntity
  8
YZ_SIDE
100
AcDbPolyline
 90
12
 70
0
 10
421.0
 20
205.5000000999998
 10
421.0
 20
202.087675477735
 10
421.0
 20
198.97646622266797
 10
421.0
 20
196.40582918148698
 10
421.0
 20
194.5736156041068
 10
421.0
 20
193.62084335519995
 10
421.0
 20
193.62084335519995
 10
421.0
 20
194.5736156041068
 10
421.0
 20
196.40582918148698
 10
421.0
 20
198.97646622266797
 10
421.0
 20
202.087675477735
 10
421.0
 20
205.50000009999974
  0
LWPOLYLINE
  5
3DD
330
17
100
AcDbEntity
  8
YZ_SIDE
100
AcDbPolyline
 90
2
 70
0
 10
397.0
 20
205.5000001
 10
421.0
 20
205.5000001
  0
LWPOLYLINE
  5
3DE
330
17
100
AcDbEntity
  8
YZ_SIDE
100
AcDbPolyline
 90
12
 70
0
 10
409.0
 20
205.5000001
 10
411.1625632698224
 20
205.5000001
 10
412.63852798141806
 20
205.5000001
 10
412.95928576752374
 20
205.5000001
 10
412.022998297417
 20
205.5000001
 10
410.12693022736573
 20
205.5000001
 10
407.87306977263427
 20
205.5000001
 10
405.977001702583
 20
205.5000001
 10
405.04071423247626
 20
205.5000001
 10
405.36147201858194
 20
205.5000001
 10
406.8374367301776
 20
205.5000001
 10
409.0
 20
205.5000001
  0
LWPOLYLINE
  5
3DF
330
17
100
AcDbEntity
  8
YZ_SIDE
100
AcDbPolyline
 90
2
 70
0
 10
415.0
 20
191.0000001
 10
415.0
 20
197.0000001
  0
LWPOLYLINE
  5
3E0
330
17
100
AcDbEntity
  8
YZ_SIDE
100
AcDbPolyline
 90
12
 70
0
 10
414.9999999999999
 20
191.0000001
 10
417.2805927444531
 20
191.0000001
 10
417.99417732519055
 20
191.0000001
 10
417.0057159619439
 20
191.0000001
 10
414.5022637452756
 20
191.0000001
 10
410.95757058440813
 20
191.0000001
 10
407.04242941559187
 20
191.0000001
 10
403.4977362547243
 20
191.0000001
 10
400.9942840380561
 20
191.0000001
 10
400.00582267480945
 20
191.0000001
 10
400.7194072555469
 20
191.0000001
 10
403.0000000000001
 20
191.0000001
  0
LWPOLYLINE
  5
3E1
330
17
100
AcDbEntity
  8
YZ_SIDE
100
AcDbPolyline
 90
12
 70
0
 10
409.0
 20
191.0000001
 10
411.1625632698224
 20
191.0000001
 10
412.63852798141806
 20
191.0000001
 10
412.95928576752374
 20
191.0000001
 10
412.022998297417
 20
191.0000001
 10
410.12693022736573
 20
191.0000001
 10
407.87306977263427
 20
191.0000001
 10
405.977001702583
 20
191.0000001
 10
405.04071423247626
 20
191.0000001
 10
405.36147201858194
 20
191.0000001
 10
406.8374367301776
 20
191.0000001
 10
409.0
 20
191.0000001
  0
LWPOLYLINE
  5
3E2
330
17
100
AcDbEntity
  8
YZ_SIDE
100
AcDbPolyline
 90
2
 70
0
 10
403.0
 20
191.0000001
 10
403.0
 20
197.0000001
  0
LWPOLYLINE
  5
3E3
330
17
100
AcDbEntity
  8
YZ_SIDE
100
AcDbPolyline
 90
12
 70
0
 10
414.9999999999999
 20
197.0000001
 10
417.2805927444531
 20
197.0000001
 10
417.99417732519055
 20
197.0000001
 10
417.0057159619439
 20
197.0000001
 10
414.5022637452756
 20
197.0000001
 10
410.95757058440813
 20
197.0000001
 10
407.04242941559187
 20
197.0000001
 10
403.4977362547243
 20
197.0000001
 10
400.9942840380561
 20
197.0000001
 10
400.00582267480945
 20
197.0000001
 10
400.7194072555469
 20
197.0000001
 10
403.0000000000001
 20
197.0000001
  0
LWPOLYLINE
  5
3E4
330
17
100
AcDbEntity
  8
YZ_SIDE
100
AcDbPolyline
 90
12
 70
0
 10
409.0
 20
197.0000001
 10
411.1625632698224
 20
197.0000001
 10
412.63852798141806
 20
197.0000001
 10
412.95928576752374
 20
197.0000001
 10
412.022998297417
 20
197.0000001
 10
410.12693022736573
 20
197.0000001
 10
407.87306977263427
 20
197.0000001
 10
405.977001702583
 20
197.0000001
 10
405.04071423247626
 20
197.0000001
 10
405.36147201858194
 20
197.0000001
 10
406.8374367301776
 20
197.0000001
 10
409.0
 20
197.0000001
  0
LWPOLYLINE
  5
3E5
330
17
100
AcDbEntity
  8
YZ_SIDE
100
AcDbPolyline
 90
2
 70
0
 10
397.0
 20
205.5000001
 10
400.0
 20
205.5000001
  0
LWPOLYLINE
  5
3E6
330
17
100
AcDbEntity
  8
YZ_SIDE
100
AcDbPolyline
 90
2
 70
0
 10
400.0
 20
196.0000001
 10
400.0
 20
205.5000001
  0
LWPOLYLINE
  5
3E7
330
17
100
AcDbEntity
  8
YZ_SIDE
100
AcDbPolyline
 90
2
 70
0
 10
418.0
 20
196.0000001
 10
400.0
 20
196.0000001
  0
LWPOLYLINE
  5
3E8
330
17
100
AcDbEntity
  8
YZ_SIDE
100
AcDbPolyline
 90
2
 70
0
 10
418.0
 20
196.0000001
 10
418.0
 20
205.5000001
  0
LWPOLYLINE
  5
3E9
330
17
100
AcDbEntity
  8
YZ_SIDE
100
AcDbPolyline
 90
2
 70
0
 10
418.0
 20
205.5000001
 10
421.0
 20
205.5000001
  0
LWPOLYLINE
  5
3EA
330
17
100
AcDbEntity
  8
YZ_SIDE
100
AcDbPolyline
 90
2
 70
0
 10
412.9686269665969
 20
205.5000001
 10
418.0
 20
205.5000001
  0
LWPOLYLINE
  5
3EB
330
17
100
AcDbEntity
  8
YZ_SIDE
100
AcDbPolyline
 90
12
 70
0
 10
412.9686269665969
 20
205.5000001
 10
412.70245800864836
 20
205.5000001
 10
412.1820274113551
 20
205.5000001
 10
411.4430750903417
 20
205.5000001
 10
410.5363476653132
 20
205.5000001
 10
409.52411349987767
 20
205.5000001
 10
408.47588650012233
 20
205.5000001
 10
407.4636523346868
 20
205.5000001
 10
406.5569249096583
 20
205.5000001
 10
405.8179725886449
 20
205.5000001
 10
405.29754199135164
 20
205.5000001
 10
405.0313730334031
 20
205.5000001
  0
LWPOLYLINE
  5
3EC
330
17
100
AcDbEntity
  8
YZ_SIDE
100
AcDbPolyline
 90
2
 70
0
 10
400.0
 20
205.5000001
 10
405.0313730334031
 20
205.5000001
  0
LWPOLYLINE
  5
3ED
330
17
100
AcDbEntity
  8
YZ_SIDE
100
AcDbPolyline
 90
2
 70
0
 10
397.0
 20
205.5000001
 10
421.0
 20
205.5000001
  0
LWPOLYLINE
  5
3EE
330
17
100
AcDbEntity
  8
YZ_SIDE
100
AcDbPolyline
 90
2
 70
0
 10
409.0
 20
186.0000001
 10
409.0
 20
205.5000001
  0
LWPOLYLINE
  5
3EF
330
17
100
AcDbEntity
  8
YZ_SIDE
100
AcDbPolyline
 90
12
 70
0
 10
409.0
 20
206.0000001
 10
409.6143313112913
 20
206.0000001
 10
410.2140854959892
 20
206.0000001
 10
410.78503132004346
 20
206.0000001
 10
411.31362112699856
 20
206.0000001
 10
411.7873123028116
 20
206.0000001
 10
412.1948648925769
 20
206.0000001
 10
412.52660830717537
 20
206.0000001
 10
412.7746707913143
 20
206.0000001
 10
412.933166208038
 20
206.0000001
 10
412.9983337076037
 20
206.0000001
 10
412.9686269665969
 20
206.0000001
  0
LWPOLYLINE
  5
3F0
330
17
100
AcDbEntity
  8
YZ_SIDE
100
AcDbPolyline
 90
2
 70
0
 10
412.9686269665969
 20
205.5000001
 10
412.9686269665969
 20
206.0000001
  0
LWPOLYLINE
  5
3F1
330
17
100
AcDbEntity
  8
YZ_SIDE
100
AcDbPolyline
 90
2
 70
0
 10
405.0313730334031
 20
205.5000001
 10
405.0313730334031
 20
206.0000001
  0
LWPOLYLINE
  5
3F2
330
17
100
AcDbEntity
  8
YZ_SIDE
100
AcDbPolyline
 90
12
 70
0
 10
405.0313730334031
 20
206.0000001
 10
405.0016662923963
 20
206.0000001
 10
405.066833791962
 20
206.0000001
 10
405.2253292086857
 20
206.0000001
 10
405.47339169282463
 20
206.0000001
 10
405.8051351074231
 20
206.0000001
 10
406.2126876971884
 20
206.0000001
 10
406.68637887300144
 20
206.0000001
 10
407.21496867995654
 20
206.0000001
 10
407.7859145040108
 20
206.0000001
 10
408.3856686887087
 20
206.0000001
 10
409.0
 20
206.0000001
  0
LWPOLYLINE
  5
3F3
330
17
100
AcDbEntity
  8
YZ_SIDE
100
AcDbPolyline
 90
2
 70
0
 10
409.0
 20
186.0000001
 10
409.0
 20
206.0000001
  0
LWPOLYLINE
  5
3F4
330
17
100
AcDbEntity
  8
YZ_SIDE
100
AcDbPolyline
 90
2
 70
0
 10
409.0
 20
191.0000001
 10
409.0
 20
197.0000001
  0
LWPOLYLINE
  5
3F5
330
17
100
AcDbEntity
  8
YZ_SIDE
100
AcDbPolyline
 90
2
 70
0
 10
400.0
 20
196.0000001
 10
400.0
 20
201.0000001
  0
LWPOLYLINE
  5
3F6
330
17
100
AcDbEntity
  8
YZ_SIDE
100
AcDbPolyline
 90
2
 70
0
 10
400.0
 20
201.0000001
 10
400.0
 20
206.0000001
  0
LWPOLYLINE
  5
3F7
330
17
100
AcDbEntity
  8
YZ_SIDE
100
AcDbPolyline
 90
2
 70
0
 10
400.0
 20
205.5000001
 10
400.0
 20
206.0000001
  0
LWPOLYLINE
  5
3F8
330
17
100
AcDbEntity
  8
YZ_SIDE
100
AcDbPolyline
 90
12
 70
0
 10
418.0
 20
196.0000001
 10
416.3740041306148
 20
196.0000001
 10
414.741792499647
 20
196.0000001
 10
413.1047409455381
 20
196.0000001
 10
411.4642293864409
 20
196.0000001
 10
409.8216406570466
 20
196.0000001
 10
408.1783593429534
 20
196.0000001
 10
406.53577061355907
 20
196.0000001
 10
404.89525905446186
 20
196.0000001
 10
403.25820750035297
 20
196.0000001
 10
401.6259958693852
 20
196.0000001
 10
399.99999999999994
 20
196.0000001
  0
LWPOLYLINE
  5
3F9
330
17
100
AcDbEntity
  8
YZ_SIDE
100
AcDbPolyline
 90
2
 70
0
 10
418.0
 20
196.0000001
 10
418.0
 20
201.0000001
  0
LWPOLYLINE
  5
3FA
330
17
100
AcDbEntity
  8
YZ_SIDE
100
AcDbPolyline
 90
2
 70
0
 10
418.0
 20
201.0000001
 10
418.0
 20
206.0000001
  0
LWPOLYLINE
  5
3FB
330
17
100
AcDbEntity
  8
YZ_SIDE
100
AcDbPolyline
 90
2
 70
0
 10
418.0
 20
205.5000001
 10
418.0
 20
206.0000001
  0
LWPOLYLINE
  5
3FC
330
17
100
AcDbEntity
  8
YZ_SIDE
100
AcDbPolyline
 90
2
 70
0
 10
412.9686269665969
 20
206.0000001
 10
418.0
 20
206.0000001
  0
LWPOLYLINE
  5
3FD
330
17
100
AcDbEntity
  8
YZ_SIDE
100
AcDbPolyline
 90
2
 70
0
 10
400.0
 20
206.0000001
 10
405.0313730334031
 20
206.0000001
  0
LWPOLYLINE
  5
3FE
330
17
100
AcDbEntity
  8
YZ_SIDE
100
AcDbPolyline
 90
12
 70
0
 10
418.0
 20
206.0000001
 10
416.37226136768834
 20
206.0000001
 10
414.7393511238233
 20
206.0000001
 10
413.1024147483414
 20
206.0000001
 10
411.46260054549396
 20
206.0000001
 10
409.8210588383169
 20
206.0000001
 10
408.17894116168316
 20
206.0000001
 10
406.53739945450604
 20
206.0000001
 10
404.8975852516586
 20
206.0000001
 10
403.2606488761767
 20
206.0000001
 10
401.62773863231166
 20
206.0000001
 10
400.0
 20
206.0000001
  0
LWPOLYLINE
  5
3FF
330
17
100
AcDbEntity
  8
YZ_SIDE
100
AcDbPolyline
 90
2
 70
0
 10
418.0
 20
201.0000001
 10
418.0
 20
206.0000001
  0
LWPOLYLINE
  5
400
330
17
100
AcDbEntity
  8
YZ_SIDE
100
AcDbPolyline
 90
12
 70
0
 10
418.0
 20
206.0000001
 10
416.3740041306148
 20
206.0000001
 10
414.741792499647
 20
206.0000001
 10
413.1047409455381
 20
206.0000001
 10
411.4642293864409
 20
206.0000001
 10
409.8216406570466
 20
206.0000001
 10
408.1783593429534
 20
206.0000001
 10
406.53577061355907
 20
206.0000001
 10
404.89525905446186
 20
206.0000001
 10
403.25820750035297
 20
206.0000001
 10
401.6259958693852
 20
206.0000001
 10
399.99999999999994
 20
206.0000001
  0
LWPOLYLINE
  5
401
330
17
100
AcDbEntity
  8
YZ_SIDE
100
AcDbPolyline
 90
2
 70
0
 10
400.0
 20
201.0000001
 10
400.0
 20
206.0000001
  0
LWPOLYLINE
  5
402
330
17
100
AcDbEntity
  8
YZ_SIDE
100
AcDbPolyline
 90
48
 70
0
 10
400.0
 20
201.0000001
 10
396.1107253656288
 20
201.0000001
 10
392.27380416409017
 20
201.0000001
 10
388.5048211355737
 20
201.0000001
 10
384.8190850701725
 20
201.0000001
 10
381.2315666269045
 20
201.0000001
 10
377.7568375261483
 20
201.0000001
 10
374.4090113624813
 20
201.0000001
 10
371.20168627832567
 20
201.0000001
 10
368.1478897312481
 20
201.0000001
 10
365.26002557925824
 20
201.0000001
 10
362.5498236990326
 20
201.0000001
 10
360.0282923417043
 20
201.0000001
 10
357.705673419739
 20
201.0000001
 10
355.5914009065119
 20
201.0000001
 10
353.69406251755805
 20
201.0000001
 10
352.0213648291374
 20
201.0000001
 10
350.5801019757969
 20
201.0000001
 10
349.3761280540726
 20
201.0000001
 10
348.41433334442087
 20
201.0000001
 10
347.6986244479624
 20
201.0000001
 10
347.231908418717
 20
201.0000001
 10
347.0160809557819
 20
201.0000001
 10
347.05201870341403
 20
201.0000001
 10
347.33957569029155
 20
201.0000001
 10
347.8775839224175
 20
201.0000001
 10
348.66385812725764
 20
201.0000001
 10
349.6952046298428
 20
201.0000001
 10
350.96743432478246
 20
201.0000001
 10
352.47537969150073
 20
201.0000001
 10
354.21291578358205
 20
201.0000001
 10
356.1729851069724
 20
201.0000001
 10
358.34762628598713
 20
201.0000001
 10
360.72800640068846
 20
201.0000001
 10
363.30445686428715
 20
201.0000001
 10
366.06651269484155
 20
201.0000001
 10
369.0029550217395
 20
201.0000001
 10
372.1018566543138
 20
201.0000001
 10
375.3506305274984
 20
201.0000001
 10
378.7360808277521
 20
201.0000001
 10
382.24445659158545
 20
201.0000001
 10
385.86150755898655
 20
201.0000001
 10
389.57254205488096
 20
201.0000001
 10
393.3624866635233
 20
201.0000001
 10
397.21594745343685
 20
201.0000001
 10
401.11727250421785
 20
201.0000001
 10
405.0506154812355
 20
201.0000001
 10
409.0
 20
201.0000001
  0
LWPOLYLINE
  5
403
330
17
100
AcDbEntity
  8
YZ_SIDE
100
AcDbPolyline
 90
44
 70
0
 10
400.0
 20
201.0000001
 10
396.14965707985897
 20
201.0000001
 10
392.36108608535073
 20
201.0000001
 10
388.6524987737165
 20
201.0000001
 10
385.04172241859703
 20
201.0000001
 10
381.54611411387486
 20
201.0000001
 10
378.18247733768135
 20
201.0000001
 10
374.96698117764987
 20
201.0000001
 10
371.9150826056998
 20
201.0000001
 10
369.0414521759787
 20
201.0000001
 10
366.3599035031352
 20
201.0000001
 10
363.88332685992134
 20
201.0000001
 10
361.6236272133237
 20
201.0000001
 10
359.5916669970834
 20
201.0000001
 10
357.7972138957009
 20
201.0000001
 10
356.24889389092783
 20
201.0000001
 10
354.9541497964528
 20
201.0000001
 10
353.91920548010677
 20
201.0000001
 10
353.14903594557177
 20
201.0000001
 10
352.64734341741166
 20
201.0000001
 10
352.4165395443842
 20
201.0000001
 10
352.45773380658403
 20
201.0000001
 10
352.7707281821439
 20
201.0000001
 10
353.3540180991304
 20
201.0000001
 10
354.2047996680601
 20
201.0000001
 10
355.3189831602671
 20
201.0000001
 10
356.69121266733333
 20
201.0000001
 10
358.3148918470764
 20
201.0000001
 10
360.18221563233465
 20
201.0000001
 10
362.2842077501236
 20
201.0000001
 10
364.61076387080874
 20
201.0000001
 10
367.15070017987557
 20
201.0000001
 10
369.8918071388105
 20
201.0000001
 10
372.82090817666364
 20
201.0000001
 10
375.92392303016055
 20
201.0000001
 10
379.18593542788665
 20
201.0000001
 10
382.59126479318354
 20
201.0000001
 10
386.12354162108045
 20
201.0000001
 10
389.7657861669212
 20
201.0000001
 10
393.5004900684295
 20
201.0000001
 10
397.30970050885173
 20
201.0000001
 10
401.17510651660467
 20
201.0000001
 10
405.0781269865821
 20
201.0000001
 10
409.0
 20
201.0000001
  0
LWPOLYLINE
  5
404
330
17
100
AcDbEntity
  8
YZ_SIDE
100
AcDbPolyline
 90
44
 70
0
 10
409.0
 20
201.0000001
 10
412.92187301341784
 20
201.0000001
 10
416.8248934833953
 20
201.0000001
 10
420.69029949114827
 20
201.0000001
 10
424.4995099315705
 20
201.0000001
 10
428.23421383307874
 20
201.0000001
 10
431.87645837891955
 20
201.0000001
 10
435.40873520681646
 20
201.0000001
 10
438.81406457211335
 20
201.0000001
 10
442.07607696983945
 20
201.0000001
 10
445.17909182333636
 20
201.0000001
 10
448.1081928611894
 20
201.0000001
 10
450.84929982012443
 20
201.0000001
 10
453.38923612919126
 20
201.0000001
 10
455.7157922498764
 20
201.0000001
 10
457.81778436766535
 20
201.0000001
 10
459.6851081529236
 20
201.0000001
 10
461.30878733266667
 20
201.0000001
 10
462.6810168397329
 20
201.0000001
 10
463.7952003319399
 20
201.0000001
 10
464.6459819008696
 20
201.0000001
 10
465.2292718178561
 20
201.0000001
 10
465.54226619341597
 20
201.0000001
 10
465.5834604556158
 20
201.0000001
 10
465.35265658258834
 20
201.0000001
 10
464.85096405442823
 20
201.0000001
 10
464.0807945198933
 20
201.0000001
 10
463.0458502035472
 20
201.0000001
 10
461.75110610907217
 20
201.0000001
 10
460.2027861042991
 20
201.0000001
 10
458.4083330029166
 20
201.0000001
 10
456.3763727866763
 20
201.0000001
 10
454.11667314007866
 20
201.0000001
 10
451.6400964968648
 20
201.0000001
 10
448.9585478240213
 20
201.0000001
 10
446.0849173943002
 20
201.0000001
 10
443.03301882235013
 20
201.0000001
 10
439.81752266231865
 20
201.0000001
 10
436.45388588612514
 20
201.0000001
 10
432.95827758140297
 20
201.0000001
 10
429.34750122628355
 20
201.0000001
 10
425.63891391464927
 20
201.0000001
 10
421.85034292014103
 20
201.0000001
 10
418.0
 20
201.0000001
  0
LWPOLYLINE
  5
405
330
17
100
AcDbEntity
  8
YZ_SIDE
100
AcDbPolyline
 90
48
 70
0
 10
409.0
 20
201.0000001
 10
412.9493845187645
 20
201.0000001
 10
416.8827274957822
 20
201.0000001
 10
420.78405254656315
 20
201.0000001
 10
424.6375133364767
 20
201.0000001
 10
428.42745794511904
 20
201.0000001
 10
432.13849244101345
 20
201.0000001
 10
435.7555434084146
 20
201.0000001
 10
439.2639191722479
 20
201.0000001
 10
442.6493694725016
 20
201.0000001
 10
445.8981433456862
 20
201.0000001
 10
448.9970449782605
 20
201.0000001
 10
451.93348730515845
 20
201.0000001
 10
454.6955431357128
 20
201.0000001
 10
457.27199359931154
 20
201.0000001
 10
459.6523737140128
 20
201.0000001
 10
461.8270148930275
 20
201.0000001
 10
463.78708421641795
 20
201.0000001
 10
465.52462030849927
 20
201.0000001
 10
467.03256567521754
 20
201.0000001
 10
468.3047953701572
 20
201.0000001
 10
469.33614187274236
 20
201.0000001
 10
470.1224160775825
 20
201.0000001
 10
470.66042430970845
 20
201.0000001
 10
470.94798129658597
 20
201.0000001
 10
470.9839190442181
 20
201.0000001
 10
470.768091581283
 20
201.0000001
 10
470.3013755520376
 20
201.0000001
 10
469.58566665557913
 20
201.0000001
 10
468.6238719459274
 20
201.0000001
 10
467.4198980242031
 20
201.0000001
 10
465.9786351708627
 20
201.0000001
 10
464.305937482442
 20
201.0000001
 10
462.4085990934881
 20
201.0000001
 10
460.29432658026104
 20
201.0000001
 10
457.9717076582957
 20
201.0000001
 10
455.4501763009674
 20
201.0000001
 10
452.73997442074176
 20
201.0000001
 10
449.85211026875197
 20
201.0000001
 10
446.7983137216744
 20
201.0000001
 10
443.5909886375187
 20
201.0000001
 10
440.2431624738517
 20
201.0000001
 10
436.7684333730955
 20
201.0000001
 10
433.1809149298275
 20
201.0000001
 10
429.4951788644263
 20
201.0000001
 10
425.72619583590983
 20
201.0000001
 10
421.8892746343712
 20
201.0000001
 10
418.0
 20
201.0000001
  0
LWPOLYLINE
  5
406
330
17
100
AcDbEntity
  8
YZ_SIDE
100
AcDbPolyline
 90
2
 70
0
 10
409.0
 20
201.0000001
 10
409.0
 20
211.0000001
  0
LWPOLYLINE
  5
407
330
17
100
AcDbEntity
  8
YZ_SIDE
100
AcDbPolyline
 90
96
 70
0
 10
409.0
 20
211.0000001
 10
413.0976162281934
 20
211.0000001
 10
417.1773146232083
 20
211.0000001
 10
421.22125570199177
 20
211.0000001
 10
425.21175633913685
 20
211.0000001
 10
429.1313670906904
 20
211.0000001
 10
432.96294849613207
 20
211.0000001
 10
436.689746024874
 20
211.0000001
 10
440.29546333956034
 20
211.0000001
 10
443.7643335558037
 20
211.0000001
 10
447.0811881867594
 20
211.0000001
 10
450.2315234710586
 20
211.0000001
 10
453.2015637940666
 20
211.0000001
 10
455.97832192514073
 20
211.0000001
 10
458.54965580748535
 20
211.0000001
 10
460.90432165227674
 20
211.0000001
 10
463.0320231048912
 20
211.0000001
 10
464.92345626824346
 20
211.0000001
 10
466.57035038636184
 20
211.0000001
 10
467.9655040102995
 20
211.0000001
 10
469.1028164882385
 20
211.0000001
 10
469.9773146420877
 20
211.0000001
 10
470.58517451392555
 20
211.0000001
 10
470.9237380871949
 20
211.0000001
 10
470.99152490953304
 20
211.0000001
 10
470.7882385664135
 20
211.0000001
 10
470.314767977291
 20
211.0000001
 10
469.57318350858316
 20
211.0000001
 10
468.5667279204846
 20
211.0000001
 10
467.299802187202
 20
211.0000001
 10
465.77794625261356
 20
211.0000001
 10
464.0078148055039
 20
211.0000001
 10
461.9971481803034
 20
211.0000001
 10
459.75473851057495
 20
211.0000001
 10
457.290391283251
 20
211.0000001
 10
454.61488246173417
 20
211.0000001
 10
451.7399113653511
 20
211.0000001
 10
448.67804951120564
 20
211.0000001
 10
445.44268564213337
 20
211.0000001
 10
442.0479671811356
 20
211.0000001
 10
438.5087383682986
 20
211.0000001
 10
434.840475350708
 20
211.0000001
 10
431.05921850919606
 20
211.0000001
 10
427.1815023178368
 20
211.0000001
 10
423.2242830428986
 20
211.0000001
 10
419.2048645974055
 20
211.0000001
 10
415.14082287552867
 20
211.0000001
 10
411.0499288976731
 20
211.0000001
 10
406.95007110232694
 20
211.0000001
 10
402.85917712447133
 20
211.0000001
 10
398.79513540259455
 20
211.0000001
 10
394.7757169571014
 20
211.0000001
 10
390.8184976821632
 20
211.0000001
 10
386.940781490804
 20
211.0000001
 10
383.159524649292
 20
211.0000001
 10
379.49126163170143
 20
211.0000001
 10
375.95203281886444
 20
211.0000001
 10
372.5573143578667
 20
211.0000001
 10
369.32195048879436
 20
211.0000001
 10
366.2600886346489
 20
211.0000001
 10
363.38511753826583
 20
211.0000001
 10
360.709608716749
 20
211.0000001
 10
358.24526148942505
 20
211.0000001
 10
356.0028518196966
 20
211.0000001
 10
353.9921851944961
 20
211.0000001
 10
352.22205374738644
 20
211.0000001
 10
350.700197812798
 20
211.0000001
 10
349.4332720795154
 20
211.0000001
 10
348.42681649141684
 20
211.0000001
 10
347.68523202270893
 20
211.0000001
 10
347.21176143358645
 20
211.0000001
 10
347.0084750904669
 20
211.0000001
 10
347.0762619128051
 20
211.0000001
 10
347.41482548607445
 20
211.0000001
 10
348.0226853579123
 20
211.0000001
 10
348.8971835117615
 20
211.0000001
 10
350.0344959897005
 20
211.0000001
 10
351.42964961363816
 20
211.0000001
 10
353.07654373175654
 20
211.0000001
 10
354.9679768951088
 20
211.0000001
 10
357.0956783477232
 20
211.0000001
 10
359.45034419251465
 20
211.0000001
 10
362.02167807485927
 20
211.0000001
 10
364.79843620593334
 20
211.0000001
 10
367.7684765289414
 20
211.0000001
 10
370.9188118132406
 20
211.0000001
 10
374.2356664441963
 20
211.0000001
 10
377.70453666043966
 20
211.0000001
 10
381.310253975126
 20
211.0000001
 10
385.03705150386793
 20
211.0000001
 10
388.8686329093096
 20
211.0000001
 10
392.78824366086315
 20
211.0000001
 10
396.77874429800823
 20
211.0000001
 10
400.82268537679175
 20
211.0000001
 10
404.9023837718066
 20
211.0000001
 10
409.0
 20
211.0000001
  0
LWPOLYLINE
  5
408
330
17
100
AcDbEntity
  8
YZ_SIDE
100
AcDbPolyline
 90
2
 70
0
 10
409.0
 20
201.0000001
 10
409.0
 20
211.0000001
  0
LWPOLYLINE
  5
409
330
17
100
AcDbEntity
  8
YZ_SIDE
100
AcDbPolyline
 90
90
 70
0
 10
409.0
 20
211.0000001
 10
412.9925050817948
 20
211.0000001
 10
416.9651197041012
 20
211.0000001
 10
420.89805250069946
 20
211.0000001
 10
424.77170979822944
 20
211.0000001
 10
428.56679323088576
 20
211.0000001
 10
432.2643958839054
 20
211.0000001
 10
435.84609648686603
 20
211.0000001
 10
439.2940511875288
 20
211.0000001
 10
442.59108244901233
 20
211.0000001
 10
445.7207646274177
 20
211.0000001
 10
448.6675058035598
 20
211.0000001
 10
451.4166254611247
 20
211.0000001
 10
453.9544276242633
 20
211.0000001
 10
456.26826909025425
 20
211.0000001
 10
458.3466224173037
 20
211.0000001
 10
460.17913335368064
 20
211.0000001
 10
461.75667242207805
 20
211.0000001
 10
463.07138040220997
 20
211.0000001
 10
464.1167074850511
 20
211.0000001
 10
464.88744590365627
 20
211.0000001
 10
465.3797558779934
 20
211.0000001
 10
465.59118474453413
 20
211.0000001
 10
465.52067917530064
 20
211.0000001
 10
465.16859042549237
 20
211.0000001
 10
464.53667258355017
 20
211.0000001
 10
463.6280738323762
 20
211.0000001
 10
462.44732076524485
 20
211.0000001
 10
461.00029583454295
 20
211.0000001
 10
459.2942080456877
 20
211.0000001
 10
457.3375570422244
 20
211.0000001
 10
455.14009076102957
 20
211.0000001
 10
452.7127568685804
 20
211.0000001
 10
450.0676482202304
 20
211.0000001
 10
447.2179426142127
 20
211.0000001
 10
444.1778371405118
 20
211.0000001
 10
440.9624774516759
 20
211.0000001
 10
437.5878823079372
 20
211.0000001
 10
434.07086377255445
 20
211.0000001
 10
430.4289434549596
 20
211.0000001
 10
426.68026521898076
 20
211.0000001
 10
422.8435047910253
 20
211.0000001
 10
418.93777671855037
 20
211.0000001
 10
414.98253914234897
 20
211.0000001
 10
410.99749685707127
 20
211.0000001
 10
407.00250314292873
 20
211.0000001
 10
403.01746085765103
 20
211.0000001
 10
399.06222328144963
 20
211.0000001
 10
395.1564952089747
 20
211.0000001
 10
391.31973478101924
 20
211.0000001
 10
387.5710565450404
 20
211.0000001
 10
383.92913622744555
 20
211.0000001
 10
380.41211769206285
 20
211.0000001
 10
377.0375225483241
 20
211.0000001
 10
373.8221628594881
 20
211.0000001
 10
370.7820573857873
 20
211.0000001
 10
367.9323517797696
 20
211.0000001
 10
365.2872431314196
 20
211.0000001
 10
362.85990923897043
 20
211.0000001
 10
360.6624429577756
 20
211.0000001
 10
358.7057919543123
 20
211.0000001
 10
356.99970416545705
 20
211.0000001
 10
355.55267923475515
 20
211.0000001
 10
354.3719261676238
 20
211.0000001
 10
353.46332741644983
 20
211.0000001
 10
352.83140957450763
 20
211.0000001
 10
352.47932082469936
 20
211.0000001
 10
352.40881525546587
 20
211.0000001
 10
352.6202441220066
 20
211.0000001
 10
353.11255409634373
 20
211.0000001
 10
353.8832925149489
 20
211.0000001
 10
354.92861959779003
 20
211.0000001
 10
356.24332757792195
 20
211.0000001
 10
357.8208666463194
 20
211.0000001
 10
359.6533775826963
 20
211.0000001
 10
361.73173090974575
 20
211.0000001
 10
364.0455723757367
 20
211.0000001
 10
366.5833745388753
 20
211.0000001
 10
369.33249419644017
 20
211.0000001
 10
372.27923537258226
 20
211.0000001
 10
375.4089175509876
 20
211.0000001
 10
378.7059488124712
 20
211.0000001
 10
382.15390351313397
 20
211.0000001
 10
385.7356041160946
 20
211.0000001
 10
389.43320676911424
 20
211.0000001
 10
393.2282902017705
 20
211.0000001
 10
397.10194749930054
 20
211.0000001
 10
401.03488029589874
 20
211.0000001
 10
405.00749491820517
 20
211.0000001
 10
409.0
 20
211.0000001
  0
LWPOLYLINE
  5
40A
330
17
100
AcDbEntity
  8
YZ_SIDE
100
AcDbPolyline
 90
2
 70
0
 10
397.0
 20
206.5000001
 10
397.0
 20
226.0000001
  0
LWPOLYLINE
  5
40B
330
17
100
AcDbEntity
  8
YZ_SIDE
100
AcDbPolyline
 90
2
 70
0
 10
397.0
 20
226.0000001
 10
421.0
 20
226.0000001
  0
LWPOLYLINE
  5
40C
330
17
100
AcDbEntity
  8
YZ_SIDE
100
AcDbPolyline
 90
2
 70
0
 10
421.0
 20
206.5000001
 10
421.0
 20
226.0000001
  0
LWPOLYLINE
  5
40D
330
17
100
AcDbEntity
  8
YZ_SIDE
100
AcDbPolyline
 90
2
 70
0
 10
397.0
 20
206.5000001
 10
421.0
 20
206.5000001
  0
LWPOLYLINE
  5
40E
330
17
100
AcDbEntity
  8
YZ_SIDE
100
AcDbPolyline
 90
12
 70
0
 10
397.0
 20
206.5000000999997
 10
397.0
 20
208.22769859818212
 10
397.0
 20
209.9123247222646
 10
397.0
 20
211.52130635950658
 10
397.0
 20
213.02353397733177
 10
397.0
 20
214.38996212367795
 10
397.0
 20
215.59417101851287
 10
397.0
 20
216.61287737818975
 10
397.0
 20
217.42638459589313
 10
397.0
 20
218.01896357397254
 10
397.0
 20
218.37915684480004
 10
397.0
 20
218.5000001
  0
LWPOLYLINE
  5
40F
330
17
100
AcDbEntity
  8
YZ_SIDE
100
AcDbPolyline
 90
12
 70
0
 10
397.0
 20
218.5000001
 10
397.0
 20
218.37915684480004
 10
397.0
 20
218.01896357397254
 10
397.0
 20
217.42638459589313
 10
397.0
 20
216.61287737818975
 10
397.0
 20
215.59417101851287
 10
397.0
 20
214.38996212367795
 10
397.0
 20
213.0235339773318
 10
397.0
 20
211.52130635950658
 10
397.0
 20
209.9123247222646
 10
397.0
 20
208.22769859818212
 10
397.0
 20
206.5000000999997
  0
LWPOLYLINE
  5
410
330
17
100
AcDbEntity
  8
YZ_SIDE
100
AcDbPolyline
 90
2
 70
0
 10
397.0
 20
206.5000001
 10
397.0
 20
226.0000001
  0
LWPOLYLINE
  5
411
330
17
100
AcDbEntity
  8
YZ_SIDE
100
AcDbPolyline
 90
2
 70
0
 10
397.0
 20
226.0000001
 10
421.0
 20
226.0000001
  0
LWPOLYLINE
  5
412
330
17
100
AcDbEntity
  8
YZ_SIDE
100
AcDbPolyline
 90
12
 70
0
 10
409.0
 20
226.0000001
 10
411.1625632698224
 20
226.0000001
 10
412.63852798141806
 20
226.0000001
 10
412.95928576752374
 20
226.0000001
 10
412.022998297417
 20
226.0000001
 10
410.12693022736573
 20
226.0000001
 10
407.87306977263427
 20
226.0000001
 10
405.977001702583
 20
226.0000001
 10
405.04071423247626
 20
226.0000001
 10
405.36147201858194
 20
226.0000001
 10
406.8374367301776
 20
226.0000001
 10
409.0
 20
226.0000001
  0
LWPOLYLINE
  5
413
330
17
100
AcDbEntity
  8
YZ_SIDE
100
AcDbPolyline
 90
12
 70
0
 10
409.0
 20
226.0000001
 10
411.1625632698224
 20
226.0000001
 10
412.63852798141806
 20
226.0000001
 10
412.95928576752374
 20
226.0000001
 10
412.022998297417
 20
226.0000001
 10
410.12693022736573
 20
226.0000001
 10
407.87306977263427
 20
226.0000001
 10
405.977001702583
 20
226.0000001
 10
405.04071423247626
 20
226.0000001
 10
405.36147201858194
 20
226.0000001
 10
406.8374367301776
 20
226.0000001
 10
409.0
 20
226.0000001
  0
LWPOLYLINE
  5
414
330
17
100
AcDbEntity
  8
YZ_SIDE
100
AcDbPolyline
 90
12
 70
0
 10
421.0
 20
206.5000000999997
 10
421.0
 20
208.22769859818212
 10
421.0
 20
209.9123247222646
 10
421.0
 20
211.52130635950658
 10
421.0
 20
213.02353397733177
 10
421.0
 20
214.38996212367795
 10
421.0
 20
215.59417101851287
 10
421.0
 20
216.61287737818975
 10
421.0
 20
217.42638459589313
 10
421.0
 20
218.01896357397254
 10
421.0
 20
218.37915684480004
 10
421.0
 20
218.5000001
  0
LWPOLYLINE
  5
415
330
17
100
AcDbEntity
  8
YZ_SIDE
100
AcDbPolyline
 90
12
 70
0
 10
421.0
 20
218.5000001
 10
421.0
 20
218.37915684480004
 10
421.0
 20
218.01896357397254
 10
421.0
 20
217.42638459589313
 10
421.0
 20
216.61287737818975
 10
421.0
 20
215.59417101851287
 10
421.0
 20
214.38996212367795
 10
421.0
 20
213.0235339773318
 10
421.0
 20
211.52130635950658
 10
421.0
 20
209.9123247222646
 10
421.0
 20
208.22769859818212
 10
421.0
 20
206.5000000999997
  0
LWPOLYLINE
  5
416
330
17
100
AcDbEntity
  8
YZ_SIDE
100
AcDbPolyline
 90
2
 70
0
 10
421.0
 20
206.5000001
 10
421.0
 20
226.0000001
  0
LWPOLYLINE
  5
417
330
17
100
AcDbEntity
  8
YZ_SIDE
100
AcDbPolyline
 90
2
 70
0
 10
397.0
 20
206.5000001
 10
421.0
 20
206.5000001
  0
LWPOLYLINE
  5
418
330
17
100
AcDbEntity
  8
YZ_SIDE
100
AcDbPolyline
 90
12
 70
0
 10
409.0
 20
206.5000001
 10
411.1625632698224
 20
206.5000001
 10
412.63852798141806
 20
206.5000001
 10
412.95928576752374
 20
206.5000001
 10
412.022998297417
 20
206.5000001
 10
410.12693022736573
 20
206.5000001
 10
407.87306977263427
 20
206.5000001
 10
405.977001702583
 20
206.5000001
 10
405.04071423247626
 20
206.5000001
 10
405.36147201858194
 20
206.5000001
 10
406.8374367301776
 20
206.5000001
 10
409.0
 20
206.5000001
  0
LWPOLYLINE
  5
419
330
17
100
AcDbEntity
  8
YZ_SIDE
100
AcDbPolyline
 90
2
 70
0
 10
397.0
 20
218.5000001
 10
421.0
 20
218.5000001
  0
LWPOLYLINE
  5
41A
330
17
100
AcDbEntity
  8
YZ_SIDE
100
AcDbPolyline
 90
2
 70
0
 10
397.0
 20
206.5000001
 10
421.0
 20
206.5000001
  0
LWPOLYLINE
  5
41B
330
17
100
AcDbEntity
  8
YZ_SIDE
100
AcDbPolyline
 90
2
 70
0
 10
397.0
 20
206.5000001
 10
421.0
 20
206.5000001
  0
LWPOLYLINE
  5
41C
330
17
100
AcDbEntity
  8
YZ_SIDE
100
AcDbPolyline
 90
12
 70
0
 10
409.0
 20
206.5000001
 10
411.1625632698224
 20
206.5000001
 10
412.63852798141806
 20
206.5000001
 10
412.95928576752374
 20
206.5000001
 10
412.022998297417
 20
206.5000001
 10
410.12693022736573
 20
206.5000001
 10
407.87306977263427
 20
206.5000001
 10
405.977001702583
 20
206.5000001
 10
405.04071423247626
 20
206.5000001
 10
405.36147201858194
 20
206.5000001
 10
406.8374367301776
 20
206.5000001
 10
409.0
 20
206.5000001
  0
LWPOLYLINE
  5
41D
330
17
100
AcDbEntity
  8
YZ_SIDE
100
AcDbPolyline
 90
2
 70
0
 10
409.0
 20
206.5000001
 10
409.0
 20
226.0000001
  0
LWPOLYLINE
  5
41E
330
17
100
AcDbEntity
  8
YZ_SIDE
100
AcDbPolyline
 90
2
 70
0
 10
409.0
 20
206.5000001
 10
409.0
 20
226.0000001
  0
LWPOLYLINE
  5
41F
330
17
100
AcDbEntity
  8
YZ_SIDE
100
AcDbPolyline
 90
12
 70
0
 10
409.0
 20
226.0000001
 10
411.1625632698224
 20
226.0000001
 10
412.63852798141806
 20
226.0000001
 10
412.95928576752374
 20
226.0000001
 10
412.022998297417
 20
226.0000001
 10
410.12693022736573
 20
226.0000001
 10
407.87306977263427
 20
226.0000001
 10
405.977001702583
 20
226.0000001
 10
405.04071423247626
 20
226.0000001
 10
405.36147201858194
 20
226.0000001
 10
406.8374367301776
 20
226.0000001
 10
409.0
 20
226.0000001
  0
LWPOLYLINE
  5
420
330
17
100
AcDbEntity
  8
YZ_SIDE
100
AcDbPolyline
 90
2
 70
0
 10
409.0
 20
186.0000001
 10
409.0
 20
226.0000001
  0
LWPOLYLINE
  5
421
330
17
100
AcDbEntity
  8
YZ_SIDE
100
AcDbPolyline
 90
12
 70
0
 10
409.0
 20
186.0000001
 10
411.1625632698224
 20
186.0000001
 10
412.63852798141806
 20
186.0000001
 10
412.95928576752374
 20
186.0000001
 10
412.022998297417
 20
186.0000001
 10
410.12693022736573
 20
186.0000001
 10
407.87306977263427
 20
186.0000001
 10
405.977001702583
 20
186.0000001
 10
405.04071423247626
 20
186.0000001
 10
405.36147201858194
 20
186.0000001
 10
406.8374367301776
 20
186.0000001
 10
409.0
 20
186.0000001
  0
LWPOLYLINE
  5
422
330
17
100
AcDbEntity
  8
YZ_SIDE
100
AcDbPolyline
 90
12
 70
0
 10
409.0
 20
226.0000001
 10
410.4597302071301
 20
226.0000001
 10
411.4560063874572
 20
226.0000001
 10
411.6725178930785
 20
226.0000001
 10
411.0405238507565
 20
226.0000001
 10
409.76067790347184
 20
226.0000001
 10
408.23932209652816
 20
226.0000001
 10
406.9594761492435
 20
226.0000001
 10
406.3274821069215
 20
226.0000001
 10
406.5439936125428
 20
226.0000001
 10
407.5402697928699
 20
226.0000001
 10
409.0
 20
226.0000001
  0
LWPOLYLINE
  5
423
330
17
100
AcDbEntity
  8
YZ_SIDE
100
AcDbPolyline
 90
12
 70
0
 10
409.0
 20
186.0000001
 10
410.4597302071301
 20
186.0000001
 10
411.4560063874572
 20
186.0000001
 10
411.6725178930785
 20
186.0000001
 10
411.0405238507565
 20
186.0000001
 10
409.76067790347184
 20
186.0000001
 10
408.23932209652816
 20
186.0000001
 10
406.9594761492435
 20
186.0000001
 10
406.3274821069215
 20
186.0000001
 10
406.5439936125428
 20
186.0000001
 10
407.5402697928699
 20
186.0000001
 10
409.0
 20
186.0000001
  0
LWPOLYLINE
  5
424
330
17
100
AcDbEntity
  8
YZ_SIDE
100
AcDbPolyline
 90
2
 70
0
 10
409.0
 20
186.0000001
 10
409.0
 20
226.0000001
  0
LWPOLYLINE
  5
425
330
17
100
AcDbEntity
  8
YZ_SIDE
100
AcDbPolyline
 90
12
 70
0
 10
410.4790199457749
 20
231.0000001
 10
410.79956363415226
 20
231.0000001
 10
411.06792077798497
 20
231.0000001
 10
411.2763091395267
 20
231.0000001
 10
411.4186855490301
 20
231.0000001
 10
411.4909211539804
 20
231.0000001
 10
411.4909211539804
 20
231.0000001
 10
411.4186855490301
 20
231.0000001
 10
411.2763091395267
 20
231.0000001
 10
411.06792077798497
 20
231.0000001
 10
410.79956363415226
 20
231.0000001
 10
410.4790199457749
 20
231.0000001
  0
LWPOLYLINE
  5
426
330
17
100
AcDbEntity
  8
YZ_SIDE
100
AcDbPolyline
 90
12
 70
0
 10
409.0
 20
229.8348487100883
 10
409.1919674380102
 20
229.84562151406496
 10
409.38042994505673
 20
229.87775835038588
 10
409.5620876000736
 20
229.9307518646647
 10
409.73398993805307
 20
230.00386680089184
 10
409.89358414072495
 20
230.0962613757687
 10
410.03866509152385
 20
230.20708630171578
 10
410.1672533451963
 20
230.33551387432868
 10
410.2774480131121
 20
230.4806477650017
 10
410.3673289463358
 20
230.6412680199922
 10
410.43501995147716
 20
230.81541710787312
 10
410.4790199457749
 20
231.00000009999997
  0
LWPOLYLINE
  5
427
330
17
100
AcDbEntity
  8
YZ_SIDE
100
AcDbPolyline
 90
12
 70
0
 10
407.5209800542251
 20
231.00000010000002
 10
407.5649800486056
 20
230.81541710803978
 10
407.6326710538045
 20
230.64126802024947
 10
407.72255198684707
 20
230.48064776444667
 10
407.83274665483555
 20
230.33551387509254
 10
407.9613349086233
 20
230.20708630053036
 10
408.1064158593345
 20
230.09626137576572
 10
408.2660100618658
 20
230.00386680059063
 10
408.4379123999878
 20
229.93075186479535
 10
408.6195700549418
 20
229.87775835030874
 10
408.8080325620068
 20
229.84562151409284
 10
409.0
 20
229.8348487100883
  0
LWPOLYLINE
  5
428
330
17
100
AcDbEntity
  8
YZ_SIDE
100
AcDbPolyline
 90
12
 70
0
 10
407.5209800542251
 20
231.0000001
 10
407.20043636584774
 20
231.0000001
 10
406.93207922201503
 20
231.0000001
 10
406.7236908604733
 20
231.0000001
 10
406.5813144509699
 20
231.0000001
 10
406.5090788460196
 20
231.0000001
 10
406.5090788460196
 20
231.0000001
 10
406.5813144509699
 20
231.0000001
 10
406.7236908604733
 20
231.0000001
 10
406.93207922201503
 20
231.0000001
 10
407.20043636584774
 20
231.0000001
 10
407.5209800542251
 20
231.0000001
  0
LWPOLYLINE
  5
429
330
17
100
AcDbEntity
  8
YZ_SIDE
100
AcDbPolyline
 90
12
 70
0
 10
407.5209800542251
 20
231.00000010000002
 10
407.5649800486056
 20
230.81541710803978
 10
407.6326710538045
 20
230.64126802024947
 10
407.72255198684707
 20
230.48064776444667
 10
407.8327466548356
 20
230.33551387509254
 10
407.9613349086233
 20
230.20708630053036
 10
408.1064158593345
 20
230.09626137576572
 10
408.2660100618658
 20
230.00386680059063
 10
408.4379123999878
 20
229.93075186479535
 10
408.6195700549418
 20
229.87775835030874
 10
408.8080325620068
 20
229.84562151409284
 10
409.0
 20
229.8348487100883
  0
LWPOLYLINE
  5
42A
330
17
100
AcDbEntity
  8
YZ_SIDE
100
AcDbPolyline
 90
2
 70
0
 10
409.0
 20
186.0000001
 10
409.0
 20
229.83484871008818
  0
LWPOLYLINE
  5
42B
330
17
100
AcDbEntity
  8
YZ_SIDE
100
AcDbPolyline
 90
12
 70
0
 10
409.0
 20
186.0000001
 10
410.351602043639
 20
186.0000001
 10
411.2740799883863
 20
186.0000001
 10
411.47455360470235
 20
186.0000001
 10
410.88937393588566
 20
186.0000001
 10
409.7043313921036
 20
186.0000001
 10
408.29566860789646
 20
186.0000001
 10
407.11062606411434
 20
186.0000001
 10
406.52544639529765
 20
186.0000001
 10
406.7259200116137
 20
186.0000001
 10
407.648397956361
 20
186.0000001
 10
409.0
 20
186.0000001
  0
LWPOLYLINE
  5
42C
330
17
100
AcDbEntity
  8
YZ_SIDE
100
AcDbPolyline
 90
12
 70
0
 10
409.0
 20
229.8348487100883
 10
409.1919674380102
 20
229.84562151406496
 10
409.38042994505673
 20
229.87775835038588
 10
409.5620876000736
 20
229.9307518646647
 10
409.73398993805307
 20
230.00386680089184
 10
409.89358414072495
 20
230.09626137576868
 10
410.03866509152385
 20
230.2070863017158
 10
410.1672533451963
 20
230.33551387432868
 10
410.2774480131121
 20
230.48064776500172
 10
410.3673289463358
 20
230.6412680199922
 10
410.43501995147716
 20
230.81541710787312
 10
410.4790199457749
 20
231.00000010000005
  0
LWPOLYLINE
  5
42D
330
17
100
AcDbEntity
  8
YZ_SIDE
100
AcDbPolyline
 90
12
 70
0
 10
409.47777765029406
 20
231.0000001
 10
409.70385668479264
 20
231.0000001
 10
409.8876677854907
 20
231.0000001
 10
410.0347645048901
 20
231.0000001
 10
410.1514869197175
 20
231.0000001
 10
410.2433732070591
 20
231.0000001
 10
410.3149748322584
 20
231.0000001
 10
410.37000938356863
 20
231.0000001
 10
410.4115451175402
 20
231.0000001
 10
410.44215366701565
 20
231.0000001
 10
410.4640200745606
 20
231.0000001
 10
410.47901988650796
 20
231.00000009999997
  0
LWPOLYLINE
  5
42E
330
17
100
AcDbEntity
  8
YZ_SIDE
100
AcDbPolyline
 90
12
 70
0
 10
410.4790199455335
 20
231.0000001
 10
410.4640200362756
 20
231.0000001
 10
410.4421536842764
 20
231.0000001
 10
410.41154510526735
 20
231.0000001
 10
410.3700093680649
 20
231.0000001
 10
410.3149748540957
 20
231.0000001
 10
410.24337316161063
 20
231.0000001
 10
410.1514869216272
 20
231.0000001
 10
410.034764523102
 20
231.0000001
 10
409.8876677497645
 20
231.0000001
 10
409.7038566481229
 20
231.0000001
 10
409.47777764950035
 20
231.0000001
  0
LWPOLYLINE
  5
42F
330
17
100
AcDbEntity
  8
YZ_SIDE
100
AcDbPolyline
 90
12
 70
0
 10
409.47777765160686
 20
231.0000001
 10
410.779610512087
 20
231.0000001
 10
411.9542001637531
 20
231.0000001
 10
412.9175627487315
 20
231.0000001
 10
413.6008172698986
 20
231.0000001
 10
413.95511062309504
 20
231.0000001
 10
413.95511062309504
 20
231.0000001
 10
413.6008172698986
 20
231.0000001
 10
412.9175627487315
 20
231.0000001
 10
411.9542001637531
 20
231.0000001
 10
410.779610512087
 20
231.0000001
 10
409.47777765160686
 20
231.0000001
  0
LWPOLYLINE
  5
430
330
17
100
AcDbEntity
  8
YZ_SIDE
100
AcDbPolyline
 90
12
 70
0
 10
408.52222234970594
 20
231.0000001
 10
408.29614331520736
 20
231.0000001
 10
408.1123322145093
 20
231.0000001
 10
407.9652354951099
 20
231.0000001
 10
407.8485130802825
 20
231.0000001
 10
407.7566267929409
 20
231.0000001
 10
407.6850251677416
 20
231.0000001
 10
407.62999061643137
 20
231.0000001
 10
407.5884548824598
 20
231.0000001
 10
407.55784633298435
 20
231.0000001
 10
407.5359799254394
 20
231.0000001
 10
407.520980113492
 20
231.0000001
  0
LWPOLYLINE
  5
431
330
17
100
AcDbEntity
  8
YZ_SIDE
100
AcDbPolyline
 90
12
 70
0
 10
407.89614047117624
 20
234.00000009999997
 10
407.75255371439886
 20
233.7158627249966
 10
407.63903332229484
 20
233.4179787638853
 10
407.55695186552884
 20
233.10936964219945
 10
407.5096879766879
 20
232.79301171822718
 10
407.5023823707545
 20
232.4729707201364
 10
407.54135440553426
 20
232.1555395585288
 10
407.6327394358337
 20
231.85011707351782
 10
407.7802394531113
 20
231.56908450616436
 10
407.98283000372516
 20
231.32608475280097
 10
408.233890756459
 20
231.13338375740182
 10
408.52222234839314
 20
231.00000010000005
  0
LWPOLYLINE
  5
432
330
17
100
AcDbEntity
  8
YZ_SIDE
100
AcDbPolyline
 90
12
 70
0
 10
410.10385951570044
 20
234.0000001
 10
409.9567434754713
 20
234.0000001
 10
409.78513789661895
 20
234.0000001
 10
409.5881380994802
 20
234.0000001
 10
409.3663441463518
 20
234.0000001
 10
409.1247445835391
 20
234.0000001
 10
408.875255416762
 20
234.0000001
 10
408.6336558628002
 20
234.0000001
 10
408.41186190053065
 20
234.0000001
 10
408.21486210337946
 20
234.0000001
 10
408.04325652450615
 20
234.0000001
 10
407.8961404842958
 20
234.0000001
  0
LWPOLYLINE
  5
433
330
17
100
AcDbEntity
  8
YZ_SIDE
100
AcDbPolyline
 90
12
 70
0
 10
409.47777765160686
 20
231.0000001
 10
409.76610924353724
 20
231.13338375740716
 10
410.0171699962699
 20
231.3260847528049
 10
410.2197605468866
 20
231.56908450616
 10
410.3672605641875
 20
231.85011707350156
 10
410.4586455944627
 20
232.15553955852982
 10
410.4976176292501
 20
232.4729707201367
 10
410.49031202331065
 20
232.79301171822758
 10
410.4430481344706
 20
233.1093696421996
 10
410.3609666777011
 20
233.4179787638842
 10
410.24744628559057
 20
233.71586272499235
 10
410.10385952882376
 20
234.00000009999997
  0
LWPOLYLINE
  5
434
330
17
100
AcDbEntity
  8
YZ_SIDE
100
AcDbPolyline
 90
12
 70
0
 10
409.0
 20
229.8348487100883
 10
409.0
 20
230.7922360159728
 10
409.0
 20
232.30723419364833
 10
409.0
 20
234.2769188113248
 10
409.0
 20
236.56747540435975
 10
409.0
 20
239.0232904285951
 10
409.0
 20
241.47752317776755
 10
409.0
 20
243.7634404406354
 10
409.0
 20
245.72574385521597
 10
409.0
 20
247.23112041366437
 10
409.0
 20
248.1772993481397
 10
409.0
 20
248.5000001
  0
LWPOLYLINE
  5
435
330
17
100
AcDbEntity
  8
YZ_SIDE
100
AcDbPolyline
 90
12
 70
0
 10
409.0
 20
248.5000001
 10
409.8109612261834
 20
248.26188039924676
 10
410.3644479930318
 20
247.62312261950282
 10
410.4847321628214
 20
246.78652784259006
 10
410.13362436153136
 20
246.01770899908206
 10
409.42259883526214
 20
245.56076063957823
 10
408.57740116473786
 20
245.56076063957823
 10
407.86637563846864
 20
246.01770899908206
 10
407.5152678371786
 20
246.78652784259006
 10
407.6355520069682
 20
247.62312261950282
 10
408.1890387738166
 20
248.26188039924676
 10
409.0
 20
248.5000001
  0
LWPOLYLINE
  5
436
330
17
100
AcDbEntity
  8
YZ_SIDE
100
AcDbPolyline
 90
12
 70
0
 10
408.52222234839314
 20
231.0000001
 10
407.220389487913
 20
231.0000001
 10
406.0457998362469
 20
231.0000001
 10
405.0824372512685
 20
231.0000001
 10
404.3991827301014
 20
231.0000001
 10
404.04488937690496
 20
231.0000001
 10
404.0448893769049
 20
231.0000001
 10
404.3991827301014
 20
231.0000001
 10
405.0824372512685
 20
231.0000001
 10
406.04579983624683
 20
231.0000001
 10
407.22038948791294
 20
231.0000001
 10
408.5222223483931
 20
231.0000001
  0
LWPOLYLINE
  5
437
330
17
100
AcDbEntity
  8
YZ_SIDE
100
AcDbPolyline
 90
12
 70
0
 10
407.5209800544665
 20
231.0000001
 10
407.5359799637244
 20
231.0000001
 10
407.5578463157236
 20
231.0000001
 10
407.58845489473265
 20
231.0000001
 10
407.6299906319351
 20
231.0000001
 10
407.6850251459043
 20
231.0000001
 10
407.75662683838937
 20
231.0000001
 10
407.8485130783727
 20
231.0000001
 10
407.965235476898
 20
231.0000001
 10
408.1123322502355
 20
231.0000001
 10
408.29614335187705
 20
231.0000001
 10
408.52222235049965
 20
231.0000001
  0
LWPOLYLINE
  5
438
330
17
100
AcDbEntity
  8
YZ_SIDE
100
AcDbPolyline
 90
12
 70
0
 10
409.47777765160686
 20
231.00000009999997
 10
409.76610924353724
 20
231.1333837574072
 10
410.0171699962699
 20
231.3260847528049
 10
410.2197605468866
 20
231.56908450616
 10
410.3672605641875
 20
231.85011707350156
 10
410.4586455944627
 20
232.15553955852982
 10
410.4976176292501
 20
232.4729707201367
 10
410.49031202331065
 20
232.79301171822758
 10
410.4430481344706
 20
233.1093696421996
 10
410.3609666777011
 20
233.4179787638842
 10
410.24744628559057
 20
233.71586272499235
 10
410.10385952882376
 20
234.00000009999997
  0
LWPOLYLINE
  5
439
330
17
100
AcDbEntity
  8
YZ_SIDE
100
AcDbPolyline
 90
12
 70
0
 10
410.10385951570044
 20
234.0000001
 10
409.9567434754713
 20
234.0000001
 10
409.78513789661895
 20
234.0000001
 10
409.5881380994802
 20
234.0000001
 10
409.3663441463518
 20
234.0000001
 10
409.1247445835391
 20
234.0000001
 10
408.875255416762
 20
234.0000001
 10
408.6336558628002
 20
234.0000001
 10
408.41186190053065
 20
234.0000001
 10
408.21486210337946
 20
234.0000001
 10
408.04325652450615
 20
234.0000001
 10
407.8961404842958
 20
234.0000001
  0
LWPOLYLINE
  5
43A
330
17
100
AcDbEntity
  8
YZ_SIDE
100
AcDbPolyline
 90
12
 70
0
 10
407.89614047117624
 20
234.00000009999997
 10
407.75255371439886
 20
233.7158627249966
 10
407.63903332229484
 20
233.4179787638853
 10
407.55695186552884
 20
233.10936964219945
 10
407.5096879766879
 20
232.79301171822718
 10
407.5023823707545
 20
232.4729707201364
 10
407.54135440553426
 20
232.15553955852883
 10
407.6327394358337
 20
231.85011707351785
 10
407.7802394531112
 20
231.56908450616436
 10
407.98283000372516
 20
231.32608475280097
 10
408.233890756459
 20
231.13338375740182
 10
408.5222223483931
 20
231.00000009999997
  0
LWPOLYLINE
  5
43B
330
17
100
AcDbEntity
  8
YZ_SIDE
100
AcDbPolyline
 90
12
 70
0
 10
409.0
 20
248.5000001
 10
409.0
 20
248.1772993481397
 10
409.0
 20
247.23112041366434
 10
409.0
 20
245.7257438552159
 10
409.0
 20
243.76344044063532
 10
409.0
 20
241.47752317776744
 10
409.0
 20
239.02329042859495
 10
409.0
 20
236.56747540435958
 10
409.0
 20
234.27691881132463
 10
409.0
 20
232.30723419364816
 10
409.0
 20
230.79223601597266
 10
409.0
 20
229.83484871008824
  0
LWPOLYLINE
  5
43C
330
17
100
AcDbEntity
  8
YZ_SIDE
100
AcDbPolyline
 90
12
 70
0
 10
410.10385952882376
 20
234.0000001
 10
411.25431245095626
 20
234.0000001
 10
412.2699884437899
 20
234.0000001
 10
413.0901640297876
 20
234.0000001
 10
413.6658039712122
 20
234.0000001
 10
413.9624929040116
 20
234.0000001
 10
413.9624929040116
 20
234.0000001
 10
413.6658039712122
 20
234.0000001
 10
413.0901640297876
 20
234.0000001
 10
412.2699884437899
 20
234.0000001
 10
411.25431245095626
 20
234.0000001
 10
410.10385952882376
 20
234.0000001
  0
LWPOLYLINE
  5
43D
330
17
100
AcDbEntity
  8
YZ_SIDE
100
AcDbPolyline
 90
12
 70
0
 10
407.89614047117624
 20
234.0000001
 10
406.74568754904374
 20
234.0000001
 10
405.7300115562102
 20
234.0000001
 10
404.9098359702124
 20
234.0000001
 10
404.3341960287878
 20
234.0000001
 10
404.0375070959884
 20
234.0000001
 10
404.0375070959884
 20
234.0000001
 10
404.33419602878774
 20
234.0000001
 10
404.9098359702124
 20
234.0000001
 10
405.7300115562101
 20
234.0000001
 10
406.74568754904374
 20
234.0000001
 10
407.89614047117624
 20
234.0000001
  0
LWPOLYLINE
  5
43E
330
17
100
AcDbEntity
  8
YZ_SIDE
100
AcDbPolyline
 90
12
 70
0
 10
409.0
 20
226.0000001
 10
411.1625632698224
 20
226.0000001
 10
412.63852798141806
 20
226.0000001
 10
412.95928576752374
 20
226.0000001
 10
412.022998297417
 20
226.0000001
 10
410.12693022736573
 20
226.0000001
 10
407.87306977263427
 20
226.0000001
 10
405.977001702583
 20
226.0000001
 10
405.04071423247626
 20
226.0000001
 10
405.36147201858194
 20
226.0000001
 10
406.8374367301776
 20
226.0000001
 10
409.0
 20
226.0000001
  0
LWPOLYLINE
  5
43F
330
17
100
AcDbEntity
  8
YZ_SIDE
100
AcDbPolyline
 90
2
 70
0
 10
409.0
 20
186.0000001
 10
409.0
 20
226.0000001
  0
LWPOLYLINE
  5
440
330
17
100
AcDbEntity
  8
YZ_SIDE
100
AcDbPolyline
 90
12
 70
0
 10
409.0
 20
186.0000001
 10
411.1625632698224
 20
186.0000001
 10
412.63852798141806
 20
186.0000001
 10
412.95928576752374
 20
186.0000001
 10
412.022998297417
 20
186.0000001
 10
410.12693022736573
 20
186.0000001
 10
407.87306977263427
 20
186.0000001
 10
405.977001702583
 20
186.0000001
 10
405.04071423247626
 20
186.0000001
 10
405.36147201858194
 20
186.0000001
 10
406.8374367301776
 20
186.0000001
 10
409.0
 20
186.0000001
  0
LWPOLYLINE
  5
441
330
17
100
AcDbEntity
  8
YZ_SIDE
100
AcDbPolyline
 90
12
 70
0
 10
409.0
 20
226.0000001
 10
410.4597302071301
 20
226.0000001
 10
411.4560063874572
 20
226.0000001
 10
411.6725178930785
 20
226.0000001
 10
411.0405238507565
 20
226.0000001
 10
409.76067790347184
 20
226.0000001
 10
408.23932209652816
 20
226.0000001
 10
406.9594761492435
 20
226.0000001
 10
406.3274821069215
 20
226.0000001
 10
406.5439936125428
 20
226.0000001
 10
407.5402697928699
 20
226.0000001
 10
409.0
 20
226.0000001
  0
LWPOLYLINE
  5
442
330
17
100
AcDbEntity
  8
YZ_SIDE
100
AcDbPolyline
 90
12
 70
0
 10
409.0
 20
186.0000001
 10
410.4597302071301
 20
186.0000001
 10
411.4560063874572
 20
186.0000001
 10
411.6725178930785
 20
186.0000001
 10
411.0405238507565
 20
186.0000001
 10
409.76067790347184
 20
186.0000001
 10
408.23932209652816
 20
186.0000001
 10
406.9594761492435
 20
186.0000001
 10
406.3274821069215
 20
186.0000001
 10
406.5439936125428
 20
186.0000001
 10
407.5402697928699
 20
186.0000001
 10
409.0
 20
186.0000001
  0
LWPOLYLINE
  5
443
330
17
100
AcDbEntity
  8
YZ_SIDE
100
AcDbPolyline
 90
2
 70
0
 10
409.0
 20
186.0000001
 10
409.0
 20
226.0000001
  0
LWPOLYLINE
  5
444
330
17
100
AcDbEntity
  8
YZ_SIDE
100
AcDbPolyline
 90
12
 70
0
 10
410.4790199457749
 20
231.0000001
 10
410.79956363415226
 20
231.0000001
 10
411.06792077798497
 20
231.0000001
 10
411.2763091395267
 20
231.0000001
 10
411.4186855490301
 20
231.0000001
 10
411.4909211539804
 20
231.0000001
 10
411.4909211539804
 20
231.0000001
 10
411.4186855490301
 20
231.0000001
 10
411.2763091395267
 20
231.0000001
 10
411.06792077798497
 20
231.0000001
 10
410.79956363415226
 20
231.0000001
 10
410.4790199457749
 20
231.0000001
  0
LWPOLYLINE
  5
445
330
17
100
AcDbEntity
  8
YZ_SIDE
100
AcDbPolyline
 90
12
 70
0
 10
409.0
 20
229.8348487100883
 10
409.1919674380102
 20
229.84562151406496
 10
409.38042994505673
 20
229.87775835038588
 10
409.5620876000736
 20
229.9307518646647
 10
409.73398993805307
 20
230.00386680089184
 10
409.89358414072495
 20
230.0962613757687
 10
410.03866509152385
 20
230.20708630171578
 10
410.1672533451963
 20
230.33551387432868
 10
410.2774480131121
 20
230.4806477650017
 10
410.3673289463358
 20
230.6412680199922
 10
410.43501995147716
 20
230.81541710787312
 10
410.4790199457749
 20
231.00000009999997
  0
LWPOLYLINE
  5
446
330
17
100
AcDbEntity
  8
YZ_SIDE
100
AcDbPolyline
 90
12
 70
0
 10
407.5209800542251
 20
231.00000010000002
 10
407.5649800486056
 20
230.81541710803978
 10
407.6326710538045
 20
230.64126802024947
 10
407.72255198684707
 20
230.48064776444667
 10
407.83274665483555
 20
230.33551387509254
 10
407.9613349086233
 20
230.20708630053036
 10
408.1064158593345
 20
230.09626137576572
 10
408.2660100618658
 20
230.00386680059063
 10
408.4379123999878
 20
229.93075186479535
 10
408.6195700549418
 20
229.87775835030874
 10
408.8080325620068
 20
229.84562151409284
 10
409.0
 20
229.8348487100883
  0
LWPOLYLINE
  5
447
330
17
100
AcDbEntity
  8
YZ_SIDE
100
AcDbPolyline
 90
12
 70
0
 10
407.5209800542251
 20
231.0000001
 10
407.20043636584774
 20
231.0000001
 10
406.93207922201503
 20
231.0000001
 10
406.7236908604733
 20
231.0000001
 10
406.5813144509699
 20
231.0000001
 10
406.5090788460196
 20
231.0000001
 10
406.5090788460196
 20
231.0000001
 10
406.5813144509699
 20
231.0000001
 10
406.7236908604733
 20
231.0000001
 10
406.93207922201503
 20
231.0000001
 10
407.20043636584774
 20
231.0000001
 10
407.5209800542251
 20
231.0000001
  0
LWPOLYLINE
  5
448
330
17
100
AcDbEntity
  8
YZ_SIDE
100
AcDbPolyline
 90
12
 70
0
 10
407.5209800542251
 20
231.00000010000002
 10
407.5649800486056
 20
230.81541710803978
 10
407.6326710538045
 20
230.64126802024947
 10
407.72255198684707
 20
230.48064776444667
 10
407.8327466548356
 20
230.33551387509254
 10
407.9613349086233
 20
230.20708630053036
 10
408.1064158593345
 20
230.09626137576572
 10
408.2660100618658
 20
230.00386680059063
 10
408.4379123999878
 20
229.93075186479535
 10
408.6195700549418
 20
229.87775835030874
 10
408.8080325620068
 20
229.84562151409284
 10
409.0
 20
229.8348487100883
  0
LWPOLYLINE
  5
449
330
17
100
AcDbEntity
  8
YZ_SIDE
100
AcDbPolyline
 90
2
 70
0
 10
409.0
 20
186.0000001
 10
409.0
 20
229.83484871008818
  0
LWPOLYLINE
  5
44A
330
17
100
AcDbEntity
  8
YZ_SIDE
100
AcDbPolyline
 90
12
 70
0
 10
409.0
 20
186.0000001
 10
410.351602043639
 20
186.0000001
 10
411.2740799883863
 20
186.0000001
 10
411.47455360470235
 20
186.0000001
 10
410.88937393588566
 20
186.0000001
 10
409.7043313921036
 20
186.0000001
 10
408.29566860789646
 20
186.0000001
 10
407.11062606411434
 20
186.0000001
 10
406.52544639529765
 20
186.0000001
 10
406.7259200116137
 20
186.0000001
 10
407.648397956361
 20
186.0000001
 10
409.0
 20
186.0000001
  0
LWPOLYLINE
  5
44B
330
17
100
AcDbEntity
  8
YZ_SIDE
100
AcDbPolyline
 90
12
 70
0
 10
409.0
 20
229.8348487100883
 10
409.1919674380102
 20
229.84562151406496
 10
409.38042994505673
 20
229.87775835038588
 10
409.5620876000736
 20
229.9307518646647
 10
409.73398993805307
 20
230.00386680089184
 10
409.89358414072495
 20
230.0962613757687
 10
410.03866509152385
 20
230.2070863017158
 10
410.1672533451963
 20
230.33551387432868
 10
410.2774480131121
 20
230.48064776500172
 10
410.3673289463358
 20
230.6412680199922
 10
410.43501995147716
 20
230.81541710787312
 10
410.4790199457749
 20
231.00000010000005
  0
LWPOLYLINE
  5
44C
330
17
100
AcDbEntity
  8
YZ_SIDE
100
AcDbPolyline
 90
12
 70
0
 10
409.47777765029406
 20
231.0000001
 10
409.70385668479264
 20
231.0000001
 10
409.88766778549075
 20
231.0000001
 10
410.0347645048902
 20
231.0000001
 10
410.1514869197175
 20
231.0000001
 10
410.2433732070591
 20
231.0000001
 10
410.3149748322584
 20
231.0000001
 10
410.37000938356863
 20
231.0000001
 10
410.4115451175402
 20
231.0000001
 10
410.44215366701565
 20
231.0000001
 10
410.4640200745606
 20
231.0000001
 10
410.47901988650796
 20
231.00000009999997
  0
LWPOLYLINE
  5
44D
330
17
100
AcDbEntity
  8
YZ_SIDE
100
AcDbPolyline
 90
12
 70
0
 10
410.4790199455335
 20
231.0000001
 10
410.4640200362756
 20
231.0000001
 10
410.4421536842764
 20
231.0000001
 10
410.41154510526735
 20
231.0000001
 10
410.3700093680649
 20
231.0000001
 10
410.3149748540957
 20
231.0000001
 10
410.24337316161063
 20
231.0000001
 10
410.1514869216273
 20
231.0000001
 10
410.034764523102
 20
231.0000001
 10
409.8876677497645
 20
231.0000001
 10
409.70385664812295
 20
231.0000001
 10
409.47777764950035
 20
231.0000001
  0
LWPOLYLINE
  5
44E
330
17
100
AcDbEntity
  8
YZ_SIDE
100
AcDbPolyline
 90
12
 70
0
 10
409.4777776516069
 20
231.0000001
 10
410.77961051208706
 20
231.0000001
 10
411.95420016375317
 20
231.0000001
 10
412.9175627487315
 20
231.0000001
 10
413.6008172698986
 20
231.0000001
 10
413.95511062309504
 20
231.0000001
 10
413.95511062309504
 20
231.0000001
 10
413.6008172698986
 20
231.0000001
 10
412.9175627487315
 20
231.0000001
 10
411.95420016375317
 20
231.0000001
 10
410.77961051208706
 20
231.0000001
 10
409.4777776516069
 20
231.0000001
  0
LWPOLYLINE
  5
44F
330
17
100
AcDbEntity
  8
YZ_SIDE
100
AcDbPolyline
 90
12
 70
0
 10
408.52222234970594
 20
231.0000001
 10
408.29614331520736
 20
231.0000001
 10
408.11233221450925
 20
231.0000001
 10
407.9652354951099
 20
231.0000001
 10
407.8485130802825
 20
231.0000001
 10
407.7566267929409
 20
231.0000001
 10
407.6850251677416
 20
231.0000001
 10
407.62999061643137
 20
231.0000001
 10
407.5884548824598
 20
231.0000001
 10
407.55784633298435
 20
231.0000001
 10
407.5359799254394
 20
231.0000001
 10
407.520980113492
 20
231.0000001
  0
LWPOLYLINE
  5
450
330
17
100
AcDbEntity
  8
YZ_SIDE
100
AcDbPolyline
 90
12
 70
0
 10
407.89614047117624
 20
234.00000009999997
 10
407.7525537143989
 20
233.7158627249966
 10
407.63903332229484
 20
233.4179787638853
 10
407.55695186552884
 20
233.10936964219945
 10
407.5096879766879
 20
232.7930117182272
 10
407.5023823707545
 20
232.4729707201364
 10
407.54135440553426
 20
232.15553955852883
 10
407.6327394358337
 20
231.85011707351785
 10
407.7802394531112
 20
231.56908450616436
 10
407.98283000372516
 20
231.32608475280097
 10
408.233890756459
 20
231.13338375740182
 10
408.5222223483931
 20
231.00000010000002
  0
LWPOLYLINE
  5
451
330
17
100
AcDbEntity
  8
YZ_SIDE
100
AcDbPolyline
 90
12
 70
0
 10
410.10385951570044
 20
234.0000001
 10
409.9567434754713
 20
234.0000001
 10
409.78513789661895
 20
234.0000001
 10
409.5881380994802
 20
234.0000001
 10
409.3663441463518
 20
234.0000001
 10
409.1247445835391
 20
234.0000001
 10
408.875255416762
 20
234.0000001
 10
408.6336558628002
 20
234.0000001
 10
408.41186190053065
 20
234.0000001
 10
408.21486210337946
 20
234.0000001
 10
408.04325652450615
 20
234.0000001
 10
407.8961404842958
 20
234.0000001
  0
LWPOLYLINE
  5
452
330
17
100
AcDbEntity
  8
YZ_SIDE
100
AcDbPolyline
 90
12
 70
0
 10
409.4777776516069
 20
231.00000010000002
 10
409.7661092435373
 20
231.13338375740722
 10
410.01716999626996
 20
231.3260847528049
 10
410.2197605468867
 20
231.56908450616004
 10
410.3672605641875
 20
231.8501170735016
 10
410.4586455944627
 20
232.15553955852982
 10
410.4976176292501
 20
232.47297072013671
 10
410.4903120233106
 20
232.7930117182276
 10
410.4430481344706
 20
233.10936964219962
 10
410.3609666777011
 20
233.4179787638842
 10
410.24744628559057
 20
233.71586272499235
 10
410.10385952882376
 20
234.00000009999997
  0
LWPOLYLINE
  5
453
330
17
100
AcDbEntity
  8
YZ_SIDE
100
AcDbPolyline
 90
12
 70
0
 10
409.0
 20
229.8348487100883
 10
409.0
 20
230.7922360159728
 10
409.0
 20
232.30723419364833
 10
409.0
 20
234.2769188113248
 10
409.0
 20
236.56747540435975
 10
409.0
 20
239.0232904285951
 10
409.0
 20
241.47752317776755
 10
409.0
 20
243.7634404406354
 10
409.0
 20
245.72574385521597
 10
409.0
 20
247.23112041366437
 10
409.0
 20
248.1772993481397
 10
409.0
 20
248.5000001
  0
LWPOLYLINE
  5
454
330
17
100
AcDbEntity
  8
YZ_SIDE
100
AcDbPolyline
 90
12
 70
0
 10
409.0
 20
248.5000001
 10
409.8109612261834
 20
248.26188039924676
 10
410.3644479930318
 20
247.62312261950282
 10
410.4847321628214
 20
246.78652784259006
 10
410.13362436153136
 20
246.01770899908206
 10
409.42259883526214
 20
245.56076063957823
 10
408.57740116473786
 20
245.56076063957823
 10
407.86637563846864
 20
246.01770899908206
 10
407.5152678371786
 20
246.78652784259006
 10
407.6355520069682
 20
247.62312261950282
 10
408.1890387738166
 20
248.26188039924676
 10
409.0
 20
248.5000001
  0
LWPOLYLINE
  5
455
330
17
100
AcDbEntity
  8
YZ_SIDE
100
AcDbPolyline
 90
12
 70
0
 10
408.5222223483931
 20
231.0000001
 10
407.22038948791294
 20
231.0000001
 10
406.04579983624683
 20
231.0000001
 10
405.0824372512685
 20
231.0000001
 10
404.3991827301014
 20
231.0000001
 10
404.04488937690496
 20
231.0000001
 10
404.0448893769049
 20
231.0000001
 10
404.3991827301014
 20
231.0000001
 10
405.0824372512685
 20
231.0000001
 10
406.04579983624683
 20
231.0000001
 10
407.22038948791294
 20
231.0000001
 10
408.5222223483931
 20
231.0000001
  0
LWPOLYLINE
  5
456
330
17
100
AcDbEntity
  8
YZ_SIDE
100
AcDbPolyline
 90
12
 70
0
 10
407.5209800544665
 20
231.0000001
 10
407.5359799637244
 20
231.0000001
 10
407.5578463157236
 20
231.0000001
 10
407.58845489473265
 20
231.0000001
 10
407.6299906319351
 20
231.0000001
 10
407.6850251459043
 20
231.0000001
 10
407.75662683838937
 20
231.0000001
 10
407.8485130783727
 20
231.0000001
 10
407.965235476898
 20
231.0000001
 10
408.1123322502355
 20
231.0000001
 10
408.29614335187705
 20
231.0000001
 10
408.52222235049965
 20
231.0000001
  0
LWPOLYLINE
  5
457
330
17
100
AcDbEntity
  8
YZ_SIDE
100
AcDbPolyline
 90
12
 70
0
 10
409.4777776516069
 20
231.00000009999997
 10
409.7661092435373
 20
231.1333837574072
 10
410.0171699962699
 20
231.3260847528049
 10
410.2197605468866
 20
231.56908450616004
 10
410.3672605641875
 20
231.85011707350156
 10
410.4586455944627
 20
232.15553955852982
 10
410.4976176292501
 20
232.4729707201367
 10
410.49031202331065
 20
232.79301171822758
 10
410.4430481344706
 20
233.10936964219962
 10
410.3609666777011
 20
233.4179787638842
 10
410.24744628559057
 20
233.71586272499235
 10
410.10385952882376
 20
234.00000009999997
  0
LWPOLYLINE
  5
458
330
17
100
AcDbEntity
  8
YZ_SIDE
100
AcDbPolyline
 90
12
 70
0
 10
410.10385951570044
 20
234.0000001
 10
409.9567434754713
 20
234.0000001
 10
409.78513789661895
 20
234.0000001
 10
409.5881380994802
 20
234.0000001
 10
409.3663441463518
 20
234.0000001
 10
409.1247445835391
 20
234.0000001
 10
408.875255416762
 20
234.0000001
 10
408.6336558628002
 20
234.0000001
 10
408.41186190053065
 20
234.0000001
 10
408.21486210337946
 20
234.0000001
 10
408.04325652450615
 20
234.0000001
 10
407.8961404842958
 20
234.0000001
  0
LWPOLYLINE
  5
459
330
17
100
AcDbEntity
  8
YZ_SIDE
100
AcDbPolyline
 90
12
 70
0
 10
407.89614047117624
 20
234.00000009999997
 10
407.75255371439886
 20
233.7158627249966
 10
407.63903332229484
 20
233.4179787638853
 10
407.55695186552884
 20
233.10936964219945
 10
407.5096879766879
 20
232.79301171822718
 10
407.5023823707545
 20
232.4729707201364
 10
407.54135440553426
 20
232.15553955852883
 10
407.6327394358337
 20
231.85011707351785
 10
407.7802394531112
 20
231.56908450616436
 10
407.98283000372516
 20
231.32608475280097
 10
408.233890756459
 20
231.13338375740182
 10
408.5222223483931
 20
231.00000009999994
  0
LWPOLYLINE
  5
45A
330
17
100
AcDbEntity
  8
YZ_SIDE
100
AcDbPolyline
 90
12
 70
0
 10
409.0
 20
248.5000001
 10
409.0
 20
248.1772993481397
 10
409.0
 20
247.23112041366434
 10
409.0
 20
245.7257438552159
 10
409.0
 20
243.76344044063532
 10
409.0
 20
241.47752317776744
 10
409.0
 20
239.02329042859495
 10
409.0
 20
236.56747540435958
 10
409.0
 20
234.27691881132463
 10
409.0
 20
232.30723419364816
 10
409.0
 20
230.79223601597266
 10
409.0
 20
229.83484871008824
  0
LWPOLYLINE
  5
45B
330
17
100
AcDbEntity
  8
YZ_SIDE
100
AcDbPolyline
 90
12
 70
0
 10
410.10385952882376
 20
234.0000001
 10
411.25431245095626
 20
234.0000001
 10
412.2699884437899
 20
234.0000001
 10
413.0901640297876
 20
234.0000001
 10
413.6658039712122
 20
234.0000001
 10
413.9624929040116
 20
234.0000001
 10
413.9624929040116
 20
234.0000001
 10
413.6658039712122
 20
234.0000001
 10
413.0901640297876
 20
234.0000001
 10
412.2699884437899
 20
234.0000001
 10
411.25431245095626
 20
234.0000001
 10
410.10385952882376
 20
234.0000001
  0
LWPOLYLINE
  5
45C
330
17
100
AcDbEntity
  8
YZ_SIDE
100
AcDbPolyline
 90
12
 70
0
 10
407.89614047117624
 20
234.0000001
 10
406.74568754904374
 20
234.0000001
 10
405.7300115562102
 20
234.0000001
 10
404.9098359702124
 20
234.0000001
 10
404.3341960287878
 20
234.0000001
 10
404.0375070959884
 20
234.0000001
 10
404.0375070959884
 20
234.0000001
 10
404.33419602878774
 20
234.0000001
 10
404.9098359702124
 20
234.0000001
 10
405.7300115562101
 20
234.0000001
 10
406.74568754904374
 20
234.0000001
 10
407.89614047117624
 20
234.0000001
  0
LWPOLYLINE
  5
45D
330
17
100
AcDbEntity
  8
YZ_SIDE
100
AcDbPolyline
 90
12
 70
0
 10
549.0
 20
201.0000001
 10
549.0
 20
200.76188039924676
 10
549.0
 20
200.12312261950282
 10
549.0
 20
199.28652784259006
 10
549.0
 20
198.51770899908206
 10
549.0
 20
198.06076063957823
 10
549.0
 20
198.06076063957823
 10
549.0
 20
198.51770899908206
 10
549.0
 20
199.28652784259006
 10
549.0
 20
200.12312261950282
 10
549.0
 20
200.76188039924676
 10
549.0
 20
201.0000001
  0
LWPOLYLINE
  5
45E
330
17
100
AcDbEntity
  8
YZ_SIDE
100
AcDbPolyline
 90
2
 70
0
 10
409.0
 20
201.0000001
 10
549.0
 20
201.0000001
  0
LWPOLYLINE
  5
45F
330
17
100
AcDbEntity
  8
YZ_SIDE
100
AcDbPolyline
 90
12
 70
0
 10
409.0
 20
201.0000001
 10
409.0
 20
200.76188039924676
 10
409.0
 20
200.12312261950282
 10
409.0
 20
199.28652784259006
 10
409.0
 20
198.51770899908206
 10
409.0
 20
198.06076063957823
 10
409.0
 20
198.06076063957823
 10
409.0
 20
198.51770899908206
 10
409.0
 20
199.28652784259006
 10
409.0
 20
200.12312261950282
 10
409.0
 20
200.76188039924676
 10
409.0
 20
201.0000001
  0
LWPOLYLINE
  5
460
330
17
100
AcDbEntity
  8
YZ_SIDE
100
AcDbPolyline
 90
21
 70
0
 10
437.0
 20
65.2000001
 10
437.1541333133436
 20
61.27704531360775
 10
437.6155829702431
 20
57.37827684798845
 10
438.3815039801162
 20
53.527731907204725
 10
439.4471741852423
 20
49.749150381252626
 10
440.80602337443565
 20
46.06582848174551
 10
442.44967379058164
 20
42.50047511302267
 10
444.3679917822954
 20
39.075071864202556
 10
446.54915028125265
 20
35.81073748537635
 10
448.97970171999845
 20
32.72759768349083
 10
451.6446609406726
 20
29.844661040672634
 10
454.52759758349083
 20
27.179701819998456
 10
457.61073738537635
 20
24.749150381252633
 10
460.8750717642026
 20
22.567991882295388
 10
464.30047501302266
 20
20.64967389058161
 10
467.86582838174553
 20
19.006023474435665
 10
471.54915028125265
 20
17.64717428524233
 10
475.3277318072047
 20
16.581504080116176
 10
479.17827674798843
 20
15.815583070243122
 10
483.07704521360773
 20
15.354133413343604
 10
487.0
 20
15.200000099999997
  0
LWPOLYLINE
  5
461
330
17
100
AcDbEntity
  8
YZ_SIDE
100
AcDbPolyline
 90
12
 70
0
 10
437.0
 20
65.2000001
 10
439.05443510633125
 20
65.2000001
 10
440.45660158234716
 20
65.2000001
 10
440.76132147914757
 20
65.2000001
 10
439.8718483825462
 20
65.2000001
 10
438.07058371599743
 20
65.2000001
 10
435.92941628400257
 20
65.2000001
 10
434.1281516174538
 20
65.2000001
 10
433.23867852085243
 20
65.2000001
 10
433.54339841765284
 20
65.2000001
 10
434.94556489366875
 20
65.2000001
 10
437.0
 20
65.2000001
  0
LWPOLYLINE
  5
462
330
17
100
AcDbEntity
  8
YZ_SIDE
100
AcDbPolyline
 90
12
 70
0
 10
487.0
 20
15.200000099999997
 10
487.0
 20
17.254435206331266
 10
487.0
 20
18.656601682347173
 10
487.0
 20
18.961321579147537
 10
487.0
 20
18.071848482546173
 10
487.0
 20
16.270583815997426
 10
487.0
 20
14.129416384002567
 10
487.0
 20
12.32815171745382
 10
487.0
 20
11.438678620852457
 10
487.0
 20
11.743398517652821
 10
487.0
 20
13.145564993668728
 10
487.0
 20
15.200000099999997
  0
LWPOLYLINE
  5
463
330
17
100
AcDbEntity
  8
YZ_SIDE
100
AcDbPolyline
 90
2
 70
0
 10
487.0
 20
15.200000099999997
 10
709.0
 20
15.200000099999997
  0
LWPOLYLINE
  5
464
330
17
100
AcDbEntity
  8
YZ_SIDE
100
AcDbPolyline
 90
12
 70
0
 10
709.0
 20
15.200000099999997
 10
709.0
 20
13.145564993668728
 10
709.0
 20
11.743398517652821
 10
709.0
 20
11.438678620852457
 10
709.0
 20
12.32815171745382
 10
709.0
 20
14.129416384002567
 10
709.0
 20
16.270583815997426
 10
709.0
 20
18.071848482546173
 10
709.0
 20
18.961321579147537
 10
709.0
 20
18.656601682347173
 10
709.0
 20
17.254435206331266
 10
709.0
 20
15.200000099999997
  0
LWPOLYLINE
  5
465
330
17
100
AcDbEntity
  8
YZ_SIDE
100
AcDbPolyline
 90
2
 70
0
 10
514.0
 20
6.200000099999997
 10
514.0
 20
24.200000099999997
  0
LWPOLYLINE
  5
466
330
17
100
AcDbEntity
  8
YZ_SIDE
100
AcDbPolyline
 90
2
 70
0
 10
514.0
 20
24.200000099999997
 10
544.0
 20
24.200000099999997
  0
LWPOLYLINE
  5
467
330
17
100
AcDbEntity
  8
YZ_SIDE
100
AcDbPolyline
 90
2
 70
0
 10
544.0
 20
6.200000099999997
 10
544.0
 20
24.200000099999997
  0
LWPOLYLINE
  5
468
330
17
100
AcDbEntity
  8
YZ_SIDE
100
AcDbPolyline
 90
2
 70
0
 10
514.0
 20
6.200000099999997
 10
544.0
 20
6.200000099999997
  0
LWPOLYLINE
  5
469
330
17
100
AcDbEntity
  8
YZ_SIDE
100
AcDbPolyline
 90
2
 70
0
 10
514.0
 20
10.000000099999994
 10
514.0
 20
6.200000099999997
  0
LWPOLYLINE
  5
46A
330
17
100
AcDbEntity
  8
YZ_SIDE
100
AcDbPolyline
 90
2
 70
0
 10
514.0
 20
6.200000099999997
 10
514.0
 20
24.200000099999997
  0
LWPOLYLINE
  5
46B
330
17
100
AcDbEntity
  8
YZ_SIDE
100
AcDbPolyline
 90
2
 70
0
 10
514.0
 20
10.000000099999994
 10
514.0
 20
6.200000099999997
  0
LWPOLYLINE
  5
46C
330
17
100
AcDbEntity
  8
YZ_SIDE
100
AcDbPolyline
 90
12
 70
0
 10
514.0
 20
15.200000099999997
 10
514.0
 20
12.929308666686481
 10
514.0
 20
11.379545719511015
 10
514.0
 20
11.042750044100075
 10
514.0
 20
12.025851887712108
 10
514.0
 20
14.016723361265989
 10
514.0
 20
16.383276838734005
 10
514.0
 20
18.374148312287886
 10
514.0
 20
19.35725015589992
 10
514.0
 20
19.02045448048898
 10
514.0
 20
17.470691533313513
 10
514.0
 20
15.200000099999997
  0
LWPOLYLINE
  5
46D
330
17
100
AcDbEntity
  8
YZ_SIDE
100
AcDbPolyline
 90
2
 70
0
 10
514.0
 20
24.200000099999997
 10
544.0
 20
24.200000099999997
  0
LWPOLYLINE
  5
46E
330
17
100
AcDbEntity
  8
YZ_SIDE
100
AcDbPolyline
 90
2
 70
0
 10
544.0
 20
6.200000099999997
 10
544.0
 20
24.200000099999997
  0
LWPOLYLINE
  5
46F
330
17
100
AcDbEntity
  8
YZ_SIDE
100
AcDbPolyline
 90
12
 70
0
 10
544.0
 20
15.200000099999997
 10
544.0
 20
12.929308666686481
 10
544.0
 20
11.379545719511015
 10
544.0
 20
11.042750044100075
 10
544.0
 20
12.025851887712108
 10
544.0
 20
14.016723361265989
 10
544.0
 20
16.383276838734005
 10
544.0
 20
18.374148312287886
 10
544.0
 20
19.35725015589992
 10
544.0
 20
19.02045448048898
 10
544.0
 20
17.470691533313513
 10
544.0
 20
15.200000099999997
  0
LWPOLYLINE
  5
470
330
17
100
AcDbEntity
  8
YZ_SIDE
100
AcDbPolyline
 90
2
 70
0
 10
514.0
 20
6.200000099999997
 10
544.0
 20
6.200000099999997
  0
LWPOLYLINE
  5
471
330
17
100
AcDbEntity
  8
YZ_SIDE
100
AcDbPolyline
 90
2
 70
0
 10
514.0
 20
6.200000099999997
 10
520.0
 20
6.200000099999997
  0
LWPOLYLINE
  5
472
330
17
100
AcDbEntity
  8
YZ_SIDE
100
AcDbPolyline
 90
2
 70
0
 10
514.0
 20
6.200000099999997
 10
520.0
 20
6.200000099999997
  0
LWPOLYLINE
  5
473
330
17
100
AcDbEntity
  8
YZ_SIDE
100
AcDbPolyline
 90
2
 70
0
 10
460.0
 20
9.999999406318238e-08
 10
460.0
 20
92.10000009999999
  0
LWPOLYLINE
  5
474
330
17
100
AcDbEntity
  8
YZ_SIDE
100
AcDbPolyline
 90
2
 70
0
 10
466.43746599563735
 20
92.10000009999999
 10
460.0
 20
92.10000009999999
  0
LWPOLYLINE
  5
475
330
17
100
AcDbEntity
  8
YZ_SIDE
100
AcDbPolyline
 90
2
 70
0
 10
466.43746599563735
 20
92.10000009999999
 10
466.43746599563735
 20
106.0000001
  0
LWPOLYLINE
  5
476
330
17
100
AcDbEntity
  8
YZ_SIDE
100
AcDbPolyline
 90
2
 70
0
 10
466.43746599563735
 20
106.0000001
 10
465.2810803023538
 20
106.0000001
  0
LWPOLYLINE
  5
477
330
17
100
AcDbEntity
  8
YZ_SIDE
100
AcDbPolyline
 90
2
 70
0
 10
465.2810803023538
 20
106.0000001
 10
465.2810803023538
 20
116.0000001
  0
LWPOLYLINE
  5
478
330
17
100
AcDbEntity
  8
YZ_SIDE
100
AcDbPolyline
 90
2
 70
0
 10
470.0
 20
116.0000001
 10
465.2810803023538
 20
116.0000001
  0
LWPOLYLINE
  5
479
330
17
100
AcDbEntity
  8
YZ_SIDE
100
AcDbPolyline
 90
2
 70
0
 10
470.0
 20
10.000000099999994
 10
470.0
 20
116.0000001
  0
LWPOLYLINE
  5
47A
330
17
100
AcDbEntity
  8
YZ_SIDE
100
AcDbPolyline
 90
2
 70
0
 10
470.0
 20
10.000000099999994
 10
514.0
 20
10.000000099999994
  0
LWPOLYLINE
  5
47B
330
17
100
AcDbEntity
  8
YZ_SIDE
100
AcDbPolyline
 90
2
 70
0
 10
520.0
 20
9.999999406318238e-08
 10
520.0
 20
6.200000099999997
  0
LWPOLYLINE
  5
47C
330
17
100
AcDbEntity
  8
YZ_SIDE
100
AcDbPolyline
 90
2
 70
0
 10
460.0
 20
9.999999406318238e-08
 10
520.0
 20
9.999999406318238e-08
  0
LWPOLYLINE
  5
47D
330
17
100
AcDbEntity
  8
YZ_SIDE
100
AcDbPolyline
 90
2
 70
0
 10
470.0
 20
10.000000099999994
 10
514.0
 20
10.000000099999994
  0
LWPOLYLINE
  5
47E
330
17
100
AcDbEntity
  8
YZ_SIDE
100
AcDbPolyline
 90
2
 70
0
 10
460.0
 20
9.999999406318238e-08
 10
520.0
 20
9.999999406318238e-08
  0
LWPOLYLINE
  5
47F
330
17
100
AcDbEntity
  8
YZ_SIDE
100
AcDbPolyline
 90
2
 70
0
 10
460.0
 20
92.10000009999999
 10
460.0
 20
9.999999406318238e-08
  0
LWPOLYLINE
  5
480
330
17
100
AcDbEntity
  8
YZ_SIDE
100
AcDbPolyline
 90
2
 70
0
 10
466.43746599563735
 20
92.10000009999999
 10
460.0
 20
92.10000009999999
  0
LWPOLYLINE
  5
481
330
17
100
AcDbEntity
  8
YZ_SIDE
100
AcDbPolyline
 90
2
 70
0
 10
466.43746599563735
 20
92.10000009999999
 10
466.43746599563735
 20
106.0000001
  0
LWPOLYLINE
  5
482
330
17
100
AcDbEntity
  8
YZ_SIDE
100
AcDbPolyline
 90
2
 70
0
 10
466.43746599563735
 20
106.0000001
 10
465.2810803023538
 20
106.0000001
  0
LWPOLYLINE
  5
483
330
17
100
AcDbEntity
  8
YZ_SIDE
100
AcDbPolyline
 90
2
 70
0
 10
465.2810803023538
 20
106.0000001
 10
465.2810803023538
 20
116.0000001
  0
LWPOLYLINE
  5
484
330
17
100
AcDbEntity
  8
YZ_SIDE
100
AcDbPolyline
 90
2
 70
0
 10
470.0
 20
116.0000001
 10
465.2810803023538
 20
116.0000001
  0
LWPOLYLINE
  5
485
330
17
100
AcDbEntity
  8
YZ_SIDE
100
AcDbPolyline
 90
2
 70
0
 10
470.0
 20
10.000000099999994
 10
470.0
 20
116.0000001
  0
LWPOLYLINE
  5
486
330
17
100
AcDbEntity
  8
YZ_SIDE
100
AcDbPolyline
 90
2
 70
0
 10
520.0
 20
9.999999406318238e-08
 10
520.0
 20
6.200000099999997
  0
LWPOLYLINE
  5
487
330
17
100
AcDbEntity
  8
YZ_SIDE
100
AcDbPolyline
 90
2
 70
0
 10
514.0
 20
15.200000099999997
 10
544.0
 20
15.200000099999997
  0
LWPOLYLINE
  5
488
330
17
100
AcDbEntity
  8
YZ_SIDE
100
AcDbPolyline
 90
12
 70
0
 10
460.0
 20
23.116749274998384
 10
460.0
 20
25.6624533350611
 10
460.0
 20
27.62842180352773
 10
460.0
 20
28.15283444499447
 10
460.0
 20
26.857549635205956
 10
460.0
 20
24.54321628146144
 10
460.0
 20
21.933402516659555
 10
460.0
 20
19.59305000134688
 10
460.0
 20
18.27466431170359
 10
460.0
 20
18.687417990927216
 10
460.0
 20
20.577761146801137
 10
460.0
 20
23.116749274998398
  0
LWPOLYLINE
  5
489
330
17
100
AcDbEntity
  8
YZ_SIDE
100
AcDbPolyline
 90
12
 70
0
 10
466.43746599563735
 20
92.10000009999999
 10
466.540720563887
 20
92.10000009999999
 10
466.6233686265581
 20
92.10000009999999
 10
466.6853805856939
 20
92.10000009999999
 10
466.72673423354706
 20
92.10000009999999
 10
466.74741476053293
 20
92.10000009999999
 10
466.74741476053293
 20
92.10000009999999
 10
466.72673423354706
 20
92.10000009999999
 10
466.6853805856939
 20
92.10000009999999
 10
466.6233686265581
 20
92.10000009999999
 10
466.540720563887
 20
92.10000009999999
 10
466.43746599563735
 20
92.10000009999999
  0
LWPOLYLINE
  5
48A
330
17
100
AcDbEntity
  8
YZ_SIDE
100
AcDbPolyline
 90
12
 70
0
 10
466.43746599563735
 20
106.0000001
 10
466.540720563887
 20
106.0000001
 10
466.6233686265581
 20
106.0000001
 10
466.6853805856939
 20
106.0000001
 10
466.72673423354706
 20
106.0000001
 10
466.74741476053293
 20
106.0000001
 10
466.74741476053293
 20
106.0000001
 10
466.72673423354706
 20
106.0000001
 10
466.6853805856939
 20
106.0000001
 10
466.6233686265581
 20
106.0000001
 10
466.540720563887
 20
106.0000001
 10
466.43746599563735
 20
106.0000001
  0
LWPOLYLINE
  5
48B
330
17
100
AcDbEntity
  8
YZ_SIDE
100
AcDbPolyline
 90
12
 70
0
 10
465.2810803023538
 20
106.0000001
 10
465.38644194053404
 20
106.0000001
 10
465.47077843396545
 20
106.0000001
 10
465.5340583356031
 20
106.0000001
 10
465.57625804989726
 20
106.0000001
 10
465.5973618415919
 20
106.0000001
 10
465.5973618415919
 20
106.0000001
 10
465.57625804989726
 20
106.0000001
 10
465.5340583356031
 20
106.0000001
 10
465.47077843396545
 20
106.0000001
 10
465.38644194053404
 20
106.0000001
 10
465.2810803023538
 20
106.0000001
  0
LWPOLYLINE
  5
48C
330
17
100
AcDbEntity
  8
YZ_SIDE
100
AcDbPolyline
 90
2
 70
0
 10
465.2810803023538
 20
116.0000001
 10
465.2810803023538
 20
121.0000001
  0
LWPOLYLINE
  5
48D
330
17
100
AcDbEntity
  8
YZ_SIDE
100
AcDbPolyline
 90
12
 70
0
 10
465.2810803023538
 20
121.0000001
 10
465.38644194053404
 20
121.0000001
 10
465.47077843396545
 20
121.0000001
 10
465.5340583356031
 20
121.0000001
 10
465.57625804989726
 20
121.0000001
 10
465.5973618415919
 20
121.0000001
 10
465.5973618415919
 20
121.0000001
 10
465.57625804989726
 20
121.0000001
 10
465.5340583356031
 20
121.0000001
 10
465.47077843396545
 20
121.0000001
 10
465.38644194053404
 20
121.0000001
 10
465.2810803023538
 20
121.0000001
  0
LWPOLYLINE
  5
48E
330
17
100
AcDbEntity
  8
YZ_SIDE
100
AcDbPolyline
 90
2
 70
0
 10
465.2810803023538
 20
116.0000001
 10
465.2810803023538
 20
121.0000001
  0
LWPOLYLINE
  5
48F
330
17
100
AcDbEntity
  8
YZ_SIDE
100
AcDbPolyline
 90
96
 70
0
 10
409.0
 20
116.0000001
 10
413.0976162281934
 20
116.0000001
 10
417.1773146232083
 20
116.0000001
 10
421.22125570199177
 20
116.0000001
 10
425.21175633913685
 20
116.0000001
 10
429.1313670906904
 20
116.0000001
 10
432.96294849613207
 20
116.0000001
 10
436.689746024874
 20
116.0000001
 10
440.29546333956034
 20
116.0000001
 10
443.7643335558037
 20
116.0000001
 10
447.0811881867594
 20
116.0000001
 10
450.2315234710586
 20
116.0000001
 10
453.2015637940666
 20
116.0000001
 10
455.97832192514073
 20
116.0000001
 10
458.54965580748535
 20
116.0000001
 10
460.90432165227674
 20
116.0000001
 10
463.0320231048912
 20
116.0000001
 10
464.92345626824346
 20
116.0000001
 10
466.57035038636184
 20
116.0000001
 10
467.9655040102995
 20
116.0000001
 10
469.1028164882385
 20
116.0000001
 10
469.9773146420877
 20
116.0000001
 10
470.58517451392555
 20
116.0000001
 10
470.9237380871949
 20
116.0000001
 10
470.99152490953304
 20
116.0000001
 10
470.7882385664135
 20
116.0000001
 10
470.314767977291
 20
116.0000001
 10
469.57318350858316
 20
116.0000001
 10
468.5667279204846
 20
116.0000001
 10
467.299802187202
 20
116.0000001
 10
465.77794625261356
 20
116.0000001
 10
464.0078148055039
 20
116.0000001
 10
461.9971481803034
 20
116.0000001
 10
459.75473851057495
 20
116.0000001
 10
457.290391283251
 20
116.0000001
 10
454.61488246173417
 20
116.0000001
 10
451.7399113653511
 20
116.0000001
 10
448.67804951120564
 20
116.0000001
 10
445.44268564213337
 20
116.0000001
 10
442.0479671811356
 20
116.0000001
 10
438.5087383682986
 20
116.0000001
 10
434.840475350708
 20
116.0000001
 10
431.05921850919606
 20
116.0000001
 10
427.1815023178368
 20
116.0000001
 10
423.2242830428986
 20
116.0000001
 10
419.2048645974055
 20
116.0000001
 10
415.14082287552867
 20
116.0000001
 10
411.0499288976731
 20
116.0000001
 10
406.95007110232694
 20
116.0000001
 10
402.85917712447133
 20
116.0000001
 10
398.79513540259455
 20
116.0000001
 10
394.7757169571014
 20
116.0000001
 10
390.8184976821632
 20
116.0000001
 10
386.940781490804
 20
116.0000001
 10
383.159524649292
 20
116.0000001
 10
379.49126163170143
 20
116.0000001
 10
375.95203281886444
 20
116.0000001
 10
372.5573143578667
 20
116.0000001
 10
369.32195048879436
 20
116.0000001
 10
366.2600886346489
 20
116.0000001
 10
363.38511753826583
 20
116.0000001
 10
360.709608716749
 20
116.0000001
 10
358.24526148942505
 20
116.0000001
 10
356.0028518196966
 20
116.0000001
 10
353.9921851944961
 20
116.0000001
 10
352.22205374738644
 20
116.0000001
 10
350.700197812798
 20
116.0000001
 10
349.4332720795154
 20
116.0000001
 10
348.42681649141684
 20
116.0000001
 10
347.68523202270893
 20
116.0000001
 10
347.21176143358645
 20
116.0000001
 10
347.0084750904669
 20
116.0000001
 10
347.0762619128051
 20
116.0000001
 10
347.41482548607445
 20
116.0000001
 10
348.0226853579123
 20
116.0000001
 10
348.8971835117615
 20
116.0000001
 10
350.0344959897005
 20
116.0000001
 10
351.42964961363816
 20
116.0000001
 10
353.07654373175654
 20
116.0000001
 10
354.9679768951088
 20
116.0000001
 10
357.0956783477232
 20
116.0000001
 10
359.45034419251465
 20
116.0000001
 10
362.02167807485927
 20
116.0000001
 10
364.79843620593334
 20
116.0000001
 10
367.7684765289414
 20
116.0000001
 10
370.9188118132406
 20
116.0000001
 10
374.2356664441963
 20
116.0000001
 10
377.70453666043966
 20
116.0000001
 10
381.310253975126
 20
116.0000001
 10
385.03705150386793
 20
116.0000001
 10
388.8686329093096
 20
116.0000001
 10
392.78824366086315
 20
116.0000001
 10
396.77874429800823
 20
116.0000001
 10
400.82268537679175
 20
116.0000001
 10
404.9023837718066
 20
116.0000001
 10
409.0
 20
116.0000001
  0
LWPOLYLINE
  5
490
330
17
100
AcDbEntity
  8
YZ_SIDE
100
AcDbPolyline
 90
22
 70
0
 10
409.0
 20
116.0000001
 10
412.94421871035786
 20
116.0000001
 10
416.8692605246993
 20
116.0000001
 10
420.7560417855853
 20
116.0000001
 10
424.58566485940264
 20
116.0000001
 10
428.33951001716025
 20
116.0000001
 10
431.9993259641055
 20
116.0000001
 10
435.54731857800334
 20
116.0000001
 10
438.9662374246309
 20
116.0000001
 10
442.2394596298464
 20
116.0000001
 10
445.3510707004441
 20
116.0000001
 10
448.28594190084266
 20
116.0000001
 10
451.0298038093987
 20
116.0000001
 10
453.5693156967136
 20
116.0000001
 10
455.89213038861396
 20
116.0000001
 10
457.9869542984396
 20
116.0000001
 10
459.8436023367618
 20
116.0000001
 10
461.4530474315584
 20
116.0000001
 10
462.8074644180772
 20
116.0000001
 10
463.9002680849949
 20
116.0000001
 10
464.7261451918889
 20
116.0000001
 10
465.2810803023538
 20
116.0000001
  0
LWPOLYLINE
  5
491
330
17
100
AcDbEntity
  8
YZ_SIDE
100
AcDbPolyline
 90
67
 70
0
 10
465.2810803023538
 20
116.0000001
 10
464.725666848369
 20
116.0000001
 10
463.89893866368715
 20
116.0000001
 10
462.8049208869469
 20
116.0000001
 10
461.4489400248596
 20
116.0000001
 10
459.8375980187432
 20
116.0000001
 10
457.9787401012737
 20
116.0000001
 10
455.88141659995364
 20
116.0000001
 10
453.5558388732671
 20
116.0000001
 10
451.013329594056
 20
116.0000001
 10
448.266267622178
 20
116.0000001
 10
445.3280277348455
 20
116.0000001
 10
442.2129155080854
 20
116.0000001
 10
438.93609766636587
 20
116.0000001
 10
435.5135282395004
 20
116.0000001
 10
431.96187088635304
 20
116.0000001
 10
428.2984177635332
 20
116.0000001
 10
424.54100533408655
 20
116.0000001
 10
420.70792752609077
 20
116.0000001
 10
416.8178466639656
 20
116.0000001
 10
412.88970260614934
 20
116.0000001
 10
408.94262053153096
 20
116.0000001
 10
404.9958178236016
 20
116.0000001
 10
401.06851050568355
 20
116.0000001
 10
397.17981968278264
 20
116.0000001
 10
393.34867844557414
 20
116.0000001
 10
389.5937396897849
 20
116.0000001
 10
385.93328529977686
 20
116.0000001
 10
382.3851371384943
 20
116.0000001
 10
378.96657027714406
 20
116.0000001
 10
375.69422888707146
 20
116.0000001
 10
372.58404520333454
 20
116.0000001
 10
369.6511619545232
 20
116.0000001
 10
366.909858636493
 20
116.0000001
 10
364.3734819889702
 20
116.0000001
 10
362.05438101351876
 20
116.0000001
 10
359.96384684925295
 20
116.0000001
 10
358.11205779902417
 20
116.0000001
 10
356.50802977373843
 20
116.0000001
 10
355.1595723960762
 20
116.0000001
 10
354.0732509773378
 20
116.0000001
 10
353.2543545525379
 20
116.0000001
 10
352.70687012937924
 20
116.0000001
 10
352.4334632764809
 20
116.0000001
 10
352.4354651453725
 20
116.0000001
 10
352.71286598944084
 20
116.0000001
 10
353.2643152113839
 20
116.0000001
 10
354.0871279389406
 20
116.0000001
 10
355.1772980968819
 20
116.0000001
 10
356.52951791161706
 20
116.0000001
 10
358.13720375345406
 20
116.0000001
 10
359.9925281906922
 20
116.0000001
 10
362.0864580994856
 20
116.0000001
 10
364.4087986439275
 20
116.0000001
 10
366.94824291222983
 20
116.0000001
 10
369.6924269673281
 20
116.0000001
 10
372.62799004388756
 20
116.0000001
 10
375.74063959862235
 20
116.0000001
 10
379.01522089721595
 20
116.0000001
 10
382.43579079904003
 20
116.0000001
 10
385.985695380432
 20
116.0000001
 10
389.64765101860223
 20
116.0000001
 10
393.4038285413939
 20
116.0000001
 10
397.23594003318976
 20
116.0000001
 10
401.12532787432883
 20
116.0000001
 10
405.0530555805236
 20
116.0000001
 10
408.99999999999994
 20
116.0000001
  0
LWPOLYLINE
  5
492
330
17
100
AcDbEntity
  8
YZ_SIDE
100
AcDbPolyline
 90
12
 70
0
 10
470.0
 20
18.178728317965025
 10
470.0
 20
20.543300004283424
 10
470.0
 20
22.233677311540433
 10
470.0
 20
22.62553827727905
 10
470.0
 20
21.53877858236646
 10
470.0
 20
19.435419516368
 10
470.0
 20
16.98742597040429
 10
470.0
 20
14.876413326772521
 10
470.0
 20
13.785623273434382
 10
470.0
 20
14.150298978299276
 10
470.0
 20
15.816832549198267
 10
470.0
 20
18.178728317965025
  0
LWPOLYLINE
  5
493
330
17
100
AcDbEntity
  8
YZ_SIDE
100
AcDbPolyline
 90
12
 70
0
 10
460.0
 20
23.116749274998384
 10
460.86064762190153
 20
22.576834365230894
 10
461.73208789422796
 20
22.054518090698295
 10
462.613961008898
 20
21.550016110032118
 10
463.50590285022486
 20
21.063536726538302
 10
464.4075451452553
 20
20.595280802191155
 10
465.31851561582585
 20
20.145441674699555
 10
466.2384381322722
 20
19.714205077680006
 10
467.16693286872896
 20
19.301749063969282
 10
468.10361645995545
 20
18.90824393210835
 10
469.04810215962345
 20
18.533852156027976
 10
470.0
 20
18.178728317965025
  0
LWPOLYLINE
  5
494
330
17
100
AcDbEntity
  8
YZ_SIDE
100
AcDbPolyline
 90
2
 70
0
 10
409.0
 20
116.0000001
 10
409.0
 20
126.0000001
  0
LWPOLYLINE
  5
495
330
17
100
AcDbEntity
  8
YZ_SIDE
100
AcDbPolyline
 90
90
 70
0
 10
409.0
 20
126.0000001
 10
412.9925050817948
 20
126.0000001
 10
416.9651197041012
 20
126.0000001
 10
420.89805250069946
 20
126.0000001
 10
424.77170979822944
 20
126.0000001
 10
428.56679323088576
 20
126.0000001
 10
432.2643958839054
 20
126.0000001
 10
435.84609648686603
 20
126.0000001
 10
439.2940511875288
 20
126.0000001
 10
442.59108244901233
 20
126.0000001
 10
445.7207646274177
 20
126.0000001
 10
448.6675058035598
 20
126.0000001
 10
451.4166254611247
 20
126.0000001
 10
453.9544276242633
 20
126.0000001
 10
456.26826909025425
 20
126.0000001
 10
458.3466224173037
 20
126.0000001
 10
460.17913335368064
 20
126.0000001
 10
461.75667242207805
 20
126.0000001
 10
463.07138040220997
 20
126.0000001
 10
464.1167074850511
 20
126.0000001
 10
464.88744590365627
 20
126.0000001
 10
465.3797558779934
 20
126.0000001
 10
465.59118474453413
 20
126.0000001
 10
465.52067917530064
 20
126.0000001
 10
465.16859042549237
 20
126.0000001
 10
464.53667258355017
 20
126.0000001
 10
463.6280738323762
 20
126.0000001
 10
462.44732076524485
 20
126.0000001
 10
461.00029583454295
 20
126.0000001
 10
459.2942080456877
 20
126.0000001
 10
457.3375570422244
 20
126.0000001
 10
455.14009076102957
 20
126.0000001
 10
452.7127568685804
 20
126.0000001
 10
450.0676482202304
 20
126.0000001
 10
447.2179426142127
 20
126.0000001
 10
444.1778371405118
 20
126.0000001
 10
440.9624774516759
 20
126.0000001
 10
437.5878823079372
 20
126.0000001
 10
434.07086377255445
 20
126.0000001
 10
430.4289434549596
 20
126.0000001
 10
426.68026521898076
 20
126.0000001
 10
422.8435047910253
 20
126.0000001
 10
418.93777671855037
 20
126.0000001
 10
414.98253914234897
 20
126.0000001
 10
410.99749685707127
 20
126.0000001
 10
407.00250314292873
 20
126.0000001
 10
403.01746085765103
 20
126.0000001
 10
399.06222328144963
 20
126.0000001
 10
395.1564952089747
 20
126.0000001
 10
391.31973478101924
 20
126.0000001
 10
387.5710565450404
 20
126.0000001
 10
383.92913622744555
 20
126.0000001
 10
380.41211769206285
 20
126.0000001
 10
377.0375225483241
 20
126.0000001
 10
373.8221628594881
 20
126.0000001
 10
370.7820573857873
 20
126.0000001
 10
367.9323517797696
 20
126.0000001
 10
365.2872431314196
 20
126.0000001
 10
362.85990923897043
 20
126.0000001
 10
360.6624429577756
 20
126.0000001
 10
358.7057919543123
 20
126.0000001
 10
356.99970416545705
 20
126.0000001
 10
355.55267923475515
 20
126.0000001
 10
354.3719261676238
 20
126.0000001
 10
353.46332741644983
 20
126.0000001
 10
352.83140957450763
 20
126.0000001
 10
352.47932082469936
 20
126.0000001
 10
352.40881525546587
 20
126.0000001
 10
352.6202441220066
 20
126.0000001
 10
353.11255409634373
 20
126.0000001
 10
353.8832925149489
 20
126.0000001
 10
354.92861959779003
 20
126.0000001
 10
356.24332757792195
 20
126.0000001
 10
357.8208666463194
 20
126.0000001
 10
359.6533775826963
 20
126.0000001
 10
361.73173090974575
 20
126.0000001
 10
364.0455723757367
 20
126.0000001
 10
366.5833745388753
 20
126.0000001
 10
369.33249419644017
 20
126.0000001
 10
372.27923537258226
 20
126.0000001
 10
375.4089175509876
 20
126.0000001
 10
378.7059488124712
 20
126.0000001
 10
382.15390351313397
 20
126.0000001
 10
385.7356041160946
 20
126.0000001
 10
389.43320676911424
 20
126.0000001
 10
393.2282902017705
 20
126.0000001
 10
397.10194749930054
 20
126.0000001
 10
401.03488029589874
 20
126.0000001
 10
405.00749491820517
 20
126.0000001
 10
409.0
 20
126.0000001
  0
LWPOLYLINE
  5
496
330
17
100
AcDbEntity
  8
YZ_SIDE
100
AcDbPolyline
 90
96
 70
0
 10
409.0
 20
126.0000001
 10
413.0976162281934
 20
126.0000001
 10
417.1773146232083
 20
126.0000001
 10
421.22125570199177
 20
126.0000001
 10
425.21175633913685
 20
126.0000001
 10
429.1313670906904
 20
126.0000001
 10
432.96294849613207
 20
126.0000001
 10
436.689746024874
 20
126.0000001
 10
440.29546333956034
 20
126.0000001
 10
443.7643335558037
 20
126.0000001
 10
447.0811881867594
 20
126.0000001
 10
450.2315234710586
 20
126.0000001
 10
453.2015637940666
 20
126.0000001
 10
455.97832192514073
 20
126.0000001
 10
458.54965580748535
 20
126.0000001
 10
460.90432165227674
 20
126.0000001
 10
463.0320231048912
 20
126.0000001
 10
464.92345626824346
 20
126.0000001
 10
466.57035038636184
 20
126.0000001
 10
467.9655040102995
 20
126.0000001
 10
469.1028164882385
 20
126.0000001
 10
469.9773146420877
 20
126.0000001
 10
470.58517451392555
 20
126.0000001
 10
470.9237380871949
 20
126.0000001
 10
470.99152490953304
 20
126.0000001
 10
470.7882385664135
 20
126.0000001
 10
470.314767977291
 20
126.0000001
 10
469.57318350858316
 20
126.0000001
 10
468.5667279204846
 20
126.0000001
 10
467.299802187202
 20
126.0000001
 10
465.77794625261356
 20
126.0000001
 10
464.0078148055039
 20
126.0000001
 10
461.9971481803034
 20
126.0000001
 10
459.75473851057495
 20
126.0000001
 10
457.290391283251
 20
126.0000001
 10
454.61488246173417
 20
126.0000001
 10
451.7399113653511
 20
126.0000001
 10
448.67804951120564
 20
126.0000001
 10
445.44268564213337
 20
126.0000001
 10
442.0479671811356
 20
126.0000001
 10
438.5087383682986
 20
126.0000001
 10
434.840475350708
 20
126.0000001
 10
431.05921850919606
 20
126.0000001
 10
427.1815023178368
 20
126.0000001
 10
423.2242830428986
 20
126.0000001
 10
419.2048645974055
 20
126.0000001
 10
415.14082287552867
 20
126.0000001
 10
411.0499288976731
 20
126.0000001
 10
406.95007110232694
 20
126.0000001
 10
402.85917712447133
 20
126.0000001
 10
398.79513540259455
 20
126.0000001
 10
394.7757169571014
 20
126.0000001
 10
390.8184976821632
 20
126.0000001
 10
386.940781490804
 20
126.0000001
 10
383.159524649292
 20
126.0000001
 10
379.49126163170143
 20
126.0000001
 10
375.95203281886444
 20
126.0000001
 10
372.5573143578667
 20
126.0000001
 10
369.32195048879436
 20
126.0000001
 10
366.2600886346489
 20
126.0000001
 10
363.38511753826583
 20
126.0000001
 10
360.709608716749
 20
126.0000001
 10
358.24526148942505
 20
126.0000001
 10
356.0028518196966
 20
126.0000001
 10
353.9921851944961
 20
126.0000001
 10
352.22205374738644
 20
126.0000001
 10
350.700197812798
 20
126.0000001
 10
349.4332720795154
 20
126.0000001
 10
348.42681649141684
 20
126.0000001
 10
347.68523202270893
 20
126.0000001
 10
347.21176143358645
 20
126.0000001
 10
347.0084750904669
 20
126.0000001
 10
347.0762619128051
 20
126.0000001
 10
347.41482548607445
 20
126.0000001
 10
348.0226853579123
 20
126.0000001
 10
348.8971835117615
 20
126.0000001
 10
350.0344959897005
 20
126.0000001
 10
351.42964961363816
 20
126.0000001
 10
353.07654373175654
 20
126.0000001
 10
354.9679768951088
 20
126.0000001
 10
357.0956783477232
 20
126.0000001
 10
359.45034419251465
 20
126.0000001
 10
362.02167807485927
 20
126.0000001
 10
364.79843620593334
 20
126.0000001
 10
367.7684765289414
 20
126.0000001
 10
370.9188118132406
 20
126.0000001
 10
374.2356664441963
 20
126.0000001
 10
377.70453666043966
 20
126.0000001
 10
381.310253975126
 20
126.0000001
 10
385.03705150386793
 20
126.0000001
 10
388.8686329093096
 20
126.0000001
 10
392.78824366086315
 20
126.0000001
 10
396.77874429800823
 20
126.0000001
 10
400.82268537679175
 20
126.0000001
 10
404.9023837718066
 20
126.0000001
 10
409.0
 20
126.0000001
  0
LWPOLYLINE
  5
497
330
17
100
AcDbEntity
  8
YZ_SIDE
100
AcDbPolyline
 90
2
 70
0
 10
409.0
 20
116.0000001
 10
409.0
 20
126.0000001
  0
LWPOLYLINE
  5
498
330
17
100
AcDbEntity
  8
YZ_SIDE
100
AcDbPolyline
 90
2
 70
0
 10
409.0
 20
346.00000009999997
 10
409.0
 20
186.0000001
  0
LWPOLYLINE
  5
499
330
17
100
AcDbEntity
  8
YZ_SIDE
100
AcDbPolyline
 90
12
 70
0
 10
409.0
 20
346.00000009999997
 10
407.7835581607249
 20
346.00000009999997
 10
406.9533280104523
 20
346.00000009999997
 10
406.7729017557679
 20
346.00000009999997
 10
407.2995634577029
 20
346.00000009999997
 10
408.36610174710677
 20
346.00000009999997
 10
409.63389825289323
 20
346.00000009999997
 10
410.7004365422971
 20
346.00000009999997
 10
411.2270982442321
 20
346.00000009999997
 10
411.0466719895477
 20
346.00000009999997
 10
410.2164418392751
 20
346.00000009999997
 10
409.0
 20
346.00000009999997
  0
LWPOLYLINE
  5
49A
330
17
100
AcDbEntity
  8
YZ_SIDE
100
AcDbPolyline
 90
12
 70
0
 10
409.0
 20
186.0000001
 10
407.7835581607249
 20
186.0000001
 10
406.9533280104523
 20
186.0000001
 10
406.7729017557679
 20
186.0000001
 10
407.2995634577029
 20
186.0000001
 10
408.36610174710677
 20
186.0000001
 10
409.63389825289323
 20
186.0000001
 10
410.7004365422971
 20
186.0000001
 10
411.2270982442321
 20
186.0000001
 10
411.0466719895477
 20
186.0000001
 10
410.2164418392751
 20
186.0000001
 10
409.0
 20
186.0000001
  0
LWPOLYLINE
  5
49B
330
17
100
AcDbEntity
  8
YZ_SIDE
100
AcDbPolyline
 90
21
 70
0
 10
409.0
 20
186.0000001
 10
409.1541333133436
 20
182.07704531360775
 10
409.6155829702431
 20
178.17827684798846
 10
410.3815039801162
 20
174.32773190720474
 10
411.4471741852423
 20
170.54915038125262
 10
412.80602337443565
 20
166.8658284817455
 10
414.44967379058164
 20
163.30047511302266
 10
416.3679917822954
 20
159.87507186420254
 10
418.54915028125265
 20
156.61073748537632
 10
420.97970171999845
 20
153.5275976834908
 10
423.6446609406726
 20
150.64466104067262
 10
426.52759758349083
 20
147.97970181999844
 10
429.61073738537635
 20
145.54915038125262
 10
432.8750717642026
 20
143.36799188229537
 10
436.30047501302266
 20
141.4496738905816
 10
439.86582838174553
 20
139.80602347443565
 10
443.54915028125265
 20
138.4471742852423
 10
447.3277318072047
 20
137.38150408011617
 10
451.17827674798843
 20
136.6155830702431
 10
455.0770452136078
 20
136.1541334133436
 10
459.0
 20
136.0000001
  0
LWPOLYLINE
  5
49C
330
17
100
AcDbEntity
  8
YZ_SIDE
100
AcDbPolyline
 90
12
 70
0
 10
459.0
 20
136.0000001
 10
459.0
 20
137.2164419392751
 10
459.0
 20
138.04667208954766
 10
459.0
 20
138.2270983442321
 10
459.0
 20
137.70043664229706
 10
459.0
 20
136.6338983528932
 10
459.0
 20
135.3661018471068
 10
459.0
 20
134.29956355770292
 10
459.0
 20
133.77290185576788
 10
459.0
 20
133.95332811045233
 10
459.0
 20
134.7835582607249
 10
459.0
 20
136.0000001
  0
LWPOLYLINE
  5
49D
330
17
100
AcDbEntity
  8
YZ_SIDE
100
AcDbPolyline
 90
2
 70
0
 10
459.0
 20
136.0000001
 10
709.0
 20
136.0000001
  0
LWPOLYLINE
  5
49E
330
17
100
AcDbEntity
  8
YZ_SIDE
100
AcDbPolyline
 90
12
 70
0
 10
709.0
 20
136.0000001
 10
709.0
 20
134.7835582607249
 10
709.0
 20
133.95332811045233
 10
709.0
 20
133.77290185576788
 10
709.0
 20
134.29956355770292
 10
709.0
 20
135.3661018471068
 10
709.0
 20
136.6338983528932
 10
709.0
 20
137.70043664229706
 10
709.0
 20
138.2270983442321
 10
709.0
 20
138.04667208954766
 10
709.0
 20
137.2164419392751
 10
709.0
 20
136.0000001
  0
DIMENSION
  5
49F
330
17
100
AcDbEntity
  8
DIMENSIONS
100
AcDbDimension
280
0
  2
*D5
  3
Standard
 10
347.0
 20
-25.0
 30
0.0
 11
528.0
 21
-25.0
 31
0.0
 70
32
 71
5
  1
<>
100
AcDbAlignedDimension
 13
347.0
 23
0.0
 33
0.0
 14
709.0
 24
0.0
 34
0.0
 50
0.0
100
AcDbRotatedDimension
1001
ACAD
1000
DSTYLE
1002
{
1070
140
1040
3.0
1070
41
1040
3.0
1070
271
1070
3
1002
}
  0
DIMENSION
  5
4AF
330
17
100
AcDbEntity
  8
DIMENSIONS
100
AcDbDimension
280
0
  2
*D6
  3
Standard
 10
322.0
 20
0.0
 30
0.0
 11
322.0
 21
232.85100004999998
 31
0.0
 70
32
 71
5
  1
<>
100
AcDbAlignedDimension
 13
347.0
 23
0.0
 33
0.0
 14
347.0
 24
465.70200009999996
 34
0.0
 50
90.0
100
AcDbRotatedDimension
1001
ACAD
1000
DSTYLE
1002
{
1070
140
1040
3.0
1070
41
1040
3.0
1070
271
1070
3
1002
}
  0
TEXT
  5
4BF
330
17
100
AcDbEntity
  8
NOTES
100
AcDbText
 10
0.0
 20
-997.7020001
 30
0.0
 40
3.0
  1
INTRFACE_PASSIVE_V3 / Poseidon Trident by Intrface / HW-CAND-3.0 / mm
100
AcDbText
  0
TEXT
  5
4C0
330
17
100
AcDbEntity
  8
NOTES
100
AcDbText
 10
0.0
 20
-1004.7020001
 30
0.0
 40
3.0
  1
NON-ADOPTED DIGITAL CANDIDATE; NO BUILD OR PRESSURE RELEASE
100
AcDbText
  0
TEXT
  5
4C1
330
17
100
AcDbEntity
  8
NOTES
100
AcDbText
 10
0.0
 20
-1011.7020001
 30
0.0
 40
3.0
  1
Three orthographic wireframe projections; sampled curves. STEP is exact. Do not scale a render.
100
AcDbText
  0
TEXT
  5
4C2
330
17
100
AcDbEntity
  8
NOTES
100
AcDbText
 10
0.0
 20
-1018.7020001
 30
0.0
 40
3.0
  1
Physical assembly only; EMPTY reserves excluded from dimensions and mass.
100
AcDbText
  0
TEXT
  5
4C3
330
17
100
AcDbEntity
  8
NOTES
100
AcDbText
 10
0.0
 20
-1025.7020001
 30
0.0
 40
3.0
  1
Dimension origins use modeled bounds; vendor BRep details keep source authority and revision conflicts.
100
AcDbText
  0
TEXT
  5
4C4
330
17
100
AcDbEntity
  8
NOTES
100
AcDbText
 10
0.0
 20
-1032.7020001
 30
0.0
 40
3.0
  1
All physical gates unperformed. Dome material is POLYCARBONATE, not acrylic.
100
AcDbText
  0
ENDSEC
  0
SECTION
  2
OBJECTS
  0
DICTIONARY
  5
A
330
0
100
AcDbDictionary
281
1
  3
ACAD_COLOR
350
B
  3
ACAD_GROUP
350
C
  3
ACAD_LAYOUT
350
D
  3
ACAD_MATERIAL
350
E
  3
ACAD_MLEADERSTYLE
350
F
  3
ACAD_MLINESTYLE
350
10
  3
ACAD_PLOTSETTINGS
350
11
  3
ACAD_PLOTSTYLENAME
350
12
  3
ACAD_SCALELIST
350
14
  3
ACAD_TABLESTYLE
350
15
  3
ACAD_VISUALSTYLE
350
16
  3
EZDXF_META
350
2D
  0
DICTIONARY
  5
B
330
A
100
AcDbDictionary
281
1
  0
DICTIONARY
  5
C
330
A
100
AcDbDictionary
281
1
  0
DICTIONARY
  5
D
330
A
100
AcDbDictionary
281
1
  3
Model
350
1A
  3
Layout1
350
1E
  0
DICTIONARY
  5
E
330
A
100
AcDbDictionary
281
1
  3
ByBlock
350
1F
  3
ByLayer
350
20
  3
Global
350
21
  0
DICTIONARY
  5
F
330
A
100
AcDbDictionary
281
1
  3
Standard
350
2C
  0
DICTIONARY
  5
10
330
A
100
AcDbDictionary
281
1
  3
Standard
350
22
  0
DICTIONARY
  5
11
330
A
100
AcDbDictionary
281
1
  0
ACDBDICTIONARYWDFLT
  5
12
330
A
100
AcDbDictionary
281
1
  3
Normal
350
13
100
AcDbDictionaryWithDefault
340
13
  0
ACDBPLACEHOLDER
  5
13
330
12
  0
DICTIONARY
  5
14
330
A
100
AcDbDictionary
281
1
  0
DICTIONARY
  5
15
330
A
100
AcDbDictionary
281
1
  0
DICTIONARY
  5
16
330
A
100
AcDbDictionary
281
1
  0
LAYOUT
  5
1A
330
D
100
AcDbPlotSettings
  1

  4
A3
  6

 40
7.5
 41
20.0
 42
7.5
 43
20.0
 44
420.0
 45
297.0
 46
0.0
 47
0.0
 48
0.0
 49
0.0
140
0.0
141
0.0
142
1.0
143
1.0
 70
1024
 72
1
 73
0
 74
5
  7

 75
16
 76
0
 77
2
 78
300
147
1.0
148
0.0
149
0.0
100
AcDbLayout
  1
Model
 70
1
 71
0
 10
0.0
 20
0.0
 11
420.0
 21
297.0
 12
0.0
 22
0.0
 32
0.0
 14
1e+20
 24
1e+20
 34
1e+20
 15
-1e+20
 25
-1e+20
 35
-1e+20
146
0.0
 13
0.0
 23
0.0
 33
0.0
 16
1.0
 26
0.0
 36
0.0
 17
0.0
 27
1.0
 37
0.0
 76
1
330
17
  0
LAYOUT
  5
1E
330
D
100
AcDbPlotSettings
  1

  4
A3
  6

 40
7.5
 41
20.0
 42
7.5
 43
20.0
 44
420.0
 45
297.0
 46
0.0
 47
0.0
 48
0.0
 49
0.0
140
0.0
141
0.0
142
1.0
143
1.0
 70
0
 72
1
 73
0
 74
5
  7

 75
16
 76
0
 77
2
 78
300
147
1.0
148
0.0
149
0.0
100
AcDbLayout
  1
Layout1
 70
1
 71
1
 10
0.0
 20
0.0
 11
420.0
 21
297.0
 12
0.0
 22
0.0
 32
0.0
 14
1e+20
 24
1e+20
 34
1e+20
 15
-1e+20
 25
-1e+20
 35
-1e+20
146
0.0
 13
0.0
 23
0.0
 33
0.0
 16
1.0
 26
0.0
 36
0.0
 17
0.0
 27
1.0
 37
0.0
 76
1
330
1B
  0
MATERIAL
  5
1F
102
{ACAD_REACTORS
330
E
102
}
330
E
100
AcDbMaterial
  1
ByBlock
  2

 70
0
 40
1.0
 71
1
 41
1.0
 91
-1023410177
 42
1.0
 72
1
  3

 73
1
 74
1
 75
1
 44
0.5
 73
0
 45
1.0
 46
1.0
 77
1
  4

 78
1
 79
1
170
1
 48
1.0
171
1
  6

172
1
173
1
174
1
140
1.0
141
1.0
175
1
  7

176
1
177
1
178
1
143
1.0
179
1
  8

270
1
271
1
272
1
145
1.0
146
1.0
273
1
  9

274
1
275
1
276
1
 42
1.0
 72
1
  3

 73
1
 74
1
 75
1
 94
63
  0
MATERIAL
  5
20
102
{ACAD_REACTORS
330
E
102
}
330
E
100
AcDbMaterial
  1
ByLayer
  2

 70
0
 40
1.0
 71
1
 41
1.0
 91
-1023410177
 42
1.0
 72
1
  3

 73
1
 74
1
 75
1
 44
0.5
 73
0
 45
1.0
 46
1.0
 77
1
  4

 78
1
 79
1
170
1
 48
1.0
171
1
  6

172
1
173
1
174
1
140
1.0
141
1.0
175
1
  7

176
1
177
1
178
1
143
1.0
179
1
  8

270
1
271
1
272
1
145
1.0
146
1.0
273
1
  9

274
1
275
1
276
1
 42
1.0
 72
1
  3

 73
1
 74
1
 75
1
 94
63
  0
MATERIAL
  5
21
102
{ACAD_REACTORS
330
E
102
}
330
E
100
AcDbMaterial
  1
Global
  2

 70
0
 40
1.0
 71
1
 41
1.0
 91
-1023410177
 42
1.0
 72
1
  3

 73
1
 74
1
 75
1
 44
0.5
 73
0
 45
1.0
 46
1.0
 77
1
  4

 78
1
 79
1
170
1
 48
1.0
171
1
  6

172
1
173
1
174
1
140
1.0
141
1.0
175
1
  7

176
1
177
1
178
1
143
1.0
179
1
  8

270
1
271
1
272
1
145
1.0
146
1.0
273
1
  9

274
1
275
1
276
1
 42
1.0
 72
1
  3

 73
1
 74
1
 75
1
 94
63
  0
MLINESTYLE
  5
22
102
{ACAD_REACTORS
330
10
102
}
330
10
100
AcDbMlineStyle
  2
Standard
 70
0
  3

 62
256
 51
90.0
 52
90.0
 71
2
 49
0.5
 62
256
  6
BYLAYER
 49
-0.5
 62
256
  6
BYLAYER
  0
MLEADERSTYLE
  5
2C
102
{ACAD_REACTORS
330
F
102
}
330
F
100
AcDbMLeaderStyle
179
2
170
2
171
1
172
0
 90
2
 40
0.0
 41
0.0
173
1
 91
-1056964608
 92
-2
290
1
 42
2.0
291
1
 43
8.0
  3
Standard
 44
4.0
300

342
29
174
1
175
1
176
0
178
1
 93
-1056964608
 45
4.0
292
0
297
0
 46
4.0
 94
-1056964608
 47
1.0
 49
1.0
140
1.0
294
1
141
0.0
177
0
142
1.0
295
0
296
0
143
3.75
271
0
272
9
273
9
  0
DICTIONARY
  5
2D
330
A
100
AcDbDictionary
280
1
281
1
  3
CREATED_BY_EZDXF
350
2E
  3
WRITTEN_BY_EZDXF
350
4C7
  0
DICTIONARYVAR
  5
2E
330
2D
100
DictionaryVariables
280
0
  1
1.4.3 @ 2026-09-27T12:27:14.544267+00:00
  0
DICTIONARYVAR
  5
4C7
330
2D
100
DictionaryVariables
280
0
  1
1.4.3 @ 2026-09-27T12:27:14.708703+00:00
  0
ENDSEC
  0
EOF
